replica,arrivals
0,32400
0,31606
0,31648
0,31780
0,32103
0,32123
0,32939
0,32961
0,33315
0,33427
0,33457
0,33837
0,33881
0,34064
0,34076
0,34421
0,34542
0,35189
0,35520
0,35800
0,36839
0,36847
0,36924
0,37176
0,37352
0,37411
0,37452
0,37624
0,37734
0,37839
0,38567
0,39132
0,39225
0,39590
0,39701
0,39782
0,39783
0,39840
0,39869
0,39912
0,39943
0,40000
0,40039
0,40198
0,40213
0,40247
0,40376
0,40458
0,40524
0,40554
0,40643
0,40702
0,40854
0,40908
0,41180
0,41191
0,41199
0,41229
0,41250
0,41325
0,41342
0,41389
0,41565
0,41924
0,41949
0,41989
0,42024
0,42056
0,42136
0,42285
0,42487
0,42629
0,42725
0,42733
0,42749
0,42763
0,42776
0,42951
0,43104
0,43162
0,43217
0,43267
0,43271
0,43295
0,43448
0,43550
0,43639
0,43673
0,43681
0,43729
0,43973
0,43977
0,44023
0,44026
0,44034
0,44048
0,44190
0,44260
0,44389
0,44529
0,44556
0,44612
0,44677
0,44763
0,44861
0,44890
0,44909
0,44983
0,45081
0,45096
0,45167
0,45430
0,45457
0,45611
0,45670
0,45695
0,45731
0,45768
0,45773
0,45837
0,45905
0,45938
0,46011
0,46014
0,46123
0,46161
0,46231
0,46332
0,46555
0,46575
0,46595
0,46614
0,46843
0,47111
0,47123
0,47288
0,47307
0,47938
0,48038
0,48179
0,48223
0,48303
0,48447
0,48591
0,48609
0,48782
0,49035
0,49066
0,49179
0,49200
0,49320
0,49446
0,49545
0,49577
0,49747
0,49815
0,49856
0,49864
0,49984
0,50056
0,50293
0,50408
0,50464
0,50731
0,50737
0,50787
0,50791
0,51016
0,51252
0,51502
0,51875
0,51908
0,52088
0,52278
0,52418
0,52424
0,52771
0,52817
0,53005
0,53575
0,53586
0,53723
0,53835
0,53941
0,54015
0,54050
0,54281
0,54296
0,54332
0,54582
0,54611
0,54635
0,54905
1,32400
1,32394
1,32884
1,33173
1,33198
1,33241
1,33475
1,33902
1,34259
1,34578
1,34691
1,34737
1,34756
1,34888
1,34994
1,35206
1,35249
1,35744
1,35931
1,36320
1,37333
1,37911
1,37936
1,37974
1,38175
1,38332
1,38498
1,38692
1,38829
1,38963
1,39152
1,39230
1,39271
1,39388
1,39395
1,39434
1,39463
1,39474
1,39554
1,39647
1,39708
1,39796
1,39873
1,40042
1,40092
1,40133
1,40155
1,40168
1,40241
1,40254
1,40312
1,40366
1,40550
1,40706
1,40728
1,40742
1,40763
1,40780
1,40784
1,40872
1,40875
1,41000
1,41085
1,41191
1,41213
1,41218
1,41246
1,41409
1,41416
1,41432
1,41449
1,41482
1,41545
1,41546
1,41552
1,41715
1,41719
1,41815
1,41816
1,41823
1,41889
1,41963
1,42098
1,42134
1,42190
1,42221
1,42239
1,42245
1,42328
1,42442
1,42458
1,42567
1,42781
1,42851
1,42859
1,42912
1,42918
1,42968
1,42971
1,43007
1,43040
1,43067
1,43098
1,43137
1,43220
1,43254
1,43416
1,43651
1,43667
1,43698
1,43699
1,43707
1,43769
1,43788
1,43860
1,43903
1,44021
1,44051
1,44054
1,44149
1,44183
1,44306
1,44362
1,44417
1,44699
1,45080
1,45108
1,45197
1,45253
1,45600
1,45664
1,45676
1,45754
1,45874
1,45936
1,46004
1,46252
1,46281
1,46581
1,46831
1,46872
1,46913
1,47495
1,47555
1,47699
1,47744
1,47908
1,48136
1,48367
1,48572
1,48630
1,48745
1,48921
1,49177
1,49186
1,49264
1,49315
1,49450
1,49735
1,49823
1,50060
1,50105
1,50364
1,50696
1,50819
1,51213
1,51319
1,51328
1,51490
1,51712
1,51796
1,52021
1,52090
1,52268
1,52405
1,52971
1,53081
1,53228
1,53236
1,53412
1,53497
1,53717
1,53827
1,53889
1,54492
1,54822
2,32400
2,31607
2,32064
2,32490
2,32599
2,32706
2,32726
2,32767
2,32947
2,32957
2,33140
2,33340
2,33341
2,33566
2,33649
2,33772
2,33780
2,33806
2,34189
2,34215
2,34238
2,34380
2,34723
2,34885
2,35201
2,35218
2,35397
2,35477
2,35611
2,35797
2,35926
2,36291
2,36303
2,36343
2,36361
2,36588
2,36669
2,36682
2,36851
2,37727
2,37854
2,38017
2,38117
2,38213
2,38296
2,38539
2,38670
2,38734
2,38789
2,39136
2,39185
2,39216
2,39325
2,39496
2,39619
2,39724
2,39793
2,39854
2,39878
2,39948
2,40110
2,40220
2,40227
2,40254
2,40393
2,40407
2,40485
2,40527
2,40680
2,40805
2,40812
2,41148
2,41257
2,41324
2,41346
2,41358
2,41535
2,41592
2,41611
2,41719
2,41743
2,41900
2,41924
2,41945
2,41998
2,42065
2,42089
2,42162
2,42182
2,42224
2,42358
2,42383
2,42496
2,42543
2,42619
2,42634
2,42722
2,42757
2,42827
2,42834
2,42840
2,42850
2,43069
2,43169
2,43332
2,43403
2,43814
2,43964
2,43991
2,44087
2,44131
2,44149
2,44325
2,44348
2,44428
2,44438
2,44698
2,44781
2,44923
2,45032
2,45293
2,45321
2,45509
2,45641
2,45808
2,45879
2,45898
2,45900
2,45901
2,46048
2,46172
2,46293
2,46433
2,46461
2,46633
2,46637
2,46644
2,46700
2,46717
2,46718
2,46801
2,46957
2,47057
2,47077
2,47138
2,47282
2,47285
2,47307
2,47360
2,47501
2,47520
2,47614
2,47784
2,47874
2,48071
2,48142
2,48754
2,48885
2,48952
2,49257
2,49267
2,49336
2,49369
2,49523
2,49821
2,49968
2,49979
2,49995
2,50251
2,50385
2,50555
2,50570
2,50609
2,50749
2,50815
2,51042
2,51379
2,51619
2,51638
2,51851
2,51942
2,51993
2,52066
2,52159
2,52262
2,52567
2,52576
2,52604
2,52673
2,52913
2,52967
2,53031
2,53075
2,53167
2,53347
2,53610
2,53647
2,53748
2,54048
2,54052
2,54164
2,54192
2,54313
2,54633
2,55121
3,32400
3,31956
3,32066
3,32367
3,32473
3,32532
3,32571
3,32917
3,33382
3,33504
3,33555
3,33961
3,34166
3,34256
3,34307
3,34371
3,34608
3,34760
3,34828
3,35092
3,35440
3,35937
3,36093
3,36205
3,36577
3,36755
3,36877
3,36901
3,36987
3,37124
3,37223
3,37537
3,38192
3,38215
3,38428
3,38583
3,38664
3,38692
3,38716
3,38903
3,39156
3,39207
3,39221
3,39243
3,39265
3,39399
3,39441
3,39508
3,39513
3,39525
3,39592
3,39814
3,39910
3,40010
3,40046
3,40158
3,40163
3,40421
3,40532
3,40583
3,40771
3,40960
3,41014
3,41019
3,41190
3,41237
3,41366
3,41374
3,41474
3,41833
3,41857
3,41858
3,41968
3,41973
3,41993
3,42074
3,42088
3,42157
3,42205
3,42290
3,42354
3,42467
3,42578
3,42618
3,42711
3,42902
3,42979
3,43000
3,43146
3,43382
3,43500
3,43772
3,43918
3,44020
3,44030
3,44046
3,44081
3,44236
3,44329
3,44361
3,44395
3,44491
3,44634
3,44665
3,44702
3,44920
3,45129
3,45284
3,45400
3,45512
3,45528
3,45598
3,45784
3,45787
3,45806
3,45928
3,45979
3,46107
3,46409
3,46455
3,46492
3,46525
3,46531
3,46642
3,46834
3,46934
3,46966
3,47313
3,47320
3,47321
3,47575
3,47896
3,47902
3,47948
3,48005
3,48086
3,48096
3,48326
3,48418
3,48430
3,49066
3,49287
3,49325
3,49474
3,49501
3,49617
3,49688
3,49867
3,49954
3,49955
3,49994
3,50316
3,50387
3,50389
3,50415
3,50575
3,50670
3,50778
3,50888
3,50970
3,50992
3,51007
3,51177
3,51256
3,51259
3,51572
3,51750
3,51795
3,51844
3,51859
3,51864
3,51891
3,51915
3,51975
3,52106
3,52194
3,52312
3,52502
3,52540
3,52573
3,52970
3,53182
3,53242
3,53256
3,53266
3,53267
3,53553
3,54254
3,54296
3,54329
3,54616
3,54634
3,54802
3,54955
3,55200
4,32400
4,31644
4,31719
4,31768
4,31793
4,31915
4,31971
4,31989
4,32003
4,32104
4,32430
4,32523
4,32545
4,32721
4,32759
4,33132
4,33797
4,33892
4,34032
4,34046
4,34071
4,34140
4,34202
4,34218
4,34573
4,34607
4,34703
4,35050
4,35331
4,35539
4,35564
4,35829
4,35898
4,35993
4,36293
4,36335
4,36342
4,36347
4,36367
4,36377
4,37065
4,37119
4,37683
4,37790
4,38076
4,38346
4,38352
4,38511
4,38694
4,39013
4,39181
4,39343
4,39370
4,39402
4,39570
4,39576
4,39597
4,39686
4,39764
4,39867
4,40057
4,40116
4,40163
4,40534
4,40618
4,40648
4,40713
4,40727
4,40774
4,40803
4,40893
4,40909
4,41132
4,41140
4,41169
4,41338
4,41359
4,41384
4,41404
4,41411
4,41506
4,41571
4,41632
4,41695
4,41701
4,41776
4,41888
4,41982
4,42038
4,42089
4,42159
4,42223
4,42363
4,42380
4,42386
4,42457
4,42661
4,42673
4,42687
4,42763
4,42841
4,42852
4,42855
4,42887
4,42936
4,43054
4,43110
4,43113
4,43179
4,43187
4,43209
4,43263
4,43340
4,43342
4,43396
4,43429
4,43586
4,43814
4,43907
4,43917
4,43931
4,44028
4,44092
4,44247
4,44322
4,44369
4,44379
4,44644
4,44737
4,44777
4,44827
4,44936
4,44974
4,45280
4,45286
4,45382
4,45449
4,45578
4,45661
4,45921
4,45962
4,46023
4,46191
4,46297
4,46347
4,46446
4,46481
4,46521
4,46610
4,46619
4,46662
4,46737
4,46781
4,46819
4,46831
4,47399
4,47564
4,47677
4,47858
4,48004
4,48011
4,48076
4,48096
4,48128
4,48671
4,48883
4,48934
4,49077
4,49171
4,49172
4,49187
4,49211
4,49275
4,49309
4,49466
4,49602
4,49640
4,49795
4,49863
4,49989
4,50147
4,50256
4,50271
4,50440
4,50501
4,50534
4,50594
4,50822
4,50885
4,50897
4,50977
4,51080
4,51084
4,51087
4,51204
4,51320
4,51514
4,52032
4,52307
4,52388
4,52499
4,52520
4,52611
4,52631
4,52738
4,52828
4,52835
4,53025
4,53028
4,53072
4,53222
4,53415
4,53494
4,53497
4,53672
4,53965
4,54012
4,54115
4,54178
4,54206
4,54222
4,54241
4,54257
4,54307
4,54322
4,54324
4,54628
4,54944
4,55171
4,55209
5,32400
5,31717
5,31950
5,32178
5,32183
5,32600
5,32663
5,32801
5,32845
5,33011
5,33148
5,33250
5,33263
5,33411
5,33436
5,33502
5,34274
5,34386
5,34435
5,34565
5,34591
5,34593
5,34646
5,34656
5,34729
5,35182
5,35441
5,35567
5,35772
5,35795
5,36056
5,36190
5,36503
5,36594
5,36809
5,37272
5,37659
5,37798
5,37806
5,38108
5,38187
5,38247
5,38266
5,38304
5,38332
5,38444
5,38905
5,39119
5,39193
5,39230
5,39379
5,39475
5,39559
5,39748
5,39800
5,39826
5,39901
5,39964
5,39978
5,40028
5,40093
5,40131
5,40250
5,40255
5,40265
5,40284
5,40451
5,40504
5,40517
5,40652
5,40801
5,40826
5,40864
5,41020
5,41030
5,41086
5,41138
5,41281
5,41364
5,41385
5,41497
5,41569
5,41572
5,41770
5,41885
5,41978
5,41990
5,42018
5,42054
5,42084
5,42169
5,42288
5,42322
5,42347
5,42452
5,42494
5,42559
5,42648
5,42678
5,42770
5,42807
5,42877
5,42945
5,42947
5,42971
5,42995
5,43083
5,43245
5,43250
5,43423
5,43434
5,43477
5,43496
5,43683
5,43828
5,43880
5,43910
5,43911
5,44006
5,44015
5,44434
5,44489
5,44496
5,44786
5,44827
5,44896
5,44964
5,45029
5,45077
5,45104
5,45121
5,45156
5,45207
5,45282
5,45363
5,45412
5,45457
5,45495
5,45530
5,45536
5,45578
5,45593
5,45631
5,46041
5,46042
5,46251
5,46263
5,46267
5,46336
5,46354
5,46441
5,46466
5,46569
5,46775
5,46839
5,46878
5,46886
5,47022
5,47273
5,47361
5,47449
5,47624
5,47625
5,47728
5,47862
5,48219
5,48419
5,48510
5,48647
5,48888
5,48925
5,49226
5,49307
5,49332
5,49405
5,49459
5,49512
5,49572
5,49898
5,49930
5,49967
5,50274
5,50382
5,50703
5,50784
5,50796
5,50822
5,50827
5,50937
5,50961
5,51108
5,51245
5,51389
5,51658
5,51843
5,51884
5,52047
5,52074
5,52245
5,52252
5,52452
5,52617
5,52622
5,52709
5,53031
5,53090
5,53136
5,53149
5,53195
5,53257
5,53886
5,54185
5,54251
5,54275
5,54276
5,54354
5,54479
5,54909
6,32400
6,31690
6,31692
6,32246
6,32452
6,32530
6,32660
6,32784
6,32790
6,32907
6,32982
6,33154
6,33286
6,33410
6,33566
6,33633
6,33895
6,34031
6,34136
6,34189
6,34558
6,34591
6,34896
6,34909
6,35300
6,35439
6,36150
6,36319
6,36383
6,36441
6,36958
6,37148
6,37304
6,37885
6,38147
6,38467
6,38508
6,38930
6,39209
6,39232
6,39245
6,39520
6,39584
6,39650
6,39711
6,39813
6,39870
6,39951
6,40003
6,40043
6,40106
6,40141
6,40285
6,40402
6,40631
6,40733
6,40747
6,40812
6,40817
6,40838
6,41010
6,41039
6,41329
6,41579
6,41598
6,41627
6,41673
6,41770
6,41853
6,41872
6,41903
6,41915
6,41962
6,42069
6,42104
6,42373
6,42595
6,42611
6,42648
6,42712
6,42839
6,42881
6,42938
6,43011
6,43327
6,43336
6,43363
6,43397
6,43436
6,43498
6,43530
6,43655
6,43664
6,43788
6,43953
6,44249
6,44278
6,44355
6,44356
6,44369
6,44480
6,44564
6,44571
6,44903
6,44975
6,45107
6,45127
6,45261
6,45417
6,45509
6,45545
6,45574
6,45841
6,45956
6,45982
6,46097
6,46208
6,46222
6,46315
6,46386
6,46388
6,46390
6,46416
6,46466
6,46485
6,46519
6,46608
6,46849
6,47076
6,47232
6,47241
6,47259
6,47527
6,47535
6,47636
6,47846
6,47918
6,47944
6,48001
6,48215
6,48264
6,48330
6,48344
6,48445
6,48460
6,48573
6,48675
6,48821
6,49268
6,49341
6,49458
6,49468
6,49524
6,49538
6,49696
6,49775
6,50016
6,50072
6,50361
6,51032
6,51197
6,51353
6,51679
6,51715
6,51778
6,51817
6,51929
6,52091
6,52214
6,52222
6,52233
6,52397
6,52662
6,52737
6,52742
6,53271
6,53279
6,53457
6,54194
6,54200
6,54206
6,54257
6,54429
6,54484
6,54987
7,32400
7,31669
7,32169
7,32188
7,32504
7,32789
7,33079
7,33388
7,33630
7,33965
7,34065
7,34455
7,34527
7,34597
7,34794
7,34929
7,35011
7,35090
7,35218
7,35414
7,35660
7,35910
7,35914
7,35933
7,36000
7,36274
7,36520
7,36762
7,36770
7,36801
7,36845
7,37080
7,37257
7,37293
7,37660
7,37667
7,37775
7,37826
7,37903
7,38070
7,38075
7,38431
7,38744
7,38898
7,39334
7,39431
7,39577
7,39822
7,39843
7,39923
7,40221
7,40409
7,40444
7,40448
7,40628
7,40649
7,40673
7,40771
7,40976
7,41005
7,41050
7,41153
7,41201
7,41275
7,41773
7,41790
7,41794
7,41841
7,41860
7,42247
7,42415
7,42554
7,42567
7,42611
7,42621
7,42648
7,42786
7,42832
7,42916
7,42923
7,43014
7,43282
7,43324
7,43359
7,43473
7,43494
7,43512
7,43564
7,43672
7,43720
7,43757
7,43812
7,43849
7,43939
7,43994
7,44028
7,44110
7,44170
7,44529
7,44572
7,44612
7,44660
7,44714
7,44783
7,44889
7,44915
7,45018
7,45141
7,45387
7,45422
7,45515
7,45594
7,45709
7,45887
7,45947
7,46216
7,46223
7,46353
7,46391
7,46439
7,46570
7,46581
7,46724
7,46780
7,46860
7,46887
7,47112
7,47114
7,47406
7,47438
7,47826
7,47862
7,48164
7,48244
7,48282
7,48414
7,48538
7,48759
7,49162
7,49176
7,49294
7,49329
7,49352
7,49547
7,49659
7,49672
7,49672
7,49969
7,50073
7,50406
7,50417
7,50488
7,50490
7,50551
7,50627
7,50630
7,50810
7,51074
7,51074
7,51181
7,51386
7,51393
7,51401
7,51432
7,51528
7,51571
7,51714
7,51764
7,51910
7,51916
7,52132
7,52149
7,52193
7,52301
7,52343
7,52424
7,52581
7,53017
7,53135
7,53484
7,53756
7,53825
7,53827
7,53858
7,53879
7,53940
7,54039
7,54265
7,54482
7,54741
7,54928
7,54943
8,32400
8,31526
8,31723
8,31730
8,32167
8,32328
8,32368
8,32508
8,32873
8,33248
8,33732
8,33746
8,34963
8,35160
8,35602
8,35698
8,36101
8,36194
8,36263
8,36416
8,37080
8,37500
8,37705
8,38060
8,38626
8,38678
8,38944
8,38973
8,38976
8,39177
8,39306
8,39307
8,39377
8,39442
8,39609
8,39722
8,39748
8,39830
8,39830
8,39917
8,39926
8,40061
8,40127
8,40131
8,40267
8,40269
8,40293
8,40374
8,40471
8,40578
8,40586
8,40604
8,40645
8,40781
8,40829
8,40858
8,40858
8,41033
8,41036
8,41119
8,41155
8,41167
8,41373
8,41412
8,41521
8,41682
8,41717
8,41718
8,41731
8,41736
8,41823
8,41921
8,42026
8,42076
8,42183
8,42225
8,42252
8,42371
8,42545
8,42674
8,42746
8,42752
8,42790
8,42803
8,42876
8,42942
8,42965
8,42974
8,43028
8,43050
8,43196
8,43305
8,43312
8,43375
8,43441
8,43665
8,43718
8,43778
8,43869
8,44029
8,44063
8,44090
8,44107
8,44122
8,44140
8,44209
8,44472
8,44553
8,44613
8,44662
8,44704
8,44726
8,44753
8,44844
8,44941
8,45091
8,45149
8,45192
8,45308
8,45384
8,45407
8,45487
8,45541
8,45629
8,45650
8,45714
8,45845
8,45971
8,45983
8,46070
8,46087
8,46112
8,46115
8,46184
8,46205
8,46211
8,46251
8,46283
8,46304
8,46311
8,46660
8,46785
8,46850
8,46936
8,47107
8,47467
8,47719
8,47831
8,47880
8,47894
8,48023
8,48175
8,48221
8,48365
8,48557
8,48771
8,48849
8,49115
8,49407
8,49630
8,49745
8,49750
8,49803
8,50073
8,50131
8,50186
8,50199
8,50200
8,50292
8,50307
8,50529
8,50606
8,50630
8,50659
8,50727
8,51305
8,51746
8,51946
8,51987
8,51998
8,52015
8,52045
8,52100
8,52420
8,52459
8,52725
8,53524
8,53587
8,54944
8,54999
8,55187
9,32400
9,31673
9,31835
9,31928
9,32692
9,32784
9,33051
9,33183
9,33476
9,33555
9,33736
9,34142
9,34339
9,34595
9,34753
9,34887
9,34938
9,35113
9,35148
9,35157
9,35176
9,35645
9,36224
9,36404
9,36771
9,36889
9,36949
9,37083
9,37248
9,37364
9,37865
9,38174
9,38189
9,38553
9,38867
9,38987
9,38989
9,38995
9,39137
9,39224
9,39445
9,39450
9,39473
9,39574
9,39582
9,39591
9,39633
9,39746
9,39769
9,39803
9,39831
9,39844
9,40003
9,40157
9,40222
9,40352
9,40425
9,40531
9,40542
9,40583
9,40590
9,40599
9,40611
9,40739
9,40782
9,40809
9,40886
9,40944
9,40951
9,41041
9,41148
9,41170
9,41188
9,41197
9,41371
9,41389
9,41458
9,41511
9,41685
9,41711
9,41739
9,41881
9,41968
9,42002
9,42071
9,42086
9,42125
9,42168
9,42207
9,42241
9,42246
9,42302
9,42672
9,42682
9,42873
9,42895
9,42973
9,43046
9,43235
9,43251
9,43280
9,43330
9,43386
9,43401
9,43700
9,43705
9,43767
9,43790
9,43867
9,43867
9,43946
9,43978
9,44201
9,44332
9,44465
9,44703
9,44772
9,44782
9,44810
9,44861
9,44879
9,45016
9,45157
9,45212
9,45218
9,45243
9,45288
9,45334
9,45419
9,45434
9,45493
9,45653
9,45771
9,45774
9,45779
9,46084
9,46167
9,46223
9,46429
9,46598
9,46627
9,46659
9,47090
9,47283
9,47330
9,47406
9,47407
9,47431
9,47463
9,47526
9,47571
9,47694
9,47834
9,47994
9,48013
9,48084
9,48096
9,48155
9,48264
9,48327
9,48423
9,48459
9,48490
9,48593
9,48776
9,48799
9,48907
9,48957
9,49203
9,49248
9,49291
9,49455
9,49734
9,49837
9,49945
9,50028
9,50106
9,50218
9,50238
9,50337
9,50362
9,50486
9,50652
9,50953
9,50979
9,51289
9,51425
9,51490
9,52063
9,52071
9,52105
9,52356
9,52378
9,52477
9,52508
9,52901
9,53222
9,53602
9,53610
9,53828
9,53873
9,53922
9,54059
9,54181
9,54188
10,32400
10,31701
10,32001
10,32060
10,32246
10,32290
10,32312
10,32406
10,32804
10,32931
10,33286
10,33340
10,33515
10,33533
10,33557
10,33665
10,33852
10,33965
10,34466
10,34482
10,34957
10,35391
10,35688
10,35791
10,35873
10,35945
10,35967
10,36039
10,36109
10,36238
10,36295
10,36322
10,36623
10,36642
10,37006
10,37050
10,37245
10,37277
10,37447
10,37545
10,37565
10,37623
10,37636
10,37820
10,37854
10,37865
10,38151
10,38451
10,38698
10,38794
10,38903
10,38932
10,39391
10,39426
10,39471
10,39526
10,39667
10,39760
10,39817
10,39832
10,39902
10,40065
10,40075
10,40204
10,40207
10,40215
10,40280
10,40296
10,40378
10,40461
10,40592
10,40628
10,40671
10,40705
10,40757
10,40819
10,40922
10,41043
10,41151
10,41180
10,41187
10,41262
10,41324
10,41391
10,41466
10,41577
10,41588
10,41637
10,41778
10,41781
10,41910
10,42055
10,42410
10,42419
10,42420
10,42422
10,42430
10,42443
10,42463
10,42477
10,42505
10,42714
10,42880
10,42880
10,42932
10,42937
10,43046
10,43324
10,43334
10,43390
10,43655
10,43661
10,43893
10,44081
10,44090
10,44090
10,44151
10,44215
10,44236
10,44355
10,44360
10,44392
10,44533
10,44555
10,44780
10,44810
10,44924
10,44973
10,45058
10,45152
10,45168
10,45298
10,45367
10,45466
10,45547
10,45604
10,45639
10,45786
10,45827
10,45864
10,45888
10,45897
10,46019
10,46052
10,46221
10,46304
10,46394
10,46415
10,46450
10,46623
10,46673
10,46748
10,46909
10,46972
10,47165
10,47208
10,47407
10,47583
10,47617
10,47906
10,47925
10,48030
10,48096
10,48501
10,48565
10,48687
10,48768
10,49014
10,49118
10,49299
10,49817
10,49832
10,50023
10,50052
10,50063
10,50203
10,50302
10,50355
10,50447
10,50659
10,50691
10,50845
10,50869
10,50915
10,51068
10,51099
10,51217
10,51227
10,51391
10,51508
10,51604
10,51736
10,51766
10,52029
10,52205
10,52279
10,52556
10,52561
10,52765
10,52850
10,52972
10,52992
10,53061
10,53687
10,53732
10,53842
10,53865
10,53913
10,55205
11,32400
11,31748
11,31789
11,31868
11,31941
11,32260
11,32285
11,32478
11,32489
11,32576
11,32703
11,33228
11,33360
11,33766
11,33802
11,34066
11,34124
11,34125
11,34805
11,34902
11,35437
11,35562
11,35670
11,35844
11,36204
11,36386
11,36433
11,36952
11,36977
11,37107
11,37291
11,37420
11,37935
11,38502
11,38559
11,39153
11,39329
11,39485
11,39529
11,39585
11,39644
11,39735
11,39773
11,39797
11,39859
11,39928
11,40177
11,40419
11,40503
11,40586
11,40622
11,40892
11,40935
11,41018
11,41068
11,41138
11,41180
11,41180
11,41242
11,41356
11,41370
11,41454
11,41468
11,41639
11,41723
11,41960
11,42211
11,42388
11,42495
11,42500
11,42521
11,42694
11,42868
11,42897
11,42901
11,42945
11,42961
11,42983
11,43030
11,43126
11,43153
11,43511
11,43531
11,43669
11,43764
11,43795
11,43839
11,43858
11,43872
11,43917
11,43946
11,43991
11,43995
11,44047
11,44278
11,44310
11,44317
11,44323
11,44565
11,44648
11,44805
11,44931
11,44957
11,45006
11,45133
11,45198
11,45281
11,45317
11,45318
11,45342
11,45383
11,45498
11,45515
11,45534
11,45599
11,45654
11,45696
11,45779
11,45944
11,46018
11,46059
11,46211
11,46374
11,46493
11,46641
11,46649
11,46651
11,46673
11,46924
11,46936
11,46946
11,47053
11,47143
11,47147
11,47205
11,47234
11,47258
11,47374
11,47949
11,47949
11,47966
11,48014
11,48047
11,48112
11,48388
11,48516
11,48807
11,48810
11,48860
11,48987
11,49013
11,49107
11,49216
11,49235
11,49388
11,49480
11,49506
11,49612
11,49698
11,49716
11,49835
11,49873
11,49940
11,49972
11,50397
11,50932
11,51125
11,51396
11,51435
11,51574
11,51576
11,51688
11,51728
11,51904
11,51932
11,52164
11,52247
11,52311
11,53412
11,53482
11,53684
11,53888
11,53924
11,53940
11,54136
11,54277
11,54308
12,32400
12,32214
12,32215
12,32427
12,32455
12,32552
12,32763
12,32819
12,33238
12,33382
12,33690
12,34004
12,34127
12,34368
12,34555
12,34614
12,34771
12,34860
12,35159
12,35219
12,35470
12,35767
12,35796
12,35898
12,35931
12,35953
12,36051
12,36186
12,36247
12,36425
12,36672
12,36783
12,36998
12,37088
12,37486
12,37825
12,38476
12,38694
12,38976
12,39014
12,39202
12,39210
12,39306
12,39450
12,39587
12,39595
12,39623
12,39704
12,39754
12,39786
12,39836
12,39884
12,39935
12,40068
12,40101
12,40196
12,40252
12,40283
12,40291
12,40417
12,40470
12,40581
12,40635
12,40656
12,40669
12,40694
12,40876
12,41138
12,41357
12,41486
12,41539
12,41699
12,41784
12,41883
12,41918
12,42043
12,42222
12,42256
12,42381
12,42419
12,42452
12,42483
12,42491
12,42633
12,42678
12,42704
12,42740
12,42758
12,42840
12,42864
12,42870
12,43000
12,43051
12,43068
12,43120
12,43159
12,43166
12,43246
12,43247
12,43270
12,43288
12,43290
12,43291
12,43353
12,43539
12,43571
12,43800
12,43812
12,43831
12,43864
12,43907
12,44163
12,44257
12,44258
12,44271
12,44426
12,44590
12,44683
12,44898
12,44924
12,44931
12,44966
12,44969
12,45091
12,45283
12,45449
12,45451
12,45542
12,45686
12,45967
12,45975
12,46059
12,46113
12,46256
12,46339
12,46441
12,46587
12,46665
12,46671
12,46682
12,46685
12,46735
12,46771
12,46857
12,47052
12,47129
12,47324
12,47635
12,47706
12,47899
12,48077
12,48159
12,48199
12,48561
12,48765
12,48982
12,49017
12,49053
12,49173
12,49305
12,49345
12,49431
12,49433
12,49567
12,49966
12,50084
12,50170
12,50306
12,50327
12,50422
12,50573
12,51063
12,51116
12,51237
12,51302
12,51302
12,51638
12,51675
12,51710
12,51874
12,51886
12,51944
12,51955
12,51989
12,52175
12,52307
12,52571
12,52578
12,52596
12,52780
12,52814
12,52831
12,52843
12,52881
12,53007
12,53021
12,53145
12,53437
12,53580
12,53748
12,53927
12,54009
12,54151
12,54610
13,32400
13,32047
13,32131
13,32180
13,32188
13,32318
13,32328
13,32395
13,32649
13,32974
13,33020
13,33037
13,33106
13,33197
13,33225
13,33245
13,33529
13,33974
13,34025
13,34311
13,34508
13,34516
13,34614
13,34934
13,35102
13,35325
13,35586
13,35600
13,35752
13,35774
13,36706
13,36930
13,37003
13,37113
13,37203
13,37434
13,37481
13,37585
13,37878
13,38298
13,38624
13,38663
13,38702
13,38935
13,39224
13,39232
13,39269
13,39429
13,39514
13,39547
13,39741
13,39786
13,39849
13,39994
13,40046
13,40089
13,40217
13,40222
13,40255
13,40429
13,40549
13,40617
13,40927
13,41040
13,41085
13,41119
13,41399
13,41422
13,41536
13,41585
13,41643
13,41873
13,41883
13,41982
13,42060
13,42070
13,42116
13,42189
13,42207
13,42256
13,42260
13,42264
13,42287
13,42461
13,42501
13,42555
13,42609
13,42721
13,42809
13,42902
13,43044
13,43089
13,43184
13,43289
13,43309
13,43327
13,43377
13,43464
13,43495
13,43625
13,43641
13,43698
13,43859
13,43868
13,43963
13,44071
13,44098
13,44129
13,44167
13,44183
13,44278
13,44309
13,44326
13,44377
13,44397
13,44402
13,44424
13,44450
13,44620
13,44672
13,44766
13,44834
13,44855
13,44954
13,45049
13,45119
13,45261
13,45300
13,45364
13,45463
13,45496
13,45594
13,45731
13,45747
13,45948
13,45974
13,46047
13,46106
13,46133
13,46238
13,46297
13,46424
13,46578
13,46682
13,46690
13,46692
13,46739
13,46747
13,46815
13,47484
13,47570
13,47712
13,47726
13,47771
13,47783
13,47788
13,47838
13,47984
13,48097
13,48097
13,48162
13,48203
13,48210
13,48253
13,48370
13,48441
13,48562
13,48705
13,48779
13,48947
13,49039
13,49383
13,49420
13,49636
13,49746
13,49786
13,49843
13,49884
13,50061
13,50293
13,50344
13,50357
13,50402
13,50407
13,50449
13,50500
13,50547
13,50549
13,50554
13,50700
13,50787
13,51007
13,51057
13,51231
13,51382
13,51428
13,51663
13,52017
13,52039
13,52127
13,52138
13,52226
13,52277
13,52308
13,52425
13,52476
13,52648
13,52733
13,52802
13,52863
13,52935
13,53128
13,53135
13,53189
13,53335
13,53456
13,53525
13,53593
13,53647
13,53856
13,53931
13,53966
13,54123
13,54243
13,54307
13,54964
14,32400
14,31650
14,31790
14,32038
14,32258
14,32314
14,32706
14,33300
14,33743
14,33832
14,34346
14,34518
14,34841
14,34863
14,35000
14,35219
14,35346
14,35506
14,35787
14,35819
14,36023
14,36083
14,36395
14,36912
14,36917
14,37273
14,37312
14,37655
14,37795
14,38282
14,38480
14,38654
14,38742
14,38800
14,38807
14,38817
14,39086
14,39276
14,39380
14,39469
14,39628
14,39660
14,39704
14,39765
14,39816
14,39950
14,39966
14,40039
14,40122
14,40213
14,40256
14,40259
14,40455
14,40605
14,40606
14,40624
14,40673
14,40709
14,40771
14,40811
14,40897
14,40907
14,41215
14,41296
14,41419
14,41421
14,41476
14,41595
14,41655
14,41937
14,42002
14,42035
14,42124
14,42152
14,42196
14,42209
14,42225
14,42310
14,42515
14,42529
14,42691
14,42740
14,42780
14,43071
14,43133
14,43140
14,43149
14,43212
14,43320
14,43322
14,43361
14,43699
14,43791
14,43970
14,43988
14,44019
14,44275
14,44300
14,44372
14,44395
14,44421
14,44529
14,44859
14,44884
14,44922
14,44963
14,44973
14,45078
14,45132
14,45409
14,45560
14,45665
14,45697
14,45754
14,45764
14,46079
14,46112
14,46114
14,46209
14,46238
14,46360
14,46516
14,46579
14,46659
14,46825
14,46833
14,47280
14,47376
14,47412
14,47554
14,47560
14,47628
14,48031
14,48255
14,48612
14,48837
14,48966
14,49028
14,49039
14,49294
14,49481
14,49526
14,49652
14,49864
14,50011
14,50366
14,50405
14,50420
14,50728
14,50887
14,50909
14,50927
14,51197
14,51212
14,51668
14,51876
14,52007
14,52140
14,52234
14,52272
14,52481
14,52785
14,53053
14,53214
14,53308
14,53354
14,53452
14,53507
14,53512
14,53518
14,53691
14,53802
14,54197
14,54223
14,54277
14,54411
14,54417
14,54862
14,54891
14,54901
14,55047
15,32400
15,31744
15,31923
15,32062
15,32226
15,32546
15,32740
15,32756
15,32822
15,32826
15,32961
15,33081
15,33541
15,34218
15,34254
15,34310
15,34907
15,34929
15,35006
15,35122
15,35224
15,35379
15,35393
15,35628
15,35729
15,35971
15,35971
15,36134
15,36188
15,36331
15,36334
15,36617
15,37091
15,37107
15,37445
15,37713
15,38155
15,38653
15,38812
15,39298
15,39359
15,39446
15,39634
15,39674
15,40015
15,40060
15,40119
15,40293
15,40315
15,40316
15,40347
15,40461
15,40509
15,40755
15,41287
15,41487
15,41513
15,41524
15,41591
15,41614
15,41729
15,41889
15,41921
15,42013
15,42062
15,42201
15,42235
15,42266
15,42458
15,42581
15,42743
15,42851
15,42865
15,42915
15,43094
15,43132
15,43147
15,43159
15,43207
15,43243
15,43359
15,43386
15,43393
15,43422
15,43441
15,43480
15,43590
15,43642
15,43742
15,43760
15,43763
15,43808
15,44244
15,44372
15,44621
15,44691
15,44697
15,44716
15,44738
15,44773
15,44798
15,44815
15,44949
15,45036
15,45407
15,45443
15,45495
15,45518
15,45531
15,45622
15,45634
15,45672
15,45685
15,45784
15,45801
15,45805
15,45870
15,45966
15,45975
15,46029
15,46104
15,46122
15,46241
15,46250
15,46487
15,46554
15,46605
15,46651
15,46718
15,46909
15,47064
15,47219
15,47223
15,47410
15,47487
15,47536
15,47608
15,47783
15,48109
15,48271
15,48550
15,48682
15,48753
15,48754
15,48900
15,49347
15,49531
15,49634
15,49892
15,49896
15,49938
15,50197
15,50276
15,50463
15,50516
15,50556
15,50655
15,50919
15,50982
15,51084
15,51258
15,51291
15,51396
15,51566
15,51792
15,51862
15,51914
15,52429
15,52835
15,52848
15,52865
15,52985
15,53087
15,53107
15,53122
15,53164
15,53193
15,53271
15,53374
15,53605
15,53658
15,53891
15,53905
15,54311
15,54540
15,55258
16,32400
16,31755
16,31959
16,32028
16,32030
16,32344
16,32461
16,32565
16,32774
16,33020
16,33046
16,33387
16,33444
16,33677
16,33694
16,33721
16,34109
16,34462
16,34479
16,34626
16,34710
16,34882
16,35023
16,35440
16,35660
16,35776
16,35972
16,36184
16,36385
16,36591
16,36998
16,37147
16,37673
16,37678
16,38260
16,38367
16,38499
16,38621
16,38785
16,38823
16,39024
16,39053
16,39077
16,39248
16,39283
16,39305
16,39503
16,39528
16,39538
16,39565
16,39772
16,39811
16,39855
16,39871
16,39881
16,39931
16,39956
16,40187
16,40219
16,40255
16,40316
16,40322
16,40478
16,40524
16,40675
16,40722
16,40724
16,40728
16,40734
16,40855
16,40930
16,40953
16,41140
16,41142
16,41148
16,41187
16,41389
16,41436
16,41479
16,41490
16,41510
16,41551
16,41559
16,41638
16,41746
16,41787
16,42044
16,42079
16,42103
16,42159
16,42168
16,42315
16,42540
16,42609
16,42713
16,42729
16,42750
16,42895
16,42912
16,43079
16,43094
16,43135
16,43281
16,43550
16,43882
16,43915
16,44089
16,44115
16,44129
16,44192
16,44222
16,44428
16,44517
16,44616
16,44631
16,44647
16,44761
16,45021
16,45056
16,45166
16,45224
16,45268
16,45310
16,45317
16,45492
16,45559
16,45619
16,45634
16,45645
16,45661
16,45894
16,46022
16,46161
16,46174
16,46214
16,46301
16,46356
16,46420
16,46637
16,46661
16,46985
16,46989
16,47096
16,47227
16,47656
16,47871
16,48022
16,48238
16,48243
16,48411
16,48475
16,48564
16,48636
16,48650
16,48799
16,48844
16,49081
16,49097
16,49099
16,49102
16,49110
16,49277
16,49425
16,49465
16,49675
16,49755
16,49937
16,50015
16,50223
16,50263
16,50321
16,50409
16,50455
16,50699
16,50907
16,51128
16,51148
16,51397
16,51433
16,51459
16,51587
16,51658
16,51689
16,51711
16,52117
16,52167
16,52190
16,52310
16,52407
16,52470
16,52520
16,52546
16,52602
16,52700
16,52759
16,52819
16,52964
16,53247
16,53317
16,53413
16,53427
16,53770
16,53844
16,53933
16,53967
16,53996
16,54089
16,54254
16,54353
16,54704
17,32400
17,31676
17,31775
17,31823
17,31883
17,31909
17,32537
17,32708
17,32727
17,32818
17,33216
17,33305
17,33462
17,33493
17,33503
17,33823
17,33831
17,34034
17,34222
17,34241
17,34284
17,34388
17,34681
17,34691
17,35090
17,35121
17,35270
17,35403
17,35620
17,35815
17,36049
17,36208
17,36824
17,36985
17,37084
17,37426
17,37712
17,37720
17,38075
17,38084
17,38592
17,38729
17,38899
17,39101
17,39243
17,39329
17,39345
17,39374
17,39525
17,39531
17,39583
17,39860
17,40009
17,40070
17,40170
17,40249
17,40253
17,40295
17,40299
17,40373
17,40492
17,40648
17,40800
17,40841
17,40977
17,41205
17,41330
17,41452
17,41539
17,41541
17,41649
17,41668
17,41701
17,41765
17,41785
17,41944
17,41955
17,42049
17,42246
17,42402
17,42427
17,42458
17,42517
17,42568
17,42667
17,42697
17,42744
17,42798
17,42865
17,42939
17,42966
17,42992
17,43058
17,43070
17,43072
17,43231
17,43410
17,43447
17,43490
17,43563
17,43626
17,43689
17,43723
17,43774
17,43840
17,43932
17,44011
17,44113
17,44204
17,44216
17,44291
17,44347
17,44358
17,44374
17,44431
17,44472
17,44735
17,44736
17,44791
17,44811
17,44967
17,45016
17,45195
17,45200
17,45210
17,45222
17,45349
17,45364
17,45441
17,45574
17,45621
17,45692
17,45714
17,45835
17,45958
17,46010
17,46126
17,46138
17,46148
17,46177
17,46221
17,46297
17,46301
17,46324
17,46390
17,46418
17,46428
17,46557
17,46731
17,46790
17,46911
17,46912
17,47061
17,47411
17,47487
17,47610
17,47617
17,47617
17,47658
17,47947
17,47990
17,48358
17,48418
17,48498
17,48642
17,48728
17,48745
17,48873
17,48906
17,48912
17,49001
17,49094
17,49110
17,49572
17,49576
17,49715
17,50008
17,50060
17,50111
17,50125
17,50160
17,50261
17,50394
17,50587
17,50691
17,50765
17,50907
17,51093
17,51351
17,51675
17,51866
17,51963
17,52018
17,52080
17,52547
17,52569
17,52862
17,53048
17,53098
17,53406
17,53452
17,53469
17,53571
17,53626
17,53639
17,53893
17,54074
17,54179
17,54261
17,54584
18,32400
18,31697
18,31861
18,32304
18,32368
18,32783
18,32971
18,33305
18,33335
18,33563
18,34026
18,34042
18,34901
18,35217
18,35513
18,36056
18,36158
18,36164
18,36546
18,36566
18,36582
18,36964
18,36966
18,37536
18,37675
18,38003
18,38305
18,38414
18,38629
18,38692
18,38701
18,38920
18,39051
18,39555
18,39620
18,39717
18,39774
18,40141
18,40148
18,40216
18,40371
18,40416
18,40507
18,40510
18,40583
18,40676
18,40762
18,40783
18,40863
18,40870
18,40904
18,40952
18,41030
18,41113
18,41245
18,41263
18,41290
18,41506
18,41510
18,41561
18,41874
18,41906
18,41907
18,41973
18,42125
18,42273
18,42274
18,42387
18,42407
18,42431
18,42448
18,42505
18,42559
18,42711
18,42787
18,42807
18,42916
18,43034
18,43245
18,43272
18,43404
18,43417
18,43700
18,43912
18,44021
18,44034
18,44227
18,44258
18,44420
18,44451
18,44464
18,44470
18,44499
18,44605
18,44615
18,44678
18,44711
18,44968
18,45006
18,45073
18,45557
18,45651
18,45896
18,45897
18,45929
18,46040
18,46230
18,46286
18,46597
18,46910
18,46911
18,47010
18,47440
18,47452
18,47509
18,47559
18,47703
18,47713
18,47781
18,48233
18,48346
18,48448
18,48623
18,48683
18,48726
18,48842
18,48854
18,49143
18,49393
18,49462
18,49468
18,49931
18,49986
18,50030
18,50034
18,50068
18,50110
18,50146
18,50193
18,50679
18,50736
18,50980
18,51273
18,51474
18,51571
18,51585
18,51767
18,51866
18,51979
18,52177
18,52218
18,52288
18,52340
18,52349
18,52491
18,52536
18,52596
18,52721
18,52744
18,52759
18,53005
18,53123
18,53133
18,53183
18,53282
18,53298
18,53340
18,53372
18,53541
18,53864
18,54007
18,54134
18,54901
19,32400
19,31959
19,31964
19,31971
19,32369
19,32457
19,32778
19,33129
19,33330
19,33658
19,34433
19,34444
19,34626
19,35224
19,35340
19,35551
19,36030
19,36386
19,36508
19,36626
19,36664
19,37034
19,37454
19,37521
19,37541
19,37730
19,37945
19,38156
19,38306
19,38337
19,38362
19,38409
19,38743
19,39152
19,39163
19,39182
19,39235
19,39426
19,39482
19,39512
19,39687
19,39702
19,39708
19,39715
19,39720
19,39742
19,39848
19,39943
19,39947
19,40096
19,40176
19,40310
19,40360
19,40388
19,40473
19,40648
19,40939
19,41023
19,41146
19,41262
19,41287
19,41365
19,41418
19,41420
19,41420
19,41796
19,41825
19,41928
19,41976
19,42054
19,42054
19,42082
19,42134
19,42327
19,42331
19,42346
19,42372
19,42374
19,42376
19,42378
19,42471
19,42472
19,42477
19,42507
19,42558
19,42620
19,42646
19,42676
19,42677
19,42910
19,42938
19,42945
19,42953
19,42985
19,43153
19,43168
19,43192
19,43230
19,43299
19,43353
19,43466
19,43561
19,43661
19,43671
19,43676
19,43834
19,44054
19,44070
19,44225
19,44229
19,44322
19,44382
19,44404
19,44579
19,44712
19,44791
19,44798
19,45013
19,45249
19,45389
19,45403
19,45454
19,45506
19,45515
19,45537
19,45598
19,45634
19,45735
19,45961
19,46070
19,46184
19,46233
19,46321
19,46440
19,46467
19,46584
19,46606
19,46677
19,46689
19,46739
19,46749
19,46808
19,46950
19,46989
19,47103
19,47144
19,47257
19,47262
19,47283
19,47451
19,47551
19,47955
19,47958
19,48197
19,48198
19,48217
19,48391
19,48473
19,49388
19,49441
19,49645
19,49689
19,49960
19,50099
19,50256
19,50369
19,50499
19,50506
19,50599
19,50629
19,50654
19,50725
19,50816
19,50911
19,51234
19,51355
19,51499
19,51501
19,51752
19,51872
19,51990
19,52149
19,52314
19,52332
19,52449
19,53082
19,53100
19,53673
19,53730
19,53813
19,53864
19,53987
19,54114
19,54187
19,54195
19,54306
19,54321
19,54571
19,54634
19,54733
19,54905
20,32400
20,31667
20,32302
20,32369
20,32599
20,32745
20,32919
20,33119
20,33233
20,33328
20,33853
20,33925
20,34123
20,34468
20,34740
20,34844
20,34961
20,35049
20,35064
20,35136
20,35323
20,35737
20,35771
20,35791
20,35897
20,36059
20,36145
20,36516
20,36619
20,36943
20,37012
20,37049
20,37196
20,37300
20,37569
20,37672
20,37964
20,38142
20,38176
20,38241
20,38580
20,38655
20,38797
20,39280
20,39369
20,39407
20,39849
20,39863
20,39909
20,39968
20,40000
20,40078
20,40113
20,40187
20,40275
20,40323
20,40379
20,40422
20,40545
20,40597
20,40684
20,40917
20,40931
20,40957
20,41027
20,41039
20,41116
20,41247
20,41248
20,41282
20,41440
20,41530
20,41562
20,41707
20,41793
20,41873
20,42005
20,42038
20,42103
20,42154
20,42187
20,42249
20,42266
20,42300
20,42460
20,42492
20,42513
20,42581
20,42632
20,42650
20,42755
20,42800
20,42998
20,43195
20,43198
20,43385
20,43527
20,43572
20,43579
20,43582
20,43593
20,43614
20,43656
20,43709
20,43842
20,43856
20,43895
20,43906
20,43948
20,44114
20,44152
20,44246
20,44275
20,44368
20,44429
20,44518
20,44527
20,44615
20,44647
20,44690
20,44770
20,44771
20,44825
20,44889
20,45023
20,45115
20,45212
20,45244
20,45337
20,45343
20,45452
20,45478
20,45483
20,45604
20,45690
20,45718
20,45850
20,46063
20,46112
20,46187
20,46272
20,46274
20,46359
20,46477
20,46483
20,46607
20,46622
20,46640
20,46712
20,46827
20,46837
20,46925
20,46952
20,47055
20,47205
20,47336
20,47454
20,47516
20,47621
20,47781
20,47900
20,48208
20,48271
20,48460
20,48636
20,48862
20,48891
20,49119
20,49184
20,49341
20,49460
20,49546
20,49980
20,50040
20,50244
20,50266
20,50469
20,50618
20,50793
20,50810
20,50875
20,51049
20,51157
20,51207
20,51443
20,51680
20,51699
20,51987
20,52022
20,52187
20,52219
20,52459
20,52501
20,52693
20,52750
20,52757
20,52885
20,53086
20,53790
20,53795
20,53827
20,54091
20,54230
20,54259
20,54477
20,54740
20,55091
21,32400
21,31531
21,31973
21,31988
21,32179
21,32316
21,32331
21,32621
21,33421
21,33483
21,33539
21,33570
21,33685
21,33910
21,33942
21,33958
21,34142
21,34301
21,34371
21,34534
21,34621
21,34623
21,34666
21,35142
21,35587
21,35863
21,36068
21,36287
21,36330
21,36654
21,37029
21,37326
21,37354
21,37484
21,37665
21,38059
21,38208
21,38280
21,38627
21,39509
21,39579
21,39582
21,39615
21,39683
21,39763
21,39781
21,39930
21,40081
21,40362
21,40371
21,40381
21,40454
21,40498
21,40549
21,40579
21,40729
21,40739
21,40749
21,40759
21,40867
21,40976
21,40987
21,41022
21,41131
21,41211
21,41266
21,41316
21,41382
21,41402
21,41414
21,41419
21,41431
21,41434
21,41542
21,41557
21,41831
21,41949
21,42273
21,42286
21,42543
21,42567
21,42579
21,42695
21,42768
21,42794
21,42826
21,42972
21,42979
21,43042
21,43147
21,43195
21,43288
21,43288
21,43358
21,43397
21,43517
21,43609
21,43619
21,43679
21,43709
21,43724
21,43730
21,43773
21,43817
21,43821
21,43883
21,43930
21,43972
21,44031
21,44160
21,44184
21,44219
21,44270
21,44272
21,44308
21,44369
21,44383
21,44430
21,44478
21,44500
21,44625
21,44652
21,44895
21,45062
21,45070
21,45143
21,45200
21,45254
21,45263
21,45494
21,45629
21,45629
21,45657
21,45752
21,45776
21,45801
21,45809
21,45826
21,45952
21,46089
21,46119
21,46234
21,46240
21,46474
21,46497
21,46502
21,46513
21,46612
21,46770
21,47089
21,47114
21,47360
21,47431
21,47601
21,47609
21,47828
21,47869
21,47893
21,47921
21,48179
21,48188
21,48338
21,48618
21,48715
21,48832
21,48832
21,48896
21,49103
21,49252
21,49360
21,49503
21,49724
21,49822
21,49865
21,49893
21,49940
21,50062
21,50274
21,50451
21,50645
21,50907
21,51191
21,52177
21,52241
21,52264
21,52344
21,52517
21,52533
21,52549
21,52651
21,52767
21,52843
21,53055
21,53173
21,53212
21,53220
21,53336
21,53422
21,53601
21,53603
21,53670
21,53706
21,53926
21,54119
21,54120
21,54485
21,54935
22,32400
22,31624
22,31769
22,31772
22,31795
22,32090
22,32170
22,32247
22,32443
22,32464
22,32505
22,32510
22,32917
22,33381
22,33416
22,33620
22,33931
22,34014
22,34307
22,35454
22,36182
22,36237
22,36256
22,36952
22,37016
22,37159
22,37183
22,37948
22,38623
22,38671
22,38869
22,39361
22,39440
22,39539
22,39652
22,39670
22,39750
22,39861
22,39875
22,39899
22,39922
22,40065
22,40068
22,40118
22,40138
22,40171
22,40178
22,40235
22,40363
22,40430
22,40581
22,40689
22,40780
22,40998
22,41046
22,41080
22,41219
22,41286
22,41345
22,41357
22,41366
22,41403
22,41434
22,41442
22,41473
22,41560
22,41588
22,41598
22,41978
22,41980
22,42057
22,42114
22,42157
22,42199
22,42206
22,42252
22,42253
22,42387
22,42518
22,42523
22,42831
22,42835
22,42982
22,43006
22,43022
22,43062
22,43114
22,43127
22,43177
22,43201
22,43311
22,43365
22,43476
22,43787
22,43814
22,43938
22,43952
22,44017
22,44097
22,44329
22,44701
22,44839
22,44855
22,44871
22,45081
22,45161
22,45352
22,45417
22,45449
22,45480
22,45548
22,45569
22,45657
22,45658
22,45743
22,45833
22,45872
22,46004
22,46018
22,46050
22,46147
22,46236
22,46399
22,46401
22,46434
22,46656
22,46689
22,46820
22,46829
22,46855
22,46899
22,46974
22,47255
22,47285
22,47292
22,47437
22,47511
22,47594
22,47784
22,47823
22,47845
22,48164
22,48295
22,48354
22,48356
22,48664
22,49016
22,49127
22,49186
22,49197
22,49297
22,49833
22,50018
22,50346
22,50456
22,50456
22,50805
22,50869
22,50974
22,51055
22,51340
22,51357
22,51370
22,51381
22,51409
22,51458
22,51502
22,51751
22,51827
22,51931
22,52216
22,52386
22,52474
22,52564
22,52707
22,53109
22,53141
22,53186
22,53406
22,53449
22,53483
22,53937
22,54080
22,54106
22,54124
22,54312
22,54927
22,55224
23,32400
23,31623
23,31826
23,31920
23,31937
23,31940
23,32117
23,32312
23,32608
23,32713
23,32892
23,33048
23,33221
23,33909
23,34538
23,34822
23,35602
23,35716
23,35796
23,35904
23,36437
23,37147
23,37325
23,37411
23,37434
23,37587
23,37729
23,37742
23,37925
23,38233
23,38264
23,38386
23,38577
23,38777
23,39095
23,39447
23,39738
23,39811
23,39829
23,39902
23,39912
23,39965
23,40089
23,40125
23,40178
23,40182
23,40212
23,40219
23,40227
23,40236
23,40243
23,40757
23,40827
23,40890
23,40960
23,41034
23,41195
23,41257
23,41275
23,41356
23,41426
23,41552
23,41620
23,41625
23,41782
23,41864
23,41877
23,41960
23,41965
23,42057
23,42058
23,42080
23,42137
23,42160
23,42182
23,42304
23,42358
23,42381
23,42463
23,42548
23,42590
23,42628
23,42726
23,42747
23,42793
23,42876
23,43000
23,43136
23,43399
23,43415
23,43534
23,43578
23,43649
23,43650
23,43691
23,43797
23,43887
23,44019
23,44156
23,44171
23,44532
23,44546
23,44564
23,44714
23,44716
23,44744
23,44774
23,44847
23,44918
23,44943
23,44960
23,45086
23,45123
23,45422
23,45429
23,45589
23,45605
23,45723
23,46011
23,46078
23,46142
23,46218
23,46403
23,46602
23,46707
23,46781
23,46781
23,46922
23,47064
23,47163
23,47199
23,47427
23,47484
23,47538
23,47676
23,47741
23,47938
23,47951
23,48192
23,48305
23,48339
23,48467
23,49314
23,49592
23,49662
23,49673
23,49688
23,49764
23,50066
23,50181
23,50201
23,50388
23,50471
23,50730
23,50771
23,50799
23,50925
23,51177
23,51694
23,51714
23,51734
23,51841
23,51904
23,51976
23,52095
23,52228
23,52308
23,52472
23,52791
23,52803
23,52895
23,52991
23,53079
23,53206
23,53245
23,53484
23,53712
23,53841
23,54076
23,54132
23,54135
23,54502
23,55210
24,32400
24,31662
24,31766
24,32093
24,32128
24,32617
24,32783
24,32905
24,32947
24,33259
24,33423
24,33594
24,34028
24,34191
24,34610
24,34759
24,35142
24,35163
24,35199
24,35301
24,35811
24,35821
24,35898
24,36006
24,36009
24,36308
24,36453
24,36536
24,36674
24,36682
24,37093
24,37711
24,37856
24,37987
24,38183
24,38244
24,38919
24,39040
24,39299
24,39637
24,39677
24,39944
24,40044
24,40085
24,40089
24,40127
24,40179
24,40264
24,40345
24,40399
24,40453
24,40497
24,40580
24,40802
24,40914
24,40974
24,41036
24,41080
24,41101
24,41110
24,41151
24,41174
24,41206
24,41258
24,41646
24,41687
24,41968
24,42224
24,42242
24,42308
24,42338
24,42388
24,42399
24,42404
24,42457
24,42500
24,42501
24,42543
24,42567
24,42643
24,42652
24,42748
24,42798
24,42976
24,43052
24,43099
24,43157
24,43186
24,43305
24,43584
24,43587
24,43609
24,43652
24,43669
24,43749
24,43784
24,44017
24,44061
24,44245
24,44252
24,44262
24,44590
24,44590
24,45221
24,45297
24,45450
24,45643
24,45693
24,45718
24,45728
24,45735
24,45819
24,45877
24,45947
24,46019
24,46209
24,46294
24,46353
24,46458
24,46652
24,46675
24,46698
24,46707
24,46913
24,46952
24,46974
24,47022
24,47188
24,47267
24,47369
24,47373
24,47437
24,47678
24,47704
24,47827
24,47933
24,48267
24,48292
24,48382
24,48579
24,48612
24,48647
24,48795
24,48820
24,48845
24,48972
24,49194
24,49213
24,49289
24,49406
24,49607
24,49624
24,49655
24,49917
24,50035
24,50079
24,50329
24,50352
24,50458
24,50530
24,50616
24,50681
24,50760
24,50780
24,50841
24,50863
24,51115
24,51179
24,51304
24,51359
24,51561
24,51643
24,51779
24,51877
24,52347
24,52352
24,52717
24,52926
24,53092
24,53128
24,53133
24,53246
24,53703
24,53771
24,53825
24,54262
24,54263
24,54264
24,54266
24,54301
24,54423
24,54446
24,54487
24,54801
24,54946
25,32400
25,31722
25,31728
25,31831
25,32302
25,32346
25,32821
25,33103
25,33141
25,33412
25,33520
25,33561
25,33664
25,33696
25,33739
25,33752
25,34049
25,34133
25,34168
25,34373
25,34508
25,34648
25,34684
25,34695
25,34841
25,34997
25,35685
25,35776
25,35911
25,35923
25,35942
25,36268
25,36269
25,36483
25,36920
25,37281
25,37421
25,37456
25,37512
25,37604
25,37604
25,37653
25,37731
25,37732
25,37845
25,37924
25,37974
25,38118
25,38474
25,38481
25,38556
25,38584
25,38876
25,39162
25,39299
25,39367
25,39440
25,39495
25,39614
25,39770
25,39781
25,40103
25,40167
25,40242
25,40296
25,40306
25,40317
25,40389
25,40702
25,40784
25,40805
25,40866
25,40949
25,40968
25,41020
25,41212
25,41305
25,41543
25,41661
25,41853
25,41887
25,42069
25,42074
25,42096
25,42123
25,42224
25,42230
25,42357
25,42449
25,42475
25,42817
25,42876
25,43084
25,43329
25,43429
25,43452
25,43466
25,43628
25,43831
25,43957
25,44000
25,44086
25,44111
25,44201
25,44400
25,44462
25,44631
25,44685
25,44789
25,44831
25,44842
25,45123
25,45146
25,45155
25,45190
25,45323
25,45352
25,45371
25,45402
25,45489
25,45529
25,45552
25,45556
25,45631
25,45737
25,45754
25,45829
25,45902
25,45906
25,45921
25,45950
25,46057
25,46183
25,46228
25,46272
25,46486
25,46517
25,46565
25,46721
25,47101
25,47166
25,47198
25,47319
25,47373
25,47975
25,48077
25,48446
25,48543
25,48677
25,48960
25,49211
25,49277
25,49461
25,49517
25,49751
25,49772
25,49837
25,50149
25,50157
25,50375
25,50636
25,50749
25,50815
25,51130
25,51434
25,51879
25,52290
25,52499
25,52568
25,52858
25,52921
25,53130
25,53190
25,53606
25,53902
25,54004
25,54128
25,54681
25,54843
25,54996
26,32400
26,31591
26,31875
26,32072
26,32391
26,32395
26,32584
26,33680
26,33763
26,33797
26,33933
26,34069
26,34341
26,34994
26,35074
26,35211
26,35255
26,35457
26,35554
26,35701
26,35837
26,35844
26,35921
26,36197
26,36410
26,36644
26,36714
26,37106
26,37281
26,37460
26,37487
26,37692
26,37733
26,37963
26,38114
26,38156
26,38212
26,38238
26,38652
26,38653
26,38748
26,38806
26,38808
26,38820
26,39206
26,39318
26,39465
26,39515
26,39533
26,39722
26,39832
26,39956
26,40039
26,40046
26,40109
26,40267
26,40317
26,40321
26,40567
26,40675
26,40685
26,40695
26,40735
26,40778
26,40851
26,40865
26,40914
26,40928
26,40933
26,40942
26,40989
26,41008
26,41022
26,41071
26,41102
26,41242
26,41322
26,41327
26,41370
26,41383
26,41391
26,41423
26,41445
26,41651
26,41759
26,41874
26,41875
26,41983
26,42070
26,42075
26,42089
26,42117
26,42120
26,42163
26,42192
26,42322
26,42327
26,42397
26,42459
26,42507
26,42512
26,42608
26,42631
26,42732
26,42734
26,42738
26,42804
26,42806
26,42873
26,42903
26,42940
26,42945
26,42964
26,42975
26,43389
26,43399
26,43440
26,43518
26,43606
26,43627
26,43669
26,43766
26,43812
26,43812
26,43986
26,44003
26,44026
26,44063
26,44078
26,44157
26,44295
26,44316
26,44343
26,44367
26,44518
26,44578
26,44588
26,44644
26,44669
26,44903
26,44906
26,45037
26,45070
26,45219
26,45305
26,45508
26,45571
26,45674
26,45768
26,45787
26,45914
26,46016
26,46047
26,46052
26,46259
26,46281
26,46329
26,46390
26,46659
26,46739
26,46846
26,46922
26,46966
26,47014
26,47037
26,47039
26,47298
26,47552
26,47740
26,47815
26,47985
26,47985
26,48001
26,48059
26,48088
26,48107
26,48113
26,48177
26,48316
26,48373
26,48439
26,48550
26,48555
26,48558
26,48582
26,48660
26,48686
26,48823
26,49107
26,49170
26,49197
26,49216
26,49228
26,49449
26,49658
26,49664
26,49715
26,49804
26,49878
26,49894
26,49907
26,50043
26,50045
26,50268
26,50311
26,50348
26,50401
26,50559
26,50664
26,50979
26,51139
26,51279
26,51331
26,51527
26,51532
26,51588
26,51743
26,51961
26,52244
26,52466
26,52648
26,52731
26,52732
26,53215
26,53326
26,53350
26,53402
26,53477
26,53507
26,53742
26,54026
26,54038
26,54272
26,54527
26,54571
26,54822
26,54922
26,55057
27,32400
27,31512
27,31754
27,32079
27,32305
27,32745
27,33331
27,33632
27,33652
27,33833
27,33855
27,34573
27,34642
27,34810
27,34819
27,34894
27,34945
27,35081
27,35091
27,35149
27,35331
27,35679
27,35891
27,35902
27,36204
27,36206
27,36392
27,36934
27,37006
27,37050
27,37683
27,37748
27,38009
27,38048
27,38131
27,38225
27,38244
27,38414
27,38416
27,38426
27,38714
27,38832
27,39146
27,39154
27,39163
27,39210
27,39386
27,39524
27,39998
27,40033
27,40081
27,40084
27,40271
27,40478
27,40480
27,40508
27,40538
27,40652
27,40960
27,41107
27,41163
27,41195
27,41384
27,41425
27,41506
27,41594
27,41836
27,41850
27,41890
27,42061
27,42194
27,42242
27,42269
27,42417
27,42448
27,42458
27,42550
27,42574
27,42576
27,42716
27,42810
27,42906
27,42993
27,43137
27,43195
27,43282
27,43293
27,43344
27,43515
27,43547
27,43671
27,43672
27,43738
27,43974
27,44047
27,44078
27,44239
27,44292
27,44323
27,44341
27,44345
27,44360
27,44403
27,44542
27,44782
27,44803
27,44982
27,45007
27,45124
27,45171
27,45197
27,45268
27,45278
27,45338
27,45394
27,45454
27,45547
27,45747
27,45918
27,45980
27,45998
27,46034
27,46101
27,46130
27,46176
27,46303
27,46309
27,46367
27,46436
27,46550
27,47510
27,47605
27,47777
27,47837
27,47866
27,47894
27,47895
27,47899
27,47901
27,48014
27,48046
27,48349
27,48455
27,48510
27,48597
27,48600
27,48648
27,48716
27,48817
27,48820
27,49200
27,49224
27,49318
27,49729
27,49756
27,49945
27,49998
27,50068
27,50402
27,50486
27,50509
27,50762
27,50829
27,50865
27,50985
27,51083
27,51123
27,51138
27,51194
27,51368
27,51628
27,51637
27,51665
27,51827
27,51950
27,51962
27,51975
27,52167
27,52211
27,52533
27,52549
27,52643
27,52655
27,52720
27,52793
27,52819
27,52866
27,53291
27,53566
27,53572
27,53608
27,53662
27,53799
27,53821
27,53831
27,54296
27,54413
27,54964
27,55230
28,32400
28,32105
28,32293
28,32327
28,32350
28,32377
28,32848
28,33123
28,33127
28,33148
28,33276
28,33681
28,33925
28,34001
28,34109
28,34433
28,34520
28,34569
28,35161
28,35511
28,35626
28,35804
28,35983
28,36029
28,36202
28,36309
28,36348
28,36554
28,36734
28,37064
28,37116
28,37328
28,37523
28,37568
28,37582
28,37638
28,37784
28,37792
28,38083
28,38165
28,38407
28,38725
28,38891
28,38928
28,38987
28,39365
28,39590
28,39697
28,39810
28,39953
28,39994
28,40022
28,40036
28,40070
28,40089
28,40112
28,40186
28,40198
28,40378
28,40472
28,40490
28,40617
28,40693
28,40897
28,40899
28,40972
28,40999
28,41179
28,41189
28,41312
28,41368
28,41380
28,41428
28,41429
28,41449
28,41620
28,42019
28,42063
28,42110
28,42459
28,42673
28,42716
28,42832
28,42978
28,43121
28,43124
28,43128
28,43205
28,43224
28,43278
28,43308
28,43370
28,43372
28,43385
28,43412
28,43450
28,43513
28,43622
28,43756
28,43779
28,43885
28,43981
28,44023
28,44028
28,44238
28,44301
28,44402
28,44430
28,44533
28,44552
28,44593
28,44624
28,44667
28,44809
28,44823
28,44896
28,45024
28,45050
28,45072
28,45181
28,45217
28,45267
28,45348
28,45353
28,45518
28,45537
28,45626
28,45811
28,46041
28,46119
28,46210
28,46251
28,46445
28,46474
28,46574
28,46879
28,46939
28,46969
28,47235
28,47277
28,47581
28,47631
28,47712
28,47786
28,48018
28,48052
28,48060
28,48264
28,48440
28,48464
28,49146
28,49146
28,49537
28,49590
28,49692
28,49708
28,49914
28,50077
28,50096
28,50169
28,50339
28,50574
28,50989
28,51253
28,51460
28,51759
28,51808
28,52036
28,52361
28,52363
28,52451
28,52464
28,52560
28,52612
28,52623
28,52641
28,52753
28,52870
28,53003
28,53019
28,53024
28,53329
28,53448
28,53503
28,53551
28,53648
28,53825
28,53946
28,53954
28,54048
28,54054
28,54255
28,54314
28,54354
28,54607
28,54701
29,32400
29,31813
29,32182
29,32395
29,32569
29,32809
29,33113
29,33142
29,33158
29,33274
29,33404
29,33430
29,33685
29,33698
29,33817
29,33839
29,34038
29,34268
29,34584
29,34952
29,35176
29,35181
29,35221
29,35286
29,35352
29,35420
29,35433
29,35632
29,36006
29,36306
29,36605
29,36781
29,37033
29,37056
29,37068
29,37070
29,37108
29,37205
29,37291
29,37454
29,37563
29,37676
29,37684
29,37781
29,37811
29,37840
29,38069
29,38100
29,38500
29,38784
29,38872
29,39005
29,39193
29,39200
29,39222
29,39279
29,39425
29,39542
29,39549
29,39568
29,39715
29,39717
29,39718
29,39861
29,40062
29,40106
29,40260
29,40316
29,40635
29,40770
29,40925
29,40927
29,41051
29,41164
29,41181
29,41221
29,41359
29,41492
29,41526
29,41529
29,41591
29,41592
29,41615
29,41628
29,41653
29,41758
29,41908
29,42058
29,42064
29,42128
29,42137
29,42193
29,42254
29,42263
29,42334
29,42352
29,42372
29,42429
29,42609
29,42615
29,42646
29,42676
29,42700
29,42707
29,42788
29,42818
29,42846
29,42848
29,42892
29,42905
29,42915
29,42943
29,43013
29,43018
29,43059
29,43091
29,43111
29,43396
29,43429
29,43456
29,43508
29,43578
29,43664
29,43670
29,43695
29,43729
29,43782
29,43845
29,43972
29,44089
29,44401
29,44621
29,44645
29,44647
29,44738
29,44769
29,44811
29,44897
29,44898
29,44988
29,45078
29,45083
29,45129
29,45264
29,45290
29,45293
29,45372
29,45447
29,45483
29,45663
29,45680
29,45744
29,45856
29,45953
29,45994
29,45994
29,46081
29,46158
29,46175
29,46377
29,46428
29,46444
29,46490
29,46517
29,46620
29,46628
29,46647
29,46651
29,46699
29,46861
29,47004
29,47107
29,47147
29,47479
29,47665
29,47740
29,47744
29,47779
29,47802
29,47905
29,47958
29,48139
29,48668
29,48709
29,48719
29,48738
29,48960
29,49038
29,49087
29,49173
29,49327
29,49373
29,49391
29,49488
29,49557
29,49652
29,49681
29,49778
29,49816
29,49825
29,49844
29,49969
29,50072
29,50197
29,50231
29,50248
29,50256
29,50337
29,50388
29,50629
29,50911
29,50970
29,51037
29,51066
29,51351
29,51445
29,51483
29,51495
29,51777
29,51890
29,51909
29,51996
29,52008
29,52009
29,52190
29,52803
29,53008
29,53068
29,53118
29,53146
29,53192
29,53355
29,53426
29,53430
29,53518
29,53619
29,53735
29,53854
29,53856
29,53857
29,54025
29,54042
29,54239
29,54285
29,54319
29,54885
29,55170
30,32400
30,31509
30,31713
30,31746
30,31817
30,32026
30,32145
30,32148
30,32267
30,32414
30,32423
30,32880
30,33016
30,33114
30,33239
30,33313
30,33321
30,33697
30,33846
30,34428
30,34543
30,34755
30,35325
30,35353
30,35357
30,35459
30,35653
30,35671
30,35735
30,35786
30,35847
30,35937
30,35983
30,36000
30,36106
30,36557
30,36744
30,37059
30,37111
30,37125
30,37181
30,37233
30,37830
30,37855
30,38172
30,38211
30,38350
30,38466
30,38673
30,38703
30,38742
30,38779
30,38788
30,39179
30,39195
30,39230
30,39251
30,39439
30,39516
30,39600
30,39659
30,39693
30,39730
30,39781
30,39890
30,39891
30,40042
30,40183
30,40217
30,40556
30,40738
30,40776
30,40909
30,40971
30,41011
30,41125
30,41137
30,41321
30,41331
30,41367
30,41398
30,41487
30,41549
30,41673
30,41768
30,41831
30,41902
30,41972
30,41992
30,42002
30,42043
30,42045
30,42162
30,42214
30,42299
30,42339
30,42358
30,42363
30,42393
30,42467
30,42471
30,42533
30,42627
30,42697
30,42763
30,42778
30,42816
30,42830
30,42852
30,42992
30,43126
30,43224
30,43357
30,43365
30,43422
30,43427
30,43446
30,43801
30,43890
30,44063
30,44167
30,44259
30,44295
30,44308
30,44317
30,44591
30,44652
30,44725
30,44818
30,44857
30,44934
30,44948
30,44952
30,45342
30,45529
30,45586
30,45870
30,46030
30,46090
30,46156
30,46225
30,46231
30,46244
30,46367
30,46481
30,46588
30,46756
30,46830
30,46859
30,46894
30,46942
30,47003
30,47046
30,47069
30,47074
30,47114
30,47165
30,47208
30,47555
30,47710
30,47745
30,48353
30,48414
30,48636
30,48972
30,49005
30,49262
30,49502
30,49512
30,49724
30,49858
30,49988
30,50064
30,50409
30,50418
30,50563
30,50609
30,50720
30,50780
30,50850
30,50893
30,50956
30,51111
30,51124
30,51281
30,51291
30,51405
30,51456
30,51544
30,51697
30,51711
30,51818
30,51896
30,51936
30,52053
30,52071
30,52224
30,52388
30,52726
30,52809
30,52853
30,52976
30,53063
30,53201
30,53294
30,53377
30,53442
30,53472
30,53553
30,53662
30,53898
30,53922
30,54038
30,54038
30,54408
30,55057
31,32400
31,31570
31,31649
31,31948
31,31989
31,32222
31,32247
31,32496
31,32855
31,32897
31,32966
31,33124
31,33448
31,33525
31,33594
31,33752
31,33850
31,33901
31,34242
31,34289
31,34362
31,34576
31,34671
31,35277
31,35337
31,35418
31,35483
31,35535
31,35709
31,35822
31,36212
31,36573
31,36938
31,36955
31,36984
31,37243
31,37337
31,37582
31,37828
31,38236
31,38240
31,38413
31,38494
31,38695
31,39165
31,39235
31,39257
31,39258
31,39295
31,39305
31,39327
31,39338
31,39414
31,39512
31,39625
31,39631
31,39700
31,39934
31,39958
31,40059
31,40146
31,40338
31,40394
31,40534
31,40581
31,40631
31,40634
31,40737
31,40746
31,40772
31,40800
31,40819
31,40838
31,40972
31,41002
31,41149
31,41162
31,41202
31,41295
31,41297
31,41341
31,41348
31,41469
31,41492
31,41542
31,41735
31,41850
31,41900
31,41966
31,41967
31,42060
31,42123
31,42130
31,42151
31,42219
31,42301
31,42321
31,42334
31,42385
31,42507
31,42796
31,42836
31,42907
31,42992
31,43010
31,43090
31,43329
31,43436
31,43440
31,43470
31,43608
31,43782
31,43797
31,43886
31,43950
31,44073
31,44237
31,44245
31,44284
31,44341
31,44410
31,44429
31,44450
31,44454
31,44683
31,44714
31,44715
31,44723
31,44758
31,44978
31,44980
31,45133
31,45179
31,45181
31,45221
31,45245
31,45281
31,45405
31,45495
31,45549
31,45567
31,45573
31,45675
31,45779
31,45803
31,45878
31,45906
31,45916
31,45949
31,45998
31,46003
31,46194
31,46545
31,46597
31,46626
31,46820
31,46827
31,46835
31,46894
31,46937
31,47251
31,47349
31,47781
31,47790
31,47817
31,47842
31,48127
31,48329
31,48534
31,48597
31,48599
31,48675
31,48765
31,49152
31,49329
31,49415
31,49453
31,49700
31,49899
31,50004
31,50190
31,50298
31,50307
31,50490
31,50531
31,50564
31,50781
31,50868
31,50894
31,50964
31,51148
31,51156
31,51364
31,51394
31,51406
31,51466
31,51726
31,51824
31,51854
31,52157
31,52706
31,52805
31,52946
31,53078
31,53198
31,53261
31,53359
31,53449
31,53546
31,53566
31,53581
31,53711
31,53713
31,53753
31,53982
31,53989
31,54050
31,54133
31,54211
31,54232
32,32400
32,31503
32,31576
32,31577
32,31749
32,31761
32,32145
32,32202
32,32245
32,32426
32,32452
32,33172
32,33240
32,33592
32,33613
32,33885
32,33889
32,33921
32,33946
32,34196
32,34297
32,34388
32,34500
32,34534
32,34641
32,35135
32,35156
32,35582
32,35990
32,36089
32,36215
32,36277
32,36521
32,36968
32,36972
32,37016
32,37408
32,37941
32,38401
32,38569
32,38632
32,39173
32,39360
32,39568
32,39668
32,39737
32,39850
32,39918
32,39962
32,39998
32,40084
32,40138
32,40157
32,40299
32,40472
32,40493
32,40761
32,40883
32,40919
32,40921
32,40951
32,41143
32,41297
32,41305
32,41341
32,41554
32,41567
32,41653
32,41669
32,41711
32,41718
32,41756
32,41821
32,41926
32,42013
32,42028
32,42076
32,42170
32,42306
32,42354
32,42382
32,42404
32,42732
32,42756
32,42870
32,42951
32,43119
32,43161
32,43186
32,43192
32,43202
32,43356
32,43377
32,43415
32,43463
32,43590
32,43594
32,43670
32,43703
32,43776
32,43798
32,43841
32,44026
32,44034
32,44082
32,44112
32,44132
32,44219
32,44237
32,44250
32,44259
32,44333
32,44389
32,44565
32,44635
32,44717
32,44761
32,44779
32,44809
32,44835
32,45018
32,45109
32,45123
32,45353
32,45358
32,45499
32,45574
32,45590
32,45802
32,45823
32,45841
32,46011
32,46051
32,46074
32,46087
32,46161
32,46171
32,46248
32,46282
32,46312
32,46337
32,46364
32,46644
32,46720
32,46933
32,47185
32,47269
32,47273
32,47328
32,47592
32,47634
32,47644
32,47658
32,47746
32,47970
32,48064
32,48082
32,48145
32,48323
32,48398
32,48470
32,48662
32,48677
32,48751
32,48761
32,48836
32,48942
32,48990
32,49103
32,49262
32,49680
32,49721
32,49722
32,49783
32,49851
32,49911
32,50029
32,50033
32,50218
32,50265
32,50304
32,50632
32,50688
32,50712
32,50987
32,51064
32,51081
32,51131
32,51379
32,51555
32,51624
32,51637
32,51718
32,51835
32,52210
32,52245
32,52306
32,52323
32,52358
32,52387
32,52394
32,52497
32,52601
32,52649
32,52655
32,52674
32,52693
32,52783
32,52911
32,53058
32,53210
32,53430
32,53458
32,53544
32,53842
32,53920
32,54079
32,54104
32,54516
32,54917
33,32400
33,31783
33,31834
33,31939
33,32509
33,32685
33,32707
33,33057
33,33105
33,33138
33,33167
33,33325
33,33607
33,33639
33,34481
33,34856
33,35243
33,35455
33,35488
33,35539
33,35549
33,35658
33,35950
33,35956
33,36405
33,36577
33,36815
33,36846
33,36994
33,37105
33,37160
33,37704
33,37831
33,37863
33,37922
33,37950
33,38021
33,38189
33,38212
33,38526
33,38892
33,38997
33,39071
33,39151
33,39160
33,39374
33,39561
33,39607
33,39628
33,39634
33,40099
33,40172
33,40262
33,40283
33,40288
33,40290
33,40305
33,40320
33,40324
33,40384
33,40414
33,40434
33,40548
33,40565
33,40567
33,40638
33,40658
33,40667
33,40688
33,40848
33,40860
33,40899
33,41101
33,41225
33,41228
33,41237
33,41242
33,41266
33,41383
33,41452
33,41683
33,41949
33,42109
33,42116
33,42136
33,42206
33,42298
33,42318
33,42393
33,42566
33,42629
33,42705
33,42811
33,42866
33,42891
33,42898
33,42903
33,43159
33,43391
33,43450
33,43614
33,43684
33,43853
33,43859
33,43981
33,44025
33,44027
33,44046
33,44202
33,44383
33,44423
33,44505
33,44536
33,44617
33,44625
33,44644
33,44652
33,44787
33,44824
33,44844
33,44853
33,45023
33,45043
33,45217
33,45238
33,45310
33,45371
33,45403
33,45519
33,45562
33,45837
33,46152
33,46275
33,46380
33,46564
33,46602
33,46731
33,46810
33,46821
33,46860
33,46878
33,46905
33,46961
33,47096
33,47545
33,47873
33,48054
33,48132
33,48148
33,48150
33,48213
33,48362
33,48831
33,48846
33,49366
33,49374
33,49486
33,49721
33,49846
33,49850
33,49872
33,49876
33,50439
33,50440
33,50508
33,50536
33,50572
33,50749
33,50987
33,51020
33,51197
33,51201
33,51886
33,51991
33,52162
33,52369
33,52397
33,52448
33,52494
33,52649
33,53160
33,53261
33,53531
33,53625
33,53634
33,53691
33,53743
33,53756
33,53781
33,53788
33,53876
33,53927
33,54093
33,54282
33,54818
33,55224
34,32400
34,31510
34,31643
34,31656
34,31688
34,31801
34,31987
34,32748
34,32956
34,32973
34,33214
34,33221
34,33361
34,33697
34,33842
34,34187
34,34324
34,34327
34,34793
34,34949
34,34974
34,35430
34,35563
34,35588
34,35678
34,35729
34,35951
34,35972
34,36633
34,36682
34,36751
34,37019
34,37127
34,37185
34,37571
34,37804
34,37912
34,37973
34,38372
34,38550
34,38597
34,38904
34,39005
34,39288
34,39407
34,39616
34,39638
34,39645
34,39723
34,39800
34,39878
34,39956
34,39980
34,39981
34,40146
34,40173
34,40222
34,40269
34,40273
34,40320
34,40349
34,40424
34,40445
34,40543
34,40559
34,40777
34,40785
34,40803
34,40827
34,40853
34,40932
34,41002
34,41016
34,41026
34,41319
34,41407
34,41427
34,41708
34,41763
34,41796
34,42014
34,42056
34,42102
34,42158
34,42162
34,42183
34,42231
34,42236
34,42310
34,42394
34,42526
34,42551
34,42569
34,42604
34,42612
34,42624
34,42646
34,42760
34,42778
34,42807
34,42821
34,42846
34,42895
34,42902
34,42919
34,43267
34,43358
34,43452
34,43499
34,43569
34,43620
34,43648
34,43655
34,43658
34,43688
34,43746
34,43989
34,44162
34,44383
34,44396
34,44415
34,44426
34,44446
34,44534
34,44547
34,44660
34,44762
34,44778
34,44902
34,44961
34,44979
34,45000
34,45168
34,45231
34,45322
34,45531
34,45572
34,45676
34,45677
34,45935
34,45947
34,46151
34,46196
34,46297
34,46584
34,46704
34,46727
34,46916
34,47129
34,47459
34,47752
34,47757
34,47847
34,47861
34,48046
34,48066
34,48317
34,48531
34,48623
34,48626
34,48909
34,48909
34,48955
34,49041
34,49188
34,49280
34,49313
34,49344
34,49442
34,49452
34,49620
34,49827
34,49976
34,50204
34,50292
34,50379
34,50693
34,51016
34,51362
34,51514
34,51551
34,51680
34,51730
34,52075
34,52097
34,52127
34,52131
34,52413
34,52687
34,52708
34,52733
34,52798
34,52799
34,52816
34,53014
34,53119
34,53121
34,53245
34,53302
34,53382
34,53458
34,53569
34,53656
34,53871
34,53910
34,54103
34,54258
34,54797
34,55014
34,55126
35,32400
35,31567
35,31695
35,31879
35,31891
35,32023
35,32035
35,32173
35,32315
35,32655
35,32708
35,32716
35,32728
35,32852
35,33220
35,33287
35,33321
35,33356
35,33374
35,33426
35,33493
35,33503
35,33672
35,33707
35,33779
35,33806
35,34424
35,34572
35,34629
35,34676
35,34698
35,34960
35,35005
35,35322
35,35515
35,35586
35,35713
35,36020
35,36463
35,36548
35,36776
35,36855
35,36920
35,37127
35,37561
35,37595
35,37747
35,37858
35,38031
35,38371
35,38427
35,38978
35,39292
35,39353
35,39501
35,39683
35,39742
35,39772
35,39779
35,39793
35,39891
35,39900
35,39915
35,40087
35,40202
35,40202
35,40226
35,40233
35,40284
35,40296
35,40297
35,40325
35,40337
35,40345
35,40388
35,40407
35,40499
35,40517
35,40571
35,40685
35,40806
35,40913
35,41011
35,41066
35,41080
35,41081
35,41148
35,41246
35,41391
35,41427
35,41564
35,41604
35,41704
35,41790
35,41926
35,41933
35,41949
35,41982
35,42029
35,42044
35,42161
35,42169
35,42231
35,42251
35,42414
35,42543
35,42633
35,42665
35,42779
35,42977
35,43098
35,43169
35,43247
35,43281
35,43296
35,43302
35,43344
35,43359
35,43418
35,43418
35,43448
35,43563
35,43584
35,43609
35,43689
35,43698
35,43704
35,43767
35,43923
35,43992
35,43993
35,44014
35,44059
35,44107
35,44133
35,44156
35,44397
35,44423
35,44531
35,44606
35,44693
35,44710
35,44823
35,45001
35,45086
35,45123
35,45168
35,45170
35,45197
35,45513
35,45552
35,45673
35,45819
35,45847
35,45929
35,46065
35,46076
35,46365
35,46373
35,46635
35,46693
35,46807
35,46910
35,46933
35,47119
35,47235
35,47732
35,47769
35,48007
35,48055
35,48082
35,48179
35,48192
35,48395
35,48523
35,48526
35,48576
35,48635
35,48650
35,48665
35,48750
35,48780
35,49079
35,49092
35,49151
35,49194
35,49849
35,49937
35,50925
35,51001
35,51145
35,51183
35,51281
35,51781
35,51976
35,52063
35,52305
35,52365
35,52696
35,52700
35,52707
35,52757
35,52782
35,52924
35,53309
35,53388
35,53547
35,53609
35,53658
35,53679
35,53838
35,53994
35,54006
35,54085
35,54086
35,54285
35,54285
35,54303
35,54639
35,54771
36,32400
36,31566
36,31955
36,32027
36,32122
36,32385
36,32436
36,32787
36,32963
36,33061
36,33104
36,33435
36,33658
36,33822
36,34006
36,34019
36,34253
36,34363
36,34510
36,34647
36,34947
36,35025
36,35115
36,35731
36,35962
36,35986
36,36028
36,36048
36,36192
36,36201
36,36471
36,37082
36,37183
36,37194
36,37274
36,37674
36,37779
36,37865
36,38044
36,38366
36,38406
36,38418
36,38454
36,38534
36,38691
36,39254
36,39258
36,39540
36,39559
36,39576
36,39601
36,39681
36,39707
36,39833
36,39941
36,39968
36,40189
36,40192
36,40275
36,40280
36,40292
36,40373
36,40746
36,40798
36,40843
36,40875
36,40900
36,41037
36,41289
36,41319
36,41357
36,41507
36,41519
36,41628
36,41673
36,41707
36,41955
36,42200
36,42265
36,42301
36,42347
36,42350
36,42387
36,42396
36,42450
36,42450
36,42509
36,42572
36,42673
36,42798
36,43023
36,43076
36,43089
36,43090
36,43129
36,43232
36,43399
36,43409
36,43521
36,43548
36,43660
36,43709
36,43761
36,43801
36,43853
36,43931
36,44019
36,44032
36,44123
36,44135
36,44147
36,44175
36,44188
36,44299
36,44378
36,44573
36,44588
36,44711
36,44776
36,44936
36,45029
36,45247
36,45255
36,45260
36,45271
36,45334
36,45404
36,45440
36,45444
36,45506
36,45517
36,45533
36,45708
36,45748
36,45814
36,45900
36,46024
36,46272
36,46303
36,46340
36,46364
36,46402
36,46524
36,46736
36,46742
36,46817
36,47007
36,47505
36,47643
36,47779
36,48296
36,48501
36,48617
36,48862
36,49087
36,49239
36,49408
36,49517
36,49633
36,49645
36,49885
36,49888
36,50105
36,50283
36,50501
36,50858
36,50921
36,51048
36,51476
36,51606
36,51838
36,51857
36,52200
36,52206
36,52222
36,52250
36,52264
36,52289
36,52542
36,52552
36,52615
36,52680
36,52709
36,52896
36,53309
36,53381
36,53660
36,53688
36,53726
36,53740
36,54638
36,54663
37,32400
37,31571
37,32284
37,32317
37,32540
37,32721
37,32725
37,32762
37,33089
37,33121
37,33401
37,33469
37,33638
37,33808
37,33809
37,33884
37,33984
37,34040
37,34144
37,34156
37,34259
37,34458
37,34577
37,34652
37,34922
37,34950
37,35168
37,35458
37,35479
37,35953
37,36334
37,36604
37,36610
37,36979
37,37025
37,37153
37,37612
37,37635
37,37670
37,38423
37,38479
37,38529
37,38678
37,38907
37,38921
37,39058
37,39296
37,39435
37,39497
37,39524
37,39632
37,39927
37,39942
37,40083
37,40107
37,40127
37,40213
37,40262
37,40299
37,40562
37,40567
37,40594
37,40675
37,40819
37,40929
37,41013
37,41014
37,41056
37,41063
37,41150
37,41262
37,41465
37,41528
37,41696
37,41748
37,41768
37,41882
37,41884
37,41891
37,41936
37,42034
37,42039
37,42079
37,42257
37,42327
37,42332
37,42417
37,42595
37,42641
37,42657
37,42777
37,43101
37,43312
37,43343
37,43431
37,43452
37,43508
37,43572
37,43626
37,43627
37,43683
37,43738
37,43776
37,43879
37,43896
37,44038
37,44047
37,44060
37,44204
37,44264
37,44306
37,44397
37,44464
37,44626
37,44641
37,44647
37,44678
37,44908
37,44943
37,44959
37,45008
37,45033
37,45122
37,45215
37,45339
37,45375
37,45422
37,45483
37,45632
37,45848
37,45928
37,46080
37,46093
37,46320
37,46525
37,46755
37,46855
37,46859
37,46997
37,47118
37,47133
37,47182
37,47224
37,47302
37,47319
37,47556
37,47600
37,47646
37,47663
37,47775
37,47783
37,47929
37,48088
37,48209
37,48265
37,48547
37,48809
37,48993
37,49442
37,49723
37,49889
37,50074
37,50190
37,50390
37,50466
37,50639
37,50760
37,50888
37,50898
37,51582
37,51675
37,51703
37,51736
37,51843
37,51998
37,52226
37,52329
37,52533
37,52603
37,52822
37,52841
37,52977
37,53063
37,53184
37,53324
37,53375
37,53385
37,53416
37,53418
37,53442
37,53444
37,53775
37,53863
37,53887
37,54111
37,54127
37,54160
37,54531
37,54946
37,55188
38,32400
38,31856
38,32149
38,32991
38,33489
38,33548
38,33743
38,33758
38,34261
38,34471
38,34781
38,35101
38,35124
38,35190
38,35248
38,35253
38,35668
38,36477
38,36815
38,36946
38,37204
38,37790
38,38289
38,38330
38,38335
38,38409
38,38583
38,38701
38,38851
38,39071
38,39264
38,39341
38,39345
38,39453
38,39495
38,39541
38,39571
38,39642
38,39679
38,39718
38,39834
38,40050
38,40198
38,40223
38,40283
38,40313
38,40405
38,40438
38,40501
38,40610
38,40644
38,40672
38,40679
38,40721
38,40743
38,40759
38,40786
38,40792
38,40951
38,41066
38,41216
38,41253
38,41392
38,41423
38,41521
38,41563
38,41616
38,41687
38,41700
38,41715
38,41791
38,41840
38,41968
38,42045
38,42077
38,42078
38,42079
38,42107
38,42172
38,42201
38,42373
38,42429
38,42483
38,42559
38,42562
38,42579
38,42747
38,42750
38,42827
38,42848
38,42962
38,42994
38,43015
38,43170
38,43214
38,43253
38,43286
38,43312
38,43340
38,43344
38,43392
38,43415
38,43448
38,43473
38,43637
38,43711
38,43852
38,43882
38,43901
38,43971
38,43977
38,44023
38,44042
38,44070
38,44150
38,44295
38,44308
38,44322
38,44452
38,44582
38,44593
38,44727
38,44743
38,44796
38,44884
38,44919
38,44926
38,44964
38,45050
38,45054
38,45189
38,45294
38,45337
38,45491
38,45574
38,45631
38,45632
38,45861
38,46113
38,46254
38,46347
38,46485
38,46880
38,46899
38,47058
38,47124
38,47140
38,47342
38,47516
38,47615
38,47816
38,48222
38,48305
38,48477
38,48499
38,48511
38,48848
38,48880
38,48921
38,49187
38,49314
38,49397
38,49435
38,49493
38,49567
38,49604
38,49612
38,49661
38,49821
38,49887
38,50401
38,50423
38,50572
38,50632
38,50740
38,50770
38,50874
38,51041
38,51116
38,51250
38,51807
38,51821
38,51925
38,51942
38,52182
38,52231
38,52271
38,52410
38,52433
38,52452
38,52466
38,52578
38,52598
38,52724
38,52743
38,52948
38,53029
38,53036
38,53199
38,53250
38,53348
38,53639
38,53771
38,53808
38,53886
38,53993
38,54065
38,54247
38,55039
38,55231
39,32400
39,31734
39,32167
39,32480
39,32662
39,32807
39,32980
39,33251
39,33529
39,33971
39,34320
39,34353
39,34653
39,34826
39,34932
39,35482
39,35787
39,35801
39,36297
39,36300
39,36427
39,36512
39,36515
39,36559
39,36879
39,36941
39,37107
39,37133
39,37727
39,37835
39,38261
39,38356
39,38638
39,39242
39,39325
39,39375
39,39474
39,39608
39,39618
39,39629
39,39853
39,39891
39,39924
39,39925
39,39925
39,39928
39,40081
39,40166
39,40218
39,40416
39,40419
39,40452
39,40473
39,40588
39,40661
39,40687
39,40739
39,40839
39,40865
39,40929
39,41097
39,41191
39,41197
39,41396
39,41459
39,41507
39,41513
39,41602
39,41722
39,41977
39,42076
39,42165
39,42219
39,42229
39,42302
39,42327
39,42455
39,42524
39,42578
39,42593
39,42691
39,42691
39,42854
39,42903
39,42952
39,43177
39,43324
39,43376
39,43430
39,43553
39,43562
39,43645
39,43681
39,43723
39,43906
39,44041
39,44102
39,44195
39,44209
39,44266
39,44307
39,44323
39,44444
39,44569
39,44725
39,44845
39,44885
39,44890
39,44968
39,45180
39,45278
39,45295
39,45334
39,45373
39,45388
39,45584
39,45596
39,45682
39,45728
39,45867
39,45922
39,45977
39,46073
39,46177
39,46190
39,46259
39,46282
39,46312
39,46368
39,46392
39,46474
39,46632
39,46727
39,46737
39,46975
39,47043
39,47127
39,47135
39,47183
39,47325
39,47454
39,47615
39,47881
39,47884
39,47973
39,48108
39,48168
39,48184
39,48186
39,48251
39,48418
39,48460
39,48554
39,48792
39,48906
39,48913
39,48928
39,49017
39,49157
39,49177
39,49425
39,49467
39,49498
39,49581
39,49605
39,49731
39,49875
39,49938
39,50074
39,50080
39,50195
39,50364
39,50726
39,50798
39,50814
39,50933
39,51024
39,51285
39,51453
39,51686
39,51692
39,51726
39,52148
39,52275
39,52594
39,52645
39,52761
39,53066
39,53120
39,53330
39,53341
39,53363
39,53524
39,53572
39,53701
39,53761
39,53902
39,54009
39,54031
39,54044
39,54477
39,54906
39,54933
39,55006
40,32400
40,31659
40,31702
40,31780
40,31881
40,32085
40,32132
40,32168
40,32300
40,32336
40,32353
40,32357
40,32407
40,32796
40,32849
40,32945
40,33039
40,33048
40,33135
40,33338
40,33420
40,33655
40,33869
40,33897
40,34018
40,34026
40,34224
40,34440
40,34530
40,34565
40,34847
40,35017
40,35054
40,36051
40,36259
40,36444
40,36515
40,36700
40,36887
40,36963
40,37402
40,37504
40,37966
40,38283
40,38381
40,38479
40,38645
40,38699
40,38772
40,38992
40,39376
40,39427
40,39512
40,39557
40,39562
40,39564
40,39619
40,39643
40,39680
40,39706
40,39725
40,39801
40,39807
40,39812
40,39923
40,40039
40,40094
40,40129
40,40200
40,40215
40,40332
40,40547
40,40631
40,40649
40,40756
40,40914
40,41115
40,41119
40,41226
40,41382
40,41409
40,41446
40,41533
40,41553
40,41720
40,41795
40,41823
40,41859
40,41939
40,41968
40,42091
40,42201
40,42314
40,42412
40,42489
40,42517
40,42550
40,42552
40,42670
40,42835
40,42868
40,42915
40,42969
40,42991
40,43055
40,43068
40,43068
40,43118
40,43125
40,43185
40,43226
40,43262
40,43314
40,43315
40,43358
40,43393
40,43489
40,43537
40,43622
40,43648
40,43772
40,43833
40,43891
40,43969
40,44035
40,44069
40,44189
40,44241
40,44273
40,44334
40,44336
40,44369
40,44444
40,44452
40,44500
40,44506
40,44568
40,44605
40,44801
40,44817
40,44841
40,44929
40,44935
40,45134
40,45174
40,45178
40,45281
40,45357
40,45469
40,45653
40,45680
40,45766
40,45806
40,45835
40,45889
40,45942
40,45951
40,46137
40,46190
40,46196
40,46337
40,46348
40,46399
40,46512
40,46574
40,46605
40,46796
40,46874
40,47022
40,47393
40,47561
40,47610
40,47751
40,47759
40,47772
40,47981
40,48016
40,48050
40,48068
40,48211
40,48374
40,48390
40,48500
40,48744
40,48819
40,48856
40,48903
40,48970
40,49308
40,49540
40,49585
40,49610
40,49859
40,49871
40,50348
40,50399
40,50525
40,50534
40,50547
40,50549
40,50595
40,50840
40,51034
40,51056
40,51207
40,51354
40,51444
40,51606
40,51746
40,51755
40,52097
40,52175
40,52348
40,52696
40,52708
40,52871
40,52908
40,53267
40,53355
40,53436
40,53601
40,53655
40,53670
40,54088
40,54115
40,54266
40,54695
40,54899
41,32400
41,31705
41,31734
41,31747
41,31858
41,32180
41,32484
41,32738
41,32791
41,33248
41,33358
41,33418
41,33497
41,33602
41,33705
41,33778
41,34156
41,34182
41,34930
41,35018
41,35554
41,35837
41,35940
41,36200
41,36879
41,36913
41,37415
41,37449
41,37498
41,37547
41,38205
41,38295
41,38517
41,38548
41,38605
41,38648
41,38791
41,38965
41,39096
41,39267
41,39333
41,39344
41,39346
41,39445
41,39453
41,39520
41,39597
41,39602
41,39737
41,39742
41,39765
41,39832
41,39931
41,40028
41,40114
41,40336
41,40350
41,40364
41,40442
41,40480
41,40716
41,40722
41,40809
41,41097
41,41134
41,41145
41,41151
41,41159
41,41323
41,41340
41,41349
41,41366
41,41399
41,41487
41,41509
41,41707
41,41719
41,41730
41,41819
41,41852
41,42031
41,42033
41,42302
41,42562
41,42642
41,42664
41,42690
41,42762
41,42825
41,42842
41,43073
41,43129
41,43158
41,43174
41,43197
41,43224
41,43334
41,43340
41,43412
41,43424
41,43460
41,43465
41,43599
41,43616
41,43677
41,43697
41,43698
41,43747
41,43925
41,43954
41,43981
41,44004
41,44034
41,44079
41,44131
41,44218
41,44263
41,44379
41,44459
41,44468
41,44475
41,44720
41,44732
41,44757
41,44796
41,44802
41,44929
41,44947
41,44969
41,44985
41,45200
41,45223
41,45228
41,45482
41,45604
41,45668
41,45675
41,45678
41,45700
41,45752
41,45811
41,46070
41,46121
41,46126
41,46188
41,46201
41,46581
41,46692
41,46695
41,46785
41,46817
41,46869
41,46872
41,47012
41,47044
41,47146
41,47645
41,47709
41,47914
41,47975
41,47977
41,48065
41,48169
41,48471
41,48490
41,48504
41,48546
41,48563
41,48642
41,48762
41,49016
41,49035
41,49198
41,49344
41,49424
41,49523
41,49551
41,49595
41,49617
41,49662
41,49776
41,49978
41,50339
41,50450
41,50504
41,50522
41,50535
41,50738
41,50783
41,51017
41,51277
41,51278
41,51560
41,51593
41,51678
41,51735
41,51805
41,51836
41,52030
41,52242
41,52320
41,52338
41,52471
41,52510
41,52593
41,52644
41,52673
41,52716
41,52819
41,52912
41,52939
41,53265
41,53293
41,53484
41,53606
41,53723
41,53791
41,53905
41,54066
41,54097
41,54133
41,54305
41,54327
41,54400
41,54859
41,54870
41,54957
41,55035
41,55130
42,32400
42,31925
42,32031
42,32256
42,32321
42,32437
42,32661
42,32666
42,32785
42,33050
42,33364
42,33987
42,34643
42,34673
42,35080
42,35396
42,35806
42,35869
42,36165
42,36501
42,36596
42,36748
42,37179
42,37451
42,37485
42,37549
42,37716
42,37873
42,37899
42,38179
42,38214
42,38313
42,38568
42,38761
42,38903
42,39020
42,39259
42,39277
42,39425
42,39612
42,39618
42,39741
42,39756
42,39787
42,39955
42,40032
42,40082
42,40161
42,40200
42,40268
42,40287
42,40367
42,40380
42,40440
42,40575
42,40653
42,40705
42,40722
42,40770
42,40986
42,40991
42,41005
42,41178
42,41251
42,41334
42,41536
42,41550
42,41563
42,41588
42,41864
42,41944
42,42072
42,42171
42,42199
42,42397
42,42410
42,42435
42,42536
42,42577
42,42586
42,42713
42,42762
42,42797
42,42954
42,42974
42,43146
42,43195
42,43293
42,43400
42,43585
42,43618
42,43660
42,43667
42,43703
42,43796
42,43901
42,43939
42,43961
42,43963
42,44053
42,44109
42,44194
42,44209
42,44306
42,44324
42,44331
42,44376
42,44480
42,44528
42,44531
42,44592
42,44645
42,44647
42,44711
42,44748
42,44756
42,44771
42,44795
42,44821
42,44929
42,45103
42,45111
42,45131
42,45225
42,45239
42,45252
42,45274
42,45327
42,45458
42,45678
42,45685
42,45836
42,45898
42,46028
42,46132
42,46239
42,46306
42,46360
42,46491
42,46649
42,47022
42,47332
42,47345
42,47451
42,47569
42,47678
42,47688
42,47736
42,48026
42,48038
42,48345
42,48371
42,48876
42,49076
42,49292
42,49325
42,49472
42,49814
42,50010
42,50110
42,50114
42,50268
42,50402
42,50533
42,50568
42,50716
42,50774
42,50803
42,50928
42,50932
42,50946
42,51044
42,51401
42,51437
42,51595
42,51697
42,52073
42,52345
42,52421
42,52466
42,52565
42,52624
42,52754
42,53346
42,53369
42,53548
42,53854
42,54071
42,54523
42,55204
43,32400
43,31558
43,31967
43,32239
43,32278
43,32601
43,32727
43,33397
43,33554
43,33835
43,34888
43,35109
43,35510
43,35535
43,35656
43,36116
43,36242
43,36338
43,36405
43,36524
43,36534
43,36598
43,37083
43,37522
43,37604
43,37608
43,37789
43,37990
43,38117
43,38172
43,38182
43,38260
43,38351
43,38399
43,38782
43,38927
43,39154
43,39285
43,39435
43,39477
43,39561
43,39564
43,39603
43,39718
43,39746
43,39761
43,39769
43,39812
43,39827
43,39854
43,39983
43,40025
43,40030
43,40202
43,40226
43,40284
43,40286
43,40366
43,40378
43,40386
43,40411
43,40497
43,40545
43,40666
43,40763
43,40776
43,40941
43,40946
43,41010
43,41057
43,41348
43,41514
43,41535
43,41596
43,41655
43,41799
43,41822
43,41845
43,41922
43,42070
43,42275
43,42370
43,42382
43,42427
43,42507
43,42565
43,42572
43,42573
43,42610
43,42624
43,42782
43,42928
43,43049
43,43217
43,43324
43,43396
43,43420
43,43465
43,43477
43,43548
43,43628
43,43735
43,43841
43,43948
43,44104
43,44132
43,44181
43,44221
43,44262
43,44266
43,44306
43,44378
43,44538
43,44709
43,44711
43,44923
43,44976
43,45070
43,45127
43,45464
43,45552
43,45594
43,45594
43,45627
43,45885
43,45938
43,45994
43,46038
43,46082
43,46100
43,46118
43,46191
43,46224
43,46239
43,46259
43,46367
43,46523
43,46537
43,46613
43,46646
43,46647
43,46716
43,46725
43,47064
43,47090
43,47136
43,47232
43,47318
43,47574
43,48139
43,48155
43,48367
43,48573
43,48783
43,49070
43,49084
43,49199
43,49323
43,49372
43,49925
43,49925
43,49952
43,49999
43,50109
43,50225
43,50784
43,51003
43,51050
43,51581
43,51705
43,51719
43,51778
43,51784
43,51854
43,52087
43,52107
43,52168
43,52181
43,52349
43,52369
43,52463
43,52513
43,52910
43,53027
43,53068
43,53211
43,53254
43,53383
43,53894
43,53920
43,54634
43,54907
43,54958
44,32400
44,32012
44,32145
44,32297
44,32472
44,32560
44,32651
44,32854
44,32903
44,32996
44,33100
44,33485
44,34062
44,34224
44,34680
44,34796
44,34849
44,35570
44,35596
44,36537
44,36709
44,37313
44,37351
44,38206
44,38427
44,38454
44,38463
44,38473
44,38528
44,38763
44,38765
44,38940
44,39197
44,39564
44,39742
44,39929
44,40143
44,40206
44,40326
44,40475
44,40514
44,40674
44,40874
44,41149
44,41175
44,41180
44,41237
44,41241
44,41250
44,41270
44,41299
44,41317
44,41757
44,41771
44,41800
44,41803
44,41808
44,41840
44,41931
44,41950
44,42191
44,42203
44,42216
44,42284
44,42345
44,42391
44,42458
44,42471
44,42524
44,42543
44,42582
44,42585
44,42699
44,42780
44,42781
44,42796
44,42818
44,42934
44,43414
44,43439
44,43460
44,43485
44,43492
44,43537
44,43558
44,43742
44,43874
44,43880
44,43931
44,43943
44,44015
44,44108
44,44134
44,44170
44,44297
44,44537
44,44554
44,44641
44,44813
44,44840
44,44913
44,44982
44,45043
44,45078
44,45091
44,45095
44,45187
44,45240
44,45267
44,45271
44,45445
44,45506
44,45687
44,45801
44,45852
44,45862
44,45917
44,45962
44,46040
44,46275
44,46345
44,46445
44,46531
44,46604
44,46654
44,46708
44,46911
44,47017
44,47124
44,47134
44,47152
44,47336
44,47419
44,47462
44,47509
44,47762
44,47994
44,48132
44,48346
44,48349
44,48380
44,48404
44,48465
44,48690
44,49122
44,49129
44,49220
44,49292
44,49314
44,49420
44,49452
44,49551
44,49599
44,49611
44,49655
44,49716
44,49859
44,49881
44,49987
44,50043
44,50125
44,50186
44,50196
44,50341
44,50352
44,50441
44,50801
44,50912
44,51039
44,51167
44,51290
44,51326
44,51595
44,51648
44,51689
44,51731
44,51779
44,51873
44,52085
44,52112
44,52201
44,52721
44,52867
44,52901
44,52912
44,53008
44,53047
44,53244
44,53484
44,53511
44,53554
44,53584
44,53836
44,54202
44,54210
44,54575
45,32400
45,31576
45,31658
45,31762
45,31842
45,32016
45,32040
45,32299
45,32580
45,33129
45,33729
45,33907
45,34910
45,35091
45,35505
45,35540
45,35637
45,35944
45,36149
45,36152
45,36579
45,36706
45,36794
45,37105
45,37173
45,37561
45,37665
45,37710
45,37715
45,37868
45,38063
45,38125
45,38424
45,38725
45,38787
45,39230
45,39324
45,39343
45,39359
45,39462
45,39514
45,39545
45,39585
45,39642
45,39673
45,39729
45,39736
45,39802
45,39812
45,39871
45,39911
45,40232
45,40317
45,40334
45,40349
45,40444
45,40608
45,40625
45,40796
45,40834
45,40924
45,40953
45,41062
45,41245
45,41345
45,41348
45,41395
45,41398
45,41490
45,41594
45,41598
45,41640
45,41672
45,41727
45,41884
45,41901
45,42161
45,42223
45,42280
45,42375
45,42462
45,42578
45,42595
45,42714
45,42790
45,42799
45,42807
45,42823
45,42834
45,42891
45,43070
45,43147
45,43203
45,43206
45,43274
45,43285
45,43318
45,43450
45,43485
45,43675
45,43689
45,43752
45,43878
45,43926
45,43937
45,44126
45,44138
45,44188
45,44323
45,44434
45,44504
45,44721
45,44787
45,44828
45,44959
45,44974
45,45000
45,45010
45,45080
45,45382
45,45391
45,45440
45,45475
45,45492
45,45683
45,45875
45,45924
45,45986
45,46051
45,46082
45,46089
45,46201
45,46304
45,46408
45,46527
45,46897
45,47036
45,47116
45,47133
45,47217
45,47523
45,47634
45,47778
45,47834
45,48217
45,48397
45,48602
45,48801
45,48879
45,48953
45,49109
45,49199
45,49528
45,49855
45,49879
45,50039
45,50084
45,50173
45,50244
45,50245
45,50295
45,50453
45,50520
45,50674
45,50707
45,50792
45,50882
45,51377
45,51736
45,51774
45,51824
45,52160
45,52203
45,52223
45,52355
45,52403
45,52613
45,52877
45,52939
45,53150
45,53270
45,53378
45,53427
45,53458
45,53499
45,53549
45,53823
45,53830
45,53884
45,53976
45,54149
45,54266
45,54602
45,54938
46,32400
46,31794
46,32012
46,32113
46,32146
46,32487
46,32576
46,32986
46,33193
46,34084
46,34241
46,34344
46,34388
46,34700
46,35131
46,35663
46,35961
46,35973
46,36321
46,36526
46,36867
46,37112
46,37299
46,37655
46,38838
46,38935
46,39043
46,39239
46,39360
46,39469
46,39668
46,39676
46,39771
46,39802
46,39815
46,39846
46,39873
46,40062
46,40165
46,40288
46,40415
46,40445
46,40475
46,40588
46,40603
46,40607
46,40630
46,40657
46,40747
46,40787
46,40848
46,40921
46,41042
46,41378
46,41384
46,41403
46,41517
46,41520
46,41585
46,41603
46,41682
46,41778
46,41786
46,41813
46,41923
46,41943
46,41986
46,42046
46,42122
46,42177
46,42195
46,42206
46,42320
46,42359
46,42407
46,42484
46,42502
46,42581
46,42830
46,42838
46,42870
46,43074
46,43089
46,43158
46,43365
46,43373
46,43379
46,43474
46,43522
46,43534
46,43536
46,43543
46,43866
46,44082
46,44102
46,44140
46,44165
46,44234
46,44281
46,44401
46,44422
46,44489
46,44548
46,44645
46,44730
46,44782
46,44847
46,44882
46,44905
46,44933
46,45058
46,45091
46,45250
46,45437
46,45506
46,45605
46,45647
46,45654
46,45662
46,45700
46,45755
46,45841
46,45882
46,45931
46,45960
46,46088
46,46156
46,46196
46,46220
46,46233
46,46307
46,46346
46,46361
46,46362
46,46453
46,46556
46,46573
46,46759
46,46908
46,47083
46,47120
46,47369
46,47373
46,47593
46,47758
46,47763
46,47780
46,48093
46,48282
46,48300
46,48369
46,48526
46,48547
46,48564
46,48961
46,49082
46,49111
46,49228
46,49257
46,49468
46,49480
46,49547
46,49551
46,49621
46,49772
46,49856
46,49948
46,50004
46,50017
46,50367
46,50578
46,50766
46,50863
46,50906
46,50941
46,51064
46,51304
46,51326
46,51329
46,51512
46,51536
46,51627
46,51836
46,51934
46,52162
46,52535
46,52609
46,52699
46,52900
46,53044
46,53214
46,53629
46,53714
46,53735
46,53804
46,54008
46,54212
46,54269
46,54324
46,54542
47,32400
47,31609
47,31747
47,31814
47,31974
47,32662
47,32724
47,32937
47,32946
47,33193
47,33251
47,33310
47,33405
47,33603
47,33933
47,35025
47,35230
47,35299
47,35412
47,35871
47,36170
47,36250
47,36340
47,36836
47,36895
47,37038
47,37115
47,37130
47,37150
47,37245
47,37416
47,37481
47,37553
47,37630
47,37726
47,37747
47,38204
47,38208
47,38768
47,38973
47,39251
47,39263
47,39340
47,39342
47,39405
47,39565
47,39625
47,39632
47,39637
47,39655
47,39732
47,40005
47,40036
47,40188
47,40385
47,40405
47,40426
47,40493
47,40720
47,40770
47,40869
47,40896
47,40927
47,41036
47,41180
47,41255
47,41269
47,41462
47,41486
47,41491
47,41513
47,41582
47,41582
47,41586
47,41617
47,41711
47,41712
47,41726
47,41827
47,41924
47,41931
47,41952
47,42062
47,42096
47,42110
47,42174
47,42178
47,42273
47,42369
47,42584
47,42615
47,42622
47,42626
47,42683
47,42757
47,42796
47,42798
47,42834
47,42874
47,42899
47,42905
47,42907
47,42936
47,42946
47,42970
47,42976
47,43026
47,43065
47,43126
47,43182
47,43217
47,43247
47,43353
47,43433
47,43494
47,43556
47,43590
47,43598
47,43787
47,43890
47,43898
47,44132
47,44144
47,44148
47,44354
47,44408
47,44443
47,44476
47,44652
47,44676
47,44725
47,44766
47,45040
47,45087
47,45225
47,45235
47,45402
47,45500
47,45539
47,45672
47,45782
47,45831
47,45842
47,46044
47,46106
47,46212
47,46216
47,46288
47,46311
47,46465
47,46668
47,46887
47,47104
47,47138
47,47400
47,47504
47,47521
47,47587
47,48066
47,48103
47,48104
47,48130
47,48391
47,48401
47,48596
47,48606
47,48706
47,48921
47,48949
47,49103
47,49166
47,49222
47,49333
47,49669
47,49852
47,49934
47,50061
47,50170
47,50197
47,50389
47,50594
47,50615
47,50702
47,50810
47,50883
47,50887
47,50925
47,51063
47,51176
47,51297
47,51437
47,51527
47,51535
47,51598
47,51675
47,52292
47,52378
47,52385
47,52418
47,52421
47,52487
47,52537
47,52555
47,52634
47,52809
47,52877
47,53251
47,53632
47,53855
47,54017
47,54216
47,54518
47,54805
48,32400
48,31534
48,31858
48,32212
48,32243
48,32393
48,32420
48,32510
48,32797
48,33039
48,33042
48,33290
48,33714
48,34019
48,34546
48,34978
48,35611
48,35624
48,35646
48,35704
48,35712
48,35835
48,36031
48,36151
48,36267
48,36665
48,36734
48,36779
48,37019
48,37061
48,37110
48,37229
48,37250
48,38022
48,38065
48,38346
48,38671
48,38935
48,38997
48,39330
48,39352
48,39445
48,39642
48,39706
48,39712
48,39729
48,39840
48,39854
48,39863
48,40042
48,40066
48,40080
48,40095
48,40137
48,40247
48,40403
48,40468
48,40522
48,40687
48,40786
48,41211
48,41250
48,41379
48,41477
48,41577
48,41706
48,41717
48,41752
48,41758
48,41857
48,41971
48,41979
48,41990
48,42221
48,42286
48,42296
48,42307
48,42359
48,42362
48,42420
48,42480
48,42554
48,42639
48,42748
48,42759
48,42965
48,43045
48,43113
48,43449
48,43469
48,43570
48,43603
48,43638
48,43646
48,43657
48,43916
48,43943
48,43946
48,44024
48,44087
48,44143
48,44157
48,44157
48,44246
48,44396
48,44463
48,44700
48,44713
48,44748
48,44948
48,44985
48,44988
48,44989
48,45123
48,45186
48,45229
48,45338
48,45362
48,45375
48,45389
48,45538
48,45543
48,45602
48,45637
48,45669
48,45691
48,45796
48,45838
48,45861
48,46027
48,46065
48,46138
48,46183
48,46206
48,46207
48,46284
48,46303
48,46373
48,46505
48,46693
48,46711
48,46929
48,46942
48,47103
48,47365
48,47478
48,47510
48,47785
48,47991
48,48186
48,48309
48,48527
48,48565
48,48590
48,48592
48,48635
48,48711
48,48749
48,48887
48,49029
48,49123
48,49146
48,49429
48,49795
48,49846
48,49862
48,49889
48,49891
48,49931
48,49934
48,50044
48,50088
48,50307
48,50357
48,50705
48,50784
48,51130
48,51220
48,51368
48,51454
48,51608
48,51667
48,52210
48,52234
48,52319
48,52324
48,52584
48,52738
48,53117
48,53122
48,53292
48,53297
48,53498
48,53580
48,53690
48,53964
48,54016
48,54062
48,54134
49,32400
49,31626
49,31669
49,31844
49,32215
49,32385
49,32438
49,32628
49,32809
49,32900
49,33064
49,33210
49,33264
49,33303
49,33384
49,33697
49,33979
49,34799
49,34915
49,34981
49,35043
49,35113
49,35469
49,35480
49,35740
49,36261
49,36420
49,36509
49,36614
49,37140
49,37209
49,37285
49,37656
49,38345
49,38495
49,38600
49,38701
49,39172
49,39201
49,39295
49,39466
49,39667
49,39696
49,39710
49,39731
49,39800
49,39961
49,39977
49,40064
49,40078
49,40110
49,40128
49,40240
49,40290
49,40313
49,40339
49,40364
49,40518
49,40607
49,40627
49,40688
49,40770
49,40810
49,40840
49,40889
49,40898
49,40922
49,41054
49,41093
49,41187
49,41200
49,41320
49,41401
49,41783
49,41802
49,41829
49,41849
49,41942
49,41960
49,42202
49,42211
49,42402
49,42439
49,42526
49,42554
49,42650
49,42657
49,42721
49,42889
49,43026
49,43073
49,43187
49,43188
49,43233
49,43268
49,43296
49,43409
49,43472
49,43639
49,43927
49,44005
49,44227
49,44291
49,44538
49,44644
49,44721
49,44727
49,44740
49,44746
49,44938
49,44989
49,45080
49,45242
49,45358
49,45361
49,45367
49,45388
49,45904
49,45905
49,45968
49,45987
49,46195
49,46241
49,46270
49,46341
49,46373
49,46531
49,46609
49,46665
49,46763
49,46919
49,46951
49,46956
49,46958
49,46985
49,47093
49,47145
49,47179
49,47254
49,47302
49,47416
49,47887
49,48111
49,48206
49,48232
49,48277
49,48384
49,48413
49,48444
49,48605
49,48687
49,48890
49,49189
49,49224
49,49341
49,49433
49,49547
49,49640
49,49813
49,50118
49,50177
49,50192
49,50255
49,50338
49,50375
49,50401
49,50506
49,50519
49,50566
49,50576
49,50786
49,50841
49,50870
49,51019
49,51068
49,51114
49,51171
49,51204
49,51307
49,51426
49,51606
49,51728
49,51798
49,51903
49,52010
49,52196
49,52234
49,52546
49,52582
49,52592
49,52763
49,52827
49,52867
49,53239
49,53398
49,53420
49,53518
49,53665
49,53776
49,53900
49,54055
49,54165
49,54345
50,32400
50,31714
50,31982
50,32007
50,32092
50,32609
50,32776
50,32781
50,33098
50,33736
50,33831
50,33868
50,33918
50,34296
50,34307
50,34698
50,34803
50,34906
50,34942
50,34983
50,35339
50,35648
50,35685
50,36031
50,36139
50,36143
50,36235
50,36268
50,36654
50,36983
50,37069
50,37185
50,37244
50,37532
50,37617
50,37848
50,38139
50,38508
50,38731
50,39257
50,39300
50,39340
50,39349
50,39466
50,39482
50,39548
50,39555
50,39586
50,39751
50,39799
50,39836
50,40044
50,40103
50,40206
50,40409
50,40516
50,40682
50,40683
50,40743
50,40875
50,40925
50,40979
50,40993
50,41019
50,41132
50,41138
50,41155
50,41392
50,41498
50,41528
50,41662
50,41942
50,42014
50,42097
50,42210
50,42235
50,42279
50,42432
50,42598
50,42609
50,42824
50,42903
50,42990
50,43019
50,43171
50,43205
50,43325
50,43386
50,43397
50,43507
50,43577
50,43598
50,43722
50,43728
50,43944
50,43963
50,43991
50,44137
50,44168
50,44278
50,44311
50,44316
50,44366
50,44397
50,44432
50,44479
50,44577
50,44739
50,44764
50,44944
50,44999
50,45121
50,45172
50,45188
50,45248
50,45422
50,45436
50,45439
50,45559
50,45612
50,45689
50,45704
50,45791
50,45791
50,45861
50,45957
50,46179
50,46206
50,46221
50,46358
50,46373
50,46673
50,46722
50,46761
50,46778
50,46980
50,47153
50,47203
50,47293
50,47391
50,47407
50,47557
50,47838
50,47997
50,48016
50,48017
50,48198
50,48282
50,48531
50,48576
50,48766
50,49130
50,49229
50,49327
50,49410
50,49582
50,49830
50,49928
50,50014
50,50112
50,50131
50,50350
50,50393
50,50557
50,50630
50,50975
50,51035
50,51111
50,51851
50,51964
50,52188
50,52564
50,52662
50,53171
50,53214
50,53266
50,53785
50,53844
50,53919
50,54027
50,54122
50,54204
50,54479
50,54723
51,32400
51,32033
51,32260
51,32349
51,32407
51,32606
51,32704
51,32778
51,32798
51,33083
51,33303
51,33496
51,33989
51,34150
51,34205
51,34291
51,34505
51,34868
51,35033
51,35084
51,35413
51,35661
51,35664
51,35816
51,35852
51,36037
51,36316
51,36336
51,36732
51,37014
51,37074
51,37258
51,37266
51,37966
51,38051
51,38127
51,38145
51,38749
51,38775
51,38873
51,38951
51,39093
51,39202
51,39258
51,39434
51,39448
51,39474
51,39562
51,39577
51,39663
51,39727
51,39819
51,39839
51,39842
51,39843
51,39844
51,40094
51,40277
51,40423
51,40463
51,40691
51,40719
51,40806
51,40921
51,41134
51,41260
51,41305
51,41403
51,41495
51,41618
51,41626
51,41658
51,41668
51,41741
51,41973
51,42108
51,42225
51,42279
51,42314
51,42373
51,42389
51,42447
51,42473
51,42517
51,42525
51,42554
51,42611
51,42724
51,42737
51,42739
51,42764
51,42838
51,42849
51,42863
51,42863
51,42887
51,43122
51,43126
51,43165
51,43258
51,43264
51,43545
51,43659
51,43690
51,43780
51,43783
51,43867
51,43961
51,44013
51,44051
51,44091
51,44126
51,44141
51,44176
51,44202
51,44210
51,44236
51,44245
51,44320
51,44484
51,44624
51,44725
51,44818
51,45091
51,45215
51,45266
51,45302
51,45537
51,45605
51,45671
51,45716
51,45869
51,45895
51,45921
51,46082
51,46115
51,46232
51,46274
51,46287
51,46362
51,46516
51,46603
51,46735
51,46991
51,47122
51,47247
51,47330
51,47534
51,47607
51,47679
51,48087
51,48233
51,48355
51,48536
51,48626
51,48764
51,48768
51,48816
51,48862
51,48881
51,48900
51,48979
51,49140
51,49265
51,49465
51,49634
51,49678
51,49753
51,49850
51,49894
51,49946
51,50209
51,50217
51,50229
51,50348
51,50447
51,50735
51,50791
51,50806
51,50830
51,50918
51,50943
51,50949
51,51086
51,51225
51,51381
51,51597
51,51599
51,51695
51,51719
51,52012
51,52246
51,52400
51,52410
51,52532
51,52815
51,53175
51,53285
51,53431
51,53583
51,53607
51,53675
51,53710
51,53782
51,54105
51,54340
51,54636
51,54726
51,54919
51,55123
51,55166
52,32400
52,31576
52,31920
52,32574
52,32922
52,33004
52,33139
52,33366
52,33559
52,33690
52,34034
52,34110
52,34268
52,34362
52,34703
52,34798
52,35075
52,35265
52,35334
52,35382
52,35945
52,36138
52,36144
52,36485
52,36802
52,37337
52,37621
52,37641
52,37810
52,38506
52,38754
52,39126
52,39192
52,39332
52,39496
52,39570
52,39713
52,39831
52,39920
52,40076
52,40266
52,40526
52,40550
52,40624
52,40659
52,40723
52,40730
52,40754
52,40773
52,40897
52,40944
52,40960
52,41026
52,41041
52,41284
52,41286
52,41385
52,41400
52,41402
52,41410
52,41431
52,41472
52,41505
52,41523
52,41580
52,41582
52,41688
52,41762
52,41936
52,42006
52,42036
52,42169
52,42201
52,42320
52,42518
52,42534
52,42551
52,42590
52,42771
52,42771
52,42898
52,42933
52,42953
52,42990
52,43014
52,43037
52,43138
52,43143
52,43151
52,43209
52,43224
52,43234
52,43301
52,43372
52,43454
52,43476
52,43478
52,43538
52,43680
52,43777
52,43820
52,43843
52,43881
52,43910
52,44003
52,44036
52,44038
52,44063
52,44136
52,44299
52,44342
52,44357
52,44364
52,44419
52,44460
52,44493
52,44725
52,44761
52,44905
52,45059
52,45181
52,45199
52,45231
52,45291
52,45391
52,45395
52,45511
52,45747
52,45877
52,45974
52,46180
52,46262
52,46618
52,46727
52,46728
52,46803
52,46907
52,46929
52,47011
52,47037
52,47159
52,47209
52,47243
52,47357
52,47390
52,47461
52,47808
52,47831
52,48014
52,48142
52,48206
52,48332
52,48407
52,48486
52,48777
52,48791
52,48885
52,49103
52,49327
52,49441
52,49474
52,49536
52,49718
52,49799
52,49847
52,50044
52,50073
52,50488
52,50568
52,50675
52,50733
52,50766
52,50780
52,51049
52,51203
52,51233
52,51306
52,51325
52,51442
52,51512
52,51592
52,51659
52,51829
52,51958
52,51985
52,51997
52,52062
52,52156
52,52198
52,52289
52,52350
52,52364
52,52398
52,52669
52,52826
52,53046
52,53134
52,53328
52,53362
52,53487
52,53709
52,53775
52,53802
52,53900
52,54072
52,54235
52,54395
52,54456
52,54673
52,54741
52,54764
53,32400
53,31568
53,31700
53,31840
53,32509
53,32651
53,32698
53,32936
53,32976
53,33194
53,33312
53,33334
53,33373
53,33531
53,33557
53,33626
53,33681
53,35236
53,35610
53,35636
53,35803
53,35981
53,36039
53,36046
53,36183
53,36224
53,36590
53,36719
53,37079
53,37247
53,37247
53,37251
53,37286
53,37323
53,37508
53,37623
53,37627
53,37971
53,38301
53,38323
53,38567
53,38601
53,38621
53,38797
53,38907
53,39153
53,39161
53,39213
53,39261
53,39367
53,39375
53,39476
53,39545
53,39632
53,39666
53,39702
53,39713
53,39757
53,39795
53,39979
53,40042
53,40082
53,40128
53,40307
53,40349
53,40350
53,40515
53,40774
53,40790
53,40834
53,40968
53,41058
53,41080
53,41244
53,41254
53,41362
53,41370
53,41462
53,41547
53,41581
53,41628
53,41680
53,41772
53,41850
53,41894
53,41907
53,42026
53,42166
53,42332
53,42416
53,42450
53,42457
53,42471
53,42491
53,42493
53,42601
53,42926
53,42986
53,43106
53,43143
53,43185
53,43209
53,43276
53,43342
53,43477
53,43485
53,43539
53,43738
53,43745
53,43861
53,44068
53,44104
53,44287
53,44306
53,44322
53,44341
53,44359
53,44366
53,44470
53,44476
53,44536
53,44617
53,44629
53,44655
53,44736
53,44907
53,45086
53,45394
53,45400
53,45441
53,45482
53,45549
53,45560
53,45841
53,45880
53,45889
53,46083
53,46217
53,46383
53,46432
53,46473
53,46517
53,46527
53,46605
53,46719
53,46920
53,47200
53,47319
53,47410
53,47487
53,47614
53,47618
53,47909
53,47991
53,48062
53,48254
53,48633
53,48766
53,48813
53,48920
53,49013
53,49058
53,49146
53,49231
53,49244
53,49651
53,49688
53,49730
53,49838
53,50055
53,50064
53,50108
53,50450
53,50463
53,50515
53,50737
53,50937
53,50956
53,51026
53,51207
53,51247
53,51389
53,51422
53,51748
53,51887
53,52087
53,52252
53,52255
53,52309
53,52474
53,52674
53,53104
53,53157
53,53480
53,53687
53,53854
53,53929
53,53933
53,54266
53,54456
53,54848
53,54858
53,54941
53,54950
53,55165
54,32400
54,31564
54,31640
54,31705
54,31946
54,32110
54,32290
54,32695
54,33149
54,33709
54,33890
54,34156
54,34331
54,34443
54,34609
54,34626
54,34739
54,35188
54,35234
54,35270
54,35363
54,35443
54,35683
54,35731
54,35823
54,36099
54,36381
54,36436
54,36599
54,36739
54,36924
54,37245
54,37375
54,37808
54,37988
54,38402
54,39232
54,39237
54,39266
54,39339
54,39433
54,39538
54,39727
54,39807
54,39817
54,39989
54,40065
54,40263
54,40270
54,40440
54,40584
54,40728
54,40739
54,40866
54,41009
54,41084
54,41135
54,41194
54,41353
54,41366
54,41614
54,41798
54,42028
54,42081
54,42180
54,42234
54,42343
54,42384
54,42620
54,42745
54,42757
54,42870
54,42884
54,42951
54,43158
54,43306
54,43341
54,43412
54,43668
54,43692
54,43775
54,43815
54,44014
54,44042
54,44065
54,44200
54,44484
54,44496
54,44499
54,44531
54,44575
54,44580
54,44677
54,44694
54,44715
54,44895
54,45008
54,45037
54,45090
54,45092
54,45136
54,45236
54,45343
54,45372
54,45469
54,45484
54,45516
54,45562
54,45642
54,45854
54,45901
54,45904
54,45952
54,45957
54,45974
54,46006
54,46027
54,46049
54,46091
54,46161
54,46275
54,46287
54,46322
54,46393
54,46401
54,46453
54,46488
54,46540
54,46585
54,46632
54,46633
54,46772
54,46942
54,46975
54,47126
54,47191
54,47283
54,47382
54,47472
54,47600
54,47701
54,47738
54,47879
54,48173
54,48333
54,48366
54,48580
54,48651
54,49078
54,49278
54,49319
54,49484
54,49492
54,49742
54,49841
54,50145
54,50218
54,50272
54,50562
54,50727
54,50930
54,50952
54,51066
54,51140
54,51291
54,51512
54,51622
54,51865
54,52047
54,52054
54,52109
54,52130
54,52449
54,52516
54,52520
54,52544
54,52632
54,52727
54,52761
54,52783
54,52920
54,53195
54,53442
54,53501
54,53560
54,53632
54,53734
54,53777
54,53834
54,53905
54,54029
54,54336
54,54554
54,54554
54,54685
55,32400
55,31626
55,32133
55,32266
55,32805
55,32922
55,33003
55,33109
55,33204
55,34412
55,35305
55,35398
55,35405
55,35518
55,35760
55,36161
55,36312
55,36663
55,37298
55,37360
55,37924
55,37954
55,38686
55,39182
55,39317
55,39422
55,39477
55,39627
55,39644
55,39786
55,39920
55,39993
55,40319
55,40458
55,40526
55,40619
55,40730
55,40751
55,40763
55,40777
55,40797
55,40877
55,40903
55,40913
55,40950
55,41017
55,41020
55,41045
55,41068
55,41163
55,41183
55,41287
55,41335
55,41401
55,41410
55,41421
55,41675
55,41715
55,41719
55,41836
55,42067
55,42161
55,42327
55,42482
55,42565
55,42665
55,42710
55,42712
55,42718
55,42718
55,42792
55,42878
55,42906
55,43018
55,43029
55,43089
55,43283
55,43288
55,43362
55,43470
55,43830
55,43880
55,43890
55,43924
55,43932
55,43935
55,44002
55,44022
55,44114
55,44119
55,44202
55,44264
55,44307
55,44357
55,44421
55,44536
55,44616
55,44844
55,44890
55,44952
55,44983
55,45086
55,45161
55,45190
55,45270
55,45340
55,45374
55,45403
55,45445
55,45594
55,45619
55,45622
55,45664
55,45733
55,45734
55,45788
55,45790
55,45865
55,45889
55,46024
55,46256
55,46324
55,46348
55,46353
55,46364
55,46396
55,46449
55,46478
55,46539
55,46650
55,46732
55,46897
55,46941
55,46966
55,47084
55,47186
55,47300
55,47303
55,47513
55,47513
55,47712
55,47857
55,47940
55,48128
55,48129
55,48286
55,48310
55,48495
55,48547
55,48614
55,48648
55,48668
55,48687
55,48716
55,48801
55,48814
55,48833
55,48892
55,49035
55,49411
55,49425
55,49447
55,49697
55,49838
55,49943
55,50272
55,50293
55,50590
55,50593
55,51417
55,51577
55,51759
55,52328
55,52424
55,52431
55,52447
55,52532
55,52591
55,52608
55,52787
55,52805
55,53294
55,53350
55,53366
55,53724
55,53759
55,53788
55,54079
55,54273
55,54708
55,55060
56,32400
56,31832
56,32179
56,32201
56,32250
56,32287
56,32343
56,32445
56,32548
56,32570
56,32752
56,32809
56,32847
56,32982
56,33035
56,33283
56,33332
56,33871
56,33906
56,33968
56,34218
56,34366
56,35375
56,35387
56,35419
56,35735
56,35764
56,35828
56,35977
56,36038
56,36073
56,36289
56,36504
56,36565
56,36912
56,37057
56,37109
56,37359
56,37687
56,37711
56,37733
56,38044
56,38074
56,38431
56,38602
56,38777
56,38779
56,38780
56,38848
56,38896
56,39051
56,39161
56,39256
56,39298
56,39324
56,39449
56,39651
56,39733
56,39805
56,39810
56,39843
56,39887
56,39888
56,39951
56,39973
56,40052
56,40134
56,40503
56,40508
56,40607
56,40659
56,40676
56,40765
56,40946
56,40997
56,41027
56,41142
56,41173
56,41344
56,41452
56,41564
56,41566
56,41787
56,41920
56,41922
56,41942
56,41980
56,41995
56,42076
56,42146
56,42220
56,42274
56,42279
56,42350
56,42418
56,42493
56,42538
56,42860
56,42882
56,42937
56,42978
56,43004
56,43159
56,43186
56,43223
56,43262
56,43364
56,43402
56,43434
56,43501
56,43546
56,43678
56,43893
56,43902
56,43937
56,44064
56,44127
56,44231
56,44410
56,44446
56,44497
56,44701
56,44872
56,44913
56,45268
56,45548
56,45630
56,45686
56,45744
56,45789
56,46075
56,46097
56,46165
56,46322
56,46440
56,46454
56,46620
56,46717
56,46824
56,46924
56,47033
56,47049
56,47056
56,47156
56,47180
56,47282
56,47387
56,47400
56,47430
56,47605
56,47606
56,47634
56,47855
56,47949
56,48017
56,48119
56,48209
56,48221
56,48290
56,48405
56,48478
56,48727
56,48733
56,48945
56,48956
56,48989
56,49095
56,49281
56,49365
56,49461
56,49751
56,49799
56,49862
56,49981
56,49998
56,50164
56,50315
56,50465
56,51221
56,51388
56,51393
56,51516
56,51689
56,51934
56,52109
56,52110
56,52422
56,52456
56,52523
56,52535
56,52567
56,52571
56,53478
56,53623
56,53670
56,53787
56,54184
56,54213
56,54277
56,54333
56,54530
56,54741
56,54962
56,55014
56,55211
57,32400
57,31601
57,31805
57,31870
57,32794
57,32798
57,33233
57,33296
57,33350
57,33596
57,33959
57,33998
57,34102
57,34106
57,34879
57,35076
57,35229
57,35262
57,35424
57,35775
57,35805
57,35814
57,35856
57,35987
57,36184
57,36267
57,36338
57,36438
57,36861
57,37293
57,37685
57,37836
57,37906
57,37987
57,38892
57,38905
57,39123
57,39143
57,39252
57,39348
57,39553
57,39598
57,39615
57,39616
57,39779
57,39824
57,39846
57,39980
57,40006
57,40111
57,40149
57,40171
57,40227
57,40241
57,40306
57,40314
57,40409
57,40411
57,40448
57,40500
57,40528
57,40600
57,40643
57,40706
57,40826
57,40838
57,40880
57,40902
57,40907
57,41167
57,41197
57,41215
57,41430
57,41439
57,41448
57,41558
57,41606
57,41780
57,41893
57,41968
57,42032
57,42175
57,42249
57,42268
57,42269
57,42616
57,42719
57,42735
57,42809
57,42872
57,42921
57,42957
57,43043
57,43312
57,43432
57,43454
57,43479
57,43490
57,43702
57,43841
57,43903
57,43944
57,44000
57,44047
57,44048
57,44106
57,44190
57,44237
57,44262
57,44294
57,44410
57,44442
57,44471
57,44565
57,44722
57,44758
57,44819
57,44925
57,45003
57,45100
57,45138
57,45170
57,45270
57,45393
57,45440
57,45657
57,45679
57,46022
57,46320
57,46337
57,46557
57,46716
57,46935
57,47052
57,47135
57,47230
57,47510
57,47553
57,47571
57,47884
57,48107
57,48223
57,48280
57,48485
57,48564
57,48611
57,49017
57,49441
57,49673
57,49764
57,49856
57,50002
57,50072
57,50182
57,50239
57,50302
57,50332
57,50341
57,50361
57,50428
57,50530
57,50534
57,50588
57,50666
57,50712
57,51374
57,51397
57,51733
57,51814
57,51860
57,51877
57,51890
57,51943
57,52445
57,52654
57,52799
57,52988
57,53085
57,53146
57,53256
57,53529
57,53561
57,54186
57,54244
57,54371
57,54433
57,55138
58,32400
58,31528
58,31680
58,31689
58,31840
58,32272
58,32388
58,32538
58,33747
58,33836
58,34543
58,34953
58,34991
58,35093
58,36373
58,36411
58,36475
58,37088
58,37201
58,37625
58,37720
58,37877
58,38092
58,38099
58,38142
58,38409
58,38437
58,38451
58,38705
58,39163
58,39184
58,39299
58,39322
58,39390
58,39532
58,39564
58,39599
58,39707
58,39729
58,39803
58,40053
58,40080
58,40083
58,40084
58,40310
58,40436
58,40441
58,40537
58,40563
58,40633
58,40665
58,40666
58,40841
58,40905
58,41152
58,41271
58,41378
58,41442
58,41469
58,41473
58,41573
58,41578
58,42079
58,42117
58,42130
58,42167
58,42260
58,42285
58,42336
58,42418
58,42546
58,42625
58,42642
58,42717
58,42828
58,42887
58,42905
58,42950
58,42957
58,43029
58,43149
58,43271
58,43288
58,43498
58,43522
58,43587
58,43727
58,43730
58,43973
58,44054
58,44153
58,44183
58,44189
58,44211
58,44437
58,44465
58,44536
58,44567
58,44856
58,44895
58,44900
58,44976
58,45219
58,45323
58,45368
58,45441
58,45461
58,45464
58,45491
58,45507
58,45739
58,46010
58,46029
58,46183
58,46306
58,46353
58,46362
58,46817
58,46883
58,46884
58,46889
58,47055
58,47196
58,47219
58,47262
58,47777
58,47784
58,48055
58,48104
58,48337
58,48362
58,48384
58,48590
58,48590
58,48826
58,49484
58,49529
58,49675
58,49686
58,49741
58,49960
58,49980
58,50108
58,50109
58,50126
58,50185
58,50347
58,50618
58,50843
58,51128
58,51168
58,51185
58,51228
58,51240
58,51278
58,51333
58,51396
58,51432
58,51664
58,51697
58,51795
58,51832
58,52017
58,52158
58,52159
58,52205
58,52220
58,52418
58,52601
58,52754
58,52775
58,52845
58,53156
58,53229
58,53295
58,53511
58,53608
58,53963
58,54200
58,54267
58,54279
58,54334
59,32400
59,31575
59,31603
59,31628
59,31629
59,31984
59,32048
59,32082
59,32250
59,32311
59,32399
59,32524
59,33087
59,33140
59,33150
59,33301
59,33923
59,33961
59,34057
59,34099
59,34115
59,34360
59,34378
59,34390
59,34741
59,34886
59,35003
59,35668
59,35834
59,35955
59,36307
59,36684
59,36811
59,37292
59,37352
59,37435
59,37501
59,37702
59,37786
59,37935
59,37943
59,38006
59,38063
59,38370
59,38735
59,38781
59,39147
59,39217
59,39275
59,39443
59,39457
59,39526
59,39547
59,39575
59,39624
59,39744
59,39812
59,39960
59,40051
59,40066
59,40071
59,40136
59,40201
59,40214
59,40326
59,40389
59,40488
59,40549
59,40679
59,40828
59,41003
59,41037
59,41046
59,41063
59,41078
59,41123
59,41210
59,41211
59,41212
59,41266
59,41303
59,41333
59,41374
59,41450
59,41485
59,41504
59,41624
59,41760
59,41862
59,41864
59,41904
59,42003
59,42225
59,42270
59,42388
59,42461
59,42489
59,42516
59,42528
59,42564
59,42692
59,42697
59,42717
59,42844
59,42963
59,43007
59,43048
59,43067
59,43154
59,43243
59,43246
59,43256
59,43259
59,43282
59,43343
59,43427
59,43442
59,43468
59,43635
59,43660
59,43664
59,43923
59,44043
59,44108
59,44172
59,44294
59,44317
59,44338
59,44399
59,44560
59,44605
59,44687
59,44707
59,44791
59,44863
59,45106
59,45234
59,45520
59,45594
59,45616
59,45810
59,45835
59,45883
59,46001
59,46014
59,46101
59,46139
59,46144
59,46364
59,46525
59,46998
59,47068
59,47134
59,47301
59,47350
59,47540
59,47576
59,47596
59,47752
59,47817
59,48108
59,48133
59,48254
59,48344
59,48408
59,48589
59,48634
59,48672
59,49111
59,49174
59,49313
59,49443
59,49561
59,49655
59,49989
59,50053
59,50371
59,50441
59,50677
59,50813
59,50914
59,50937
59,50955
59,51076
59,51242
59,51330
59,51358
59,51523
59,51909
59,51930
59,51936
59,52275
59,52320
59,52416
59,52503
59,52866
59,53504
59,53590
59,53703
59,53786
59,54150
59,55074
59,55135
60,32400
60,31647
60,31852
60,31932
60,32064
60,32212
60,32262
60,32390
60,32401
60,32660
60,32766
60,32803
60,32903
60,33452
60,33590
60,33833
60,34186
60,34324
60,34655
60,34805
60,34978
60,35302
60,35613
60,35714
60,36094
60,36116
60,36161
60,36261
60,36324
60,36644
60,36778
60,36904
60,36919
60,37450
60,37581
60,37601
60,37696
60,37939
60,37941
60,38015
60,38076
60,38218
60,38606
60,38782
60,38823
60,38884
60,38928
60,38982
60,39083
60,39137
60,39207
60,39259
60,39395
60,39415
60,39424
60,39446
60,39533
60,39611
60,39616
60,39626
60,39668
60,39769
60,39779
60,39918
60,39944
60,39995
60,40195
60,40203
60,40215
60,40273
60,40323
60,40430
60,40430
60,40516
60,40616
60,40624
60,40651
60,40762
60,40911
60,40914
60,40998
60,41003
60,41034
60,41319
60,41507
60,41642
60,41731
60,41789
60,41852
60,42001
60,42036
60,42043
60,42237
60,42282
60,42373
60,42387
60,42396
60,42511
60,42514
60,42576
60,42620
60,42824
60,42878
60,42956
60,43056
60,43071
60,43163
60,43164
60,43317
60,43367
60,43384
60,43568
60,43630
60,43688
60,43700
60,43703
60,44007
60,44096
60,44150
60,44284
60,44291
60,44456
60,44461
60,44487
60,44505
60,44526
60,44703
60,44918
60,44941
60,45045
60,45123
60,45234
60,45240
60,45356
60,45446
60,45449
60,45529
60,45592
60,45621
60,45658
60,45687
60,45722
60,45751
60,45811
60,46026
60,46130
60,46131
60,46190
60,46312
60,46355
60,46473
60,46628
60,46636
60,46733
60,46734
60,46846
60,47040
60,47076
60,47179
60,47432
60,47741
60,47750
60,47859
60,48095
60,48275
60,48529
60,48699
60,48705
60,48736
60,49065
60,49187
60,49396
60,49589
60,49759
60,49821
60,49949
60,50231
60,50280
60,50319
60,50584
60,50817
60,50828
60,51175
60,51302
60,51354
60,51501
60,51792
60,51917
60,51973
60,51992
60,52019
60,52035
60,52071
60,52087
60,52155
60,52165
60,52403
60,52439
60,52691
60,53207
60,53307
60,53321
60,53418
60,53584
60,53627
60,53877
60,53924
60,53978
60,54093
60,54186
60,54778
60,54869
61,32400
61,31808
61,31942
61,32028
61,32169
61,32338
61,32372
61,32399
61,32432
61,32615
61,32955
61,32997
61,33133
61,33277
61,33352
61,33453
61,33817
61,33912
61,34394
61,34701
61,34765
61,34940
61,35249
61,35558
61,35958
61,36015
61,36074
61,36234
61,36315
61,36522
61,36565
61,36646
61,36839
61,37025
61,37238
61,37397
61,37500
61,37751
61,38290
61,39039
61,39065
61,39317
61,39398
61,39620
61,39623
61,39631
61,39678
61,39825
61,39855
61,39888
61,39925
61,39952
61,39986
61,40053
61,40191
61,40222
61,40440
61,40583
61,40596
61,40652
61,40660
61,40669
61,40673
61,40822
61,40838
61,40893
61,40953
61,40956
61,41061
61,41134
61,41450
61,41488
61,41490
61,41529
61,41591
61,41656
61,41656
61,41749
61,41810
61,41813
61,41882
61,41901
61,41996
61,42136
61,42319
61,42326
61,42468
61,42741
61,42815
61,42918
61,42939
61,43114
61,43329
61,43541
61,43806
61,43913
61,43930
61,44058
61,44086
61,44145
61,44204
61,44220
61,44278
61,44278
61,44314
61,44383
61,44425
61,44567
61,44631
61,44741
61,44754
61,44774
61,44875
61,45133
61,45319
61,45439
61,45477
61,45688
61,45818
61,45927
61,46006
61,46044
61,46069
61,46090
61,46188
61,46215
61,46287
61,46352
61,46771
61,46807
61,46876
61,47011
61,47021
61,47031
61,47036
61,47188
61,47335
61,47541
61,47572
61,47692
61,47747
61,47852
61,47935
61,47953
61,48002
61,48565
61,48630
61,48753
61,48777
61,48778
61,48786
61,49062
61,49521
61,49595
61,49677
61,49698
61,49775
61,49838
61,49848
61,49913
61,49967
61,49981
61,50136
61,50452
61,50456
61,50503
61,50621
61,50684
61,50731
61,50894
61,50919
61,50958
61,51360
61,51454
61,51635
61,51647
61,51727
61,51740
61,51944
61,52151
61,52187
61,52389
61,52675
61,52962
61,53014
61,53155
61,53156
61,53318
61,53349
61,53371
61,53406
61,53498
61,53557
61,53559
61,53583
61,53652
61,53673
61,53941
61,54033
61,54224
61,54506
61,54634
61,55137
61,55223
62,32400
62,31525
62,31601
62,31905
62,31926
62,31957
62,32047
62,32074
62,32161
62,32387
62,32397
62,32838
62,33124
62,33132
62,33268
62,33341
62,33493
62,33599
62,33947
62,34345
62,34376
62,34524
62,34527
62,34532
62,34696
62,34696
62,34814
62,34847
62,35149
62,35695
62,35836
62,36139
62,36325
62,36384
62,36401
62,36463
62,37050
62,37078
62,37169
62,37254
62,37707
62,37776
62,38591
62,38668
62,38821
62,39146
62,39168
62,39176
62,39418
62,39572
62,39662
62,39679
62,39698
62,39795
62,39818
62,39865
62,39870
62,39935
62,39984
62,40066
62,40093
62,40117
62,40118
62,40252
62,40342
62,40434
62,40573
62,40751
62,40786
62,40988
62,41077
62,41109
62,41358
62,41419
62,41500
62,41653
62,41670
62,41703
62,41738
62,41758
62,41779
62,41876
62,41942
62,41956
62,42265
62,42302
62,42303
62,42459
62,42526
62,43079
62,43405
62,43412
62,43492
62,43521
62,43539
62,43626
62,43761
62,43792
62,43929
62,43990
62,44014
62,44074
62,44232
62,44280
62,44570
62,44599
62,44612
62,44654
62,44675
62,44688
62,44702
62,44705
62,44718
62,45125
62,45145
62,45162
62,45222
62,45240
62,45292
62,45455
62,45534
62,45629
62,45851
62,45873
62,45901
62,45910
62,45938
62,46119
62,46137
62,46145
62,46197
62,46268
62,46381
62,46579
62,46606
62,46630
62,46661
62,46742
62,46751
62,46752
62,46771
62,47026
62,47027
62,47140
62,47389
62,47624
62,47644
62,47826
62,48261
62,48275
62,48701
62,48924
62,48979
62,49035
62,49054
62,49071
62,49071
62,49094
62,49464
62,49523
62,49575
62,49622
62,49866
62,49878
62,50001
62,50117
62,50291
62,50344
62,50484
62,50571
62,50761
62,50806
62,50819
62,50849
62,50884
62,51477
62,51543
62,51774
62,51777
62,51899
62,52188
62,52440
62,52591
62,52632
62,52693
62,52742
62,52890
62,52999
62,53043
62,53109
62,53113
62,53389
62,53582
62,53626
62,53948
62,53999
62,54091
62,54543
62,54741
62,54820
62,54909
63,32400
63,31581
63,31845
63,32477
63,32635
63,32667
63,33268
63,33397
63,33696
63,34094
63,34147
63,34738
63,34827
63,35099
63,35531
63,35697
63,35787
63,35938
63,35952
63,36173
63,36180
63,36302
63,36324
63,36420
63,36483
63,37260
63,37351
63,37360
63,37483
63,37662
63,37719
63,38133
63,38255
63,38767
63,38786
63,39196
63,39205
63,39241
63,39285
63,39607
63,39634
63,39945
63,39950
63,39971
63,39991
63,40052
63,40135
63,40144
63,40271
63,40275
63,40442
63,40623
63,40709
63,40767
63,40773
63,40836
63,40865
63,40968
63,41028
63,41099
63,41162
63,41185
63,41243
63,41332
63,41354
63,41370
63,41391
63,41440
63,41446
63,41486
63,41531
63,41550
63,41593
63,41618
63,41625
63,41790
63,41796
63,41804
63,41809
63,41876
63,41975
63,42016
63,42226
63,42277
63,42290
63,42320
63,42474
63,42537
63,42545
63,42607
63,42607
63,42728
63,42782
63,42795
63,42844
63,42892
63,42950
63,42962
63,43136
63,43152
63,43255
63,43277
63,43307
63,43315
63,43329
63,43423
63,43462
63,43561
63,43703
63,43747
63,43874
63,43892
63,43956
63,43966
63,44156
63,44159
63,44174
63,44184
63,44270
63,44275
63,44278
63,44400
63,44734
63,44780
63,44819
63,44831
63,45008
63,45011
63,45156
63,45213
63,45271
63,45279
63,45289
63,45292
63,45485
63,45491
63,45526
63,45569
63,45750
63,45850
63,45958
63,46015
63,46141
63,46275
63,46317
63,46378
63,46423
63,46464
63,46471
63,46582
63,46612
63,46636
63,46682
63,46755
63,46789
63,46789
63,46976
63,47039
63,47331
63,47501
63,47533
63,47750
63,47869
63,47885
63,47960
63,48238
63,48240
63,48368
63,48569
63,48658
63,48814
63,48838
63,49122
63,49165
63,49384
63,49393
63,49412
63,49541
63,49736
63,49911
63,49913
63,50077
63,50251
63,50361
63,50501
63,50597
63,50647
63,50659
63,50764
63,50832
63,50907
63,50932
63,51422
63,51453
63,51620
63,51802
63,51868
63,52128
63,52222
63,52297
63,52377
63,52688
63,52737
63,52958
63,53064
63,53208
63,53404
63,53510
63,53683
63,53715
63,53775
63,53950
63,54068
63,54260
63,54326
63,54756
63,54960
64,32400
64,31559
64,31867
64,32240
64,32486
64,32761
64,32799
64,33004
64,33117
64,33157
64,33768
64,34023
64,34054
64,34212
64,34283
64,34617
64,34657
64,34669
64,34840
64,34919
64,35399
64,35593
64,35661
64,35682
64,35744
64,35752
64,36189
64,36213
64,36378
64,36401
64,36587
64,36695
64,36742
64,37303
64,37465
64,37556
64,37777
64,37875
64,37968
64,38260
64,38442
64,38824
64,39041
64,39165
64,39279
64,39317
64,39351
64,39545
64,39644
64,39655
64,39901
64,39948
64,40011
64,40040
64,40060
64,40133
64,40318
64,40429
64,40464
64,40502
64,40518
64,40614
64,40709
64,40718
64,40807
64,40810
64,40854
64,40944
64,40993
64,41078
64,41178
64,41189
64,41201
64,41219
64,41297
64,41321
64,41328
64,41331
64,41391
64,41429
64,41457
64,41483
64,41653
64,41678
64,41834
64,41969
64,42002
64,42004
64,42055
64,42132
64,42264
64,42682
64,42829
64,42900
64,42900
64,42999
64,43007
64,43073
64,43203
64,43300
64,43338
64,43364
64,43369
64,43384
64,43504
64,43606
64,43727
64,43732
64,43737
64,43811
64,43895
64,43998
64,44005
64,44196
64,44257
64,44442
64,44490
64,44603
64,44723
64,44794
64,44812
64,44872
64,44917
64,45185
64,45190
64,45190
64,45316
64,45454
64,45514
64,45515
64,45519
64,45584
64,45642
64,45668
64,45711
64,45723
64,45747
64,45841
64,45876
64,46039
64,46072
64,46285
64,46390
64,46447
64,46565
64,46583
64,46622
64,46662
64,46666
64,46725
64,46729
64,46847
64,46926
64,46997
64,47296
64,47514
64,47663
64,47753
64,47775
64,47861
64,48070
64,48220
64,48248
64,48374
64,48418
64,48540
64,48623
64,48624
64,48700
64,48731
64,48788
64,48788
64,49068
64,49159
64,49347
64,49395
64,49633
64,49756
64,49854
64,50137
64,50189
64,50236
64,50420
64,50429
64,50435
64,50459
64,50492
64,50716
64,50846
64,51137
64,51496
64,51599
64,51706
64,51852
64,52082
64,52130
64,52292
64,52322
64,52332
64,52575
64,52666
64,53148
64,53179
64,53242
64,53255
64,53534
64,53702
64,53712
64,53758
64,53854
64,53927
64,54036
64,54112
64,54194
64,54836
64,54927
64,55177
65,32400
65,31652
65,31676
65,32485
65,33276
65,33280
65,33306
65,33414
65,33461
65,33526
65,33889
65,33951
65,33997
65,34631
65,34832
65,35021
65,35044
65,35227
65,35243
65,35345
65,36097
65,36133
65,36300
65,36338
65,36412
65,36421
65,36720
65,36820
65,36827
65,36983
65,36992
65,37041
65,37053
65,37193
65,37470
65,37523
65,37659
65,37713
65,37792
65,37884
65,38284
65,38707
65,38783
65,39126
65,39180
65,39293
65,39371
65,39377
65,39442
65,39464
65,39533
65,39751
65,39899
65,39917
65,39941
65,40152
65,40254
65,40285
65,40333
65,40434
65,40478
65,40482
65,40485
65,40628
65,40923
65,40984
65,41111
65,41137
65,41355
65,41413
65,41437
65,41482
65,41492
65,41601
65,41694
65,41774
65,41801
65,41830
65,41846
65,41978
65,41998
65,42050
65,42234
65,42297
65,42320
65,42396
65,42416
65,42587
65,42615
65,42704
65,42745
65,42769
65,42816
65,42843
65,42856
65,42906
65,42936
65,43070
65,43086
65,43121
65,43215
65,43258
65,43293
65,43652
65,43789
65,44043
65,44259
65,44381
65,44460
65,44536
65,44571
65,44652
65,44699
65,44940
65,44999
65,45058
65,45059
65,45193
65,45204
65,45206
65,45220
65,45399
65,45459
65,45529
65,45565
65,45622
65,45724
65,45741
65,45868
65,45909
65,46025
65,46048
65,46053
65,46230
65,46255
65,46373
65,46392
65,46397
65,46460
65,46489
65,46576
65,46625
65,46699
65,46741
65,46763
65,46766
65,47128
65,47276
65,47365
65,47390
65,47561
65,47782
65,47874
65,47883
65,47909
65,48072
65,48283
65,48287
65,48402
65,48699
65,48791
65,48893
65,48954
65,49132
65,49201
65,49358
65,49436
65,49538
65,49638
65,49972
65,50131
65,50308
65,50463
65,50554
65,50695
65,50718
65,50867
65,50869
65,50880
65,51052
65,51106
65,51470
65,51548
65,51905
65,52012
65,52269
65,52427
65,52726
65,52946
65,53400
65,53669
65,53871
65,54144
65,54160
65,54191
65,54346
65,54826
65,55013
66,32400
66,31532
66,31575
66,32125
66,32434
66,32498
66,32505
66,33221
66,33371
66,33579
66,33583
66,34206
66,34345
66,34417
66,34753
66,34783
66,34937
66,34981
66,35272
66,35567
66,35632
66,35678
66,35919
66,36070
66,36261
66,36277
66,36581
66,36923
66,37307
66,37332
66,37569
66,37617
66,37652
66,37751
66,37794
66,37877
66,37989
66,38098
66,38121
66,38150
66,38297
66,38799
66,39043
66,39121
66,39210
66,39622
66,39653
66,39674
66,39953
66,39996
66,40014
66,40029
66,40097
66,40132
66,40283
66,40302
66,40363
66,40366
66,40411
66,40454
66,40475
66,40671
66,40725
66,40729
66,40753
66,40810
66,40982
66,40995
66,41148
66,41168
66,41269
66,41319
66,41429
66,41436
66,41457
66,41532
66,41730
66,41796
66,41835
66,41850
66,41854
66,41899
66,42119
66,42244
66,42299
66,42344
66,42521
66,42677
66,42759
66,42813
66,42927
66,42977
66,43116
66,43226
66,43340
66,43460
66,43510
66,43657
66,43662
66,43678
66,43758
66,43784
66,43847
66,44078
66,44173
66,44204
66,44298
66,44335
66,44549
66,44588
66,44614
66,44620
66,44630
66,44814
66,44825
66,44961
66,44974
66,45107
66,45175
66,45214
66,45296
66,45432
66,45507
66,45507
66,45538
66,45563
66,45695
66,45705
66,45833
66,45856
66,45859
66,45868
66,45873
66,45888
66,45909
66,45954
66,46078
66,46173
66,46418
66,46551
66,46716
66,46724
66,46762
66,46781
66,46870
66,47001
66,47200
66,47420
66,47465
66,47607
66,47788
66,48156
66,48281
66,48301
66,48356
66,48867
66,49743
66,49752
66,49929
66,50023
66,50106
66,50137
66,50233
66,50324
66,50519
66,50755
66,50761
66,50782
66,50812
66,50930
66,51040
66,51074
66,51317
66,51363
66,51408
66,51487
66,51547
66,51625
66,51635
66,51834
66,51914
66,51928
66,51943
66,52008
66,52034
66,52079
66,52254
66,52304
66,52399
66,52430
66,52617
66,52753
66,52939
66,53026
66,53261
66,53310
66,53418
66,53518
66,53521
66,53694
66,53726
66,53744
66,53801
66,53834
66,53838
66,53880
66,54090
66,54164
66,54540
66,54545
66,55198
67,32400
67,31526
67,31617
67,31717
67,31755
67,31981
67,32140
67,32251
67,32323
67,32612
67,32615
67,32669
67,32880
67,32898
67,33231
67,33322
67,33731
67,34482
67,34575
67,35020
67,35033
67,35144
67,35164
67,35166
67,35248
67,35602
67,35672
67,35821
67,35858
67,35892
67,35895
67,36033
67,36271
67,36281
67,36308
67,36450
67,37045
67,37676
67,38327
67,38639
67,38697
67,38893
67,38904
67,38978
67,39133
67,39228
67,39229
67,39353
67,39391
67,39492
67,39691
67,39778
67,39802
67,39905
67,39958
67,40003
67,40052
67,40107
67,40377
67,40440
67,40515
67,40596
67,40743
67,40834
67,40945
67,41216
67,41224
67,41265
67,41283
67,41307
67,41460
67,41485
67,41565
67,41603
67,41608
67,41805
67,41907
67,42002
67,42016
67,42052
67,42211
67,42485
67,42555
67,42630
67,42765
67,42853
67,43005
67,43043
67,43137
67,43183
67,43239
67,43294
67,43494
67,43507
67,43546
67,43619
67,43825
67,43844
67,43968
67,44152
67,44311
67,44496
67,44725
67,44775
67,44937
67,45089
67,45279
67,45340
67,45441
67,45465
67,45692
67,45702
67,45716
67,45775
67,45804
67,45898
67,45920
67,46068
67,46084
67,46134
67,46155
67,46228
67,46275
67,46376
67,46438
67,46473
67,46478
67,46540
67,46668
67,46820
67,46872
67,47025
67,47159
67,47206
67,47233
67,47314
67,47315
67,47325
67,47491
67,47656
67,47854
67,47956
67,48122
67,48244
67,48268
67,48773
67,48798
67,48832
67,49137
67,49206
67,49217
67,49296
67,49476
67,49789
67,49925
67,49955
67,50173
67,50224
67,50257
67,50319
67,50548
67,50606
67,50619
67,50639
67,50719
67,50903
67,51421
67,51542
67,51699
67,51753
67,51933
67,52084
67,52088
67,52676
67,52696
67,52912
67,52937
67,53503
67,53530
67,53819
67,54014
67,54280
67,54456
68,32400
68,31806
68,32025
68,32146
68,32161
68,32379
68,32736
68,32739
68,32927
68,33319
68,33539
68,33596
68,33698
68,33718
68,33791
68,34153
68,34324
68,34395
68,34423
68,34660
68,34994
68,35130
68,35386
68,35455
68,35509
68,35659
68,35788
68,35866
68,35920
68,36096
68,36161
68,36467
68,36762
68,36773
68,36824
68,36868
68,36870
68,37070
68,37177
68,37584
68,37803
68,37889
68,37891
68,37898
68,38100
68,38464
68,38485
68,38558
68,38997
68,39089
68,39126
68,39140
68,39380
68,39504
68,39585
68,39626
68,39817
68,39872
68,39968
68,39990
68,40120
68,40166
68,40171
68,40231
68,40260
68,40281
68,40417
68,40538
68,40587
68,40653
68,40869
68,40967
68,40979
68,41131
68,41225
68,41297
68,41494
68,41541
68,41585
68,41867
68,41986
68,42037
68,42112
68,42112
68,42129
68,42178
68,42195
68,42241
68,42264
68,42292
68,42440
68,42668
68,42745
68,42801
68,42832
68,42850
68,43014
68,43200
68,43304
68,43350
68,43394
68,43412
68,43490
68,43619
68,43905
68,43951
68,44109
68,44123
68,44203
68,44292
68,44311
68,44347
68,44459
68,44635
68,44851
68,44984
68,44985
68,45032
68,45095
68,45138
68,45317
68,45399
68,45627
68,45647
68,45659
68,45728
68,45916
68,45965
68,46052
68,46091
68,46282
68,46428
68,46429
68,46504
68,46527
68,46671
68,46929
68,46991
68,47144
68,47152
68,47201
68,47701
68,47752
68,48171
68,48280
68,48364
68,48433
68,48629
68,48631
68,48654
68,48667
68,48694
68,48716
68,48727
68,48739
68,48758
68,48846
68,49007
68,49028
68,49041
68,49096
68,49285
68,49496
68,49517
68,49558
68,49916
68,49957
68,50421
68,50714
68,50778
68,50915
68,51141
68,51141
68,51357
68,51457
68,51487
68,51562
68,51567
68,52108
68,52364
68,52550
68,52854
68,52981
68,53043
68,53729
68,53869
68,53872
68,54192
68,54270
68,54373
68,54558
68,54644
68,54928
69,32400
69,31548
69,31626
69,31842
69,31930
69,32410
69,32488
69,32777
69,32929
69,33109
69,33142
69,34121
69,34810
69,34883
69,34974
69,35184
69,35469
69,35476
69,35832
69,35998
69,36218
69,36307
69,36357
69,36379
69,36440
69,36553
69,36630
69,36895
69,37270
69,37372
69,37651
69,37656
69,37741
69,38074
69,38353
69,38376
69,38751
69,38896
69,38897
69,39321
69,39367
69,39462
69,39518
69,39563
69,39564
69,39579
69,39630
69,39702
69,39714
69,39718
69,39864
69,40028
69,40123
69,40145
69,40148
69,40163
69,40251
69,40269
69,40460
69,40499
69,40504
69,40664
69,40784
69,40962
69,41014
69,41081
69,41194
69,41444
69,41494
69,41530
69,41550
69,41552
69,41595
69,41755
69,41899
69,41924
69,41939
69,42022
69,42024
69,42071
69,42152
69,42165
69,42183
69,42258
69,42268
69,42325
69,42379
69,42394
69,42508
69,42540
69,42860
69,42867
69,42914
69,43072
69,43077
69,43105
69,43156
69,43266
69,43522
69,43539
69,43543
69,43677
69,43707
69,43778
69,43832
69,44135
69,44137
69,44208
69,44329
69,44380
69,44408
69,44412
69,44580
69,44780
69,44826
69,44838
69,44871
69,44884
69,44893
69,45025
69,45080
69,45128
69,45218
69,45236
69,45261
69,45279
69,45392
69,45441
69,45515
69,45551
69,45562
69,45605
69,45660
69,45714
69,45914
69,45940
69,45963
69,46350
69,46378
69,46404
69,46441
69,46628
69,46689
69,46832
69,46863
69,46920
69,46980
69,47269
69,47269
69,47303
69,47504
69,47509
69,47586
69,47826
69,47952
69,48043
69,48193
69,48311
69,48756
69,48806
69,48957
69,49011
69,49116
69,49173
69,49198
69,49214
69,49360
69,49446
69,49580
69,49593
69,49659
69,49699
69,49728
69,49964
69,50046
69,50064
69,50340
69,50454
69,50648
69,50694
69,50966
69,50986
69,51040
69,51177
69,51304
69,51365
69,51451
69,51601
69,51834
69,52001
69,52288
69,52335
69,52397
69,52413
69,52438
69,52458
69,52804
69,53188
69,53287
69,53294
69,53331
69,53415
69,53518
69,53556
69,53668
69,53720
69,53759
69,53974
69,54012
69,54026
69,54036
69,54193
69,54236
69,54246
69,54254
69,54341
69,54511
69,54527
70,32400
70,31590
70,31606
70,31613
70,31979
70,32140
70,32232
70,32392
70,32557
70,33178
70,33299
70,33475
70,33766
70,33935
70,34201
70,34240
70,34399
70,35085
70,35131
70,35269
70,35639
70,36980
70,37115
70,37183
70,37271
70,37273
70,37311
70,37477
70,37478
70,37538
70,37898
70,37902
70,37970
70,38102
70,38318
70,38526
70,38596
70,38699
70,38796
70,38998
70,39054
70,39140
70,39242
70,39253
70,39321
70,39508
70,39647
70,39701
70,39701
70,39739
70,39879
70,40568
70,40703
70,40905
70,40911
70,41106
70,41223
70,41229
70,41244
70,41269
70,41452
70,41474
70,41488
70,41608
70,41645
70,41681
70,41729
70,41766
70,41886
70,41943
70,41946
70,41959
70,42073
70,42128
70,42290
70,42347
70,42521
70,42680
70,42743
70,42866
70,42906
70,43082
70,43092
70,43096
70,43152
70,43188
70,43375
70,43463
70,43516
70,43608
70,43663
70,43682
70,43728
70,43760
70,43765
70,43972
70,43974
70,44013
70,44203
70,44351
70,44495
70,44537
70,44793
70,44903
70,44956
70,44958
70,45067
70,45093
70,45132
70,45257
70,45321
70,45330
70,45399
70,45442
70,45519
70,45586
70,46169
70,46181
70,46185
70,46208
70,46318
70,46691
70,46697
70,46755
70,46774
70,46794
70,46952
70,46959
70,47038
70,47043
70,47115
70,47151
70,47337
70,47553
70,47652
70,47886
70,47904
70,47973
70,48038
70,48080
70,48194
70,48348
70,48356
70,48451
70,48501
70,48796
70,48827
70,48988
70,49052
70,49129
70,49160
70,49223
70,49525
70,49713
70,49983
70,50161
70,50342
70,50409
70,50479
70,50616
70,51089
70,51198
70,51216
70,51416
70,51451
70,51467
70,51552
70,51699
70,51770
70,51771
70,51988
70,52060
70,52137
70,52172
70,52489
70,52611
70,52884
70,53002
70,53116
70,53137
70,53264
70,53407
70,53438
70,53795
70,53911
70,54148
70,54177
70,54258
70,54502
70,54648
71,32400
71,31628
71,31746
71,31963
71,32026
71,32455
71,32721
71,33017
71,33020
71,33057
71,33107
71,33138
71,33287
71,33443
71,33822
71,33945
71,34025
71,34447
71,34896
71,34971
71,35417
71,35521
71,35584
71,35716
71,35874
71,36257
71,36354
71,36497
71,36587
71,36598
71,37186
71,37408
71,37451
71,38027
71,38032
71,38044
71,38046
71,38169
71,38593
71,38640
71,39097
71,39215
71,39540
71,39658
71,39698
71,39835
71,39872
71,39924
71,40209
71,40242
71,40317
71,40348
71,40404
71,40628
71,40773
71,40808
71,40906
71,40906
71,40934
71,41129
71,41203
71,41219
71,41282
71,41664
71,41936
71,42079
71,42134
71,42216
71,42288
71,42365
71,42434
71,42441
71,42450
71,42541
71,42586
71,42641
71,42690
71,42810
71,42892
71,42933
71,42968
71,43015
71,43083
71,43110
71,43122
71,43162
71,43425
71,43548
71,43664
71,43833
71,43932
71,43968
71,44027
71,44056
71,44063
71,44136
71,44220
71,44288
71,44307
71,44342
71,44467
71,44758
71,44982
71,45079
71,45114
71,45171
71,45201
71,45340
71,45382
71,45420
71,45546
71,45559
71,45572
71,45666
71,45720
71,45763
71,45858
71,45909
71,46047
71,46148
71,46205
71,46220
71,46566
71,46673
71,46697
71,46897
71,46969
71,47061
71,47169
71,47201
71,47226
71,47514
71,47608
71,47796
71,47914
71,47915
71,48029
71,48230
71,48290
71,48352
71,48402
71,48704
71,48726
71,48870
71,48926
71,48927
71,49070
71,49184
71,49382
71,49502
71,49625
71,49822
71,49888
71,49914
71,50037
71,50092
71,50162
71,50181
71,50295
71,50399
71,50413
71,50981
71,51217
71,51234
71,51254
71,51614
71,51776
71,52001
71,52455
71,52475
71,52552
71,52617
71,52918
71,52946
71,53097
71,53149
71,53170
71,53359
71,53477
71,53904
71,53921
71,53972
71,54059
71,54138
71,54215
71,54261
71,54363
71,54416
71,54671
72,32400
72,31926
72,32137
72,32143
72,32160
72,32365
72,32401
72,32402
72,32687
72,32947
72,33065
72,33280
72,33441
72,33483
72,33925
72,34161
72,34179
72,34266
72,34281
72,34559
72,35203
72,35312
72,35335
72,35600
72,35822
72,36112
72,36163
72,36583
72,36634
72,36850
72,37177
72,37190
72,37293
72,37451
72,37626
72,37755
72,37971
72,38187
72,38219
72,38546
72,38567
72,38627
72,38825
72,38966
72,39148
72,39243
72,39417
72,39446
72,39516
72,39530
72,39697
72,39734
72,39822
72,39895
72,39948
72,39990
72,40020
72,40149
72,40164
72,40199
72,40260
72,40271
72,40367
72,40463
72,40534
72,40681
72,40883
72,41055
72,41074
72,41095
72,41148
72,41286
72,41292
72,41332
72,41466
72,41471
72,41656
72,41677
72,41690
72,41755
72,41779
72,41806
72,41884
72,41901
72,42044
72,42202
72,42302
72,42308
72,42342
72,42367
72,42391
72,42433
72,42523
72,42540
72,42658
72,42718
72,42729
72,42731
72,42731
72,42841
72,42917
72,43070
72,43092
72,43169
72,43171
72,43238
72,43440
72,43534
72,43800
72,43843
72,43844
72,44037
72,44057
72,44063
72,44173
72,44174
72,44208
72,44216
72,44248
72,44266
72,44315
72,44362
72,44382
72,44425
72,44484
72,44662
72,44724
72,44758
72,44871
72,44877
72,44881
72,45004
72,45023
72,45103
72,45110
72,45158
72,45164
72,45175
72,45256
72,45411
72,45433
72,45458
72,45547
72,45602
72,45627
72,45764
72,45783
72,45830
72,45893
72,46124
72,46355
72,46563
72,46711
72,46711
72,46717
72,46982
72,47232
72,47245
72,47375
72,47664
72,47801
72,47890
72,47912
72,47917
72,48020
72,48046
72,48066
72,48134
72,48208
72,48231
72,48297
72,48669
72,48923
72,48952
72,49031
72,49642
72,49702
72,50178
72,50186
72,50346
72,50346
72,50560
72,50744
72,50898
72,51030
72,51222
72,51334
72,51339
72,51412
72,51652
72,51753
72,51840
72,51912
72,51923
72,51995
72,52048
72,52289
72,52326
72,52361
72,52534
72,52554
72,52574
72,52666
72,52669
72,52723
72,52775
72,52868
72,53064
72,53114
72,53127
72,53315
72,53405
72,53421
72,53485
72,53673
72,53718
72,53727
72,53745
72,53844
72,53896
72,53978
72,54014
72,54135
72,54188
72,54262
72,54750
73,32400
73,31652
73,31801
73,31833
73,31844
73,31882
73,32695
73,32708
73,32743
73,33052
73,33117
73,33471
73,33667
73,33815
73,34043
73,34054
73,34166
73,35093
73,35282
73,35305
73,35590
73,35715
73,35782
73,36030
73,36380
73,36530
73,36652
73,37066
73,37248
73,37441
73,37719
73,38231
73,38619
73,39180
73,39182
73,39279
73,39280
73,39433
73,39467
73,39551
73,39561
73,39660
73,39717
73,39770
73,39776
73,39854
73,39868
73,39884
73,39920
73,40118
73,40194
73,40279
73,40347
73,40415
73,40436
73,40560
73,40605
73,40633
73,40649
73,40813
73,40952
73,41106
73,41161
73,41244
73,41246
73,41327
73,41359
73,41396
73,41558
73,41713
73,41740
73,41752
73,41961
73,42334
73,42335
73,42337
73,42349
73,42539
73,42541
73,42594
73,42617
73,42736
73,42787
73,42828
73,43043
73,43134
73,43207
73,43222
73,43256
73,43329
73,43376
73,43515
73,43522
73,43567
73,43632
73,43636
73,43728
73,43735
73,43810
73,43848
73,43868
73,43903
73,43965
73,44069
73,44211
73,44309
73,44341
73,44344
73,44373
73,44413
73,44436
73,44449
73,44473
73,44477
73,44638
73,44697
73,44717
73,44790
73,44829
73,44898
73,45201
73,45266
73,45345
73,45353
73,45443
73,45448
73,45471
73,45595
73,45677
73,45745
73,45790
73,46084
73,46101
73,46110
73,46238
73,46258
73,46330
73,46382
73,46398
73,46539
73,46544
73,46618
73,46648
73,46654
73,46660
73,46678
73,46689
73,46715
73,46936
73,47027
73,47196
73,47370
73,47486
73,47537
73,47541
73,47596
73,47604
73,47689
73,47848
73,47941
73,47994
73,48211
73,48562
73,48985
73,49205
73,49544
73,49550
73,49625
73,49739
73,49783
73,49850
73,49851
73,50124
73,50607
73,50710
73,50919
73,51355
73,51522
73,51766
73,51783
73,51866
73,52080
73,52115
73,52294
73,52360
73,52547
73,52678
73,52682
73,52810
73,52862
73,53253
73,53329
73,53329
73,53346
73,53412
73,53576
73,53611
73,53613
73,53640
73,53666
73,53755
73,53814
73,53943
73,53944
73,54118
73,54191
73,54295
74,32400
74,32125
74,32279
74,32736
74,32915
74,33322
74,33409
74,33451
74,33610
74,33665
74,34132
74,34134
74,34295
74,34534
74,34656
74,34952
74,35202
74,35324
74,35340
74,35497
74,35501
74,35872
74,36074
74,36118
74,36154
74,36238
74,36253
74,36398
74,36441
74,36572
74,37583
74,37700
74,37822
74,37972
74,38196
74,38298
74,38433
74,38569
74,38812
74,38851
74,38984
74,39414
74,39414
74,39561
74,39571
74,39621
74,39644
74,39678
74,39789
74,39890
74,39926
74,40036
74,40036
74,40057
74,40148
74,40259
74,40386
74,40418
74,40548
74,40558
74,40654
74,40775
74,40818
74,40825
74,40859
74,40898
74,40993
74,41021
74,41047
74,41200
74,41211
74,41228
74,41292
74,41320
74,41334
74,41384
74,41396
74,41432
74,41536
74,41587
74,41727
74,41747
74,41804
74,41894
74,42033
74,42090
74,42148
74,42287
74,42378
74,42418
74,42438
74,42473
74,42570
74,42636
74,42766
74,42971
74,42989
74,42992
74,43072
74,43161
74,43246
74,43354
74,43444
74,43456
74,43604
74,43698
74,43729
74,43832
74,43845
74,43860
74,43891
74,43954
74,43983
74,43995
74,43995
74,44091
74,44126
74,44204
74,44447
74,44501
74,44543
74,44548
74,44591
74,44801
74,44857
74,44866
74,44908
74,44975
74,45035
74,45059
74,45219
74,45465
74,45466
74,45578
74,45579
74,45642
74,45709
74,45762
74,45778
74,45853
74,45876
74,45976
74,45983
74,46011
74,46095
74,46102
74,46121
74,46281
74,46380
74,46412
74,46427
74,46441
74,46525
74,46569
74,46606
74,46674
74,46699
74,47045
74,47121
74,47166
74,47251
74,47256
74,47304
74,47422
74,47483
74,47510
74,47515
74,47552
74,47660
74,48007
74,48226
74,48362
74,48437
74,48456
74,48491
74,48496
74,48505
74,48633
74,48675
74,49014
74,49063
74,49079
74,49096
74,49409
74,49416
74,49769
74,50160
74,50336
74,50395
74,50501
74,51107
74,51108
74,51113
74,51236
74,51253
74,51296
74,51644
74,51932
74,51936
74,52002
74,52104
74,52158
74,52251
74,52435
74,52559
74,52610
74,52739
74,52852
74,52991
74,53339
74,53454
74,53608
74,53657
74,53824
74,53883
74,53921
74,54173
74,54370
74,54835
75,32400
75,31505
75,31546
75,31827
75,31939
75,32598
75,32622
75,32636
75,33081
75,33130
75,33286
75,33545
75,33708
75,33781
75,34005
75,34445
75,34842
75,35062
75,35208
75,35217
75,35479
75,35978
75,36652
75,36870
75,37026
75,37282
75,37681
75,37700
75,37827
75,37903
75,37915
75,38291
75,38824
75,39069
75,39149
75,39169
75,39315
75,39383
75,39575
75,39662
75,39699
75,39707
75,39797
75,39803
75,40001
75,40245
75,40271
75,40299
75,40311
75,40337
75,40354
75,40396
75,40463
75,40489
75,40579
75,40710
75,40714
75,40821
75,40863
75,40906
75,41003
75,41060
75,41183
75,41279
75,41283
75,41558
75,41590
75,41731
75,41785
75,41810
75,41899
75,42007
75,42155
75,42216
75,42217
75,42286
75,42558
75,42739
75,42787
75,42930
75,42932
75,43106
75,43210
75,43221
75,43289
75,43306
75,43417
75,43485
75,43547
75,43624
75,43681
75,43681
75,43783
75,43870
75,43894
75,43922
75,44040
75,44046
75,44062
75,44110
75,44158
75,44294
75,44315
75,44417
75,44444
75,44610
75,44669
75,44772
75,44993
75,45066
75,45111
75,45128
75,45148
75,45158
75,45410
75,45423
75,45489
75,45562
75,45754
75,45764
75,45886
75,46046
75,46058
75,46134
75,46168
75,46413
75,46434
75,46593
75,46745
75,46795
75,46845
75,47100
75,47165
75,47272
75,47489
75,47606
75,47654
75,47733
75,47739
75,47789
75,47811
75,47816
75,47862
75,48233
75,48307
75,48532
75,48753
75,48801
75,48918
75,48923
75,49067
75,49121
75,49131
75,49219
75,49275
75,49290
75,49382
75,49506
75,49583
75,49726
75,49895
75,49922
75,50068
75,50102
75,50152
75,50176
75,50201
75,50404
75,50405
75,50677
75,50751
75,50754
75,50810
75,50893
75,51230
75,51238
75,51252
75,51290
75,51303
75,51330
75,51406
75,51410
75,51619
75,52050
75,52187
75,52225
75,52279
75,52505
75,52559
75,52885
75,52928
75,53013
75,53052
75,53114
75,53203
75,53375
75,53621
75,53622
75,54008
75,54013
75,54167
75,54206
75,54786
75,54852
75,54858
75,54895
76,32400
76,31519
76,31651
76,31844
76,32052
76,32192
76,32231
76,32244
76,32355
76,32467
76,32496
76,33089
76,33113
76,33217
76,33543
76,33939
76,33960
76,33965
76,34368
76,34740
76,34864
76,35024
76,35122
76,35165
76,35355
76,35772
76,36160
76,36402
76,36475
76,36605
76,37119
76,37499
76,37788
76,38306
76,38664
76,38849
76,39037
76,39202
76,39215
76,39273
76,39309
76,39498
76,39519
76,39549
76,39657
76,39671
76,39674
76,39678
76,39707
76,39715
76,39832
76,40215
76,40244
76,40335
76,40424
76,40449
76,40528
76,40584
76,40586
76,40655
76,40673
76,40684
76,40900
76,41093
76,41195
76,41210
76,41251
76,41449
76,41453
76,41716
76,41765
76,42050
76,42050
76,42147
76,42200
76,42239
76,42259
76,42342
76,42509
76,42584
76,42707
76,42757
76,42785
76,42870
76,42913
76,42947
76,43038
76,43056
76,43161
76,43175
76,43227
76,43384
76,43473
76,43495
76,43598
76,43663
76,43735
76,43739
76,43763
76,43785
76,43794
76,43813
76,44114
76,44117
76,44121
76,44124
76,44133
76,44190
76,44208
76,44251
76,44362
76,44539
76,44563
76,44574
76,44582
76,44682
76,44689
76,44708
76,44835
76,44867
76,44976
76,45153
76,45280
76,45302
76,45373
76,45423
76,45545
76,45555
76,45572
76,45603
76,45661
76,45679
76,45710
76,45797
76,45859
76,45918
76,46115
76,46310
76,46329
76,46443
76,46548
76,46759
76,46802
76,46807
76,46895
76,46942
76,46957
76,46967
76,47017
76,47083
76,47086
76,47256
76,47259
76,47272
76,47386
76,47404
76,47432
76,47514
76,47572
76,47747
76,47784
76,47793
76,47894
76,48505
76,48566
76,48651
76,48694
76,48694
76,49048
76,49118
76,49135
76,49363
76,49469
76,49481
76,49651
76,50005
76,50201
76,50248
76,50375
76,50403
76,50404
76,50405
76,50411
76,50618
76,50680
76,50774
76,50791
76,50991
76,51008
76,51012
76,51068
76,51073
76,51073
76,51577
76,51665
76,51748
76,51938
76,52379
76,52581
76,52697
76,52749
76,52775
76,52806
76,53199
76,53201
76,53278
76,53395
76,53967
76,54325
76,54346
76,54803
77,32400
77,31617
77,31694
77,31732
77,31799
77,31847
77,31991
77,32240
77,32339
77,33074
77,33297
77,33352
77,33612
77,33647
77,33826
77,34103
77,34113
77,34465
77,34648
77,34683
77,35570
77,35609
77,35726
77,35775
77,35883
77,36526
77,36580
77,36817
77,36911
77,37123
77,37195
77,37425
77,37821
77,38465
77,38469
77,39386
77,39402
77,39417
77,39417
77,39521
77,39669
77,39920
77,40027
77,40155
77,40155
77,40220
77,40271
77,40325
77,40483
77,40534
77,40558
77,40596
77,40693
77,40708
77,40765
77,40923
77,40954
77,41606
77,41638
77,41655
77,41800
77,41823
77,41900
77,42093
77,42182
77,42210
77,42267
77,42314
77,42350
77,42409
77,42410
77,42449
77,42472
77,42478
77,42593
77,42600
77,42645
77,42703
77,42745
77,42749
77,42822
77,42854
77,42980
77,42999
77,43027
77,43251
77,43289
77,43338
77,43360
77,43381
77,43490
77,43502
77,43531
77,43564
77,43596
77,43867
77,44064
77,44148
77,44161
77,44176
77,44220
77,44263
77,44326
77,44472
77,44513
77,44527
77,44548
77,44853
77,44883
77,45068
77,45146
77,45450
77,45502
77,45563
77,45583
77,45653
77,45740
77,45814
77,45857
77,45897
77,45919
77,45924
77,45976
77,46060
77,46155
77,46253
77,46401
77,46480
77,46505
77,46874
77,47178
77,47271
77,47384
77,47558
77,47623
77,47630
77,47633
77,47672
77,47691
77,47916
77,48011
77,48608
77,48651
77,48671
77,48673
77,48764
77,48811
77,48932
77,49262
77,49357
77,49457
77,49486
77,49495
77,49641
77,49702
77,49722
77,49757
77,49769
77,49864
77,50253
77,50489
77,50630
77,51090
77,51455
77,51535
77,51601
77,51601
77,51852
77,52035
77,52046
77,52311
77,52461
77,52480
77,52851
77,52866
77,52985
77,52998
77,53604
77,53902
77,54008
77,54089
77,54244
77,54295
77,54507
77,54808
78,32400
78,31815
78,31837
78,31873
78,31887
78,32171
78,32204
78,32263
78,32395
78,32427
78,32702
78,32871
78,33016
78,33276
78,33472
78,33518
78,34171
78,34210
78,34213
78,34213
78,34414
78,35089
78,35139
78,35325
78,35942
78,36125
78,36402
78,36418
78,36563
78,36836
78,37013
78,37184
78,37408
78,37461
78,37479
78,37686
78,37689
78,37854
78,38379
78,38401
78,38640
78,39075
78,39121
78,39130
78,39343
78,39348
78,39362
78,39391
78,39392
78,39499
78,39684
78,39727
78,40016
78,40037
78,40242
78,40278
78,40342
78,40399
78,40533
78,40636
78,40694
78,40783
78,40866
78,41061
78,41146
78,41146
78,41185
78,41416
78,41422
78,41437
78,41552
78,41636
78,41639
78,41743
78,41815
78,41897
78,41908
78,42039
78,42048
78,42229
78,42280
78,42529
78,42642
78,42681
78,42681
78,42798
78,42867
78,42975
78,43015
78,43077
78,43293
78,43343
78,43358
78,43772
78,43864
78,43978
78,44185
78,44213
78,44254
78,44329
78,44387
78,44521
78,44531
78,44697
78,44782
78,44962
78,45020
78,45067
78,45080
78,45257
78,45299
78,45351
78,45405
78,45538
78,45565
78,45616
78,45624
78,45796
78,45809
78,45946
78,45968
78,46032
78,46088
78,46109
78,46152
78,46182
78,46263
78,46466
78,46629
78,46856
78,46927
78,47152
78,47200
78,47231
78,47944
78,47947
78,48008
78,48020
78,48089
78,48286
78,48301
78,48303
78,48407
78,48576
78,48601
78,48655
78,48661
78,48719
78,48753
78,48768
78,48971
78,49253
78,49333
78,49413
78,49471
78,49677
78,49727
78,49799
78,49959
78,49986
78,50039
78,50130
78,50159
78,50164
78,50191
78,50206
78,50338
78,50463
78,50602
78,50620
78,50732
78,50980
78,51094
78,51103
78,51670
78,51837
78,52016
78,52055
78,52268
78,52426
78,52435
78,52576
78,53133
78,53236
78,53391
78,53497
78,53563
78,53577
78,53751
78,53991
78,54210
79,32400
79,31730
79,31949
79,31986
79,32121
79,32223
79,32648
79,33261
79,33313
79,33470
79,33802
79,33900
79,34176
79,34370
79,34467
79,34528
79,34722
79,34925
79,35014
79,35056
79,35544
79,35573
79,36055
79,36057
79,36188
79,36212
79,36306
79,36307
79,36310
79,36575
79,36811
79,36841
79,36914
79,37042
79,37162
79,37746
79,37942
79,37947
79,38183
79,38817
79,39102
79,39357
79,39408
79,39444
79,39495
79,39563
79,39669
79,39753
79,39923
79,39951
79,39977
79,40030
79,40159
79,40552
79,40577
79,40592
79,40729
79,40793
79,40979
79,41163
79,41186
79,41457
79,41467
79,41547
79,41661
79,41671
79,41706
79,41768
79,41783
79,41831
79,41863
79,41865
79,41868
79,41889
79,41902
79,41978
79,42018
79,42039
79,42095
79,42129
79,42182
79,42221
79,42224
79,42377
79,42587
79,42611
79,42736
79,42747
79,42759
79,42943
79,43000
79,43101
79,43149
79,43230
79,43285
79,43310
79,43319
79,43431
79,43432
79,43452
79,43793
79,43930
79,44033
79,44053
79,44100
79,44203
79,44380
79,44498
79,44817
79,44826
79,44901
79,45062
79,45193
79,45197
79,45236
79,45256
79,45296
79,45435
79,45546
79,45663
79,45665
79,45665
79,45869
79,45976
79,46014
79,46037
79,46049
79,46064
79,46124
79,46130
79,46187
79,46285
79,46363
79,46546
79,46642
79,46723
79,47021
79,47029
79,47082
79,47114
79,47247
79,47309
79,47499
79,47657
79,47693
79,47889
79,48040
79,48075
79,48197
79,48266
79,48266
79,48330
79,48340
79,48354
79,48795
79,49025
79,49204
79,49286
79,49300
79,49425
79,49427
79,49571
79,49821
79,49895
79,49952
79,50019
79,50055
79,50128
79,50129
79,50301
79,50424
79,50604
79,50699
79,50922
79,50956
79,51022
79,51033
79,51054
79,51191
79,51251
79,51293
79,51526
79,51541
79,51626
79,51815
79,52031
79,52070
79,52223
79,52319
79,52611
79,52662
79,52665
79,52673
79,53050
79,53115
79,53336
79,53491
79,53853
79,53877
79,54230
79,54234
79,54253
80,32400
80,31533
80,31638
80,32004
80,32147
80,32232
80,32271
80,32690
80,32883
80,33417
80,33431
80,33459
80,33658
80,33937
80,34379
80,34387
80,34538
80,34708
80,34738
80,34762
80,34798
80,34807
80,35638
80,35640
80,35767
80,35954
80,36011
80,36099
80,36316
80,36456
80,36671
80,36896
80,37237
80,37268
80,37281
80,37554
80,37702
80,37714
80,38013
80,38280
80,38341
80,38421
80,38634
80,38647
80,38755
80,38892
80,39047
80,39145
80,39501
80,39536
80,39689
80,39884
80,39902
80,40041
80,40069
80,40130
80,40161
80,40164
80,40219
80,40344
80,40360
80,40430
80,40467
80,40578
80,40639
80,40662
80,40679
80,40719
80,40760
80,40962
80,41036
80,41070
80,41197
80,41224
80,41322
80,41520
80,41656
80,41699
80,41756
80,41793
80,42047
80,42085
80,42114
80,42133
80,42192
80,42272
80,42275
80,42308
80,42387
80,42466
80,42520
80,42536
80,42566
80,42616
80,42721
80,42808
80,43022
80,43035
80,43084
80,43101
80,43117
80,43161
80,43267
80,43394
80,43490
80,43778
80,43792
80,43798
80,43831
80,43893
80,43916
80,43953
80,44051
80,44081
80,44221
80,44259
80,44504
80,44561
80,44627
80,44686
80,44689
80,44856
80,44861
80,44896
80,45084
80,45141
80,45182
80,45210
80,45326
80,45394
80,45405
80,45437
80,45574
80,45619
80,45637
80,45761
80,45776
80,45785
80,45806
80,45832
80,45850
80,45941
80,46119
80,46352
80,46363
80,46379
80,46430
80,46473
80,46779
80,47383
80,47413
80,47506
80,47570
80,47812
80,47827
80,47901
80,48078
80,48183
80,48348
80,48362
80,48397
80,48506
80,48558
80,48626
80,48687
80,48721
80,48822
80,48962
80,49107
80,49338
80,49410
80,49501
80,49651
80,49670
80,50031
80,50131
80,50473
80,50610
80,50765
80,50813
80,50975
80,50983
80,50999
80,51035
80,51209
80,51254
80,51465
80,51469
80,51475
80,51477
80,51692
80,51833
80,51919
80,51963
80,52028
80,52195
80,52214
80,52217
80,52429
80,52494
80,52642
80,52692
80,52840
80,53262
80,53414
80,53545
80,53805
80,54166
80,54175
81,32400
81,31926
81,31973
81,32079
81,32131
81,32144
81,32231
81,32387
81,32395
81,32563
81,33308
81,33362
81,33405
81,33751
81,34065
81,34457
81,34563
81,35058
81,35063
81,35199
81,35254
81,35539
81,36243
81,36275
81,36406
81,36447
81,36464
81,36665
81,36866
81,37474
81,37647
81,38235
81,38255
81,38476
81,38552
81,38762
81,38897
81,38950
81,38962
81,39142
81,39173
81,39240
81,39297
81,39454
81,39587
81,39600
81,39646
81,39821
81,39871
81,39924
81,40009
81,40177
81,40352
81,40420
81,40548
81,40612
81,40623
81,40741
81,40771
81,40786
81,40793
81,40846
81,41075
81,41156
81,41248
81,41432
81,41596
81,41626
81,42051
81,42080
81,42093
81,42133
81,42169
81,42260
81,42275
81,42365
81,42402
81,42440
81,42445
81,42591
81,42617
81,42684
81,42723
81,42746
81,42747
81,42884
81,42908
81,42914
81,43107
81,43185
81,43251
81,43394
81,43475
81,43510
81,43532
81,43654
81,43743
81,43745
81,43768
81,43877
81,43917
81,43943
81,43985
81,44021
81,44083
81,44276
81,44298
81,44367
81,44374
81,44500
81,44620
81,44714
81,44731
81,44764
81,44773
81,44817
81,44919
81,45024
81,45041
81,45105
81,45140
81,45259
81,45402
81,45532
81,45795
81,45984
81,46257
81,46273
81,46291
81,46343
81,46387
81,46430
81,46488
81,46491
81,46536
81,46843
81,46988
81,47097
81,47124
81,47147
81,47210
81,47253
81,47374
81,47523
81,47575
81,47688
81,47847
81,47992
81,48160
81,48174
81,48460
81,48494
81,48557
81,48761
81,48903
81,48967
81,48980
81,48990
81,49150
81,49424
81,49453
81,49714
81,49839
81,49851
81,49967
81,50008
81,50019
81,50274
81,50492
81,50771
81,50779
81,50927
81,51001
81,51022
81,51146
81,51278
81,51284
81,51342
81,51416
81,52204
81,52326
81,52659
81,52737
81,52794
81,52891
81,53027
81,53052
81,53168
81,53207
81,53261
81,53611
81,53882
81,53900
81,53912
81,53961
81,53972
81,54067
81,54243
81,54696
81,54751
81,55189
82,32400
82,31589
82,31594
82,32169
82,32290
82,33042
82,33883
82,34073
82,34112
82,34529
82,35036
82,35200
82,35247
82,35611
82,35760
82,35827
82,36061
82,36361
82,36522
82,36584
82,37423
82,37464
82,37644
82,37842
82,37861
82,38213
82,38229
82,38343
82,38449
82,38498
82,38654
82,38700
82,38900
82,38922
82,38928
82,38951
82,39065
82,39284
82,39293
82,39373
82,39439
82,39449
82,39455
82,39462
82,39518
82,39536
82,39615
82,39638
82,39665
82,39724
82,39766
82,39810
82,39998
82,40222
82,40259
82,40491
82,40606
82,40709
82,40819
82,41209
82,41248
82,41329
82,41338
82,41388
82,41424
82,41648
82,41752
82,41769
82,41836
82,41883
82,42052
82,42155
82,42188
82,42208
82,42210
82,42269
82,42402
82,42437
82,42569
82,42590
82,42695
82,42779
82,42864
82,42905
82,43069
82,43092
82,43293
82,43294
82,43406
82,43464
82,43472
82,44004
82,44029
82,44278
82,44347
82,44357
82,44362
82,44365
82,44491
82,44577
82,44585
82,44630
82,44684
82,44776
82,44947
82,45077
82,45199
82,45338
82,45340
82,45495
82,45737
82,45789
82,45838
82,45849
82,45878
82,45917
82,45977
82,46152
82,46224
82,46258
82,46299
82,46412
82,46481
82,46556
82,46570
82,46591
82,46671
82,46766
82,47017
82,47096
82,47234
82,47606
82,47709
82,48101
82,48110
82,48362
82,48438
82,48551
82,48777
82,48834
82,48843
82,48864
82,48977
82,49056
82,49147
82,49305
82,49320
82,49717
82,49736
82,49762
82,49808
82,49827
82,49931
82,49962
82,49978
82,50152
82,50171
82,50344
82,50603
82,50875
82,50888
82,51145
82,51208
82,51243
82,51375
82,51517
82,51568
82,51629
82,51739
82,51764
82,52046
82,52206
82,52348
82,52399
82,52637
82,52681
82,52750
82,52911
82,53016
82,53079
82,53501
82,53648
82,53687
82,53728
82,53753
82,53834
82,53937
82,54232
82,54320
82,55239
82,55259
83,32400
83,31533
83,31854
83,31869
83,32036
83,32047
83,32078
83,32218
83,32314
83,32444
83,32769
83,32871
83,32876
83,33007
83,33058
83,33151
83,33687
83,33719
83,34034
83,34178
83,35084
83,35177
83,35253
83,35414
83,35717
83,36044
83,36708
83,37067
83,37105
83,37275
83,37407
83,37437
83,37724
83,37808
83,37923
83,38320
83,38800
83,38892
83,39070
83,39253
83,39384
83,39541
83,39617
83,39668
83,39700
83,39702
83,39772
83,39819
83,39869
83,40008
83,40129
83,40267
83,40277
83,40284
83,40321
83,40333
83,40386
83,40552
83,40576
83,40709
83,40757
83,41054
83,41128
83,41152
83,41206
83,41221
83,41259
83,41271
83,41359
83,41478
83,41569
83,41765
83,41805
83,41871
83,41900
83,42068
83,42127
83,42152
83,42192
83,42209
83,42251
83,42275
83,42306
83,42395
83,42450
83,42622
83,42723
83,42739
83,42763
83,42868
83,42968
83,43018
83,43050
83,43052
83,43155
83,43232
83,43376
83,43446
83,43447
83,43551
83,43561
83,43702
83,43764
83,43777
83,43828
83,43837
83,44080
83,44114
83,44212
83,44338
83,44407
83,44409
83,44468
83,44478
83,44506
83,44598
83,44635
83,45110
83,45113
83,45130
83,45213
83,45338
83,45507
83,45541
83,45574
83,45584
83,45614
83,45652
83,45763
83,45953
83,46014
83,46037
83,46156
83,46163
83,46273
83,46282
83,46474
83,46547
83,46582
83,46588
83,46673
83,46693
83,46968
83,47073
83,47084
83,47318
83,47343
83,47499
83,47599
83,47686
83,47982
83,48168
83,48310
83,48661
83,48662
83,48867
83,48898
83,48960
83,49102
83,49311
83,49351
83,49357
83,49562
83,49690
83,49700
83,49751
83,49752
83,49924
83,50038
83,50050
83,50058
83,50282
83,50344
83,50391
83,50536
83,51264
83,51470
83,51476
83,51489
83,51748
83,51796
83,51826
83,51866
83,52116
83,52271
83,52434
83,52715
83,53071
83,53107
83,53147
83,53386
83,53422
83,53484
83,53535
83,53610
83,53815
83,53841
83,53902
83,54043
83,54112
83,54291
83,54392
83,54990
84,32400
84,31514
84,31545
84,31672
84,31746
84,32439
84,32578
84,32875
84,33093
84,33168
84,33502
84,33563
84,33734
84,33973
84,33983
84,33998
84,34102
84,34162
84,34234
84,34770
84,35432
84,35651
84,36101
84,36712
84,37004
84,37054
84,37096
84,37144
84,37281
84,37467
84,37632
84,37721
84,37790
84,37991
84,38029
84,38531
84,38566
84,38772
84,39127
84,39198
84,39606
84,39656
84,39889
84,39989
84,40104
84,40144
84,40192
84,40197
84,40315
84,40432
84,40489
84,40707
84,40821
84,40836
84,40958
84,41025
84,41042
84,41048
84,41094
84,41405
84,41467
84,41530
84,41629
84,41678
84,41721
84,41726
84,41844
84,42104
84,42186
84,42200
84,42255
84,42426
84,42468
84,42672
84,42705
84,42763
84,42779
84,42819
84,42838
84,42851
84,42881
84,42945
84,43039
84,43138
84,43212
84,43256
84,43539
84,43661
84,43727
84,43737
84,43772
84,43812
84,43840
84,43949
84,43949
84,44001
84,44064
84,44074
84,44095
84,44111
84,44143
84,44174
84,44184
84,44192
84,44260
84,44317
84,44385
84,44387
84,44412
84,44608
84,44677
84,44770
84,44775
84,44853
84,44856
84,44887
84,44901
84,44999
84,45180
84,45374
84,45466
84,45466
84,45479
84,45483
84,45486
84,45548
84,45565
84,45791
84,45793
84,45801
84,45809
84,45842
84,45918
84,45961
84,46002
84,46018
84,46097
84,46110
84,46113
84,46137
84,46411
84,46493
84,46503
84,46552
84,46627
84,47080
84,47126
84,47249
84,47445
84,47456
84,47677
84,47708
84,47816
84,47972
84,48126
84,48191
84,48229
84,48248
84,48306
84,49030
84,49096
84,49282
84,49353
84,49378
84,49434
84,49590
84,50392
84,50419
84,50472
84,50731
84,50838
84,50843
84,51039
84,51147
84,51219
84,51284
84,51289
84,51325
84,51899
84,52044
84,52054
84,52168
84,52173
84,52208
84,52523
84,52698
84,52795
84,52810
84,52888
84,53027
84,53252
84,53534
84,53570
84,53635
84,54151
84,54296
84,54308
84,54409
84,54442
84,54596
84,55033
84,55051
85,32400
85,31514
85,31635
85,32070
85,32086
85,32090
85,32513
85,32601
85,32762
85,33125
85,33590
85,33719
85,33738
85,33838
85,33873
85,33950
85,33952
85,34048
85,35398
85,35940
85,36002
85,36062
85,36097
85,36132
85,36319
85,36345
85,36481
85,36750
85,36933
85,37191
85,37872
85,37896
85,38162
85,38988
85,39134
85,39240
85,39248
85,39250
85,39290
85,39363
85,39467
85,39494
85,39509
85,39637
85,39743
85,39812
85,39922
85,39994
85,40154
85,40162
85,40289
85,40297
85,40339
85,40567
85,40602
85,40815
85,40863
85,40875
85,41032
85,41123
85,41461
85,41490
85,41507
85,41516
85,41588
85,41664
85,41712
85,41748
85,41792
85,41801
85,41878
85,41934
85,42329
85,42334
85,42418
85,42519
85,42571
85,42592
85,42636
85,42719
85,42727
85,42737
85,42755
85,42778
85,42820
85,42830
85,42861
85,42929
85,42960
85,42975
85,43024
85,43370
85,43393
85,43706
85,43800
85,43876
85,43955
85,43987
85,43998
85,44040
85,44063
85,44091
85,44117
85,44177
85,44201
85,44365
85,44466
85,44530
85,44583
85,44811
85,44897
85,44914
85,45278
85,45311
85,45348
85,45402
85,45679
85,45680
85,45726
85,46053
85,46100
85,46239
85,46311
85,46529
85,46566
85,46595
85,46709
85,46815
85,46837
85,46900
85,47032
85,47043
85,47045
85,47171
85,47328
85,47363
85,47432
85,47607
85,47627
85,48146
85,48283
85,48351
85,48370
85,48632
85,48656
85,48672
85,48676
85,48741
85,48949
85,49263
85,49349
85,49460
85,49549
85,49569
85,49620
85,49847
85,50445
85,50671
85,50726
85,50883
85,50976
85,51057
85,51320
85,51380
85,51539
85,51625
85,51732
85,52060
85,52067
85,52173
85,52240
85,52311
85,52505
85,52529
85,52536
85,52867
85,53301
85,53666
85,53775
85,53854
85,53980
85,54009
85,54018
85,54059
85,54195
85,54290
85,54630
86,32400
86,31698
86,31742
86,31998
86,32132
86,32197
86,32243
86,32733
86,32806
86,32856
86,32901
86,33001
86,33063
86,33217
86,33228
86,33406
86,33455
86,33774
86,33844
86,33875
86,34357
86,34504
86,34702
86,34718
86,35333
86,35597
86,35692
86,35735
86,36282
86,36348
86,36696
86,36741
86,36998
86,37166
86,37312
86,37441
86,37743
86,37849
86,37914
86,38034
86,38553
86,38574
86,38818
86,39049
86,39113
86,39204
86,39322
86,39586
86,39614
86,39858
86,39858
86,39868
86,39897
86,39960
86,40169
86,40187
86,40215
86,40346
86,40390
86,40407
86,40435
86,40470
86,40511
86,40642
86,40667
86,40690
86,40773
86,40872
86,40905
86,41051
86,41115
86,41206
86,41229
86,41397
86,41514
86,41590
86,41673
86,41706
86,41787
86,42143
86,42155
86,42290
86,42336
86,42396
86,42400
86,42581
86,42689
86,42833
86,42936
86,42975
86,43013
86,43098
86,43101
86,43159
86,43486
86,43675
86,43751
86,43808
86,44130
86,44210
86,44217
86,44323
86,44382
86,44444
86,44503
86,44659
86,44693
86,44759
86,44932
86,44961
86,44961
86,45161
86,45573
86,45740
86,45828
86,45894
86,46110
86,46247
86,46388
86,46393
86,46416
86,46494
86,46537
86,46571
86,46641
86,46645
86,46647
86,46648
86,46650
86,46673
86,46792
86,46795
86,46896
86,47082
86,47246
86,47436
86,47917
86,48101
86,48140
86,48194
86,48321
86,48382
86,48575
86,48611
86,48670
86,48688
86,48701
86,48898
86,48933
86,48938
86,49075
86,49163
86,49264
86,49280
86,49373
86,49480
86,49486
86,49691
86,49731
86,49757
86,49978
86,50059
86,50111
86,50131
86,50525
86,50567
86,50570
86,50951
86,51133
86,51248
86,51440
86,51629
86,51646
86,51823
86,51889
86,52008
86,52149
86,52157
86,52236
86,52274
86,52296
86,52425
86,52491
86,52568
86,52939
86,52967
86,53208
86,53830
86,53976
86,53989
86,54112
86,54130
86,54162
86,54213
86,54323
86,54369
87,32400
87,32452
87,32699
87,33664
87,33710
87,33933
87,34190
87,34667
87,34988
87,34994
87,35044
87,35214
87,35992
87,36059
87,36089
87,36353
87,36378
87,36576
87,36657
87,36773
87,37002
87,37075
87,37110
87,37545
87,37589
87,37718
87,37773
87,37779
87,37975
87,37993
87,38340
87,38453
87,38476
87,38844
87,38887
87,38932
87,38943
87,39350
87,39729
87,39732
87,39737
87,39751
87,39929
87,39997
87,40092
87,40123
87,40127
87,40200
87,40289
87,40423
87,40469
87,40528
87,40545
87,40568
87,40616
87,40633
87,40894
87,41018
87,41037
87,41050
87,41144
87,41161
87,41276
87,41292
87,41303
87,41317
87,41333
87,41432
87,41474
87,41497
87,41515
87,41605
87,41692
87,41693
87,41719
87,41812
87,41941
87,42105
87,42330
87,42331
87,42428
87,42526
87,42629
87,42762
87,42894
87,43005
87,43083
87,43184
87,43227
87,43321
87,43322
87,43359
87,43653
87,43784
87,43805
87,43807
87,43935
87,44008
87,44042
87,44046
87,44156
87,44199
87,44222
87,44386
87,44442
87,44683
87,44764
87,44790
87,44834
87,44914
87,44967
87,44992
87,45192
87,45310
87,45420
87,45587
87,46021
87,46070
87,46124
87,46202
87,46316
87,46339
87,46423
87,46568
87,46792
87,46901
87,46904
87,46989
87,47070
87,47080
87,47169
87,47753
87,47829
87,47894
87,48018
87,48228
87,48496
87,48522
87,48616
87,48753
87,48913
87,49266
87,49364
87,49638
87,49678
87,49769
87,49916
87,50147
87,50260
87,50335
87,50444
87,50484
87,50521
87,50650
87,50811
87,50985
87,51021
87,51075
87,51130
87,51149
87,51178
87,51186
87,51270
87,51357
87,51593
87,51834
87,51996
87,52024
87,52080
87,52126
87,52346
87,52397
87,52439
87,52560
87,52697
87,53156
87,53443
87,53627
87,53744
87,53921
87,54157
87,54252
87,54810
88,32400
88,31849
88,32036
88,32226
88,32569
88,32726
88,32925
88,33124
88,33312
88,33366
88,33397
88,33509
88,33539
88,33553
88,33670
88,33832
88,33903
88,34046
88,34349
88,34401
88,34569
88,34612
88,34745
88,34746
88,35243
88,35272
88,35419
88,35464
88,35612
88,35692
88,35934
88,35940
88,36073
88,36175
88,36249
88,36795
88,37211
88,37457
88,37461
88,37579
88,37625
88,37960
88,38395
88,38400
88,38610
88,38834
88,38918
88,38938
88,39071
88,39136
88,39236
88,39261
88,39319
88,39377
88,39730
88,39874
88,40161
88,40239
88,40300
88,40650
88,40840
88,41050
88,41106
88,41157
88,41167
88,41178
88,41215
88,41240
88,41267
88,41279
88,41449
88,41468
88,41523
88,41846
88,41970
88,42032
88,42056
88,42122
88,42323
88,42357
88,42373
88,42409
88,42418
88,42426
88,42430
88,42462
88,42541
88,42562
88,42628
88,42715
88,42805
88,42820
88,42910
88,42914
88,42962
88,42986
88,43017
88,43018
88,43042
88,43145
88,43204
88,43375
88,43419
88,43456
88,43508
88,43518
88,43549
88,43563
88,43572
88,43582
88,43587
88,43652
88,43778
88,43796
88,44012
88,44097
88,44304
88,44404
88,44472
88,44645
88,44770
88,44812
88,44934
88,45196
88,45236
88,45280
88,45421
88,45626
88,45684
88,45738
88,45757
88,45918
88,45940
88,45945
88,45954
88,45969
88,46011
88,46267
88,46309
88,46392
88,46403
88,46442
88,46502
88,46517
88,46525
88,46753
88,46757
88,46761
88,46882
88,47013
88,47048
88,47139
88,47427
88,47992
88,48114
88,48153
88,48217
88,48452
88,48467
88,48470
88,48681
88,48682
88,48886
88,49038
88,49238
88,49681
88,50212
88,50333
88,50480
88,50544
88,50832
88,50981
88,51438
88,51476
88,51558
88,51959
88,52051
88,52154
88,52218
88,52252
88,52288
88,52296
88,52302
88,52390
88,52486
88,52715
88,52765
88,53116
88,53245
88,53512
88,53713
88,53939
88,54181
88,54185
88,54376
88,55166
89,32400
89,31501
89,32099
89,32333
89,32812
89,32882
89,33051
89,33307
89,33575
89,33618
89,33678
89,35062
89,35413
89,35619
89,36067
89,36141
89,36585
89,36637
89,36675
89,36990
89,37094
89,37366
89,37594
89,38155
89,38339
89,38363
89,38485
89,38817
89,38883
89,38985
89,39145
89,39156
89,39330
89,39406
89,39465
89,39735
89,39811
89,39827
89,39866
89,39880
89,39890
89,40302
89,40399
89,40415
89,40478
89,40629
89,40704
89,40882
89,41021
89,41032
89,41035
89,41070
89,41188
89,41282
89,41298
89,41403
89,41452
89,41645
89,41666
89,41754
89,41754
89,41790
89,41964
89,42057
89,42120
89,42262
89,42314
89,42354
89,42423
89,42434
89,42443
89,42748
89,42809
89,42860
89,42923
89,42948
89,42990
89,43058
89,43174
89,43376
89,43382
89,43388
89,43470
89,43521
89,43729
89,43766
89,43838
89,44089
89,44109
89,44111
89,44148
89,44194
89,44236
89,44366
89,44482
89,44493
89,44505
89,44624
89,44702
89,44946
89,44952
89,44987
89,45018
89,45020
89,45041
89,45081
89,45145
89,45173
89,45580
89,45610
89,45707
89,45712
89,45712
89,45757
89,45854
89,45942
89,45952
89,45971
89,45990
89,46000
89,46009
89,46112
89,46137
89,46230
89,46237
89,46411
89,46526
89,46591
89,46782
89,46794
89,46988
89,47024
89,47114
89,47219
89,47527
89,47605
89,47744
89,47835
89,48106
89,48133
89,48141
89,48238
89,48337
89,48427
89,48565
89,48622
89,48658
89,48758
89,48819
89,48832
89,49000
89,49001
89,49143
89,49279
89,49319
89,49533
89,49731
89,49779
89,49883
89,49937
89,50320
89,50592
89,50604
89,50686
89,51087
89,51096
89,51236
89,51259
89,51351
89,51376
89,51543
89,51602
89,51696
89,51839
89,51946
89,52035
89,52068
89,52667
89,52759
89,52785
89,52835
89,52942
89,52981
89,53185
89,53306
89,53344
89,53435
89,53461
89,53750
89,53984
89,53998
89,54029
89,54047
89,54085
89,54198
89,54330
89,54971
90,32400
90,31524
90,31717
90,32392
90,32552
90,32637
90,32714
90,32889
90,32925
90,32980
90,33117
90,33180
90,33241
90,33268
90,33275
90,33290
90,33509
90,33776
90,33802
90,34627
90,34778
90,34779
90,35009
90,35124
90,35614
90,35736
90,35791
90,35862
90,36178
90,36414
90,36719
90,36754
90,36761
90,36938
90,36999
90,37033
90,37131
90,37212
90,37255
90,37266
90,38036
90,38099
90,38100
90,38196
90,38439
90,38743
90,39202
90,39338
90,39419
90,39481
90,39548
90,39609
90,39664
90,39722
90,39755
90,39770
90,39818
90,39943
90,39954
90,39959
90,40016
90,40124
90,40205
90,40238
90,40413
90,40479
90,40654
90,40718
90,40758
90,40811
90,40871
90,40876
90,40885
90,40977
90,41058
90,41066
90,41201
90,41237
90,41282
90,41380
90,41407
90,41414
90,41423
90,41448
90,41461
90,41495
90,41693
90,41905
90,41935
90,41986
90,42016
90,42044
90,42225
90,42330
90,42453
90,42548
90,42660
90,42751
90,42856
90,43035
90,43050
90,43084
90,43093
90,43231
90,43266
90,43407
90,43484
90,43522
90,43839
90,43950
90,44053
90,44071
90,44099
90,44158
90,44222
90,44236
90,44270
90,44277
90,44414
90,44446
90,44454
90,44532
90,44621
90,44625
90,44790
90,44822
90,44879
90,45018
90,45180
90,45349
90,45377
90,45575
90,45663
90,45916
90,45919
90,45947
90,46088
90,46095
90,46174
90,46315
90,46340
90,46352
90,46370
90,46447
90,46481
90,46534
90,46655
90,46674
90,46721
90,47121
90,47147
90,47149
90,47160
90,47289
90,47294
90,47406
90,47470
90,47811
90,47923
90,47958
90,48237
90,48252
90,48268
90,48271
90,48388
90,48467
90,48588
90,48706
90,48750
90,48846
90,48891
90,48986
90,49144
90,49296
90,49301
90,49388
90,49411
90,49432
90,49623
90,49934
90,50023
90,50038
90,50084
90,50132
90,50318
90,50486
90,50776
90,50777
90,50811
90,50890
90,51358
90,51382
90,51506
90,51822
90,51937
90,52540
90,52851
90,52983
90,53019
90,53166
90,53283
90,53291
90,53318
90,53333
90,53539
90,53693
90,53889
90,54218
90,54337
90,54525
90,54627
90,55189
91,32400
91,31572
91,32033
91,32157
91,32453
91,32753
91,32813
91,32881
91,33023
91,33110
91,33166
91,33342
91,33521
91,33563
91,33737
91,33808
91,34053
91,34168
91,34582
91,34637
91,34652
91,34953
91,35070
91,35192
91,35391
91,35425
91,35558
91,35560
91,35721
91,36278
91,36327
91,36646
91,36782
91,37099
91,37233
91,37329
91,37393
91,37583
91,37610
91,37688
91,37829
91,37908
91,38462
91,38763
91,38772
91,38945
91,39044
91,39101
91,39140
91,39182
91,39340
91,39382
91,39523
91,39566
91,39574
91,39633
91,39825
91,39832
91,39904
91,39943
91,40104
91,40226
91,40226
91,40286
91,40298
91,40320
91,40348
91,40398
91,40434
91,40473
91,40541
91,40582
91,40642
91,40778
91,40905
91,40930
91,40959
91,40970
91,41101
91,41109
91,41143
91,41190
91,41310
91,41336
91,41494
91,41536
91,41551
91,41569
91,41583
91,41672
91,41723
91,41862
91,42095
91,42138
91,42223
91,42264
91,42310
91,42430
91,42560
91,42593
91,42597
91,42735
91,42774
91,43200
91,43399
91,43537
91,43684
91,43691
91,43717
91,43730
91,43791
91,43886
91,43975
91,44000
91,44118
91,44120
91,44168
91,44206
91,44312
91,44339
91,44360
91,44367
91,44384
91,44434
91,44450
91,44537
91,44641
91,44688
91,44757
91,44795
91,44899
91,45001
91,45044
91,45122
91,45253
91,45471
91,45508
91,46055
91,46218
91,46224
91,46305
91,46411
91,46425
91,46536
91,46553
91,46619
91,46645
91,46645
91,46681
91,46867
91,46944
91,46979
91,46986
91,47010
91,47029
91,47046
91,47382
91,47397
91,47479
91,47756
91,48023
91,48113
91,48197
91,48283
91,48312
91,48374
91,48462
91,48625
91,48666
91,48683
91,49114
91,49129
91,49334
91,49433
91,49519
91,49534
91,49844
91,50097
91,50135
91,50260
91,50293
91,50305
91,50391
91,50691
91,50710
91,50921
91,51059
91,52096
91,52182
91,52377
91,52422
91,52776
91,52835
91,52944
91,53025
91,53046
91,53221
91,53346
91,53371
91,53396
91,53755
91,53965
91,53999
91,54151
91,54291
91,55017
92,32400
92,31646
92,31918
92,32199
92,32991
92,33174
92,33286
92,33444
92,34171
92,34308
92,34350
92,34665
92,35030
92,35132
92,35470
92,35880
92,36027
92,36096
92,36145
92,36200
92,36283
92,36417
92,36498
92,36517
92,36580
92,37375
92,37729
92,38044
92,38411
92,38647
92,38761
92,39215
92,39310
92,39316
92,39537
92,39659
92,39727
92,39757
92,39931
92,39979
92,40003
92,40018
92,40070
92,40082
92,40292
92,40293
92,40426
92,40438
92,40447
92,40497
92,40547
92,40590
92,40647
92,40667
92,40711
92,40731
92,40775
92,40861
92,40875
92,40944
92,41024
92,41040
92,41180
92,41343
92,41538
92,41580
92,41602
92,41688
92,41942
92,41958
92,42044
92,42062
92,42306
92,42314
92,42535
92,42599
92,42675
92,42750
92,42758
92,42771
92,42846
92,42918
92,42971
92,43060
92,43060
92,43068
92,43208
92,43272
92,43345
92,43419
92,43647
92,43823
92,44004
92,44018
92,44096
92,44207
92,44239
92,44249
92,44275
92,44289
92,44314
92,44317
92,44414
92,44450
92,44642
92,44815
92,44957
92,44998
92,45174
92,45193
92,45237
92,45458
92,45545
92,45608
92,45763
92,45815
92,45971
92,45978
92,46101
92,46248
92,46261
92,46270
92,46293
92,46365
92,46382
92,46457
92,46582
92,46685
92,46849
92,46861
92,46890
92,46928
92,47028
92,47121
92,47209
92,47471
92,47526
92,47567
92,47613
92,47850
92,47922
92,48027
92,48107
92,48248
92,48374
92,48703
92,48718
92,48821
92,48838
92,49088
92,49300
92,49348
92,49389
92,49389
92,49756
92,49831
92,49843
92,50368
92,50647
92,50700
92,50904
92,51011
92,51026
92,51303
92,51351
92,51560
92,51719
92,51833
92,51991
92,52244
92,52320
92,52408
92,52518
92,52731
92,52899
92,52908
92,53110
92,53179
92,53378
92,53466
92,53492
92,53696
92,53778
92,53922
92,53923
92,53961
92,53980
92,54131
92,54144
92,54296
92,54421
92,54621
93,32400
93,31501
93,31987
93,32026
93,32044
93,32177
93,32240
93,32438
93,32604
93,32770
93,33121
93,33196
93,33588
93,33686
93,33771
93,34021
93,34398
93,34564
93,34627
93,34657
93,34805
93,35119
93,35226
93,35815
93,36069
93,36203
93,36402
93,36565
93,36635
93,36846
93,37077
93,37331
93,37487
93,37596
93,38069
93,38448
93,38583
93,38610
93,38668
93,38669
93,38709
93,39084
93,39291
93,39318
93,39333
93,39415
93,39547
93,39578
93,39623
93,39890
93,39967
93,40150
93,40310
93,40417
93,40443
93,40471
93,40509
93,40638
93,40753
93,40877
93,40884
93,40944
93,41041
93,41127
93,41187
93,41220
93,41274
93,41337
93,41437
93,41515
93,41537
93,41686
93,41690
93,41777
93,41787
93,41789
93,41815
93,41923
93,41945
93,41983
93,42106
93,42135
93,42144
93,42403
93,42464
93,42630
93,42651
93,42816
93,42827
93,42888
93,42900
93,42980
93,43005
93,43175
93,43190
93,43203
93,43203
93,43478
93,43605
93,43605
93,43668
93,43874
93,43876
93,43991
93,44017
93,44139
93,44141
93,44155
93,44192
93,44210
93,44259
93,44263
93,44310
93,44409
93,44424
93,44686
93,44690
93,44724
93,44770
93,44816
93,44837
93,44893
93,44989
93,45084
93,45093
93,45193
93,45220
93,45232
93,45276
93,45287
93,45436
93,45593
93,45600
93,45663
93,45713
93,45782
93,45795
93,45833
93,46197
93,46312
93,46459
93,46494
93,46542
93,46733
93,46925
93,47025
93,47058
93,47303
93,47324
93,47452
93,47484
93,47689
93,47915
93,47982
93,48152
93,48246
93,48595
93,48799
93,48838
93,49001
93,49117
93,49350
93,49637
93,49669
93,49715
93,49933
93,49950
93,50045
93,50052
93,50085
93,50956
93,51179
93,51226
93,51437
93,51668
93,51853
93,52029
93,52035
93,52437
93,52806
93,52906
93,52937
93,52958
93,53012
93,53182
93,53273
93,53296
93,53317
93,53341
93,53493
93,53498
93,53712
93,53746
93,53873
93,53950
93,54015
93,54039
93,54275
93,54302
93,54821
93,55001
93,55019
93,55121
93,55151
94,32400
94,32043
94,32702
94,32921
94,33070
94,33197
94,33324
94,33748
94,34125
94,34854
94,34956
94,35218
94,35281
94,35807
94,35822
94,35988
94,36116
94,36169
94,37030
94,37321
94,37677
94,37685
94,37720
94,37785
94,37857
94,38030
94,38193
94,38406
94,38979
94,39098
94,39206
94,39264
94,39416
94,39440
94,39452
94,39524
94,39663
94,39782
94,39895
94,40176
94,40219
94,40262
94,40326
94,40389
94,40447
94,40517
94,40589
94,40924
94,40939
94,41218
94,41224
94,41415
94,41457
94,41768
94,41927
94,42120
94,42315
94,42656
94,42711
94,42758
94,42888
94,43194
94,43559
94,43569
94,43581
94,43765
94,43948
94,44030
94,44042
94,44088
94,44089
94,44120
94,44158
94,44432
94,44521
94,44697
94,44729
94,44763
94,44792
94,44821
94,44868
94,44876
94,45034
94,45293
94,45388
94,45422
94,45777
94,45870
94,45955
94,45993
94,46014
94,46233
94,46272
94,46282
94,46361
94,46393
94,46398
94,46422
94,46505
94,46586
94,46729
94,46798
94,46956
94,46989
94,47013
94,47120
94,47190
94,47206
94,47209
94,47252
94,47481
94,47509
94,48110
94,48462
94,48521
94,48688
94,48717
94,48854
94,49167
94,49274
94,49316
94,49385
94,49389
94,49960
94,49980
94,50154
94,50200
94,50407
94,50502
94,50555
94,50675
94,50766
94,50877
94,50929
94,50991
94,51000
94,51015
94,51074
94,51145
94,51292
94,51651
94,51652
94,51762
94,51818
94,51874
94,51893
94,51959
94,52102
94,52126
94,52338
94,52447
94,52842
94,52857
94,53047
94,53074
94,53094
94,53393
94,53533
94,53684
94,53696
94,53918
94,54134
94,54146
94,54157
94,54189
94,54295
95,32400
95,31509
95,31657
95,32065
95,32291
95,32347
95,32396
95,32871
95,33100
95,33756
95,34040
95,34850
95,34918
95,35213
95,35607
95,35642
95,35679
95,35749
95,35803
95,36073
95,36426
95,36660
95,36967
95,37129
95,37223
95,37471
95,37863
95,38162
95,38234
95,38514
95,38758
95,39030
95,39141
95,39150
95,39320
95,39416
95,39568
95,39658
95,39704
95,39707
95,39714
95,40290
95,40299
95,40309
95,40320
95,40351
95,40444
95,40447
95,40528
95,40537
95,40619
95,40630
95,40661
95,40788
95,40889
95,40914
95,40930
95,40953
95,41090
95,41162
95,41189
95,41225
95,41269
95,41309
95,41482
95,41490
95,41596
95,41671
95,41704
95,41741
95,41780
95,41932
95,41977
95,42155
95,42301
95,42476
95,42485
95,42497
95,42500
95,42513
95,42558
95,42694
95,42826
95,42849
95,42935
95,42975
95,43013
95,43066
95,43105
95,43393
95,43398
95,43432
95,43455
95,43532
95,43580
95,43634
95,43677
95,43750
95,43810
95,43866
95,43915
95,43936
95,43988
95,44002
95,44020
95,44093
95,44112
95,44144
95,44160
95,44183
95,44210
95,44406
95,44519
95,44637
95,44637
95,44641
95,44945
95,45045
95,45098
95,45175
95,45355
95,45520
95,45731
95,45881
95,45903
95,45967
95,45980
95,46066
95,46263
95,46315
95,46328
95,46334
95,46513
95,46912
95,46917
95,46982
95,47032
95,47052
95,47564
95,47768
95,47871
95,47889
95,48082
95,48253
95,48303
95,48356
95,48512
95,48609
95,48730
95,48760
95,48948
95,49072
95,49196
95,49262
95,49436
95,49665
95,50021
95,50051
95,50203
95,50231
95,50255
95,50362
95,50615
95,50740
95,50937
95,51138
95,51243
95,51343
95,51357
95,51447
95,51553
95,51579
95,51613
95,51728
95,51738
95,51738
95,51801
95,51825
95,52142
95,52305
95,52370
95,52450
95,52599
95,52699
95,52966
95,53072
95,53114
95,53526
95,53610
95,53687
95,53724
95,53914
95,53923
95,54080
95,54177
95,54979
96,32400
96,31555
96,31695
96,31912
96,32090
96,32164
96,32418
96,32486
96,32665
96,32942
96,33001
96,33169
96,33251
96,34302
96,34344
96,34569
96,34727
96,34877
96,35156
96,35185
96,35334
96,36157
96,36539
96,37043
96,37050
96,37205
96,37514
96,37988
96,38805
96,39101
96,39196
96,39253
96,39424
96,39432
96,39611
96,39674
96,39967
96,39998
96,40077
96,40233
96,40492
96,40501
96,40510
96,40540
96,40623
96,40693
96,40831
96,40864
96,41048
96,41144
96,41169
96,41171
96,41207
96,41313
96,41415
96,41431
96,41511
96,41538
96,41553
96,41611
96,41854
96,41994
96,42040
96,42042
96,42127
96,42128
96,42416
96,42449
96,42465
96,42469
96,42483
96,42485
96,42666
96,42829
96,42879
96,42880
96,42948
96,43042
96,43137
96,43183
96,43266
96,43269
96,43290
96,43423
96,43515
96,43563
96,43596
96,43715
96,43839
96,43847
96,43909
96,43951
96,44003
96,44015
96,44042
96,44210
96,44281
96,44290
96,44375
96,44434
96,44498
96,44581
96,44687
96,44698
96,44711
96,44770
96,44834
96,44913
96,44916
96,44930
96,44948
96,45004
96,45199
96,45251
96,45372
96,45444
96,45649
96,45656
96,45657
96,45748
96,45801
96,45851
96,46005
96,46018
96,46054
96,46069
96,46079
96,46107
96,46209
96,46631
96,46632
96,46659
96,46670
96,46835
96,47037
96,47087
96,47143
96,47249
96,47254
96,47402
96,47416
96,47745
96,47943
96,48023
96,48054
96,48062
96,48139
96,48273
96,48357
96,48365
96,48372
96,48490
96,48605
96,49045
96,49100
96,49178
96,49179
96,49227
96,49304
96,49782
96,49926
96,49944
96,50001
96,50185
96,50325
96,50500
96,50504
96,50563
96,50886
96,50987
96,51369
96,51483
96,51545
96,51580
96,51591
96,51726
96,51748
96,52241
96,52319
96,52347
96,52474
96,52508
96,52615
96,52656
96,52704
96,52790
96,52939
96,52979
96,53021
96,53056
96,53066
96,53111
96,53216
96,53300
96,53436
96,53517
96,53728
96,53992
96,54112
97,32400
97,31755
97,31843
97,31878
97,32001
97,32040
97,32067
97,32298
97,32573
97,32843
97,33299
97,33579
97,33858
97,33875
97,34045
97,34170
97,34900
97,35228
97,35236
97,35314
97,35428
97,35453
97,35683
97,35938
97,36536
97,36581
97,36614
97,36650
97,36788
97,36903
97,37036
97,37086
97,37747
97,38329
97,38548
97,38780
97,39069
97,39518
97,39617
97,39651
97,39668
97,39686
97,39780
97,39792
97,39821
97,39939
97,40037
97,40118
97,40305
97,40379
97,40571
97,40628
97,40664
97,40682
97,40773
97,40776
97,40805
97,40886
97,41022
97,41065
97,41079
97,41095
97,41135
97,41202
97,41223
97,41348
97,41409
97,41455
97,41529
97,41534
97,41717
97,41719
97,41755
97,41808
97,41876
97,41894
97,41932
97,41956
97,42122
97,42128
97,42175
97,42249
97,42251
97,42299
97,42553
97,42633
97,42766
97,42875
97,42931
97,42941
97,43073
97,43187
97,43481
97,43503
97,43509
97,43527
97,43534
97,43585
97,43600
97,43721
97,43832
97,43860
97,43926
97,43969
97,43981
97,44121
97,44184
97,44336
97,44399
97,44410
97,44543
97,44626
97,44650
97,44756
97,44804
97,44827
97,44840
97,45024
97,45141
97,45189
97,45204
97,45269
97,45292
97,45322
97,45573
97,45695
97,45713
97,45823
97,45837
97,45871
97,46253
97,46299
97,46324
97,46347
97,46383
97,46396
97,46460
97,46641
97,46665
97,46672
97,46710
97,47173
97,47234
97,47309
97,47338
97,47385
97,47474
97,47553
97,47560
97,48108
97,48315
97,48383
97,48846
97,48897
97,48954
97,48981
97,49599
97,49630
97,49637
97,49721
97,49781
97,49942
97,50145
97,50153
97,50319
97,50365
97,50390
97,50428
97,50430
97,50494
97,50667
97,50949
97,51033
97,51100
97,51126
97,51360
97,51494
97,51521
97,51654
97,51832
97,51945
97,51952
97,52048
97,52059
97,52093
97,52144
97,52373
97,52663
97,52694
97,52727
97,52774
97,52836
97,52888
97,52962
97,53060
97,53117
97,53160
97,53231
97,53419
97,53499
97,53573
97,53729
97,53979
97,54060
97,54069
97,54204
97,54459
98,32400
98,31515
98,31824
98,32049
98,32189
98,32214
98,32511
98,33016
98,33428
98,33442
98,33673
98,33758
98,33959
98,33992
98,34129
98,34341
98,34385
98,35008
98,35069
98,35186
98,35917
98,36262
98,36319
98,36704
98,36764
98,36937
98,37615
98,37656
98,37727
98,37803
98,37827
98,38055
98,38078
98,38204
98,38364
98,38786
98,38977
98,39060
98,39100
98,39146
98,39276
98,39552
98,39552
98,39563
98,40059
98,40133
98,40243
98,40263
98,40291
98,40496
98,40706
98,40706
98,40827
98,40933
98,40959
98,41086
98,41380
98,41489
98,41509
98,41607
98,41631
98,41638
98,41752
98,42081
98,42161
98,42198
98,42264
98,42265
98,42278
98,42337
98,42383
98,42619
98,42686
98,42933
98,42985
98,42992
98,43166
98,43174
98,43229
98,43356
98,43448
98,43589
98,43643
98,43700
98,43959
98,43963
98,43965
98,43972
98,44104
98,44106
98,44187
98,44296
98,44301
98,44401
98,44556
98,44559
98,44591
98,44653
98,44693
98,44732
98,44741
98,44779
98,44875
98,44978
98,45050
98,45055
98,45172
98,45190
98,45232
98,45247
98,45499
98,45531
98,45575
98,45632
98,45711
98,45823
98,45848
98,45897
98,45929
98,46164
98,46222
98,46231
98,46239
98,46322
98,46429
98,46456
98,46554
98,46646
98,46750
98,46781
98,46961
98,47037
98,47345
98,47494
98,47548
98,48087
98,48109
98,48290
98,48340
98,48525
98,48629
98,48707
98,48901
98,49007
98,49378
98,49736
98,49793
98,49822
98,49900
98,50016
98,50128
98,50521
98,50527
98,50655
98,50719
98,50783
98,51034
98,51122
98,51127
98,51792
98,51823
98,51961
98,52135
98,52186
98,52517
98,52579
98,52636
98,52721
98,52728
98,52935
98,53027
98,53134
98,53277
98,53353
98,53488
98,53760
98,53822
98,53876
98,53892
98,53957
98,53989
98,54064
98,54124
98,55006
99,32400
99,31618
99,31724
99,31940
99,31998
99,32054
99,32094
99,32171
99,32651
99,32683
99,32690
99,32829
99,33046
99,33130
99,33152
99,33170
99,33423
99,34036
99,34118
99,34340
99,34500
99,34728
99,34797
99,35142
99,35143
99,35441
99,35464
99,35494
99,35640
99,35819
99,35875
99,35994
99,36080
99,36167
99,36331
99,36525
99,37184
99,37204
99,37277
99,37318
99,37470
99,37719
99,37974
99,37975
99,38175
99,38522
99,39067
99,39187
99,39368
99,39448
99,39476
99,39484
99,39498
99,39560
99,39688
99,39725
99,39809
99,39861
99,39874
99,39956
99,40154
99,40177
99,40184
99,40247
99,40297
99,40508
99,40653
99,40677
99,40684
99,40696
99,40728
99,40734
99,40805
99,40879
99,40988
99,40993
99,41111
99,41124
99,41150
99,41164
99,41297
99,41447
99,41583
99,41590
99,41647
99,41754
99,41942
99,41987
99,41994
99,42044
99,42112
99,42154
99,42291
99,42318
99,42420
99,42430
99,42664
99,42704
99,42844
99,43137
99,43255
99,43268
99,43354
99,43406
99,43455
99,43471
99,43492
99,43744
99,43828
99,43911
99,43944
99,44078
99,44098
99,44659
99,44710
99,44787
99,44792
99,44981
99,45044
99,45124
99,45159
99,45214
99,45342
99,45345
99,45348
99,45397
99,45476
99,45512
99,45533
99,45546
99,45577
99,45609
99,45678
99,45758
99,45792
99,46021
99,46129
99,46184
99,46185
99,46201
99,46247
99,46398
99,46403
99,46420
99,46448
99,46453
99,46490
99,46615
99,46643
99,46653
99,46909
99,47049
99,47112
99,47186
99,47359
99,47770
99,47901
99,48308
99,48374
99,48388
99,48451
99,48654
99,48766
99,48956
99,48966
99,49118
99,49119
99,49343
99,49466
99,49471
99,49514
99,49571
99,49738
99,49804
99,50317
99,50497
99,50592
99,50826
99,50869
99,50971
99,51154
99,51358
99,51393
99,51613
99,51889
99,51930
99,52069
99,52072
99,52094
99,52579
99,52803
99,52804
99,52838
99,52841
99,52848
99,52937
99,53090
99,53109
99,53275
99,53326
99,53372
99,53554
99,53615
99,53982
99,54237
99,54351
99,54555
99,54597
99,55001
99,55077
99,55092
