replica,x,y
0,10000.0,10000.0
0,9507.339,13132.943
0,13762.381,15357.055
0,7257.9316,15799.641
0,11218.434,17415.34
0,9394.229,13648.347
0,10718.704,11996.603
0,9320.716,16271.277
0,3631.3096,4045.3274
0,14656.397,1610.9832
0,18009.473,5087.198
0,9138.669,13446.541
0,14120.997,2510.3865
0,16167.37,15408.079
0,5474.177,8613.186
0,6315.183,14024.967
0,9343.389,14629.623
0,6562.316,7528.1914
0,8263.612,15071.677
0,8797.715,14344.81
0,14834.995,15431.286
0,12804.267,15495.004
0,9784.034,2952.0671
0,12833.079,5313.3535
0,10498.019,15994.1
0,6818.176,4449.6035
0,12060.4,12020.144
0,9937.117,15102.302
0,13317.089,14573.594
0,7248.3213,15959.834
0,4977.831,2919.1228
0,6620.87,11642.52
0,4094.886,4616.3535
0,15120.237,6908.9185
0,12117.346,13933.218
0,11669.804,12949.652
0,15478.117,4363.097
0,7895.411,1729.8707
0,6210.7183,4885.625
0,8395.564,15519.687
0,12954.415,15749.065
0,8201.26,16582.34
0,13847.725,12858.082
0,9772.541,5407.2173
0,12360.564,17433.268
0,5758.282,14972.849
0,4635.391,4282.949
0,14053.336,11799.263
0,11564.428,14147.136
0,10407.203,6131.4854
0,8037.9243,13192.145
0,10286.74,11372.325
0,7716.435,8541.929
0,13343.345,16141.413
0,13706.007,4635.472
0,7577.8022,9423.962
0,7463.3706,17373.89
0,17451.85,11742.824
0,5176.442,2259.9946
0,10948.532,13135.164
0,4307.9355,4330.412
0,3765.2068,8220.937
0,3425.0483,7199.5044
0,16121.713,5983.615
0,13197.359,1898.7771
0,7017.9814,6915.396
0,6725.2397,18420.748
0,6471.961,13707.375
0,2765.2837,6139.569
0,6622.0522,14824.914
0,7973.0635,13973.605
0,9834.127,15627.527
0,10359.189,14428.7
0,9419.703,10827.307
0,3789.301,4760.328
0,9499.901,15183.944
0,12563.94,12689.603
0,6520.5107,10701.257
0,15015.1045,5523.142
0,9798.093,14238.327
0,4996.5986,8351.975
0,8438.505,14621.178
0,10631.716,16208.879
0,10130.388,4617.844
0,11912.204,17369.746
0,12284.344,16172.896
0,6351.8135,3928.7651
0,14707.467,18201.105
0,17468.836,4576.6255
0,11153.846,3231.301
0,11362.906,13178.545
0,6027.4565,13137.445
0,12599.047,7308.8857
0,12123.793,10855.42
0,6623.93,4833.8623
0,8118.978,15313.208
0,10770.027,14989.516
0,11034.538,14337.634
0,9607.867,15944.473
0,11887.471,5123.07
0,15136.819,1704.9099
0,14387.716,15322.207
0,10478.324,17592.42
0,11895.442,14722.498
0,5053.443,2740.3882
0,3906.5898,5162.9165
0,5118.904,3577.4712
0,4996.9893,13327.966
0,6175.1743,5262.507
0,0.0,14351.844
0,11270.047,14033.99
0,13573.6,5446.0747
0,7937.5835,7178.4116
0,1592.6857,4330.844
0,9042.021,12903.309
0,4924.16,3914.8333
0,1485.3517,5663.3755
0,16460.047,2479.3892
0,13205.867,16143.018
0,10293.465,15302.557
0,5179.8496,4814.4824
0,11314.284,11402.77
0,10735.411,4160.6533
0,14065.113,12431.458
0,13526.097,4173.9453
0,13576.893,18904.887
0,12501.957,14247.475
0,11470.514,16951.574
0,10437.895,2013.7635
0,7846.498,11601.094
0,11199.882,15149.383
0,9722.528,14912.782
0,11955.126,4862.2246
0,12613.808,4775.6113
0,10507.872,12208.548
0,11125.941,17082.838
0,14729.982,14900.983
0,6169.614,15356.601
0,5032.278,5941.012
0,10057.692,15063.48
0,13938.76,3171.5928
0,13934.739,10536.584
0,10695.395,2725.5063
0,17748.273,7454.9463
0,10129.179,14646.609
0,12161.647,5675.5293
0,10188.935,13811.839
0,7791.7954,13888.182
0,17298.98,2964.9924
0,4904.8047,5329.202
0,9963.505,4777.8735
0,8086.1626,12243.654
0,13519.977,6667.6147
0,6228.8125,12022.05
0,5842.9927,13367.789
0,7096.0254,16491.182
0,3851.711,1278.6691
0,12423.569,7296.12
0,8593.595,16387.354
0,13068.32,14113.013
0,9388.033,16988.506
0,14592.853,6816.9434
0,8881.794,11727.041
0,6685.5728,14782.391
0,12342.127,15864.9375
0,14439.584,14248.422
0,9999.449,5178.669
0,4235.136,5779.3936
0,18733.703,8405.395
0,14347.707,0.0
0,9988.006,14194.336
0,4895.503,15787.213
0,14843.434,853.7417
0,7432.302,15072.801
0,10789.026,16047.376
0,5284.405,3685.4668
0,12272.3,2642.07
0,11199.42,17582.133
0,1541.5637,3754.2632
0,3592.533,6543.067
0,12964.45,15812.394
0,5980.4946,828.22156
0,10704.935,7016.572
0,8269.253,4706.974
0,12863.608,16332.811
0,10347.921,10982.78
0,14524.534,2529.9663
0,8323.302,13938.363
0,11177.069,12939.415
0,12898.865,1399.8783
0,10781.301,13944.874
0,11478.877,7047.309
0,5066.6323,6160.5767
1,10000.0,10000.0
1,15473.067,3223.6958
1,2747.1777,2163.565
1,6938.2974,7725.331
1,10854.364,11726.529
1,5811.7876,13643.97
1,10412.303,3854.3335
1,8853.437,14530.8545
1,13156.417,3178.9062
1,4712.0444,2062.883
1,10503.843,15701.087
1,3253.8074,2749.713
1,9662.932,14389.352
1,16537.223,13625.979
1,12758.658,5418.917
1,15951.38,7052.151
1,11468.568,14371.184
1,12645.845,15115.401
1,8859.356,15791.533
1,7475.1514,13761.189
1,10463.766,17038.088
1,6422.4766,15181.341
1,4994.4517,4886.3906
1,11024.35,14280.029
1,14806.478,13802.137
1,7487.014,15550.204
1,6243.3203,15100.208
1,8932.283,8284.274
1,13144.351,3670.851
1,15285.853,14428.723
1,565.96155,4094.8672
1,1556.7762,4039.5862
1,7884.375,2834.9832
1,6913.7144,15965.409
1,14344.971,15003.866
1,11616.257,10348.572
1,9765.557,15061.631
1,2786.0728,4242.7954
1,10451.333,16051.054
1,11266.939,2596.638
1,4519.9556,15113.001
1,1734.3414,6902.4873
1,13478.308,6412.1094
1,12458.842,11247.546
1,9440.686,4395.638
1,12626.941,9939.067
1,9166.354,12844.657
1,16900.941,4359.8716
1,6615.4683,4223.2334
1,5661.097,6531.0513
1,11506.562,5667.416
1,16351.844,6198.6875
1,11583.722,14993.399
1,6367.9834,15490.219
1,11665.773,13644.589
1,7086.637,12723.654
1,4683.364,4076.6746
1,7244.761,17799.826
1,15614.691,3610.0312
1,11108.399,5585.9
1,13139.015,15592.222
1,1666.9536,4241.0254
1,15165.253,16942.766
1,8479.515,6507.0957
1,9079.959,15582.598
1,6999.8633,5910.3525
1,8802.619,15548.203
1,7929.0576,16220.851
1,13203.517,15805.528
1,10373.631,4864.468
1,10249.05,17351.592
1,18271.418,5474.1846
1,14286.331,2474.0698
1,7304.5405,14302.047
1,9324.213,11596.887
1,12939.426,12401.564
1,5809.2896,6821.721
1,9355.493,16238.27
1,7388.7324,9694.815
1,12731.108,14696.233
1,4993.427,13106.526
1,10229.08,14195.033
1,12166.879,3778.4114
1,6361.4375,13382.559
1,12486.978,15820.304
1,10469.6,6345.0615
1,3906.392,4307.5625
1,12391.028,15675.623
1,9781.206,13541.3955
1,3872.0046,6610.402
1,14244.407,14019.239
1,9522.343,15628.219
1,3902.5623,16855.256
1,14573.413,4207.9517
1,7807.36,15900.928
1,15415.787,17139.463
1,16301.751,4686.647
1,7096.3994,16104.78
1,11310.249,7486.2935
1,11800.696,3319.241
1,6304.6523,3224.8093
1,11220.767,12380.138
1,9676.733,12789.174
1,9367.47,11805.447
1,6632.602,6046.896
1,6384.7,13830.426
1,12111.748,16167.248
1,13705.97,7285.5234
1,971.8678,2491.4724
1,7613.6084,17172.793
1,4738.248,14163.24
1,11728.959,11649.396
1,6463.799,3837.4824
1,14055.376,3423.3127
1,9181.705,17368.557
1,8798.087,13923.075
1,7695.1274,15249.115
1,7256.98,11687.936
1,11154.29,15163.515
1,6325.294,14449.272
1,3560.5527,7763.169
1,7979.308,15568.981
1,8557.0,13795.361
1,7217.69,4174.3564
1,12061.415,16940.902
1,7966.653,2708.918
1,12055.798,15427.868
1,10954.291,3160.4417
1,7587.995,12572.776
1,9411.919,13376.163
1,8109.38,2334.96
1,8657.815,7645.4766
1,14351.766,1833.6896
1,5740.2407,12750.312
1,8235.7295,17214.006
1,9793.571,3871.7114
1,5209.925,5498.5156
1,8307.414,1850.4286
1,12004.125,16190.43
1,8089.931,16337.915
1,10487.538,6213.0527
1,14757.482,20000.0
1,11542.079,16590.03
1,9799.573,13914.293
1,5657.31,6575.28
1,4559.8833,4303.341
1,16867.666,3609.1182
1,5126.971,13762.729
1,10165.377,5769.4893
1,7037.8984,17008.785
1,17838.05,2542.027
1,11075.944,13182.594
1,10529.242,15556.8125
1,11668.642,3794.6963
1,2675.9163,5648.6904
1,9701.902,9677.302
1,17237.12,1357.3477
1,7515.454,10070.932
1,12969.836,15899.372
1,13055.301,20000.0
1,14665.007,6309.3125
1,12918.0625,3615.1897
1,4740.396,13055.187
1,7043.2173,6845.4116
1,8038.594,8858.209
1,8590.188,15048.357
1,7142.8076,17320.467
1,16186.107,8258.05
1,14829.574,4733.2305
1,10266.514,5967.3423
1,8167.6846,6889.538
1,12092.875,3246.7783
1,2899.7183,14463.808
1,11163.523,16085.905
1,8048.321,14742.226
1,9163.647,13434.407
1,11684.529,14651.611
1,18266.02,8222.096
1,11052.694,13617.845
1,9842.122,13374.3125
1,9420.0,13627.698
1,10049.224,6021.3325
1,7625.168,7648.2285
1,12947.45,4535.882
1,9165.642,13565.16
1,10527.92,15065.709
2,10000.0,10000.0
2,6447.63,5014.594
2,14906.545,6794.688
2,8981.192,3971.526
2,7978.782,9360.183
2,12570.499,5386.0044
2,11022.003,3722.4956
2,15827.427,5720.353
2,5196.9683,17881.1
2,7624.7695,7020.245
2,9500.019,13822.672
2,10150.161,13033.387
2,7224.3477,6773.3916
2,11076.115,16356.502
2,10319.155,14048.751
2,17369.994,3916.504
2,8760.797,6282.6714
2,10933.15,15968.906
2,16011.726,2274.8518
2,4537.705,3952.1047
2,17338.582,6593.6987
2,9907.894,14183.897
2,8938.737,13596.197
2,2481.6584,4840.5894
2,5805.642,2350.5579
2,11955.072,4470.7856
2,14677.9795,7450.9893
2,13769.752,12839.305
2,9850.603,16142.164
2,3553.193,14526.342
2,18035.863,9017.73
2,5105.2153,3451.7632
2,11244.559,12958.12
2,10382.045,15679.898
2,8932.0625,5823.8887
2,11314.662,13291.599
2,12468.838,8155.8525
2,3196.3064,9327.92
2,6957.5513,2880.8691
2,9299.925,17273.324
2,15589.724,2145.834
2,9747.715,12224.248
2,10340.12,8837.499
2,14876.655,11953.547
2,7012.1597,17077.762
2,9552.436,15367.07
2,11355.3955,13686.777
2,13806.884,6622.517
2,7617.4214,4830.486
2,4626.815,1494.6863
2,17533.266,7260.168
2,8554.679,15691.371
2,13818.606,12761.459
2,9423.84,14085.789
2,13197.751,4782.6875
2,5679.7373,13259.958
2,17005.494,3104.2734
2,3193.7046,4192.8374
2,11579.424,5512.2866
2,2908.5273,6590.3154
2,9890.833,14913.914
2,13167.029,3624.2424
2,15028.461,11731.331
2,6357.5566,13569.773
2,4522.247,5679.3413
2,15605.029,12318.741
2,3445.6406,4834.723
2,13715.49,15394.803
2,11739.639,11524.763
2,7979.091,2006.6255
2,14251.387,782.93506
2,20000.0,4851.515
2,12846.754,6818.781
2,11552.477,14966.148
2,11845.168,3684.0068
2,11760.673,5703.5903
2,15903.612,16505.363
2,18118.154,1843.2842
2,13683.861,4842.6763
2,9987.478,12306.958
2,13017.35,13500.146
2,15827.618,3032.5974
2,12832.087,1350.0575
2,7338.7837,7180.507
2,10777.563,3474.4548
2,10205.014,7195.34
2,4482.0225,3463.3918
2,16138.214,5558.0293
2,7817.93,13206.838
2,10352.764,14673.943
2,7101.911,16498.957
2,14250.301,15590.158
2,9745.767,13113.252
2,13806.846,16474.016
2,10136.577,13961.126
2,13801.314,2221.5024
2,12266.293,2786.8345
2,9269.342,13126.521
2,12986.248,16207.285
2,12858.916,12522.342
2,6970.487,13595.621
2,13849.103,13756.17
2,17322.92,7043.977
2,9410.983,5199.8125
2,18553.898,6096.8564
2,13782.819,6046.7446
2,16977.768,2657.169
2,15195.991,13364.172
2,13332.153,13179.634
2,7970.5625,4452.453
2,6215.5874,1876.5765
2,16466.186,9450.203
2,16632.8,6668.0522
2,13117.252,2480.233
2,8530.541,8821.791
2,10164.369,13290.819
2,11401.289,12462.747
2,8849.034,4771.624
2,8425.822,5063.265
2,7955.94,14607.105
2,15299.333,8274.787
2,5701.4526,10997.293
2,14653.007,14112.415
2,8001.267,9675.294
2,13951.96,14770.52
2,16978.691,4504.609
2,5294.024,9401.69
2,9204.32,6187.421
2,11503.126,13961.157
2,9944.938,11231.205
2,10912.908,14035.053
2,8278.019,17245.121
2,13535.971,5799.531
2,11195.426,11388.516
2,15939.806,5217.4727
2,5618.6763,12381.676
2,16270.802,6288.528
2,13895.24,17826.482
2,12922.711,7908.8604
2,12684.701,14045.452
2,2111.5942,5482.784
2,14758.144,4317.5635
2,15942.343,4926.26
2,14406.517,18560.43
2,1165.0721,4102.1255
2,7200.442,11401.474
2,9881.707,3843.784
2,7819.686,15214.302
2,16853.775,1956.791
2,9159.922,4116.882
2,15627.76,7529.7544
2,4524.765,16707.695
2,9767.157,1169.3914
2,8725.016,14948.49
2,13652.888,15051.433
2,8543.739,5153.723
2,6973.6733,5241.6147
2,12714.302,6284.6875
2,7785.6616,14497.563
2,7781.0103,14257.915
2,15603.629,5606.261
2,10660.783,17061.777
2,10456.636,13158.461
2,13190.441,14812.947
2,11203.076,5500.14
2,12139.663,16781.385
2,7723.686,5304.9116
2,15720.812,7426.6206
2,16217.484,8241.957
2,12688.886,14409.868
2,12528.512,16378.923
2,1790.3309,6265.631
2,17127.232,4322.406
2,11042.2295,16095.073
2,17472.541,4373.4224
2,3933.9702,7496.1943
2,12136.607,2470.0613
2,12005.265,16429.842
2,3368.2317,7159.4604
2,11914.952,6382.4766
2,9393.173,15060.975
2,3483.052,2514.651
2,12065.602,16654.074
2,10674.62,13438.763
2,8758.313,10811.635
2,6926.3315,13930.648
2,7935.015,12166.433
2,9411.924,12700.601
2,8634.27,12175.387
2,6749.5283,3043.3174
2,11089.68,15653.083
2,7047.3677,6403.0713
2,3259.3796,4085.6638
2,7922.6016,4204.6685
2,5734.2534,6175.8423
2,11582.148,15652.974
2,18612.31,4525.575
2,8252.764,5193.2607
2,13793.995,13307.494
2,6926.7847,15885.819
2,10855.295,15124.154
2,6554.5757,14838.231
2,6680.4023,12691.509
2,9559.891,7232.3633
2,14412.965,16371.777
3,10000.0,10000.0
3,16656.74,3748.3792
3,11622.351,15286.617
3,13759.97,17468.754
3,7178.7524,4518.0537
3,9219.456,16215.9375
3,7237.225,9116.084
3,11008.426,11615.547
3,11120.834,10373.407
3,14499.708,15596.613
3,11012.087,14592.601
3,12495.637,2466.6196
3,11404.953,17226.184
3,10756.108,1931.912
3,17284.568,2928.9487
3,9611.294,14020.352
3,4505.4663,15417.87
3,4233.895,4476.65
3,7368.251,8012.961
3,10461.5625,5937.3794
3,10228.567,17849.318
3,8067.059,17442.725
3,11459.31,14498.088
3,5448.0933,17545.373
3,11323.955,14438.316
3,6405.4395,4401.7505
3,9662.762,6649.0054
3,10638.954,2387.9214
3,8200.038,2967.9502
3,16946.006,3332.735
3,6928.1997,17198.068
3,7545.243,13676.775
3,8650.078,12568.952
3,8634.88,5946.9893
3,8871.602,1924.855
3,3350.083,5520.905
3,10092.475,13282.613
3,11070.218,17144.832
3,6447.091,11966.193
3,8080.936,88.41307
3,8394.0205,5016.9673
3,11049.842,12978.23
3,17760.746,16398.496
3,3730.693,4134.8076
3,10479.83,14225.625
3,10845.932,15462.744
3,10734.2705,12702.038
3,8364.159,5900.789
3,5318.7476,14650.25
3,10379.313,15398.34
3,14124.705,6253.1606
3,17980.523,7679.2876
3,6516.9805,1826.9945
3,11402.061,3741.7683
3,9878.649,5233.359
3,2787.999,3153.1887
3,9220.531,15329.806
3,3644.9033,2657.367
3,13461.277,6795.8804
3,9587.734,11389.688
3,13805.829,15357.229
3,9265.168,609.3219
3,13112.212,8531.355
3,6984.554,15240.844
3,834.67053,3194.061
3,6983.028,13897.497
3,11411.147,15121.614
3,8915.782,13268.4375
3,3267.2646,17409.033
3,10196.871,3382.194
3,12441.374,16754.762
3,5500.925,6196.723
3,14795.99,3960.6296
3,329.1334,9012.404
3,16930.701,4500.487
3,3717.767,4494.9795
3,1022.5897,4478.9014
3,13627.415,13663.336
3,10588.857,12392.861
3,11217.71,6556.4985
3,13829.773,3690.115
3,5707.56,5155.1714
3,10246.788,6174.171
3,15442.504,3070.0
3,7976.9253,13618.963
3,13760.967,6096.8086
3,5813.3267,13399.11
3,12894.986,13584.547
3,12154.585,17286.447
3,6117.888,7145.891
3,8725.495,9476.979
3,11347.295,15769.241
3,11909.78,4216.42
3,4668.3994,1144.4049
3,7959.2876,17250.195
3,8376.544,17524.102
3,6362.6895,11730.729
3,17790.01,3672.6077
3,6832.3755,5203.2427
3,2236.8823,3573.2861
3,5337.954,1967.0707
3,5618.9854,4071.043
3,9803.9795,18182.703
3,6204.059,3021.2732
3,11085.06,10938.435
3,10148.564,16942.621
3,11988.114,14372.501
3,10891.448,4863.2524
3,9724.061,14060.199
3,9245.96,14436.825
3,7486.272,3556.6377
3,9351.102,13922.561
3,14313.427,4455.991
3,867.73846,4542.5757
3,10785.404,10836.713
3,13232.88,5628.544
3,6963.712,5922.4097
3,10920.018,17977.139
3,6927.7275,15820.621
3,5052.125,5722.5625
3,15573.952,16212.9375
3,5967.4937,14557.776
3,7184.2134,11599.226
3,11396.879,16583.707
3,11257.549,3623.7764
3,7103.5806,12278.877
3,8408.825,830.0607
3,5684.766,12911.984
3,6481.901,15826.1455
3,7361.0034,14194.496
3,9770.891,3668.901
3,6207.965,5817.4287
3,10596.48,15658.422
3,17835.72,2816.4229
3,12194.85,15759.589
3,9496.694,4571.0527
3,12364.507,16229.561
3,8358.89,16928.82
3,14935.553,16056.753
3,9402.417,18450.693
3,10950.549,4263.156
3,6287.16,18545.887
3,11959.94,3909.1184
3,15361.831,6044.173
3,9148.465,4818.9087
3,7270.2124,16336.245
3,12698.954,16257.058
3,3361.642,7903.3467
3,9036.705,14329.121
3,0.0,4730.1846
3,11650.946,17021.986
3,6091.0933,3815.4463
3,12740.639,14196.959
3,11147.975,12400.873
3,12410.577,17245.652
3,5556.922,7352.588
3,12872.794,6709.9575
3,10113.185,16392.395
3,8899.192,15242.727
3,7289.197,19241.691
3,5207.458,12202.523
3,13637.408,6627.6724
3,4245.5693,15149.253
3,14487.987,13757.704
3,10915.624,5573.331
3,10510.905,3473.0623
3,4606.747,10919.487
3,4233.421,7379.0747
3,11525.931,6334.2314
3,7303.3657,6129.045
3,16059.817,14463.781
3,4557.7065,4311.664
3,10189.647,12467.905
3,9196.757,18158.574
3,11360.827,18610.777
3,13023.723,16144.67
3,7481.468,3122.7305
3,8090.783,6623.0625
3,15891.6875,2309.7505
3,8683.107,15773.079
3,3053.8574,12911.025
3,5685.006,3482.5305
3,9735.644,2391.5078
3,11835.519,11411.81
3,11405.34,1642.5222
3,12057.609,12949.249
3,7533.1987,17804.967
3,11612.62,3105.2896
3,9953.68,16780.686
3,9623.042,5351.5444
3,8643.646,13952.918
3,8851.657,4369.3936
3,10333.717,3528.1743
3,13962.771,3024.751
3,3517.9827,6343.6396
4,10000.0,10000.0
4,1370.6046,8533.341
4,10342.709,16736.494
4,10332.0205,14436.081
4,3144.2808,8591.599
4,5949.993,8005.2866
4,11539.508,4913.7227
4,5582.3496,7388.1807
4,11207.659,16238.096
4,14974.423,3605.5908
4,11859.59,16288.372
4,12449.705,13704.323
4,11590.762,15422.021
4,7674.488,6004.0396
4,10421.675,14710.681
4,10951.918,14565.465
4,8416.776,15720.943
4,9891.492,15583.669
4,10448.898,2775.4368
4,7563.4326,13781.029
4,12197.116,16156.796
4,10572.302,13991.683
4,5781.6973,4291.402
4,10069.528,13337.805
4,10813.57,10743.137
4,7514.749,4639.846
4,14775.615,15571.305
4,7930.688,14335.773
4,13934.278,7468.128
4,11666.908,13871.084
4,7538.3394,14791.362
4,5169.092,12835.252
4,10190.523,4847.2646
4,15438.766,1544.3209
4,16655.62,13316.966
4,5006.7124,6674.8154
4,9608.24,17549.229
4,8216.724,2176.115
4,8633.529,14193.587
4,10210.771,3737.6536
4,10821.686,17316.645
4,6041.0293,15916.875
4,9825.6875,4091.8413
4,10833.336,13860.411
4,8774.681,11954.063
4,9998.932,14384.586
4,12849.694,14803.363
4,6831.339,15785.845
4,15731.458,6890.144
4,5776.959,13992.847
4,2839.6262,6619.3823
4,13799.829,14025.732
4,14475.661,5536.784
4,5340.1206,13275.115
4,10868.066,17291.059
4,10215.427,3429.9023
4,13544.828,4043.3262
4,10327.108,11928.27
4,13125.264,15294.057
4,9429.275,14001.304
4,9212.793,8262.9795
4,14125.471,6565.5483
4,12091.883,15874.636
4,9507.547,6047.572
4,4534.534,5452.8853
4,13114.8125,7558.7266
4,6902.385,11034.289
4,12110.345,13758.721
4,9617.625,8774.522
4,11455.601,17015.17
4,5552.8745,488.33038
4,10974.564,13066.475
4,12846.41,13874.812
4,14921.769,9699.981
4,10176.262,8580.621
4,14158.889,6929.117
4,11649.394,14616.251
4,10705.755,17560.773
4,9425.017,19859.455
4,4350.3955,8926.29
4,9636.382,15455.239
4,11866.759,13904.073
4,12316.343,6037.261
4,7985.3403,8962.597
4,10531.159,18038.055
4,7689.441,16420.11
4,9576.248,14774.453
4,9546.46,6281.688
4,6136.2925,15530.136
4,9723.487,14874.859
4,11350.678,18999.629
4,11149.25,14922.539
4,13036.676,17070.76
4,9188.612,17540.824
4,1262.5496,5556.2627
4,6032.6343,2815.8174
4,16279.037,4281.436
4,11201.854,16042.802
4,14830.555,5612.743
4,12128.566,19137.328
4,13557.81,132.80676
4,10420.246,1234.3264
4,6094.877,8092.4126
4,16262.157,4071.0842
4,12937.1875,5494.4136
4,5256.039,12753.693
4,13217.031,3871.2979
4,7516.47,14126.646
4,10933.243,13524.336
4,9455.2,1741.0204
4,10948.984,14230.435
4,8263.803,14276.28
4,9490.379,6665.825
4,14119.531,3854.9048
4,7232.623,17342.89
4,7326.8276,18836.855
4,12305.853,18568.85
4,14630.783,5301.7183
4,11467.675,16679.836
4,17614.73,6894.1514
4,7127.729,4656.771
4,9216.6045,2082.0398
4,11563.374,13754.267
4,16163.382,3454.2302
4,15013.223,4365.289
4,11017.8,14659.268
4,3181.1165,3606.2937
4,6821.474,12364.678
4,8209.208,12649.539
4,13309.8125,5926.708
4,18173.516,4344.3516
4,12948.415,17923.006
4,16038.813,1687.4316
4,11343.465,1580.6671
4,6589.695,12963.944
4,14495.212,16703.148
4,17992.406,7657.2
4,6041.012,4001.0764
4,13692.068,811.8961
4,6646.3237,2475.1628
4,10787.016,3844.7246
4,3514.351,2406.8914
4,5036.841,4571.3467
4,1803.6512,8045.5684
4,5513.916,5593.1323
4,13373.764,16633.656
4,13815.48,12828.355
4,15964.931,2107.8633
4,16813.953,5793.075
4,13893.993,6589.951
4,8751.208,15485.412
4,11598.416,12530.976
4,11462.227,11263.632
4,5843.6274,4216.613
4,7456.2393,7323.9385
4,12832.759,8586.209
4,5500.475,15096.884
4,9115.612,16619.092
4,17555.398,5354.9077
4,7071.5776,5423.7256
4,14706.225,5828.827
4,15325.277,5023.6484
4,7157.4,14930.514
4,3987.8667,8408.475
4,14186.739,5078.2065
4,15558.349,15697.654
4,15460.223,279.41626
4,10336.82,14279.259
4,7542.3633,5804.7373
4,10440.6455,3403.697
4,11580.747,4188.2124
4,9046.242,7094.944
4,13180.809,14732.94
4,5295.5967,5314.1465
4,8058.1416,6300.8296
4,10908.013,13994.97
4,13037.526,17898.729
4,15923.742,3746.1296
4,13043.64,13509.659
4,6280.3086,18362.32
4,11261.08,16362.004
4,6871.057,3737.3206
4,7335.573,20000.0
4,9036.216,12484.788
4,16659.123,2191.4915
4,8238.3545,13638.998
4,6858.9326,13414.64
4,9574.758,14513.594
4,338.24084,15074.89
4,8531.856,16074.818
4,13213.649,8310.985
4,7518.5923,15159.0625
4,11919.828,16919.521
4,7515.2812,6248.6416
4,13269.215,17116.363
4,11381.493,13540.262
4,13649.288,15469.388
4,8731.942,15225.39
4,10230.917,14782.276
4,10522.313,14314.01
4,10930.386,12051.283
4,16235.527,9254.592
4,13308.397,18239.773
4,14022.571,13671.731
4,4651.4067,5396.8086
4,15889.682,6275.8994
4,10777.658,12646.595
4,5886.2524,4602.2227
4,7939.7793,12884.192
4,8867.971,13954.577
4,14233.986,14359.55
4,10819.543,17529.309
4,6046.07,17764.365
4,10446.574,17500.059
4,13392.181,17647.42
4,6662.431,12537.525
4,10613.402,12477.629
4,9725.005,16781.88
4,5122.632,6008.1704
4,14561.747,5105.015
4,14690.476,4601.482
4,19533.36,977.30115
4,13228.884,9457.913
4,7053.681,19704.945
4,14020.93,9100.494
4,10479.233,7175.6904
4,5540.1743,15911.39
4,6375.614,15980.001
4,14458.838,16224.695
4,10455.877,2708.669
5,10000.0,10000.0
5,12172.626,14405.638
5,9532.237,0.0
5,10702.912,13489.073
5,11786.987,14521.419
5,4983.0005,18506.031
5,9233.796,14853.059
5,5583.8706,473.52774
5,10080.116,14773.795
5,2154.5884,3211.3228
5,11853.438,2299.388
5,4949.1953,12107.919
5,10329.815,13112.695
5,9119.662,11461.832
5,5429.1973,18878.479
5,12441.733,372.36584
5,11891.988,1899.5337
5,15374.514,5089.4966
5,10876.748,16058.067
5,5983.2236,1053.2013
5,8229.64,16724.766
5,6929.2334,15147.226
5,10311.568,6137.3423
5,9884.028,12376.397
5,10741.25,15685.466
5,14429.588,11485.712
5,14296.59,8846.476
5,6706.566,6168.372
5,10565.443,15676.226
5,12884.37,7967.695
5,9844.977,11931.328
5,13016.688,2662.2932
5,11490.797,4951.7515
5,14049.565,5527.923
5,10807.589,14201.942
5,10591.673,4108.2017
5,13115.956,4460.05
5,10394.983,14763.141
5,11606.089,5435.045
5,10572.977,4154.48
5,12409.713,13196.051
5,12756.225,6255.6367
5,1307.8733,7773.8013
5,6216.4375,3463.4507
5,7828.7285,5124.11
5,10086.885,1649.3445
5,11045.726,14567.485
5,11006.55,18145.422
5,2484.6345,6581.857
5,13598.566,5609.6143
5,5235.3896,11053.741
5,11760.3,14024.58
5,11960.316,13292.234
5,13229.449,11340.52
5,8620.979,4331.9106
5,5757.98,4907.656
5,7521.7354,1829.8252
5,12360.589,1756.1632
5,10998.999,3482.297
5,944.8064,4948.912
5,9317.379,6057.7197
5,6814.325,14944.462
5,9405.719,11397.281
5,14006.74,456.28964
5,9717.797,10656.723
5,9235.129,6091.5103
5,6497.9346,14817.583
5,9791.448,13597.858
5,9020.164,16578.889
5,6817.3076,5000.6216
5,9063.958,3980.2007
5,6127.1113,10546.14
5,14556.99,3137.4175
5,11759.469,8865.387
5,9976.807,5133.95
5,14451.99,14316.798
5,13867.141,15696.236
5,2240.611,3756.6802
5,5856.1284,5117.193
5,12038.54,15716.609
5,11769.951,8238.549
5,10252.41,17166.852
5,10897.104,1573.0543
5,10034.586,4435.408
5,14952.851,3129.1104
5,9209.576,13957.121
5,718.0599,6668.7056
5,6629.531,2408.6597
5,8001.43,5795.5044
5,15202.667,8830.878
5,9329.667,14718.162
5,3586.5645,12338.922
5,8446.894,15498.703
5,3854.6616,2080.6775
5,10487.652,16252.76
5,3313.2446,2632.7087
5,4954.5366,7858.136
5,12001.483,13337.175
5,7430.8105,365.3694
5,15554.826,14345.877
5,16624.746,5352.7334
5,9997.714,16410.934
5,5841.8994,3458.5095
5,11577.825,4683.018
5,9481.426,17405.912
5,8290.021,13577.029
5,3511.888,2975.2234
5,17970.79,5021.204
5,5628.0405,15160.624
5,8024.987,16247.541
5,857.04224,4191.888
5,9431.489,15372.988
5,13199.996,16111.559
5,9350.5,5414.2944
5,16747.59,7859.811
5,11001.894,17275.74
5,9729.732,14699.5
5,13063.784,15461.844
5,13967.692,14882.448
5,8120.54,15753.871
5,5849.587,6486.1953
5,11800.355,13677.221
5,10987.347,13911.217
5,4467.9956,2357.1973
5,11013.538,15616.216
5,8107.268,7153.711
5,5916.608,18940.387
5,9453.346,13647.886
5,13076.472,2792.9534
5,11662.913,3426.7073
5,3328.4114,5827.446
5,9967.173,17628.164
5,13678.372,14030.917
5,11705.959,6118.278
5,10290.9375,2282.6587
5,6557.746,6510.3193
5,9510.527,11774.327
5,11939.817,16064.558
5,8392.339,18092.54
5,10280.424,727.2752
5,20000.0,5507.3364
5,8375.122,18201.545
5,7668.2817,7701.896
5,10072.965,11243.864
5,12736.941,13428.628
5,10952.543,13734.587
5,10661.915,12899.484
5,9029.298,3625.5615
5,7755.721,2958.6519
5,5494.4614,4826.484
5,13774.819,16545.857
5,13219.151,16619.104
5,12015.46,15856.303
5,6088.658,5118.4766
5,9882.404,7996.219
5,10584.769,5273.6313
5,8093.521,15548.275
5,10155.347,5594.2954
5,8593.669,18547.004
5,9461.884,17970.682
5,6342.0,5758.6616
5,9848.625,16510.076
5,9006.567,8235.828
5,16595.494,6682.749
5,8112.485,14433.153
5,10783.788,10297.857
5,10040.095,15243.023
5,9848.5205,4718.4175
5,8185.4126,16688.975
5,5998.369,3041.3643
5,10488.295,16806.373
5,5590.701,13242.609
5,16008.419,3154.3484
5,8020.6694,4727.33
5,4065.0176,3705.2402
5,10731.616,8868.259
5,13638.955,9550.844
5,2106.7732,7566.012
5,9233.192,7389.845
5,9268.885,15486.6875
5,5358.4526,6449.474
5,17399.043,4961.425
5,7035.7603,12241.054
5,14310.865,5331.7153
5,4149.787,17338.613
5,16524.764,7255.739
5,4766.962,8073.981
5,5834.763,10167.546
5,13298.833,7675.631
5,18338.03,3310.1392
5,11230.427,3032.2024
5,7621.6465,4245.353
5,19319.062,4027.3943
5,6057.253,1942.7299
5,13989.453,7356.77
5,14152.889,15383.911
5,3480.3147,3821.722
5,11817.303,11486.89
5,11939.788,13020.348
5,10137.608,12202.626
5,5250.624,3899.5205
5,20000.0,6593.803
5,1741.0065,6183.0493
5,13650.985,14645.225
5,15010.712,5334.1626
5,6844.6133,5700.3433
5,8762.019,6588.312
5,8001.674,12400.476
5,11266.437,14273.874
5,3246.8552,5637.7495
5,8376.356,12663.74
5,11010.271,12895.389
5,6824.057,14214.128
5,9223.049,5879.176
5,7877.646,3983.642
5,8603.412,15043.9795
5,10436.8,10644.572
5,10447.596,5893.473
6,10000.0,10000.0
6,1518.4614,8178.0454
6,5393.91,2002.3278
6,14934.909,8744.372
6,8087.4634,3977.935
6,5838.835,5980.3086
6,9157.352,14589.212
6,14225.538,7130.733
6,8182.605,2891.2803
6,14073.512,14903.648
6,12267.73,4963.9985
6,12833.286,12177.038
6,17367.398,6987.6113
6,772.3937,3418.3157
6,3361.5693,4768.4976
6,10728.584,12685.989
6,3651.2676,4363.2036
6,4677.8438,5843.491
6,7574.2246,16460.559
6,13100.135,15716.433
6,7703.118,15404.108
6,15496.111,13981.421
6,12145.599,2655.0273
6,15999.219,3515.8328
6,12907.839,5121.6655
6,5268.3413,5947.4106
6,10151.604,3269.545
6,5282.6704,6465.158
6,4644.6313,3073.782
6,7052.223,15130.163
6,8313.125,3732.4956
6,8818.8545,14822.159
6,10648.737,13904.308
6,6740.789,3924.1975
6,10151.786,16152.693
6,15851.272,528.08466
6,15803.011,2031.9402
6,9423.795,14115.662
6,19643.572,15078.485
6,14417.389,16310.399
6,6407.138,6208.095
6,5928.3438,17573.57
6,13213.378,5330.0303
6,14567.118,4616.395
6,6518.381,5390.53
6,14568.689,14606.65
6,14675.112,2472.0366
6,1557.5464,9709.817
6,10127.958,16195.666
6,6429.66,6091.1284
6,2980.7368,2285.5093
6,4911.195,2271.2231
6,10213.395,15997.8
6,10948.354,15121.403
6,10135.246,15625.249
6,10387.615,11362.701
6,11269.795,12485.578
6,4312.681,4062.916
6,4630.899,12444.42
6,6192.23,3468.1482
6,18145.469,5520.839
6,8200.582,14836.079
6,14128.216,4619.8857
6,9022.969,13520.234
6,8437.167,13475.246
6,12958.048,16833.238
6,6956.9346,13301.318
6,7939.095,15621.602
6,7043.5225,5970.255
6,11954.558,5587.9014
6,8162.124,13008.7295
6,13077.113,15097.292
6,11277.37,4768.9556
6,13848.579,7410.174
6,10058.721,11917.005
6,11376.086,14799.037
6,11352.08,12147.141
6,15167.873,16310.381
6,11647.755,17517.742
6,9566.745,4547.4814
6,0.0,6630.101
6,9959.522,16593.932
6,10998.373,15528.753
6,1654.3425,8529.567
6,8125.3013,14548.314
6,7721.5273,6485.9946
6,12120.592,12565.806
6,9205.276,12927.845
6,7686.7334,17610.87
6,12713.724,14906.106
6,10385.639,14680.871
6,5425.212,15998.8545
6,13031.687,13574.499
6,5031.998,16400.752
6,11951.363,17545.254
6,4675.369,16448.766
6,6945.801,17720.316
6,8637.313,3793.9246
6,8047.7188,5953.167
6,10607.549,15992.145
6,10334.2,13614.305
6,17181.668,3683.3013
6,10392.075,5811.9897
6,11469.155,20000.0
6,12414.109,17492.275
6,9938.537,16049.7295
6,11745.047,16455.045
6,9023.349,13370.166
6,6352.5728,13405.74
6,8459.1,16180.553
6,5209.5195,3240.2166
6,10222.935,10897.832
6,11497.471,15711.115
6,17419.885,7481.5835
6,5592.5796,13936.366
6,15806.731,14814.494
6,8737.927,1335.1849
6,5794.993,2063.0022
6,13609.161,10267.246
6,10926.334,14106.835
6,14462.263,15378.787
6,13011.325,2347.103
6,6871.3354,18532.674
6,2686.738,3704.5378
6,10409.917,13226.088
6,11714.235,5657.8486
6,7267.4214,6390.913
6,3179.5552,13201.228
6,19244.91,7121.2046
6,13908.606,12347.554
6,14603.192,5980.2173
6,8636.505,14273.157
6,10868.911,4833.2983
6,5977.648,15838.747
6,9995.217,13280.521
6,6664.5854,12186.683
6,12475.359,7640.2676
6,10740.438,1369.4401
6,12085.039,17834.318
6,10627.643,13149.469
6,11567.832,12479.631
6,4797.4478,3545.221
6,10365.981,14667.922
6,12812.604,7550.619
6,9065.642,2916.4558
6,14052.328,5137.4424
6,6918.032,3861.957
6,14391.591,4341.5933
6,9054.964,5227.7573
6,12544.356,14285.38
6,14441.986,4163.078
6,7803.9653,15741.466
6,11449.255,5886.4473
6,12503.502,4605.4565
6,11798.133,12905.913
6,11610.318,19985.621
6,0.0,7282.439
6,10412.313,3249.1604
6,8932.321,14977.045
6,13882.067,6521.1543
6,12765.469,14948.048
6,11765.6875,14875.338
6,5509.071,14678.797
6,10838.384,14401.184
6,1181.9692,6434.5425
6,8519.379,13663.013
6,15750.136,4665.1533
6,2998.6606,6396.7446
6,6092.805,0.0
6,12177.93,13294.077
6,10617.028,7102.8267
6,2393.8318,2550.3438
6,8659.753,13170.885
6,11055.232,5522.956
6,20000.0,10284.841
6,6479.0327,6833.623
6,6427.068,14785.328
6,10682.416,12654.881
6,6302.1436,13515.712
6,8008.0103,7573.5522
6,17138.71,7845.206
6,9705.4,6393.442
6,12824.115,6929.554
6,6075.351,14392.613
6,14415.031,7211.0312
7,10000.0,10000.0
7,12508.24,14881.16
7,3943.508,4052.2244
7,8245.59,12080.745
7,5591.3496,15229.959
7,7723.091,12031.998
7,2544.8406,6520.231
7,3635.9404,16908.486
7,8582.649,13683.261
7,10322.74,13198.828
7,8867.001,10490.443
7,9058.835,15769.043
7,15120.77,18058.072
7,7628.3467,11493.52
7,4851.2954,6190.226
7,11543.331,16063.374
7,10871.608,12322.551
7,8264.659,13495.347
7,5360.4067,2416.4465
7,13667.253,13549.609
7,9804.262,15121.979
7,9729.417,4105.773
7,7562.323,8448.138
7,315.15726,67.77859
7,9117.953,10489.985
7,11805.977,15468.229
7,4217.186,7245.903
7,10546.258,13431.526
7,12503.112,16142.53
7,8895.836,14896.3
7,11549.345,2367.2585
7,17620.604,16010.652
7,13866.864,16481.63
7,12052.018,16315.993
7,10445.347,6595.292
7,10567.803,4521.703
7,14579.247,2339.649
7,6497.082,5062.3716
7,14127.992,13318.1045
7,18267.748,6400.2495
7,7486.091,15762.907
7,4811.208,7733.89
7,637.13995,16133.93
7,10683.006,13375.449
7,4840.511,7705.993
7,17802.744,7890.865
7,16258.118,8118.2017
7,11520.736,9421.766
7,9698.542,12180.224
7,14181.145,2638.5308
7,13548.198,14530.45
7,15374.103,14688.229
7,6563.558,12304.26
7,9601.481,11326.524
7,15959.566,4639.275
7,5280.3896,17222.955
7,3140.3738,4533.521
7,5347.1133,17438.506
7,5891.038,5720.1455
7,9825.496,15996.016
7,7126.4014,15315.545
7,10683.418,4258.5576
7,8601.819,6913.933
7,7554.6284,11317.615
7,1407.6873,3701.7244
7,12113.876,4233.371
7,7729.235,5942.2163
7,12241.463,4595.7856
7,12223.989,14458.261
7,12962.467,15024.089
7,12603.817,12185.435
7,10745.08,13377.551
7,8173.0557,5214.9253
7,7460.1836,15519.04
7,6526.736,12493.841
7,9555.372,13745.729
7,14491.235,8298.547
7,4439.291,15170.957
7,15176.375,3549.2083
7,8136.782,17437.674
7,11501.08,1567.6053
7,11308.009,16837.893
7,10232.587,13371.076
7,5561.848,3078.889
7,11518.234,3444.8757
7,15958.151,17845.734
7,2986.2334,7486.0107
7,1455.411,6091.05
7,10611.544,15341.81
7,7029.3896,11317.261
7,15356.442,4591.6665
7,3533.7556,3070.0662
7,18382.53,5568.6475
7,6746.857,11593.183
7,3078.8928,4417.785
7,9642.682,5935.4814
7,6679.241,4463.8857
7,7616.7256,13273.479
7,6819.8213,4527.351
7,6903.3926,13867.0205
7,13667.674,13334.252
7,2495.3967,3944.5068
7,4813.242,2550.1423
7,10013.726,14168.314
7,11653.761,16830.064
7,4692.792,15897.945
7,9325.294,4504.7524
7,13717.838,12538.951
7,17959.518,7649.231
7,5842.192,3920.3235
7,15268.422,3063.647
7,11217.171,15964.376
7,18500.385,13208.401
7,1579.2484,8429.342
7,12422.3545,17962.953
7,12770.066,13297.28
7,12414.364,13977.902
7,14298.491,3446.97
7,13425.838,14943.903
7,8453.284,3106.5786
7,12183.287,14514.706
7,9365.0,13033.91
7,10045.419,12564.319
7,3325.4187,4690.281
7,5088.0874,6603.44
7,16397.701,4507.3354
7,6678.843,15652.57
7,6790.171,2288.8848
7,6891.133,6656.578
7,5505.559,3174.8962
7,15517.132,8434.671
7,12181.475,14475.789
7,5497.2915,2301.5735
7,10218.672,8494.714
7,8044.09,13552.996
7,9607.309,16604.65
7,10874.849,14893.339
7,10066.318,4299.255
7,6680.371,7655.947
7,10906.186,4326.886
7,3713.1362,6314.4473
7,10530.756,8399.7
7,5859.2554,17134.432
7,12339.7295,7715.1987
7,7217.3887,5974.3267
7,12764.379,13873.53
7,9202.125,16254.302
7,14900.752,1214.2026
7,16870.822,2556.0237
7,15761.915,13251.222
7,9482.228,12949.958
7,13238.222,13196.801
7,9599.011,14063.627
7,14442.832,3443.2122
7,10023.181,13608.58
7,5378.5957,13910.727
7,8431.719,7959.8887
7,3610.1028,3652.3445
7,15481.571,16956.215
7,8969.588,15042.064
7,9868.015,15964.227
7,7073.6523,15740.603
7,6567.177,14847.787
7,8194.928,13596.635
7,8517.148,7617.086
7,5806.1987,5527.7095
7,10726.466,16270.78
7,9450.018,17129.209
7,15358.482,15185.015
7,6225.9146,737.6818
7,16909.252,1599.7253
7,14999.367,1519.3837
7,9562.304,16461.625
7,11421.668,10583.022
7,15200.745,7599.4043
7,8512.147,16628.236
7,4916.0186,6004.7134
7,14003.738,3649.464
7,10352.724,13442.864
7,7307.79,3797.412
7,14498.842,14531.039
7,4467.79,10849.542
7,2488.7102,5665.506
7,12256.929,1071.2129
7,9852.443,5919.7725
7,6769.4224,14741.629
7,5823.683,4878.5093
7,17455.686,0.0
7,6632.9077,6653.39
7,11992.595,16601.027
7,9272.317,16582.514
7,14055.653,15955.223
8,10000.0,10000.0
8,15016.955,5649.304
8,14160.975,16021.865
8,8023.248,7124.584
8,14202.0,14867.573
8,10304.391,15152.118
8,8989.798,15997.921
8,12910.893,13233.569
8,7166.3364,17852.662
8,7884.001,13339.424
8,12725.126,15552.46
8,9733.199,13618.728
8,8213.802,14597.395
8,8427.833,12365.317
8,9539.432,18991.242
8,20000.0,6487.7725
8,293.4154,5669.4414
8,6069.414,14015.003
8,9678.453,5782.548
8,14968.676,13386.301
8,4510.485,12764.125
8,8503.092,11951.694
8,11007.762,14578.492
8,10656.879,16482.266
8,10245.658,8349.699
8,2995.8604,2711.4602
8,5414.208,4133.792
8,14776.309,6630.6885
8,14282.805,7845.7617
8,12481.339,4981.858
8,14776.998,14725.375
8,5617.9717,3478.3132
8,9041.269,8686.738
8,14934.701,15068.874
8,9671.982,6656.876
8,13030.234,17238.217
8,5657.8438,15206.322
8,6546.503,17486.9
8,11541.8955,13141.9375
8,13237.621,5105.2485
8,14057.739,10442.345
8,9238.791,14383.393
8,4631.57,13057.345
8,9973.648,2570.7498
8,9008.087,15870.738
8,12987.417,11718.7705
8,16868.314,4101.622
8,9371.378,14122.289
8,14756.258,13854.377
8,12947.641,2047.5857
8,15762.495,15355.015
8,11829.033,5211.635
8,2514.7214,5475.6997
8,12863.08,16457.322
8,11829.205,5841.207
8,12281.886,13848.62
8,8186.121,5674.1484
8,195.23735,7832.879
8,7336.4,2830.613
8,15960.457,2502.5444
8,5419.725,11999.997
8,13409.75,7170.3564
8,5171.203,14951.86
8,14245.673,16110.233
8,8639.48,10566.428
8,11659.404,5088.631
8,2516.4553,2743.899
8,15967.39,3151.5798
8,8861.215,15433.235
8,8663.374,2307.872
8,6862.273,292.94635
8,4626.001,1356.289
8,6154.0835,14054.836
8,7088.9717,16198.463
8,15396.799,7282.261
8,2157.718,5273.7637
8,11554.685,2827.9846
8,10315.657,8908.238
8,12713.88,4381.988
8,6430.3325,4110.752
8,6800.1187,3890.3289
8,9045.34,14923.94
8,5486.8193,14938.299
8,14587.996,4114.505
8,6945.6045,2107.5742
8,12561.271,2006.8372
8,4846.9243,6735.397
8,14067.788,2583.126
8,6338.8984,17005.475
8,13311.762,5767.8315
8,9234.381,17124.318
8,13309.61,15837.754
8,6304.099,15213.328
8,1518.9333,6085.3916
8,13051.028,15831.062
8,6905.54,13835.5
8,6858.9927,13750.226
8,7374.8833,16207.644
8,4628.0483,2495.681
8,6604.0815,12892.518
8,4062.2478,5770.49
8,12869.584,6823.7134
8,15929.278,15741.699
8,5652.0225,8650.366
8,11830.358,14081.262
8,4216.4453,7288.762
8,8921.829,16043.121
8,14713.442,10074.337
8,10558.049,3506.192
8,9646.805,15078.54
8,11907.694,15587.534
8,16785.883,5284.317
8,10903.519,14126.503
8,12425.742,17707.312
8,11173.333,3761.5784
8,15317.354,4395.7944
8,6427.346,6784.503
8,15033.47,15013.735
8,7562.5605,1682.4305
8,11793.484,14519.439
8,14118.065,3994.0625
8,14029.563,4638.2993
8,4856.8965,6374.5913
8,10712.712,15889.147
8,10473.652,15499.398
8,8407.371,3786.4307
8,4594.522,2950.5515
8,1719.2223,2175.3953
8,8673.556,12733.326
8,10397.972,11760.532
8,10842.835,5620.4985
8,8123.734,18160.023
8,312.85812,1190.3024
8,8061.6987,11783.31
8,6736.671,12140.322
8,12656.181,2982.8984
8,11756.559,15663.167
8,7709.9463,4200.1055
8,12205.274,5206.3926
8,8304.642,16141.4375
8,14472.743,4390.405
8,15230.531,4276.51
8,5951.5454,16496.326
8,10967.774,16002.7295
8,7565.655,3934.3308
8,11786.933,13372.3955
8,14861.563,10916.932
8,5184.964,7833.325
8,11843.769,14059.0
8,8534.799,18309.709
8,7325.754,12681.008
8,8183.6963,13609.866
8,15194.825,15652.39
8,7487.613,6077.7363
8,12447.374,6305.782
8,12528.471,17160.037
8,15640.005,5302.181
8,11927.329,15276.602
8,15787.475,5392.7007
8,7558.7534,13144.072
8,15741.895,12970.353
8,9607.741,13045.735
8,3172.308,8279.847
8,9486.461,14386.732
8,2587.2693,14362.427
8,11012.546,4956.971
8,7009.1484,12008.347
8,10596.868,0.0
8,13938.763,14806.317
8,13732.26,12773.452
8,11227.747,4734.8657
8,5882.9214,14528.707
8,8743.579,10293.417
8,7094.4326,7321.9395
8,6198.8687,2014.868
8,6925.735,12537.225
8,4575.4717,2028.6936
8,13928.6875,14497.556
8,14867.104,5650.0415
8,6505.1167,11752.493
8,8389.999,3248.834
8,14350.224,15690.436
8,8302.983,6606.2617
8,9712.652,13403.214
8,8854.866,14941.381
8,6709.2734,5491.475
8,7618.2153,4364.0234
8,6088.332,4532.028
8,11619.283,6609.464
8,6590.4473,654.58
8,10444.189,16860.63
9,10000.0,10000.0
9,5693.986,13912.076
9,12946.538,15969.847
9,9013.266,16183.732
9,3220.3909,5577.3755
9,9821.61,12863.439
9,9710.817,14801.069
9,0.0,5214.4277
9,13539.842,13163.815
9,9306.137,5472.914
9,7179.676,14523.748
9,10514.201,4106.563
9,13234.14,16615.027
9,9544.207,15700.897
9,7325.868,12924.656
9,12091.78,4419.217
9,10989.076,16235.367
9,17042.176,3187.336
9,11592.453,17595.725
9,9849.719,16313.265
9,12178.312,4775.795
9,12593.349,12758.231
9,11364.971,13784.675
9,12459.286,4605.2534
9,10244.829,4173.027
9,6006.3047,5005.3896
9,6390.5425,12426.641
9,10213.856,12273.759
9,13585.391,14140.519
9,9641.55,19750.035
9,5956.4175,2385.5696
9,8527.492,13155.919
9,11447.314,13147.627
9,6663.482,18168.006
9,9192.797,16024.339
9,10495.424,13550.349
9,9603.789,1730.6335
9,5562.7344,16390.97
9,9039.565,14869.53
9,11367.892,13915.044
9,14073.455,14369.2295
9,9587.948,5544.921
9,11006.056,15489.072
9,10786.2705,14452.864
9,15912.028,3607.0645
9,5786.557,5190.505
9,10666.281,13314.835
9,9188.291,6365.8413
9,13269.149,13464.976
9,10561.198,3393.5574
9,9113.123,11781.045
9,5721.172,8353.091
9,15682.227,3293.4287
9,12751.184,13458.562
9,15156.811,12541.149
9,5076.0586,4594.9463
9,7881.265,14036.489
9,15037.96,12532.331
9,12128.7,17271.234
9,16915.736,2854.27
9,7328.942,10643.072
9,11277.87,15002.704
9,10683.047,14260.76
9,920.387,4638.762
9,4905.1343,7027.755
9,12691.556,15282.787
9,8583.483,16246.406
9,8220.058,14116.684
9,8294.089,13488.444
9,6258.8457,18587.518
9,10186.634,4941.278
9,13026.687,4801.783
9,13630.957,13001.093
9,8509.496,12198.152
9,13451.882,12629.53
9,14690.626,8317.355
9,5969.196,16354.594
9,4037.923,2438.3325
9,13671.607,15568.101
9,1590.5973,5387.184
9,14176.781,7336.84
9,16040.559,9794.068
9,15681.769,15089.942
9,20000.0,7176.7407
9,12178.876,14714.77
9,11660.083,16195.607
9,12895.305,16473.258
9,11702.413,15537.066
9,13573.907,16412.02
9,7626.9844,15000.835
9,9489.434,14853.454
9,7490.326,5302.358
9,9205.773,14956.175
9,11486.594,14939.936
9,12289.194,6988.3887
9,13319.835,15321.257
9,10731.542,4073.8684
9,7197.1504,4509.762
9,8935.447,15496.562
9,10505.724,13762.948
9,8002.928,14853.851
9,5540.222,9102.98
9,5126.965,2958.4312
9,11037.691,7512.925
9,7828.4673,5512.936
9,8979.996,12694.631
9,15704.289,6998.6797
9,3378.1099,0.0
9,170.31755,7259.568
9,14657.982,13948.192
9,16886.334,3112.7373
9,5439.6587,3657.636
9,13081.947,13067.5625
9,10261.996,19067.516
9,8389.245,11814.088
9,3964.406,3017.8572
9,7906.7495,13241.037
9,11495.466,15823.559
9,11724.289,10468.282
9,8818.098,7348.7007
9,13956.524,6483.237
9,10166.868,2201.2546
9,8414.256,4436.0303
9,15147.267,3806.3755
9,17106.662,2866.5684
9,11249.494,13856.567
9,17509.426,5124.2
9,8779.513,5147.671
9,11463.236,8180.383
9,14912.221,4044.566
9,10035.5625,15135.207
9,1989.2212,15492.923
9,11080.242,3998.321
9,6650.1147,18631.377
9,6196.1743,14054.017
9,14448.9,16119.818
9,15853.45,2235.9392
9,11540.054,11411.45
9,7766.784,13046.584
9,9103.688,16658.799
9,7969.3174,16283.895
9,6793.042,19606.682
9,12295.071,5474.3306
9,18237.123,10127.383
9,11147.232,3929.367
9,5846.361,14985.403
9,10205.64,1060.2194
9,14906.769,13018.758
9,11361.57,15881.435
9,14775.421,5624.018
9,6950.605,11229.29
9,2515.3218,5181.015
9,10559.004,5258.947
9,6793.772,2970.938
9,10379.143,14014.936
9,10563.442,2314.739
9,7624.808,13902.253
9,12647.619,20000.0
9,8381.677,7073.4272
9,5243.2915,5118.222
9,17101.418,2323.254
9,5790.0938,5490.48
9,5399.6074,6855.611
9,16345.289,7848.586
9,10101.957,2916.6108
9,7365.7075,18333.402
9,11300.223,3705.8298
9,5149.1675,15198.715
9,12376.215,8921.873
9,16172.142,2982.7869
9,11305.419,5545.837
9,10904.668,15681.842
9,6078.1675,12901.986
9,9637.523,14617.159
9,7052.215,6581.43
9,9914.28,16869.99
9,9004.358,5431.3247
9,16348.094,5898.652
9,11446.477,15973.327
9,10964.022,14452.846
9,14540.174,16748.262
9,7640.2886,15976.715
9,17011.082,2458.4622
9,6150.809,13256.872
9,12436.269,2116.5774
9,3189.9104,4182.8564
9,10791.896,2917.6172
9,8975.545,9729.962
9,2828.7297,6560.004
9,13147.591,5591.8916
9,8123.0815,12876.221
9,16319.162,5279.849
9,8749.994,4162.3906
9,2506.9573,1623.6581
9,12904.169,185.20432
9,12759.082,17065.438
9,5754.0874,6408.141
9,13189.433,9909.066
9,12302.201,3942.8477
9,9545.425,14980.592
9,10285.948,15180.527
9,11203.215,13089.109
9,11479.395,7671.5723
9,12133.858,15038.021
9,9364.625,15897.298
10,10000.0,10000.0
10,4290.5723,8469.296
10,9258.728,13065.126
10,8582.061,16897.162
10,8003.0244,15974.536
10,11204.957,6444.0825
10,17622.34,6531.951
10,12089.824,13180.964
10,12206.523,13060.925
10,7740.5454,16792.732
10,10102.674,3593.5496
10,10924.3,6646.5957
10,4220.73,3328.5396
10,9010.202,14505.275
10,14100.006,12546.057
10,8201.641,5966.3413
10,9999.37,14990.524
10,13175.059,5677.623
10,13731.889,15262.322
10,12362.46,4688.184
10,5101.8545,8860.145
10,12994.258,11886.891
10,2380.6396,2945.949
10,9270.767,13450.309
10,7869.531,13719.572
10,9927.607,5873.3125
10,8333.538,17039.863
10,8920.78,14405.743
10,7581.227,15130.329
10,15620.562,2613.4307
10,11999.019,13405.75
10,16429.168,15748.277
10,8740.993,16927.69
10,13066.449,14738.758
10,10376.884,3886.665
10,8632.337,11961.629
10,10889.217,14081.801
10,6555.255,5212.1313
10,9435.541,2279.943
10,11972.1,16057.126
10,10745.489,13233.279
10,5792.1357,1440.6565
10,8405.83,11842.686
10,4812.1807,16842.805
10,8621.136,10586.557
10,15444.992,12560.537
10,6456.431,14438.55
10,10512.986,11385.148
10,5132.687,2026.725
10,9815.085,6709.8354
10,2468.1775,7934.262
10,5435.4556,9785.76
10,7230.428,14028.103
10,16015.9375,12677.359
10,2170.7007,1806.0878
10,11823.424,15069.601
10,12507.348,16196.365
10,16879.576,3488.5347
10,14242.19,3829.482
10,8631.148,15472.407
10,17716.7,5952.786
10,14270.076,15808.01
10,12000.742,2483.799
10,13087.481,8100.713
10,13248.481,3294.6162
10,6751.144,15216.993
10,12211.257,1900.8591
10,3074.0684,7846.7036
10,6154.7764,11256.739
10,11014.29,15467.637
10,10669.103,15009.224
10,12807.818,16007.907
10,13310.61,2474.7874
10,5237.3438,4376.4517
10,12656.484,13529.825
10,5621.9136,5769.471
10,4595.9736,14508.759
10,9681.972,14702.68
10,4005.4468,3408.823
10,10910.488,7629.554
10,11261.299,14566.266
10,13154.254,5123.258
10,6240.5493,4891.9556
10,11325.405,5595.752
10,7179.9385,11070.71
10,6889.413,13775.579
10,5048.979,13392.013
10,10608.67,13252.727
10,5425.6035,1150.8286
10,12751.062,8016.8384
10,10054.32,1093.785
10,10409.135,14176.959
10,12697.016,4595.657
10,9204.127,16274.33
10,5731.627,6876.922
10,19621.78,7972.0293
10,10156.117,14661.14
10,14308.6455,15814.07
10,9402.626,14197.648
10,10789.933,17352.455
10,3106.6277,137.61728
10,10603.847,14626.87
10,6442.248,3013.9463
10,14728.244,16815.254
10,3320.0361,10874.892
10,10980.813,5231.3057
10,8071.148,10284.243
10,4333.2124,5741.768
10,10725.59,3208.8394
10,13380.212,15162.112
10,17411.844,5663.3433
10,14696.09,1383.4861
10,11615.894,14471.594
10,10902.909,18076.492
10,9180.216,12206.554
10,13781.255,16518.828
10,9448.289,5482.407
10,13684.347,15157.113
10,9329.514,6602.525
10,8879.742,4963.617
10,11861.153,3601.1318
10,17609.27,1811.4623
10,11974.803,14103.461
10,8725.397,9757.069
10,12969.59,16507.2
10,4233.359,3376.2788
10,14670.425,12537.487
10,16905.027,4310.083
10,10508.948,4328.623
10,11048.317,15785.846
10,9474.641,5585.073
10,4479.431,6024.547
10,7116.774,14067.71
10,11050.504,18282.457
10,14128.37,13648.871
10,12541.848,8841.231
10,9925.632,11704.382
10,6909.948,3604.7092
10,11781.345,15641.9375
10,8598.547,4774.1094
10,20000.0,7075.501
10,10813.869,16179.599
10,13416.298,15201.461
10,3909.1748,7857.2954
10,12004.227,14843.596
10,8789.608,12207.1875
10,13708.844,4558.922
10,12130.814,5640.6016
10,6394.747,13003.528
10,8838.053,15588.784
10,6528.4307,12778.404
10,13122.615,8414.761
10,10551.056,4581.0845
10,8444.9375,4228.927
10,12214.78,3017.665
10,5663.513,15476.78
10,10591.188,14756.164
10,16300.057,3187.5464
10,9206.8,0.0
10,9243.314,15475.107
10,12442.769,7552.2407
10,8476.625,14112.936
10,16385.375,4301.1685
10,9691.696,14444.933
10,6097.955,5479.941
10,10994.438,12059.584
10,7989.687,15616.7295
10,11093.565,1999.2144
10,15717.092,13474.54
10,10204.0205,16479.053
10,6081.256,11981.496
10,1844.2507,3196.2432
10,7678.314,14776.074
10,3773.3281,13859.334
10,14716.517,2146.714
10,19148.701,2097.9775
10,12389.163,6154.376
10,12653.859,4938.714
10,11834.038,7828.0713
10,11429.492,3600.241
10,6223.626,13872.36
10,9401.698,17850.703
10,2207.5913,16420.975
10,15806.185,13617.897
10,11430.719,4149.537
10,19455.38,8284.025
10,12168.718,1935.9258
10,2339.7222,5869.7607
10,12335.194,5504.324
10,13690.385,13177.631
10,8113.2305,12522.63
10,6125.7993,12752.234
10,1889.4175,7862.164
10,8240.318,2336.2368
10,16120.322,5944.2417
10,12205.167,13427.648
10,1724.775,5394.563
10,7127.9824,12150.399
10,8582.167,6232.6997
10,5817.4165,4649.0757
10,11321.996,4137.7124
10,5852.689,5845.977
10,11782.979,3154.7112
10,8024.6646,15424.155
10,6015.498,4536.8066
10,12632.189,13842.811
10,10013.576,14278.594
10,6182.7144,3340.017
10,6081.452,14352.784
11,10000.0,10000.0
11,11951.808,7031.3857
11,6830.58,13282.974
11,8548.998,7080.7114
11,12574.269,4460.2744
11,10146.122,14499.986
11,12226.835,2076.5493
11,6730.6826,5490.7295
11,14719.742,15634.209
11,8728.374,11539.944
11,9737.217,12355.227
11,9121.859,2181.6177
11,15194.473,9247.023
11,10001.553,13087.89
11,14482.14,7782.942
11,19096.16,3280.8213
11,13031.199,16512.277
11,4625.2886,3672.2769
11,11953.415,8442.545
11,8584.008,12819.614
11,11963.371,13723.5
11,9539.487,18075.861
11,11872.349,16828.348
11,12522.7,15984.173
11,8600.228,15350.704
11,10552.3125,11839.795
11,9090.73,10989.521
11,7692.97,15719.803
11,10924.727,3223.6748
11,7811.737,15351.305
11,15670.618,6487.467
11,15865.084,2713.0974
11,11179.78,17522.123
11,12410.645,14035.973
11,14114.959,1570.4946
11,12570.159,13991.486
11,14627.627,4225.1675
11,11953.847,17158.559
11,4276.5356,4642.4253
11,8547.089,12076.827
11,6761.3657,14072.0
11,11697.604,12189.0625
11,11250.186,14362.552
11,15382.142,11600.01
11,10434.474,2317.3926
11,6271.03,7807.0728
11,6165.9624,4722.395
11,12730.165,5255.213
11,7001.513,4990.187
11,10710.229,12655.952
11,2986.2654,3443.456
11,11122.375,18137.771
11,13349.083,14041.137
11,5191.442,6582.9463
11,6118.372,9325.674
11,11292.869,5200.7666
11,9809.999,5704.6904
11,934.68616,5321.857
11,11342.712,16482.545
11,5214.9604,6669.6357
11,11176.36,12634.36
11,16048.013,18573.979
11,14879.193,4749.8975
11,11343.817,6849.12
11,7235.0615,13232.156
11,13673.555,5272.086
11,16478.559,15336.917
11,10635.325,11386.511
11,12044.72,13092.337
11,13777.458,4722.0195
11,6255.235,450.46985
11,14611.625,4472.245
11,12496.659,12079.654
11,20000.0,6064.3735
11,9925.343,18057.81
11,12258.485,1212.2485
11,11429.537,15411.866
11,10583.376,13995.135
11,11031.917,2713.632
11,10304.189,12524.943
11,8779.198,13987.189
11,8022.141,5393.685
11,8783.288,3385.3296
11,13315.164,11538.29
11,8313.979,12505.963
11,8778.706,13049.372
11,3619.759,5037.5923
11,14014.078,16471.525
11,7922.8115,6439.341
11,1281.806,5083.2383
11,7003.7373,4274.0083
11,9539.826,15066.27
11,10305.356,10181.495
11,2979.6558,5893.4824
11,17101.42,1549.312
11,6536.9023,14606.827
11,8918.495,11997.637
11,16382.832,5709.7046
11,14233.551,15381.518
11,5967.3193,6494.4106
11,9827.316,11231.349
11,9754.642,13663.926
11,11113.179,9484.145
11,7672.7104,16785.674
11,8678.729,15176.23
11,6678.7607,14420.731
11,14095.771,4235.6836
11,7716.7554,10374.995
11,11078.338,13813.802
11,17945.23,4176.1313
11,11553.094,11596.559
11,12547.7,14057.956
11,1781.647,6145.447
11,11807.836,4922.1587
11,1327.2505,4110.1206
11,11673.007,2562.2253
11,4963.846,3298.5032
11,9690.351,5633.995
11,10977.152,16344.787
11,16524.03,4592.87
11,10751.452,13350.658
11,13026.987,3296.9988
11,16318.77,6319.4824
11,13352.361,15698.832
11,17838.863,3712.7708
11,10809.728,12452.615
11,16931.568,5692.7324
11,8036.3027,15665.911
11,10017.283,16488.293
11,11116.071,14160.066
11,5386.954,6443.963
11,3956.928,3743.4377
11,10067.175,5176.794
11,10516.404,15609.679
11,3573.978,9609.953
11,10394.75,17891.568
11,2577.441,6471.6064
11,13664.858,3685.926
11,9977.556,16308.387
11,14569.788,6187.889
11,12334.261,17936.785
11,14024.068,15025.576
11,9708.644,3883.8838
11,10416.877,7621.01
11,7904.0776,15397.169
11,12347.726,3880.6636
11,15302.8,7181.802
11,10939.122,11774.447
11,10984.811,15704.811
11,9694.004,17137.654
11,11115.681,12997.97
11,13024.397,15979.171
11,13456.93,7467.5527
11,18041.31,3871.6177
11,6920.6577,6780.1855
11,6817.068,1249.8386
11,9667.807,16319.891
11,7379.1826,2077.6497
11,15814.512,10191.515
11,10545.157,14796.909
11,12735.241,14912.321
11,14858.693,4046.128
11,6718.473,13254.106
11,13145.564,2053.2246
11,9537.911,3090.7864
11,7221.6787,5991.4077
11,14817.437,15398.712
11,8042.989,15598.993
11,15587.131,4819.005
11,10096.32,7134.536
11,6975.915,7073.006
11,3341.4875,3064.8025
11,6121.236,15159.7295
11,7069.479,13176.162
11,10406.227,12594.734
11,11364.6875,14078.741
11,10563.247,9014.047
11,9074.695,12905.857
11,11392.776,14532.279
11,12925.483,11867.787
11,11687.373,11735.558
11,5750.529,7235.7764
11,6682.622,4015.9514
11,5825.416,16564.012
11,7417.53,16876.443
11,13578.107,13121.953
11,8972.823,13685.406
12,10000.0,10000.0
12,8796.876,12890.429
12,13764.57,6628.219
12,8407.618,12351.135
12,16875.19,9486.117
12,9841.068,17510.69
12,3903.1345,0.0
12,16491.438,260.45383
12,11357.911,4772.6406
12,11078.187,3746.0674
12,12123.019,7988.016
12,12209.919,14106.8
12,11533.988,15915.291
12,12089.729,0.0
12,7850.6406,17014.52
12,7328.9565,18746.121
12,13860.948,14215.238
12,14704.687,11621.606
12,9212.49,15751.265
12,5298.424,20000.0
12,9148.195,16990.531
12,6734.914,15130.642
12,12116.046,13027.857
12,12554.516,16474.092
12,11972.164,2644.822
12,7537.9,13408.334
12,9544.445,11892.4375
12,4405.583,6500.602
12,11144.187,14742.636
12,7210.477,5033.9697
12,1876.0562,4762.4434
12,15906.697,6041.6772
12,12781.419,8116.006
12,1828.4313,8251.291
12,3659.322,399.0905
12,14720.664,1151.0647
12,6275.452,13013.65
12,17887.578,18283.234
12,10754.193,12998.289
12,13223.514,6640.112
12,13416.404,13042.067
12,9351.611,16740.498
12,7509.548,5010.468
12,5386.108,7692.1064
12,9011.733,10904.95
12,17512.766,4725.9717
12,5387.863,3437.6646
12,5682.073,16303.188
12,18042.605,5422.3433
12,11316.648,15131.535
12,18289.812,2129.888
12,3491.4565,6483.809
12,4745.6377,15039.139
12,11694.704,15198.633
12,10121.413,13258.92
12,5470.4204,18304.47
12,4777.1685,5059.361
12,3094.0117,3247.0732
12,9233.866,3445.1475
12,9475.123,12133.883
12,6573.39,15754.409
12,16236.177,4195.6797
12,4199.3877,4348.2354
12,7985.7246,4709.3223
12,0.0,1423.6448
12,15804.6,4196.3545
12,18036.445,3852.1494
12,5030.131,7878.473
12,16668.447,7235.3516
12,8118.229,17080.441
12,10136.007,14270.968
12,12831.526,15760.017
12,4445.763,7233.3174
12,10006.064,12201.127
12,8600.073,8172.619
12,8140.2026,12862.275
12,9215.271,14499.23
12,17699.127,3945.0583
12,11468.09,4340.5273
12,10250.263,18111.684
12,12049.087,18172.48
12,14437.716,7006.299
12,6558.197,6038.313
12,10074.663,6005.6396
12,9147.176,5320.802
12,14763.398,7408.73
12,13947.15,7354.3804
12,9482.642,14900.693
12,12466.446,14797.106
12,13464.845,17803.69
12,17949.846,5717.801
12,10025.224,17070.033
12,4903.215,6625.796
12,5001.136,5490.1206
12,11514.639,17550.873
12,14393.409,5917.1465
12,873.62244,4851.1006
12,7185.505,16242.326
12,9938.281,11810.579
12,4522.2725,3890.8276
12,12164.766,12421.501
12,13478.505,13433.877
12,10177.369,15540.179
12,14430.657,12603.231
12,7454.456,16386.66
12,8766.937,14869.79
12,9563.225,16892.277
12,2303.2656,7838.284
12,12057.293,8844.523
12,1539.1469,8156.02
12,14938.246,4440.739
12,13253.517,15555.435
12,8159.915,15806.884
12,10302.095,15931.201
12,12895.051,16122.676
12,11164.167,11850.391
12,9565.839,5043.425
12,7657.5986,12893.858
12,4873.9453,2207.603
12,17864.521,4466.8174
12,10626.449,11977.151
12,13616.433,4272.3223
12,9264.948,4664.094
12,12216.778,13007.718
12,13554.692,16887.836
12,5416.102,9609.017
12,14331.097,12021.901
12,15195.494,5472.9907
12,0.0,2845.1238
12,4361.9243,13084.931
12,9182.624,4977.7817
12,10505.549,14922.211
12,3890.0833,16854.42
12,12126.857,16928.193
12,7558.271,14625.379
12,6416.3096,16058.391
12,3210.3894,13355.965
12,4129.0005,5742.637
12,4968.5234,15780.519
12,17817.297,8212.661
12,9880.041,17159.15
12,6488.685,2790.3857
12,10543.795,871.03577
12,15633.489,12417.943
12,18214.867,5025.2354
12,7622.7617,16136.709
12,5418.327,7241.9067
12,19264.377,2667.4436
12,4251.8765,4820.225
12,17082.154,3594.2058
12,16376.14,5456.8594
12,5378.7603,15750.132
12,15052.936,13798.122
12,8080.6064,1672.7799
12,12114.2705,15777.353
12,3114.3054,2648.5452
12,18078.695,724.03394
12,5705.0005,11399.417
12,10769.591,1327.277
12,6864.773,16161.737
12,11974.781,15726.943
12,5439.5513,5197.9814
12,5416.7993,0.0
12,14178.948,12291.831
12,10511.309,3325.3672
12,12562.6045,10084.293
12,6967.9326,15326.157
12,12872.679,3879.4485
12,8714.36,13354.892
12,6115.485,8180.9062
12,10115.297,16736.96
12,4826.5493,13043.423
12,10340.126,2103.7004
12,6925.7646,5192.911
12,13818.909,6453.466
12,10067.208,14215.678
12,5881.221,14748.009
12,8500.591,13439.751
12,10907.489,19258.53
12,16307.067,6905.8403
12,9181.357,13458.037
12,10676.858,15872.196
12,9471.881,3410.5232
12,9863.017,10838.245
12,11001.045,13379.007
12,4223.813,1396.3098
12,15993.878,13372.7
12,12769.486,2950.037
12,8646.4375,13431.371
12,12068.746,16170.137
12,12227.964,3193.3267
12,10039.884,6620.1753
12,5881.0547,4475.0527
12,12216.651,14796.373
12,7741.583,13090.963
12,5970.387,15006.518
12,5943.812,15313.196
12,7246.903,14571.368
12,6670.9243,12976.504
12,11541.388,14514.822
12,2079.399,1536.57
12,9724.432,15450.549
12,8675.035,806.37634
12,9006.705,15195.967
13,10000.0,10000.0
13,14497.442,15156.58
13,14625.983,15716.017
13,15445.767,7518.256
13,5622.277,15153.713
13,13325.173,4411.019
13,7959.954,1796.0294
13,18026.51,1949.97
13,1969.5508,6369.499
13,9586.782,18088.416
13,4705.915,4257.126
13,12278.547,15078.387
13,9923.55,13280.224
13,14511.564,5244.9053
13,12487.396,17754.098
13,8524.713,182.11624
13,11466.907,3883.6572
13,7142.603,9652.407
13,7320.4775,2930.971
13,15294.585,4024.4631
13,12414.894,15812.863
13,12259.775,14745.838
13,13356.102,4471.522
13,10839.764,12126.027
13,5212.887,3833.3044
13,12196.673,3985.5457
13,13194.877,15341.33
13,4475.2983,15534.181
13,11440.732,12803.823
13,15386.736,18628.19
13,11997.21,14180.508
13,13319.199,4565.1855
13,13142.37,6775.6504
13,3974.4834,4035.0168
13,5229.2627,10023.797
13,13465.746,14505.3
13,11635.736,13096.717
13,14513.627,7479.1094
13,8794.014,15708.201
13,15357.412,2627.9956
13,13704.731,1682.2759
13,6969.972,17775.809
13,15345.491,5652.2466
13,9859.522,17300.145
13,12965.57,0.0
13,14101.964,14406.315
13,7691.167,15779.614
13,5988.288,4908.2246
13,8577.748,15346.678
13,8445.625,8488.038
13,13972.128,17657.8
13,9876.175,4017.9783
13,9998.125,3071.1814
13,4013.4128,4798.923
13,5641.7344,4299.2524
13,5067.781,17064.645
13,10971.17,13818.189
13,7935.685,15542.985
13,14566.185,16546.627
13,10094.168,16007.777
13,4769.198,3800.277
13,10870.132,12969.306
13,9493.872,12562.4
13,7128.42,17577.463
13,5051.411,5852.368
13,10144.224,15203.656
13,7146.0044,6958.1636
13,2553.429,1423.301
13,11914.331,17562.984
13,14163.064,14330.271
13,10346.76,1084.0603
13,15935.214,5853.718
13,10879.737,2531.2144
13,11950.096,15843.631
13,9832.034,15761.474
13,9056.255,6251.4595
13,9018.335,11886.165
13,10868.905,13052.959
13,0.0,7488.6733
13,10426.151,14181.579
13,6457.95,19307.555
13,11695.853,14484.18
13,7409.882,2766.3882
13,12789.717,15180.623
13,8179.3755,4691.7695
13,4973.5986,3106.4397
13,16258.19,5377.2183
13,8766.024,16737.963
13,11333.17,15151.691
13,7401.6836,15167.363
13,6895.681,3865.6794
13,12566.9375,14438.567
13,13087.94,2383.8013
13,14642.317,5426.978
13,10001.724,17288.887
13,6106.8657,3037.0034
13,8410.014,13434.637
13,4047.2644,12696.019
13,10912.13,17706.531
13,4979.442,11017.641
13,8845.87,11408.456
13,11160.769,993.5784
13,11890.182,4153.522
13,16268.496,3399.773
13,11018.939,10408.787
13,13012.818,14100.413
13,13193.422,15093.715
13,11065.317,16120.724
13,14021.486,7662.155
13,17976.035,4815.42
13,12060.865,4663.965
13,7865.659,5265.3335
13,7242.672,5612.8955
13,12448.061,9423.118
13,14568.833,5833.5396
13,9681.505,4499.1523
13,12000.555,3027.4153
13,11672.855,14139.786
13,8784.894,7408.8057
13,10507.365,3777.0068
13,14048.039,16164.685
13,11697.271,4719.7173
13,14363.918,2747.432
13,11785.283,14076.326
13,5261.7227,3135.852
13,17520.68,5206.693
13,15294.565,14718.516
13,12892.604,5342.779
13,14705.563,3495.4287
13,10534.792,14268.823
13,13774.111,1965.5059
13,8027.998,3604.9773
13,11440.021,6244.2227
13,11312.517,8263.062
13,14973.962,5829.273
13,7671.566,13978.809
13,12645.835,17567.516
13,9152.433,2831.7185
13,13383.403,16567.404
13,7898.9355,14216.052
13,6230.99,5618.006
13,17485.78,2405.0215
13,10715.956,15505.323
13,14784.3125,11270.937
13,7212.2847,13055.615
13,13896.088,16074.27
13,15452.464,3194.7705
13,9834.624,16663.652
13,7769.916,15790.275
13,15373.398,12940.574
13,5633.387,14047.215
13,7919.5225,7213.6216
13,15646.654,4176.812
13,10602.722,13018.684
13,10628.285,15879.44
13,5384.6167,14333.041
13,8899.512,4799.723
13,10288.044,4638.7085
13,7009.5547,13725.951
13,6256.453,5377.0127
13,5590.178,11651.841
13,6132.4697,4169.185
13,4280.123,2366.1858
13,12501.113,7276.637
13,7966.2915,4462.637
13,5857.7515,6674.19
13,17491.64,6617.5117
13,11670.627,13380.954
13,14289.338,5150.4653
13,18535.793,3784.7458
13,9905.436,15037.006
13,9290.938,15852.9
13,14498.442,15004.654
13,11323.212,14536.199
13,14529.892,3984.5188
13,6252.7314,14373.504
13,404.92453,8598.674
13,15011.549,6093.2686
13,5694.4277,5519.251
13,2528.026,2429.339
13,8310.247,14405.928
13,8143.2646,13812.698
13,11134.103,5713.748
13,11243.036,16633.1
13,1273.1237,8244.063
13,6221.511,12153.593
13,5620.7305,7456.367
13,12752.336,13938.004
13,11638.794,14984.3545
13,6571.894,13460.353
13,14666.574,7448.885
13,7105.955,16678.742
13,8292.728,16260.251
13,10568.268,12983.63
13,7672.098,18126.213
13,8068.9595,12321.891
13,7196.5957,2458.4065
13,12430.869,16392.098
13,12428.449,4871.129
13,4505.925,4550.9976
13,9952.91,13465.8545
13,3528.4993,6804.283
13,15311.098,15954.818
13,11350.103,14087.378
13,7281.9985,14461.002
13,7041.64,896.18396
13,15710.96,16507.059
13,10093.41,14329.422
13,6291.5005,7225.5947
13,16411.082,10766.454
13,12698.803,16191.076
13,14332.487,3933.896
13,14754.547,13898.724
13,14626.35,11836.898
13,11109.021,5480.7637
13,18044.91,6927.8965
13,4625.4565,3321.571
13,9483.98,15278.187
13,13252.177,6281.0435
13,20000.0,6224.1504
13,12348.5205,17723.191
13,19759.488,6974.67
13,3017.045,4168.7725
13,9269.3125,16863.377
13,12177.841,3894.8843
13,12165.375,6546.239
14,10000.0,10000.0
14,8888.561,5740.298
14,12427.09,14144.025
14,11443.273,3137.83
14,11271.729,15724.268
14,19219.648,2301.0476
14,13360.365,13077.318
14,3160.7737,3925.7732
14,14050.352,4498.9546
14,9252.836,4425.2866
14,8186.832,4577.844
14,12606.717,7354.484
14,5346.331,3352.8767
14,6354.8384,11728.797
14,182.74161,1067.7825
14,7773.0464,4790.6416
14,11479.002,10548.294
14,14169.7705,6560.879
14,10197.531,13205.608
14,15008.383,4232.4717
14,10049.8125,15392.066
14,10669.225,16473.074
14,2324.453,7251.4395
14,10138.109,11770.518
14,5753.978,2835.0679
14,12861.737,11810.658
14,11636.768,4436.27
14,9819.698,16378.335
14,6619.647,10073.662
14,11023.317,16749.98
14,5466.1353,5092.8496
14,12227.732,2123.3298
14,4657.6055,6670.405
14,10249.576,15675.654
14,9390.936,8502.643
14,3253.3855,3167.348
14,6736.317,16101.69
14,10993.503,16915.3
14,9906.639,3923.1714
14,6735.582,2984.856
14,9285.973,3951.417
14,15542.311,903.37506
14,6983.2705,15758.357
14,12148.334,14373.524
14,11653.714,15391.801
14,6139.496,2587.899
14,11783.2,13654.963
14,14516.418,14445.637
14,14838.458,4982.8228
14,12213.403,7736.794
14,4025.7197,1455.5798
14,10305.773,13954.264
14,14651.303,12743.115
14,5973.2563,12813.674
14,11676.676,9805.943
14,9764.391,3954.6653
14,5457.282,13205.051
14,3858.8638,8285.02
14,6571.979,6922.2207
14,4081.7488,1694.5208
14,12741.907,10886.3545
14,10228.663,12081.403
14,9079.735,4150.9673
14,7208.5317,3566.3938
14,10939.058,14407.668
14,14026.221,4621.638
14,4737.711,1955.7471
14,11757.676,13113.113
14,13178.154,6350.488
14,12224.241,15928.207
14,11148.509,14879.341
14,12096.984,10759.2
14,13687.234,3113.5828
14,11305.877,15182.427
14,11669.333,13106.442
14,12962.069,5182.608
14,8882.956,13566.949
14,5364.7324,2714.9292
14,16147.808,2247.0696
14,3951.0295,11506.48
14,13431.632,2889.433
14,12961.087,16306.449
14,10405.039,15612.87
14,12287.045,12657.461
14,16709.629,9074.123
14,6382.248,3822.2441
14,13761.691,13089.591
14,3416.668,473.34952
14,8157.342,12579.121
14,12008.733,5754.457
14,5662.0723,13239.065
14,11472.202,11685.385
14,7796.884,3706.6887
14,17894.39,2251.766
14,9897.605,14445.702
14,8938.443,12591.712
14,12028.664,16529.207
14,8695.208,3646.5837
14,6910.558,4556.8633
14,6731.826,15199.483
14,10821.745,11991.955
14,5059.2607,3485.201
14,2537.348,5221.977
14,2849.7703,6258.744
14,10559.713,16526.107
14,12091.048,13043.526
14,7393.0063,14609.352
14,14850.694,19376.72
14,12521.9795,17017.752
14,7337.921,15310.795
14,14111.375,12801.468
14,12983.121,14021.521
14,7647.3286,11833.624
14,5696.3726,8585.253
14,15802.934,4461.809
14,11444.965,10781.5205
14,13535.751,4183.8613
14,18090.104,6323.067
14,7789.509,13747.818
14,11714.796,13738.837
14,7900.0356,17268.139
14,15943.879,8490.087
14,12622.297,18678.877
14,12208.551,16638.854
14,13021.818,5374.847
14,7459.0967,3743.5334
14,7040.786,16570.361
14,9781.791,8166.9976
14,3529.5315,6205.8887
14,8312.268,9639.055
14,12660.848,15799.831
14,11590.801,8186.1465
14,5069.2173,13501.389
14,9307.443,4476.4336
14,13788.771,18194.326
14,12461.52,6558.541
14,10704.672,14692.572
14,8821.847,4538.4927
14,6412.73,7907.5977
14,9606.101,13508.48
14,11047.838,14579.495
14,10054.528,8779.124
14,6941.7314,6614.776
14,12055.524,13657.791
14,18851.824,6728.407
14,12561.123,15335.563
14,8272.39,18257.934
14,17804.914,7331.5024
14,14801.072,3385.384
14,7126.867,9865.417
14,7932.437,17596.752
14,12808.387,4161.871
14,13601.734,13007.351
14,11667.138,5621.5957
14,6129.2056,19151.059
14,5339.2046,5873.849
14,11267.071,17227.268
14,8247.182,11797.241
14,6005.883,9462.321
14,11322.288,17550.33
14,7642.2695,14439.924
14,7762.411,8288.711
14,15173.337,16583.725
14,7298.2505,13395.702
14,7899.2183,14625.874
14,12484.911,13696.082
14,11152.713,14316.797
14,20000.0,1811.8866
14,6293.618,12968.305
14,13109.742,7524.9067
14,6437.35,13186.004
14,11812.568,14744.627
14,13634.035,13247.18
14,8541.623,14352.091
14,14423.926,3979.8657
14,9073.021,17006.783
14,11686.73,4049.787
14,7344.3955,3964.2048
14,11650.418,15399.076
14,6902.9624,14435.843
14,13401.189,7808.2466
15,10000.0,10000.0
15,2956.8281,4085.272
15,12805.511,3946.5913
15,13774.496,16328.07
15,12258.489,3275.6873
15,7766.3755,7549.738
15,11968.06,4237.283
15,10222.221,12622.393
15,13626.704,15581.824
15,6623.5156,12672.827
15,8888.412,15234.564
15,5995.3,5461.99
15,16996.223,2956.7705
15,10020.172,16476.012
15,15862.604,4557.967
15,10180.704,16772.096
15,9927.633,4160.888
15,7282.6562,16000.478
15,13761.799,4114.4805
15,9298.513,16387.027
15,10418.302,19542.154
15,13557.46,3835.2021
15,11398.095,2285.8147
15,11879.966,6646.2983
15,7071.818,12887.152
15,14892.114,12953.372
15,5081.3076,7543.0234
15,4710.249,6869.914
15,10226.688,14018.15
15,12667.782,4048.6472
15,12445.54,14017.661
15,13662.218,11998.122
15,9722.295,8090.125
15,4070.0198,2131.1309
15,6101.219,5607.363
15,4959.977,10865.504
15,6806.1743,801.75586
15,11812.194,8879.483
15,11081.954,16215.624
15,6372.534,5320.379
15,13047.928,16152.616
15,17234.041,2780.776
15,4637.85,5811.403
15,15360.517,16900.828
15,6530.6553,4615.8706
15,12330.757,18630.887
15,4107.1387,7219.3193
15,16148.787,6749.3623
15,12386.11,18039.605
15,8553.311,14383.705
15,5697.3364,143.69984
15,6527.507,9197.504
15,11883.817,2672.9258
15,10129.0205,16280.604
15,6925.226,11366.506
15,13070.279,15050.384
15,2686.8064,250.63501
15,4088.452,3652.7378
15,5534.013,15958.377
15,13868.464,14429.309
15,12082.52,15762.488
15,10165.288,13909.07
15,20000.0,5771.6533
15,5300.759,3589.0273
15,12087.157,5172.0444
15,12907.363,5824.8745
15,13082.613,5351.9
15,9434.538,11442.983
15,14630.699,6313.86
15,11547.412,14936.45
15,10728.1455,13230.009
15,8090.501,1222.7498
15,13285.506,3663.7808
15,10018.597,14108.477
15,9931.029,16863.254
15,7939.8457,15057.441
15,16539.412,8525.63
15,14000.35,5353.2563
15,10821.892,19600.844
15,16002.1,15951.005
15,10197.758,3674.734
15,8679.884,12836.971
15,9094.237,11222.497
15,7963.0415,3385.2983
15,17935.727,8765.087
15,10573.249,16360.701
15,6327.5957,7290.965
15,17034.28,4292.736
15,11425.16,12862.415
15,4932.9194,2882.0513
15,9260.497,12596.756
15,8069.577,6571.9844
15,9021.323,8196.465
15,10039.19,4176.631
15,10646.565,2021.1277
15,9534.389,5847.6147
15,11437.92,12882.441
15,5657.505,4340.6387
15,5061.1597,6445.1924
15,9929.415,12950.94
15,5381.9233,12843.804
15,12010.772,7036.747
15,10432.18,5277.1226
15,9861.637,4304.333
15,13201.53,14285.822
15,7561.2793,18940.494
15,12298.582,12624.368
15,14672.427,1767.7513
15,14172.323,4380.0303
15,7035.246,14327.4
15,6074.0635,12660.088
15,8476.064,4653.3506
15,6788.8394,4493.278
15,5997.7,10526.025
15,10928.532,2440.709
15,7784.921,7001.289
15,5855.9634,14771.673
15,3375.8398,7017.3037
15,7427.6914,16884.63
15,13013.717,13786.917
15,6621.3623,5865.635
15,6112.547,13911.653
15,11074.52,12835.144
15,7297.887,16120.963
15,12275.623,2828.2703
15,15816.81,17283.43
15,8483.38,12444.8545
15,8548.229,4618.0264
15,8594.465,15985.673
15,19626.393,2739.9475
15,16306.505,931.09985
15,10110.238,15760.409
15,8560.351,17996.016
15,15514.901,4709.4346
15,5625.0044,4044.0186
15,8846.377,17326.639
15,7269.1997,17365.127
15,7748.5737,2049.511
15,8143.7803,14022.805
15,7002.2305,2353.419
15,13451.149,3923.6455
15,14023.144,8533.052
15,7961.032,13209.792
15,3435.244,6786.428
15,7405.056,15917.754
15,11213.497,13899.331
15,8856.56,17594.348
15,6828.544,5613.5977
15,7173.3774,2233.6501
15,5849.331,15485.82
15,3082.411,5409.1377
15,11584.158,14196.385
15,15466.084,12783.386
15,9496.477,4457.6113
15,11793.787,0.0
15,9850.95,15680.348
15,13482.03,15905.03
15,10198.583,14565.704
15,8226.722,428.02853
15,5703.435,5306.9126
15,11435.591,13843.586
15,10142.281,13365.618
15,12381.126,13151.479
15,8776.222,12465.984
15,8897.452,16173.222
15,5499.0757,4201.8335
15,15156.722,5995.8794
15,320.49667,5927.676
15,700.64056,2989.0168
15,10524.73,11815.523
15,7258.681,12736.847
15,10100.608,15491.967
15,10689.815,7266.61
15,11976.627,16163.178
15,14150.265,3557.8386
15,10205.193,1833.5796
15,14074.644,3929.4885
15,8734.375,14819.736
15,12000.449,16333.545
15,5042.056,6209.6997
15,11337.782,16294.915
15,4108.214,6866.872
15,6988.248,8377.7705
15,7346.6196,18887.969
15,10399.544,18276.86
15,11855.965,6625.4263
16,10000.0,10000.0
16,11096.233,5169.202
16,9404.635,18472.549
16,17759.197,7428.093
16,10473.712,6674.423
16,8716.773,15086.849
16,17802.783,7378.4854
16,4941.3135,5145.4854
16,9542.711,18197.182
16,11165.024,4021.9924
16,5914.9097,16139.196
16,10534.715,18523.564
16,10903.145,5692.4175
16,4617.7676,4540.9604
16,1833.8604,3908.8274
16,5694.418,2911.174
16,11474.398,4253.726
16,7808.7007,10917.898
16,14735.525,14016.921
16,16190.388,2035.3948
16,2633.4133,5070.0894
16,10932.607,10030.835
16,17362.68,3640.3474
16,8715.106,16204.114
16,12172.551,10993.656
16,4552.8105,5951.1416
16,7991.2603,14654.538
16,12683.062,2611.991
16,1694.5089,3794.225
16,10375.561,2764.9788
16,13703.852,17684.701
16,3635.5286,3591.0967
16,8040.89,14571.245
16,11802.559,6585.8633
16,2854.2793,1938.1267
16,11611.928,14664.97
16,3256.8298,6619.277
16,9357.094,15287.698
16,7377.1924,14898.016
16,9072.089,17119.102
16,3203.2173,3220.0344
16,13962.772,14395.934
16,14142.179,2800.2446
16,7103.1016,12458.804
16,10366.274,15480.469
16,8711.636,4186.7397
16,13045.832,13703.747
16,13834.679,6504.8076
16,14820.442,2193.0723
16,7297.284,15649.122
16,9932.948,11449.791
16,14831.771,3939.2783
16,6625.6562,5142.627
16,6194.292,13470.761
16,4431.5493,15754.326
16,12346.551,10969.152
16,15580.418,5170.424
16,7365.368,10197.112
16,10197.57,16804.127
16,4637.2236,3773.9197
16,4123.6084,4480.932
16,13267.92,5239.663
16,12274.438,15582.995
16,7608.6157,5194.543
16,3660.4294,6734.7095
16,12675.166,17100.934
16,11024.168,15205.387
16,11536.168,18347.123
16,13070.65,12945.833
16,3702.6187,16811.893
16,16853.725,13031.563
16,8150.9644,17745.059
16,2502.4744,5167.8105
16,5397.9976,14741.279
16,18887.957,738.35913
16,10323.177,15900.635
16,10921.521,14314.901
16,7906.641,17494.229
16,11251.486,3020.1033
16,4709.0073,5159.994
16,15983.803,3105.323
16,9196.959,1571.834
16,13377.466,6680.256
16,3946.2842,6747.647
16,4697.3745,5860.5933
16,1177.3269,7958.019
16,13486.092,13920.214
16,11003.048,4856.1074
16,2229.5217,3063.617
16,5884.165,5144.006
16,7759.203,16158.319
16,0.0,4863.743
16,2077.7798,6616.689
16,10915.025,4301.301
16,17353.492,2565.6453
16,11587.885,12768.33
16,10339.323,16182.375
16,0.0,1571.3573
16,16816.818,7750.726
16,3121.986,2611.2493
16,13606.164,14633.924
16,12951.99,13426.122
16,5885.8003,1952.0387
16,12299.989,11896.418
16,18516.193,3028.9421
16,8388.87,7148.6733
16,4516.8384,16010.522
16,10754.5,7146.7095
16,11545.353,16111.779
16,9807.087,4853.213
16,867.2644,4824.462
16,10022.55,13249.004
16,4493.495,17138.15
16,16629.078,6160.061
16,9920.949,13919.933
16,8533.101,6698.0806
16,8436.213,17261.076
16,8161.5674,13309.164
16,11919.146,16259.58
16,9293.797,13312.993
16,7863.9717,3401.0024
16,8463.811,13610.4795
16,12363.292,14149.878
16,14564.407,6060.309
16,11769.408,8172.4585
16,17201.926,4729.0894
16,15799.798,4773.3643
16,8924.402,13268.271
16,8586.228,4245.4062
16,15232.758,7763.1313
16,11522.218,13765.809
16,13377.921,15644.076
16,17195.584,5777.95
16,5300.846,2936.6343
16,14341.587,14422.092
16,9294.722,15536.892
16,7838.196,13151.924
16,8632.79,12726.4
16,12125.665,8047.925
16,8668.5205,3439.5054
16,4091.2412,16839.111
16,11946.208,0.0
16,9748.259,4963.8296
16,15383.429,7596.1436
16,14962.094,4501.877
16,9960.464,6112.839
16,14019.071,10331.063
16,9835.467,14727.838
16,8316.534,17389.043
16,6877.3643,11405.65
16,10821.882,4415.9463
16,2445.5923,4113.474
16,13138.211,6541.7114
16,13468.652,8753.977
16,3592.5986,2630.3135
16,8560.786,3350.2844
16,8923.113,16342.572
16,6989.218,13279.922
16,12337.34,15610.3545
16,12134.87,6198.4106
16,6825.909,2265.404
16,12592.749,17824.494
16,7608.8516,13675.502
16,0.0,4795.738
16,9853.38,5363.419
16,11970.737,15471.031
16,2948.2551,8087.4673
16,6095.75,13391.701
16,14612.907,5213.3584
16,8921.775,13911.559
16,10581.457,6535.099
16,8633.58,16546.041
16,7490.594,15055.576
16,6947.705,6273.937
16,12493.597,6602.3936
16,12695.095,12369.356
16,10727.796,13928.634
16,7706.386,10458.403
16,10070.388,6652.579
16,12190.11,14842.504
16,15573.572,7836.257
16,17568.633,7762.467
16,5170.6816,15224.254
16,18600.66,2975.8503
16,4830.6934,13344.908
16,10025.477,17501.723
16,8592.465,7027.0347
16,11809.875,17062.018
16,10529.584,8579.814
16,18047.672,9114.189
16,7394.622,6205.383
16,4509.644,2982.4
16,18648.082,7566.7876
16,7187.993,6278.449
16,4533.7744,2986.5996
16,8483.08,3687.3635
16,4585.093,2642.7434
16,6370.68,16113.856
16,8420.679,1504.6387
16,7938.161,3720.1729
16,16061.857,14040.296
16,15053.337,15508.954
16,8596.235,16318.81
16,11624.493,16340.35
16,8939.044,9741.041
16,7206.8677,2757.0173
16,12769.309,2320.828
16,16938.537,5986.94
16,4312.8022,10676.127
16,20000.0,2346.1716
17,10000.0,10000.0
17,15518.892,1230.5677
17,10431.384,13647.617
17,13639.016,16272.48
17,7400.218,5970.2236
17,17311.938,4602.196
17,16719.938,5605.5635
17,7950.524,4292.155
17,8165.742,14726.322
17,10757.148,17605.23
17,3071.946,5124.763
17,8727.933,12799.301
17,8283.822,13126.14
17,12583.589,2386.0515
17,15758.909,6929.0723
17,12296.115,12898.129
17,10868.476,18367.56
17,17152.752,14816.195
17,10488.663,13861.443
17,13737.506,3549.8472
17,11438.831,14957.506
17,10710.831,17333.809
17,14080.718,6820.8994
17,8055.0303,3734.583
17,15632.986,5950.625
17,9475.826,5736.212
17,2032.9714,6620.9272
17,11237.765,13044.585
17,6412.302,4819.4507
17,5629.542,19716.125
17,7578.845,13868.785
17,5812.0083,7722.5044
17,7501.1406,13092.947
17,4885.3887,12668.715
17,9928.236,0.0
17,7615.012,4248.694
17,10597.432,15064.358
17,6336.8975,16833.688
17,5289.9375,6008.918
17,6739.9595,12904.881
17,6208.634,15026.881
17,4907.152,17499.441
17,14814.976,5333.213
17,10095.265,11625.341
17,8133.3403,14419.795
17,16652.83,4492.9165
17,8040.3013,12908.092
17,16435.969,5374.141
17,8864.525,13042.47
17,5766.9707,7515.315
17,7632.7026,6005.05
17,20000.0,6104.065
17,16868.291,4159.7305
17,6490.417,14889.502
17,14430.592,13328.0205
17,12090.822,2743.939
17,9777.034,13553.945
17,9475.293,16766.576
17,9543.236,15312.897
17,13706.763,13466.672
17,9488.398,15659.588
17,11223.584,15159.907
17,9371.095,9756.544
17,5398.8623,14030.555
17,8086.09,15487.443
17,10045.769,13462.813
17,10931.914,14996.475
17,11283.181,11347.585
17,11428.003,14941.483
17,12255.096,4698.355
17,15134.005,2864.158
17,8250.996,16563.807
17,15251.211,4861.636
17,9077.97,865.37915
17,8701.706,5109.14
17,12844.194,13723.847
17,10210.391,2681.2153
17,14563.585,1122.3157
17,7481.015,17570.656
17,7360.1206,18898.158
17,10192.335,14706.031
17,10865.591,16348.023
17,9412.199,18731.824
17,7794.6353,6231.111
17,8824.919,6133.846
17,11781.228,13539.132
17,10879.999,10759.838
17,6516.596,3123.577
17,16249.283,7807.269
17,14370.739,14558.073
17,10868.581,12012.59
17,12671.753,4992.7017
17,8701.499,12904.876
17,10788.655,1816.2556
17,5630.371,3746.8877
17,3537.4246,6879.9727
17,14466.008,2631.962
17,6435.456,1965.7926
17,6851.0767,5909.9224
17,11655.224,13086.974
17,8394.93,12632.484
17,6721.618,2100.1648
17,13127.157,4498.7266
17,14025.249,6949.8823
17,10277.022,17962.502
17,10296.611,16066.468
17,17430.715,2677.4443
17,14466.534,4571.9585
17,9545.633,13147.249
17,7328.674,3253.8394
17,11060.306,0.0
17,14588.548,5400.3833
17,9733.945,15754.869
17,7886.6064,6146.685
17,15871.3955,5476.632
17,7400.694,13329.464
17,4517.2725,5472.163
17,6006.259,3941.45
17,5414.9873,2085.296
17,8474.888,2371.4749
17,13135.515,13904.853
17,545.735,3777.0269
17,10097.157,14026.258
17,10210.48,15486.669
17,14157.084,15462.445
17,15881.279,15434.4375
17,12530.765,3720.7507
17,12868.364,19105.959
17,3474.9148,12033.203
17,12635.252,15792.26
17,7574.798,16438.19
17,13095.86,7234.1006
17,13211.031,5119.6396
17,11776.1875,14578.153
17,10844.717,11387.743
17,3892.9229,3718.7434
17,7891.949,14352.626
17,4823.4404,10769.803
17,3440.718,3481.4966
17,15598.834,0.0
17,11053.216,5266.195
17,6646.2397,18937.545
17,12288.868,7125.129
17,6354.7637,5866.676
17,15360.056,14506.055
17,13160.181,6421.356
17,12820.311,16681.164
17,12038.415,17087.963
17,12281.279,5716.458
17,12394.67,16622.17
17,17046.984,12944.332
17,13750.685,5915.9136
17,14401.862,14320.125
17,12939.473,4174.603
17,4448.69,1430.1809
17,15156.925,17482.861
17,6560.1997,15557.965
17,16041.333,2232.2502
17,13679.407,16317.627
17,8371.172,18713.559
17,6976.5835,2140.982
17,16642.234,12594.584
17,3117.4963,4793.215
17,11618.991,7543.343
17,3412.505,6440.68
17,10991.089,7495.74
17,14648.546,13606.55
17,11007.151,12865.069
17,2118.7307,2972.5347
17,6740.0923,12522.578
17,7828.5894,6602.121
17,11621.346,14471.236
17,20000.0,7595.416
17,10962.093,17884.408
17,12261.483,1446.5043
17,11778.094,1057.5195
17,13803.833,1566.5652
17,12845.565,18125.586
17,12914.12,17303.498
17,10867.17,5442.8604
17,12590.456,12971.01
17,5899.855,10034.892
17,11917.475,1852.4906
17,4591.4517,17071.78
17,3197.8982,5864.3823
17,5004.1396,5776.428
17,9625.262,12734.626
17,15299.336,9338.957
17,14932.443,5022.273
17,8464.246,14983.244
17,17712.408,4625.3647
17,13450.441,1956.4573
17,9702.677,17994.732
17,5904.8633,3404.3865
17,7880.072,4490.26
17,10363.123,4924.55
17,9175.453,11186.511
17,6864.712,15857.279
17,7872.1484,4847.3154
17,10311.469,14308.581
17,4799.568,14101.139
17,4503.1724,15647.38
17,12862.049,15161.378
17,12896.252,6540.5864
17,12134.37,12412.289
17,19025.398,5286.2456
17,13704.597,16028.899
17,6270.2236,16294.067
17,11577.938,3564.6277
17,14429.298,15889.908
18,10000.0,10000.0
18,5814.5684,7260.2017
18,15343.717,488.76614
18,7912.802,13070.979
18,13948.938,9874.532
18,12567.756,15812.023
18,4680.0845,7185.672
18,15481.004,7516.9043
18,14127.472,9492.827
18,15249.623,6573.3604
18,12582.683,14938.269
18,13770.408,3309.5935
18,14797.859,1574.5918
18,14220.255,7344.9844
18,6464.968,5787.7954
18,14616.791,14754.128
18,5393.1826,8382.232
18,13280.506,6633.6523
18,18187.906,2272.7769
18,3889.4639,5205.5464
18,11087.904,3622.7703
18,6499.047,3828.5225
18,11584.941,7640.6577
18,5865.774,17633.934
18,12596.557,5245.144
18,10413.673,5094.8105
18,628.1289,5480.2305
18,10817.89,7878.411
18,13604.19,1787.7162
18,9226.457,15800.975
18,8821.239,15815.255
18,8246.845,5502.287
18,8008.3877,6143.208
18,18351.402,6161.618
18,9415.3545,14840.141
18,3992.9502,12478.157
18,16510.715,13806.652
18,9249.569,14179.054
18,13130.8545,18113.52
18,6087.262,14406.203
18,16613.666,5109.7007
18,7225.2725,9808.125
18,1295.0576,4794.807
18,11332.4,15439.029
18,6799.212,12067.626
18,9156.675,14602.229
18,12834.857,16507.416
18,10640.154,7175.236
18,9178.832,12899.2705
18,12891.041,13663.781
18,9382.188,12552.848
18,6123.444,15073.022
18,8218.909,18690.754
18,7237.139,15771.825
18,6571.6523,3964.504
18,14002.558,4354.896
18,4876.9673,15228.116
18,10965.56,17183.043
18,4003.6897,5284.776
18,2639.8699,3990.012
18,8550.43,4877.682
18,11784.705,5975.984
18,16014.072,2560.594
18,7342.5127,4069.5828
18,6237.349,4546.1025
18,13697.188,16239.0
18,11801.426,15341.148
18,7023.8325,4246.1875
18,11991.181,16132.78
18,9377.256,5085.183
18,14205.618,3130.63
18,8054.385,4674.679
18,6053.4204,13991.338
18,7423.745,14422.927
18,12559.3125,5302.0894
18,7597.388,14952.529
18,9188.446,15521.796
18,11325.125,15450.995
18,12611.192,6741.5825
18,10823.571,14126.283
18,10773.716,14060.354
18,12329.514,15511.979
18,6776.128,7019.3555
18,16155.2295,6835.2607
18,9873.688,11223.224
18,16294.765,6291.4453
18,12120.472,2117.5725
18,6867.6357,5892.6055
18,11506.231,16633.686
18,8434.31,12586.641
18,5758.7573,18141.65
18,12584.929,6089.043
18,12182.805,16492.133
18,10593.619,9963.851
18,10528.191,15480.184
18,9822.728,5028.981
18,12789.559,17060.762
18,7138.5894,7875.6777
18,13790.875,14507.536
18,12136.009,11842.926
18,9150.169,11675.119
18,11892.084,2263.091
18,9012.131,7028.112
18,14643.107,13447.514
18,7424.5903,5205.3286
18,13353.823,8618.888
18,8239.244,16614.719
18,11425.257,13828.348
18,5914.222,13369.186
18,15138.795,986.2808
18,16601.889,6803.194
18,10618.558,16351.16
18,7884.256,6632.335
18,8494.938,14850.072
18,9753.9375,15173.52
18,6332.262,7418.721
18,7349.322,14848.718
18,10273.9375,1777.7635
18,17649.889,6876.7593
18,10752.632,14418.974
18,4009.2107,4096.6675
18,15911.55,5092.787
18,7404.831,14864.609
18,8163.882,3098.0833
18,13928.856,12609.273
18,5381.122,13944.702
18,8409.017,19091.414
18,6108.2993,16250.554
18,8828.696,14486.341
18,5775.4194,7620.4395
18,13396.154,17234.008
18,8453.926,9149.693
18,2893.3726,4119.5664
18,12350.618,13319.201
18,1876.7211,5077.8438
18,12819.385,13231.983
18,12861.379,4163.6562
18,8585.878,5801.2417
18,14496.3955,4281.916
18,6683.561,15357.817
18,8339.559,5868.2227
18,11663.558,5097.772
18,6868.5073,15434.34
18,15604.296,13393.137
18,12768.212,16668.3
18,9143.564,14629.758
18,2043.1078,1424.3544
18,8733.497,19819.24
18,16628.39,4609.712
18,7622.989,4329.6514
18,9862.096,16217.068
18,12025.598,4185.1724
18,2886.53,7366.176
18,5121.017,5976.7554
18,10775.5,12391.467
18,6572.231,13149.595
18,5970.259,12588.407
18,12505.034,2327.0234
18,10512.973,12027.452
18,5197.4023,2854.121
18,7014.6426,13574.004
18,12805.317,3541.486
18,13428.731,4760.2646
18,7147.4897,5193.0415
18,9364.085,14685.642
18,15620.318,3864.112
18,11732.019,4209.814
18,9156.462,12299.571
18,10384.386,11073.654
18,2752.045,20000.0
18,1474.7772,1052.1002
18,2434.6885,2403.6355
18,4218.216,15824.519
19,10000.0,10000.0
19,17194.744,1289.984
19,8092.323,3271.8455
19,8504.7295,12914.999
19,6482.4717,5297.6113
19,11098.159,15651.477
19,10572.846,13737.3
19,11365.81,4567.2886
19,10435.103,3543.5554
19,12339.452,8411.793
19,10355.464,14515.831
19,11994.224,2285.751
19,9473.1875,8685.676
19,7898.3857,15035.799
19,2145.36,4063.559
19,6380.9507,2892.88
19,15273.788,5859.512
19,13058.64,18103.207
19,13086.987,2343.8335
19,5291.424,15196.435
19,9450.623,17996.85
19,11461.359,4938.8447
19,11517.457,11985.232
19,13394.45,4834.4062
19,1818.8911,7194.8057
19,9927.515,13686.706
19,14127.361,19775.764
19,4807.9526,4915.4
19,13370.856,3383.4775
19,11545.53,5767.244
19,14942.171,2461.2524
19,7482.667,7272.746
19,15825.05,14794.946
19,10831.1875,1395.5887
19,5621.0576,15328.078
19,1268.1738,8490.249
19,19024.605,4156.3135
19,8621.537,13027.292
19,7649.72,6299.82
19,14605.496,6125.899
19,8983.744,2453.878
19,11120.567,15832.184
19,12231.743,15383.42
19,12507.932,16547.527
19,9466.657,15702.714
19,11916.999,7071.5864
19,15118.308,4792.8677
19,4462.0776,4485.8047
19,11686.465,14444.224
19,11707.601,18654.656
19,5787.294,1704.2606
19,8628.738,13079.0205
19,6455.3984,16937.014
19,11549.359,15338.97
19,10370.799,16772.344
19,8178.642,13063.762
19,3619.4475,4424.991
19,10800.447,7752.441
19,2337.6262,15317.703
19,3285.5972,11998.448
19,12831.68,17638.732
19,17707.984,4695.504
19,7632.541,4696.602
19,9102.263,10510.949
19,17622.516,4409.465
19,13887.02,15258.359
19,9901.472,14058.859
19,9152.672,15222.756
19,7069.3867,4416.5615
19,9901.643,2900.1404
19,11110.678,1827.338
19,10199.849,14061.186
19,7164.6724,18801.438
19,12432.904,11376.2
19,5413.725,16347.643
19,17683.28,6829.855
19,2494.4163,4247.1787
19,6394.849,13299.357
19,17022.797,4783.9956
19,11248.035,15409.231
19,10842.094,19587.809
19,8070.6904,14562.125
19,10223.908,17293.256
19,11544.93,16733.365
19,8505.753,15453.316
19,16329.939,7093.6724
19,4442.277,5273.9263
19,14192.114,5352.8193
19,10533.366,17178.016
19,13237.894,17992.645
19,12462.768,1082.2439
19,11424.325,4866.9297
19,13573.898,2279.2227
19,6379.233,4159.1597
19,7257.4546,13497.186
19,13748.602,5568.2085
19,11250.787,7706.6895
19,17172.076,3989.9287
19,10226.306,15286.794
19,14412.515,0.0
19,13335.726,7138.0713
19,4293.7085,6223.114
19,9476.132,15191.561
19,4278.8496,5953.549
19,9756.636,13701.997
19,8758.101,6281.7056
19,11434.652,16409.336
19,7111.151,15980.745
19,1845.5645,6649.4736
19,10533.384,7651.0723
19,6586.944,13247.674
19,11117.94,7202.753
19,9035.666,14065.631
19,10207.836,830.02924
19,8104.974,4711.4004
19,11762.031,15451.656
19,11677.862,9914.877
19,5547.2266,8905.829
19,3085.0498,4464.123
19,13414.526,17502.008
19,9172.429,15918.779
19,12185.706,3415.4604
19,12698.836,18261.768
19,9923.856,2228.1265
19,9945.089,3948.8545
19,1305.1371,5600.9497
19,16290.574,6421.746
19,12428.585,14623.104
19,5756.763,7963.511
19,7846.3623,2774.2856
19,13451.715,7676.463
19,11814.565,1091.7175
19,17130.87,5871.8145
19,2777.2122,15174.04
19,5260.59,3505.926
19,8302.229,15357.581
19,5625.3965,9675.962
19,12108.123,16476.373
19,11310.048,12937.398
19,8551.39,5735.373
19,14019.992,4812.7915
19,4514.9683,15366.873
19,5124.182,7665.4863
19,7505.913,2408.866
19,6258.9175,7030.4307
19,13394.398,2751.1301
19,13192.015,2458.1702
19,10815.957,13164.898
19,7070.375,8487.366
19,18545.926,1605.7748
19,10832.355,1201.6157
19,18267.012,3960.7566
19,7020.269,16153.658
19,11413.086,14202.093
19,8087.081,14321.181
19,5244.1807,3144.883
19,13778.1455,7186.7407
19,18515.742,7010.5854
19,6297.8003,13557.344
19,9532.762,12357.85
19,15815.951,12179.544
19,12329.761,4698.23
19,9538.86,15671.629
19,3348.4854,5330.213
19,10252.924,4801.8296
19,2947.7432,4598.182
19,11246.243,14761.324
19,9423.654,17569.406
19,10414.815,7421.679
19,4452.4272,10425.579
19,7685.4224,14658.435
19,8147.8857,17884.521
19,9047.328,13116.588
19,12982.456,13056.926
19,844.89954,2258.5164
19,11383.467,6652.0835
19,8030.7095,15125.892
19,11830.148,13156.392
19,13339.556,4669.36
19,14743.625,15148.271
19,19519.037,1197.2373
19,10641.891,13231.825
19,15831.946,7687.0625
19,20000.0,6345.199
19,12599.517,4029.3247
19,9311.118,10224.279
19,9426.461,2932.3838
19,3836.7065,5886.402
19,8467.838,5798.5977
19,14984.854,7961.6904
19,14014.698,3418.016
19,10367.299,10476.146
19,17705.057,3142.0208
19,9497.687,16104.608
19,15133.565,6610.278
19,12048.988,14972.356
19,14045.828,850.04285
19,4011.26,7362.076
19,11338.097,17233.236
19,10910.176,5181.043
19,19311.236,4642.0967
20,10000.0,10000.0
20,10200.8545,17244.848
20,6386.6475,13417.891
20,15155.037,13587.62
20,7138.295,5068.6294
20,10190.748,5348.507
20,12326.419,5448.22
20,13385.483,14384.755
20,11141.124,16103.566
20,5370.703,6113.136
20,10418.457,7965.2656
20,9123.971,14788.114
20,12232.965,13671.604
20,11449.277,12711.883
20,8908.822,15157.843
20,5910.965,4033.4675
20,15677.971,7861.1304
20,10301.834,6160.008
20,14156.04,5721.3145
20,13763.9375,13857.288
20,5524.0815,15276.04
20,8003.343,13098.639
20,14386.893,14935.692
20,13029.27,7207.272
20,4204.716,2426.7295
20,16154.601,1601.5198
20,10366.7295,16260.9375
20,12784.233,4574.2427
20,13332.715,17666.9
20,3277.0166,17051.984
20,7267.5063,16303.844
20,6463.71,5997.398
20,6485.538,4071.7888
20,6849.084,2891.2512
20,6176.988,3919.1274
20,14166.2,4092.588
20,12056.886,14987.905
20,15387.679,6184.43
20,9057.163,16354.898
20,16468.096,6063.5757
20,15063.174,8485.565
20,7944.2476,14530.617
20,13114.042,13934.555
20,9294.757,15185.312
20,8665.231,14531.533
20,10054.26,16921.469
20,6328.442,13309.337
20,7150.0103,18141.027
20,3194.5662,5687.846
20,11059.983,12807.567
20,9885.6875,14391.323
20,9095.436,16181.569
20,6749.037,12101.398
20,9947.714,17556.588
20,14810.758,4209.7173
20,6666.5234,6486.2886
20,8497.332,11959.329
20,8591.806,4699.88
20,9364.288,17652.285
20,9959.363,17701.297
20,5517.5386,3601.8757
20,7654.903,17461.506
20,12519.893,4524.2603
20,6652.549,8040.451
20,9066.236,14435.012
20,5016.191,14283.7705
20,10953.521,13197.294
20,11015.198,16020.162
20,9084.596,11160.259
20,12218.67,13590.589
20,15843.838,5707.3022
20,11880.401,15517.641
20,10483.625,14714.96
20,10776.465,3449.7214
20,9848.573,10771.119
20,10385.654,16096.548
20,298.3324,3118.349
20,5621.0005,842.7203
20,11644.497,18301.574
20,13799.58,13522.591
20,7453.2935,5361.656
20,10687.182,15299.958
20,12471.948,17316.271
20,9000.755,18046.98
20,4689.877,7389.8467
20,9506.019,15589.713
20,9854.948,2958.0647
20,7722.8164,7622.29
20,522.0583,3347.247
20,7269.006,11947.11
20,9770.237,14394.383
20,10728.455,15825.6045
20,7849.808,17566.523
20,11435.88,13223.848
20,7887.5933,3223.8147
20,6876.294,19508.61
20,9481.722,13844.291
20,15450.902,4413.216
20,3205.8196,5385.16
20,15364.261,5745.72
20,7757.684,3259.116
20,8619.564,2237.7922
20,5553.0723,15386.643
20,9544.339,13059.663
20,11608.516,14447.385
20,14075.965,6447.3687
20,12166.93,16922.096
20,6361.627,5087.5664
20,8903.092,7893.863
20,12381.254,15750.858
20,9428.978,1630.4515
20,8962.836,15505.511
20,10837.342,4512.141
20,3374.0315,7085.187
20,14194.593,8437.675
20,10925.233,17426.668
20,12225.308,15621.005
20,15341.875,2748.4946
20,15899.763,4049.437
20,12087.671,15286.218
20,5470.141,1726.2272
20,14165.218,5783.0864
20,5744.4507,15042.772
20,10920.056,8604.424
20,8438.258,12559.721
20,6083.613,11696.633
20,7878.2954,17167.62
20,12152.806,18234.8
20,10028.268,4654.926
20,1405.537,6473.8516
20,6558.498,16128.881
20,5341.091,15949.999
20,15047.241,1670.5675
20,13798.932,5366.23
20,10148.825,0.0
20,8898.967,15948.258
20,9478.441,13985.283
20,12971.384,7214.7134
20,15687.242,804.2376
20,10004.479,16367.273
20,13288.342,7138.1294
20,8742.421,13843.188
20,15045.51,2513.2527
20,4059.3325,15324.352
20,12980.081,12590.826
20,7581.17,13962.072
20,8498.345,6681.0215
20,10806.81,17615.889
20,15576.349,13637.773
20,13072.848,6801.0283
20,9717.96,14165.205
20,9429.066,13799.399
20,11923.908,7175.4634
20,13867.345,13730.022
20,8819.604,15284.94
20,13140.662,14194.748
20,13907.758,14784.852
20,6532.046,3777.375
20,12826.784,6896.222
20,11410.412,17531.633
20,8358.506,15638.186
20,8527.125,4266.8955
20,11349.783,12358.275
20,6494.0615,11462.968
20,11383.03,14243.958
20,6129.872,12953.523
20,4776.11,9516.008
20,9889.402,11854.57
20,9718.689,11277.515
20,10177.277,13036.636
20,6981.8804,13974.983
20,7782.085,12739.139
20,10732.288,16783.697
20,14034.182,16189.067
20,8952.828,2434.648
20,8542.38,14340.6
20,9850.362,16617.809
20,12033.612,14812.389
20,6652.9736,7492.2163
20,10168.411,12703.443
20,6682.7793,15008.578
20,11881.943,12509.694
20,12836.294,5779.7075
20,13587.163,2895.4285
20,12565.545,16554.959
20,18142.168,4745.2524
20,13618.435,2369.493
20,12119.916,3256.4673
20,7635.616,17240.143
20,11036.007,15032.611
20,9051.768,11307.503
20,12269.515,4655.208
20,6986.059,7148.318
20,4898.581,7402.174
20,12067.822,5733.7183
20,5374.288,1373.7488
20,14729.395,15424.509
20,5061.0464,2720.3657
20,9128.255,5206.1836
20,10198.677,2173.5425
20,10437.078,432.08743
20,15308.689,6740.244
20,8889.477,10192.745
20,9028.853,17561.746
20,6719.2344,14349.935
20,13535.061,5242.525
20,3186.474,9140.414
21,10000.0,10000.0
21,5052.767,3344.363
21,7805.2905,4033.0476
21,6312.1997,17070.414
21,12510.353,14906.49
21,11362.733,13402.35
21,8953.883,4167.9893
21,15946.468,6934.696
21,11254.82,4709.686
21,18489.047,6820.6587
21,4559.1274,12029.235
21,16597.236,9004.578
21,7490.2915,15746.092
21,6319.8076,12488.749
21,10796.453,15467.128
21,8692.787,6604.744
21,17020.914,5751.901
21,15487.964,11695.551
21,12928.954,15977.379
21,10244.535,15591.705
21,10824.834,2495.8967
21,2579.1863,3113.3865
21,4681.238,1216.8268
21,4081.6633,2391.2317
21,10020.971,3247.2197
21,9398.55,4577.792
21,10421.166,6041.211
21,8748.739,18973.05
21,10285.086,15690.57
21,11609.938,12591.27
21,4507.462,6831.9355
21,12856.336,2080.5679
21,10914.739,15976.478
21,8876.662,15952.741
21,4440.8955,3313.1025
21,2825.6467,5652.626
21,17695.945,2853.5454
21,15830.279,19016.629
21,6547.5986,11407.735
21,7537.4927,16833.3
21,9821.909,12450.487
21,7281.3467,4470.837
21,13179.391,19688.547
21,10117.818,14882.719
21,10221.001,7358.016
21,3858.2097,14912.453
21,13500.628,6539.771
21,15628.023,14109.228
21,9042.624,3645.2266
21,13053.631,846.8549
21,9932.47,14867.159
21,7558.5527,14201.59
21,6539.8677,14256.365
21,14395.181,6776.9526
21,5604.377,6088.598
21,9763.17,2778.2288
21,11426.939,18484.36
21,9108.461,13527.993
21,15824.146,16040.4795
21,7860.765,7573.22
21,4163.1133,3775.4077
21,8666.203,11381.047
21,11080.743,16439.709
21,13030.703,13942.698
21,14103.472,15959.367
21,16930.008,2518.47
21,1709.0386,3914.033
21,1315.2867,5267.2114
21,6965.8604,4355.657
21,11954.021,15708.566
21,18579.543,9207.108
21,10118.13,13019.968
21,4836.6167,15130.62
21,15751.485,17729.494
21,14201.717,6571.003
21,13572.423,1650.3297
21,10769.306,3349.0476
21,4708.586,7950.1675
21,2431.874,2486.6375
21,16227.093,9026.618
21,10431.613,11387.867
21,8670.013,7002.9087
21,8889.616,15626.257
21,9202.043,4744.8545
21,15033.302,12722.933
21,10415.569,13009.144
21,8274.797,12891.443
21,18620.117,8450.629
21,16226.292,5369.408
21,12735.598,3237.1008
21,10893.311,8938.812
21,5822.0337,7032.6787
21,9791.446,5783.358
21,8272.905,15203.949
21,12953.112,17529.729
21,8265.155,4950.2056
21,5135.6387,5792.1187
21,9854.634,3538.4568
21,12416.95,14944.776
21,10686.931,16839.623
21,14418.132,3102.85
21,8895.03,5667.787
21,10822.967,5760.9595
21,10866.27,3198.0334
21,7168.8286,1846.9817
21,15557.66,2258.691
21,9196.373,16595.744
21,12860.881,17377.963
21,6490.6753,11869.921
21,7416.9785,5275.6377
21,11637.073,6080.371
21,7619.5044,17333.666
21,11023.809,15589.318
21,15341.682,15944.062
21,9543.744,4962.8237
21,6831.2407,15082.525
21,3920.1467,447.38983
21,13281.51,12167.176
21,7147.941,13993.92
21,6510.7837,8267.247
21,5284.361,3971.6455
21,14915.695,13569.908
21,9080.553,16124.465
21,4914.3687,4941.526
21,14491.524,2539.4878
21,15312.436,16152.334
21,7770.8286,18419.887
21,7525.162,13127.989
21,8495.368,16144.361
21,9549.373,12520.218
21,10792.315,15362.989
21,10907.432,16325.75
21,13706.591,15138.863
21,12514.531,13674.454
21,14444.244,14534.702
21,17041.244,5632.6216
21,6180.4873,6737.8594
21,11494.967,18696.914
21,11351.513,14754.441
21,8832.637,12445.064
21,9413.627,17961.742
21,11228.24,11336.423
21,2720.7954,17070.94
21,13602.541,16553.812
21,12264.485,5213.118
21,8604.001,14561.18
21,12722.262,7148.7676
21,13318.436,16951.559
21,5815.2993,7286.0186
21,17681.33,4697.941
21,13602.895,14111.038
21,13332.186,14011.884
21,8025.764,16716.932
21,4394.632,11963.051
21,12871.228,7582.516
21,3017.2915,15067.01
21,7959.686,13861.115
21,4270.878,6304.5234
21,6825.6836,3610.9595
21,17354.902,8077.062
21,7339.7837,4887.0522
21,13386.925,15859.429
21,3353.023,4798.1377
21,7367.856,2457.4592
21,8145.8696,14993.516
21,0.0,4650.921
21,17686.592,6250.816
21,9167.586,4520.846
21,2429.7742,6241.3447
21,6824.755,15729.151
21,1460.9558,3115.3823
21,14488.485,13053.482
21,13005.96,4571.626
21,9923.661,4471.1025
21,8794.704,11939.339
21,5581.9497,4536.49
21,9952.35,18362.33
21,12439.386,14416.851
21,5597.585,15545.326
21,5360.605,4678.75
21,460.50443,8064.9077
21,5241.9844,13474.855
21,8478.495,17788.842
21,11208.915,13605.484
21,11030.222,15806.865
21,7217.6216,16735.545
21,10844.052,18347.22
21,7716.8003,15548.726
21,6193.0063,14208.02
21,7066.697,8945.765
21,6179.2305,8624.807
21,14374.139,2023.7164
21,9100.216,5060.342
21,5338.1997,5902.2515
21,10018.401,5185.7305
21,7280.8813,16530.064
21,11013.371,14325.198
21,2786.6267,5117.1865
21,6273.222,5019.149
21,8544.508,16957.45
21,13650.851,3959.9514
21,7881.298,725.1645
21,10034.56,3394.4277
21,11747.075,15696.798
21,6452.2007,13900.112
21,5543.6074,12309.783
21,7275.7593,16567.436
22,10000.0,10000.0
22,9568.026,18702.275
22,2894.6729,3162.3928
22,7177.4565,18102.799
22,3239.204,6269.859
22,12025.617,5522.5293
22,14025.526,14009.64
22,8511.406,13546.437
22,8553.647,15656.254
22,4559.1255,5147.823
22,7367.7188,17276.672
22,5947.7344,5552.1846
22,12029.875,12251.671
22,10808.571,2043.2668
22,3418.2832,4695.033
22,13271.983,14328.184
22,10136.292,16550.404
22,15714.919,11545.387
22,3963.7336,4342.424
22,16362.33,1245.7084
22,7028.2695,17481.045
22,9733.746,16797.77
22,7931.7637,19196.666
22,8184.1465,3979.49
22,14041.35,7375.233
22,2149.6616,4992.904
22,17681.027,7171.07
22,5932.4624,6213.661
22,7320.5073,15711.273
22,11094.165,16889.23
22,9760.814,74.442665
22,11157.406,12657.632
22,4216.9424,4291.0005
22,11454.333,4117.577
22,6288.8164,13912.06
22,7469.1274,10752.719
22,5332.43,6088.1465
22,19731.479,6339.0967
22,7770.179,13417.2
22,11427.115,7081.755
22,6803.365,2207.5828
22,7021.6587,15507.968
22,15547.878,4467.008
22,14148.098,7842.664
22,11951.255,2609.796
22,4471.646,2010.1039
22,1389.9752,19329.26
22,7805.072,16930.984
22,7163.174,12736.777
22,10227.04,1752.4825
22,6546.6743,14689.562
22,5986.0093,14876.328
22,11745.135,15567.209
22,6447.196,4720.227
22,16138.928,19081.572
22,10482.431,13751.38
22,10836.547,3749.4045
22,9522.098,11902.157
22,4601.789,14562.162
22,11924.348,14762.733
22,7180.348,15199.73
22,11242.181,3802.7388
22,18827.588,16455.277
22,2338.8552,3533.6904
22,7076.4004,17063.787
22,8785.839,15858.639
22,15233.776,5539.1562
22,11761.097,13314.887
22,3045.2017,5508.6636
22,18630.734,3905.4746
22,12776.914,13519.577
22,14765.263,14930.752
22,12074.554,16039.699
22,13128.476,6633.3896
22,9203.416,4294.782
22,7242.803,2218.222
22,8586.002,15866.93
22,2424.3806,4306.4043
22,6367.2173,6495.775
22,12876.536,12387.352
22,13182.431,16575.707
22,13986.741,4501.962
22,8325.524,10217.3955
22,11231.286,17011.566
22,11694.143,12956.164
22,6219.676,13210.846
22,9392.219,16708.787
22,10365.53,14478.463
22,8879.384,6108.07
22,10873.649,16347.626
22,13367.091,4825.64
22,18531.82,3660.3313
22,15776.7705,5896.339
22,4684.822,5128.6074
22,9768.84,12272.94
22,12689.114,11405.726
22,9889.181,13697.172
22,12371.395,15676.778
22,7771.473,12826.379
22,15287.498,5344.876
22,12526.693,9227.337
22,8452.914,10705.655
22,1082.304,6934.3164
22,9570.015,17410.893
22,13084.324,13173.057
22,9059.922,17790.037
22,7729.243,14076.116
22,9930.791,17118.986
22,9135.133,16570.545
22,15893.652,6160.429
22,3562.8718,3435.945
22,14738.966,7621.2773
22,11796.271,5829.63
22,912.0919,5720.9233
22,12180.789,3178.1929
22,7912.2925,14941.394
22,5005.375,5180.161
22,9275.024,3407.7292
22,6234.012,6508.165
22,11167.855,11041.123
22,6015.367,14281.779
22,11476.623,7532.884
22,1744.2368,12632.604
22,5233.6143,4996.817
22,17157.586,4467.1646
22,9443.742,6277.603
22,7646.047,2201.7126
22,8286.854,13846.792
22,11213.039,14541.411
22,5049.477,7360.5913
22,14247.953,16981.014
22,14465.741,6698.0522
22,11973.1,15719.578
22,11211.582,13717.923
22,1228.3776,3611.0405
22,14531.313,5675.335
22,13786.329,10974.631
22,8404.391,10266.797
22,6674.515,16165.21
22,7061.084,5006.222
22,15397.974,8356.264
22,8275.52,11793.078
22,12308.846,13243.621
22,11084.545,2890.2712
22,15853.051,4169.3647
22,10808.604,13620.16
22,10381.91,16720.205
22,7096.6035,4536.724
22,6382.8496,13435.784
22,11800.019,5410.7617
22,9542.257,19609.135
22,7017.6616,3292.0637
22,10556.591,15903.167
22,0.0,6056.1997
22,10245.755,14835.121
22,4851.2397,2789.6465
22,1804.7594,8646.744
22,13800.508,14515.069
22,9979.851,14791.621
22,10899.583,11989.792
22,4339.103,2305.4004
22,13469.632,6351.719
22,7536.3345,12399.672
22,14438.195,15622.462
22,11528.212,4284.843
22,13812.518,15414.601
22,18033.53,6448.9365
22,7935.3784,13849.306
22,12020.601,15076.968
22,12058.179,16838.043
22,3481.9822,13844.69
22,10962.184,17453.523
22,8700.958,5951.068
22,13601.135,13910.57
22,17648.584,3590.8958
22,15823.828,3506.206
22,8425.469,10982.611
22,9915.755,2550.3953
22,14206.043,16199.146
22,11500.308,7389.2
22,2876.808,3804.3997
22,6401.2485,3121.7747
22,13284.218,6044.778
22,7517.8135,8383.664
22,10254.745,14554.125
22,20000.0,4458.2964
22,10732.215,12023.331
22,7557.765,19240.674
23,10000.0,10000.0
23,12921.062,18252.447
23,8543.094,7683.5117
23,11301.615,4785.731
23,8535.353,9155.887
23,16820.238,13646.294
23,5369.078,15647.627
23,12019.592,12616.458
23,19369.953,5778.448
23,19545.36,6564.6074
23,14691.457,6927.0605
23,10484.356,5278.4365
23,4439.4175,2796.707
23,12147.721,15308.035
23,10557.783,6251.151
23,11675.405,17801.1
23,9153.161,13496.278
23,11894.272,14827.561
23,10431.22,15593.469
23,3337.5881,3843.9116
23,10995.197,6440.275
23,1936.8738,6343.6416
23,6944.071,16316.59
23,7265.9316,10886.42
23,13583.12,13660.89
23,14994.79,2926.918
23,13423.058,13708.548
23,15539.222,5528.776
23,3981.574,15362.129
23,9616.907,9373.29
23,4404.1294,2627.8606
23,5931.676,17935.12
23,15875.817,14139.462
23,7920.5864,6486.5034
23,4809.5684,6736.6514
23,16961.232,5995.187
23,7866.1255,3406.701
23,20000.0,5682.735
23,6066.5845,6681.686
23,5234.748,1653.6989
23,15446.56,10498.098
23,15056.734,690.6681
23,12857.413,3189.9368
23,7008.809,5669.416
23,4496.067,16778.41
23,11301.061,13422.1455
23,6393.602,7616.7783
23,12802.975,14813.297
23,12328.681,15816.918
23,12994.941,16386.648
23,14498.855,3531.7878
23,3956.756,4997.3364
23,7505.9326,15447.797
23,4186.2236,4710.685
23,9116.783,13390.245
23,9678.489,14924.649
23,7873.821,11356.921
23,12168.026,17440.04
23,12457.847,2906.3738
23,2343.017,6248.4556
23,13257.818,1583.6189
23,10209.559,15315.201
23,4992.7905,15578.11
23,9265.882,6681.5146
23,10447.37,16382.477
23,11392.101,4337.858
23,4024.6206,4596.458
23,11189.126,18675.12
23,5214.8813,4971.9697
23,6190.024,15540.737
23,9933.3,16301.468
23,11888.6875,15294.592
23,17657.469,4347.669
23,13318.974,3361.0398
23,14737.991,955.00055
23,9963.238,16545.252
23,9825.557,15365.379
23,6691.0234,3409.9988
23,8759.6875,5941.076
23,11082.354,13069.991
23,8863.499,2777.7773
23,11235.359,16803.498
23,4453.4365,3978.6616
23,9173.942,14968.761
23,9290.55,4210.268
23,10272.546,18268.861
23,12197.882,13582.968
23,1648.4242,3136.3108
23,12895.715,12935.033
23,7703.5356,14695.754
23,11799.675,7396.0684
23,3251.0737,2386.3748
23,10221.446,12337.4375
23,8327.726,13758.05
23,9794.385,4692.614
23,13078.321,16880.207
23,9877.597,3233.4573
23,15150.033,15608.197
23,11529.878,14682.349
23,8715.513,4490.266
23,14926.174,15231.915
23,9732.843,14086.18
23,13494.798,15157.421
23,10638.862,9422.958
23,16457.31,1681.384
23,12817.061,4204.76
23,9796.765,13867.606
23,11472.31,18345.303
23,9129.909,3693.1572
23,13784.382,4881.11
23,18639.846,8472.945
23,14616.616,11057.538
23,14250.979,4539.942
23,7449.779,2022.8953
23,11022.807,4143.3335
23,10455.024,3349.9846
23,4000.205,2523.3892
23,11743.865,16413.082
23,7020.9956,5269.664
23,12335.059,14828.292
23,8888.956,11017.309
23,11459.608,14271.424
23,13833.31,13244.223
23,7316.2334,5331.6885
23,11712.857,15125.96
23,8923.484,7930.7607
23,13401.973,15325.076
23,13371.1,15298.668
23,14352.574,16720.322
23,10156.604,13057.868
23,7340.083,10735.78
23,8649.1875,14576.127
23,17981.55,6614.593
23,8879.382,1060.2212
23,8936.623,4533.6675
23,8245.3125,4225.437
23,10418.459,11510.364
23,11226.664,14117.817
23,9255.079,18443.658
23,6169.1353,3287.4082
23,19799.01,3926.9043
23,11434.622,10994.695
23,5926.995,16897.916
23,12120.007,344.60782
23,5714.265,3873.2793
23,11349.451,622.92786
23,4264.871,14661.504
23,12883.367,8674.554
23,14095.538,6695.2817
23,13315.376,11612.694
23,14808.378,14751.732
23,11922.112,11744.014
23,8095.601,14604.865
23,4700.306,8046.289
23,6460.8354,7070.701
23,15622.735,5516.7583
23,11816.729,13840.64
23,9797.992,14688.454
23,8302.32,2510.751
23,11357.983,13088.704
23,7920.4155,16919.85
23,10564.828,15674.409
23,8408.143,14709.566
23,10846.221,9023.117
23,15378.489,5546.8984
23,6070.2285,4126.171
23,3739.3037,9533.102
23,9008.521,12328.208
23,13262.431,0.0
23,9290.37,14800.027
23,11466.022,3100.9773
23,6200.8306,1596.3456
23,9861.552,15102.265
23,7524.687,16249.482
23,9593.361,14448.077
23,8022.716,14784.113
23,5251.3433,7060.9917
23,13077.744,7279.4243
23,13771.515,2086.2007
23,11388.425,5179.3584
23,5620.97,10091.249
23,16783.74,4608.258
23,15106.984,1159.3168
24,10000.0,10000.0
24,6197.436,5455.9736
24,16805.125,0.0
24,10936.624,12766.471
24,3015.4421,13822.462
24,8879.423,11366.819
24,5114.222,6075.079
24,12970.772,16282.555
24,9383.736,12759.451
24,16035.825,5152.6216
24,8004.5806,15297.261
24,7596.1406,2927.857
24,7279.279,16785.525
24,12320.57,8243.716
24,16773.564,3151.1472
24,9706.361,16185.508
24,7733.0845,5321.602
24,8034.699,15519.563
24,7993.769,16227.625
24,4954.4805,6633.687
24,5269.2427,5310.989
24,11136.291,6831.497
24,11372.286,15046.861
24,15417.971,858.2851
24,9252.135,13716.74
24,11442.443,6591.073
24,12180.379,14899.146
24,14856.619,6224.287
24,13741.378,15379.6455
24,12625.242,6249.82
24,11420.727,15448.233
24,1820.0393,6518.891
24,7355.4526,15660.778
24,6390.685,14683.824
24,4176.5083,14312.277
24,14909.329,14951.98
24,10896.6875,13023.744
24,7979.355,0.0
24,14126.624,5464.9546
24,9816.194,15820.255
24,14551.738,5944.5024
24,9698.872,10714.919
24,9491.215,12764.158
24,5483.7524,4188.755
24,11755.496,6148.746
24,10532.211,18084.25
24,7560.374,1762.5618
24,15398.499,10705.334
24,12882.252,14325.545
24,5483.5894,11847.351
24,6547.8228,18092.68
24,7346.971,17039.871
24,11275.576,15166.734
24,2871.4475,5508.757
24,5985.9795,14469.181
24,8799.929,14425.041
24,5390.9326,4990.5737
24,13582.611,15402.878
24,13979.321,16184.892
24,18882.977,6268.785
24,6542.4727,5708.956
24,10576.999,1104.7937
24,18619.191,5098.4927
24,11904.038,6161.24
24,13397.931,14881.0
24,7862.4023,1723.8478
24,14110.867,5817.042
24,18001.168,5882.3643
24,14533.363,148.62433
24,14940.581,13903.923
24,12655.726,15878.225
24,10668.306,2819.6838
24,2351.6775,9346.751
24,10848.251,17110.572
24,7161.1084,13768.3545
24,15132.479,16349.903
24,11989.421,15456.435
24,0.0,7039.454
24,7710.422,14337.608
24,15319.796,20000.0
24,7810.2,794.7745
24,14087.7705,15851.998
24,18144.986,1790.9288
24,10121.666,15033.299
24,13080.598,17141.08
24,9564.698,12651.301
24,7633.2344,5031.041
24,7889.526,15038.9
24,8132.794,16841.803
24,11081.791,13246.665
24,13380.139,10164.817
24,10866.66,5004.424
24,895.4886,8314.634
24,11660.163,12140.491
24,14808.977,1861.4755
24,17833.201,5419.19
24,11427.414,14533.464
24,3726.1013,3625.1516
24,8213.381,14343.812
24,6204.653,3502.3103
24,9341.679,14371.323
24,11042.083,14016.661
24,11844.555,7160.197
24,14066.644,13588.257
24,17646.625,666.9407
24,11364.97,0.0
24,18054.15,5082.824
24,11788.84,5862.465
24,5471.6665,17346.688
24,11610.759,7056.466
24,8614.769,14365.152
24,8023.359,16282.75
24,9218.51,15899.636
24,13411.806,13966.934
24,5599.155,4117.7397
24,12188.9,8327.788
24,5685.1646,4739.5444
24,8094.1685,3012.356
24,6285.1562,4572.776
24,9624.768,14018.826
24,15572.569,6766.8564
24,6160.9243,11747.597
24,13440.476,17138.393
24,15580.403,13912.262
24,11253.558,17216.768
24,10876.891,7128.172
24,9334.028,12738.161
24,17996.645,5065.1323
24,11739.377,16436.742
24,6840.559,13470.88
24,10798.747,15857.511
24,7279.6177,7402.0503
24,6552.4087,6547.8345
24,12207.159,15294.271
24,15885.117,15657.733
24,11229.249,15316.852
24,14848.448,12862.139
24,9659.677,12557.791
24,10346.556,10084.824
24,2507.759,4643.46
24,15587.704,5516.0347
24,10937.753,16266.017
24,15432.213,5492.4766
24,11730.967,15019.972
24,11218.048,14930.22
24,9309.257,10549.579
24,11438.095,5416.939
24,5259.5225,13721.436
24,10406.763,17155.406
24,9844.93,15391.592
24,14038.81,15000.785
24,10853.946,3730.9697
24,7128.135,13535.584
24,9664.62,8818.353
24,8313.279,13133.406
24,10371.022,14725.636
24,7337.813,15647.043
24,12987.017,17291.025
24,6972.0127,18587.002
24,7710.53,13330.01
24,12630.037,15755.634
24,10925.627,1805.1667
24,8377.175,14897.703
24,16157.08,13440.269
24,13476.872,13659.665
24,9070.271,15114.3
24,11808.597,11781.883
24,2189.3276,5182.526
24,12426.586,1185.3015
24,4856.0913,2218.986
24,15028.255,14711.224
24,14413.361,9167.008
24,9592.079,17789.635
24,10266.9375,15747.152
24,7067.194,7203.2466
24,13732.89,4418.0137
24,13367.26,10986.155
24,15598.227,4698.478
24,8612.478,5844.638
24,9543.848,12687.186
24,7125.1387,14520.295
24,9527.301,12356.88
24,12587.434,5083.422
24,7631.079,45.85336
24,6803.08,8966.663
24,14110.807,15643.14
24,14549.581,12147.987
24,9878.374,15451.346
24,12074.084,4740.4365
24,3259.4812,7632.9824
24,13743.63,5739.448
24,10061.435,2983.375
24,7469.661,14008.122
24,10547.343,6001.348
24,7651.3115,13411.025
25,10000.0,10000.0
25,13826.78,6676.483
25,4113.665,17135.2
25,11424.596,14935.291
25,6829.048,10523.212
25,8098.443,14876.293
25,7170.258,19544.578
25,19646.848,4493.752
25,9976.864,11289.718
25,12044.125,4557.6777
25,7104.069,15912.95
25,5890.978,14141.583
25,10439.65,8034.636
25,8759.779,7721.002
25,17075.838,3974.999
25,8569.069,15231.357
25,11167.08,2559.3787
25,8523.662,13404.012
25,13802.615,14737.212
25,12890.756,9842.3125
25,17305.92,1410.2245
25,5238.424,3074.3313
25,3498.8281,19848.05
25,7614.5005,15621.898
25,9860.518,13537.0
25,9557.217,17267.727
25,14118.401,3497.735
25,0.0,5891.539
25,13144.353,17572.602
25,11888.504,14459.277
25,9913.183,19817.37
25,2746.1204,10450.419
25,9262.712,18137.182
25,6747.0,12872.666
25,7641.912,3162.161
25,11166.042,14020.612
25,16393.781,6610.108
25,11417.998,3109.711
25,10252.83,6262.1865
25,11216.802,639.00287
25,15489.114,16474.0
25,13284.432,6238.4033
25,9258.778,16958.973
25,6175.3384,14478.865
25,12359.299,13273.7295
25,5927.2124,6531.172
25,12075.725,17428.021
25,15366.063,5772.03
25,13180.357,6549.6323
25,12026.937,15731.686
25,13420.099,621.36456
25,11767.421,118.24015
25,9161.731,12742.239
25,11680.3125,11553.674
25,14960.067,5698.495
25,9966.811,5976.607
25,16121.438,7140.3438
25,5755.574,15419.088
25,15437.008,3541.2717
25,6245.8237,7586.681
25,8828.876,12873.386
25,5924.5967,17113.404
25,13699.326,6039.2217
25,8662.322,3871.19
25,10570.296,4017.1382
25,11495.947,13178.406
25,10309.691,5586.605
25,17145.871,2289.832
25,7919.2397,16557.729
25,10421.92,11080.693
25,19220.998,7646.8735
25,10808.003,4644.054
25,8831.746,13518.764
25,12218.202,13475.223
25,8312.106,5158.2837
25,1565.2295,6494.1235
25,14908.264,4254.8604
25,13121.812,14769.821
25,7496.881,10249.137
25,6004.5557,699.0869
25,8517.012,15888.831
25,3952.4084,6951.199
25,12837.618,13840.097
25,11187.684,14495.373
25,4337.329,6853.188
25,5280.662,15027.771
25,9554.65,14613.373
25,9315.46,4461.1704
25,6319.6694,5514.123
25,8304.693,5033.948
25,7747.6313,15322.178
25,6820.3936,18767.596
25,6744.2207,13136.554
25,5995.058,5877.2744
25,3791.302,7536.1895
25,8528.77,14217.446
25,19376.75,2358.1858
25,10420.902,13562.372
25,15762.433,5508.3203
25,7547.9385,5917.8076
25,6518.909,1803.8828
25,13790.555,6599.5376
25,10132.822,15236.785
25,5738.565,6563.5713
25,5916.919,13639.389
25,9839.775,13720.706
25,10448.488,16505.762
25,9149.858,15836.125
25,11611.55,13307.95
25,10001.02,15595.333
25,12277.705,14231.145
25,12186.573,13292.177
25,3442.3672,8182.953
25,10155.263,5424.814
25,18860.81,5986.307
25,6926.541,11788.795
25,4120.653,5332.713
25,11069.639,6519.6504
25,17287.266,1518.9803
25,15711.957,3608.2383
25,11260.715,13992.6045
25,13546.468,4512.729
25,8210.469,6629.5293
25,7698.527,12172.191
25,10682.459,18010.264
25,5920.7,589.9642
25,14395.277,1922.3036
25,10363.301,16232.805
25,8361.389,6856.237
25,4555.714,16218.541
25,3348.6218,6817.5835
25,14557.252,10836.457
25,7030.715,4978.4307
25,9571.219,12725.833
25,13205.254,4992.623
25,5821.4077,13076.762
25,12534.057,7927.6406
25,16281.722,13826.375
25,10783.808,16016.661
25,9189.91,16757.227
25,12367.4,16982.955
25,9041.554,14099.768
25,12890.081,1091.5238
25,6105.633,6730.352
25,13215.949,3545.6868
25,4488.5103,3443.6772
25,6601.082,6111.0127
25,9905.076,1646.0441
25,7161.4443,5629.8887
25,5234.5376,14908.68
25,3726.7722,10335.918
25,8097.3594,15237.03
25,4782.902,4200.662
25,12730.991,19604.89
25,3476.1538,0.0
25,10728.561,3419.7556
25,3717.003,12459.837
25,15592.902,17043.127
25,8267.464,15353.35
25,3807.3293,4700.7935
25,7608.23,15843.116
25,11506.602,8621.894
25,1836.6677,4748.0176
25,9491.274,16352.602
25,10868.084,9110.222
25,11265.028,16693.646
25,6252.227,13211.711
25,9734.082,16101.838
25,6701.28,15454.824
25,15879.273,7768.7456
25,5778.417,6373.206
25,2413.6567,2358.3113
25,11097.153,12767.602
25,4411.19,7217.4175
25,8536.8,5760.129
25,9762.137,6619.697
25,9138.778,14265.38
25,10761.871,13693.943
25,10345.55,911.2586
25,5067.8633,15232.968
26,10000.0,10000.0
26,12084.622,16240.784
26,13969.155,7691.7554
26,7424.7075,6485.852
26,5185.587,15668.651
26,6390.489,7840.296
26,6422.4907,11352.918
26,13367.919,15537.956
26,7855.992,13903.798
26,9934.181,11607.837
26,3687.3777,6321.876
26,14539.682,3512.446
26,5286.947,13012.673
26,10755.736,16277.04
26,14981.355,8497.211
26,12521.751,14941.989
26,18105.479,6959.188
26,8201.763,13078.411
26,15897.952,3481.0327
26,15577.175,5418.9473
26,5429.96,15219.102
26,10190.768,16109.518
26,18298.115,6264.6704
26,14543.865,12842.229
26,9574.733,16122.8955
26,12902.585,3350.9792
26,11184.391,5227.846
26,3233.8704,158.18547
26,6527.9053,16819.865
26,20000.0,8000.0435
26,12863.276,18426.094
26,13469.82,14302.32
26,4227.724,8224.173
26,15983.165,2713.5342
26,12685.952,16867.582
26,1638.5406,4046.772
26,15107.529,4532.2583
26,10748.3125,15880.208
26,4640.8945,6238.031
26,11016.883,11534.087
26,12884.108,2962.456
26,12290.548,3639.516
26,14639.374,4527.744
26,8933.818,5212.9834
26,418.37033,6902.3413
26,9509.143,14908.656
26,15843.687,3720.0083
26,12531.944,1619.9565
26,14970.336,6369.398
26,12621.757,9042.953
26,4413.48,3957.866
26,13170.144,13671.144
26,16554.818,16775.564
26,6992.545,18213.086
26,12976.253,11928.175
26,4689.8716,4066.3958
26,3813.2332,5228.0806
26,12210.796,18458.943
26,5242.9346,3407.4634
26,8680.691,7121.1616
26,13314.23,12454.074
26,5518.356,10808.213
26,11163.139,12759.793
26,7984.7227,13556.442
26,12376.074,14962.915
26,6946.5654,13681.654
26,11623.313,17291.97
26,8814.84,15058.391
26,13719.82,17851.328
26,1971.7106,4163.6406
26,14605.977,13782.021
26,4151.3994,6316.998
26,8388.159,14261.78
26,2773.9663,4638.3306
26,9156.109,13061.379
26,5902.5723,14648.274
26,5801.277,5444.2954
26,7521.098,12286.045
26,8143.245,11105.675
26,13406.925,5173.3345
26,12878.145,15308.206
26,11435.676,14960.376
26,13966.725,14645.232
26,11849.789,4041.999
26,13738.379,13556.51
26,9554.703,14669.641
26,10192.744,11857.805
26,11135.877,14078.627
26,11944.67,15141.483
26,3940.1047,15834.855
26,15343.945,5350.913
26,3383.8289,5134.338
26,9740.901,4504.42
26,8040.9893,17064.14
26,11246.354,15789.294
26,9089.566,13514.002
26,3888.967,12212.808
26,9252.807,3511.0522
26,12991.209,8252.324
26,9675.49,15628.327
26,9487.822,16890.28
26,5936.861,6467.551
26,10783.217,12103.898
26,6271.324,4220.508
26,12431.386,1187.5348
26,7817.5015,9768.059
26,13529.391,17115.895
26,4666.655,11995.365
26,4314.405,5285.175
26,2250.487,6798.5996
26,11597.366,3754.923
26,12599.108,6502.7603
26,5427.8325,3301.7585
26,11604.521,4732.591
26,11096.303,16474.373
26,8085.234,15048.696
26,7108.035,13707.569
26,9722.379,15907.166
26,12198.448,3170.5105
26,9076.039,18378.545
26,10188.376,13570.314
26,11694.987,12648.84
26,2672.3452,15668.212
26,9093.625,17582.299
26,13781.109,16741.475
26,10866.263,15393.082
26,16015.0,5999.2153
26,17542.205,6503.435
26,19887.61,4740.205
26,5701.519,13360.932
26,8222.524,13877.098
26,14840.524,17238.41
26,7921.8096,12587.759
26,7244.2983,15379.044
26,6793.6133,3962.5356
26,14396.023,15223.77
26,17355.496,6159.0747
26,11976.459,11364.791
26,7305.1045,5321.113
26,14994.237,3059.7805
26,7537.8955,13917.459
26,9924.155,11873.232
26,1720.0837,9845.407
26,13838.15,7309.9595
26,4439.737,1318.772
26,18647.863,4608.192
26,8336.928,7036.3276
26,8894.454,13939.013
26,14031.492,1193.9978
26,10493.033,3543.3333
26,13029.005,17977.88
26,1100.3722,9117.741
26,11362.358,9002.1455
26,8461.257,17131.992
26,4342.16,5727.8857
26,11698.408,13351.001
26,9440.178,17238.959
26,6244.8584,6570.727
26,7140.8247,16141.495
26,11475.332,8407.24
26,6809.964,15009.363
26,4309.5776,16751.371
26,20000.0,7847.178
26,7823.8965,14531.646
26,5946.1323,2457.7866
26,15365.518,4885.27
26,13624.447,3019.2864
26,977.8118,14862.07
26,5031.224,16087.685
26,15795.74,480.31158
26,9535.106,14256.115
26,7786.2163,14003.886
26,12894.425,6702.169
26,10315.7,4625.637
26,10776.216,4647.9326
26,15691.526,6659.15
26,10592.838,10812.24
26,10598.899,5948.1577
26,14585.809,4950.6533
26,11366.603,17582.809
26,14093.634,5739.154
26,8110.585,4759.302
26,10013.771,1545.0984
26,11671.45,1295.3795
26,7307.394,9934.4
26,11927.147,14953.175
26,7744.719,2698.6208
26,6222.1875,15464.864
26,1243.291,6327.597
26,7969.2827,16110.199
26,17035.598,1699.4977
26,11113.888,5955.651
26,6289.9995,15180.165
26,11409.327,12660.942
26,5478.4404,16408.707
26,11765.263,3904.984
26,14961.066,13486.75
26,7447.042,13772.97
26,7562.3975,12802.469
26,9808.616,17511.55
26,9672.145,12169.551
26,3503.8264,2560.9646
26,1773.4514,3045.752
26,10023.305,3450.8188
26,10685.178,14929.548
26,8486.434,642.5778
26,1561.6434,5477.921
26,10192.115,14053.616
26,7852.409,14086.297
26,9926.622,13702.553
26,9896.069,12096.052
26,14074.66,1741.8925
26,14615.742,9612.924
26,12527.167,8693.787
26,5090.1265,3392.6243
26,11388.572,14729.333
26,10584.265,11947.905
26,7202.6665,6505.0557
26,4962.251,15853.839
26,8036.4316,14984.527
26,15396.82,6281.089
26,16022.634,2422.5217
26,10197.489,1888.6803
26,4245.3335,6256.092
26,9366.834,17341.701
26,13954.763,5424.904
26,3791.7842,16330.719
26,5822.166,13087.415
26,5839.1367,13230.217
26,18885.582,8222.235
26,9666.446,5773.557
26,11871.667,16081.675
26,6650.1006,15524.902
26,5657.6924,14287.462
26,12232.557,4440.9546
26,9904.476,16839.908
26,5865.6675,14127.276
26,6469.6797,13330.959
27,10000.0,10000.0
27,4056.4822,7072.2173
27,16672.176,3189.7632
27,3415.9307,7872.7026
27,12187.491,6582.1304
27,4544.909,3169.8057
27,15563.573,13624.584
27,3587.1077,4823.073
27,8837.267,12090.741
27,5696.8667,6066.9023
27,11758.106,15174.03
27,10548.184,17525.693
27,10181.3,4328.3877
27,12026.727,11875.708
27,12663.038,14772.171
27,6884.1777,3662.0266
27,13721.139,14880.382
27,11046.669,12323.109
27,9917.579,14635.567
27,7144.953,13913.322
27,17345.902,3596.0046
27,8790.713,15798.381
27,16522.055,2789.928
27,10535.444,6816.146
27,4765.8506,4739.86
27,11427.517,18722.29
27,8634.29,14886.267
27,13051.588,4595.71
27,8864.402,14927.115
27,11868.741,14105.945
27,8022.02,3605.573
27,4356.335,5650.7583
27,12659.9375,15793.248
27,9283.482,6895.7827
27,6201.868,15462.67
27,13016.1875,10854.968
27,11705.729,5029.0405
27,6336.508,11324.629
27,6997.926,16807.6
27,14932.598,14918.418
27,13999.746,11389.3955
27,10687.822,7420.5884
27,7604.1294,7295.431
27,11611.4375,3467.4585
27,6442.0713,15237.819
27,10263.196,15067.282
27,5777.375,12291.522
27,3915.0518,8100.7603
27,5428.669,3448.8418
27,16459.158,4673.159
27,11667.656,15870.343
27,11359.112,16968.49
27,16914.531,12718.143
27,8997.909,15462.831
27,11778.128,4714.4414
27,3969.91,186.5705
27,12526.414,14519.845
27,10564.653,11734.145
27,6752.6934,15324.45
27,8337.341,13888.872
27,8595.467,8126.8545
27,10496.761,5511.789
27,10272.731,18910.639
27,14274.652,6849.9116
27,13265.05,13569.939
27,10735.741,6124.954
27,10670.628,5233.519
27,10589.063,13329.982
27,14119.877,8321.419
27,6646.8037,4077.924
27,6151.563,16775.928
27,6457.2046,13771.182
27,9122.213,13266.548
27,11139.157,4220.3936
27,4371.9683,7818.6704
27,18306.627,10366.086
27,11600.557,11850.751
27,13733.076,5599.145
27,12135.178,15022.256
27,3235.866,6960.945
27,10053.097,14547.751
27,10541.637,6379.0894
27,15902.714,6201.1313
27,9546.039,15543.03
27,16880.092,891.6293
27,19286.719,3177.9631
27,10238.509,5034.294
27,11384.669,5423.161
27,7161.621,14846.92
27,5462.967,5756.331
27,10424.582,5432.246
27,12547.4,12703.072
27,17686.441,6896.8184
27,11182.856,8276.329
27,8239.476,12666.518
27,16561.12,5429.6562
27,14369.344,12952.326
27,5641.9165,15285.912
27,12376.311,6839.8833
27,12618.185,3140.1711
27,15847.5625,2449.183
27,8570.21,14534.006
27,18726.064,6404.9385
27,9354.101,3155.241
27,7054.802,14114.524
27,10912.855,15804.046
27,6196.727,14404.071
27,11362.784,8298.517
27,10316.973,13408.132
27,0.0,4280.864
27,5224.8936,7970.5747
27,15125.486,3878.5054
27,19084.654,6448.1367
27,9564.393,6720.683
27,9028.98,16709.055
27,14700.518,6535.4766
27,14360.357,11253.046
27,10662.784,3808.1404
27,4234.8374,4912.0913
27,9171.215,6141.472
27,12907.605,14307.947
27,9131.75,15239.483
27,7294.1045,13106.887
27,2902.7878,6059.765
27,18459.953,7832.384
27,8235.3955,13396.83
27,9088.787,16748.898
27,19804.668,640.5184
27,15117.402,2893.7532
27,7236.2573,14307.457
27,14512.296,1242.7078
27,18109.584,4085.032
27,14250.646,12192.171
27,13230.124,3070.7976
27,9116.444,15570.666
27,10703.823,11735.439
27,11209.3125,18239.318
27,14008.683,15210.204
27,9891.859,18013.629
27,5876.885,12920.204
27,7702.452,4523.678
27,651.08057,3456.178
27,9905.4375,14233.286
27,7679.129,12657.169
27,12448.527,3090.8018
27,13072.846,13157.381
27,12641.102,15569.296
27,9476.423,2987.7207
27,16484.758,14839.318
27,9235.604,8593.672
27,10403.706,14355.125
27,9293.336,4452.0215
27,13629.991,18669.787
27,9674.696,5604.4033
27,9091.866,5758.166
27,14772.958,16419.61
27,6880.7734,16725.977
27,5896.1504,3084.407
27,10335.699,2705.6445
27,14236.787,7452.5146
27,5151.073,3757.7776
27,14104.071,3926.603
27,12836.507,13185.96
27,18684.838,3081.9294
27,5177.7227,1488.1997
27,3919.0288,4040.2056
27,9491.575,13018.654
27,12182.203,3688.2734
27,10942.174,13960.601
27,10834.764,12946.291
27,12794.289,4536.5396
27,12781.9375,6493.076
27,10676.366,15448.918
27,15341.7705,4456.66
27,6933.066,13974.456
27,12865.091,4529.2495
27,9849.691,7985.769
27,6225.508,14496.454
27,7961.694,15125.978
27,9279.46,13186.947
27,10092.123,12388.279
27,9457.06,17259.05
27,11849.483,5819.7637
27,9701.1,16978.834
27,13608.07,5968.8784
27,5510.4697,16809.838
27,6668.4014,14640.262
27,8628.975,5226.192
27,12075.548,13002.45
27,11671.739,14498.313
27,13780.714,4513.5894
27,13403.401,9872.648
27,6780.242,17707.584
27,12495.191,5454.792
27,8240.978,13149.11
27,14892.648,11515.073
27,8328.009,12166.58
27,6418.321,596.46094
27,14236.734,7949.691
28,10000.0,10000.0
28,10148.64,19136.97
28,10465.396,6643.425
28,13694.432,11239.751
28,7688.2646,12582.684
28,8672.971,3827.7153
28,6822.749,15037.62
28,7763.9995,15151.242
28,8045.789,4129.3867
28,4900.6104,3862.5093
28,9130.926,12957.576
28,9550.488,4507.9507
28,12978.566,3289.9028
28,11693.705,3705.7085
28,9762.859,14701.879
28,7403.6367,11379.952
28,12168.208,17079.465
28,11548.494,18508.693
28,15125.791,4999.092
28,15578.517,1809.2584
28,7353.2803,8340.173
28,13748.121,6640.5396
28,11478.388,13195.177
28,2055.0127,3661.5042
28,1122.5063,5114.4844
28,15666.079,16927.727
28,2857.5574,9272.402
28,9245.556,14503.469
28,9118.685,14435.498
28,10335.916,5786.6006
28,7089.9575,11361.065
28,11287.657,13667.219
28,10221.872,12532.625
28,12217.375,10533.637
28,2976.1582,3449.5688
28,6937.256,1388.2126
28,4231.5664,4889.5645
28,10467.826,16289.843
28,12721.676,13267.487
28,9947.53,10667.969
28,17188.906,1192.9314
28,13168.57,14944.013
28,2335.364,2197.4326
28,13049.637,17141.324
28,9656.991,12343.334
28,5927.0776,6991.542
28,7546.732,13745.004
28,6963.696,13469.674
28,9820.562,6092.7754
28,7298.4795,14456.657
28,1875.0157,4808.0347
28,8649.178,13540.11
28,7435.843,6511.6914
28,9662.685,2332.4758
28,15407.174,5662.2144
28,16554.832,4732.5464
28,9714.329,16049.292
28,7493.325,6571.0605
28,9158.386,10688.894
28,14561.608,2127.8142
28,13025.772,17876.604
28,7983.324,6370.991
28,9855.233,12505.777
28,10649.71,12618.078
28,7156.9727,4305.1997
28,6780.728,3420.9453
28,11572.029,3944.427
28,14193.668,5370.5107
28,9181.922,15142.202
28,11867.152,15883.843
28,10446.408,14382.186
28,8652.895,6339.1123
28,9240.231,15290.13
28,10696.163,6063.078
28,4934.3506,8438.559
28,6592.9536,4418.5483
28,8702.588,2432.189
28,12076.056,16726.898
28,9270.3545,1753.5083
28,12731.344,14257.32
28,13263.451,15835.278
28,15131.047,1846.1631
28,12899.894,16868.406
28,13034.313,13393.354
28,4827.6504,4866.179
28,15609.782,14213.896
28,14674.194,14119.752
28,12146.596,1860.9717
28,13292.455,14826.867
28,11648.45,14865.279
28,9972.615,3685.8352
28,13618.66,14740.757
28,4302.5884,6066.012
28,15338.845,17041.473
28,11691.455,6218.7754
28,15530.983,14138.611
28,6437.759,2790.583
28,5524.212,7145.2925
28,2416.1013,8717.529
28,3177.6328,2635.6033
28,3496.4846,5943.506
28,9581.579,17239.834
28,10861.204,3224.9656
28,15307.26,13363.224
28,7249.9663,7055.965
28,7742.103,14780.872
28,12493.649,14202.326
28,4592.9155,12808.434
28,10964.245,5425.7563
28,12497.629,18158.508
28,10513.952,13852.977
28,11928.878,14402.608
28,18223.533,7138.2817
28,7614.428,5732.322
28,5840.003,14642.58
28,12439.321,17175.49
28,18055.566,5282.92
28,4709.298,1747.5247
28,10038.331,12778.734
28,6969.717,13970.752
28,12111.834,9141.459
28,11449.939,2890.8982
28,12630.026,15077.635
28,13938.477,14021.796
28,15193.147,9374.323
28,12522.986,4842.6377
28,3137.933,13494.436
28,7091.461,15767.903
28,9539.052,15467.837
28,10048.014,15045.324
28,6554.2646,15345.246
28,15596.744,14940.54
28,3662.8374,11828.474
28,16990.504,3156.2654
28,11672.333,12880.532
28,5161.5225,3749.576
28,12440.422,14148.837
28,12110.722,14261.164
28,8856.081,19512.45
28,7448.962,15099.725
28,8927.128,15582.401
28,10806.142,11503.155
28,9003.479,15308.911
28,10495.305,15685.678
28,5262.726,3875.4355
28,6206.3154,2273.2598
28,8139.2197,12123.464
28,10892.682,5929.5913
28,9059.606,2833.5684
28,11501.568,13254.996
28,3229.562,5954.648
28,9069.072,13565.397
28,16570.32,2263.3857
28,17251.197,4799.2715
28,10512.36,12745.67
28,11020.014,15599.601
28,13125.774,16889.826
28,9961.565,7145.3857
28,7476.2793,14837.275
28,13879.973,2122.703
28,4918.1978,12770.858
28,11885.16,16037.09
28,11447.454,2746.4417
28,13580.708,13773.998
28,11935.682,8274.349
28,15523.792,15168.58
28,12371.407,7859.5737
28,11640.23,1014.90125
28,5565.5513,2625.4644
28,15690.525,5295.9727
28,8840.6875,12886.472
28,8212.175,14140.079
28,5954.341,14861.876
28,14670.224,14051.171
28,3192.7202,5806.1235
28,10305.403,11552.665
28,8499.446,14854.839
28,8503.548,17164.795
28,13857.925,5336.069
28,10013.89,7199.1987
28,17536.408,6414.982
28,12415.694,16174.637
28,16769.027,1892.717
28,10715.51,849.31635
28,3345.639,1310.8739
28,10810.116,14967.818
28,4830.8716,15836.978
28,14116.145,18823.715
28,4507.5093,7598.5605
28,19141.002,5910.8784
28,12348.602,3310.4397
28,3888.055,15782.929
28,15319.75,2185.4998
28,5889.1045,6323.135
28,13714.848,13664.405
28,8803.1045,5266.1978
29,10000.0,10000.0
29,12465.545,16104.127
29,9887.042,9118.79
29,10691.446,12890.573
29,11837.019,17127.916
29,3456.9023,7712.382
29,12323.13,14316.102
29,7684.916,4232.0083
29,12520.288,14791.611
29,9984.446,7218.557
29,9567.459,5381.4893
29,10528.681,15003.308
29,11844.685,14923.309
29,10161.238,5194.9033
29,12905.861,14513.376
29,12137.97,19206.344
29,11864.737,13916.02
29,7557.3057,15028.171
29,10657.916,5287.1904
29,14548.141,5504.5244
29,7857.0117,6044.8726
29,11535.695,3815.8347
29,7003.748,3407.8118
29,9546.166,15918.296
29,11305.334,15717.426
29,5185.1045,472.5927
29,12865.323,3978.0293
29,15601.446,14936.774
29,10885.93,3834.0195
29,11289.561,17278.05
29,10733.979,4864.064
29,12338.688,15611.353
29,8042.3467,13931.09
29,14297.134,14860.535
29,0.0,6597.32
29,7807.253,3361.6482
29,5182.1196,4516.2334
29,9236.724,7345.0806
29,2113.014,4670.591
29,8881.666,5631.0757
29,1732.851,1716.2112
29,4989.829,5871.8516
29,6273.3438,6749.717
29,11417.41,2979.789
29,11721.776,13674.618
29,7715.9976,13607.552
29,18963.523,7764.01
29,9185.239,11991.475
29,14640.805,9028.884
29,11187.891,15999.574
29,9912.436,14288.189
29,4199.271,3449.931
29,13400.9375,14867.623
29,15145.471,2189.8086
29,3749.9358,3148.041
29,11268.46,3278.4792
29,6712.7812,17882.346
29,11903.764,13906.212
29,12619.961,1889.4119
29,17176.174,6877.046
29,4556.1763,14650.721
29,14993.459,5928.536
29,6461.061,14188.708
29,9793.251,15179.784
29,8615.542,17383.025
29,9881.326,13837.633
29,8682.227,15083.96
29,2455.057,4115.753
29,10663.434,17598.303
29,10577.673,3616.2239
29,1492.4626,9043.103
29,13922.729,15231.687
29,10614.299,13789.684
29,14855.253,3223.9426
29,13622.807,15994.329
29,18332.457,6489.6963
29,3962.7615,4194.6543
29,11053.244,17466.133
29,8941.683,12332.591
29,11912.917,6475.758
29,14963.143,7894.779
29,13826.711,17862.426
29,12562.528,1861.6199
29,7961.388,1302.4808
29,12059.736,458.89957
29,4488.8325,11631.723
29,4505.816,7054.1284
29,11696.141,11595.991
29,13196.755,4509.96
29,13650.118,5312.8975
29,13198.109,6895.429
29,16393.105,5964.38
29,13438.031,4402.8354
29,16461.643,10047.184
29,4008.2007,6109.5054
29,13382.561,14848.115
29,11021.901,14253.894
29,10459.158,2511.1174
29,6406.999,11683.963
29,17008.594,2776.0327
29,7377.6753,18380.51
29,12347.042,5013.3823
29,9153.11,13203.306
29,11785.11,13722.559
29,14813.558,15459.335
29,14020.244,16283.073
29,13021.785,6765.9023
29,2972.7974,7276.45
29,10870.132,10966.246
29,7437.762,11713.439
29,7427.0483,13670.98
29,11056.283,4730.2505
29,9607.821,4265.8228
29,10884.37,13944.557
29,4905.3096,15498.417
29,8173.9653,14606.934
29,9402.088,13468.394
29,8255.479,11743.913
29,16437.238,11615.873
29,11700.296,12753.345
29,10840.685,3379.538
29,12373.668,2702.554
29,9364.776,8122.9766
29,7768.289,15429.557
29,14924.289,3213.5964
29,14555.908,16876.219
29,11405.809,2282.5117
29,9586.056,14575.516
29,14094.312,14179.274
29,12856.618,20000.0
29,13389.204,15402.244
29,8513.224,9032.751
29,13998.559,3212.9988
29,13922.404,11727.182
29,14918.702,5279.8
29,2764.6248,3617.8218
29,16073.583,1743.2504
29,14636.476,6989.5425
29,3635.785,4606.298
29,9172.403,6548.6265
29,10667.911,3354.7578
29,9448.887,7301.075
29,8425.517,16356.012
29,17965.453,15123.968
29,8162.339,12237.986
29,11937.831,13998.178
29,12868.206,13150.697
29,8427.746,15158.801
29,4803.4106,6029.116
29,7193.039,1572.0267
29,6489.319,13937.841
29,15819.292,12030.937
29,16133.175,14520.036
29,11175.709,3673.3303
29,4100.396,1304.3408
29,13119.821,2680.199
29,8834.143,1642.5308
29,8329.24,14879.015
29,11659.543,4162.5737
29,10635.818,13516.687
29,1906.2971,1799.1863
29,7787.3154,17365.605
29,14043.127,5657.1777
29,15950.209,15497.957
29,15964.917,5070.612
29,15632.098,4755.583
29,15705.699,7626.5806
29,11084.447,13700.326
29,6731.318,3537.4924
29,11153.185,253.76204
29,13622.786,5301.6094
29,8263.191,8529.037
29,5283.8447,5742.551
29,10402.016,13366.338
29,12984.358,13171.604
29,16556.13,0.0
29,14351.36,17246.486
29,10048.625,19724.504
29,8533.221,1344.1973
29,14663.66,7931.6772
29,13205.681,0.0
29,6802.4062,5581.0767
29,12100.76,16746.412
29,15840.748,2645.703
29,756.54846,5412.014
29,6897.4697,8936.637
29,4479.179,13680.787
29,17996.28,5478.4805
29,12603.893,2949.632
29,8986.449,14575.736
29,11327.72,15632.05
29,10028.697,9824.541
29,12084.142,15857.986
29,14552.056,2267.426
29,6137.9683,17919.156
29,15987.873,16454.92
29,10246.258,12919.079
29,7804.8804,5213.4106
29,16336.878,17707.012
29,13581.517,12356.229
29,6741.6226,5803.586
29,6797.192,11375.625
29,8740.312,5207.1177
29,7484.2964,11223.939
29,8255.193,16219.838
29,10912.118,16678.197
29,10416.159,14280.054
29,17203.459,13463.93
29,15292.949,4463.2383
29,6586.1484,6135.031
29,9718.894,6550.7656
29,5373.6836,1461.6498
29,5426.095,14320.43
29,10157.772,12364.415
29,7461.993,14702.219
29,18349.293,3364.8364
29,7262.2407,14009.041
29,12684.007,13083.881
29,5079.9487,1720.4816
29,4068.0195,8082.7417
29,3949.139,14671.228
29,8677.085,16466.328
29,9047.017,13806.353
29,15294.816,8371.676
29,16433.416,4800.066
29,6094.638,7641.849
29,9295.086,11260.439
29,14551.727,1397.8169
29,7572.887,1272.4814
29,11120.99,5873.5444
29,9794.002,15419.941
29,11953.6,15474.183
29,8185.7695,15045.877
29,11840.729,4944.074
29,5583.748,5303.8667
29,11212.061,17092.629
29,18023.514,4201.4487
29,16690.258,3375.9714
29,17227.71,10654.559
29,7679.502,17420.455
29,9387.442,5434.677
29,11262.374,15210.016
29,9715.667,2725.4412
29,10945.731,14305.412
29,13006.267,18033.234
29,7490.2793,13165.007
29,9737.48,4030.755
30,10000.0,10000.0
30,6609.057,16267.516
30,12583.563,12766.92
30,10008.365,2948.4812
30,18528.94,112.72665
30,8367.454,16097.623
30,13465.943,15098.383
30,3836.432,6006.5903
30,4795.5083,4618.827
30,8966.806,3351.7668
30,9752.264,4270.2275
30,11270.736,16047.296
30,8938.911,18581.77
30,6744.352,16195.206
30,9069.6875,18002.17
30,12289.124,17959.418
30,3002.6353,5123.104
30,6438.414,14820.736
30,2252.9858,2548.2627
30,928.0306,830.0928
30,11480.258,14592.211
30,3004.7805,6765.958
30,14971.494,4997.206
30,10017.21,17155.809
30,9167.788,12379.301
30,8581.005,15874.049
30,11985.754,3905.4995
30,5650.092,4946.298
30,7559.4756,5830.5483
30,12498.215,6743.871
30,10698.287,13957.285
30,14317.439,6028.875
30,13007.465,13180.971
30,11311.887,6356.094
30,8068.9487,14148.69
30,12055.085,14551.086
30,14510.392,17684.494
30,6822.8853,6780.287
30,11770.61,17553.549
30,3565.736,2843.3884
30,8311.192,16606.932
30,10081.987,12918.54
30,11899.21,17994.594
30,5840.165,16639.479
30,7804.3257,15590.033
30,11185.924,15847.18
30,6979.1025,15591.727
30,7387.712,10869.647
30,8924.07,16132.776
30,9857.574,12702.733
30,10340.864,2940.0908
30,16219.38,4214.759
30,2685.9238,8173.009
30,17081.314,15451.594
30,11285.07,5776.7417
30,11368.643,16840.744
30,11373.3125,16792.264
30,18241.06,7360.793
30,13379.851,5738.353
30,12008.118,16564.076
30,10821.016,6665.22
30,5287.3945,3996.419
30,13177.92,14917.786
30,14788.051,3976.106
30,3948.0952,4018.6187
30,11137.771,16803.965
30,10513.618,6959.264
30,8278.886,2823.1436
30,9858.112,12834.38
30,6893.4526,12053.698
30,9443.037,15292.295
30,9586.68,13648.936
30,13790.482,2110.0396
30,6410.905,16752.262
30,15155.468,909.6064
30,14052.712,19320.031
30,8040.69,16513.111
30,12818.596,5380.6035
30,7186.9556,12854.67
30,10136.808,11036.082
30,9586.431,13707.732
30,8243.889,6118.265
30,9707.54,12728.762
30,7656.405,2756.611
30,3124.992,7962.8364
30,13836.403,15008.819
30,17302.857,6901.8384
30,6213.1045,14409.121
30,9534.788,3975.6755
30,7412.932,15610.687
30,7423.3853,541.60236
30,5666.876,11430.279
30,13002.46,4771.071
30,4700.087,9340.872
30,7286.304,6002.2915
30,0.0,6195.099
30,12084.522,14952.186
30,11739.81,17376.883
30,13346.87,15226.755
30,11937.563,14941.901
30,9944.821,12917.078
30,11729.259,2829.4507
30,7604.461,6826.238
30,11275.043,17734.35
30,11646.369,3935.6543
30,5732.9375,6161.5728
30,10506.866,7618.4023
30,6022.8105,4612.924
30,10236.386,614.326
30,14206.875,1692.1873
30,4142.235,6189.339
30,6855.067,13217.585
30,6094.257,14564.976
30,7375.1763,11006.316
30,6475.389,13498.891
30,7049.828,4388.2783
30,10620.796,14702.05
30,11506.885,6293.6465
30,12995.159,5981.0063
30,798.72687,3653.418
30,16388.531,14231.866
30,15069.32,8314.6
30,7938.4243,1641.2084
30,12179.424,17683.748
30,6661.3257,3808.249
30,2598.3225,2413.4343
30,10816.627,17064.818
30,6986.182,795.5413
30,13264.159,5808.084
30,12320.397,14304.954
30,8124.5264,16283.312
30,6240.0425,14433.297
30,10372.55,11754.37
30,9529.234,16555.209
30,15327.298,13383.445
30,4066.7747,2937.0671
30,13091.163,14642.568
30,2392.3662,5786.9673
30,14332.247,4269.7354
30,9535.036,18744.064
30,4159.326,8673.647
30,2456.6294,7727.261
30,9082.144,7041.122
30,8713.593,4238.569
30,11826.332,12669.807
30,17143.01,4505.1265
30,4425.675,5320.9814
30,12417.686,3287.5415
30,11030.038,16832.326
30,9974.04,15301.385
30,3813.9087,4650.19
30,11758.134,13952.292
30,9578.146,5759.8813
30,9125.842,2956.6707
30,6567.623,4465.5957
30,12573.784,14171.174
30,6480.4126,10676.29
30,12050.847,13217.027
30,11231.986,15687.934
30,6570.1675,16821.953
30,12767.516,14405.163
30,6544.2803,4978.7676
30,8085.1553,2917.2883
30,4878.9297,12642.408
30,7168.821,17494.533
30,5814.5234,10842.186
30,10094.767,6718.4463
30,9473.483,13502.379
30,15236.915,20000.0
30,8030.3623,5673.2163
30,2653.2354,5519.7827
30,17955.123,6887.5205
30,2810.1965,3489.6763
30,2113.5364,3351.7185
30,10577.738,2837.0012
30,15187.397,16985.809
30,9666.659,15953.709
30,11288.46,4591.988
30,10060.204,16245.14
30,12348.885,15691.655
30,20000.0,5979.8433
30,10435.129,14760.645
30,2688.9421,5248.9087
30,13760.842,14051.675
30,14520.544,12529.924
30,3979.6953,1855.083
30,13448.028,8376.059
30,10678.971,13844.174
30,12616.08,311.5346
30,16664.14,6447.1147
30,6912.307,13246.586
30,0.0,8280.663
30,18412.963,582.1275
30,15468.033,16246.345
30,9231.57,7647.3696
30,11036.704,11832.798
30,12617.871,15592.29
30,12581.616,414.47525
30,4575.3574,8567.547
30,12619.706,4814.2065
30,4772.4136,1600.832
30,5058.1426,5871.59
30,13306.704,16370.558
30,10527.41,12868.614
30,9096.29,15246.79
30,13069.419,12151.603
30,11876.581,1809.8395
30,16127.891,555.2762
30,9672.898,3879.4685
30,7977.4824,17083.732
30,8437.351,15919.198
30,11916.298,5265.2593
30,13965.374,2258.5347
30,2212.3247,5342.873
30,17284.662,6815.1304
30,9406.652,7138.0405
31,10000.0,10000.0
31,17535.715,8254.633
31,8865.3,13307.09
31,9008.965,15612.399
31,17233.135,1645.9097
31,10164.119,11952.399
31,9787.472,7781.796
31,5807.2915,6434.978
31,15856.038,12299.826
31,9818.902,13690.969
31,15524.099,14161.495
31,6110.6206,15508.553
31,16125.705,5444.6987
31,11265.904,16305.036
31,9664.128,4137.493
31,9963.356,11784.238
31,455.69742,4306.8296
31,14925.011,13161.638
31,7820.8926,6636.125
31,12311.323,14854.162
31,6756.067,2424.6038
31,8406.68,4701.374
31,5435.543,13788.432
31,5178.9287,4142.953
31,15886.812,4328.679
31,7936.633,14322.343
31,10497.624,4385.7812
31,8456.672,15196.442
31,10221.325,19219.76
31,10096.893,12100.417
31,10308.183,5093.394
31,6782.222,3595.5017
31,15197.325,6112.2603
31,4852.5347,7289.69
31,9088.386,12692.993
31,6521.429,6733.7905
31,15718.391,6545.1846
31,7934.9053,15509.138
31,13258.2295,13979.002
31,6850.358,16731.445
31,11406.049,13645.582
31,7190.0645,13171.048
31,14287.507,12791.987
31,9861.591,18171.953
31,11207.97,13569.154
31,7057.294,7055.093
31,16246.963,6782.4214
31,9293.5,16108.505
31,7486.3784,7428.3247
31,16165.755,8847.731
31,14008.421,14251.33
31,9552.369,6532.484
31,4192.2637,15078.371
31,10628.948,15121.638
31,8603.766,1960.2021
31,14593.858,5285.3037
31,6490.358,1875.2667
31,9285.775,15640.953
31,11398.719,15874.441
31,5953.7285,13001.717
31,11909.79,10941.823
31,7609.2427,9533.09
31,10799.631,13567.578
31,7918.4233,14061.385
31,11093.758,14229.455
31,6065.7925,6208.277
31,9316.543,15923.111
31,9005.11,15731.218
31,13284.179,0.0
31,11296.337,15631.533
31,11629.4795,14755.504
31,6407.2207,5163.9746
31,14732.077,13371.642
31,5093.833,4671.131
31,7998.1353,17542.037
31,12258.991,13411.047
31,9529.045,12809.349
31,9087.342,764.1608
31,14215.513,3361.062
31,4044.39,3897.6128
31,12953.368,14621.2705
31,12903.214,12637.531
31,11111.539,16429.842
31,8440.91,5432.344
31,10775.869,6093.7793
31,13548.322,15119.902
31,9487.373,8981.157
31,12046.203,3407.0945
31,5833.541,14819.057
31,10124.723,16168.19
31,6805.0693,13409.739
31,11898.505,15975.261
31,11370.853,3822.9146
31,4129.905,4431.6465
31,8959.897,15615.319
31,12929.498,14493.878
31,15624.007,5826.904
31,8280.728,13448.7705
31,13075.795,6553.949
31,7428.425,15354.882
31,18464.332,5970.3735
31,5500.628,2911.8213
31,14138.036,3796.1697
31,12440.788,4061.9504
31,6452.9116,4091.6155
31,10479.06,13749.313
31,6346.6675,3920.8804
31,11797.436,10771.634
31,20000.0,5685.6626
31,5777.0625,14569.469
31,14507.725,7732.708
31,6747.153,5141.667
31,5902.9746,14772.185
31,4745.152,1970.5538
31,11666.446,12521.239
31,11664.321,12315.481
31,13553.627,3994.8967
31,12459.211,5607.803
31,17249.777,4378.184
31,7285.64,11718.205
31,7624.0767,2859.4055
31,6361.4834,8764.82
31,3156.8252,8448.053
31,5426.706,13901.595
31,10051.047,13395.36
31,0.0,3697.2424
31,10424.942,16023.076
31,9703.966,14721.329
31,10324.699,16731.98
31,15372.367,6362.894
31,10529.69,12575.012
31,16902.219,7940.5557
31,8520.61,15033.03
31,6398.263,6450.257
31,8470.341,14924.429
31,13494.663,1375.5118
31,8477.342,7143.0723
31,9921.02,4332.593
31,18141.182,6745.8486
31,12354.4,14595.869
31,8773.745,15834.364
31,10765.874,17326.598
31,13695.62,6315.2676
31,8301.353,5586.2744
31,6530.1504,4017.7612
31,6712.02,2188.5266
31,18831.508,5806.9414
31,3660.853,6686.609
31,9907.12,5496.9414
31,9052.644,12773.147
31,15588.081,12879.822
31,7987.1,13666.807
31,3096.7434,3546.973
31,4785.57,2558.982
31,10173.544,13977.444
31,12502.413,0.0
31,11085.299,14612.446
31,6390.144,13946.61
31,11848.698,3537.3628
31,13505.057,13771.141
31,9181.142,14825.401
31,12929.295,6671.279
31,10026.173,8.605226
31,14446.042,15513.188
31,5671.764,2168.9531
31,14237.719,6618.6377
31,9086.932,16604.324
31,7694.1714,15916.4
31,2149.8745,2670.9697
31,7246.3364,13422.874
31,9686.159,14951.636
31,14593.352,5396.14
31,2531.9033,6113.488
31,9849.188,5575.196
31,9591.509,11778.776
31,5461.6177,15765.493
31,11482.608,7709.605
31,6182.3613,5496.2334
31,12582.06,16438.625
31,8933.796,15383.745
31,12662.748,4570.0127
31,6492.7983,15418.879
31,7760.8237,14277.762
31,16578.545,4620.004
31,11404.164,4064.6372
31,16389.627,1323.2706
31,3048.8936,7031.66
31,3389.667,5708.8647
31,2600.6943,8799.449
31,6657.443,2600.7856
31,4616.068,7980.344
31,12882.761,6411.968
31,8360.891,12260.719
31,1332.5988,8179.223
31,3845.604,1499.9407
31,13024.244,18483.697
31,9099.121,6111.165
31,5455.871,5095.486
31,2754.4482,1690.9701
31,10407.858,4893.1055
31,10964.992,7571.206
31,17449.969,2828.275
31,15761.357,8489.863
31,17723.162,5591.4785
31,10717.407,3488.5964
31,8387.549,3158.6797
31,9693.3,14802.742
31,7675.8823,10438.046
31,10917.449,16240.144
31,8360.001,16171.074
31,9310.555,11152.426
31,14209.253,8354.267
31,6479.53,16090.579
31,8873.596,9107.454
31,13272.732,4489.8433
31,16330.413,3440.441
31,6681.733,3874.5388
31,7679.266,15864.003
31,10084.822,4139.342
31,9117.644,14577.016
32,10000.0,10000.0
32,8298.061,14781.12
32,13260.274,14364.261
32,10093.611,15120.102
32,4933.4834,4934.722
32,6138.0957,15380.628
32,17888.115,3043.6277
32,13178.787,13515.39
32,4934.6123,1788.8572
32,6511.4546,14978.391
32,19118.111,3573.9287
32,5991.3906,7436.721
32,13810.412,15353.124
32,15392.72,5654.338
32,9701.162,6260.262
32,16675.598,6668.694
32,8400.336,14917.328
32,7672.6143,11841.478
32,16282.262,13746.118
32,10696.958,15909.1045
32,17775.01,3048.2253
32,6669.629,4608.407
32,14778.9795,13698.845
32,10826.554,925.3973
32,8986.691,15044.4795
32,9829.825,17726.258
32,10119.6875,16960.473
32,5310.6533,13708.487
32,9920.299,7361.0586
32,13669.762,19186.21
32,12126.328,14912.24
32,9724.882,11756.064
32,3960.0771,4071.5608
32,6564.618,14121.469
32,6793.6704,17447.658
32,14993.255,6986.347
32,5901.521,18983.602
32,7737.7373,12714.887
32,13083.805,6002.487
32,11166.9375,7638.1987
32,12372.659,3738.0166
32,14127.507,15685.469
32,11116.209,8098.349
32,18719.236,4425.4287
32,10926.134,15303.025
32,9014.645,13627.52
32,14809.369,5296.247
32,8931.186,14446.698
32,13392.098,5108.329
32,7983.199,8828.26
32,12643.679,6931.058
32,17871.86,1774.8417
32,13011.648,3107.2935
32,577.01715,6587.8135
32,8962.237,1182.5833
32,16453.438,6619.7583
32,6327.2803,13576.786
32,7387.7236,3264.3008
32,6657.849,4107.2354
32,9050.254,6333.395
32,7634.54,18628.363
32,16542.283,6152.6084
32,9555.8125,13952.9375
32,9645.582,2961.7866
32,12584.379,5876.393
32,10717.124,16941.854
32,16096.01,5539.153
32,8316.093,10638.638
32,12285.75,14855.45
32,7716.963,16862.912
32,13676.166,4859.034
32,11883.616,13566.622
32,10296.916,12075.719
32,10049.224,13317.242
32,6266.1523,6383.138
32,12319.728,4237.3545
32,9142.508,2895.0396
32,9315.109,3217.8032
32,2084.475,6827.05
32,7215.572,5716.8726
32,5349.5,5789.6685
32,13519.313,12571.581
32,6117.5366,13287.723
32,7266.3667,16056.925
32,7057.65,5819.6147
32,11224.003,16641.457
32,8516.233,5367.1777
32,11680.843,4845.998
32,11302.756,12867.168
32,12875.445,2199.7878
32,10725.799,7685.5586
32,9684.288,16386.523
32,14450.815,9957.533
32,10505.517,13189.072
32,11720.032,4065.8838
32,9275.302,15986.468
32,6711.5015,14631.819
32,13174.043,14545.277
32,8307.177,4774.582
32,10513.82,14859.547
32,9514.566,18119.348
32,9644.933,7970.2446
32,15163.404,5979.476
32,4342.306,3022.3257
32,6137.5264,4015.8782
32,11110.595,4413.3027
32,16534.58,7059.1904
32,8179.8193,3783.422
32,2068.9268,5293.819
32,10584.38,14683.121
32,14820.286,17726.93
32,12523.201,14316.512
32,7216.9927,6346.2812
32,10672.756,0.0
32,13843.141,11615.427
32,5787.2124,6899.0176
32,13562.353,4578.0576
32,6981.4185,674.64716
32,16791.693,7413.688
32,7380.7017,3974.4846
32,15457.795,4374.9316
32,3665.0093,4359.446
32,17483.873,4285.786
32,13153.498,2143.5552
32,1284.732,13136.125
32,9419.76,3171.8933
32,14401.402,605.8026
32,7865.3413,13568.666
32,8158.88,16537.113
32,4541.768,7253.0586
32,7720.718,18110.436
32,7422.4946,19976.217
32,7201.698,17426.914
32,11755.306,16104.178
32,7813.8696,1307.5284
32,8889.193,11734.286
32,8427.326,2367.1853
32,3324.4543,8156.2666
32,9463.341,16722.85
32,9560.813,7294.407
32,11935.611,11966.4
32,12847.22,13469.471
32,7615.5737,13030.989
32,10214.155,11038.63
32,4824.6494,5201.796
32,533.05817,6410.2295
32,12543.897,3816.1555
32,7289.819,17606.105
32,2678.4534,5059.183
32,13602.46,4498.1885
32,11327.571,16746.723
32,14067.892,5965.233
32,6455.2554,5291.741
32,7054.0635,13689.001
32,7055.3096,15685.348
32,11104.674,12181.334
32,5768.332,1200.2916
32,4009.652,6325.9136
32,6611.7417,6760.09
32,8475.716,13144.123
32,5444.9126,14302.503
32,10461.237,11677.368
32,14517.209,13544.13
32,12882.029,4708.9185
32,11625.442,6676.7974
32,5679.5044,7033.007
32,4930.6187,7101.2744
32,12196.721,15926.473
32,11729.851,4299.0557
32,4484.1465,8773.425
32,7946.7754,20000.0
32,5761.2944,1140.072
32,9564.5,13180.501
32,14225.41,4112.902
32,2077.2886,4377.345
32,11877.437,16928.877
32,6529.8076,7071.5415
32,10161.323,16304.592
32,12479.917,19236.682
32,8765.507,2547.377
32,16471.797,12328.939
32,15391.266,3766.6921
32,11346.1875,6183.3867
32,10644.5625,15259.366
32,7315.895,9530.021
32,14505.33,11208.02
32,12999.628,7640.9233
32,11828.136,5554.8623
32,11335.677,10143.925
32,10335.245,14523.312
32,14343.753,16040.102
32,6912.305,2810.268
32,5854.2495,4693.8315
32,6090.469,4582.5117
32,8000.2983,5190.016
32,11160.607,16013.234
32,20000.0,7657.3164
32,15194.011,16575.402
32,9360.396,15646.091
32,13873.921,7409.938
32,11638.67,5257.074
32,18219.898,9915.491
32,9553.322,15439.6455
32,7579.5737,5614.6953
32,9301.171,5063.091
32,12318.346,12736.304
32,18123.041,2630.0205
32,9399.883,15144.408
32,11469.505,17026.498
32,8564.903,6764.5605
32,13821.594,16431.543
32,7444.58,3402.3728
32,9934.683,12128.125
32,11163.915,4341.5854
32,6744.2524,16072.515
32,8631.09,4446.569
32,16501.203,7624.952
32,10984.24,14288.691
32,9327.229,2993.0156
32,10501.457,16934.54
33,10000.0,10000.0
33,11265.0205,14268.443
33,6197.142,13452.161
33,6226.685,19652.324
33,14015.224,15903.317
33,5647.7275,6980.93
33,7337.4253,13035.598
33,13212.189,10090.507
33,14694.47,14792.269
33,7890.4526,17148.496
33,17814.014,13284.118
33,10922.431,12482.999
33,11392.44,15547.381
33,4569.8335,5900.9697
33,2183.9285,4216.9565
33,10889.161,9856.459
33,8091.4053,12527.511
33,5939.2866,2542.0571
33,11777.356,5946.505
33,15164.649,6958.602
33,8669.018,17957.395
33,9826.161,15585.021
33,8252.034,1498.5231
33,12618.353,4763.75
33,13098.285,4717.9897
33,13943.293,16677.652
33,10567.974,13353.995
33,13254.077,16920.195
33,6528.8823,15701.091
33,4111.7197,2864.9307
33,12337.7705,14385.287
33,3238.2402,9004.342
33,11809.758,5219.8257
33,14946.74,7837.241
33,3771.02,14360.6045
33,10404.626,13676.835
33,15426.13,5310.1016
33,8433.312,15854.348
33,8233.988,14900.053
33,10701.962,15087.458
33,8521.418,12643.268
33,17225.79,6853.3423
33,2287.5503,7386.2354
33,7452.1177,15615.375
33,10815.108,16812.615
33,6119.04,12262.688
33,13282.949,13804.521
33,7137.1543,4761.0293
33,10202.621,15089.651
33,16152.672,8295.626
33,10711.959,15252.572
33,10950.555,11907.952
33,11790.301,13711.133
33,7725.24,11651.158
33,10339.8545,2499.5474
33,12080.322,11968.108
33,5161.725,4141.2524
33,16221.023,12669.314
33,10196.885,3135.1792
33,13906.951,13286.123
33,0.0,4328.484
33,10184.658,5100.128
33,16824.115,6758.6973
33,16278.249,14021.231
33,2052.6497,2845.1025
33,9862.112,3952.1836
33,7093.7603,14621.328
33,20000.0,6550.357
33,7979.4077,12720.837
33,9249.975,5718.543
33,12014.716,13375.235
33,16270.962,11799.341
33,5137.821,15878.16
33,7157.5015,3182.3767
33,8876.762,11822.446
33,7437.5254,5951.314
33,8494.064,5374.801
33,13306.035,7980.664
33,6682.902,11733.83
33,11467.863,15504.137
33,15742.476,7410.187
33,8230.987,14667.514
33,9220.042,18565.09
33,10436.886,4952.0854
33,7077.073,1766.8732
33,10919.012,17069.21
33,14662.277,5733.5913
33,11802.352,16976.709
33,8545.385,836.9386
33,4974.1333,16192.067
33,12341.561,16561.611
33,12088.687,6167.1504
33,6005.7983,17658.217
33,4700.606,15953.969
33,10546.591,16533.062
33,7319.502,7462.653
33,5136.037,11509.996
33,12836.21,17409.63
33,7416.7603,15728.122
33,7694.791,10595.216
33,9021.431,14372.772
33,11795.597,14606.8955
33,15379.795,13425.077
33,6565.03,4711.7627
33,13160.865,5022.3887
33,13678.955,5966.452
33,9752.276,10431.582
33,13480.073,18734.576
33,16734.428,3435.2832
33,12531.939,17002.352
33,10036.956,11656.384
33,4107.726,4202.2593
33,11107.825,7881.817
33,2867.1113,8014.113
33,10245.517,14163.828
33,8358.136,16835.514
33,15702.865,7512.437
33,3536.0037,5824.319
33,11753.63,4146.005
33,8989.23,6643.434
33,12637.29,18848.762
33,1606.1943,5844.5146
33,12035.853,12405.728
33,1968.0723,6993.284
33,12480.587,15093.783
33,6451.7817,5899.8066
33,13476.208,5385.8677
33,1094.6217,6081.472
33,6533.6953,17167.854
33,12720.718,14997.948
33,9828.662,13066.015
33,6565.5723,16475.268
33,14551.844,13444.581
33,14901.154,11499.048
33,5524.7646,5426.887
33,12350.291,17773.05
33,6154.342,15453.637
33,3444.7793,4449.26
33,6027.7715,7158.2666
33,12522.063,1738.8234
33,5056.7104,9610.215
33,16626.691,7084.4805
33,11018.654,3432.7864
33,13523.541,324.62424
33,15930.216,12549.8125
33,13636.507,6327.4116
33,10506.197,15942.048
33,10389.357,14019.673
33,9494.457,15876.543
33,8157.5186,17682.387
33,10314.96,16885.121
33,11429.887,4300.8306
33,10073.222,5584.7334
33,13523.422,3481.8071
33,4826.136,3847.115
33,8326.72,12618.461
33,718.5281,6546.8174
33,12439.27,4572.8374
33,11153.312,4940.451
33,12487.368,9278.324
33,5985.6196,16605.602
33,16708.879,5035.7095
33,7354.258,5988.7183
33,16898.002,9101.193
33,12132.471,15247.476
33,14625.336,5804.379
33,5259.703,2380.3855
33,10049.352,7466.3184
33,8155.788,12479.188
33,10469.59,12474.409
33,2839.8245,2976.6018
33,6026.691,6463.555
33,10289.523,2848.7827
33,14525.051,20000.0
33,8221.818,5784.142
33,5107.3916,828.6475
33,11798.395,16969.076
33,7503.2627,14203.285
33,14358.203,16018.635
33,10464.812,17516.684
33,13743.711,1741.7532
33,10500.539,10577.892
33,15879.641,5240.328
33,13586.718,6950.7695
33,11435.251,15804.06
33,16655.738,8262.176
33,3427.2815,2097.7556
33,4043.6694,4499.52
33,10628.252,4547.342
33,8514.251,15293.425
33,13880.478,16956.145
33,4033.8323,5010.3105
33,6142.244,6364.6006
33,6799.88,17454.984
33,8149.5854,16874.02
33,10507.279,2377.0881
34,10000.0,10000.0
34,4493.8057,5591.9346
34,8764.652,4575.4546
34,11836.094,5483.772
34,13255.024,7452.955
34,15808.586,6459.448
34,8600.713,2883.0244
34,8366.84,6406.8325
34,5416.252,15364.343
34,8640.456,16014.374
34,15184.141,2832.7517
34,10708.032,1332.627
34,15538.882,6988.5815
34,11620.818,16050.719
34,16550.441,9535.929
34,17503.385,3538.8223
34,14400.718,7499.2695
34,6178.1426,15425.743
34,9742.981,14868.831
34,6949.405,7637.86
34,15166.467,6228.7905
34,7869.78,14688.891
34,3565.775,2275.2346
34,13006.347,4951.459
34,12051.489,13327.116
34,16184.2705,7346.938
34,10548.884,12751.551
34,12866.565,17045.58
34,9856.382,13269.633
34,10082.253,18946.178
34,20000.0,6154.592
34,10895.3955,11476.495
34,12464.074,3393.2092
34,4317.9917,6948.603
34,9916.175,14772.679
34,3525.622,8537.17
34,14352.039,15445.976
34,9108.369,570.3944
34,18960.654,0.0
34,9870.156,19323.291
34,3633.6655,15112.042
34,0.0,4148.1226
34,10043.544,4510.552
34,15438.281,2962.0813
34,7384.177,15933.77
34,3905.1807,3117.9795
34,14636.544,3550.816
34,3687.9238,3413.1123
34,7158.302,12063.382
34,4793.3984,2965.2727
34,9651.698,5854.691
34,10621.473,12285.271
34,4849.491,4684.27
34,8006.2656,15178.846
34,8081.514,16025.677
34,9447.902,19208.773
34,15248.034,15283.06
34,7846.188,17149.79
34,11441.173,15556.444
34,5889.162,8879.916
34,9948.074,5661.988
34,11913.558,14207.524
34,7799.6084,16492.223
34,16769.684,5354.317
34,12617.96,8263.26
34,8945.91,16156.121
34,16403.88,3805.4275
34,9548.945,13930.958
34,15041.758,3509.0408
34,6876.321,15438.249
34,13669.007,16551.355
34,4723.9517,4743.721
34,5447.435,7745.851
34,11873.554,14829.192
34,9723.642,17527.764
34,13751.183,6445.6245
34,15328.948,16462.63
34,9866.861,3913.833
34,5544.9053,4968.612
34,13165.853,11337.25
34,7502.887,15718.166
34,14775.107,8335.581
34,3717.9373,15472.18
34,8585.048,14770.964
34,9535.95,3230.4597
34,12598.337,3985.007
34,15785.252,9450.432
34,12224.85,2641.002
34,13111.87,5366.51
34,6832.17,7349.99
34,9981.375,12202.033
34,8779.146,16782.352
34,7350.775,12875.663
34,6492.2837,13152.766
34,10487.667,9664.339
34,13165.235,3697.4316
34,7834.5713,2323.926
34,7191.926,15545.607
34,9507.697,16228.918
34,15429.3955,7080.1865
34,11494.859,14265.898
34,15483.151,3677.238
34,16978.633,4109.026
34,12771.047,6298.379
34,13314.307,4127.767
34,9442.174,13248.588
34,10610.611,15575.067
34,13225.197,3228.563
34,4735.637,7531.543
34,4004.5085,3815.227
34,6180.6987,5256.7935
34,14172.379,5667.1284
34,12460.305,14375.133
34,11242.164,13736.189
34,6527.958,1221.2067
34,18709.389,15314.832
34,3558.8684,8105.647
34,15780.071,4776.911
34,20000.0,3968.952
34,7890.4033,8668.033
34,5065.444,5263.341
34,9713.532,6040.597
34,8663.174,17430.885
34,10882.886,14340.393
34,8485.812,13852.688
34,15054.778,2405.7102
34,11702.517,14136.672
34,12938.538,13858.582
34,3290.5369,7149.919
34,8689.013,18767.584
34,14175.814,4634.5947
34,10431.215,16556.553
34,6945.604,13943.821
34,4002.3682,7784.5566
34,5907.529,2906.8503
34,5207.59,4875.629
34,12160.095,5423.4443
34,11411.344,5200.1255
34,9052.361,4492.509
34,4783.052,6063.102
34,7900.958,17797.791
34,4773.9404,14972.452
34,7900.7383,13516.654
34,10742.973,15699.816
34,8974.512,10948.509
34,5505.756,10334.101
34,11364.075,2019.5774
34,11970.584,17149.068
34,10353.716,4623.7217
34,5291.2764,3281.024
34,6933.882,4541.2915
34,3364.388,3601.5078
34,15198.113,3532.8694
34,8991.695,14951.208
34,13821.2705,2776.563
34,13819.387,8560.974
34,3119.4658,6894.351
34,10814.123,15277.249
34,6305.8774,16459.97
34,6078.563,4961.678
34,11109.239,15589.34
34,9548.9,15415.338
34,17029.238,4241.9604
34,7120.923,14184.614
34,5168.604,16866.076
34,10771.29,10556.49
34,8447.875,16886.13
34,14719.021,7241.9517
34,14116.71,5780.3174
34,13157.466,13975.144
34,8651.21,13651.627
34,12716.485,15762.852
34,17399.229,1213.2467
34,11498.87,15104.426
34,13792.617,14811.973
34,12637.871,16644.113
34,8606.922,12172.458
34,14766.165,7258.824
34,18960.37,14419.394
34,13117.142,16658.455
34,12798.027,15800.9795
34,7210.0693,2806.7437
34,9849.966,12505.643
34,6025.795,6553.865
34,15715.405,13949.56
34,13884.206,5691.795
34,9801.212,18065.543
34,9388.272,15199.611
34,14426.88,6414.8457
34,10956.382,20000.0
34,11375.317,6110.96
34,7163.685,16006.898
34,11276.846,13131.58
34,7709.366,4255.9097
34,11205.883,14982.264
34,6272.612,15282.295
34,9965.727,4189.616
34,8428.879,12443.234
34,11693.097,17899.78
34,8282.776,5198.321
34,9997.845,18712.172
34,7753.706,15737.272
34,11913.087,11012.782
34,15693.523,5559.801
34,6081.5654,3796.8604
34,6360.675,5936.145
34,11635.715,1613.509
34,11521.506,15079.822
34,10853.218,14276.472
34,6555.7656,5603.6694
35,10000.0,10000.0
35,9853.641,4384.772
35,9370.79,4938.4126
35,8480.658,3617.5156
35,10879.054,15571.839
35,15464.975,3497.413
35,14741.762,15983.311
35,11765.199,16476.16
35,14260.229,7558.6025
35,12412.639,15137.069
35,7986.256,8748.374
35,16610.268,6988.5713
35,13352.101,5542.643
35,3625.3984,3728.2026
35,10439.931,12861.836
35,10648.977,4353.423
35,7028.1343,17321.918
35,13171.1045,3545.235
35,16671.512,6061.216
35,6506.596,15775.87
35,12402.402,17032.414
35,12357.248,3927.9202
35,4395.6377,4289.9717
35,11034.557,4263.691
35,2341.2222,5296.41
35,12598.835,13953.767
35,9464.112,15537.149
35,13379.74,5150.548
35,18589.12,5887.2266
35,12636.454,16936.617
35,7151.776,5697.4106
35,8539.028,12519.2705
35,8523.778,14339.343
35,15109.264,4017.7996
35,11659.642,14571.038
35,14744.836,0.0
35,12841.575,19221.68
35,13890.248,12717.068
35,6057.722,13111.238
35,11725.382,4516.8633
35,4803.1343,4725.5547
35,8038.867,15083.475
35,6735.257,6498.774
35,10389.521,3997.9407
35,16467.922,6082.9336
35,15263.232,12290.724
35,14769.618,7923.382
35,12796.454,14872.686
35,14604.631,15089.034
35,4536.9536,15879.005
35,15067.838,3313.9578
35,3192.2969,10865.009
35,6160.789,1352.0812
35,41.586163,3694.5732
35,5213.091,605.15314
35,10478.079,13964.073
35,9435.99,6384.5093
35,13335.284,5208.8286
35,6917.1436,11998.4375
35,5352.4224,15092.208
35,10514.819,5556.441
35,8337.918,12884.928
35,8719.603,14876.085
35,10606.039,13055.853
35,7011.026,15693.523
35,6030.2603,13081.3545
35,11351.839,5079.0093
35,8669.746,14372.561
35,11079.092,11789.923
35,9297.767,12434.691
35,3910.1252,1469.6088
35,12986.38,4984.831
35,9564.889,15340.972
35,7703.075,5890.9966
35,11124.395,12655.412
35,6561.41,6540.178
35,10489.587,13644.042
35,10394.239,14155.168
35,10750.608,2542.08
35,4306.7065,13491.038
35,8851.655,4711.0312
35,1301.8307,3442.4077
35,4673.3237,5938.645
35,6873.063,16324.257
35,12254.351,14666.786
35,12377.514,7103.9883
35,8870.202,8501.442
35,4659.3735,6795.5737
35,13523.412,14170.8955
35,8170.0825,14700.151
35,11691.172,14450.804
35,11182.336,13000.757
35,9967.3545,12276.498
35,8398.991,17751.3
35,9502.184,14948.255
35,3394.1338,5194.9624
35,5966.1714,13960.487
35,11089.024,3342.019
35,18583.152,5979.858
35,9113.451,14549.928
35,6493.634,5006.844
35,7833.755,416.57962
35,4632.5527,0.0
35,8245.468,12914.184
35,14389.929,5219.873
35,11817.194,3310.6348
35,11721.901,4086.7676
35,13395.227,4124.8223
35,11907.174,3145.795
35,11176.219,2056.1577
35,12821.878,6578.744
35,14489.8,9246.493
35,7146.8745,12501.953
35,1076.9357,2438.0715
35,18015.023,3966.671
35,8582.735,8184.0195
35,12108.276,15698.979
35,8451.469,4450.529
35,8107.805,6137.1055
35,8663.002,3982.7908
35,11533.855,7375.395
35,14046.8,2037.2908
35,8773.324,15774.831
35,7327.8545,6280.2344
35,9156.074,1923.7009
35,14419.996,16006.619
35,13396.947,11229.537
35,3049.8337,5598.0522
35,8504.401,7774.5796
35,3424.0723,4330.8135
35,6380.06,15597.013
35,7307.9155,11572.875
35,7297.2754,13476.66
35,8874.646,2885.7815
35,5845.837,15791.076
35,6242.615,14855.659
35,6219.319,3849.4346
35,10408.122,14369.942
35,12365.264,6139.947
35,5717.1665,3183.6934
35,15100.352,7578.0127
35,12404.157,6462.654
35,17226.982,17381.354
35,8147.719,3732.6545
35,6350.5615,2919.343
35,6076.3213,14560.074
35,8486.074,16415.715
35,13435.596,5819.327
35,9025.005,7769.8
35,17063.402,909.6791
35,7615.3667,4115.8994
35,16230.078,1885.0411
35,5889.941,17143.248
35,1880.2063,582.1887
35,7393.6313,11725.415
35,7985.5073,12474.523
35,11307.74,15808.3
35,10550.59,11363.868
35,10905.162,2276.7544
35,10742.169,14465.023
35,9021.735,13277.357
35,11281.77,13454.729
35,11672.853,7829.1807
35,3939.4055,4278.68
35,11959.926,18539.926
35,11931.35,1045.6688
35,6854.5015,6622.471
35,15945.861,7082.9014
35,7550.4307,15596.291
35,4994.292,5164.8535
35,12429.929,5126.9243
35,1866.0696,337.10388
35,6453.934,16019.1875
35,9179.189,10776.086
35,16222.581,6980.274
35,12993.04,6092.001
35,10605.824,7066.9497
35,12380.096,8998.057
35,14325.096,8586.241
35,1008.345,2984.6252
35,9746.257,17867.197
35,5209.252,14930.858
35,10020.304,13911.899
35,0.0,5636.023
35,9755.87,16599.826
35,13704.902,7229.4917
35,8679.274,8168.281
35,8418.039,15397.635
35,9214.013,3112.5466
35,12182.278,15684.461
35,11638.112,10935.361
35,3874.4287,5760.3745
35,7964.411,16157.0205
35,9478.285,16149.914
35,6822.891,14863.418
35,14456.976,7032.187
35,9162.986,17068.754
35,15752.711,8993.696
35,7220.0938,3872.1636
35,10734.564,5255.8525
35,14394.136,2931.0208
35,10173.477,15794.506
35,8812.121,15051.087
35,10110.858,16172.378
35,11905.278,12484.134
35,11323.906,2757.3267
35,14443.784,15841.636
35,13260.374,6992.1436
35,11894.3125,10468.137
35,12924.766,5426.206
35,5419.651,15405.837
35,7040.446,4777.2754
35,14896.624,10756.027
35,5809.183,16822.273
35,15231.942,6673.368
35,14617.393,17998.494
35,9188.045,5478.385
35,4917.3643,3675.0642
35,12545.779,6644.137
35,8963.462,12143.777
36,10000.0,10000.0
36,11324.596,8909.861
36,16950.625,3747.2737
36,10761.052,13795.967
36,15045.674,11882.938
36,15682.677,8563.31
36,15797.189,5429.0723
36,10457.423,17162.047
36,6085.6357,7695.8755
36,14561.354,15474.734
36,18060.463,4126.217
36,10580.784,18271.82
36,8441.542,5058.637
36,10257.086,16126.327
36,5232.1123,13142.505
36,15659.456,5473.425
36,4245.2144,14050.614
36,7291.1494,15254.854
36,4836.867,14924.298
36,6295.5923,14593.354
36,13166.5625,13061.954
36,9863.91,7872.9985
36,1971.8042,6953.1562
36,8169.1143,6366.7417
36,9099.956,2225.716
36,11065.79,14409.113
36,9970.082,14636.793
36,15134.779,7966.8545
36,12986.268,15053.994
36,7830.5537,18948.443
36,11650.177,13921.776
36,10068.896,3407.048
36,7467.983,11935.316
36,14540.562,16492.11
36,15587.004,5059.4155
36,10012.023,17831.371
36,4236.4443,15021.897
36,10827.254,11889.706
36,13743.771,12118.058
36,8505.279,13582.127
36,7215.157,5614.4404
36,6331.0312,3024.1445
36,11256.244,14216.145
36,14205.76,3400.283
36,10867.13,13771.677
36,4981.787,8408.048
36,11750.7,12000.523
36,15842.254,2857.8286
36,9253.909,14820.294
36,9613.1455,15839.134
36,12322.72,6882.084
36,10131.745,18769.664
36,6569.882,3524.0242
36,15094.948,16977.596
36,6359.4165,12510.075
36,6881.7627,7263.458
36,9841.324,3917.0667
36,7209.812,17326.947
36,13220.531,14020.252
36,11971.525,16908.518
36,13595.856,18745.75
36,14916.401,14903.06
36,7432.8115,3192.0098
36,8259.879,5449.06
36,12104.364,1655.0354
36,9771.0625,16031.369
36,10248.073,1984.2197
36,8814.192,13836.276
36,7646.6206,4544.7515
36,10682.898,14375.3955
36,16415.445,2409.9924
36,6233.3687,15634.529
36,6369.5913,5186.789
36,6473.1787,14948.482
36,6747.6846,15704.712
36,12592.032,4588.203
36,8735.568,16791.518
36,17046.822,13046.206
36,10692.8,16039.395
36,10014.355,12432.482
36,5828.268,13360.087
36,16557.99,1956.21
36,9292.113,8243.874
36,8424.45,15287.496
36,11626.772,13649.392
36,1106.8308,3832.5964
36,12816.962,16981.191
36,9654.374,14462.833
36,13401.237,5423.946
36,10610.608,3578.357
36,7924.37,13991.744
36,15685.122,3250.2847
36,4822.865,12823.412
36,9088.558,6024.9995
36,11041.638,14520.814
36,15906.166,6157.7227
36,16593.67,7228.8066
36,11861.849,13869.794
36,9017.017,14217.346
36,5967.4736,7618.606
36,12979.04,5435.4424
36,12487.587,18526.145
36,6302.8315,3523.825
36,8937.766,13513.029
36,6219.287,11925.316
36,8185.9604,357.87888
36,7152.471,14686.021
36,11494.342,16861.043
36,8395.307,16246.486
36,7632.0347,5826.2354
36,15904.36,4405.933
36,9450.278,9464.225
36,8017.7607,16052.771
36,5923.967,2634.9614
36,8951.111,6025.6484
36,9639.572,11807.968
36,17757.941,4030.5146
36,12180.473,14593.181
36,12242.204,5625.9683
36,10463.992,5074.1475
36,8519.683,4585.769
36,13122.538,15607.287
36,6078.2007,13087.891
36,13599.534,12815.04
36,16254.079,4344.053
36,7235.3486,2360.8953
36,15911.839,6054.7793
36,11121.9375,5863.2456
36,8319.713,15670.5625
36,7172.519,17744.94
36,12354.997,2970.76
36,10769.081,15441.0625
36,10602.249,2598.7498
36,9511.76,3003.026
36,6894.9175,6595.645
36,14794.37,5741.375
36,20000.0,5049.885
36,6916.917,14365.14
36,9911.1875,15652.692
36,13231.054,17815.65
36,7820.1807,14558.666
36,11255.909,6842.5425
36,2565.6707,2202.9775
36,11320.672,3874.7437
36,15180.566,16861.166
36,11633.6,13711.195
36,14423.727,13019.685
36,13062.751,2801.4146
36,5825.064,7850.795
36,12426.189,3895.3281
36,10085.384,4453.639
36,3996.8552,5009.572
36,10470.698,5099.5034
36,9227.052,18478.809
36,5780.8135,15871.921
36,13930.513,17295.562
36,14543.271,11297.085
36,7310.5195,12736.239
36,12662.404,4150.36
36,15024.628,15022.385
36,15709.873,4527.5767
36,5446.286,17937.809
36,10105.478,4274.4453
36,4558.065,19089.889
36,5846.0713,13969.953
36,15376.539,3814.6667
36,10430.953,10735.008
36,12996.19,1032.3079
36,15104.052,2693.3914
36,13028.22,15272.76
36,10877.004,12754.949
36,6652.7925,8058.0986
36,7804.5127,5974.025
36,8745.265,13644.922
36,11966.02,5586.228
36,12908.127,16539.434
36,5847.03,5072.1284
36,18377.488,2220.1377
36,10531.019,15284.968
36,11670.324,14995.176
36,11467.962,14214.624
36,3711.2878,6298.778
36,14045.346,1127.0872
36,10470.726,14856.1455
36,14892.884,19119.746
36,12465.385,6660.238
36,6241.9536,15393.129
36,5052.0454,6724.2036
36,11441.92,5148.044
36,0.0,5831.324
36,14142.807,2860.3594
36,9960.898,3922.136
37,10000.0,10000.0
37,6457.2676,4224.3213
37,559.673,5537.0244
37,13905.92,10102.342
37,10653.222,14530.918
37,10519.28,14085.273
37,16238.029,4292.305
37,10012.498,5263.697
37,10686.784,9021.835
37,7424.9453,5302.595
37,3994.216,11130.841
37,7320.7026,17551.361
37,6812.75,2315.871
37,16356.959,12798.504
37,12923.258,14622.388
37,15469.093,6500.9507
37,10766.871,13463.184
37,7403.498,15269.511
37,7087.956,13307.97
37,13764.802,15483.891
37,12226.558,13699.431
37,9462.595,6017.428
37,12491.275,2727.8074
37,12654.677,3857.9167
37,7205.9043,17725.855
37,2291.6633,4565.716
37,10420.329,17595.807
37,11547.362,14610.73
37,16607.268,1274.8767
37,15126.394,15208.464
37,13154.976,17780.066
37,6086.559,7026.462
37,1961.0685,5570.5317
37,9246.857,11362.928
37,7797.473,12725.707
37,7177.392,16466.928
37,9149.606,13177.819
37,8967.026,14403.076
37,7662.8706,14398.1
37,3434.2932,4246.5713
37,9976.349,15411.234
37,6265.7554,3085.379
37,9166.398,7581.3066
37,11745.664,7754.212
37,8208.302,3286.8843
37,7445.9097,4586.89
37,11906.58,18262.865
37,5700.397,10876.41
37,4772.298,6228.8394
37,12147.275,5698.814
37,10437.989,13759.169
37,10605.858,16717.355
37,7079.075,11208.745
37,12343.919,15852.147
37,4201.1206,3297.0806
37,9190.862,11999.195
37,10919.667,3445.2024
37,9484.513,15293.434
37,10499.595,13590.005
37,7956.962,14870.093
37,3443.8472,14919.952
37,10500.754,10112.752
37,7540.563,16675.871
37,12884.541,18400.18
37,5244.035,5110.222
37,3691.5442,1890.2362
37,15929.648,5038.085
37,12546.8,6799.703
37,8366.153,6872.9214
37,13000.516,2579.522
37,1898.5333,0.0
37,14963.264,6712.5845
37,14837.099,12023.427
37,12758.522,11721.648
37,15584.232,6259.4424
37,12055.381,12224.951
37,12282.354,13889.6
37,7481.2207,16558.016
37,13801.199,14156.821
37,15258.874,16596.568
37,10716.053,5736.404
37,13614.261,16148.994
37,13532.59,6286.336
37,8571.703,5350.376
37,13914.367,15599.897
37,10155.544,17722.621
37,2814.0046,6926.5767
37,16153.125,5778.5405
37,5232.046,3394.0483
37,15409.865,5381.804
37,15940.014,2182.943
37,6054.12,7242.32
37,13673.096,12580.565
37,8339.318,15413.711
37,9144.164,3557.7278
37,13480.393,16868.256
37,6738.819,11522.47
37,9168.773,17420.15
37,10859.135,15833.312
37,8293.331,14187.702
37,11740.962,16605.225
37,11869.467,8188.5923
37,10874.817,6759.02
37,6590.6763,3879.482
37,11635.467,15258.408
37,10778.722,16531.523
37,12992.14,15427.217
37,5941.523,7435.0737
37,10998.802,4732.8115
37,14582.584,10068.84
37,9926.808,11937.78
37,17147.072,7290.5146
37,5903.093,4481.7173
37,19473.135,6226.067
37,10262.336,11915.854
37,6371.871,15641.783
37,18884.912,2841.319
37,8904.792,13132.717
37,8962.011,11598.6
37,5272.804,13533.007
37,16195.859,1400.691
37,8616.604,13370.976
37,12029.999,9289.558
37,6920.2334,11045.559
37,10299.442,12673.175
37,16958.037,7907.5767
37,4280.648,3722.959
37,15280.342,2982.9558
37,4525.449,13832.83
37,6244.9487,3773.6946
37,7031.4253,15956.71
37,15329.305,16984.344
37,8757.567,13447.389
37,2250.629,2960.9294
37,13094.038,2578.214
37,5045.59,7419.173
37,4425.7524,3708.2705
37,13636.178,13127.335
37,7399.15,5552.116
37,8710.561,13924.202
37,9532.84,13412.764
37,11903.428,14049.908
37,9302.742,13552.171
37,11433.385,4168.616
37,8464.585,14104.596
37,13102.754,13972.516
37,6514.256,13534.699
37,9818.113,1364.0476
37,11809.983,15291.924
37,7328.558,8681.966
37,14785.856,8012.031
37,9563.797,11718.871
37,13391.309,13255.099
37,17016.281,7006.643
37,8900.26,17487.953
37,5895.1914,10398.583
37,12685.275,18892.23
37,5503.5986,6205.3516
37,6615.669,13627.721
37,9761.651,3687.861
37,14622.627,15008.343
37,4011.8047,3190.326
37,8748.8125,6427.8413
37,8205.595,17256.531
37,9305.961,4419.0405
37,6341.367,4574.697
37,8057.815,13303.293
37,14046.871,7026.817
37,11752.59,6281.133
37,7986.19,13577.444
37,9291.984,13053.362
37,8365.24,14072.648
37,9521.707,16230.899
37,16413.531,7567.4233
37,11042.492,17942.037
37,4770.1123,6691.832
37,13287.411,5819.454
37,12363.43,18934.244
37,17454.44,5956.103
37,10424.54,15536.868
37,7744.3237,16744.219
37,2252.0444,0.0
37,11174.833,14644.2295
37,10549.654,15346.925
37,8241.345,15185.453
37,14064.167,6174.501
37,15249.6,6736.228
37,6033.9507,16919.105
37,3898.7136,4290.8384
37,8471.631,12649.053
37,15320.905,5282.669
37,14380.174,15480.891
37,10732.028,12070.434
37,7681.3203,19273.812
37,10792.826,16720.01
37,15145.003,886.58295
37,6104.79,5824.5337
37,6269.743,5705.1978
37,6994.87,2077.6304
37,6136.041,2824.2026
38,10000.0,10000.0
38,13176.421,8972.022
38,9971.709,14554.485
38,13777.843,4655.6714
38,11290.22,7288.4976
38,14102.757,14431.767
38,12663.72,5111.7266
38,11382.152,7566.713
38,2867.3342,696.60535
38,6436.472,12047.277
38,11150.665,17605.164
38,8255.0,17858.242
38,11552.259,11170.277
38,13759.628,15296.24
38,10147.6,14722.256
38,12229.723,8589.449
38,7549.647,15690.821
38,10832.436,19092.229
38,7236.21,6739.592
38,7496.9155,2654.6692
38,14542.69,12869.662
38,8624.013,12667.526
38,9142.826,4995.532
38,13487.76,10349.125
38,5426.788,13769.434
38,6299.1367,5090.827
38,17685.912,5423.614
38,10473.457,6542.709
38,14715.851,5687.833
38,5206.6265,3222.4067
38,9371.172,3563.12
38,10485.784,12129.728
38,9440.609,4664.7363
38,9923.3,3756.4795
38,9441.237,11705.806
38,18147.299,2809.1445
38,4194.475,14030.854
38,10705.476,6207.5366
38,8701.316,17395.238
38,17652.123,6606.8022
38,14700.961,3757.8184
38,6796.54,8377.754
38,6703.3374,13446.356
38,8444.087,13994.8955
38,16717.766,13909.65
38,12576.273,1320.1079
38,13557.255,14276.305
38,13269.176,12726.627
38,7296.5747,12013.673
38,19511.814,3915.5925
38,11617.169,13972.741
38,12656.777,14840.289
38,10285.933,13735.344
38,17537.656,10091.659
38,16599.205,16550.39
38,12399.772,14282.51
38,15498.665,1573.55
38,7789.3135,8132.6836
38,11817.057,10638.966
38,8495.339,17801.105
38,13432.112,12746.783
38,5297.955,7224.746
38,11598.692,2646.013
38,14686.132,15561.462
38,10271.724,5268.8823
38,10941.941,17610.25
38,12064.62,4487.1045
38,7339.3,12674.994
38,6269.271,12878.52
38,4268.4307,4290.4805
38,10409.694,11803.511
38,11215.385,2875.2993
38,13575.85,2501.8125
38,12984.113,16771.27
38,16070.267,4599.61
38,6351.7236,12952.608
38,13034.348,5571.0103
38,16855.916,17600.309
38,10557.612,13375.581
38,7750.269,14284.93
38,10828.888,4549.888
38,7938.8496,4395.0146
38,14523.293,12827.995
38,4386.118,5839.598
38,12597.711,12821.595
38,9856.214,16233.665
38,5938.8174,17562.398
38,10525.307,11835.502
38,12471.58,13656.538
38,12490.754,15610.295
38,6644.649,7482.4346
38,8252.479,13298.29
38,7191.9785,13687.401
38,16614.748,6338.186
38,8286.4,1910.791
38,11146.975,6909.079
38,11826.18,15639.404
38,9619.109,15668.585
38,10134.122,15786.084
38,11495.693,12288.965
38,10861.94,5042.738
38,8768.259,10318.572
38,4198.926,13018.222
38,5146.9043,2016.8903
38,5103.155,12173.9375
38,11322.11,4053.1729
38,6439.009,4164.4087
38,11133.8955,13568.446
38,7112.055,2663.6772
38,7651.079,11314.831
38,14068.81,3200.4045
38,17374.445,4412.908
38,10986.038,3414.9253
38,15367.273,2149.7175
38,11712.487,3883.4429
38,14691.268,2992.9937
38,2789.431,7735.2837
38,14047.15,11175.055
38,5560.7886,4813.3706
38,6267.8203,12424.551
38,9545.781,17943.96
38,5636.622,17118.418
38,9493.042,16964.465
38,6325.622,2789.909
38,9084.911,16109.766
38,10259.033,14756.052
38,11335.934,9359.602
38,11612.902,10695.936
38,14519.487,15185.524
38,11928.859,16655.398
38,10619.938,13187.537
38,15133.121,9642.812
38,11143.2,15481.662
38,9096.283,4800.093
38,13255.063,3403.5706
38,5648.1855,2909.2498
38,10560.245,15694.918
38,4367.7036,3904.3513
38,9212.347,17174.625
38,10622.224,17525.373
38,8079.268,13312.003
38,9415.573,12652.364
38,6200.7466,12710.283
38,4887.2876,4993.773
38,9376.014,13557.913
38,2356.614,4882.492
38,8543.349,14451.237
38,11516.784,15202.354
38,12788.609,0.0
38,5193.4067,16467.137
38,11764.297,2354.2173
38,16259.734,1167.1896
38,14303.482,17054.836
38,3439.3904,4171.54
38,14535.046,5719.94
38,9653.426,5537.6934
38,7744.4062,12384.431
38,12632.67,12977.504
38,15868.537,3801.3638
38,8409.686,3640.483
38,9181.874,14049.608
38,10445.277,14273.714
38,7333.519,7598.6294
38,5195.838,4760.682
38,12781.883,4364.179
38,20000.0,2395.3884
38,8313.774,19110.96
38,5046.5615,12372.302
38,10212.729,4468.129
38,7615.8394,14250.613
38,14885.643,11866.264
38,10192.045,15280.543
38,8275.078,13452.482
38,6022.107,15084.275
38,17141.371,4420.532
38,11158.455,11823.55
38,7087.918,3975.3796
38,11544.675,3283.6558
38,10385.117,15621.585
38,5762.687,12578.866
38,5276.2603,13761.116
38,13340.73,7730.0254
38,4857.4385,6683.2803
38,14559.732,1196.8256
38,9223.598,15240.877
38,9192.132,11968.492
38,15234.953,4461.3315
38,13442.886,11130.633
38,11471.366,13554.764
38,13208.954,7335.515
38,11215.72,12701.887
38,785.7374,5863.1475
38,7038.912,17477.697
38,9381.52,15936.868
38,10223.764,3565.7065
38,12069.574,12318.8125
38,6304.764,16068.366
38,13540.137,12783.791
38,5878.2124,7607.645
38,5800.771,18426.633
38,14374.718,3995.3337
38,9440.416,4526.179
38,10403.739,14511.721
38,9118.833,14772.481
38,7162.1074,8180.139
38,17474.217,2336.6836
38,7724.514,13136.426
38,5542.379,13942.485
38,10294.111,16161.511
38,9916.147,5212.423
39,10000.0,10000.0
39,15037.077,4634.5513
39,3463.584,5036.3745
39,15196.292,6870.483
39,2247.157,5789.0977
39,8292.262,14504.171
39,5524.2856,13816.829
39,4843.042,6109.2993
39,6922.8184,16496.46
39,9353.01,15438.666
39,10576.608,15469.138
39,3859.4126,5940.483
39,7833.4673,5657.3784
39,8497.938,11994.904
39,17374.107,6152.1626
39,10545.347,4630.391
39,965.94904,4596.9336
39,14573.8,7695.5283
39,8909.516,15195.249
39,1405.1615,4512.887
39,7640.5796,15022.291
39,3977.997,2591.448
39,10069.455,14635.106
39,9893.9375,14835.834
39,10648.677,13584.462
39,7596.126,6053.848
39,4711.101,4827.0757
39,12850.69,5368.27
39,10348.212,14313.86
39,7403.583,12983.455
39,8426.956,3723.5413
39,12042.293,2681.4001
39,14577.014,3139.0686
39,5229.792,1821.4957
39,11987.835,14732.617
39,13882.658,14982.274
39,13115.371,1837.3392
39,8552.474,5611.9854
39,7053.164,7893.198
39,2656.8303,6938.938
39,9817.518,1921.4567
39,6004.4404,14744.59
39,17201.78,5211.204
39,13482.893,11994.526
39,9666.652,3144.8638
39,13884.061,2581.7144
39,8697.461,15150.551
39,4898.676,7183.7817
39,10753.614,17522.256
39,14478.959,5400.1655
39,4819.9897,5026.6973
39,10972.348,5163.3364
39,11173.069,5611.9277
39,5091.2656,7293.2495
39,7790.8086,5712.2603
39,13600.683,2169.069
39,10509.207,15156.658
39,8088.2915,4534.71
39,17775.436,4803.9863
39,7390.878,13998.862
39,15012.4,7555.6387
39,8622.284,17825.805
39,12109.302,15183.566
39,7773.611,14253.708
39,5739.3193,3118.6167
39,11386.121,13320.435
39,6894.402,3890.3542
39,13335.479,7420.4136
39,12188.733,13283.785
39,7506.886,13743.541
39,8629.451,5846.241
39,8846.988,4554.839
39,8349.789,13969.315
39,11358.366,16256.779
39,12406.3545,8784.529
39,10807.969,3274.9958
39,7323.911,5153.226
39,11916.99,15279.722
39,13668.099,13183.419
39,6844.9414,13763.649
39,6011.7485,6526.349
39,17771.248,16168.79
39,9271.267,3902.3813
39,9793.548,17128.773
39,9039.77,9374.584
39,5265.0063,17453.898
39,9293.61,17160.592
39,12684.386,3219.6748
39,8754.503,14965.02
39,4369.2764,13781.772
39,11500.517,4839.3896
39,6753.89,5169.486
39,4631.914,17745.95
39,6838.799,16851.799
39,14726.557,8871.284
39,6162.403,10033.236
39,7937.48,14067.064
39,4359.33,7307.959
39,10183.459,2701.4175
39,12400.632,2482.2441
39,12800.048,16497.979
39,17968.773,4560.624
39,12604.619,17861.324
39,4910.75,4315.174
39,9499.592,16183.83
39,13326.502,5475.75
39,9550.999,20000.0
39,5110.3804,5106.4307
39,12920.648,13350.739
39,10933.2295,5909.279
39,9540.864,12467.737
39,16102.35,13156.274
39,14367.054,17948.951
39,11920.398,17469.506
39,12156.454,13536.982
39,7034.6924,7193.149
39,7888.62,12396.275
39,2086.2388,5660.5244
39,12167.165,7467.7812
39,11316.406,14896.221
39,10389.155,11028.499
39,11552.539,14097.78
39,10346.292,5188.3384
39,8971.4795,16319.272
39,5999.849,15359.666
39,14736.149,7205.655
39,7512.049,4720.709
39,9198.391,15283.871
39,20000.0,5415.842
39,16319.021,6627.0757
39,12185.205,1430.1937
39,7343.8096,14305.56
39,11171.308,7320.041
39,10193.053,12984.986
39,7040.5845,4555.2314
39,6354.3853,3582.692
39,5508.0654,5911.2725
39,8749.012,12287.952
39,3529.3047,13940.133
39,15666.647,1958.0326
39,3861.1885,5866.9414
39,8789.798,15259.254
39,7035.44,2437.8044
39,7223.436,14848.201
39,9436.386,3892.265
39,13430.836,12631.134
39,3905.9539,16237.978
39,12938.523,11824.585
39,6245.409,14041.373
39,12854.697,6134.357
39,7251.333,17690.0
39,10618.162,6183.682
39,12782.576,18278.219
39,6020.204,6719.8735
39,9565.804,7543.651
39,7389.0483,1053.3175
39,8985.141,13419.254
39,10150.699,5759.1416
39,17796.373,3824.6873
39,12447.513,10126.123
39,6796.2,13443.762
39,5110.174,2513.5933
39,14584.647,11326.811
39,12354.108,12305.892
39,9629.649,7241.274
39,10328.434,3836.9001
39,9747.577,18174.973
39,7548.489,4763.964
39,4827.6777,2831.5396
39,12750.864,16640.293
39,5887.1147,14375.37
39,5598.96,8141.0522
39,11308.558,4301.413
39,8301.023,17025.566
39,11216.541,14938.592
39,5588.0513,4041.0051
39,10572.729,13194.353
39,0.0,3683.6492
39,11504.793,4684.885
39,7282.0884,16316.52
39,8080.177,15027.248
39,7017.559,3402.526
39,13478.7,16159.837
39,7997.5825,17542.0
39,8853.628,11831.817
39,10427.209,13067.49
39,7756.634,13027.019
39,9238.567,13847.3955
39,11553.139,3932.8098
39,20000.0,3186.7715
39,17602.44,4739.367
39,17618.262,6586.273
39,11891.769,14436.288
39,8445.84,3896.751
39,12935.82,6206.661
39,6528.662,12038.232
39,12286.619,12394.326
39,7423.9814,13912.238
39,4374.0757,6294.869
39,7557.532,4031.6438
39,7048.4253,16169.803
39,14430.545,12524.578
39,17705.83,1845.0018
39,8598.561,14367.633
40,10000.0,10000.0
40,12673.251,13268.159
40,4935.075,15786.028
40,7809.7485,11872.151
40,12732.463,8343.879
40,13514.1045,2721.0425
40,11388.531,15706.403
40,12655.771,4700.5454
40,3192.2686,7487.007
40,9874.977,1834.9653
40,12735.041,6070.123
40,17301.02,3447.2893
40,5621.858,14786.841
40,4866.9424,8224.954
40,10676.593,13486.229
40,13177.286,16261.358
40,7768.007,17339.691
40,7124.969,17170.68
40,2861.9517,5448.311
40,12628.955,14926.56
40,5429.5586,11198.5205
40,9482.966,13886.754
40,9161.1,12413.794
40,11521.344,12432.706
40,14505.819,6886.8667
40,5678.137,4209.9473
40,8826.096,1732.8939
40,6102.468,19113.727
40,3823.9585,5880.553
40,11102.202,5927.1343
40,9791.053,16215.452
40,12475.732,4422.3154
40,3290.2773,4671.233
40,17181.611,4569.15
40,9355.601,12645.707
40,10820.574,13072.821
40,9949.332,15084.922
40,6466.736,15435.808
40,8860.509,15298.543
40,9143.599,4548.4683
40,2675.5864,4816.2563
40,5112.5454,14344.339
40,14854.151,9544.347
40,12146.527,16047.067
40,9893.714,16695.18
40,13223.365,15625.198
40,4419.8325,3627.3062
40,7191.56,14155.29
40,8748.229,3170.1973
40,11580.157,6581.1733
40,11983.849,16168.036
40,13121.058,17824.945
40,11712.645,16047.695
40,10235.819,3482.8557
40,3923.9524,6622.95
40,13556.543,8027.0493
40,1194.4448,4635.4517
40,10480.979,12123.676
40,12490.329,16839.133
40,5716.967,14847.917
40,12284.2295,13954.63
40,10588.522,7785.679
40,10586.293,12902.385
40,8873.05,12265.248
40,8121.5244,5090.671
40,2850.236,7569.6104
40,0.0,3937.3616
40,11021.966,15054.374
40,9142.363,16103.998
40,15966.186,5745.371
40,6879.1084,4700.6523
40,8776.959,3011.7783
40,10174.096,15548.63
40,9367.571,14809.284
40,9032.283,14797.796
40,15351.424,4576.3833
40,1332.7692,14423.299
40,7105.7554,2555.4546
40,6965.5024,14282.273
40,7768.5713,4350.6426
40,16425.0,4634.683
40,8655.368,16278.186
40,14617.343,6176.9316
40,9052.458,16937.129
40,14193.168,10709.165
40,3402.8865,5765.7876
40,3426.2869,4675.014
40,9478.21,7832.2925
40,11326.874,13728.554
40,11259.599,13712.773
40,5523.9346,4479.402
40,10089.073,9471.781
40,7241.3467,17276.96
40,8596.139,12404.131
40,12939.361,12372.209
40,9967.76,14336.289
40,15211.488,13540.911
40,9939.273,10560.79
40,8607.459,11036.941
40,2661.8018,3051.9976
40,9754.833,5362.081
40,6904.9346,11111.001
40,7789.432,2361.7837
40,12415.948,13215.756
40,6262.537,11065.106
40,4216.3857,4688.9316
40,13888.3955,1601.311
40,15417.872,9214.331
40,13497.438,12557.051
40,8129.373,9392.37
40,9790.925,6384.362
40,18275.98,7463.999
40,15148.708,1774.5371
40,11347.752,17193.719
40,8391.925,14662.257
40,10988.068,13412.579
40,5070.155,9649.599
40,9503.734,3753.2637
40,12089.423,12568.295
40,12613.605,6475.759
40,11702.007,13006.525
40,14699.365,6466.9614
40,11734.191,9896.046
40,6622.5566,4853.2847
40,10296.297,14307.384
40,8589.765,15816.503
40,20000.0,7085.9663
40,7647.593,8895.17
40,8478.181,3334.0474
40,6527.501,12346.375
40,15720.208,7545.3623
40,2219.1548,6125.707
40,4215.333,8919.963
40,18892.459,7831.7905
40,12144.634,7522.833
40,10337.194,16932.455
40,10425.138,2729.1455
40,11556.578,15349.419
40,15428.32,3655.809
40,11485.489,13847.519
40,12952.967,4677.3335
40,9508.892,8943.16
40,2878.1309,3623.0308
40,10820.009,15790.879
40,14282.376,14458.295
40,13441.378,3314.3044
40,13097.772,16686.465
40,14713.281,13927.387
40,20000.0,2291.2705
40,12289.872,17439.484
40,11835.788,6590.9126
40,6882.006,13827.127
40,11099.2295,1419.0345
40,11531.893,15675.95
40,12206.999,14294.424
40,5326.004,8728.979
40,7147.757,15020.793
40,11123.739,6614.406
40,12056.953,14505.514
40,16889.434,10451.801
40,7776.1436,12783.821
40,8820.547,13757.179
40,6136.004,13305.024
40,12065.669,16244.036
40,6310.9478,16081.818
40,11171.4,14844.243
40,8217.922,11654.739
40,6655.23,17060.404
40,4096.027,3399.713
40,16695.18,1732.0682
40,15646.0,2527.0276
40,13742.784,15228.477
40,8445.607,16927.336
40,13878.903,19093.588
40,12085.159,6288.8955
40,11631.8545,14978.151
40,3359.5007,13382.47
40,7628.508,4576.0376
40,11633.591,12021.354
40,10721.176,17458.314
40,7587.8447,13392.924
40,9280.886,4510.874
40,8932.715,4255.411
40,3861.1565,5875.627
40,3561.9539,8302.167
40,4176.224,3708.8179
40,8345.018,19414.896
40,5229.4146,7478.8545
40,14033.603,13007.45
40,4743.6646,15200.411
40,13177.806,6611.61
40,5028.079,16073.753
40,12914.3545,5705.9287
40,11096.191,4460.8022
40,10633.443,13616.793
40,11410.461,13772.908
40,9379.986,5507.845
40,4255.762,7046.3213
40,8957.297,17500.31
40,10973.834,3621.4087
40,11109.021,15976.819
40,5927.2114,10538.798
40,15432.909,6255.198
40,14869.488,8670.083
40,1495.6852,5881.2515
40,6173.021,11265.128
40,13589.432,6954.46
40,12308.642,16642.89
40,10304.772,8818.06
40,10560.626,3824.969
40,9826.939,14595.195
40,13479.942,4557.4077
40,4520.0,914.6741
40,12823.58,6944.5527
40,8788.731,15101.419
40,9244.746,3267.7705
40,11618.43,14160.849
40,4602.698,2659.9058
40,12972.688,3791.2188
40,10581.908,3767.9763
40,6496.5684,16183.047
40,12685.633,3984.5676
40,13952.699,11611.153
40,12466.077,17590.303
40,9301.61,15064.593
40,11366.053,14372.796
40,9288.051,5080.19
40,4692.7314,14434.107
41,10000.0,10000.0
41,4245.4375,14935.764
41,9255.577,13721.505
41,12586.425,7674.074
41,7586.834,13819.454
41,16136.104,3215.4314
41,9038.71,5427.1523
41,14557.573,4063.3694
41,13951.621,11970.514
41,8314.653,10265.914
41,11543.703,13467.852
41,12927.142,15128.474
41,12598.998,16200.938
41,9794.516,13915.272
41,8088.4214,6163.648
41,16555.672,9053.978
41,7429.8574,14758.222
41,8400.457,12854.121
41,6359.3164,5863.2104
41,11867.692,14946.255
41,9116.162,2885.8828
41,7094.2827,13661.7705
41,12409.164,2290.645
41,13861.191,14806.795
41,13056.059,5643.056
41,5249.7183,13894.737
41,16721.223,0.0
41,12170.865,7186.1196
41,12220.756,13790.196
41,11021.383,18928.543
41,10561.953,16186.333
41,10225.694,17486.086
41,11345.18,15533.728
41,8678.43,13793.203
41,4726.2617,307.53503
41,10583.6045,12673.616
41,14023.923,6134.5522
41,4505.3765,4006.7302
41,7528.777,12844.28
41,14512.248,6461.719
41,4345.479,6529.669
41,11425.069,5296.127
41,17603.49,905.4294
41,8887.057,6058.987
41,12437.18,12791.304
41,7386.931,16055.257
41,12232.709,15263.642
41,13185.422,17435.107
41,7268.1577,6955.1074
41,8232.656,17406.115
41,3495.654,6747.3354
41,12116.53,6774.256
41,19100.736,4836.609
41,9568.427,15711.493
41,12772.94,4060.0344
41,1112.9043,6217.973
41,18860.004,5830.3647
41,10340.422,14117.427
41,9637.329,12142.62
41,6926.995,2639.7742
41,6456.835,4385.5347
41,12673.003,13844.947
41,8699.738,7739.351
41,9151.071,16095.388
41,11730.5625,17704.07
41,15951.735,15392.02
41,17848.469,5653.264
41,8407.431,3514.457
41,14709.489,1149.8602
41,6607.9136,13830.986
41,10689.011,14957.06
41,16221.854,2171.626
41,12889.16,4501.467
41,11092.33,12439.862
41,10310.254,16086.0
41,4538.7173,6256.9165
41,10632.584,14420.342
41,10355.997,11742.12
41,16120.361,3299.6453
41,16049.836,7763.3296
41,645.3753,6829.6343
41,12874.287,2757.3853
41,4203.7896,4268.234
41,6043.727,16779.285
41,7368.198,15344.084
41,8927.484,14687.858
41,4087.5925,5822.3354
41,6948.1123,13364.721
41,11407.45,3930.38
41,7926.0146,15342.614
41,17270.203,11975.008
41,9480.867,5402.959
41,7946.187,14720.195
41,13279.864,4018.7434
41,8376.856,19462.393
41,12342.47,5191.4873
41,6593.527,5153.937
41,15830.749,4607.43
41,9089.484,13903.523
41,4539.1006,3495.4417
41,6153.1167,754.0787
41,11800.326,15169.939
41,9589.511,7830.2153
41,9057.707,5032.3022
41,12007.924,16244.231
41,6226.0605,5283.3833
41,13107.375,9058.923
41,5087.6123,11854.745
41,7533.8516,13500.136
41,8673.006,14355.748
41,11087.467,2379.3826
41,3011.9028,5435.8145
41,11839.376,15459.15
41,7920.801,5725.5205
41,6095.8755,6291.4976
41,3942.7422,2766.5154
41,4181.735,5826.6533
41,13108.329,12596.328
41,9833.795,16091.788
41,13395.221,5745.333
41,10747.189,5326.8057
41,10447.723,2656.8862
41,14841.1,15390.557
41,15470.735,3421.8625
41,8739.928,16628.598
41,13078.215,9151.852
41,8913.169,12449.405
41,6660.1934,14286.122
41,14746.556,4696.7275
41,11234.015,2659.5208
41,16162.117,5277.9
41,10609.573,14017.747
41,3441.5427,6239.2
41,1794.2146,5061.5996
41,9572.74,17809.352
41,13229.971,8946.437
41,12101.29,5053.549
41,6581.692,12424.751
41,11173.768,7203.341
41,14117.186,3459.3306
41,11978.408,3161.1875
41,6827.5054,15881.409
41,12643.623,13939.752
41,3805.8801,7385.799
41,5320.3174,3016.1453
41,12425.995,14675.327
41,15400.6,14764.236
41,10151.573,17278.48
41,19951.867,7288.6846
41,9898.801,16391.166
41,12148.034,10688.99
41,16786.635,15107.604
41,14400.343,15602.283
41,13768.543,6424.169
41,9196.077,12822.405
41,9165.152,15267.709
41,16993.535,7326.462
41,13886.95,15469.51
41,11279.398,7993.4697
41,5461.8276,18224.7
41,9702.003,17033.104
41,12809.111,3672.0989
41,10543.552,8764.389
41,10816.506,3302.7217
41,11645.9795,13004.471
41,8693.619,14146.176
41,9024.405,15296.395
41,13031.2705,2905.2493
41,6132.642,17093.908
41,14367.226,16942.867
41,8801.474,2823.3704
41,4853.085,1355.3494
41,2705.925,18142.113
41,13547.451,16151.541
41,2344.6248,7750.4785
41,13031.028,5072.3203
41,12818.047,14079.518
41,13618.594,7113.973
41,9847.6045,12442.104
41,10686.349,3976.85
41,8183.543,5625.667
41,10252.366,17145.252
41,12000.553,13320.531
41,9734.298,15067.441
41,13872.189,2859.0996
41,13340.407,13320.604
41,10838.251,5436.1606
41,8524.389,13788.772
41,9658.785,3261.548
41,7140.416,16899.068
41,13900.457,14360.02
41,10658.154,3761.913
41,3896.4978,12949.905
41,6846.99,14761.928
41,16214.552,2485.781
41,8250.589,1968.9703
41,11202.833,14203.143
41,8390.924,14964.728
41,11072.068,13261.631
41,11964.196,6572.76
41,15126.739,5239.3193
41,9259.071,6900.368
41,15249.596,12991.41
41,3638.8804,5683.759
41,8709.453,16273.12
41,8574.752,11090.166
41,3262.894,4962.5957
41,16655.785,6047.812
41,12509.21,3665.051
41,9392.385,17767.586
41,6570.752,6172.099
41,13949.0625,4929.727
41,8705.93,1469.2727
41,6657.553,15800.992
41,9461.311,16173.838
41,7385.419,4749.52
41,7115.155,16030.8125
41,11583.994,5793.0454
41,1674.9417,4301.487
41,10237.075,14471.201
41,13212.343,14150.344
41,12287.424,13717.324
41,10281.866,14975.545
41,12115.809,11990.23
41,3359.7476,17414.604
41,10251.858,4388.9077
41,5309.754,12005.805
41,9420.368,3814.058
41,9759.659,5530.923
42,10000.0,10000.0
42,6573.811,12979.983
42,12456.977,12433.201
42,6688.8433,4166.988
42,16394.99,15102.766
42,10842.484,16452.742
42,14204.474,4927.5312
42,18281.307,4519.6167
42,15041.328,15096.227
42,11505.408,17330.053
42,10443.8,15642.893
42,8061.7617,10192.391
42,11070.133,10527.999
42,8737.298,1721.218
42,13597.052,17457.385
42,10176.324,14451.352
42,12991.448,15213.273
42,6261.834,6823.964
42,10528.047,3201.1677
42,12047.947,19179.334
42,10736.133,16733.412
42,9807.6875,13925.008
42,16359.896,4813.9805
42,6736.562,4178.5312
42,6590.427,15553.526
42,20000.0,5887.0293
42,16419.94,689.791
42,12662.054,2467.229
42,9708.502,5184.7646
42,16751.777,6580.0254
42,14089.23,18111.615
42,9963.701,18620.758
42,8058.5664,12771.608
42,9878.008,14961.502
42,7107.3784,13415.161
42,6188.559,6653.1377
42,12637.888,4238.594
42,7211.86,7844.2993
42,9896.088,2942.7764
42,0.0,3757.572
42,9074.535,16267.885
42,9392.821,15313.89
42,7675.6167,12702.893
42,5892.8896,12906.963
42,7372.581,14720.409
42,16477.96,5805.141
42,8412.427,16203.423
42,9282.6875,14739.576
42,9403.317,11666.966
42,5548.8804,15473.29
42,8116.714,14904.539
42,12566.77,10956.504
42,9443.005,3556.6597
42,4920.5073,3383.655
42,14668.709,15461.641
42,11459.85,6217.2437
42,9977.622,0.0
42,7098.7236,12197.267
42,0.0,7090.1616
42,3787.7642,13618.152
42,6375.9326,3607.9968
42,9955.684,16595.2
42,9030.017,15134.001
42,10618.981,5470.349
42,2615.2493,4178.8853
42,6354.7207,4388.854
42,14217.927,16048.548
42,6922.497,12448.071
42,10814.016,4093.0798
42,14410.622,16221.424
42,13721.967,13774.371
42,7464.2266,3703.0793
42,8348.055,13407.746
42,13801.02,16961.828
42,5151.5938,8779.166
42,7152.0435,15263.469
42,13759.64,4245.9966
42,15531.313,720.70026
42,8203.909,11853.818
42,12415.494,13055.94
42,9289.916,14096.946
42,5982.5996,7990.126
42,12155.523,13618.141
42,10468.155,16018.822
42,8960.572,15512.745
42,14528.88,11244.165
42,15014.513,14066.353
42,11432.899,16737.06
42,14223.834,5494.737
42,14721.645,3336.6929
42,5894.773,5050.481
42,15627.534,4039.0205
42,11806.96,13604.619
42,12193.887,13791.029
42,12929.499,14987.353
42,13174.828,12074.883
42,8642.848,12252.968
42,2833.772,6014.308
42,9640.007,2936.7102
42,7715.977,14266.068
42,11020.597,14356.328
42,17329.596,2638.208
42,5325.8525,7297.97
42,7873.9775,14630.452
42,14913.043,12640.7705
42,14278.791,6554.44
42,12332.309,14460.189
42,9868.635,13509.28
42,2874.116,1106.9795
42,7991.7773,13754.634
42,11394.547,0.0
42,10236.625,19564.23
42,7809.958,14491.546
42,9021.796,18355.127
42,7827.3516,4919.63
42,14945.592,6579.8965
42,6380.951,7980.715
42,8987.196,3448.5776
42,5716.493,6705.0234
42,4770.1133,3535.8005
42,16672.246,3997.6538
42,15937.976,4088.0544
42,12995.981,5930.4956
42,16583.21,4810.092
42,7245.0317,14792.3
42,9481.819,13916.207
42,4429.047,2575.4521
42,1049.9791,5410.1265
42,6817.6343,5788.9326
42,16912.277,13895.303
42,15349.445,5518.5723
42,5904.852,14526.175
42,12571.002,13788.433
42,13024.309,4216.619
42,9547.891,2837.6567
42,13402.57,17374.87
42,10347.544,6654.5947
42,11399.948,16543.326
42,5478.8833,1013.65814
42,8122.157,13957.489
42,9626.046,12393.495
42,10962.599,17162.945
42,5769.35,11435.694
42,2576.447,6287.16
42,9285.99,16715.096
42,6037.5107,10044.947
42,8352.5205,17003.656
42,12323.059,14906.987
42,6952.1826,14368.073
42,11288.435,7719.4805
42,8918.473,7207.069
42,17771.572,15150.12
42,6857.8877,17287.604
42,15429.578,2870.015
42,2855.357,5705.848
42,10074.774,7304.129
42,12642.554,6191.2075
42,9597.301,15407.16
42,10780.746,6755.3823
42,8114.8374,4992.9253
42,8941.309,14361.89
42,13674.911,15694.074
42,7277.9346,12797.257
42,5769.0557,4987.9854
42,6016.6377,14162.271
42,13131.869,11799.412
42,16336.444,13754.301
42,4464.0312,1412.27
42,11193.842,1744.1176
42,12700.972,5705.198
42,14254.767,15267.697
42,4390.9985,6336.883
42,8760.835,16072.846
42,7138.3896,14239.278
42,9948.31,11861.713
42,13433.246,15683.461
42,7296.3335,12362.339
42,7370.623,4687.673
42,15197.43,14963.583
42,7339.0894,6573.15
42,9817.774,17158.78
42,17809.004,4684.691
42,5623.939,14702.257
42,9104.628,12226.058
42,6676.6255,15546.964
42,11234.382,18724.732
42,17238.588,3964.5208
42,6347.9814,14696.571
42,14992.157,12286.857
42,12442.501,4995.278
43,10000.0,10000.0
43,13845.547,12464.339
43,10310.345,17026.543
43,13190.627,14182.606
43,13380.09,6602.2593
43,10694.106,13120.55
43,8145.2114,18089.025
43,11395.846,14000.868
43,12415.875,16867.69
43,15195.298,5115.643
43,2833.8735,9238.697
43,8174.5747,12305.225
43,8876.626,5672.7007
43,13440.897,3370.5195
43,4526.8174,7488.3857
43,7013.3955,12850.144
43,18381.693,4212.5874
43,920.6615,9361.99
43,9668.056,7371.8716
43,13760.826,1747.3057
43,8062.0527,11747.3545
43,14191.819,3661.271
43,7587.967,13099.555
43,15774.124,3409.5652
43,7787.619,3676.6946
43,10489.464,5528.3374
43,8645.191,2025.4619
43,9731.578,2234.1626
43,11170.551,15204.487
43,12851.17,12967.931
43,11515.2295,7000.9756
43,7748.1855,8596.27
43,10325.036,12705.279
43,11463.546,2384.1423
43,7921.42,16727.863
43,16331.6,13175.346
43,7011.766,4264.924
43,12007.913,13582.235
43,11215.769,15768.43
43,3117.3013,5901.638
43,10204.223,13427.176
43,3844.011,853.54663
43,12854.681,12780.809
43,12267.6,18197.58
43,7439.909,1901.946
43,8501.31,14995.64
43,4442.4624,14169.635
43,9739.12,16559.027
43,9064.784,18254.502
43,5628.4043,4096.775
43,10667.08,6217.719
43,13555.8,7326.928
43,4503.1787,19619.408
43,14694.499,6558.887
43,12632.186,8052.9233
43,20000.0,5389.205
43,6345.8545,4123.455
43,14039.485,4570.101
43,15331.253,3519.1528
43,18552.492,2224.1504
43,11789.577,8366.644
43,9210.387,15828.557
43,11851.228,19767.342
43,12741.278,9419.879
43,13995.029,5372.62
43,7627.5366,3372.9773
43,10575.837,13040.989
43,9099.13,16253.221
43,13791.364,1546.038
43,12447.805,2420.7578
43,9903.393,12026.618
43,9206.792,4623.341
43,3700.2754,7702.573
43,10512.832,13524.509
43,8354.636,14259.671
43,12704.074,14713.687
43,12291.129,15808.992
43,2844.5593,6859.928
43,10387.276,14842.139
43,11382.497,2922.2493
43,8591.247,14358.433
43,5252.819,6335.328
43,12840.415,10580.442
43,11955.704,13211.263
43,16542.604,2035.5549
43,9460.35,13273.463
43,9898.707,15465.757
43,6877.5396,15463.693
43,6975.1235,5364.495
43,3909.083,4838.2065
43,11332.204,5987.8423
43,4788.2427,5901.6494
43,11261.135,5761.381
43,14388.764,14006.052
43,9141.161,14017.895
43,20000.0,6005.9414
43,10636.729,6741.465
43,19245.916,3015.668
43,8441.881,15339.417
43,9579.195,14045.461
43,9275.599,4158.8213
43,11477.766,3409.3455
43,15561.814,18521.809
43,2277.9236,4786.14
43,2097.256,5171.3364
43,10797.27,5223.6143
43,9424.521,13733.168
43,7067.947,11682.244
43,8599.452,4675.263
43,13141.877,15514.73
43,8878.818,10049.294
43,9780.212,3665.3013
43,9181.393,3407.7341
43,10075.117,11554.029
43,7879.467,1280.951
43,11815.084,7500.209
43,8743.715,14277.183
43,7295.688,226.32886
43,13632.244,16383.76
43,6678.634,14214.609
43,5593.8345,16173.525
43,12559.269,14820.571
43,14230.784,3792.8328
43,11813.982,13390.733
43,9872.449,13737.207
43,11981.826,11798.112
43,8883.689,14589.855
43,6821.6714,16195.238
43,6993.166,16145.055
43,11549.717,12491.8545
43,16699.361,2430.825
43,11911.819,7345.168
43,6656.5293,13855.082
43,13597.106,14821.423
43,7412.904,6927.9883
43,10138.95,18588.527
43,10190.736,16425.664
43,12837.03,15384.033
43,9305.979,15501.073
43,12419.939,17051.873
43,4954.9834,11553.869
43,11559.963,14217.686
43,7962.047,12884.577
43,17451.357,8118.813
43,12535.168,6276.5957
43,10391.235,17539.486
43,7734.088,14272.588
43,2076.186,7253.432
43,6924.215,13699.743
43,5450.3193,7046.8833
43,15030.34,1464.1888
43,13234.767,8294.782
43,7308.976,4103.69
43,3715.065,2616.3606
43,14374.458,7003.1743
43,12061.383,14458.151
43,15389.035,11358.389
43,10920.598,17663.162
43,6956.344,11655.003
43,4782.5845,1972.3394
43,12426.975,5590.066
43,9324.938,13327.298
43,867.83203,4741.044
43,8666.675,13738.087
43,15800.862,16906.219
43,13015.761,15795.5
43,5050.7183,6357.502
43,9203.573,11803.189
43,14491.667,7733.648
43,12705.343,13707.94
43,4581.4507,8599.715
43,8134.9785,15528.452
43,14306.684,2158.0242
43,6809.6353,0.0
43,754.99603,5629.842
43,18425.625,13940.617
43,5648.5117,6382.3755
43,13817.398,3612.0894
43,8558.66,2328.6392
43,7491.3315,14564.554
43,7634.0405,16841.572
43,12367.001,16450.629
43,16570.143,8318.1
43,17634.395,7724.6597
43,12887.476,2170.1218
43,16479.934,15366.151
43,11119.499,12724.137
43,15504.892,4797.7803
43,9287.697,494.58542
43,10968.735,16970.762
43,9730.517,16644.73
43,9922.491,15483.877
43,1593.1757,1727.448
44,10000.0,10000.0
44,8563.654,13537.05
44,9811.173,7230.268
44,10176.338,13234.768
44,7291.4067,6275.1685
44,10558.501,2589.9453
44,9550.605,15264.782
44,19832.19,10041.715
44,16032.164,4095.138
44,13889.053,6317.963
44,9335.368,15702.381
44,10499.756,13504.745
44,13625.02,13839.917
44,7202.499,15483.94
44,7294.242,17285.52
44,6021.8726,20000.0
44,11325.424,14369.123
44,7922.357,14979.415
44,6690.5786,4145.1504
44,14936.599,11656.797
44,13841.6455,3099.0132
44,13817.314,15339.623
44,0.0,4643.3384
44,3038.5247,8170.348
44,7752.234,18057.238
44,12403.98,12219.175
44,7154.104,15025.372
44,15256.513,8921.27
44,6670.468,3710.489
44,12511.397,13342.498
44,6858.183,4374.137
44,8055.242,8712.91
44,3725.4333,3180.236
44,5381.7427,9290.798
44,11513.403,15260.892
44,9309.208,6575.517
44,4400.569,7373.3555
44,15170.894,4972.9365
44,2358.4766,2228.681
44,13653.462,4828.0767
44,10668.353,14597.965
44,16150.875,3127.9014
44,12702.052,14573.397
44,3712.8228,13041.616
44,13211.839,13851.3955
44,7625.8955,11693.136
44,9288.288,16068.645
44,10601.141,15524.996
44,7699.207,4815.758
44,7856.4385,4989.9004
44,8444.972,17526.412
44,9494.574,13543.96
44,6494.914,12881.643
44,758.5453,6797.7964
44,13605.453,14050.973
44,2209.717,2682.4753
44,7445.793,7788.98
44,11687.136,1916.4783
44,12440.605,16029.342
44,7009.091,4874.392
44,10728.465,4771.5317
44,6325.7295,13873.555
44,6794.783,14844.854
44,8354.591,13332.228
44,11812.406,17447.906
44,13109.707,10285.484
44,11770.852,13464.93
44,12319.38,18098.0
44,14076.919,5943.153
44,11600.794,18038.676
44,11430.949,1967.9286
44,6757.08,5847.599
44,14332.076,16925.246
44,14261.577,12541.278
44,13912.031,8847.499
44,7512.932,4955.349
44,8007.41,13839.939
44,9935.202,4986.6577
44,5812.8564,4825.561
44,7477.714,10960.28
44,13714.504,16015.888
44,9779.517,16019.484
44,8376.841,16920.148
44,8502.567,7793.7344
44,12807.356,4638.504
44,11118.22,14619.436
44,10824.61,13582.277
44,13277.204,16302.452
44,9600.142,14009.066
44,10308.814,6866.912
44,18709.973,7765.9727
44,2147.8906,6885.599
44,12512.3545,6484.594
44,5405.243,16175.549
44,5335.397,16798.309
44,11198.561,7703.6123
44,11356.924,13950.318
44,8721.53,15619.415
44,14160.241,5617.5586
44,7178.211,12388.831
44,7344.229,17915.969
44,3207.1045,9285.889
44,12465.404,15862.554
44,9655.178,14066.558
44,10600.78,13588.265
44,6198.261,3892.0999
44,9368.017,18573.453
44,16955.273,1778.0306
44,15272.0205,7544.829
44,6703.4297,12799.074
44,10782.732,5857.1445
44,11133.987,14356.826
44,10146.862,12205.326
44,12694.621,9828.19
44,11211.094,12481.6875
44,17073.371,2855.2217
44,5667.822,6924.9785
44,0.0,3651.7246
44,15003.103,5096.956
44,13525.529,3694.8958
44,11339.384,8292.386
44,11114.675,3510.6301
44,0.0,4790.097
44,4336.9272,4573.292
44,12901.241,17329.537
44,11059.113,14146.149
44,14191.1045,11735.872
44,7489.9976,2374.4436
44,13332.888,12303.673
44,7013.901,13274.531
44,12666.505,14261.181
44,4160.519,12184.868
44,17740.453,5022.3
44,9221.141,12186.5205
44,13186.334,17124.83
44,13431.881,13400.132
44,6754.455,6929.1694
44,19614.887,3523.9343
44,8609.596,3182.3174
44,10787.574,15654.557
44,1932.1987,5638.7954
44,14587.59,3017.0623
44,4419.2227,1036.4366
44,12701.987,6657.893
44,17852.766,2623.7175
44,12121.545,14292.63
44,7219.074,14989.087
44,6885.8228,2442.15
44,13262.361,12757.743
44,13796.353,17477.576
44,7712.032,8042.777
44,5525.145,357.01184
44,3670.4768,3733.409
44,10329.247,13410.22
44,8935.273,17302.182
44,12450.084,6152.0933
44,10994.545,13938.115
44,877.52997,3907.0327
44,6462.263,14755.395
44,6906.6367,16746.889
44,11190.148,13763.721
44,4176.159,6436.0854
44,8712.0,14256.381
44,13171.672,5895.449
44,10081.558,13083.314
44,8231.452,15679.361
44,15760.218,8567.626
44,11329.5,15135.554
44,14382.959,6372.476
44,11574.602,14846.727
44,14924.223,4921.6694
44,11248.536,14941.328
44,11140.162,3300.2603
44,13038.788,2848.6243
44,16673.799,16007.575
44,5772.8916,4302.6943
44,12794.787,13135.255
44,10824.905,4417.2886
44,5503.086,3938.688
44,11962.633,16097.073
44,10650.373,18449.348
44,11040.943,4510.46
44,9612.642,6510.7896
44,8890.759,17921.191
44,9213.264,3012.8528
44,11971.714,15152.79
44,1641.2059,5574.7524
44,9634.1875,14777.072
44,4993.5913,8320.918
44,13914.599,16321.535
44,17039.166,6641.614
44,8414.269,3016.8723
44,12888.731,15587.457
44,15623.808,4829.4673
44,19686.36,5908.1675
44,12138.509,17936.863
45,10000.0,10000.0
45,2562.2866,7282.2
45,5474.1323,16416.432
45,14759.202,14753.399
45,5619.788,15606.106
45,13968.1875,3485.3696
45,8149.2007,13207.725
45,8858.867,14438.385
45,11722.018,15815.013
45,7944.7207,15224.841
45,13152.028,18159.967
45,6265.8403,2348.4644
45,6349.48,14008.211
45,5897.1387,3762.44
45,9939.661,13422.666
45,2847.1445,5236.335
45,9239.965,12401.977
45,8636.94,3383.2124
45,10434.38,16815.61
45,3766.6814,3314.3271
45,6911.2593,15292.629
45,14005.342,14480.769
45,7983.9453,12169.925
45,6871.4517,13973.872
45,6931.09,6266.098
45,9052.788,6641.7397
45,11302.255,17345.73
45,6463.548,7291.4883
45,7772.628,14160.501
45,13967.281,4657.967
45,10543.948,14742.273
45,13172.594,16292.742
45,10891.727,11103.388
45,10856.7705,7504.3584
45,17083.969,12107.873
45,11449.522,13131.099
45,9067.276,12969.058
45,5489.845,6084.6143
45,10208.946,15991.95
45,9334.5,18374.17
45,11488.173,13838.228
45,5571.3833,16659.736
45,7811.766,17259.285
45,14216.043,16645.225
45,11219.787,830.97516
45,5441.4536,16012.962
45,3503.6418,6221.481
45,4964.621,1708.5388
45,9781.881,3708.632
45,16419.693,7048.2217
45,10534.101,4439.9688
45,9917.172,19014.613
45,12213.238,14779.914
45,3985.06,4463.651
45,4173.99,9831.771
45,13867.362,5191.1157
45,13534.506,5231.3066
45,10466.827,16431.139
45,15432.444,6251.933
45,4591.8516,14768.202
45,5335.73,4348.9395
45,9607.472,16521.455
45,6538.435,5004.271
45,6322.33,13996.683
45,10973.326,13995.02
45,4239.348,17930.297
45,15475.753,7942.2534
45,17921.764,9442.143
45,10058.851,16124.715
45,13246.251,13474.692
45,6918.5493,5893.2964
45,11328.636,3579.0361
45,15645.419,12794.855
45,8993.759,6404.035
45,10980.857,15192.777
45,10997.648,16776.709
45,13260.051,18455.91
45,13379.42,5745.454
45,18733.484,3603.2686
45,12044.38,17583.121
45,17159.354,7393.259
45,15485.975,2780.6118
45,10655.24,15583.805
45,7238.3677,19449.182
45,7904.0527,3430.9124
45,7599.285,5023.534
45,10322.439,13420.25
45,12866.497,4514.2515
45,8491.703,1529.149
45,6509.515,13724.845
45,11625.684,3016.3132
45,15967.705,5292.529
45,6123.7915,4268.663
45,11923.999,3109.5833
45,12245.475,16204.652
45,8419.325,11468.401
45,15523.248,13412.828
45,11860.264,13432.343
45,8578.138,15953.892
45,10652.826,6649.8037
45,1225.1759,3267.6267
45,9010.785,15953.082
45,8578.439,17273.857
45,14309.164,5851.134
45,8072.8457,7972.2007
45,8535.258,4905.9497
45,8904.974,10015.086
45,3107.3726,3483.7263
45,8658.209,12728.952
45,3487.7751,12964.637
45,11737.4795,4613.238
45,15905.163,14232.186
45,11214.892,15547.21
45,20000.0,3133.1433
45,5354.19,4753.172
45,4148.6367,3758.8203
45,14718.086,2548.8813
45,6856.914,14993.093
45,6180.7437,5075.863
45,15026.265,3716.9448
45,13108.927,14773.652
45,14155.399,16672.541
45,12072.672,16121.228
45,18883.197,6488.905
45,12807.151,15549.856
45,15656.3955,14393.979
45,15326.558,13672.178
45,7007.558,12991.867
45,10574.48,4946.7974
45,7345.18,13748.037
45,12350.666,16082.334
45,10079.062,14883.056
45,13083.42,6006.806
45,14074.276,4727.456
45,13748.128,17484.342
45,11474.815,1833.223
45,7788.0596,11589.969
45,1426.7565,4350.5044
45,9489.601,16653.738
45,9237.612,12884.034
45,2120.295,2251.6755
45,6008.3545,16814.07
45,14547.094,15628.28
45,11898.719,13199.059
45,14659.896,6320.7134
45,14012.287,5861.3
45,7543.763,14033.4375
45,6800.995,2452.356
45,13559.202,13556.008
45,9161.285,15378.254
45,8814.732,13662.645
45,3454.2585,9657.587
45,12424.42,4431.722
45,9310.012,13095.634
45,13922.023,6710.316
45,5507.7603,13229.456
45,3991.6821,14093.878
45,11536.801,12353.968
45,12664.374,13996.849
45,13202.315,3834.2542
45,8571.348,2494.3406
45,7435.182,17356.77
45,5066.1855,4181.198
45,12137.731,4212.9946
45,6923.2427,16502.336
45,3276.0146,9176.876
45,17592.125,1098.8033
45,19325.826,5011.862
45,14066.992,11683.191
45,9608.902,5349.3833
45,10401.169,14021.175
45,9111.098,8438.062
45,12079.808,12046.33
45,11137.615,14500.379
45,10210.08,16424.555
45,15071.358,4631.9336
45,5873.2495,16665.498
45,13970.619,11756.062
45,11375.817,10530.482
45,14041.847,15392.881
45,10749.187,4287.829
45,11531.818,14214.194
45,6241.6245,7609.7266
45,7646.874,3647.8481
45,14401.674,12488.721
45,9396.501,13340.913
45,8963.031,12982.637
45,10802.556,14085.123
45,14819.431,4288.341
45,18267.494,5112.965
45,0.0,8283.828
45,12301.115,13559.237
45,7816.438,10935.565
45,14711.452,16548.963
46,10000.0,10000.0
46,12066.209,6307.311
46,8899.576,4359.7974
46,10765.751,15126.496
46,9694.519,10078.334
46,16929.074,2982.63
46,13943.674,15393.977
46,7057.112,15915.425
46,8994.514,14041.913
46,9655.627,12410.691
46,7412.9805,18580.066
46,17789.53,5125.704
46,11014.627,4833.7773
46,6160.347,5959.7017
46,14998.647,14687.609
46,6842.932,5660.068
46,6042.471,3454.116
46,7070.3003,15461.916
46,6268.171,13152.249
46,13292.997,3626.0261
46,16021.228,10629.661
46,7127.147,12945.807
46,12250.591,17245.117
46,13705.896,12987.337
46,13467.159,14987.222
46,18840.26,5045.421
46,13311.524,13050.285
46,13580.409,1362.4663
46,8337.598,11870.792
46,11846.998,5038.6772
46,13117.473,4067.5696
46,4198.5547,5105.8843
46,14028.082,13719.345
46,15398.5205,4214.827
46,9893.777,2078.844
46,13220.967,8823.821
46,10954.71,12120.6045
46,18405.469,4404.968
46,12844.85,12191.064
46,12837.209,3153.637
46,11163.492,14799.534
46,9445.157,15192.739
46,8902.807,14078.699
46,9210.718,15244.143
46,8790.431,14426.872
46,11588.745,16594.598
46,11410.718,6925.775
46,9670.229,17936.295
46,2808.7646,8755.427
46,10569.786,12405.073
46,10530.886,17443.338
46,5730.759,2906.9966
46,11663.224,2166.1697
46,9785.388,13372.107
46,6383.4243,11803.029
46,11464.507,14071.492
46,8766.306,14524.518
46,5607.1567,1599.325
46,7848.7656,7353.359
46,13977.241,14516.6455
46,7545.3916,5796.3853
46,7035.0703,14076.869
46,9155.629,15873.047
46,6246.4697,8388.43
46,7942.799,17399.666
46,13127.197,16609.031
46,8355.552,14443.76
46,7734.806,3424.9443
46,10933.816,3171.3955
46,8492.317,14488.84
46,8902.797,2275.0
46,13767.658,15067.066
46,10824.222,15178.433
46,13747.243,15258.943
46,7363.1245,6660.63
46,9208.773,4193.978
46,16034.234,7107.6143
46,10874.398,5075.558
46,11281.89,16834.56
46,12691.411,1912.7756
46,16150.228,4928.8877
46,6786.7393,14936.657
46,14587.116,5061.453
46,17494.03,2116.3333
46,13299.377,15603.41
46,12194.278,14733.39
46,13988.268,4394.335
46,7746.46,1397.4116
46,14216.983,4983.264
46,10637.592,12061.756
46,10673.142,15989.859
46,6976.2637,13628.469
46,4910.5376,94.32524
46,4599.8345,2813.3564
46,10225.555,15217.173
46,17361.996,8760.827
46,1234.951,8279.696
46,4055.5566,6069.1675
46,8103.489,13613.431
46,10482.811,13757.641
46,4843.209,18240.096
46,3156.0393,7448.964
46,13918.427,17180.193
46,8378.245,15080.131
46,8852.026,14450.176
46,10927.926,14208.153
46,8658.793,14940.037
46,16340.518,4181.17
46,9265.168,2288.4106
46,8984.677,1966.8384
46,5302.241,5563.671
46,2014.0198,8836.971
46,4665.7188,2096.0994
46,14166.8955,9387.731
46,12398.879,6269.6035
46,13379.031,15933.397
46,9297.933,14774.138
46,17604.898,1113.0212
46,1112.0509,7834.805
46,10471.848,14140.295
46,2178.5132,14949.269
46,5136.25,6122.1514
46,7724.2515,3055.4932
46,14829.6455,2208.4473
46,16463.479,4494.8906
46,6527.8247,11780.034
46,16775.334,3533.7043
46,11129.957,4147.7134
46,12078.427,16948.611
46,10668.954,13790.29
46,8667.08,15087.251
46,9986.761,14189.575
46,7046.1816,13130.366
46,16273.429,13918.536
46,7091.4004,15975.587
46,11121.756,10704.662
46,10508.562,8076.2456
46,13445.044,3566.139
46,9191.611,15952.8
46,8622.291,14709.538
46,6777.9663,6105.966
46,9580.791,1939.4304
46,4168.166,4688.599
46,6997.0083,14990.194
46,11819.162,2509.5867
46,7870.0176,14422.531
46,3538.8643,16874.266
46,9981.71,5815.879
46,3557.614,6977.467
46,12363.583,5599.9746
46,6790.4404,12539.148
46,1217.7477,9010.682
46,16182.623,13579.319
46,5341.431,12767.468
46,9260.232,14857.8125
46,8931.6,14182.338
46,9449.733,8272.283
46,16581.271,7241.9204
46,3847.1973,181.92754
46,13798.619,4022.69
46,8247.486,4038.1152
46,8432.403,15811.81
46,15376.67,9867.785
46,16660.09,6958.9604
46,3777.2468,3264.688
46,7488.9097,16158.825
46,19693.574,3279.7734
46,3847.5781,7871.343
46,7881.8706,14839.296
46,8329.906,8206.233
46,12354.162,5488.833
46,10630.86,12498.484
46,10212.728,12901.365
46,7973.981,9103.886
46,10307.603,17681.568
46,13644.751,7569.486
46,6753.627,14602.332
46,8888.826,3749.2432
46,4824.571,5468.476
46,5124.36,2278.3286
46,13820.347,14324.734
46,14119.097,18462.195
46,11895.702,18623.393
46,18824.719,3567.7778
46,13124.693,2643.072
46,9536.167,14397.63
46,5379.0596,16326.292
46,7406.1147,4678.6997
46,13213.088,14445.439
46,17076.352,1134.3876
46,17522.297,13985.896
46,6920.1074,4751.3335
46,11730.682,7483.448
46,11808.659,16046.141
46,10644.424,18030.2
46,444.57172,3586.7744
46,11375.095,7647.8257
46,7935.199,2888.2197
46,13100.107,7766.266
46,10079.304,16696.305
47,10000.0,10000.0
47,11345.277,3391.179
47,11219.106,11580.894
47,163.6443,1508.4901
47,8415.598,5376.4204
47,16419.855,6059.8813
47,9866.059,5164.757
47,5500.377,5130.341
47,14776.617,14690.517
47,7063.7554,3093.9194
47,9412.527,16235.122
47,7302.9062,14646.501
47,9968.735,16567.873
47,12049.331,10239.88
47,12770.628,17203.793
47,10309.842,6316.974
47,10964.2705,12741.531
47,356.4284,1492.5756
47,14109.388,14015.432
47,11422.918,14419.431
47,9694.203,12528.312
47,6729.799,8208.059
47,7901.6123,11480.632
47,14399.768,4689.6978
47,12472.597,4172.4526
47,10213.024,13685.784
47,10362.393,13082.218
47,4326.448,5774.545
47,17336.56,3161.547
47,7584.142,16137.103
47,6186.3516,6781.5273
47,8109.731,16832.09
47,17237.225,6838.6396
47,6537.257,14437.309
47,7049.619,13304.515
47,17078.168,1619.3801
47,13659.767,17460.998
47,11171.156,18109.244
47,8861.817,4862.7812
47,11456.705,6340.7344
47,12033.025,11172.334
47,2343.1426,892.0863
47,12590.335,2309.702
47,8282.12,736.06335
47,8927.815,13893.447
47,12802.666,14595.635
47,8515.93,3953.2927
47,14229.698,14184.641
47,5256.342,2541.4265
47,8328.804,16550.906
47,9961.251,13125.988
47,14433.598,4400.297
47,12201.926,10522.001
47,7317.4644,6644.143
47,11402.517,12747.03
47,14395.211,9968.555
47,10064.609,16806.877
47,8218.196,15253.952
47,14387.849,2976.1013
47,9760.283,14052.483
47,1446.9462,4584.9575
47,5584.4575,5202.0264
47,212.38385,5761.7344
47,917.3586,4281.491
47,17245.945,9694.163
47,7302.208,11061.2295
47,9881.39,13763.379
47,8945.381,15019.111
47,9067.955,4877.3506
47,9553.65,14435.447
47,11160.595,15434.988
47,11825.479,15086.605
47,13889.886,15193.987
47,13291.97,6726.112
47,6230.654,13899.521
47,11630.6,14909.276
47,12651.758,16827.785
47,6373.8906,5428.9526
47,5453.8105,5205.0244
47,18194.393,5858.5986
47,12147.849,13563.723
47,14063.276,11786.641
47,12445.739,17425.424
47,10526.838,4204.5825
47,5650.2095,4928.791
47,4026.0024,7336.2046
47,7287.1914,14260.746
47,12673.619,10133.708
47,12307.383,4609.721
47,12742.572,9405.88
47,15363.166,6493.8745
47,15348.835,15453.593
47,8494.801,7777.222
47,11665.5625,16296.517
47,13019.405,2482.9324
47,12599.067,18187.389
47,12214.95,14928.729
47,6816.095,4669.2373
47,7127.5635,18665.734
47,14300.746,2306.9875
47,9074.974,3476.4397
47,4177.902,6024.619
47,11308.237,5535.4707
47,9724.627,6863.257
47,11979.625,6384.72
47,10958.619,1329.9365
47,13543.945,14736.815
47,10596.662,2169.783
47,5238.0234,12799.317
47,11958.629,4947.86
47,5719.9062,4957.379
47,16067.1045,13559.027
47,12000.209,5720.7705
47,12616.212,4670.9375
47,2896.6748,5272.6216
47,12109.392,16005.614
47,11071.977,13654.154
47,4311.339,16774.365
47,14194.45,15947.855
47,10056.01,11388.686
47,8256.018,15438.764
47,16685.354,11663.848
47,5426.1543,14724.214
47,12944.584,15249.452
47,14984.771,12640.266
47,9125.581,7972.6426
47,13323.005,16623.066
47,12523.092,16656.48
47,7318.588,8748.426
47,5078.691,7284.388
47,14491.205,12552.373
47,7600.174,15845.023
47,18113.22,5075.8164
47,5410.366,7241.482
47,13236.914,15683.042
47,9543.158,13939.82
47,13484.098,17945.188
47,6532.399,7132.5703
47,12723.154,14195.582
47,16382.865,5504.36
47,11982.646,17630.988
47,6839.1616,13356.612
47,6794.277,7244.713
47,8619.667,14602.442
47,2617.59,7233.844
47,5989.7075,13992.236
47,9184.553,14827.26
47,6841.5337,12782.305
47,14698.497,3206.2122
47,11903.142,16574.322
47,6717.8364,13067.993
47,9966.139,15465.621
47,8920.411,865.1587
47,10257.538,10889.817
47,15030.747,6721.2197
47,10676.972,15531.932
47,10724.906,15617.392
47,7442.8076,13633.202
47,8945.372,17128.547
47,11238.176,3253.5725
47,0.0,3906.0588
47,10547.484,12561.847
47,15587.789,8712.412
47,10353.97,2948.8904
47,5972.575,14719.225
47,10255.76,14266.593
47,9315.102,18709.465
47,15664.375,11283.169
47,7973.0835,2742.7932
47,13850.036,5898.3984
47,11382.814,3237.689
47,16127.732,4345.6904
47,14622.949,3098.7266
47,11145.463,173.08038
47,13106.636,6135.852
47,8257.298,16097.858
47,13296.983,14892.974
47,14803.838,5298.8843
47,7191.732,6171.0127
47,3629.491,4908.6772
47,6985.66,12467.821
47,3417.4702,4317.7915
47,12221.699,13056.992
47,8429.518,11364.766
47,10333.459,3292.4
47,14389.988,17623.37
47,2982.052,7222.0146
47,5980.3706,7530.1826
47,5790.272,5728.854
47,12958.263,13787.238
47,4895.6597,16084.11
47,6410.648,11228.445
47,7966.566,6589.5586
47,10043.189,16094.33
47,14685.826,15763.408
47,7482.238,14227.1455
47,11585.428,12429.81
47,15334.623,6815.4316
47,7151.9585,1033.9569
47,13407.531,3802.0356
47,7141.923,5224.727
47,10369.903,3874.8945
47,7367.7383,14786.691
47,14739.62,6165.619
47,13548.049,7345.2544
47,2381.1765,7046.133
47,6771.0967,7312.4795
47,13902.539,13661.468
47,12205.132,12253.483
47,2993.1619,15464.754
47,13677.163,13172.947
47,3260.049,2219.7957
47,7639.717,5823.174
48,10000.0,10000.0
48,7386.844,2919.5308
48,7037.0693,15439.324
48,7482.2583,13497.491
48,15269.325,14696.532
48,12903.523,4196.5205
48,5066.4194,14493.944
48,12705.292,15490.573
48,5013.1777,9267.401
48,8667.345,13820.584
48,13240.012,1542.4089
48,11282.579,15138.64
48,10731.071,3322.4473
48,12253.715,4228.6484
48,20000.0,1156.0038
48,5167.2666,12171.275
48,14465.457,16509.168
48,6332.5103,13300.799
48,16104.025,4817.539
48,6295.1323,2375.7803
48,12700.891,14799.358
48,14680.168,7580.8613
48,12699.491,19440.812
48,16792.96,4304.88
48,16031.24,4420.489
48,5241.2573,19668.246
48,19953.523,6836.74
48,13145.351,6432.4497
48,10901.597,15959.615
48,15912.092,5372.2275
48,4893.637,15095.741
48,9851.868,16400.486
48,5591.21,5362.6177
48,15176.801,2872.1294
48,15122.636,7818.529
48,3626.0833,3687.4595
48,8918.233,15002.287
48,11714.512,13870.061
48,10878.088,8853.751
48,6775.3384,18225.098
48,14505.813,5046.3613
48,1642.1245,2140.3655
48,6782.3325,4216.993
48,13436.369,5144.5117
48,7201.1777,5779.648
48,12402.515,12829.624
48,13109.011,14864.153
48,5060.0347,3183.9673
48,9950.884,20000.0
48,908.35406,5457.5215
48,4817.784,16009.518
48,11222.515,14088.742
48,6629.056,17142.12
48,6577.0635,2539.1406
48,9208.622,16705.805
48,9675.534,13535.579
48,13227.807,2922.0261
48,10392.24,7399.3687
48,11095.556,5559.1836
48,10767.16,2372.2205
48,4506.1646,2147.9714
48,20000.0,1995.8702
48,10568.45,8050.2354
48,9618.248,14748.898
48,18635.104,6005.4917
48,15403.685,10799.111
48,12382.532,19898.93
48,17016.605,6341.921
48,4298.2803,6575.448
48,8836.579,10783.8125
48,12105.03,7272.5825
48,13278.59,4537.1416
48,6846.0957,5787.5005
48,11943.648,6094.388
48,13735.988,5067.098
48,10658.301,12374.832
48,18577.37,3378.842
48,15158.035,14203.126
48,8739.468,4747.666
48,10916.541,4811.3955
48,17463.67,6191.0884
48,5067.1973,3359.1711
48,9669.874,13339.124
48,15282.235,13967.205
48,9146.261,4133.8945
48,4635.927,4155.852
48,17266.037,6512.931
48,10520.084,15999.891
48,7255.0044,18086.396
48,10780.789,14334.725
48,4397.106,5822.114
48,9843.314,8110.8726
48,11605.722,17612.342
48,9296.697,14882.778
48,5248.387,16863.14
48,14057.705,12198.751
48,8174.515,12930.247
48,8260.842,17257.807
48,3528.7708,7698.6353
48,15122.078,3606.2424
48,15029.186,3183.573
48,11607.289,5912.949
48,6540.265,16099.939
48,19640.473,3534.1301
48,6202.21,5237.9976
48,9840.304,11978.84
48,11026.032,4934.821
48,8524.381,6617.6553
48,8625.624,12073.301
48,12644.909,15327.578
48,5159.7056,5141.429
48,13716.359,4616.498
48,7676.4297,10767.854
48,16955.982,5602.243
48,14435.988,16902.861
48,17144.88,15418.086
48,10238.831,14778.7
48,13388.729,16984.713
48,10113.972,14337.753
48,1232.4989,3000.4934
48,7775.313,13550.193
48,5803.59,6346.8633
48,8811.35,15636.205
48,5385.29,7396.454
48,1546.6438,8161.0103
48,3800.9255,4756.779
48,12764.236,14254.312
48,9825.38,17711.283
48,11395.16,3977.3613
48,13079.873,15689.958
48,9643.584,4788.8804
48,5956.7773,16935.484
48,7492.593,15781.97
48,12592.357,11657.24
48,3112.26,7207.0474
48,1036.2751,9737.115
48,15826.4,13111.51
48,6825.992,12062.896
48,8102.6606,6751.6694
48,15221.249,15627.91
48,7770.477,4611.8604
48,3267.5085,6242.266
48,12845.751,16371.661
48,5644.4224,3512.1528
48,9799.667,15253.137
48,16840.404,7030.626
48,7659.4893,14365.257
48,7601.522,1909.4727
48,10972.267,2994.542
48,11100.354,5595.5996
48,9886.843,12233.346
48,11531.741,16920.832
48,10762.739,3583.5818
48,9728.05,4936.4653
48,15596.837,3404.4268
48,10479.102,12538.2705
48,8422.991,14167.756
48,18782.045,7526.011
48,5110.892,5869.6895
48,15362.455,8063.069
48,8519.186,13439.164
48,12253.029,18872.457
48,7440.488,16489.48
48,12389.029,10119.71
48,14014.928,13933.082
48,1792.482,3792.0808
48,11994.737,3604.3586
48,4678.28,18625.062
48,6508.766,13254.534
48,10439.789,14898.006
48,15423.118,6491.771
48,18512.88,4874.6113
48,5290.3325,9421.474
48,12815.335,13776.219
48,10359.991,8032.4863
48,8448.222,4106.0483
48,4431.736,4104.501
48,15954.888,18458.547
48,11670.983,4853.4893
48,11461.54,16601.205
48,7945.28,4312.2476
48,13166.619,13032.6045
48,4848.663,7331.608
48,13149.433,4426.548
48,14277.19,13997.136
48,6984.346,3480.1501
48,10683.082,17071.688
48,11383.611,15541.682
48,13933.496,14946.229
48,12528.342,4627.9067
48,13857.766,4269.317
48,13903.832,11605.249
48,5492.5586,12077.569
48,7458.269,2539.7585
48,15860.977,5078.155
48,12393.201,6949.9854
48,9351.465,13572.749
48,5744.7075,17209.3
48,11429.974,12982.517
49,10000.0,10000.0
49,13296.998,4525.1533
49,17527.174,4687.7905
49,8292.513,2477.3247
49,13496.607,13354.84
49,11282.383,4604.5947
49,8176.1646,4909.082
49,12249.431,4791.1963
49,8279.277,8442.2
49,9797.565,14478.0625
49,9932.25,16087.981
49,9422.972,14624.083
49,13022.737,15582.479
49,13273.623,14794.863
49,8519.175,14163.877
49,7760.9536,3666.969
49,10565.011,4477.3564
49,7286.0596,5344.6953
49,10265.986,13770.598
49,13835.954,2640.7812
49,3317.289,5654.383
49,12260.344,8202.202
49,10274.985,7590.577
49,3888.5532,5858.4497
49,3078.4385,6716.7495
49,14591.181,364.77655
49,8958.918,12535.485
49,11648.722,3796.2542
49,19734.357,3920.857
49,4942.6797,3762.7522
49,11565.394,14267.771
49,6802.2983,13501.84
49,10979.497,12687.938
49,3637.4824,4712.454
49,10687.797,15326.057
49,6666.727,15989.911
49,5221.4487,17620.016
49,11342.808,14050.989
49,12965.127,14494.39
49,12027.656,2335.3022
49,15174.071,6401.557
49,7018.431,6802.145
49,8260.191,6176.2065
49,2684.4724,9718.624
49,9739.054,13957.318
49,10089.247,15206.542
49,11677.273,5983.5156
49,8080.1167,14107.889
49,3724.7764,6968.864
49,8602.928,5440.462
49,11575.941,14508.789
49,11319.247,2594.868
49,9178.031,18869.373
49,12427.281,4153.1875
49,8667.167,15805.905
49,9807.904,10229.837
49,10875.648,14408.411
49,3182.6052,7427.7734
49,14455.088,13430.378
49,18049.969,2605.4412
49,3405.296,5791.9194
49,9868.1875,15240.669
49,14585.003,4536.633
49,8173.243,14744.555
49,4217.528,8137.546
49,13395.893,11576.146
49,8558.354,11119.132
49,17760.518,14839.112
49,8313.5,18998.463
49,2768.6443,4092.8323
49,2056.2478,1208.3876
49,12268.433,938.3475
49,7659.276,20000.0
49,10715.04,13127.545
49,9718.343,15932.007
49,10805.363,8804.522
49,4799.494,15025.263
49,9733.918,12716.318
49,11805.2,14753.084
49,8497.321,14230.067
49,250.14053,2201.4512
49,9058.152,4699.337
49,8345.559,14484.945
49,8946.274,14725.883
49,8973.507,16508.09
49,7971.2383,13224.885
49,8413.513,16256.688
49,9835.121,9446.32
49,10896.553,10997.791
49,13304.122,14112.963
49,11068.933,15058.745
49,7141.601,15530.934
49,13807.754,7274.884
49,18127.11,5254.5674
49,12035.932,3777.9668
49,12140.426,15755.397
49,4257.161,663.9415
49,5063.417,2312.3398
49,3488.6309,14537.537
49,8292.952,15198.178
49,10389.114,5323.664
49,13188.375,15591.672
49,6372.4556,7197.304
49,3224.1516,2770.2805
49,16247.746,373.81717
49,14384.828,17116.688
49,7935.17,12345.54
49,10002.447,14532.082
49,8993.09,13440.611
49,6439.6045,10965.057
49,6218.2197,4755.0566
49,12331.91,12134.645
49,8438.342,11908.885
49,13826.605,16603.139
49,13858.438,1911.7238
49,15320.079,6532.055
49,12611.933,3664.8594
49,11531.603,16971.947
49,13741.594,11633.976
49,8767.339,7989.4727
49,7651.2666,14913.86
49,11956.864,14826.48
49,6958.141,3365.3088
49,5319.991,15929.716
49,11219.078,15777.479
49,8687.829,6097.8037
49,9766.941,8597.955
49,10123.303,4820.878
49,5764.038,16409.645
49,12222.295,5147.5366
49,11085.971,14498.836
49,11704.858,3084.1519
49,9507.309,16821.844
49,10467.814,10307.768
49,15502.222,12344.657
49,17139.035,2954.4802
49,6378.171,12005.283
49,14648.114,4810.798
49,0.0,7122.271
49,8360.054,16279.028
49,5042.2246,5736.5254
49,10749.534,4319.003
49,13711.346,14139.308
49,13911.229,13716.47
49,5023.3,14409.828
49,5577.2607,7119.0913
49,3575.0159,16103.413
49,4586.1475,6846.5938
49,5125.5522,67.989746
49,6001.524,4627.5786
49,10818.029,14831.28
49,11019.882,12721.837
49,1599.8156,3644.016
49,20000.0,2528.1804
49,10560.572,17879.871
49,7068.461,16903.105
49,11373.296,14469.155
49,10102.38,17624.752
49,4439.1875,13359.216
49,16235.14,13692.45
49,10692.808,5480.1045
49,12114.898,6939.1553
49,15049.446,14553.668
49,13163.378,5375.641
49,7957.245,6015.32
49,5572.2188,14585.4795
49,13944.096,14673.976
49,9148.854,6479.4375
49,7992.612,16440.584
49,4643.0967,13909.009
49,4737.749,4092.4048
49,12709.363,6225.6094
49,9650.518,13989.627
49,14516.7295,4469.969
49,12988.251,3855.652
49,12485.101,3567.4656
49,11517.501,11622.572
49,10455.422,2224.5273
49,19092.727,6120.3335
49,11221.282,14863.561
49,1039.3441,7186.7666
49,12829.904,13436.404
49,13653.47,19410.77
49,13354.787,14129.1
49,8038.299,13901.064
49,5718.071,15895.468
49,5040.3145,13907.039
49,6279.654,14557.02
49,7027.213,14104.169
49,15115.746,15067.84
49,13949.775,5912.3115
49,6286.492,3365.6123
49,17997.451,2078.9907
49,12872.097,16914.246
49,7402.9634,16487.97
49,13049.205,3893.1963
49,9902.23,12591.252
49,5080.0513,16790.312
49,3076.2974,3219.7815
49,4026.725,6313.8643
49,7263.544,5104.43
49,12782.426,3374.393
49,9675.008,11525.421
50,10000.0,10000.0
50,2585.6985,5352.9043
50,11041.08,13375.492
50,11152.159,6663.0195
50,6972.4736,6827.7812
50,2387.1533,7689.7026
50,17829.807,7810.046
50,4198.2217,1031.2906
50,16908.58,8370.222
50,8287.467,14946.68
50,14204.622,5752.2554
50,6175.8296,14853.448
50,13517.887,19646.234
50,8591.479,14649.714
50,10389.472,6052.698
50,9748.521,14920.85
50,9210.282,5516.6045
50,16338.344,396.07367
50,6241.2026,7624.2915
50,5733.0034,3542.1633
50,3978.9045,4981.9893
50,3447.9797,2985.1487
50,8582.031,13080.257
50,10220.184,15306.527
50,7277.4155,13785.93
50,9435.925,14145.147
50,19286.025,4704.713
50,10465.811,10176.459
50,5006.159,15126.992
50,4473.683,5931.9224
50,5075.5386,14853.45
50,9186.088,14698.367
50,11887.816,16410.865
50,13798.394,17392.95
50,9941.514,15089.738
50,13768.094,16376.992
50,5283.083,4551.5103
50,8954.063,7154.503
50,5967.461,5763.702
50,13369.809,14627.492
50,13944.26,5763.802
50,15129.651,16831.246
50,4205.6147,3698.795
50,6980.528,4477.962
50,7865.3833,12447.862
50,6891.9224,8135.8726
50,12347.919,15285.183
50,11001.431,13358.157
50,15533.924,14211.37
50,9535.725,14788.2705
50,9684.139,14815.331
50,16667.594,6835.2993
50,7722.463,16779.121
50,2913.9084,2899.8699
50,6354.493,14259.345
50,14722.308,6051.1797
50,5486.345,6233.41
50,10618.125,16756.83
50,11490.286,4770.625
50,8791.325,16693.373
50,12131.808,17189.6
50,4718.231,17106.402
50,15654.968,9679.326
50,7281.7866,15211.676
50,15017.698,5265.452
50,6228.24,12720.235
50,11357.062,11657.455
50,7553.9443,16029.166
50,7277.1816,6421.673
50,4791.765,4026.751
50,10234.785,11675.4375
50,4922.6807,15994.314
50,12439.4375,14762.355
50,8870.968,14979.662
50,5160.6553,9436.037
50,13778.964,3576.473
50,4743.154,14328.804
50,7646.6094,16690.418
50,13309.881,17337.54
50,8560.972,2331.7275
50,12281.403,3728.9656
50,4942.921,6595.3354
50,7999.7515,15480.375
50,13133.036,5825.83
50,11769.555,3661.969
50,2906.5571,6301.6304
50,13515.97,13979.302
50,9642.126,1377.5446
50,6585.254,7774.6187
50,18349.006,5479.75
50,13272.318,14751.976
50,14143.458,3763.115
50,11927.125,13989.225
50,11259.849,17137.145
50,13692.829,14257.736
50,4144.8936,14833.364
50,8960.926,3910.9844
50,13198.75,3572.6711
50,12463.408,4848.429
50,12338.568,16688.068
50,12143.373,4816.8374
50,14697.088,4166.4917
50,9436.263,15589.781
50,8652.153,6151.141
50,12420.495,4146.001
50,16760.959,15169.832
50,15084.406,3770.8044
50,11914.8955,8063.2695
50,11541.882,3067.4353
50,9597.76,15145.814
50,3556.5034,5750.155
50,5510.9507,13668.934
50,2031.3137,3612.3977
50,10353.366,2749.2087
50,12588.71,2489.261
50,1148.4257,3557.1492
50,1646.2417,4290.429
50,11726.673,12472.47
50,7956.4375,2306.1782
50,3908.311,3189.042
50,10080.973,12593.768
50,8171.591,13456.581
50,14485.784,15867.303
50,8602.234,15940.047
50,14487.25,9690.868
50,9565.656,13578.996
50,9285.128,14196.704
50,9285.319,1630.6346
50,11797.401,5950.0034
50,10997.511,14987.1875
50,12645.735,16349.641
50,9024.137,12566.284
50,10567.408,4713.9795
50,3960.069,17554.97
50,9159.578,7169.324
50,5693.5547,15675.08
50,13162.031,4735.029
50,12628.119,12738.138
50,9328.043,13500.468
50,7340.4204,5791.403
50,13818.97,13399.872
50,13767.893,3662.8545
50,7803.9453,11349.283
50,19186.02,2771.902
50,9715.068,5212.4966
50,11464.204,16640.984
50,10252.962,13719.869
50,12204.191,10973.636
50,12163.427,16396.549
50,12147.478,16057.515
50,12574.5625,4648.1206
50,14334.913,3888.994
50,16279.216,5260.181
50,11283.215,15282.92
50,10966.527,4427.3643
50,11971.802,17314.652
50,9165.258,13711.513
50,13440.05,10973.072
50,4521.5254,15876.584
50,10863.856,6303.2324
50,8336.716,13900.867
50,6915.5,13025.058
50,14030.981,4817.2617
50,10220.348,6389.8003
50,8255.626,16268.979
50,10271.869,18646.615
50,11477.808,18084.832
50,7465.7993,5894.4966
50,7099.2,17260.201
50,12276.746,15322.475
50,10845.452,6555.179
50,12260.783,14462.141
50,7761.932,13541.064
50,10830.223,15698.091
50,12804.991,6623.817
50,9517.918,17615.385
50,13498.36,5967.351
50,12414.489,14543.417
50,16228.869,2734.5525
50,9329.474,6006.6284
50,7709.577,17091.38
50,13160.238,14419.193
50,4175.6445,4135.1196
50,12141.326,16246.885
51,10000.0,10000.0
51,11122.43,16263.255
51,5559.038,5804.1826
51,9856.493,1987.7584
51,12209.192,18446.684
51,8833.822,3073.8003
51,13013.092,2961.7507
51,7139.662,14642.528
51,13705.844,4087.2214
51,9277.113,2142.4102
51,4728.8394,14826.375
51,5107.8647,6664.8413
51,5947.4966,4504.5347
51,9511.553,14306.518
51,2008.6115,4279.507
51,7355.8486,14982.194
51,12653.827,6588.621
51,11155.394,15081.487
51,7946.048,15233.056
51,19073.754,4209.7964
51,8874.427,7271.017
51,5898.852,18143.18
51,9367.989,19087.34
51,16533.89,4190.907
51,6491.2363,215.36815
51,11300.04,19319.826
51,2065.3325,2730.4136
51,8923.218,17216.805
51,10793.128,15387.751
51,3514.4622,13920.881
51,9255.566,5460.5073
51,13350.712,13804.756
51,6301.183,15415.187
51,13205.502,8112.9976
51,5070.103,18915.514
51,8375.689,13702.576
51,12161.312,16950.225
51,11112.683,5261.02
51,8880.122,11927.232
51,9303.908,14451.487
51,6740.7617,2333.06
51,9733.36,13588.693
51,12413.038,13149.1875
51,9562.179,11854.214
51,14348.221,7875.22
51,17508.328,3121.7698
51,9386.698,12790.319
51,8974.3545,11476.245
51,12780.338,5554.1978
51,8076.5317,5907.917
51,7174.046,9155.499
51,8557.762,13255.974
51,8507.092,4336.0103
51,10382.855,15377.294
51,7087.312,1956.0034
51,12725.853,17296.705
51,4321.178,17324.596
51,10495.743,17675.324
51,8578.067,5989.5776
51,11966.339,14496.809
51,17007.445,3272.9097
51,6734.2666,15784.81
51,12508.728,15390.626
51,8938.125,14800.693
51,9003.389,16482.682
51,16683.932,18176.547
51,7074.401,17296.61
51,5863.589,7622.0093
51,2161.0046,5837.463
51,14437.875,4245.2485
51,17809.523,7599.2275
51,7017.1187,4860.7227
51,17972.186,6054.262
51,13071.807,14370.635
51,9253.132,14807.909
51,12716.328,16769.592
51,5844.0986,5273.935
51,7221.109,10023.965
51,10675.003,3877.1345
51,11697.332,6290.5005
51,15959.6455,713.86975
51,7736.048,15429.962
51,10862.574,14082.112
51,12565.043,14914.302
51,9609.348,5303.7373
51,4419.637,19627.787
51,9504.784,16809.316
51,13239.582,14711.933
51,12479.245,10727.199
51,7906.549,4860.9434
51,10073.618,18035.893
51,2512.464,3360.3877
51,2947.241,8491.306
51,7693.1406,1100.6218
51,13758.82,15962.637
51,15699.476,7697.7017
51,13239.198,14786.118
51,14052.127,15709.577
51,9220.526,8762.632
51,7497.406,11841.026
51,10101.894,15291.342
51,3455.8652,8179.7427
51,10370.342,13619.182
51,12406.322,15458.983
51,6588.929,4470.5938
51,11389.881,5473.985
51,6102.359,4687.0005
51,18033.385,4138.345
51,12686.489,15241.066
51,16731.969,3261.4846
51,16304.81,4670.4565
51,12918.428,11270.48
51,13146.547,15338.595
51,12208.103,5639.986
51,10673.188,14603.147
51,6850.9507,14556.538
51,8304.791,13975.699
51,9079.932,4740.6816
51,9781.399,13383.267
51,6707.387,14094.319
51,8635.724,7087.974
51,8724.8955,4026.2798
51,15148.912,5946.7104
51,8226.947,15509.335
51,13222.856,6277.5737
51,7617.321,9886.852
51,10958.248,3633.8862
51,12992.505,4909.651
51,10529.186,17427.727
51,11222.749,6328.7007
51,10455.601,6756.0244
51,7623.2837,12258.088
51,8220.782,5533.8794
51,11667.496,17027.428
51,13821.187,6041.744
51,10775.986,8592.349
51,8104.327,18751.9
51,12952.048,12862.105
51,13007.99,2187.5322
51,6910.897,17117.707
51,13775.668,6587.092
51,14127.318,1959.1658
51,11943.01,15062.499
51,5818.258,3660.9524
51,8404.488,19457.666
51,10409.537,11457.862
51,15867.263,4998.0347
51,11365.193,13649.964
51,8431.3125,15966.056
51,5742.2476,15341.468
51,11504.349,12943.214
51,14058.215,16796.785
51,7714.9087,772.7732
51,14158.071,17154.512
51,7899.1987,11337.148
51,6664.581,3424.671
51,5193.3335,4063.1924
51,14052.442,5126.8022
51,11025.879,12345.736
51,10402.296,13209.285
51,6394.966,11823.369
51,4213.023,16215.526
51,14798.654,1761.6564
51,8577.895,16316.732
51,11512.3545,14915.897
51,3490.498,3254.0967
51,11875.554,6380.6396
51,9937.479,14700.978
51,13678.863,12917.9
51,14723.838,4601.026
51,15506.175,6556.5737
51,7561.0503,15743.206
51,8086.413,14086.809
51,3136.5032,6890.715
51,8873.106,16449.52
51,10568.623,17247.215
51,9937.608,14927.242
51,2126.8923,13479.417
51,13160.806,14409.567
51,11505.622,6497.6333
51,6603.856,13001.922
51,7562.874,3918.5486
51,9376.644,5485.031
51,15742.651,3821.7822
51,3613.726,6991.173
51,7487.5356,5058.209
51,15205.856,1746.1459
51,8864.176,13386.829
51,11961.709,3230.2852
51,6133.1743,2543.5535
51,9706.581,13127.352
51,8367.837,5871.154
51,673.6054,4711.351
51,6949.6597,14507.914
51,5823.124,19765.314
51,8457.23,229.11964
51,5460.86,7170.239
51,5922.5576,12779.14
51,10081.936,13721.813
51,13331.641,13398.552
51,12593.831,17599.479
51,11275.223,16602.188
51,4676.5156,7154.877
51,10660.356,16139.582
51,1248.3052,3912.5068
51,15042.218,6844.982
51,8338.328,12570.773
51,10495.723,15097.973
51,6030.793,10299.064
51,10940.638,5337.1406
51,10432.804,7666.832
52,10000.0,10000.0
52,16320.274,12003.702
52,10015.317,15754.078
52,10213.569,4256.84
52,8101.9487,12796.798
52,8955.637,15585.802
52,3973.222,4842.9126
52,9886.364,15605.554
52,9951.911,13485.052
52,8198.008,17849.346
52,9797.743,10268.408
52,10098.75,4636.3306
52,8139.053,15072.055
52,9809.548,1159.6613
52,11818.696,15753.616
52,11586.325,9238.451
52,18433.89,4877.25
52,9339.63,12502.422
52,14831.018,14488.7295
52,2415.6584,5126.569
52,9168.539,15263.513
52,3775.9983,8441.887
52,8480.173,15083.466
52,11886.796,19180.352
52,14103.91,13530.36
52,12176.988,14897.197
52,13422.043,12158.947
52,18108.918,7330.9326
52,6913.524,13115.322
52,5750.843,17354.994
52,13922.698,6836.735
52,11658.643,15711.624
52,7804.3154,11397.259
52,14335.598,5481.3145
52,4517.8525,7510.4897
52,10105.837,14710.79
52,7620.864,11779.42
52,7094.8457,15149.117
52,8718.855,16904.154
52,9433.961,9761.601
52,12391.413,5665.336
52,9487.997,16497.785
52,4424.3125,8391.752
52,10099.298,14879.259
52,11874.948,11681.233
52,8037.7705,15325.141
52,10941.466,8756.924
52,15148.887,2597.5183
52,14680.351,1144.5808
52,5335.2573,14921.323
52,10071.265,4472.2207
52,9712.951,12780.581
52,14238.671,13078.752
52,2199.7146,7086.2925
52,13756.311,4490.046
52,7942.296,13990.851
52,6626.498,3000.8594
52,11292.792,16839.027
52,2728.7063,8315.764
52,6329.9985,17251.074
52,3100.2021,5242.178
52,9372.092,16545.148
52,9842.982,13199.55
52,12027.122,16420.89
52,9164.691,16086.388
52,5601.9053,2218.4333
52,10376.479,15266.826
52,8474.548,11324.073
52,5046.427,5954.1733
52,4096.326,17507.258
52,4238.226,2471.5312
52,6805.691,14640.568
52,19490.688,5975.106
52,4041.3882,12856.112
52,12097.882,3505.8591
52,6079.8213,14586.398
52,13865.774,4284.1978
52,13953.473,11159.815
52,12802.223,2560.2773
52,9377.015,14798.808
52,10496.579,15190.261
52,11852.328,17375.805
52,9897.6045,14065.586
52,10309.684,3064.179
52,12948.527,5783.195
52,13065.571,15591.888
52,12234.938,15515.141
52,9671.596,14304.931
52,16335.726,3900.1245
52,18333.387,11019.372
52,10031.322,11318.191
52,11903.441,3926.724
52,13091.441,14566.708
52,10038.854,3758.213
52,12314.902,13116.487
52,13626.049,16046.213
52,13492.031,16934.963
52,3451.6719,3309.4443
52,12059.323,9772.773
52,14172.208,5529.8945
52,9745.531,14692.17
52,9023.662,12317.047
52,9872.018,7028.8438
52,18878.3,6749.538
52,5430.2646,6706.4165
52,3283.2634,4245.1626
52,7839.557,13346.391
52,15716.011,5781.4287
52,8872.612,16478.902
52,13242.139,16331.979
52,13329.112,15242.008
52,13034.587,14698.991
52,9370.615,16631.459
52,11943.923,14365.142
52,16536.398,7211.0947
52,9990.073,13979.7295
52,11804.066,15433.776
52,7754.012,13871.378
52,14397.495,2249.3914
52,12239.132,14197.429
52,5551.6914,12081.98
52,7841.7866,14723.653
52,14478.038,17875.738
52,9512.41,16914.863
52,13271.598,8905.368
52,15490.193,4883.957
52,12683.71,12191.464
52,14085.153,2870.2375
52,6719.1704,13457.292
52,8152.8657,14861.736
52,16407.51,5205.53
52,13630.42,1825.6062
52,9609.632,13726.123
52,15199.04,13115.554
52,13803.441,18173.43
52,6741.056,6240.044
52,4831.9824,2653.7065
52,11296.214,16267.03
52,5075.296,4033.6416
52,9236.99,711.3934
52,7875.4434,4783.3584
52,11381.033,3850.5977
52,7869.7935,15326.922
52,10233.793,5718.9194
52,9931.834,13890.541
52,9679.098,8447.514
52,6428.446,5309.9595
52,8726.278,5824.646
52,11997.39,15795.933
52,13346.613,4173.575
52,7413.27,13046.88
52,11349.53,15414.347
52,8273.911,7288.3047
52,4540.7344,14186.637
52,8116.6943,15914.438
52,14268.308,6120.9175
52,11391.423,6208.891
52,11523.526,3206.5393
52,17270.168,3731.595
52,12589.749,16541.615
52,14878.417,7067.909
52,12444.514,1856.702
52,8302.65,14629.709
52,7831.992,2864.5999
52,9061.703,14662.569
52,10219.136,6569.584
52,8342.303,5344.6636
52,3783.7551,7679.0527
52,10537.18,13088.273
52,13416.825,5589.363
52,15058.248,16379.522
52,16009.524,18538.574
52,17571.936,5632.213
52,13006.056,12429.285
52,9481.541,16216.531
52,7554.018,5845.322
52,15704.075,5587.182
52,3293.5115,3025.907
52,6957.4653,14716.853
52,12042.789,18136.51
52,8583.888,2213.3162
52,7778.1455,14303.775
52,3244.7068,3121.255
52,13804.726,2655.765
52,7201.2363,12878.76
52,15057.189,7147.099
52,12233.002,2894.143
52,5299.0244,5824.2563
52,10522.777,13801.034
52,11308.379,17135.055
52,5362.456,13297.369
52,6004.903,5952.253
52,10733.916,14442.193
52,12068.691,13498.486
52,11012.443,17148.064
52,12041.075,12969.051
52,7659.813,14132.687
52,11089.506,17294.27
52,10147.521,8542.886
52,8352.218,15253.239
52,18466.76,11131.314
52,12135.438,15288.132
52,9138.788,3669.8523
52,9300.781,7568.613
52,3878.7356,5179.2314
52,8006.3096,13205.296
52,11975.01,13241.876
52,17887.057,5834.4575
52,5705.361,8171.1094
52,12348.58,14433.257
52,15448.27,13549.925
53,10000.0,10000.0
53,7346.7534,16034.697
53,4257.448,1567.8762
53,7975.3213,8804.1
53,9831.62,11701.876
53,7461.479,16640.357
53,4244.0283,4964.5938
53,9645.991,15758.875
53,10957.921,14094.382
53,11928.819,0.0
53,12420.452,7991.3545
53,6254.787,14050.708
53,15164.033,1056.869
53,9151.713,15705.731
53,6475.739,5584.7246
53,11146.799,4908.5312
53,3494.5503,3323.9001
53,13775.124,12813.086
53,15728.027,14676.003
53,13626.965,14318.279
53,7197.272,3765.4763
53,9378.486,8406.993
53,13337.153,11325.869
53,4990.306,4932.811
53,14364.201,5585.1885
53,12364.801,0.0
53,10529.738,13475.391
53,8130.5596,3595.8801
53,5615.3623,11520.997
53,7337.612,4901.657
53,2245.1003,2121.077
53,5443.2847,7554.695
53,2429.597,6839.5923
53,9942.558,13947.253
53,8418.506,14223.047
53,8469.9795,4386.4834
53,10039.694,13967.481
53,12825.363,3763.5374
53,20000.0,3921.2175
53,13962.307,7274.357
53,10704.356,6313.4497
53,13717.915,16223.13
53,7714.8286,20000.0
53,12338.492,14971.974
53,6000.3765,6580.749
53,11406.119,14506.151
53,13963.511,13130.78
53,11885.661,11554.737
53,3558.7869,5617.2817
53,3310.0063,18696.031
53,18495.367,2200.3306
53,14331.334,8280.064
53,2708.0195,14330.46
53,4706.8887,4729.6807
53,10647.042,14108.815
53,7373.5054,4209.3184
53,12174.076,3973.0835
53,13077.988,14734.843
53,2421.7551,6616.242
53,6918.944,3059.1206
53,8969.176,3360.2168
53,8997.265,13533.8125
53,20000.0,4083.2522
53,9919.017,3289.2422
53,9571.47,14105.1875
53,11755.484,14506.624
53,11340.791,3714.7527
53,15225.004,16082.235
53,10098.759,8113.1543
53,15501.227,5160.542
53,7582.7085,11935.321
53,12920.471,16030.376
53,10561.55,18107.234
53,17952.363,6071.2324
53,17433.15,6855.72
53,4281.551,8794.166
53,6410.2314,17156.285
53,14304.255,14413.018
53,7410.2446,5735.2744
53,5888.5093,5714.5327
53,9908.48,14990.713
53,7718.987,14164.118
53,14284.94,17497.352
53,3372.497,1374.8125
53,2904.2654,3583.8662
53,18189.95,4293.8823
53,15488.268,13583.548
53,15542.13,177.22998
53,13863.48,5219.833
53,11026.065,10445.5625
53,12620.335,16120.404
53,6215.4824,15438.312
53,12303.741,4172.9272
53,11913.148,1778.1959
53,14801.214,11082.734
53,4998.325,3026.0068
53,4033.426,2968.6143
53,3073.1768,2717.0369
53,6881.5903,4762.505
53,14122.707,14081.148
53,7727.552,4919.579
53,15435.423,6915.4883
53,8193.289,6221.6475
53,12396.339,12186.75
53,7263.047,5067.476
53,13771.16,1615.2368
53,7094.655,14176.704
53,3675.4934,5210.6646
53,5953.443,6320.0527
53,3720.6985,4424.633
53,15390.45,13581.3125
53,7439.0786,13659.582
53,1898.1958,5801.172
53,13068.345,4735.336
53,16095.723,5749.4434
53,12144.244,10641.004
53,11461.412,17031.865
53,12113.069,4086.8662
53,10155.78,15292.636
53,8622.804,8191.8716
53,4664.973,3364.1077
53,6012.8223,5483.6934
53,13550.809,6242.9233
53,12114.714,14902.311
53,15957.498,1514.2416
53,9658.253,11953.445
53,13794.59,11300.956
53,8105.747,14273.171
53,6650.2563,16304.084
53,15474.164,4347.0835
53,1847.1571,4252.9478
53,8492.958,16593.264
53,8230.896,421.84586
53,11341.739,5675.469
53,7873.576,1125.609
53,11311.335,10428.656
53,6012.921,7517.539
53,6077.816,15602.72
53,14306.185,3920.4043
53,8575.92,17428.664
53,9107.762,5742.735
53,8509.737,6499.1094
53,6543.888,13402.888
53,10867.816,15150.146
53,4802.36,11523.031
53,8444.825,13760.807
53,6945.129,4795.871
53,6489.834,14913.654
53,4440.9834,4800.937
53,12012.223,3723.1453
53,11322.019,11859.876
53,3425.8206,5016.189
53,4060.0955,3864.8098
53,12587.004,13015.219
53,10333.815,13073.745
53,9316.902,14369.659
53,8432.686,16540.314
53,11084.839,12815.717
53,11950.628,16772.477
53,10620.245,4761.546
53,8339.524,7398.9717
53,9066.825,12833.256
53,11116.163,3602.4902
53,9252.441,16409.277
53,10171.638,19843.182
53,9398.483,14210.236
53,6935.3013,10635.463
53,19228.844,4723.6978
53,8109.323,13230.664
53,13759.262,13323.54
53,14716.917,5054.154
53,11652.576,13991.293
53,8469.709,13501.868
53,6930.442,1825.6548
53,6911.43,7469.9014
53,10423.848,4307.284
53,15565.715,6986.712
53,8236.612,14224.715
53,9920.234,17487.691
53,13538.467,2975.0586
53,16308.865,5547.7847
53,11680.784,5535.219
53,9978.584,15437.585
53,15044.345,3928.1025
53,4062.4875,1256.2346
53,10749.235,19852.08
53,20000.0,5932.5234
53,6406.155,5831.745
53,9150.365,14621.895
53,12296.605,13067.214
53,4338.736,4447.813
53,9008.695,14695.07
53,7293.273,5856.171
53,3838.0767,7517.6704
53,9820.337,16597.654
53,8833.352,4337.17
53,11780.695,13593.046
53,9725.135,2863.2324
53,12430.23,4963.1045
53,16174.317,5576.467
53,9356.574,16930.45
53,17545.559,4074.482
53,9501.987,16175.354
53,12752.302,7171.147
53,9810.12,20000.0
54,10000.0,10000.0
54,9856.331,16890.57
54,9317.768,14148.448
54,5350.1875,13748.709
54,10046.489,3048.0151
54,4572.8496,11617.773
54,14577.057,4286.464
54,9721.69,15970.488
54,12884.083,15648.937
54,10170.383,14312.107
54,10571.483,17800.18
54,10508.488,14888.934
54,18878.365,6043.942
54,7545.761,14481.915
54,9836.242,6400.4556
54,9661.661,15050.2295
54,9529.8955,5999.0645
54,5414.777,16207.893
54,7785.7837,14259.146
54,6915.326,5454.0635
54,13791.428,14348.829
54,5868.2607,2282.7883
54,7779.266,2168.7424
54,9762.489,5441.4116
54,13188.093,5138.305
54,11109.199,12547.12
54,15088.42,3882.264
54,16653.94,3040.5725
54,8539.183,15309.446
54,8701.704,1275.4208
54,11229.237,16285.354
54,6140.183,14248.573
54,14970.421,7255.749
54,8925.311,10281.601
54,13944.053,10104.571
54,14788.625,3851.0173
54,2004.6252,1613.9039
54,10515.895,4818.329
54,15896.147,5145.133
54,12177.899,14854.17
54,14488.742,12145.58
54,11786.661,13945.93
54,19098.342,5977.414
54,9060.862,5218.5225
54,10861.746,4547.848
54,6403.0166,14529.934
54,13477.66,5913.574
54,9836.153,2144.6887
54,13082.445,4727.075
54,15114.945,5757.8564
54,12849.865,14206.189
54,8204.142,17754.543
54,7541.6855,19205.516
54,2684.8552,5719.4575
54,13431.241,5597.6387
54,4966.9243,1943.1056
54,14536.891,3794.3213
54,9830.147,3646.3918
54,5004.214,2193.0408
54,17950.51,6877.653
54,8478.827,13769.72
54,7695.015,17434.648
54,11900.049,17535.787
54,13329.97,15217.417
54,8779.596,5448.9805
54,7410.2046,4154.597
54,5397.9175,9195.468
54,9798.364,4158.651
54,6773.6074,8395.465
54,12657.357,17700.943
54,7857.7744,9096.183
54,0.0,5529.1646
54,11647.281,14313.488
54,14763.073,1175.956
54,13614.421,14311.203
54,12542.822,5879.783
54,9760.697,16538.477
54,9007.851,14291.708
54,12022.406,3848.5532
54,20000.0,6051.2925
54,14524.809,18822.44
54,9134.476,16569.191
54,11857.978,15727.35
54,0.0,6603.6675
54,14387.361,14302.3545
54,7429.559,2137.4775
54,5706.858,3144.5464
54,17432.707,3797.9204
54,13492.221,15414.203
54,11027.813,7612.984
54,11301.333,12385.977
54,7558.197,6851.33
54,11400.8125,13458.145
54,7450.2437,5907.407
54,17043.584,1163.8302
54,14807.444,4397.1577
54,6168.054,5288.755
54,5871.235,13303.001
54,9665.416,7865.9414
54,13194.738,3202.7378
54,13171.239,5467.827
54,10374.823,12855.438
54,2141.9194,6164.94
54,18437.236,8019.3936
54,13673.453,4416.812
54,8391.853,6503.474
54,4326.6753,3882.7227
54,8112.8535,3634.212
54,15291.803,6802.2354
54,12506.105,5813.5547
54,14478.368,3000.44
54,6078.341,4125.242
54,12817.441,8045.316
54,6877.5415,16851.713
54,6812.318,5162.6904
54,9350.699,13479.329
54,9384.471,6069.0205
54,12395.933,4183.7134
54,7502.6074,3669.4346
54,14677.461,3970.766
54,6385.7783,3969.1353
54,11033.907,5921.212
54,8166.8853,5556.504
54,12582.765,13894.931
54,12929.302,10941.684
54,13510.032,14240.059
54,9014.92,3135.2686
54,10783.29,13074.231
54,8642.275,18339.285
54,10099.954,14182.542
54,13132.896,12179.979
54,10441.056,7187.771
54,15407.726,8234.586
54,7998.168,14495.641
54,12583.221,3558.5007
54,17898.666,9322.164
54,13454.575,8091.288
54,15637.883,14281.093
54,5379.5767,17252.133
54,13416.546,2082.295
54,1863.4541,784.53973
54,11946.874,2425.138
54,6666.9595,4946.6636
54,8265.779,6792.9097
54,14496.522,6311.282
54,9233.237,10214.468
54,5972.2637,15134.058
54,12205.375,15136.274
54,5657.643,6986.436
54,1551.8049,5980.6113
54,6027.229,5455.183
54,3262.7673,4342.7563
54,14727.759,19499.943
54,12931.145,18358.66
54,7914.1094,3927.9324
54,8003.6484,17785.652
54,11756.451,3230.5894
54,4575.592,15243.127
54,8062.9136,5691.0547
54,9678.707,15927.218
54,15874.765,12385.694
54,17877.29,6119.62
54,14977.211,11140.416
54,3623.4194,4730.2056
54,10625.628,1695.3395
54,7604.6343,15650.6
54,4525.0083,3691.1653
54,14988.939,14670.319
54,8075.469,17531.062
54,5856.753,3766.7874
54,8503.557,12655.93
54,10815.476,14409.865
54,5277.1055,5804.579
54,8676.858,14073.718
54,8678.832,18895.98
54,10419.361,14198.634
54,5093.604,14098.857
54,14991.168,5454.336
54,3073.3955,5770.659
54,1636.5945,7051.837
54,14316.274,14751.778
54,14020.695,12555.013
54,10077.956,9825.81
54,9159.02,4235.185
54,11403.068,8491.431
54,7492.6606,6964.6646
54,9540.519,5462.8887
54,9363.044,6995.847
54,5473.138,8874.631
54,18590.762,1153.064
54,5185.5806,2312.163
54,15169.744,8327.459
54,12531.034,13131.415
54,2687.8289,5988.678
54,1428.7937,4443.342
55,10000.0,10000.0
55,8168.979,12450.207
55,16064.178,2590.7366
55,17969.865,5091.96
55,4049.4905,4961.693
55,8069.591,8045.6025
55,11090.166,15297.99
55,4279.326,6255.6
55,12270.754,3194.2556
55,10619.13,12286.467
55,14159.913,5672.562
55,17105.53,209.70474
55,10406.212,12789.371
55,9173.432,9498.257
55,8448.534,6028.883
55,13241.492,6785.4873
55,11707.022,5980.2715
55,7586.908,14914.931
55,1751.253,6669.7007
55,9169.563,3942.4414
55,7094.73,6897.2505
55,4058.9934,6321.009
55,13626.434,14990.816
55,8275.097,11151.619
55,11802.631,16498.21
55,10801.775,3890.9165
55,12413.055,16744.684
55,4301.16,2158.1821
55,5926.749,5329.7646
55,14693.165,15746.024
55,8098.9263,15204.892
55,15860.379,15318.999
55,10890.43,10309.675
55,5929.2983,18127.488
55,5511.8804,4114.147
55,13600.6455,5244.932
55,5320.5625,14472.414
55,17789.488,7306.279
55,6074.2236,3382.5842
55,12239.534,17230.553
55,7265.5415,15370.52
55,14498.204,9455.258
55,9626.76,5507.8066
55,13072.146,13935.407
55,6633.175,4649.201
55,8333.33,15296.96
55,11378.131,16929.543
55,11610.135,15897.061
55,13443.595,4455.879
55,0.0,6845.703
55,9561.322,4026.7153
55,10089.285,11829.14
55,9319.174,19197.322
55,10855.718,7164.5894
55,10648.048,17160.352
55,4092.1135,3942.3022
55,5215.5493,2018.7599
55,11608.494,8239.167
55,17708.863,6857.601
55,9621.865,460.08243
55,2804.561,5510.3623
55,15223.879,10798.592
55,13474.738,6004.804
55,5251.477,6889.856
55,10099.516,13370.419
55,4005.8975,434.85593
55,5272.5684,15296.584
55,7233.938,12649.7
55,12877.564,15795.143
55,5752.808,526.83234
55,11807.965,15758.647
55,7267.186,8796.691
55,12274.675,3574.2427
55,14385.764,5185.1245
55,11649.612,12805.848
55,14450.393,2900.0056
55,8984.847,14576.265
55,10225.575,15785.646
55,6279.149,5255.856
55,10407.014,1856.4192
55,8567.057,14675.29
55,13080.306,6577.3276
55,14157.366,5888.6997
55,9052.674,5761.5317
55,9355.605,14706.532
55,10012.4375,13399.868
55,11458.097,2068.9983
55,11549.917,5495.098
55,8760.086,16078.604
55,12169.216,14522.823
55,3077.6614,10468.501
55,8816.5625,13406.768
55,9381.344,15516.217
55,10229.72,12721.36
55,5582.489,15286.6455
55,15183.893,13685.1455
55,17402.076,8872.188
55,12065.437,12225.417
55,6416.6196,6802.7803
55,7582.9854,13658.712
55,6580.25,15305.846
55,13567.869,6285.103
55,16713.549,3884.0874
55,10349.103,19108.123
55,4349.6475,3852.4443
55,9844.014,4410.0825
55,8914.572,16283.601
55,4999.363,7633.3315
55,8840.936,12787.793
55,10126.346,13180.95
55,14160.202,2052.1013
55,6710.5215,5845.5796
55,7507.7124,16836.37
55,5507.929,16829.754
55,9630.632,3565.1619
55,11195.976,14753.436
55,5591.029,6373.586
55,5156.8154,13482.358
55,8515.377,13751.413
55,7570.8228,16148.323
55,11912.1455,4792.9487
55,17478.506,6145.6177
55,7745.0464,16558.314
55,2650.2593,6635.943
55,4780.7427,6051.7456
55,12559.273,15956.816
55,13964.42,16308.939
55,9236.567,18222.209
55,14178.39,18481.016
55,11100.659,15691.711
55,8612.004,13524.469
55,11297.858,10093.828
55,8404.515,13953.522
55,5038.667,14736.165
55,8049.4116,5961.04
55,11856.863,14945.965
55,5752.7646,7022.5405
55,2511.5857,5728.16
55,6581.552,3642.0994
55,18072.066,3500.3306
55,6499.409,2395.9133
55,9907.775,10318.004
55,10433.764,19375.107
55,10753.482,2792.8965
55,6499.673,14912.927
55,13770.945,4384.2886
55,8758.639,13882.836
55,7808.3906,4604.621
55,12527.279,4295.269
55,10329.243,12871.387
55,13993.623,7026.9756
55,15383.294,7523.636
55,8758.238,15572.588
55,7922.1904,13283.018
55,13622.698,14833.798
55,4678.96,2571.94
55,6268.26,15599.662
55,9649.369,5879.327
55,3033.8088,6145.9565
55,4477.0034,1617.9514
55,12918.845,15718.758
55,7510.6724,3096.8848
55,7224.5674,15845.512
55,13132.051,15066.38
55,14801.375,3231.534
55,13179.444,6337.1274
55,7805.3975,493.03506
55,4130.4697,3471.1023
55,8596.722,15674.842
55,12923.138,4420.737
55,6850.0674,10972.366
55,19320.73,5466.468
55,10798.525,10881.366
55,12672.443,3615.7456
55,11811.821,17046.348
55,7423.9253,16333.684
55,695.3355,8987.002
55,9652.42,1313.7686
55,13536.788,15414.514
55,17539.432,1062.5317
55,10225.706,13389.435
55,4989.7095,4404.003
55,6735.168,12655.327
55,7506.73,3478.7932
55,10868.688,4596.4243
55,11493.68,6437.793
55,13747.884,13711.244
55,13737.393,13878.748
55,6467.755,6489.8574
55,4758.6685,17930.049
55,5145.713,14177.583
56,10000.0,10000.0
56,8691.801,8554.062
56,11184.577,5610.372
56,6790.9814,13034.608
56,15364.322,10863.961
56,7995.168,17556.322
56,9659.661,5411.399
56,9920.157,14228.082
56,10633.116,3475.645
56,17076.893,1975.9539
56,8691.387,15314.004
56,12696.558,16256.2295
56,5475.927,15956.399
56,9856.858,504.2337
56,10425.865,15029.908
56,4118.002,2091.1387
56,5512.9673,2790.0754
56,16163.548,6469.5557
56,7083.3604,4223.629
56,14629.994,6868.2373
56,10353.928,4699.485
56,7417.0347,15166.621
56,4078.3,3897.6704
56,5361.488,17176.932
56,12239.716,15407.825
56,15278.916,3966.6946
56,12746.772,13072.926
56,8450.963,4497.4717
56,12358.886,14891.531
56,9869.847,12723.954
56,11564.769,14845.398
56,7970.4175,9324.463
56,18226.377,5660.9033
56,4711.9224,15137.766
56,11180.229,14268.33
56,8192.385,17756.463
56,7862.1807,5091.059
56,6336.8267,4768.5215
56,12344.117,16116.257
56,7836.242,15739.584
56,6817.8677,5259.665
56,15213.835,14397.6875
56,8635.149,13962.989
56,4476.042,12905.872
56,7736.8022,6054.551
56,11317.369,13363.293
56,1378.0736,9817.251
56,2963.8557,6695.786
56,9990.352,14744.435
56,6133.594,7629.195
56,8740.27,13902.603
56,12043.827,6075.3843
56,3129.9028,5349.8486
56,7176.597,818.88605
56,10704.425,15463.16
56,6679.175,6284.4365
56,10390.083,3019.2485
56,7790.09,14789.338
56,1476.4095,2742.4158
56,14255.164,16027.443
56,7334.3906,6302.4526
56,10079.116,14955.906
56,4373.22,8783.107
56,8097.36,15397.989
56,17218.627,8764.426
56,4008.5325,7521.3335
56,8523.085,15453.357
56,9661.326,15185.23
56,3355.871,15207.933
56,9622.951,3516.4492
56,12179.616,6013.5176
56,13224.767,12261.556
56,9581.814,14050.102
56,9014.969,16237.318
56,10293.918,2047.2562
56,8964.595,16836.244
56,9531.441,4589.9146
56,2156.763,8284.813
56,7135.7036,2488.8977
56,7812.1416,14532.205
56,2740.248,3690.2107
56,9395.102,16986.715
56,4982.918,16615.688
56,13285.648,12288.214
56,7841.2925,6281.8633
56,10128.638,14190.948
56,10715.9,13455.446
56,17255.916,5883.607
56,8318.454,4522.307
56,5626.6294,15894.646
56,15641.158,6055.8354
56,9334.663,5853.307
56,3937.65,5238.1616
56,12061.718,14619.953
56,9296.645,3445.8735
56,6897.3423,6222.914
56,2727.2354,2718.782
56,16402.295,7118.091
56,14359.678,5439.237
56,12132.4375,7342.865
56,3776.9172,4809.5107
56,9623.27,16364.827
56,14273.811,3010.1628
56,7905.9487,13399.15
56,9652.386,1505.2786
56,13134.252,17536.81
56,8966.101,16440.822
56,3848.5273,1775.927
56,8033.461,12926.585
56,16265.365,1798.1959
56,11772.63,14661.957
56,6354.9995,11869.237
56,12461.165,14837.041
56,7799.614,2677.3333
56,10651.72,1178.4296
56,12432.057,7176.7563
56,11757.264,6295.1494
56,6385.796,3258.3499
56,10263.717,12718.96
56,13266.327,817.49896
56,3634.6768,4826.8037
56,9292.062,5393.4863
56,9740.008,17176.756
56,14071.414,6694.733
56,10393.727,18098.908
56,7363.76,4930.1
56,9647.96,15888.936
56,5267.158,5201.9336
56,15738.95,14917.622
56,12223.098,16487.37
56,16707.197,6041.3086
56,9952.976,13694.123
56,11803.623,3777.997
56,5429.202,10226.625
56,18795.203,2565.5552
56,10388.811,16790.613
56,12301.346,18504.012
56,10276.351,5915.0503
56,11267.498,2152.4392
56,4896.2065,4532.1587
56,18542.77,6815.1514
56,9109.095,16036.258
56,5915.86,386.93378
56,8103.2153,10920.465
56,12664.04,2691.0327
56,6358.1465,14081.841
56,10036.14,5925.171
56,8220.104,12241.306
56,19720.918,5480.907
56,14088.225,3617.4963
56,14970.187,6136.5986
56,4250.3433,5687.4224
56,15754.785,11548.799
56,16952.338,9345.217
56,13914.359,14609.948
56,12576.684,15330.244
56,14292.338,13288.454
56,18281.004,3432.0173
56,13957.675,2571.429
56,8576.566,13200.696
56,13081.596,7018.926
56,10506.28,10432.838
56,8712.224,7345.8525
56,17478.916,3298.7312
56,19631.31,6875.79
56,10629.87,8799.114
56,9870.557,12712.737
56,14570.2705,15335.412
56,5282.9287,17370.262
56,9921.192,4831.9717
56,10029.259,11850.74
56,13039.969,17430.508
56,14111.814,14943.541
56,16833.623,7083.0884
56,10760.6,12811.677
56,9225.559,14013.868
56,7910.047,7397.017
56,10517.248,12559.298
56,4500.279,3047.7761
56,3281.483,4209.6953
56,7617.0986,14865.55
56,14135.01,13897.218
56,11414.8545,6373.2446
56,14638.767,16769.854
56,5862.852,5804.4077
56,3785.219,7154.369
56,9454.512,5882.2476
56,10819.975,14139.592
56,7273.7964,4171.68
56,18538.963,4674.0566
56,14556.054,17312.4
56,16434.006,12907.138
56,9545.631,15750.873
56,15998.357,4400.475
56,10710.608,13449.248
56,3886.5483,1046.8522
56,8553.39,3182.673
56,3637.8442,7133.7246
56,2120.488,4625.6016
56,5114.6763,4055.6038
56,12633.221,15686.557
56,12503.914,17552.646
56,15025.611,15758.017
56,13294.242,12817.035
56,12881.808,7137.6387
57,10000.0,10000.0
57,6511.384,10713.628
57,7372.907,4235.0435
57,5075.083,9386.892
57,11549.261,15812.93
57,6848.504,4843.8857
57,7947.339,17429.86
57,12129.548,17149.408
57,8472.022,3954.5806
57,11354.488,16777.162
57,11407.568,6596.604
57,4220.9487,4274.1724
57,8248.82,15090.65
57,10328.469,4116.3853
57,6647.2646,1673.7241
57,10611.363,5449.824
57,10111.779,2805.2605
57,12581.441,14700.9
57,10714.161,12656.2
57,14889.896,12206.55
57,6662.624,0.0
57,16337.867,4406.821
57,13328.082,17564.002
57,8854.557,4640.355
57,3272.901,884.7766
57,5158.403,13765.621
57,8549.222,15490.384
57,8974.589,14731.2705
57,9109.19,11219.967
57,6726.92,15352.51
57,9132.203,15074.014
57,11357.426,14487.643
57,4643.158,407.59406
57,13919.459,17846.773
57,4880.7485,1462.4396
57,13247.319,14201.82
57,11308.297,14360.449
57,4112.8794,7603.765
57,11449.827,10783.382
57,10116.283,13350.511
57,6726.4214,3150.5703
57,13251.842,13083.575
57,9107.714,15032.146
57,8194.502,16635.28
57,10966.894,13498.719
57,16569.053,16226.248
57,13069.899,13087.891
57,18507.908,4557.3003
57,12852.123,4933.5024
57,7645.841,6047.37
57,14588.961,2753.4443
57,12051.608,2938.8535
57,6021.3784,17910.135
57,13110.348,3064.5913
57,10739.958,12049.999
57,5744.0703,13606.247
57,4312.0205,13721.122
57,8944.358,15667.981
57,5072.118,4813.3843
57,6504.6235,16296.844
57,9235.773,13036.14
57,4153.4976,7344.489
57,6022.1465,11439.614
57,9873.282,5771.4663
57,6430.351,14266.4
57,13010.541,4943.2676
57,10855.564,6638.351
57,10253.55,14552.699
57,15344.702,9064.962
57,6517.799,17383.896
57,6549.1445,13810.464
57,8595.563,14880.206
57,18564.15,5448.08
57,11583.64,13495.076
57,16287.778,5829.5337
57,11281.17,11427.271
57,3667.5508,5503.2407
57,6007.6816,3985.3965
57,9640.162,15080.293
57,6064.1265,8397.781
57,14091.735,12168.233
57,7145.449,14634.489
57,13308.894,4921.7173
57,6753.755,12449.308
57,16715.42,14204.647
57,5879.618,8272.923
57,12484.892,3738.5325
57,10950.723,15773.991
57,13251.588,4463.657
57,13158.447,3779.1243
57,12088.497,17305.268
57,12416.006,7827.971
57,4797.364,4525.0874
57,11840.517,16718.244
57,9515.309,6151.013
57,5916.1875,14887.865
57,5592.77,14761.73
57,5137.1685,18694.984
57,8135.8584,5637.7646
57,11535.38,8206.708
57,13409.294,6287.792
57,7111.9585,15940.148
57,9956.338,3049.0957
57,8029.4272,7422.1836
57,10573.711,15425.914
57,8318.496,13700.897
57,11131.719,14853.499
57,16935.537,5480.993
57,6770.2437,3759.167
57,5764.7935,15127.457
57,11296.133,13718.434
57,11479.338,14435.026
57,5262.9297,5946.0493
57,13858.383,3999.4575
57,3108.9978,2341.4604
57,11147.148,18232.58
57,14202.017,14407.434
57,13758.569,10887.748
57,17247.193,7917.983
57,10700.511,4703.4336
57,8566.327,6882.0044
57,16954.064,618.8425
57,6551.006,13672.68
57,8426.483,9665.982
57,15255.285,4978.1484
57,2164.1965,2870.5
57,8503.595,9425.51
57,4333.5605,4607.443
57,11357.5625,19103.95
57,3061.5232,1350.8397
57,9506.56,1893.9987
57,19854.404,5894.0156
57,12759.291,6531.3477
57,9722.2,13645.416
57,9564.721,13188.164
57,6757.607,13406.67
57,3190.5588,4691.4463
57,13015.383,5204.597
57,15183.979,18315.578
57,5482.505,4799.3916
57,9956.038,14500.731
57,8573.394,18886.705
57,7303.6147,15024.126
57,9740.832,15093.378
57,9282.334,3306.5142
57,7854.4233,15429.375
57,7601.843,6284.2666
57,3213.311,13732.569
57,14299.716,13076.197
57,12807.801,11982.942
57,8418.915,10261.559
57,12224.576,5038.653
57,8696.7,16220.166
57,10166.828,5846.1675
57,8396.698,5080.1265
57,8840.846,4132.9644
57,10092.759,15314.993
57,14039.959,0.0
57,8930.904,15855.06
57,13954.362,11690.106
57,10709.448,12951.107
57,6978.3135,8835.712
57,11265.843,13488.103
57,15939.299,9194.484
57,12070.748,12005.559
57,13691.557,4043.022
57,4577.3247,4602.1665
57,8939.828,13784.118
57,6581.7993,11370.9
57,8902.397,8478.426
57,9105.881,14238.48
57,0.0,233.416
57,9727.63,15657.902
57,3325.3376,18269.574
57,6024.7754,9773.024
57,11822.516,16778.79
57,14631.768,3673.8967
57,7677.892,4896.4624
57,9905.477,2968.2566
57,5817.938,6461.6353
57,5612.8877,10930.63
57,10160.129,16525.537
57,7431.849,4784.363
57,12277.252,7932.8853
57,10797.739,8700.548
57,11333.613,4581.5747
57,14722.24,955.7377
58,10000.0,10000.0
58,2312.3909,7678.14
58,10803.247,13499.191
58,16425.578,5270.3423
58,11760.811,8134.391
58,6995.1465,2797.3042
58,7524.2524,4383.3496
58,13374.844,14236.5
58,11043.8545,13947.005
58,8993.224,13513.719
58,13761.278,4240.2646
58,11431.731,7571.493
58,8261.541,15446.128
58,3193.9001,2290.4976
58,640.9957,4544.701
58,7261.4966,14526.0625
58,12256.668,15923.654
58,6969.9883,5556.3325
58,7477.0947,5771.961
58,10272.153,2489.737
58,11052.178,3349.2273
58,12483.673,14951.313
58,9615.663,4246.9937
58,4364.64,7717.7236
58,9605.301,6847.939
58,8382.358,10404.679
58,12233.905,8579.788
58,13578.088,5372.056
58,9803.777,14938.001
58,6049.926,6286.844
58,8842.256,13727.8545
58,13504.257,5602.9907
58,14648.998,15063.52
58,9303.788,18540.438
58,9860.1455,15477.335
58,6857.134,16413.297
58,10669.584,8216.033
58,3552.3813,5413.8867
58,10309.267,12242.869
58,7466.593,2430.3882
58,13747.019,5351.4233
58,8816.909,14511.185
58,5138.4385,15890.377
58,4665.925,16447.518
58,7968.2505,16917.969
58,3063.502,6953.159
58,5966.8867,6918.774
58,9694.315,13980.479
58,9897.797,16072.6
58,8721.949,14110.508
58,8361.707,11266.717
58,5811.747,6559.0723
58,5454.379,13153.634
58,981.95667,8051.054
58,10752.408,5761.794
58,6871.9673,16974.373
58,7060.366,7100.955
58,6712.257,14676.875
58,17668.533,5697.2876
58,3213.5364,1830.9515
58,10621.205,16244.476
58,15381.097,15651.135
58,11775.323,14619.324
58,7124.921,14877.048
58,14185.583,14894.125
58,10900.2295,12526.817
58,6009.7764,7249.909
58,8684.943,12906.657
58,3394.4001,15469.036
58,5444.264,4509.621
58,11656.9375,1947.5303
58,13682.088,1052.8251
58,16638.77,5323.441
58,12611.439,15923.793
58,10054.795,7752.322
58,5045.7827,5820.427
58,13610.369,15481.964
58,15502.033,7361.1226
58,7296.6875,4181.844
58,6489.1094,14199.983
58,9952.116,2446.8748
58,13586.8955,2226.093
58,4570.048,8323.245
58,16041.158,8342.612
58,13854.375,4526.0396
58,3048.0198,16951.467
58,7928.1914,15122.589
58,13220.958,16092.848
58,5607.193,2393.9453
58,5312.5703,13042.746
58,14593.866,5853.3354
58,13225.425,13596.18
58,9196.886,14327.318
58,3363.1423,3553.01
58,6299.356,3562.239
58,14202.309,5042.586
58,6097.6855,8549.19
58,4444.3457,5615.9434
58,6288.4585,16361.1
58,10028.357,13257.084
58,9850.787,12991.532
58,6909.8345,6236.2676
58,7539.89,6452.21
58,8212.482,1528.7097
58,13297.535,2431.077
58,519.84985,4159.1963
58,9856.645,545.1028
58,9500.376,13649.083
58,11214.617,13698.743
58,8408.911,12545.547
58,5669.477,16388.35
58,14461.61,4455.1353
58,10811.153,8107.545
58,5054.015,13063.458
58,10451.288,16092.585
58,7726.39,14651.065
58,7680.426,17559.865
58,13419.287,16963.428
58,9912.271,16540.225
58,9916.783,16110.857
58,18750.758,3875.9092
58,11697.987,4273.7373
58,14174.909,14196.76
58,7467.662,15698.625
58,9052.205,6643.3433
58,8223.382,13872.132
58,3775.2922,5693.087
58,8854.451,12506.885
58,16882.285,5382.092
58,10527.967,14384.803
58,12862.543,13446.992
58,6363.7583,3534.016
58,11821.774,15022.394
58,11631.244,2263.5398
58,8704.368,14121.856
58,19111.195,6271.911
58,12273.103,14875.027
58,7841.6978,17836.59
58,16724.125,6147.9395
58,5005.175,12339.546
58,12739.772,5225.8
58,8989.876,18480.676
58,18051.422,4857.692
58,17210.867,6396.8975
58,12713.228,12879.977
58,15208.526,2476.0034
58,3546.8486,6504.7026
58,6529.8335,4924.3486
58,13212.011,18721.303
58,7707.3247,18217.588
58,10187.525,13235.657
58,7372.985,11552.229
58,13879.769,15228.199
58,9353.3125,14913.692
58,7461.521,14163.397
58,9087.452,2558.453
58,13621.467,13034.126
58,14186.831,1553.105
58,8700.094,13143.344
58,9691.912,14538.979
58,13706.921,15306.123
58,12662.974,13680.579
58,7303.995,13770.442
58,5267.0537,4167.9355
58,7953.624,16577.764
58,16758.238,8175.8677
58,11536.841,5780.0938
58,19862.873,6323.6514
58,6665.923,3008.9304
58,11670.496,12828.486
58,9531.818,13900.004
58,10018.434,2102.9412
58,8842.232,2893.588
58,7611.416,2010.9534
58,15811.283,17293.568
58,6360.327,12505.456
58,8943.654,4472.392
58,8444.38,4779.842
58,9174.361,13698.422
58,11383.664,15016.52
58,7879.001,14605.092
58,9175.958,15128.861
59,10000.0,10000.0
59,2962.2273,15113.833
59,15457.169,6542.344
59,11546.252,14497.041
59,7186.5923,15662.5205
59,8098.5024,12666.28
59,15353.86,6217.762
59,8319.911,3479.9734
59,4806.237,2464.6885
59,10232.92,15299.432
59,11476.093,14202.598
59,6465.2485,4388.8467
59,5642.772,4945.0967
59,9066.222,5825.15
59,3592.5232,5243.5557
59,10230.837,4890.481
59,11489.381,15410.884
59,10625.767,15839.882
59,4444.0186,11423.644
59,6760.1826,11196.845
59,6842.558,8588.503
59,3887.4302,7341.5454
59,12778.182,7208.643
59,13392.53,17434.658
59,5581.666,5222.089
59,10085.386,12391.364
59,11561.316,16891.955
59,16379.547,6568.0645
59,16907.947,3681.107
59,2960.0725,17148.15
59,8858.119,10013.788
59,16309.02,3664.77
59,3422.3906,14736.498
59,8551.882,4235.0312
59,7610.724,14943.646
59,12480.936,2326.6936
59,7500.5386,15417.83
59,15852.994,8777.554
59,15675.982,13654.405
59,13774.893,12586.05
59,7384.3447,3602.0508
59,8913.179,15346.699
59,18359.629,4723.2476
59,11545.087,19242.762
59,4908.1943,4847.9497
59,6558.3813,14602.281
59,10949.289,13937.729
59,7705.556,5358.508
59,11715.855,11007.387
59,18930.979,7189.071
59,8957.264,4723.992
59,11150.698,15195.118
59,11273.881,18588.592
59,5054.8413,12299.587
59,7059.3936,5656.092
59,7028.382,4344.897
59,18130.367,5829.368
59,12217.875,2447.7969
59,4727.284,17845.145
59,10796.781,15547.542
59,8943.927,14482.94
59,9168.32,9623.492
59,11796.043,17076.818
59,5228.515,17887.803
59,8078.384,8720.612
59,2671.3225,7376.008
59,7423.6694,15796.705
59,15034.92,16241.239
59,12730.108,7684.153
59,13575.104,14816.466
59,13693.275,15337.836
59,17390.719,4868.229
59,7754.5845,14306.841
59,6577.7065,8457.464
59,10710.309,15677.335
59,9206.071,6738.916
59,15321.283,17230.48
59,11902.017,15772.174
59,10316.7,16190.171
59,13294.167,7449.3413
59,13723.061,13154.854
59,5285.92,4672.673
59,12556.379,17172.668
59,15690.999,6548.5825
59,4327.7876,12795.479
59,7384.8286,14009.581
59,7293.266,5568.577
59,15746.473,4757.6816
59,10521.335,17119.373
59,9867.26,16591.91
59,14350.649,3294.3906
59,13820.146,12534.96
59,11043.806,8110.9404
59,821.00696,6320.4976
59,14257.225,15306.62
59,8982.167,12011.369
59,6619.252,2317.7769
59,18595.51,513.8437
59,13255.764,6752.2983
59,11704.325,17368.951
59,16156.194,6080.4746
59,16146.741,17842.424
59,11566.419,14909.586
59,12296.917,16718.791
59,11237.987,8163.5605
59,9623.041,3529.5496
59,14067.476,14193.522
59,7952.368,3966.3938
59,2707.361,4340.5557
59,9662.197,0.0
59,9292.331,12911.039
59,12872.778,13908.826
59,12252.172,12504.128
59,8703.655,14512.009
59,9315.343,12940.013
59,8688.244,16105.925
59,803.93176,5024.2134
59,12071.92,13989.8125
59,5913.74,16223.602
59,5824.421,7148.4287
59,10813.04,14044.375
59,11265.595,3560.6467
59,9999.234,0.0
59,14437.356,12718.033
59,11810.722,14850.175
59,6281.163,4663.246
59,14918.561,5910.914
59,11686.671,5168.9746
59,7878.2705,12694.534
59,6546.4673,4041.6963
59,7960.806,3625.3284
59,17897.357,3974.4053
59,10938.7,15406.956
59,17650.0,8387.37
59,12519.4795,16498.578
59,13361.964,13271.874
59,8605.06,5241.62
59,11352.934,5599.8013
59,5399.968,14337.716
59,12148.042,11108.892
59,11892.173,13926.092
59,5839.5356,16070.236
59,9074.336,15509.998
59,8341.88,2489.4023
59,4951.188,15600.981
59,12711.308,2654.12
59,7239.9062,15558.795
59,10304.968,18646.14
59,12434.432,16366.663
59,13431.017,16566.85
59,13076.609,6263.833
59,11094.101,15140.887
59,6753.9277,15995.383
59,10825.954,15821.127
59,10561.138,17572.375
59,9710.232,18209.746
59,14184.494,14102.842
59,11267.611,18137.355
59,10625.117,12305.291
59,6990.946,4278.4546
59,9333.312,4439.8315
59,11925.777,4557.878
59,6063.6343,7460.587
59,6031.5933,16175.8125
59,8389.451,15377.865
59,2491.51,5374.524
59,9391.965,13009.996
59,9844.339,14078.335
59,11915.675,13108.502
59,9231.258,8467.513
59,12259.005,3972.9087
59,13232.014,15837.095
59,15257.907,0.0
59,8066.845,5037.267
59,10670.39,13790.6045
59,14017.597,12978.553
59,5261.914,17957.434
59,12000.7,10935.471
59,12359.519,0.0
59,7927.648,16747.855
59,9581.64,5295.123
59,5707.956,2812.819
59,10594.83,15526.115
59,7901.012,6802.72
59,11417.962,12508.051
59,5935.7026,5662.5894
59,10319.704,12139.735
59,7534.2866,14313.053
59,5214.225,14997.507
59,7783.4224,2464.6274
59,13297.349,12553.071
59,15232.341,17388.244
59,7765.075,1653.9835
59,8141.5137,2747.4084
59,9196.038,14403.032
59,6353.043,5173.5293
59,9644.963,14192.594
59,12595.713,15012.831
59,18618.95,7072.115
59,9429.102,13869.076
59,11669.658,16452.854
59,9824.721,3837.0322
59,6384.6733,19825.932
60,10000.0,10000.0
60,11023.849,13781.077
60,10523.286,7185.027
60,8409.755,7005.753
60,3435.6587,2674.0305
60,6185.2896,6369.687
60,12373.333,16175.749
60,0.0,7152.0215
60,10752.282,13583.894
60,4776.2637,14660.033
60,9399.6,13273.903
60,9045.801,14276.495
60,18027.787,7850.8477
60,6555.085,13540.515
60,7716.0303,16884.18
60,12527.312,15357.664
60,13024.963,4212.813
60,8567.313,15494.166
60,13499.151,10878.887
60,8646.852,13638.944
60,15324.26,9551.717
60,10184.279,3817.9202
60,11030.5205,2933.05
60,11553.693,13191.949
60,13136.361,14139.183
60,6185.122,16877.729
60,4391.5103,529.14276
60,5353.149,5974.134
60,6467.189,18506.848
60,8032.7446,6831.7583
60,10623.168,8604.754
60,2103.8354,3951.87
60,9087.559,13087.221
60,15974.149,3202.5752
60,11640.183,6796.235
60,10788.275,9439.843
60,13830.509,1411.2166
60,15971.632,7578.2583
60,19105.012,1974.9913
60,4955.8486,8084.893
60,619.3401,5238.6323
60,14008.955,5035.994
60,15327.506,14611.019
60,9443.679,3362.1116
60,6776.5215,15429.544
60,11062.334,6634.4116
60,8503.786,4549.813
60,9727.639,16068.544
60,12002.82,18484.354
60,18388.79,2173.8962
60,9924.695,15497.677
60,13578.959,15900.353
60,16596.346,4934.7285
60,6287.098,4474.359
60,12876.43,14700.451
60,9485.476,7285.553
60,18502.436,5123.558
60,9169.756,735.9192
60,8451.08,824.75336
60,11008.143,6578.9155
60,4859.7515,15565.2705
60,7818.626,13936.596
60,13034.6455,5655.8105
60,13867.219,16627.29
60,7854.0225,14770.942
60,11357.122,3075.2913
60,14910.548,3147.5244
60,8124.8823,13880.42
60,12151.04,4801.2285
60,4203.7075,3135.8738
60,15797.281,4938.3247
60,13886.056,15342.372
60,7940.103,15384.825
60,3464.3315,7686.8584
60,3133.5498,2266.9138
60,14558.408,6938.607
60,8310.735,18964.408
60,10450.658,7397.4272
60,10945.979,12748.587
60,15004.732,4798.2993
60,15681.655,3196.3176
60,7442.8594,15583.148
60,7757.8545,14963.769
60,12047.358,17087.695
60,13313.341,5451.183
60,12387.196,16102.286
60,13043.273,13832.296
60,6615.1567,3195.8323
60,8659.596,9050.722
60,2112.6787,7421.75
60,17750.207,7676.2236
60,14936.534,18956.152
60,9092.856,3425.0002
60,4375.231,7559.36
60,9336.228,15764.521
60,4134.5156,7696.3257
60,14119.499,367.19614
60,4226.388,9403.335
60,8140.8945,3777.7983
60,7693.733,10812.861
60,13397.541,18208.848
60,7627.8193,17034.309
60,7031.1304,14522.821
60,9875.699,15035.774
60,11475.14,12752.597
60,7726.071,15415.322
60,10779.162,15492.897
60,15009.761,8241.915
60,6510.4272,6307.396
60,8709.095,14015.574
60,6885.3296,1600.562
60,19601.574,4203.7344
60,8188.8364,13515.7295
60,0.0,5370.8203
60,9795.522,12832.683
60,15398.982,2670.581
60,9138.302,10406.572
60,4826.531,15286.335
60,11080.518,12730.976
60,17506.957,12425.74
60,8292.196,15012.17
60,8953.448,6339.931
60,6662.1733,2091.5317
60,12097.875,11715.091
60,11139.159,11699.407
60,12175.659,3527.4963
60,13803.588,6834.4863
60,9323.346,14026.033
60,3545.796,5458.0493
60,13080.586,13174.659
60,10132.263,14639.72
60,10709.382,7911.539
60,10477.187,15945.767
60,5384.9653,5354.005
60,5044.3496,4548.015
60,7862.4287,16042.294
60,11891.412,14108.393
60,9454.491,16233.08
60,9653.247,1394.9631
60,14069.6,16324.233
60,2831.8467,7886.3677
60,7999.736,4202.9893
60,13685.897,10796.579
60,7790.311,2304.4897
60,10723.4,12726.887
60,12340.342,15109.217
60,10798.641,14829.335
60,7103.618,13187.914
60,10912.061,12270.287
60,11865.814,11387.793
60,5432.5464,3163.9368
60,9717.999,15966.367
60,5964.9854,15020.828
60,15544.664,16911.451
60,3968.9014,2708.9954
60,8272.886,6202.403
60,12870.298,13717.192
60,6762.114,7457.2095
60,7183.5923,14950.894
60,10176.482,5764.389
60,14174.898,3494.6665
60,10564.683,14125.106
60,14018.207,15016.801
60,10791.126,18017.635
60,13128.087,16022.089
60,15711.343,6781.6436
60,9241.528,15960.917
60,1923.9617,8547.01
60,15183.534,5429.7793
60,11882.556,16339.162
60,10728.628,15301.438
60,7936.3535,11608.745
60,2671.6929,4251.5913
60,4786.23,9936.09
60,7572.5854,8487.431
60,13877.013,15245.48
60,16181.784,6416.508
60,14392.639,16466.766
60,10253.281,17743.05
60,12326.775,13834.678
60,6636.0537,12923.096
60,9064.444,15468.63
60,6585.1465,4297.6147
60,14242.508,15746.154
60,14073.78,2835.6653
60,11025.939,4517.9824
60,7490.0063,13401.991
60,4378.4087,3662.3496
60,9259.958,17026.465
60,5845.835,7313.3647
60,11224.106,12686.095
60,9301.659,14614.578
60,10772.6875,16258.093
60,14274.233,2428.2346
60,3021.6,6039.656
60,7626.406,7739.4136
60,3728.944,4106.4136
60,5698.431,6511.921
60,10376.881,1743.2205
60,5711.8633,4341.8433
60,10257.575,15725.924
60,14252.581,17753.504
60,5915.485,3852.9778
60,9746.789,5352.416
60,5517.2686,12429.468
60,13668.58,3240.1343
60,2972.7913,8710.169
60,4739.8184,4580.6377
60,5094.246,5560.0854
60,11677.972,4863.2227
60,10063.198,14037.068
60,7665.089,15973.773
61,10000.0,10000.0
61,7900.37,4295.626
61,7272.436,17074.936
61,4796.8306,3875.1013
61,10566.891,8035.088
61,10438.57,5337.3354
61,9620.304,14850.967
61,10480.61,3559.9111
61,13757.247,14693.712
61,16594.594,12587.117
61,15123.5,11825.876
61,7811.7173,10939.543
61,14435.342,13123.002
61,6021.6157,9468.316
61,6393.0527,7681.9946
61,14855.446,16377.087
61,15977.913,3901.5977
61,12540.921,16483.264
61,14811.06,14489.415
61,14189.705,4428.1743
61,11474.154,6324.5503
61,5810.1523,16677.395
61,8107.3423,12390.491
61,10861.056,13831.817
61,10949.154,15761.809
61,9608.796,12788.484
61,5978.959,16610.512
61,17588.963,2163.6702
61,16496.242,5124.9863
61,4962.7393,14089.69
61,3566.1165,14264.4375
61,9966.108,6212.5894
61,8747.757,7543.311
61,8843.91,5494.153
61,11768.045,6570.2725
61,9665.2,13749.528
61,5247.044,12290.01
61,16186.807,13692.728
61,3216.9243,4097.496
61,15120.296,10020.555
61,13908.5205,7724.122
61,7611.68,14460.043
61,8252.604,1785.7053
61,9234.482,10574.269
61,6064.5156,13323.365
61,15378.314,0.0
61,8944.632,6740.5537
61,2642.7134,7527.968
61,5361.8394,15685.909
61,9368.473,15829.092
61,12015.773,3985.9746
61,9318.692,15033.308
61,8920.189,13543.307
61,9497.225,4863.399
61,13375.827,13534.368
61,10458.152,12610.319
61,12279.044,1409.2623
61,13259.117,4665.5825
61,6238.03,6393.9907
61,4706.787,12193.552
61,13368.366,13190.372
61,6372.7544,15923.839
61,11586.95,6113.9727
61,8013.0986,12090.594
61,7916.1514,13908.912
61,9073.377,14839.34
61,7678.0166,14880.056
61,8306.113,13378.9375
61,11602.897,14351.853
61,10642.852,3791.7236
61,6298.162,14486.043
61,12807.009,15911.479
61,14207.5625,19213.547
61,12020.212,17331.785
61,9252.818,12214.68
61,5646.6606,12809.219
61,13914.607,18252.283
61,8300.701,9990.069
61,6333.742,13522.671
61,4850.864,17005.602
61,10651.989,3201.3125
61,6084.5103,15766.824
61,13112.826,1896.6761
61,5438.111,5957.646
61,16341.197,1612.341
61,14135.755,8374.649
61,6587.9683,9154.324
61,3942.7239,6639.0117
61,6106.19,3848.1785
61,3963.3572,3804.1497
61,10951.588,1696.7117
61,9403.626,5927.6367
61,8535.13,4345.346
61,6754.654,18240.072
61,16196.3545,12317.543
61,5337.574,2557.2712
61,6308.275,17382.016
61,10841.004,4561.985
61,5729.5405,5689.782
61,5527.5063,0.0
61,15541.087,4552.133
61,9820.341,16095.568
61,9358.201,16076.907
61,2096.599,9680.403
61,6157.6274,16093.165
61,9561.767,5490.0044
61,7008.334,14158.826
61,11263.582,14458.161
61,13634.228,4016.6763
61,4941.1367,3948.5542
61,10559.455,17262.398
61,8752.346,5768.4517
61,18607.701,6885.6226
61,11873.167,6003.505
61,10994.429,14124.101
61,7421.6343,1325.2603
61,10498.22,16062.201
61,8395.588,7985.4097
61,8468.974,4018.6826
61,8244.323,15104.733
61,12661.821,5598.9272
61,8554.565,5382.95
61,14162.68,7282.333
61,9098.702,15309.354
61,7791.0483,16408.084
61,16204.04,5445.104
61,10315.01,11152.763
61,13354.364,13232.003
61,9183.921,14451.614
61,15509.5,11930.132
61,8936.95,14380.069
61,5656.9272,5551.718
61,12456.482,3891.6191
61,5647.599,6610.686
61,11784.475,16429.475
61,8441.581,12312.849
61,8161.5205,19020.387
61,8267.315,14599.639
61,5901.4844,17943.148
61,10546.865,3497.8833
61,9111.249,7746.104
61,12537.54,11979.826
61,9663.502,12446.229
61,5024.578,2749.045
61,7621.218,12283.28
61,14268.062,2502.2317
61,6770.8457,595.5783
61,7365.3745,16817.367
61,9902.219,7607.602
61,11074.792,14299.783
61,8097.2896,662.5106
61,6611.107,14491.865
61,12916.172,14634.195
61,6158.106,17090.094
61,14511.369,4972.971
61,13656.66,15465.159
61,10238.979,14613.687
61,11544.896,2192.412
61,1470.6892,4827.798
61,18385.54,4933.2974
61,8005.0674,16022.557
61,6449.1523,13183.117
61,6992.3735,15146.8545
61,10916.068,4286.933
61,8019.559,16558.889
61,14850.737,3283.316
61,12923.676,4056.0325
61,6003.822,18595.447
61,8725.588,13284.784
61,5764.5615,13700.75
61,6417.868,7091.8965
61,5742.0522,6097.528
61,6601.8745,10499.216
61,15237.869,3839.8716
61,6310.8804,12421.427
61,9264.166,14264.559
61,7005.566,15932.625
61,3232.412,8930.846
61,13491.87,14771.832
61,15560.54,3831.9802
61,3849.4666,8529.43
61,7076.4175,15992.424
61,12203.706,6644.241
61,7158.5176,12303.987
61,15665.657,1804.8236
61,5621.87,11456.452
61,16301.908,5841.2896
61,15532.24,4826.5083
61,10612.637,7092.341
61,9470.287,4476.1484
61,12360.141,14539.568
61,7785.839,13227.447
61,6055.6714,0.0
61,13578.005,4994.7856
61,15827.691,6658.529
61,7680.0054,13621.853
61,13005.208,14358.332
61,17334.893,13918.78
61,7881.574,1339.9597
61,8233.273,15180.012
61,13140.687,10617.25
61,5837.19,6323.6924
61,10668.112,13675.796
61,10495.387,6364.1274
62,10000.0,10000.0
62,9238.2,18465.94
62,13292.631,4563.3174
62,12300.44,8505.997
62,11170.86,15461.394
62,9009.157,14496.349
62,9099.762,16820.346
62,13020.391,4804.4253
62,2309.1113,14539.14
62,14593.848,3361.6536
62,13049.927,5267.292
62,8952.732,5679.3477
62,5429.5356,5666.0864
62,10098.847,12017.857
62,8140.0386,13840.4
62,6712.3203,3518.6445
62,15811.939,15222.839
62,3627.9858,15168.729
62,12004.349,15401.553
62,15866.938,1419.9546
62,8454.45,14835.076
62,0.0,4932.6787
62,11860.417,15525.053
62,3438.7693,16749.293
62,9267.616,0.0
62,6554.561,15288.119
62,0.0,8198.526
62,13667.325,12899.607
62,8219.503,17598.027
62,4375.4165,18776.818
62,5744.493,5399.3477
62,7217.958,16218.49
62,11108.096,18192.732
62,13097.328,10955.065
62,2036.7141,20000.0
62,10136.013,7823.95
62,6385.9434,17394.477
62,4165.1597,4627.41
62,9615.02,17418.111
62,12102.129,4027.4526
62,5927.3457,0.0
62,9276.967,15803.694
62,11926.015,17245.652
62,8628.693,5135.764
62,5898.742,3798.4956
62,12770.748,14871.428
62,6652.525,4834.6978
62,15644.296,15141.564
62,10932.931,15139.36
62,11891.738,4149.1187
62,6293.707,1789.014
62,11777.579,13167.131
62,11129.69,4336.9014
62,11016.002,11806.291
62,9126.134,13666.563
62,9820.1045,16340.145
62,11236.13,9398.28
62,11602.391,2205.6638
62,7590.0215,3674.8835
62,6458.085,15710.989
62,10279.344,419.61298
62,16032.571,3382.0593
62,8031.54,4879.7305
62,12562.757,11595.004
62,10597.24,13227.847
62,12197.25,13924.878
62,13304.009,15337.096
62,13077.833,16461.533
62,7702.7783,4530.6406
62,10628.47,16104.853
62,10528.173,17970.207
62,12193.435,20000.0
62,11150.344,13346.83
62,13983.279,4900.8667
62,13634.333,11035.999
62,10020.006,6393.3267
62,6638.007,13146.865
62,9699.8125,14863.018
62,6044.26,12858.808
62,7028.4136,3648.7324
62,9279.307,4284.6074
62,14345.779,6217.9346
62,6675.662,3136.3496
62,10079.197,16147.631
62,7126.4097,7759.6772
62,12255.538,11411.184
62,12401.288,6405.835
62,11118.425,14664.867
62,9390.826,13526.359
62,4645.697,15037.354
62,14254.675,2918.5242
62,7876.067,7043.9087
62,17994.15,2695.3254
62,6461.858,13926.433
62,8154.7896,14161.8125
62,4660.9624,4346.805
62,15949.795,13795.531
62,10383.228,15299.768
62,9721.479,19091.41
62,18640.129,5190.4326
62,3368.1255,12561.126
62,3201.4114,2448.6997
62,7525.5366,6979.467
62,3767.376,3429.8586
62,7107.448,2739.5786
62,547.9308,2556.2192
62,6476.739,469.21085
62,6615.7095,6828.9224
62,2886.0588,7947.121
62,10680.833,14127.654
62,16697.484,8334.431
62,12759.9375,8524.394
62,14547.763,9520.215
62,7403.741,6948.371
62,5364.208,13104.878
62,8912.252,20000.0
62,7395.1133,12475.77
62,12518.807,16798.623
62,1593.1676,6070.753
62,8741.245,12973.165
62,13662.041,15254.864
62,9430.812,5626.0376
62,12060.518,3538.5845
62,11166.202,12498.649
62,5873.838,17976.215
62,10603.871,15491.339
62,5724.8145,15537.043
62,11714.364,14960.072
62,7816.3506,14561.295
62,3908.666,6487.0215
62,8242.495,8906.655
62,2275.091,5145.8745
62,12202.417,11719.547
62,11259.625,9110.469
62,10397.299,15246.874
62,7916.7285,5986.377
62,11194.704,7172.2104
62,9701.079,15972.452
62,14371.485,12220.989
62,9092.076,15720.705
62,13141.083,12187.863
62,13197.665,11923.194
62,15103.595,6948.149
62,5074.6523,3031.0994
62,11967.382,16225.534
62,3399.7214,4128.2993
62,6319.204,14090.355
62,14464.032,1946.768
62,3774.028,14846.007
62,8167.7383,15090.22
62,12677.252,6876.362
62,8653.871,4466.863
62,14032.977,5288.1377
62,4662.4565,15744.526
62,13477.592,8545.243
62,5114.5854,6831.1553
62,6270.392,13095.805
62,15277.252,5356.3354
62,7359.346,13011.474
62,1693.6548,7496.4224
62,17033.416,8584.439
62,7094.0215,16764.764
62,5053.0054,5447.0503
62,8925.867,12514.215
62,7128.426,5504.0576
62,15162.649,4360.6885
62,2695.3542,5101.227
62,9173.74,16576.068
62,5583.0654,14580.972
62,8030.865,5427.0312
62,10968.55,11881.651
62,7708.8423,18476.016
62,8651.6,8786.628
62,11436.479,14922.789
62,1780.6738,6587.328
62,11494.785,19474.924
62,16280.035,4714.971
62,16250.886,3072.3354
62,10018.276,14071.111
62,10556.727,13953.889
62,4721.6694,5828.4263
62,11401.421,3759.7795
62,15376.855,2116.4705
62,6572.945,6568.8193
62,11690.213,17375.547
62,6202.307,12187.884
62,10876.061,17300.492
62,3611.2043,358.00375
62,12867.624,14804.279
62,12674.349,6090.157
62,14683.302,14501.568
62,13766.646,7913.2524
62,7134.955,359.00504
62,13812.132,16811.873
62,9485.831,4735.2427
62,10648.778,15223.399
62,13274.922,6136.6997
62,8724.035,5103.444
62,2164.975,8108.677
62,9142.889,15587.445
62,9139.512,14788.354
63,10000.0,10000.0
63,7582.617,8773.896
63,11994.905,4447.749
63,15478.556,9115.369
63,9257.3955,19531.441
63,12646.915,4958.502
63,6083.354,13593.268
63,10831.325,17219.701
63,8637.555,6749.3105
63,11916.23,4849.0312
63,8697.151,13176.117
63,2328.2917,4923.9077
63,11167.377,18591.908
63,7837.8315,16458.703
63,7506.71,3799.3992
63,9944.772,12138.3125
63,9715.593,4363.4985
63,9005.251,14543.203
63,10508.066,16092.2705
63,19705.486,3095.5605
63,5418.1074,6169.289
63,2577.7693,4987.838
63,9478.733,3284.2976
63,12728.686,14710.224
63,10753.341,15385.264
63,9760.677,1385.169
63,9000.011,7354.077
63,6248.5103,11880.936
63,19140.258,7546.3076
63,0.0,3477.09
63,7542.016,17721.824
63,1270.9941,5693.8345
63,14364.368,4201.599
63,8335.432,3860.8125
63,8773.655,12894.042
63,4460.4165,18273.936
63,11600.892,2527.1375
63,5780.853,3119.925
63,17500.965,5882.64
63,12376.903,17389.633
63,13287.008,3321.1013
63,14391.64,4918.094
63,7726.525,14479.465
63,10878.923,12704.228
63,14200.723,3194.5767
63,11355.397,12894.621
63,16242.796,12803.444
63,9844.619,13064.231
63,5864.1807,12650.661
63,8741.938,9940.128
63,6577.833,16636.63
63,5347.304,4036.643
63,15107.237,4575.0034
63,12575.421,7214.3237
63,17139.988,4882.3438
63,8320.761,13743.293
63,2207.0107,5472.9272
63,10250.176,2171.958
63,4185.69,6990.4644
63,6645.0054,14091.954
63,10675.9795,5037.693
63,6372.651,12684.626
63,14214.205,16215.107
63,14805.346,2850.1704
63,13082.956,6200.565
63,9141.84,3433.8518
63,6140.3296,9396.565
63,13394.327,12457.703
63,12930.326,15751.742
63,5945.392,15120.308
63,17295.127,8458.305
63,8600.319,8098.124
63,14283.606,9726.324
63,6703.4937,4475.994
63,14384.551,2989.5818
63,12419.485,4953.881
63,14007.832,3268.7046
63,12510.3,11690.447
63,3156.2263,17674.03
63,11340.78,17500.264
63,9577.535,16407.174
63,6672.7725,4609.135
63,8464.598,13658.902
63,5353.524,5488.524
63,10407.468,14744.437
63,9190.627,17676.045
63,1318.0662,4358.1826
63,11057.728,2655.2441
63,7966.362,13952.727
63,10317.543,6231.827
63,1393.688,4700.1187
63,16007.083,2048.6877
63,17922.414,5493.5166
63,5425.346,1553.2885
63,13938.48,16480.953
63,4159.934,4480.125
63,14629.739,7057.057
63,9869.133,14573.058
63,15492.4375,8978.888
63,3917.972,13519.875
63,12286.175,16078.33
63,10663.176,8046.145
63,13343.623,6954.0864
63,9299.156,11581.727
63,14017.151,4877.155
63,12637.417,4240.0327
63,3432.6938,2043.2305
63,13050.142,12890.662
63,12788.287,17593.676
63,12803.791,6938.4526
63,10437.511,18732.547
63,13043.0205,10994.272
63,9742.9375,14515.362
63,15458.054,10278.612
63,2537.2273,3311.318
63,4395.3984,15593.61
63,7581.104,5881.2505
63,11726.802,15719.532
63,6712.737,5538.7725
63,7373.7075,16483.371
63,9189.779,13715.184
63,8852.556,16007.413
63,6074.517,3828.3823
63,18023.803,4881.1904
63,7563.8403,15118.279
63,12268.135,17141.742
63,8196.134,5463.7515
63,14658.811,5059.149
63,10165.317,15907.757
63,9078.203,14102.859
63,8649.288,5135.483
63,7191.4033,7373.2104
63,8025.2227,3662.741
63,8551.735,6527.367
63,7905.684,15754.705
63,6909.1133,6325.411
63,11493.3545,10209.413
63,9874.128,6305.181
63,9834.626,13964.677
63,10638.005,16762.732
63,9382.996,17841.906
63,11817.49,3472.3804
63,6441.2095,2578.855
63,17355.238,8656.491
63,3060.27,14395.32
63,13144.077,3246.3171
63,13607.621,2776.406
63,12161.779,10602.976
63,14063.201,6571.0933
63,7540.7266,15833.292
63,0.0,5587.4727
63,5877.7817,4408.7085
63,12713.281,16936.938
63,7396.9414,14131.4
63,7164.943,16600.951
63,10223.707,16466.152
63,9637.358,5708.5376
63,9761.137,3906.5332
63,9602.309,13599.587
63,10784.512,4211.766
63,14893.063,3325.174
63,9054.388,3307.094
63,7869.045,13360.9
63,10472.757,5429.8228
63,13591.288,6822.2793
63,8481.401,13233.894
63,5881.9624,7329.511
63,11756.808,13270.551
63,9176.934,15602.73
63,8470.503,14830.153
63,8330.746,7385.132
63,13287.428,16151.987
63,13152.772,11186.506
63,13766.357,10510.432
63,6314.464,5959.3145
63,14295.181,3602.6045
63,10055.0205,7549.697
63,5569.945,15434.943
63,6219.463,13931.192
63,11388.09,5520.6094
63,12359.179,1823.9441
63,6227.0303,4316.283
63,7905.756,7533.7695
63,10122.511,4243.971
63,5411.527,4557.852
63,7921.179,11730.925
63,3563.1313,4815.4946
63,13561.095,14280.238
63,6456.0366,5301.3115
63,6725.8,13195.528
63,9438.913,4464.0474
63,5312.6562,5385.348
63,17457.314,2500.594
63,7854.6274,12221.387
63,14101.044,15282.431
63,13203.615,15426.361
63,14103.699,17378.852
63,11506.729,6143.595
63,11513.717,16968.324
63,10618.167,12863.3955
63,8924.307,16216.806
63,12276.613,4781.2456
63,10713.243,18652.246
63,14578.8955,4078.347
63,11297.337,8989.434
63,18373.611,0.0
63,11146.805,15170.603
63,6594.454,3882.601
63,7119.0127,18376.293
63,14018.359,3260.8005
63,12485.518,7110.1113
63,14075.174,15534.97
63,14209.584,3600.4817
63,12748.971,6895.906
63,17754.363,3150.3635
63,10329.764,13368.178
63,13588.391,13692.888
64,10000.0,10000.0
64,17352.992,17174.756
64,11340.207,12710.976
64,12724.009,12017.26
64,14465.508,15528.661
64,19411.318,5803.1987
64,16097.497,5442.744
64,12985.279,6969.4536
64,2588.057,7668.6494
64,6017.604,2373.1633
64,6179.747,14357.928
64,6728.015,11143.167
64,8093.448,14491.118
64,15667.546,4332.221
64,9846.884,15272.206
64,2196.1736,3560.9976
64,12889.781,635.6506
64,8012.021,12068.973
64,4859.5635,4997.596
64,4888.0205,15803.118
64,9230.015,10372.059
64,9937.285,14424.907
64,6628.1694,16592.203
64,13679.655,7027.076
64,9091.056,12928.56
64,9819.746,12516.944
64,3755.5366,4905.6826
64,12123.766,12910.229
64,11998.743,2666.2834
64,8103.3833,14253.153
64,7648.483,16245.496
64,12086.536,8808.695
64,14850.917,11426.653
64,7712.8066,14416.536
64,13426.417,4811.6685
64,11006.126,14802.514
64,11216.13,13527.677
64,3937.4988,14769.706
64,1393.955,3254.037
64,6494.528,4543.6553
64,16400.027,1444.6108
64,16867.557,3937.5205
64,12194.742,16679.836
64,10760.556,9720.893
64,0.0,6696.5405
64,11248.191,15901.239
64,7571.042,14325.13
64,9418.5205,15185.177
64,15715.796,6651.72
64,12072.829,15280.642
64,11164.967,13725.668
64,17969.535,5385.992
64,8198.772,5143.4766
64,9401.81,13149.843
64,8028.5757,15600.945
64,7352.091,14782.609
64,10059.823,15764.587
64,15359.572,4421.1274
64,3327.2363,3798.3855
64,10235.94,18043.086
64,10420.843,13547.208
64,17549.64,3215.6577
64,5102.787,15291.253
64,10380.137,6214.6035
64,3407.4136,14936.603
64,14557.057,5745.2246
64,8889.081,3533.095
64,11340.576,13535.91
64,10869.168,14008.193
64,11234.856,4891.576
64,9962.84,19948.29
64,14811.082,5849.9946
64,6178.0576,2342.5737
64,10655.942,8072.217
64,9792.112,5413.6064
64,9689.753,10456.521
64,9589.898,14608.262
64,12364.227,18004.785
64,10036.143,3400.6218
64,7220.482,12635.7295
64,9968.056,14911.475
64,7626.9155,5277.314
64,16646.633,5656.587
64,421.02957,5291.509
64,15153.942,5852.5503
64,8352.595,12209.628
64,8628.92,12391.164
64,7456.6025,6329.535
64,10019.098,14392.583
64,8612.292,17163.918
64,5837.5176,2171.0466
64,7321.0454,19002.238
64,2913.213,7091.4634
64,9672.128,8362.7295
64,13105.591,4520.597
64,4749.958,3264.5908
64,13622.667,10219.326
64,16489.004,14175.863
64,11537.295,15324.833
64,8413.74,2191.57
64,15425.037,2799.4019
64,7099.2095,15364.157
64,11240.963,13863.19
64,9482.18,6600.8486
64,1230.7533,4322.5464
64,12672.282,14373.229
64,4072.4968,10123.889
64,7189.473,7513.4277
64,13494.299,3359.7869
64,4806.9805,15075.891
64,14146.622,12984.466
64,7608.0854,14655.388
64,15156.581,3146.9622
64,9996.066,3004.8823
64,7366.9175,16439.59
64,15469.219,14743.87
64,13698.798,17673.02
64,14928.1455,13462.803
64,16635.889,5809.4805
64,7626.7646,15594.878
64,15357.021,3150.4482
64,4307.1987,3890.8223
64,9567.438,7040.945
64,14432.746,14165.703
64,13224.835,4534.9575
64,9189.281,16316.713
64,5262.847,4227.717
64,4876.808,7038.924
64,7784.0107,4707.198
64,14309.798,13271.249
64,10256.377,15312.585
64,13844.351,19786.836
64,8050.256,2753.753
64,13920.711,7849.282
64,8747.757,15301.4375
64,16132.359,5274.792
64,11745.737,13580.694
64,13813.624,13429.858
64,15538.257,7419.83
64,17735.629,4937.597
64,6428.1567,4293.344
64,2643.256,2696.5676
64,15063.548,8097.7373
64,15189.683,5040.0396
64,7649.4546,12827.79
64,7483.9043,14266.76
64,11845.215,14959.602
64,9145.996,3352.0051
64,7137.7437,3415.113
64,13159.834,7092.7124
64,10489.403,15461.092
64,10552.119,9283.561
64,4254.9062,5384.6367
64,17907.02,8614.452
64,7755.6196,11651.703
64,11611.497,8363.72
64,11317.043,14679.566
64,5178.5034,5385.681
64,9726.199,14095.342
64,15155.257,4352.3354
64,5478.7856,12837.361
64,10029.213,13432.524
64,4473.6216,3655.6184
64,13266.889,4571.2266
64,2388.1382,5566.911
64,5006.3535,19776.67
64,12551.48,12346.56
64,9127.56,16327.373
64,14312.616,12966.867
64,11479.988,13013.556
64,4887.9717,7044.917
64,3864.664,4958.8843
64,16426.088,6635.6133
64,7671.1533,16358.279
64,5563.5615,6498.7446
64,7542.772,17501.176
64,8910.028,13629.319
64,5653.03,6630.786
64,7115.3164,12717.7705
64,0.0,2020.3
64,8841.547,16913.672
64,16519.809,5373.703
64,3931.2769,5490.723
64,10862.189,15458.041
64,3211.3108,3855.2576
64,8626.896,12576.846
64,12574.857,4537.611
64,4765.5386,11685.57
64,11463.268,13551.014
64,8379.359,13763.04
64,9196.723,4047.8171
64,15674.757,7748.186
64,16526.428,18000.988
64,7751.3887,16155.198
64,10525.9375,16026.62
64,11725.288,12242.327
64,11986.31,17891.102
64,4458.5884,5628.162
64,6665.83,3248.7168
64,12856.931,5944.2593
64,15093.384,8339.593
64,16450.135,3248.9138
64,9624.587,13853.494
64,7636.047,11390.284
64,13118.734,14681.75
64,17189.123,2966.2905
64,12174.694,16394.88
64,12145.589,12628.688
64,3752.4607,12531.66
64,14646.944,13476.876
64,13023.205,4515.565
64,10280.103,17263.074
64,13743.653,5325.8594
64,9236.512,5270.399
64,7466.002,14170.383
64,7081.801,8044.388
64,4029.4548,5538.17
65,10000.0,10000.0
65,8467.812,634.61597
65,7807.3315,12221.578
65,8258.532,12307.413
65,9799.847,9236.915
65,15498.189,3705.0398
65,5048.391,12293.109
65,13159.954,15623.965
65,6851.9746,10972.496
65,15625.282,5787.849
65,5315.8525,2363.5098
65,9770.818,11017.707
65,2059.982,4794.814
65,8203.753,16327.719
65,5486.447,5436.7314
65,10130.153,15438.255
65,10721.825,14906.727
65,11782.724,13994.973
65,12539.415,13772.824
65,5618.5034,14040.75
65,7247.686,15186.061
65,17021.385,6028.8276
65,11302.201,17720.88
65,6266.3467,6087.247
65,19385.547,5868.5024
65,10288.935,13493.531
65,9260.294,13442.228
65,8107.9365,4519.8374
65,4908.41,6057.306
65,10956.537,16083.188
65,4830.6724,6207.452
65,9941.877,15707.971
65,8569.395,12620.266
65,8233.07,2809.4058
65,15168.146,5874.3604
65,7713.4287,4465.233
65,11867.59,15207.341
65,4590.756,6993.59
65,7962.7695,6656.914
65,8170.2686,8422.865
65,11857.962,12998.564
65,1881.1786,14598.162
65,5546.249,3589.0132
65,8962.592,16870.934
65,14235.079,4828.8135
65,11356.052,16648.658
65,9969.848,14128.428
65,10614.456,18170.94
65,9295.265,12815.271
65,17715.861,6991.351
65,8752.124,12642.158
65,3733.7458,12217.275
65,5790.1323,6964.0664
65,9823.575,15127.551
65,2419.1194,4254.451
65,5687.9526,0.0
65,8028.3877,6562.9517
65,7640.363,17725.373
65,14480.49,6388.4775
65,9166.309,14427.068
65,1290.7692,10659.836
65,12015.897,7101.1567
65,10510.829,18301.145
65,10283.866,13060.664
65,6443.991,16979.564
65,11703.103,7612.104
65,6374.953,17416.787
65,16763.605,7346.209
65,17074.92,606.2137
65,9024.39,4562.248
65,15546.423,7310.4175
65,9714.109,7308.182
65,16215.692,4728.6406
65,5340.063,8263.5205
65,17286.975,4642.649
65,10402.376,13240.058
65,18085.621,3428.9617
65,7303.0703,18818.822
65,13239.509,6093.9478
65,15515.535,7845.986
65,1268.2361,5188.355
65,11783.072,825.32336
65,9409.9,7549.5635
65,7130.677,2629.6028
65,12239.238,13561.37
65,5345.8613,3658.9673
65,12184.488,13651.289
65,13810.662,16331.59
65,7161.754,3510.9136
65,11293.094,12481.75
65,15957.582,3034.744
65,8271.355,15839.892
65,12508.247,5313.047
65,7256.038,5414.2715
65,10307.904,3084.281
65,4894.266,4652.2754
65,9184.091,14362.971
65,8374.878,16309.941
65,8956.056,13701.935
65,1935.8936,631.3895
65,10938.342,17010.191
65,13898.581,13440.778
65,8407.342,14432.017
65,11227.809,11798.833
65,4311.387,4340.1973
65,13720.691,15737.291
65,15552.622,6041.376
65,15022.043,7175.0117
65,12118.809,15970.973
65,8172.1597,14746.608
65,12221.332,15760.823
65,7788.608,13201.085
65,10703.935,16803.84
65,9965.852,17434.764
65,7929.409,4091.2585
65,5794.1904,15219.054
65,12313.197,4850.5166
65,10326.635,16366.889
65,7686.5117,14533.194
65,9155.683,16835.287
65,13445.461,1137.407
65,10848.592,3706.0017
65,13479.582,6323.67
65,10187.003,11687.524
65,9834.79,16304.913
65,15537.479,2850.1145
65,10329.153,10058.547
65,15991.206,2644.2202
65,10292.897,13368.585
65,4485.2485,1855.8104
65,13118.587,14015.297
65,8672.426,9241.244
65,4900.5903,3964.5356
65,9069.215,14915.596
65,15881.242,86.589226
65,3652.8416,5529.1807
65,11353.412,2740.3096
65,4679.147,800.3343
65,9545.471,5098.7285
65,15260.038,14238.071
65,18150.086,4017.8481
65,4645.479,5230.293
65,11538.08,11614.53
65,12740.428,459.20248
65,14713.191,3685.4756
65,3885.2876,12457.886
65,16483.623,7636.1924
65,4207.184,5926.789
65,11093.304,13313.861
65,3736.591,7671.841
65,8611.07,6782.861
65,14005.114,15194.8545
65,13125.901,7573.495
65,8661.892,13566.795
65,14581.283,12772.131
65,11794.422,5539.9556
65,7329.5996,15545.468
65,5395.1577,7285.17
65,12936.327,13729.004
65,13053.528,4627.885
65,10030.584,13843.657
65,10996.48,14122.182
65,10750.154,12561.125
65,15882.693,4982.409
65,10381.233,3982.9983
65,10914.782,15830.094
65,9631.204,13994.622
65,13542.256,7114.366
65,6841.74,8176.675
65,3937.7107,16632.508
65,10540.938,16034.014
65,10028.703,16903.129
65,7023.0806,4368.9644
65,4163.331,7859.3604
65,10981.319,14956.978
65,8306.641,17692.828
65,9138.634,3733.7192
65,15061.307,14939.5
65,11043.732,11227.475
65,420.08423,8817.594
65,8857.289,14901.731
65,6050.371,13714.881
65,6189.1533,16849.129
65,5195.782,14270.497
65,15285.29,5788.537
65,14157.548,3662.3892
65,11792.806,13200.532
65,11082.756,16150.472
65,13192.927,12699.9375
65,8913.872,16144.59
65,8556.849,16574.764
65,4570.3857,9449.379
65,8405.025,3932.8408
65,12330.665,13502.05
65,12578.422,16539.367
65,10458.307,14311.307
65,7740.7925,5369.6606
65,7454.238,13060.705
66,10000.0,10000.0
66,9752.663,13876.135
66,8952.183,7365.965
66,11256.49,14571.593
66,4221.6113,6160.8647
66,3014.7073,5486.0576
66,14142.489,13143.592
66,7485.576,12394.653
66,6371.296,15346.853
66,4313.698,5642.667
66,9431.899,12940.46
66,13421.819,8261.746
66,17797.334,2000.3107
66,10309.125,15935.543
66,8563.964,16050.158
66,8963.749,16799.299
66,8819.237,3618.5361
66,11907.214,1931.8088
66,5700.8784,15572.296
66,11142.924,4278.261
66,9703.767,15865.473
66,7332.3213,3193.5903
66,5740.4893,15320.599
66,10117.875,14198.991
66,11269.123,6828.9736
66,18712.658,5992.7188
66,3530.9465,9414.696
66,10993.265,18700.535
66,10161.04,11652.442
66,10311.159,1849.0632
66,18230.486,6537.383
66,9791.583,4448.206
66,5400.8457,14832.253
66,12874.738,3759.2678
66,15235.998,3472.1455
66,7450.3247,15144.087
66,5953.077,7521.483
66,13133.229,6034.719
66,3340.9858,13415.872
66,6536.8496,5914.692
66,4427.3193,7957.8164
66,10724.539,6132.6924
66,13934.979,19855.459
66,11430.23,16723.664
66,11418.256,15629.077
66,15342.046,7311.783
66,9518.406,17807.008
66,18308.982,7097.398
66,12604.985,7272.307
66,8470.672,15693.347
66,9452.24,14465.707
66,8035.0503,4302.6235
66,8200.432,1874.2638
66,11839.346,195.00366
66,7391.3574,3623.4834
66,8101.015,3426.505
66,10794.98,17366.88
66,9524.246,17725.965
66,13611.054,3761.7422
66,14340.04,16278.435
66,15779.333,8282.963
66,12886.804,14183.446
66,6255.024,15163.277
66,7155.0664,2150.149
66,7106.515,5446.265
66,6705.664,17806.104
66,11667.185,5709.5283
66,18251.271,7666.2524
66,2030.8396,3533.8352
66,8696.761,10003.916
66,9235.916,14419.822
66,9587.18,17149.238
66,14119.713,15036.791
66,15110.736,14795.582
66,6023.6606,15671.16
66,6289.6904,16101.198
66,6604.225,14317.735
66,9772.998,14311.669
66,15406.066,15168.322
66,12331.153,15169.605
66,14277.583,6697.1294
66,12685.409,14399.001
66,12070.009,13230.782
66,10406.077,14832.35
66,5346.2915,3292.1252
66,11477.351,7967.094
66,9292.654,13613.891
66,11588.115,13453.654
66,12780.4,16265.037
66,6989.7065,13664.83
66,6290.192,6087.6914
66,13058.309,2094.8958
66,4620.7227,6990.876
66,5415.2856,3475.7263
66,9846.0205,13602.098
66,4901.599,6733.8066
66,12105.423,14197.489
66,11014.7295,11634.3
66,6244.623,16221.186
66,14313.539,4241.4917
66,7236.4595,7596.695
66,9350.975,14887.793
66,16521.535,6278.6133
66,10887.552,6085.746
66,7780.331,13584.954
66,11452.612,6410.596
66,16198.669,7234.4844
66,11816.906,13514.668
66,5838.34,14775.244
66,10860.042,15993.99
66,7487.869,5677.1313
66,14722.217,15413.858
66,13257.168,6779.0796
66,7091.4707,7493.2803
66,16821.062,1970.7947
66,13954.235,17974.848
66,12359.434,12717.649
66,14192.503,8107.213
66,15126.844,5828.1157
66,8800.778,13263.859
66,8683.56,14431.617
66,10873.8125,13754.827
66,14250.341,16419.504
66,11707.276,5876.727
66,12339.444,13805.532
66,14305.311,4716.779
66,7850.6445,5697.1567
66,13528.485,5349.9956
66,12282.022,16869.656
66,8570.474,14262.065
66,5938.7593,8245.904
66,15237.441,174.54503
66,1955.8363,5233.4146
66,12398.63,17651.54
66,13330.807,0.0
66,7858.8867,6063.73
66,6958.572,17056.992
66,7102.8506,5064.541
66,11206.991,10243.681
66,8699.0205,16072.974
66,11825.32,5050.7656
66,10967.122,4385.0376
66,6906.127,17652.01
66,4621.411,7643.0063
66,7219.3677,204.73125
66,5913.188,5649.4033
66,11840.655,3422.606
66,12847.2295,16671.457
66,8850.109,15318.445
66,8843.713,12666.014
66,10661.12,18030.516
66,12845.672,16486.898
66,9034.723,9309.674
66,20000.0,3687.0012
66,12072.495,13585.074
66,5566.353,4385.323
66,10295.689,14791.126
66,8573.64,12960.217
66,13682.693,15592.283
66,11280.673,17061.47
66,7241.094,5242.5435
66,9146.869,15602.167
66,3872.6013,4237.004
66,9782.805,17043.06
66,8526.338,3006.7874
66,9775.572,14524.034
66,7006.4043,12916.82
66,7086.9194,16322.352
66,10642.202,18088.172
66,3932.9011,3922.2825
66,10667.038,19373.049
66,6658.6694,6023.404
66,8880.691,211.9145
66,9178.085,14069.803
66,9869.778,14138.666
66,8267.608,15430.088
66,8178.6997,5612.44
66,6957.294,8136.134
66,11060.356,17830.44
66,10950.7,15403.479
66,15968.187,18179.312
66,5693.4097,7389.6187
66,10698.2705,2470.7412
66,4486.869,15626.471
66,11032.004,12360.584
66,15049.849,11854.129
66,13114.609,5402.9985
66,8903.011,11969.505
66,11999.812,15339.637
66,8322.252,4596.0225
66,7937.4683,16451.959
66,10309.32,12869.23
66,11856.017,17007.22
66,6300.257,4853.029
66,12986.319,6564.9
66,3751.9966,4414.3066
66,8832.234,14024.195
66,17191.094,7006.0215
66,10742.967,2879.248
66,8768.205,10196.801
66,6148.977,16699.428
66,7572.446,14017.806
66,14068.747,5621.551
66,9078.816,18423.762
66,2693.2554,5800.15
66,6770.4277,4202.327
66,16267.377,5572.254
66,10170.352,13068.655
66,5871.0312,5098.1914
66,11023.572,1664.0889
66,14373.126,12903.615
67,10000.0,10000.0
67,2534.8098,2079.8364
67,10059.379,11651.267
67,6856.6147,18988.166
67,10181.345,3783.4055
67,11114.483,3907.5457
67,7565.232,18929.623
67,9220.134,4263.6714
67,8332.965,6826.646
67,6155.5557,15925.709
67,7646.5757,5091.715
67,13013.617,12027.235
67,6904.696,17267.215
67,2200.2998,6292.609
67,10254.048,12601.438
67,5480.133,4353.31
67,11606.507,13038.009
67,8303.323,14357.662
67,2803.9404,767.96576
67,8967.527,3317.7861
67,7378.3833,6452.624
67,10221.097,14070.725
67,8998.207,14455.71
67,8643.175,16173.315
67,7348.9043,4972.277
67,4347.4688,5187.666
67,3288.0198,4797.108
67,1391.6602,6251.1704
67,6691.3525,11723.242
67,10922.201,15107.843
67,12004.64,14850.708
67,5778.14,9153.696
67,10734.211,14559.553
67,10285.534,16479.56
67,18407.576,2556.805
67,11807.746,3416.2957
67,11881.326,14678.416
67,13820.978,7360.8306
67,10529.717,7996.342
67,8572.474,12375.071
67,12752.903,3411.4548
67,8682.94,14742.488
67,7888.6147,13954.843
67,17630.445,4833.1494
67,13351.369,11803.83
67,7813.96,6026.9165
67,7858.279,3772.4712
67,11570.064,15063.192
67,17931.785,5735.943
67,5041.4126,4656.5283
67,7717.2686,17706.82
67,11819.626,15392.561
67,9853.237,3727.4714
67,13487.369,4777.811
67,8553.424,20000.0
67,15348.455,15637.06
67,8592.194,8003.536
67,12903.309,5533.035
67,13865.445,16073.509
67,10590.976,14053.091
67,9093.531,7423.5127
67,10921.546,15315.555
67,12129.209,10856.35
67,6966.3706,15137.375
67,18318.686,1727.8475
67,5640.855,2430.1458
67,10362.884,17358.148
67,11494.656,4027.591
67,16742.887,619.25604
67,14127.324,3932.9583
67,15032.567,7775.206
67,12149.815,12018.647
67,7083.077,17519.584
67,9863.686,5559.467
67,4885.389,3511.2363
67,11420.699,18434.861
67,11455.285,15397.667
67,8290.405,8655.946
67,11380.823,4404.615
67,13836.695,3228.4565
67,9125.691,13481.111
67,13863.716,14069.569
67,13662.809,16875.336
67,16220.063,3737.679
67,3275.505,6971.285
67,8828.961,15753.162
67,12731.179,16787.463
67,4441.4883,6836.0205
67,6427.583,8345.33
67,5044.8047,15296.804
67,5017.0566,6498.562
67,7786.8574,13893.991
67,9532.72,15307.802
67,7286.4253,5079.1978
67,17062.664,3850.314
67,2773.2827,4539.2354
67,6010.6187,13636.081
67,6963.06,2914.867
67,10056.151,17036.701
67,15933.373,5868.221
67,11647.491,2414.4802
67,12978.138,14179.091
67,15414.159,12302.421
67,6147.6304,4701.8193
67,5806.9487,3102.9802
67,12515.0205,15170.05
67,15577.885,7737.2163
67,9869.911,4590.1533
67,12423.863,18512.498
67,12457.2,16954.139
67,15343.329,16413.643
67,10971.246,17174.021
67,14956.269,2372.7986
67,10700.068,8869.939
67,6667.105,14771.942
67,10532.516,4341.0923
67,9966.243,5711.745
67,10038.1045,17760.174
67,6393.1216,13039.035
67,9251.098,13182.551
67,8247.422,6631.991
67,12326.298,7959.17
67,13402.861,14241.844
67,16936.254,1826.614
67,13581.701,13716.759
67,10459.968,6603.0522
67,10853.366,13894.61
67,8919.9,2566.908
67,12676.99,16504.379
67,6714.186,14180.144
67,1706.6053,4442.8833
67,5165.0107,6432.7036
67,13412.974,12731.266
67,7633.822,7724.0347
67,11648.965,4346.5117
67,11210.389,11731.834
67,4418.804,5075.4023
67,16072.381,4401.166
67,18166.057,4182.0054
67,18595.688,9009.332
67,12770.384,6469.504
67,12177.5625,13573.8
67,8945.972,16468.217
67,19260.041,9114.136
67,15631.812,4552.3467
67,10806.135,11806.827
67,8436.562,15404.624
67,7918.169,4099.7905
67,4905.977,6415.7485
67,12227.253,15337.471
67,5745.102,17627.053
67,8512.526,11298.584
67,7050.727,5697.1626
67,13837.392,15416.604
67,12647.772,4609.4326
67,9607.161,15891.204
67,15834.036,11075.895
67,12235.539,13076.211
67,16040.218,8982.31
67,18135.012,3406.5332
67,12043.055,15599.583
67,5501.973,13633.704
67,7444.655,16434.445
67,18884.965,3662.7327
67,11698.967,16888.42
67,6815.205,12875.434
67,13735.404,18476.611
67,3777.9954,6228.604
67,13071.215,8121.952
67,11622.356,2218.6938
67,9941.952,17078.52
67,6045.853,8932.541
67,11744.3,12734.586
67,13930.082,1106.6427
67,11941.221,4264.9893
67,7549.1206,16666.424
67,9079.88,16762.385
67,1348.0507,5370.4146
67,9851.348,3928.2449
67,14220.976,13368.129
67,5353.1426,1558.1252
67,15983.911,13977.63
67,10224.895,13763.332
68,10000.0,10000.0
68,13103.221,14657.524
68,12281.25,11994.892
68,14501.629,5463.1597
68,11085.285,12493.362
68,6895.1694,12481.826
68,9746.006,16855.01
68,14647.652,2068.0806
68,7442.3013,6443.8213
68,6143.851,5135.339
68,7215.406,14061.548
68,9199.752,15650.991
68,9343.367,15143.068
68,9402.422,3762.4146
68,10652.703,882.4184
68,8499.56,14805.654
68,10113.195,6187.511
68,8453.38,11331.62
68,8733.621,15936.391
68,8091.4224,17281.238
68,8530.218,14176.601
68,15113.316,7057.541
68,14669.001,16336.128
68,15981.07,2795.8762
68,396.2881,5550.526
68,10603.698,2723.9321
68,5383.72,1743.2292
68,7290.096,6417.047
68,5654.7056,15547.799
68,8807.123,6160.0757
68,10565.5,12304.697
68,5706.7363,14941.376
68,13959.296,14207.408
68,15081.567,7134.054
68,13494.221,11834.679
68,5775.2417,15747.763
68,4152.8193,5526.017
68,9011.346,13300.628
68,6627.3813,14361.5205
68,11354.256,14454.174
68,18086.95,7321.303
68,11085.356,5236.328
68,13001.842,5163.0283
68,10236.205,15831.919
68,7335.0454,15140.382
68,15366.689,4576.633
68,10717.768,11644.764
68,5869.317,2632.2964
68,12799.968,13324.314
68,5619.0703,17685.56
68,9585.611,15658.117
68,8984.358,14562.507
68,2573.159,6368.513
68,10085.443,13067.614
68,12744.519,7757.8105
68,5463.4907,6720.129
68,8711.613,18037.188
68,3839.2754,1132.9209
68,12580.873,12692.924
68,7215.9546,16550.941
68,2312.7822,5058.5083
68,14859.718,4842.557
68,11351.043,15691.12
68,4484.596,7041.398
68,11929.469,4312.4517
68,15422.704,5821.3784
68,6187.723,15824.6045
68,14693.257,13574.661
68,5287.2017,597.5491
68,3661.5906,3075.1497
68,15458.902,7204.6284
68,13555.927,13427.858
68,9577.257,16833.738
68,12590.927,8851.553
68,15016.164,1112.5972
68,9176.904,6444.3887
68,7132.6514,13058.799
68,10842.487,4806.184
68,15101.769,14793.962
68,7958.21,15196.16
68,10392.881,18666.967
68,2806.3284,6727.3247
68,2934.4734,6214.586
68,15203.813,5721.3667
68,858.6076,4126.9155
68,5611.8735,7537.569
68,4745.5303,7854.1787
68,17591.979,3310.903
68,10631.9795,2726.5269
68,9482.188,14586.332
68,6629.2485,3918.8215
68,9454.437,12053.214
68,3132.0352,4203.2744
68,6351.363,4611.5303
68,3323.7053,3702.8237
68,8157.3,14656.723
68,9213.948,14030.56
68,16838.535,12377.658
68,14408.149,6344.582
68,14906.391,10384.903
68,17214.045,3509.587
68,10411.137,11902.219
68,9645.317,2515.3455
68,7393.76,15894.318
68,10580.16,11320.93
68,15019.453,13062.546
68,6904.994,13119.863
68,8750.644,3095.5366
68,8826.466,14937.222
68,8850.947,17599.174
68,7884.7993,1622.163
68,11847.396,15130.436
68,9879.468,16340.289
68,8422.057,14778.351
68,10900.828,13221.591
68,14637.367,12563.107
68,9275.441,15827.536
68,14477.653,4522.6216
68,13770.911,14132.548
68,9848.487,14810.423
68,9802.407,13277.79
68,10684.027,7950.6313
68,14913.957,8464.328
68,8864.076,7830.9644
68,11267.684,17784.564
68,7068.359,2772.7954
68,10805.287,16039.559
68,362.63464,1976.3905
68,12125.753,4909.505
68,17922.299,4897.1045
68,10429.215,4896.7183
68,9362.828,15904.476
68,12467.964,17999.033
68,13600.143,7596.384
68,11822.223,17427.06
68,3681.022,4308.37
68,13219.062,16834.389
68,16487.145,6377.7715
68,11552.283,13617.715
68,16216.685,4141.288
68,14399.198,14423.162
68,10602.388,3770.663
68,9305.5,13634.333
68,5744.0044,5140.159
68,11703.916,5528.1436
68,7803.3833,15158.791
68,12070.532,16922.965
68,9055.2295,15344.189
68,10265.721,7630.5063
68,11804.52,738.0068
68,8868.075,14540.517
68,10862.666,17550.846
68,13146.951,15571.668
68,10811.288,17172.203
68,16838.213,5798.2515
68,13902.028,7081.015
68,9915.416,3992.7239
68,12717.333,4573.8965
68,7201.4478,16550.457
68,9637.327,14542.072
68,10006.467,15313.403
68,9376.316,12146.601
68,16019.723,6924.6113
68,8348.388,19073.045
68,12156.652,3584.1204
68,13616.391,4937.6104
68,3645.3987,13338.133
68,14105.516,5190.981
68,17655.47,14840.695
68,14739.416,15528.294
68,12204.125,14249.675
68,12934.63,15335.843
68,10651.909,12643.679
68,3013.8945,5854.7935
68,4109.5234,4139.298
68,9759.909,15254.974
68,8284.081,17717.74
68,12193.034,13184.721
68,10481.631,16806.898
68,7708.953,4184.024
68,8381.08,8634.773
68,9673.917,5717.21
68,4467.901,5703.0586
68,15230.075,5193.9185
68,8491.52,5440.9995
68,11840.002,6265.8486
68,4468.0034,1126.9414
68,10184.993,14893.528
68,3921.0356,1775.5417
68,8995.53,17744.451
68,5553.774,3758.3347
68,2230.742,3375.9482
68,10746.03,13652.582
69,10000.0,10000.0
69,13422.102,768.45105
69,14176.351,19486.805
69,7970.981,4957.7124
69,13943.53,15505.99
69,10650.486,701.0419
69,2699.3381,2134.0679
69,9282.819,11265.57
69,3905.0793,4556.097
69,8426.119,12215.995
69,13785.917,15581.048
69,11655.399,4449.088
69,10365.51,14733.916
69,18497.299,2753.1665
69,18085.406,4918.2114
69,17065.219,6704.97
69,14669.161,13876.984
69,4299.9585,5024.132
69,10214.815,14648.653
69,8081.609,1857.9261
69,7924.4185,8189.775
69,8654.935,13895.783
69,16903.297,12098.043
69,12536.348,4748.4297
69,8900.481,5969.1724
69,16731.727,7440.064
69,8159.274,2946.7388
69,1698.6469,4594.5415
69,14406.059,15149.965
69,8132.7314,10203.755
69,9542.383,16688.05
69,14716.038,0.0
69,10985.074,16948.43
69,12412.39,13941.346
69,7912.4585,7163.607
69,13977.777,4675.2925
69,7309.777,11236.4795
69,9192.438,17240.508
69,4721.9937,2191.2214
69,7623.5767,14028.711
69,7335.883,12539.742
69,5594.7563,11479.581
69,11634.345,6703.4775
69,10337.645,19076.15
69,10162.927,16353.48
69,12849.164,14324.617
69,8243.11,12327.968
69,6176.787,7606.91
69,16363.733,14166.894
69,11843.541,17815.936
69,13186.1,19730.996
69,9470.1875,16032.008
69,4917.274,14540.249
69,9543.339,13145.403
69,9358.138,17043.527
69,7759.693,16556.346
69,9278.017,14413.296
69,6447.99,1975.3995
69,16035.07,7676.931
69,11620.562,9388.954
69,13303.922,1553.8889
69,6421.2935,14597.5
69,3990.7083,1844.7056
69,10063.242,14978.451
69,8166.675,5728.875
69,10393.4795,2997.209
69,13527.732,2714.8623
69,11341.202,4128.1406
69,4604.17,981.485
69,8606.61,14135.82
69,6898.3877,3405.4253
69,9290.225,13848.025
69,13448.8,8875.307
69,12956.913,15169.522
69,7852.345,7275.1216
69,9094.664,6120.185
69,9885.9795,15059.874
69,7274.0474,16397.148
69,15403.232,5977.733
69,4221.257,7544.1294
69,10940.749,15968.621
69,19086.924,8213.254
69,16546.746,3864.198
69,4420.2383,2707.5618
69,18800.592,5011.992
69,8904.808,15562.464
69,8283.972,16814.684
69,7825.506,5221.9087
69,9481.688,17784.203
69,9917.442,8069.077
69,11901.858,5729.724
69,8963.887,14820.919
69,3302.754,7278.2646
69,10047.946,16997.293
69,9660.337,13519.937
69,13460.441,14732.547
69,7043.6597,14442.002
69,11360.654,14413.925
69,13342.726,17663.79
69,1048.1073,3892.1755
69,13478.553,13145.779
69,12646.821,14624.993
69,8979.046,12988.385
69,6016.6797,18180.785
69,12285.453,15734.481
69,3704.944,6972.5747
69,9780.56,15603.008
69,9354.357,4898.862
69,12592.87,6997.146
69,12753.241,12928.929
69,1459.8772,5275.4077
69,14737.202,14844.95
69,13573.51,18700.703
69,14654.488,14022.747
69,9432.51,15857.03
69,7904.4917,14435.62
69,6113.232,7963.255
69,12319.61,5921.308
69,8800.899,9875.674
69,12061.691,17698.879
69,6899.322,20000.0
69,10750.808,9557.483
69,4125.4766,3097.7737
69,14978.91,13676.147
69,10179.469,9895.344
69,4284.863,5110.5156
69,0.0,4776.776
69,8538.193,15515.872
69,1524.3273,5550.745
69,7994.9976,6039.952
69,9805.859,7141.5137
69,14096.896,15412.282
69,445.89212,3855.3284
69,14715.054,6540.1294
69,5335.635,3911.9043
69,3072.8289,303.6563
69,14181.391,12828.53
69,8894.6455,13860.384
69,17318.479,3329.0552
69,2613.7502,1490.1271
69,9066.075,5529.41
69,1942.4857,6550.6357
69,1125.2676,7362.4463
69,14789.1,6451.5767
69,13537.995,8270.861
69,12466.0,5112.4736
69,7607.9595,14372.987
69,5279.8374,5586.4575
69,11111.404,13833.968
69,17925.398,1631.492
69,51.225204,7182.539
69,8366.012,16695.127
69,13712.145,17758.422
69,15823.215,8240.565
69,15139.801,6332.1147
69,8881.379,11689.583
69,12040.156,12351.07
69,9954.037,13539.013
69,7114.038,16240.455
69,11633.3,16901.021
69,3944.3228,11727.941
69,7115.1147,16837.088
69,10498.886,8656.042
69,6504.727,8452.481
69,16199.749,14279.85
69,1358.5145,4772.2236
69,9944.194,18134.373
69,9728.747,13273.195
69,11516.347,4645.982
69,12528.521,6569.189
69,13074.5205,14283.944
69,8992.562,1957.624
69,13033.372,6798.8325
69,5993.577,14908.372
69,7431.3955,13532.1045
69,9959.762,16747.52
69,7208.2866,11441.3955
69,16374.039,13936.205
69,5681.1353,5234.359
69,12281.98,16060.156
69,11349.778,4244.1304
69,13832.132,16833.969
69,7986.8804,5341.6724
69,9826.229,15246.85
69,13307.185,426.1403
69,18542.297,5083.344
69,6853.2456,4443.005
69,11580.466,13930.517
69,17430.285,9014.046
69,7400.434,11678.878
69,7484.0146,7933.5156
69,8201.304,17025.297
69,13227.357,6131.086
69,11769.133,13056.758
69,11815.892,9874.337
69,6218.99,2205.7524
69,11711.243,13483.876
69,6819.6187,17909.965
69,7221.3477,10717.092
69,12383.083,19007.744
69,11487.968,3718.726
69,19370.67,5238.755
69,12327.089,8121.122
69,19737.248,10099.398
69,14310.178,5531.2095
69,9386.927,4321.7188
69,7960.666,14291.569
69,7902.4326,5445.806
69,7110.8794,4888.6235
69,13360.922,14587.613
69,15673.895,5828.9604
69,10108.156,15122.088
69,7732.1255,15215.51
69,14495.673,9689.462
69,9009.509,929.3866
69,13633.815,5303.6406
69,15942.409,6684.6274
69,20000.0,6779.8066
70,10000.0,10000.0
70,8666.666,4654.1577
70,9654.147,3550.317
70,10399.016,15544.439
70,13970.252,4191.2793
70,5563.508,16020.091
70,5196.197,2660.959
70,14808.783,4455.2793
70,9419.357,18684.932
70,11157.607,15729.66
70,3007.615,1802.8759
70,12995.163,9485.465
70,13102.596,14690.53
70,12720.13,14781.627
70,15556.163,5579.159
70,9124.772,16104.902
70,14077.449,13640.708
70,7783.0605,14117.1875
70,12778.508,3694.3271
70,12417.126,17520.465
70,9490.574,14815.22
70,8240.224,13835.517
70,17550.404,5343.909
70,9734.189,15187.745
70,16981.1,7789.023
70,12334.006,2672.5608
70,13185.207,4519.168
70,16303.857,13986.781
70,7655.561,6150.654
70,13128.676,15490.531
70,19096.209,2875.776
70,9141.651,4769.1895
70,7156.669,3478.303
70,3151.251,8386.389
70,11376.282,14588.213
70,14463.834,15466.932
70,9670.667,5164.158
70,12086.75,14030.922
70,10898.508,4655.2764
70,12190.218,5718.2915
70,13940.878,5432.4385
70,7870.122,13194.974
70,13230.844,5469.8047
70,4817.925,2937.612
70,9468.19,15866.204
70,8969.138,4923.667
70,11262.69,11979.598
70,5195.878,11502.782
70,9026.011,14560.751
70,10548.184,12634.308
70,4573.429,4392.566
70,7121.8247,6422.739
70,7435.517,9224.651
70,5244.613,11265.907
70,11505.092,16820.393
70,11521.389,7123.0854
70,11513.943,12485.855
70,7632.7764,16298.027
70,13685.052,7152.1436
70,14291.105,4474.6787
70,13120.491,6816.1523
70,5687.7915,4842.5596
70,1265.414,4112.809
70,15115.372,1628.8516
70,18739.783,4817.2793
70,5412.1025,5467.6387
70,12070.311,5982.017
70,7499.2744,11133.005
70,14596.923,283.55176
70,11644.549,14651.988
70,16370.111,3004.4277
70,8203.389,14141.851
70,5929.724,4616.9062
70,13918.5625,6553.2134
70,13509.275,15122.303
70,8465.352,18041.654
70,8096.1797,7353.0107
70,9969.803,4191.629
70,3519.9504,5133.539
70,10261.127,14289.761
70,14418.511,18005.906
70,9714.184,15727.825
70,12930.835,12606.23
70,5950.7197,3477.819
70,15705.024,3083.2285
70,11540.359,17546.38
70,7587.293,12851.328
70,18740.486,2940.6577
70,14060.649,3284.346
70,5699.8027,9290.748
70,3887.1567,621.59283
70,12028.767,14096.032
70,6929.1694,14113.821
70,9507.765,13939.332
70,10040.349,15441.13
70,14325.209,7088.25
70,6745.47,2776.628
70,12644.3125,16154.759
70,6738.031,16252.204
70,5630.4717,2240.975
70,10519.175,5741.834
70,7175.9688,13926.747
70,15605.065,6903.661
70,9071.976,14387.371
70,8805.71,6261.0527
70,6558.5684,11714.676
70,8790.134,14898.107
70,12525.97,16687.598
70,4028.6394,4657.6675
70,17790.492,4779.024
70,18008.482,3945.3618
70,17930.459,4133.395
70,15222.656,3446.1982
70,8834.805,12586.651
70,11333.772,17476.082
70,18896.984,5227.1206
70,15246.219,14795.303
70,10210.464,5377.1323
70,15344.438,5555.939
70,10152.031,13342.038
70,7537.399,7408.9473
70,13365.087,15948.389
70,11843.236,12488.973
70,9389.325,16627.557
70,15038.319,7282.4204
70,6159.926,6212.465
70,8754.829,3621.6409
70,10631.876,17075.643
70,11375.725,5681.605
70,10920.678,17968.479
70,15322.363,5217.062
70,10621.218,17277.943
70,9894.969,15943.297
70,11929.426,7718.4814
70,7330.463,8637.28
70,15344.088,5089.296
70,10345.479,5027.161
70,8542.986,13686.941
70,6769.5337,17892.305
70,14757.619,8165.442
70,12690.221,5093.83
70,11038.863,6612.32
70,13133.872,14574.241
70,17836.06,7601.786
70,11017.192,4568.322
70,5688.2886,16683.736
70,10415.8,14679.304
70,5743.2344,6701.3867
70,7860.958,17275.37
70,7691.1587,6186.926
70,11516.727,15385.286
70,8514.106,6161.597
70,5785.15,10709.023
70,11527.631,12053.72
70,16551.48,3206.6963
70,14467.049,12580.965
70,6692.8345,13218.419
70,11155.64,16627.57
70,6433.8696,11613.05
70,13413.403,12994.668
70,7066.0967,13765.517
70,6887.957,14520.583
70,7690.8745,7951.275
70,12330.097,3983.2893
70,10625.98,14396.469
70,10968.944,2278.7654
70,9968.196,16852.195
70,14241.864,4431.349
70,14147.234,15219.07
70,8125.6255,1837.6864
70,4698.7866,13565.776
70,7326.4214,18286.64
70,8275.038,9774.744
70,17393.998,5274.7896
70,13238.642,12732.658
70,11810.4375,15915.662
70,6447.5923,14528.223
70,9825.5625,16407.982
70,7774.7026,14662.32
70,8715.192,17937.271
70,8553.005,16640.92
70,12909.747,10660.815
70,9708.61,14272.976
70,10035.154,14198.787
70,14097.182,1443.9869
70,8355.5625,15148.083
70,5314.596,16960.543
70,8185.192,4834.5176
70,8092.1743,14578.533
70,184.77066,6983.8696
71,10000.0,10000.0
71,9685.082,10069.106
71,7609.7373,5606.007
71,12146.986,3922.7998
71,15100.619,4254.564
71,13646.49,13603.02
71,11825.552,4399.8726
71,4715.5376,3915.5615
71,10447.097,7497.7334
71,4769.202,6046.7876
71,14088.6875,6491.357
71,13264.12,5044.9697
71,11267.201,2806.2563
71,16289.899,1579.6842
71,4597.4727,6616.6885
71,891.26575,1975.3289
71,9445.913,11527.694
71,8335.77,10381.75
71,10468.699,14541.798
71,11664.631,14231.422
71,12522.515,18092.111
71,6994.1143,13919.676
71,5464.8896,6259.54
71,13028.613,12310.888
71,9936.116,15093.353
71,10856.747,1368.5793
71,11828.681,18029.781
71,12726.896,16564.846
71,3110.0518,169.00694
71,9975.814,14485.698
71,4532.5684,13012.193
71,8429.707,2851.5122
71,6919.6562,18385.303
71,15983.929,4102.505
71,5589.6504,3931.5688
71,9289.851,16488.656
71,3211.6428,4754.9053
71,12004.48,4728.5103
71,10547.862,17485.275
71,10183.325,13750.821
71,12663.736,16625.26
71,5272.307,5188.544
71,5635.6904,12854.132
71,9901.247,2178.6462
71,9740.366,16178.355
71,6599.5464,2856.3052
71,6670.1016,19001.396
71,9144.482,15890.906
71,13138.352,5062.211
71,11498.491,14608.67
71,8032.4155,15443.4375
71,8802.836,17146.0
71,5863.8604,15865.112
71,9322.646,12350.569
71,12987.886,2864.4636
71,9462.492,16714.6
71,5583.188,14572.526
71,6846.7666,6104.9697
71,17891.209,7527.9863
71,12644.204,15375.576
71,3448.1174,3619.9216
71,8520.756,17461.508
71,9347.957,2587.9373
71,4803.3926,14264.447
71,13100.391,16926.17
71,11847.948,15709.795
71,9930.205,13649.291
71,15688.661,6546.96
71,7800.386,8717.601
71,9700.38,6953.634
71,13367.463,15405.379
71,12273.208,3889.2566
71,14460.353,12313.889
71,16001.173,11072.8125
71,13406.544,17012.426
71,13259.984,15730.843
71,7246.1943,4187.8853
71,9176.616,6215.0396
71,11490.627,586.3166
71,10559.664,15466.813
71,57.47265,7754.9995
71,10229.141,7160.3696
71,12191.732,15897.861
71,12759.837,18436.29
71,10301.918,4150.3994
71,9061.57,2453.7888
71,7694.2246,11035.47
71,12019.457,17517.088
71,10478.384,5443.3057
71,12663.392,2390.2202
71,10471.999,13932.771
71,15531.565,5150.631
71,13399.837,7446.038
71,14483.011,5093.06
71,6744.2627,12561.045
71,16696.988,6842.608
71,9881.879,13933.525
71,13713.897,14102.693
71,10162.115,8700.997
71,0.0,4859.6655
71,5064.601,4352.16
71,17630.865,6700.649
71,16744.555,8037.9043
71,3498.9875,6320.1016
71,11918.547,17449.918
71,15834.927,14559.707
71,12308.772,5830.5894
71,11255.691,5334.883
71,13144.453,15867.541
71,5224.8438,2905.1953
71,549.27625,10868.076
71,11124.582,1445.7567
71,12058.848,15908.685
71,7971.83,17797.963
71,8821.616,12408.369
71,8891.337,13389.872
71,9572.319,12401.284
71,5536.573,12637.968
71,13239.735,5215.333
71,10085.313,2558.8987
71,14843.776,5823.48
71,14346.524,10946.011
71,5174.179,5200.207
71,7643.3657,16559.705
71,9773.817,11959.758
71,778.1928,13344.285
71,9312.755,12291.422
71,7984.7583,8745.693
71,7177.4814,15399.176
71,10531.989,16482.686
71,13282.116,13511.243
71,8105.461,3005.5295
71,8510.453,3567.6719
71,7127.6694,15285.876
71,13168.978,5810.641
71,6212.94,3486.0986
71,14906.821,7677.648
71,10429.536,5824.214
71,18180.953,4933.204
71,11281.77,16481.137
71,11313.878,3850.0771
71,12209.424,7002.266
71,12078.832,11943.3
71,10313.718,15979.835
71,11547.317,2823.1345
71,10367.417,4690.2837
71,11434.43,2614.6885
71,12895.724,6064.515
71,16992.459,2823.452
71,6438.195,13713.556
71,11861.862,18884.559
71,12753.414,126.39126
71,6068.91,14156.764
71,14929.441,2592.8972
71,10736.17,13390.954
71,9654.897,7767.681
71,4456.552,7009.7793
71,9037.902,14826.301
71,12730.572,16587.717
71,7711.2534,17944.69
71,10723.84,7125.9004
71,2368.6082,4556.8413
71,14969.334,14177.792
71,10797.392,6666.7446
71,9699.903,5687.845
71,0.0,4171.981
71,11190.58,13335.398
71,13068.28,3455.0576
71,9462.761,14665.195
71,780.54895,3732.8313
71,6763.005,14627.496
71,13589.56,5291.1772
71,10408.855,14057.549
71,7609.2847,16717.64
71,9327.383,11822.228
71,9449.854,17782.822
71,10864.814,3999.405
71,10952.374,3378.1372
71,7847.8867,5704.765
71,16667.771,868.69025
71,10187.007,15753.954
71,7982.4287,15697.963
71,12869.493,13877.173
71,14841.127,13425.303
71,12845.274,10378.32
71,11791.279,12915.91
71,4384.009,16094.416
71,7317.191,12471.586
71,11777.167,7440.1255
72,10000.0,10000.0
72,9910.905,17926.719
72,7895.7456,4982.132
72,8430.942,14901.345
72,10848.09,16515.895
72,16176.856,7350.3
72,3906.218,6598.4233
72,12681.396,17660.4
72,14663.555,17648.555
72,3713.0046,7181.4917
72,14645.55,8832.363
72,12713.166,5702.8955
72,13264.485,785.5828
72,12229.622,1385.5541
72,16217.411,6870.336
72,10103.785,11120.024
72,5699.7646,9384.914
72,15469.426,11145.13
72,8893.823,13036.636
72,15739.343,14594.385
72,7882.272,12795.176
72,10454.482,4380.7324
72,6722.141,6401.002
72,11175.264,10938.971
72,4699.6636,5854.441
72,7423.3843,16452.143
72,7876.8823,14123.149
72,15677.53,14647.495
72,16775.645,15191.645
72,18639.312,4471.776
72,6232.107,2363.648
72,9035.097,17551.986
72,9213.78,12238.888
72,8518.583,19919.416
72,13195.111,13990.655
72,10933.96,15659.936
72,10444.876,2899.7058
72,1762.8633,3811.272
72,12487.109,15836.267
72,2362.674,6247.1694
72,18736.23,4100.4385
72,13568.123,4270.0073
72,19390.996,6221.069
72,4648.827,3274.8489
72,9644.197,15010.823
72,13561.352,14933.689
72,12094.733,12922.034
72,8814.23,4107.439
72,7344.7666,16377.6045
72,5381.2075,16085.966
72,11981.559,16923.6
72,12509.972,6946.586
72,14852.166,4805.5728
72,12542.182,12062.284
72,9129.261,8152.6104
72,5210.727,14348.123
72,15105.067,5558.481
72,13886.806,8085.8125
72,7340.345,14386.68
72,10962.764,4882.023
72,6509.4375,15860.333
72,11439.715,10798.644
72,6259.626,3301.1672
72,13427.247,12548.172
72,14347.06,5172.8804
72,11637.641,5039.292
72,12450.674,16264.233
72,10712.536,15602.081
72,11573.107,6719.3345
72,3399.6548,5810.2695
72,9183.722,3342.561
72,1359.8679,6148.667
72,6918.694,1889.753
72,12306.735,14037.088
72,9685.601,15941.206
72,12188.173,15941.718
72,8733.489,0.0
72,17678.258,5173.746
72,5637.677,7496.3066
72,8142.5225,16935.406
72,9944.119,5120.523
72,11328.764,3407.8801
72,6704.438,6291.4473
72,16018.56,786.0431
72,3393.4087,1050.3583
72,7760.0825,4382.969
72,7855.5576,6940.707
72,9211.8545,15208.184
72,12353.163,13769.997
72,4574.5977,0.0
72,12977.284,13619.573
72,5614.1255,3624.783
72,9949.619,10170.497
72,3492.9587,13446.996
72,10897.885,3557.727
72,5032.295,13121.769
72,10413.078,11496.262
72,8787.516,12805.183
72,7322.0967,15542.715
72,12258.596,17383.826
72,11817.684,3585.7283
72,7148.9287,16316.438
72,10438.804,15274.463
72,15178.785,6216.8267
72,6266.4043,14923.438
72,9237.511,17085.225
72,10889.527,4384.4976
72,13157.302,7740.992
72,9860.436,7671.482
72,1278.1196,2187.7197
72,12526.641,16481.744
72,11725.617,2267.1318
72,1826.8995,5487.4233
72,8899.537,16449.7
72,6035.086,6002.009
72,8892.302,19274.715
72,10250.869,9550.327
72,5605.162,15838.912
72,8127.673,15868.769
72,14810.478,16198.74
72,7813.1396,17862.912
72,13181.496,7194.123
72,7907.1953,5055.9688
72,16603.107,4012.752
72,9396.329,16449.877
72,16818.273,2089.1218
72,9196.769,12579.054
72,7040.5356,7310.358
72,14076.672,10704.0
72,6639.084,12190.03
72,12947.742,2006.4957
72,16796.13,4792.2607
72,12908.54,16323.286
72,9066.74,14068.935
72,8039.7207,7879.48
72,13853.34,9064.926
72,11130.637,5216.749
72,12893.11,6355.6963
72,11773.883,4424.8867
72,8509.194,6326.029
72,13419.812,6313.1104
72,11904.903,5939.6313
72,5843.595,15532.352
72,10552.983,14574.354
72,15509.815,16713.277
72,7564.864,6305.962
72,7823.852,15163.2
72,6876.879,4297.587
72,7389.3203,3648.6528
72,8815.179,14716.976
72,17348.3,7285.892
72,11600.276,18361.457
72,11489.009,4847.982
72,13814.915,14473.169
72,6956.466,14589.047
72,11927.815,16140.298
72,6716.2827,15505.83
72,9910.196,10622.606
72,11980.874,4938.91
72,13234.654,16781.123
72,15003.498,14503.268
72,6831.2295,14661.762
72,2022.9954,5149.26
72,7569.311,4979.2485
72,10383.238,4159.904
72,5123.204,2296.8315
72,14893.895,5529.3296
72,10363.078,3120.3267
72,13952.205,3176.3064
72,16240.995,12316.93
72,9741.471,3667.2563
72,15461.924,1152.8666
72,15273.192,5817.686
72,4269.5312,3533.5476
72,8936.242,14700.622
72,8917.307,13379.807
72,13115.791,15934.621
72,17174.834,5503.513
72,14245.489,4667.918
72,7658.969,14383.834
72,10764.575,5163.828
72,7288.8994,2057.419
72,3753.0417,10890.878
72,5164.1704,2486.259
72,10338.157,16395.102
72,9897.173,4743.61
72,8703.752,7511.6953
72,12436.334,13175.426
72,13427.162,3937.0417
72,9992.086,6738.9414
72,6408.815,12438.049
72,11261.906,16226.715
72,0.0,2837.1255
72,8785.314,3741.5227
72,5911.314,5004.701
72,4073.8918,5131.4893
72,12286.098,4980.763
72,10514.865,15799.365
72,12794.829,5111.665
72,18110.932,2822.6765
72,17215.805,2321.1023
72,7644.5337,12976.875
72,12661.478,16879.533
72,7107.6094,3833.8003
72,6494.0474,15176.422
72,9444.735,2198.1924
72,8452.219,18365.184
72,9553.025,15211.657
72,3556.449,12214.676
72,20000.0,5834.7544
72,13130.504,6062.04
72,14445.519,13156.271
72,9831.774,17925.957
72,7045.967,12371.863
72,8243.421,12752.826
72,13363.772,13726.303
72,13570.885,13830.399
72,11359.398,12264.276
72,15953.858,14885.561
72,8469.047,17709.05
72,1009.9829,3970.0022
72,9816.503,17057.371
72,8657.312,10788.766
72,10241.953,16386.793
72,17780.96,4381.646
72,4253.3867,17227.219
73,10000.0,10000.0
73,14710.28,8453.395
73,13394.448,5789.553
73,8177.749,3996.7124
73,12625.517,1521.1229
73,15483.267,19238.842
73,7245.6626,2134.727
73,8090.2134,16837.992
73,9627.084,15778.013
73,13942.167,5552.277
73,12147.489,14521.843
73,12856.002,14810.855
73,7893.1763,18752.86
73,8548.032,11779.691
73,9754.43,12172.026
73,10551.142,18005.621
73,3631.213,6479.657
73,2800.12,6570.4805
73,8929.758,16433.62
73,10207.988,4213.3506
73,13751.562,4540.8228
73,7057.2534,18777.248
73,16341.254,8361.922
73,9476.037,5377.7046
73,18359.781,3623.1428
73,5215.8325,7244.002
73,11657.358,14824.759
73,10817.657,18188.14
73,11270.643,9608.649
73,14929.073,15303.436
73,10631.103,12763.843
73,16109.613,4621.6455
73,6484.519,4989.5537
73,5039.9946,5342.174
73,6420.855,4674.1396
73,12740.113,17869.328
73,8343.71,12028.2
73,3857.2007,5012.5513
73,11949.823,15478.821
73,8657.353,4922.2373
73,8672.608,14478.574
73,6084.238,14005.635
73,9399.172,4642.0396
73,9809.947,15956.686
73,16694.879,9275.832
73,6231.8364,15552.617
73,4724.5923,15468.767
73,4982.6323,8977.814
73,5796.388,13168.635
73,7180.7656,4932.6587
73,10275.573,4108.3535
73,15353.354,3243.9377
73,10318.763,15903.06
73,11977.969,3028.9675
73,11820.848,5868.0327
73,9440.829,16268.944
73,12434.171,17404.516
73,9139.169,8077.44
73,8196.068,13622.993
73,4009.8042,6640.9033
73,7590.817,15517.454
73,9151.353,4587.1753
73,10418.756,15007.046
73,14475.714,7787.824
73,5225.756,4063.819
73,19626.242,5139.517
73,4002.7085,15095.797
73,2839.542,4459.5176
73,14741.111,3461.7556
73,8064.265,16362.357
73,6471.834,15877.392
73,16351.584,12211.016
73,16853.658,3485.415
73,10564.772,6348.348
73,10161.142,6325.5513
73,12425.425,1156.0024
73,8952.165,15760.528
73,12243.221,14078.109
73,0.0,3815.5015
73,5881.6553,5586.8276
73,14544.31,16976.979
73,10678.835,4932.099
73,5131.1924,4852.3223
73,11926.5625,12891.277
73,9910.6455,12260.406
73,12931.398,6773.891
73,17283.4,5213.4263
73,8213.629,6421.7
73,8490.548,14240.269
73,7925.1133,13782.683
73,15527.08,14822.167
73,7368.371,15194.301
73,8764.264,17631.541
73,14285.677,6639.452
73,9598.578,10909.404
73,17290.88,4933.0933
73,12783.314,16659.334
73,9846.707,3117.393
73,9009.611,1254.825
73,13597.829,15089.257
73,11837.14,15482.088
73,12628.0625,15672.886
73,4478.768,15509.908
73,17570.006,13528.134
73,14781.919,5782.9854
73,11814.746,5977.6763
73,16527.637,2408.5645
73,16306.136,3119.0981
73,11894.414,14312.176
73,5200.427,14735.955
73,13680.992,5189.13
73,12103.805,5887.854
73,847.73,2075.3213
73,10977.311,16712.775
73,12042.543,16534.525
73,12525.509,11498.229
73,6866.0615,14538.004
73,14268.715,16564.057
73,10827.413,19866.521
73,15001.921,7071.929
73,10387.656,16989.125
73,7181.576,4882.6265
73,5980.2935,13302.035
73,8817.789,6828.752
73,6508.637,13805.821
73,7787.1924,1652.3451
73,7888.129,6380.0825
73,12687.05,470.89526
73,6336.05,16175.05
73,14045.685,15285.248
73,11649.766,15231.188
73,13804.689,13769.049
73,9046.29,1521.7992
73,10588.438,14865.762
73,13379.56,16726.258
73,5592.8496,16179.946
73,8747.935,15596.478
73,13882.899,15359.717
73,5816.148,14320.548
73,9950.667,15075.878
73,7370.103,9783.779
73,8025.246,13008.904
73,3791.7188,5777.068
73,12144.235,13388.428
73,11661.504,16577.69
73,3753.8538,4488.557
73,8280.636,15881.234
73,16940.05,7922.286
73,12234.345,17918.707
73,12466.684,13482.27
73,13161.873,3863.3008
73,4618.191,6844.7983
73,5041.991,3951.3772
73,7026.966,11885.4795
73,11192.908,19642.201
73,9562.194,16270.334
73,13822.011,2945.1484
73,12438.561,16045.664
73,7960.0874,3680.1045
73,1983.5023,8095.1777
73,15800.948,4628.1333
73,9868.272,4784.4937
73,16030.053,7756.43
73,9098.724,13259.28
73,8457.402,17300.98
73,1640.308,6276.6333
73,5534.59,5241.112
73,15517.734,15970.504
73,6443.048,8443.955
73,14130.513,14419.403
73,8576.65,12196.383
73,11356.601,5730.8774
73,9043.642,11410.505
73,7929.8013,4192.359
73,11077.127,6005.021
73,12415.105,12605.704
73,7184.3125,6410.3433
73,13094.076,3432.0857
73,14951.352,13421.192
73,14639.018,14346.24
73,10939.667,7095.7188
73,6816.465,14979.291
73,15161.155,13635.6875
73,15347.28,6356.9033
73,9335.079,12653.721
73,14461.33,12595.703
73,6036.4224,1901.5358
73,553.60834,5143.7793
73,8491.555,1489.0858
73,8368.182,5129.159
73,14180.964,16949.902
73,6220.986,4782.85
73,11699.357,4965.8096
73,9828.332,7367.7383
73,8205.523,17793.39
73,14432.542,4132.5146
73,12262.053,18144.953
73,10232.915,12687.0205
73,10818.11,2122.6648
73,11302.104,15468.796
73,6531.9365,13236.167
73,14129.533,11535.206
73,18984.564,5962.9624
73,6285.452,4009.902
73,7089.7456,16404.803
73,6627.7324,14054.238
73,5667.9526,800.63184
74,10000.0,10000.0
74,7320.2085,13957.631
74,9913.508,15404.487
74,11072.232,17342.67
74,8811.121,10790.805
74,6270.385,6213.5874
74,4772.2246,10033.788
74,5118.587,15541.578
74,9069.412,3777.9924
74,18072.914,4205.303
74,5453.234,15859.817
74,12453.142,18283.215
74,11544.005,0.0
74,11183.274,15076.889
74,3994.297,3298.6814
74,7984.547,15108.167
74,10498.661,16472.46
74,8502.483,3085.1597
74,5318.442,8483.484
74,10014.963,13061.243
74,17614.867,6958.8545
74,15013.974,6778.588
74,10130.973,13235.455
74,3427.9675,4741.614
74,15166.077,6597.863
74,15545.027,5555.717
74,10626.888,12358.1875
74,10390.669,6794.5376
74,3631.5986,1522.3135
74,7963.433,15414.45
74,10607.701,12680.669
74,8618.354,14362.769
74,12423.601,13254.862
74,8345.782,4235.728
74,15676.834,7086.0747
74,12948.809,6550.179
74,2312.6191,1766.1942
74,7852.2036,14955.967
74,10204.3955,11653.563
74,6929.7153,8817.464
74,15803.953,3485.1152
74,12302.735,6731.333
74,10966.515,4958.865
74,11350.2,15673.277
74,10199.584,18407.465
74,7748.311,14972.433
74,12467.57,13799.517
74,11085.727,16163.795
74,14792.915,7312.8228
74,14616.271,15229.746
74,7893.768,15392.012
74,15696.523,3302.9688
74,3797.9856,5441.7134
74,16811.246,3953.0037
74,11073.081,15452.161
74,10855.497,18186.438
74,10084.97,17310.682
74,2472.6096,18172.08
74,13117.855,15859.086
74,11762.097,4813.5537
74,15397.588,9133.998
74,6838.3813,4192.346
74,5946.082,4706.207
74,9695.745,14108.083
74,3001.924,4749.04
74,11102.47,10310.625
74,9226.748,14971.635
74,10704.856,6015.869
74,9667.35,3910.0845
74,8286.51,13918.924
74,8104.087,16516.236
74,6195.7593,4780.5347
74,9173.11,3418.7952
74,7442.547,15571.117
74,7250.8633,5458.8335
74,14140.401,6896.8857
74,11067.927,2368.4854
74,5352.3184,14428.605
74,12615.554,13318.818
74,3434.3416,17813.207
74,10816.004,13337.386
74,12402.692,7666.098
74,9807.247,14430.533
74,529.9396,6571.605
74,9607.629,14562.194
74,16447.06,14859.208
74,11138.174,5746.7163
74,12070.067,12523.275
74,3466.5479,16373.758
74,6357.235,5527.9194
74,11194.869,5589.217
74,9280.6,15354.898
74,7082.051,12090.987
74,8408.353,13020.946
74,10210.424,12708.325
74,7582.918,7489.535
74,4002.9124,15213.012
74,5675.5845,15826.783
74,8272.501,1716.2341
74,7130.183,14565.75
74,13350.264,3421.6414
74,6397.5625,6458.5063
74,11497.762,13494.674
74,10309.703,4125.185
74,3690.6191,5300.2314
74,9182.784,7283.565
74,15317.608,4848.5903
74,8053.365,13365.059
74,7503.3564,16086.388
74,13319.79,7367.997
74,842.0683,3356.0854
74,4241.8496,7446.171
74,11362.739,15391.682
74,8508.909,15183.291
74,8882.329,12299.166
74,11524.692,3514.6428
74,7890.6387,16804.332
74,12248.687,18289.277
74,16674.959,5455.5786
74,12580.335,7158.211
74,7449.9897,16095.525
74,6664.2314,5745.5537
74,11520.5,6606.2085
74,9746.146,16283.035
74,12243.144,16107.263
74,7329.8184,12387.595
74,2013.9319,2975.0283
74,13587.762,4517.9517
74,15025.426,18746.975
74,12626.861,16275.645
74,9288.17,15545.324
74,8088.6133,13272.901
74,4151.0483,2292.6802
74,14623.909,6588.9155
74,10502.015,15456.702
74,7002.5815,14145.003
74,4915.1167,2189.7954
74,4854.3076,3916.01
74,10976.009,16754.082
74,18225.348,4026.5422
74,8987.769,17088.145
74,13058.02,10527.624
74,12650.907,287.62228
74,12931.401,13868.026
74,12984.926,13982.2295
74,8689.802,14995.304
74,6288.34,3475.9507
74,11138.227,16251.412
74,11482.886,13324.72
74,3025.1167,3755.5193
74,10602.181,14062.654
74,7619.837,3880.8103
74,19361.246,1148.4218
74,10592.599,15730.287
74,9391.026,10083.483
74,7040.768,3156.7988
74,16060.116,6318.3955
74,3211.9924,4646.564
74,11356.691,15326.174
74,2086.475,1685.0879
74,13227.009,5147.898
74,8178.2344,5529.9263
74,3624.5183,8212.274
74,10469.584,12191.165
74,5456.6562,17728.92
74,2529.605,3236.9946
74,11741.843,8540.102
74,17346.074,3439.9224
74,1927.6643,2705.676
74,12029.119,13647.69
74,8852.166,4517.699
74,3449.539,3356.0913
74,14054.551,17408.365
74,19377.371,7501.8677
74,9883.246,13919.263
74,13061.65,17177.365
74,8867.047,14791.887
74,12516.138,13631.925
74,14929.43,3913.3232
74,4519.219,12946.653
74,4021.5627,3648.2817
74,9115.74,1873.3818
74,5714.509,1514.562
74,13631.628,5030.675
74,15501.811,6473.6616
74,14991.198,13159.747
74,3028.7798,2108.4275
74,14575.721,16949.486
74,6706.4365,7134.959
74,6812.8696,3777.254
74,13563.33,14012.892
74,15067.754,4206.118
74,9317.808,12712.734
74,13063.816,3986.6448
74,10056.627,4612.968
74,12401.319,9311.146
74,10752.491,14705.847
74,11260.75,12724.067
74,5196.9224,6009.3633
74,11228.37,10850.944
74,9781.9375,13707.696
74,9131.124,15320.86
74,12808.551,16989.48
74,9891.044,943.6194
74,10340.258,15125.13
74,3473.7979,1709.3973
74,6965.4673,8479.573
74,15135.809,14008.185
74,14534.929,15453.199
74,11518.639,4363.4937
74,12133.805,13476.128
74,8897.082,13094.097
74,7221.171,4897.9746
74,13388.715,12369.01
74,10996.045,12803.777
74,15240.642,4865.097
74,2618.462,5317.576
74,8882.905,14723.112
74,15014.83,13882.032
75,10000.0,10000.0
75,11629.486,15713.004
75,8411.9,14654.019
75,7043.712,15136.877
75,8075.655,15335.58
75,14467.345,14198.324
75,6221.134,3236.8386
75,8935.476,13601.977
75,10349.965,14299.47
75,13362.676,1202.8833
75,15644.377,9055.609
75,14942.769,17492.904
75,13400.146,4413.6177
75,12487.458,17135.477
75,8179.008,5441.4023
75,5763.4956,16918.193
75,4292.4946,5226.089
75,7678.148,3211.0024
75,10870.869,15531.611
75,13275.326,3762.73
75,12590.583,16223.582
75,16072.624,8537.031
75,11985.599,6516.329
75,3437.599,16806.658
75,14293.088,14735.905
75,8599.108,3021.7056
75,6453.9277,17073.656
75,13165.704,16840.82
75,4007.4058,7269.412
75,16541.086,1987.5955
75,11659.419,4153.282
75,5651.3735,6753.9053
75,17758.951,7782.7056
75,11241.519,13389.696
75,13339.63,11814.751
75,11061.662,12419.563
75,8408.923,13247.119
75,12432.68,16447.973
75,10020.257,14148.015
75,12877.035,4254.5225
75,11434.095,15250.375
75,9285.636,16291.98
75,18816.15,4817.8906
75,9746.928,14042.167
75,14394.866,5089.5435
75,11222.796,16719.465
75,2454.393,2583.8506
75,15134.659,16253.306
75,7444.1196,4127.422
75,5449.3394,13672.031
75,4017.7822,2532.1006
75,3002.8674,6914.245
75,5479.6763,6556.464
75,11492.147,12467.026
75,12118.652,13180.817
75,13350.089,4492.9307
75,12052.579,15383.381
75,4842.525,12314.348
75,9163.303,14013.763
75,15179.397,3047.1816
75,4804.3364,5393.7827
75,7673.8237,9718.58
75,11796.476,14945.405
75,13735.447,8463.919
75,9980.614,14669.409
75,10345.385,3956.1968
75,5071.237,6687.9595
75,5922.1973,4670.133
75,9429.115,6423.2124
75,10215.292,17780.494
75,12381.599,6633.442
75,14916.916,11158.56
75,10677.529,12475.992
75,7362.4053,8045.847
75,8587.44,13243.143
75,5623.0293,6542.8433
75,9788.133,15017.952
75,8155.377,13842.326
75,13510.268,5515.459
75,5357.8916,893.7085
75,16353.463,3191.5796
75,7543.374,7588.3853
75,13911.529,4309.1743
75,14300.088,2774.9976
75,6220.4404,7212.392
75,4667.089,2445.1472
75,17457.291,2071.432
75,6692.6743,11778.47
75,11044.033,15936.256
75,2355.7544,0.0
75,9965.395,14809.655
75,9446.925,7390.7534
75,4230.867,4507.132
75,9861.599,14071.206
75,3531.8035,2067.9114
75,12043.571,14497.199
75,16328.797,15824.508
75,11376.363,1420.1769
75,9278.094,2316.8865
75,17589.623,2346.2795
75,6328.951,15059.18
75,9429.551,15748.095
75,12949.066,9070.599
75,8458.599,16613.848
75,6249.0273,8055.5454
75,9882.767,16371.726
75,9100.384,13555.373
75,13141.817,7612.974
75,4661.437,15500.664
75,6230.7373,7641.442
75,6587.8413,13697.849
75,5402.2285,13669.538
75,8507.716,14614.197
75,8675.465,16844.604
75,7859.481,13889.861
75,16788.875,6254.4614
75,14452.867,11342.893
75,11217.17,16118.655
75,8780.342,12493.186
75,7225.033,5478.9497
75,10870.33,5435.8633
75,9171.328,5553.7
75,11548.304,15792.355
75,13448.92,12522.876
75,7966.6885,293.45667
75,10994.792,16617.094
75,5669.597,18491.916
75,8331.884,2962.4812
75,12634.987,13922.014
75,4215.1436,10780.534
75,9422.131,14343.481
75,15808.064,5611.614
75,14386.047,6706.9004
75,12722.388,6460.777
75,10194.684,19611.67
75,6671.4253,16613.79
75,9233.587,12045.757
75,8418.892,7167.2207
75,17579.797,2533.1526
75,19234.945,920.33234
75,16127.68,5764.991
75,8444.087,14081.933
75,11668.778,17502.344
75,5236.1357,8974.185
75,7353.1567,7822.3037
75,15097.333,11580.72
75,8194.707,16996.068
75,9621.582,15377.002
75,11825.11,12953.452
75,16237.402,4703.262
75,7984.6074,11902.407
75,17218.406,4355.32
75,9052.401,14902.987
75,11832.971,11935.836
75,6589.728,754.68335
75,12821.979,4917.4185
75,12470.939,13541.086
75,9403.824,12595.034
75,13583.403,1883.7583
75,7004.0854,16180.367
75,8376.3,6415.1753
75,11382.525,17460.443
75,5911.357,13916.89
75,11014.63,12739.608
75,3990.5698,3009.0134
75,4589.4995,6152.36
75,10368.621,15131.836
75,12341.477,16507.459
75,5529.341,14404.634
75,11100.729,7365.383
75,11099.9375,3958.7285
75,14470.6875,5318.343
75,10038.33,13074.505
75,5482.148,14466.397
75,7308.8535,4302.4614
75,8446.847,6061.0366
75,18539.062,8701.424
75,7945.566,9782.047
75,15974.318,3785.5967
75,18715.088,5107.0576
75,10570.867,12659.2295
75,11512.52,18145.693
75,18119.865,2805.1494
75,3619.9622,14772.361
75,19579.873,4336.2715
75,10486.577,2532.1633
75,13603.233,2987.294
75,11469.316,17003.617
75,11076.106,5319.736
75,14799.688,5183.8496
75,15125.796,13939.982
75,8018.548,18627.273
75,13882.933,10799.378
75,2930.3235,5700.836
75,10827.507,7431.47
75,11780.7,14477.194
75,10820.699,13893.862
75,13220.769,4191.8174
75,6239.7476,17449.004
75,10469.138,13824.731
75,10002.367,13193.776
75,8717.687,15205.712
75,17334.018,5534.5093
75,7289.038,13703.0625
75,11342.28,13473.796
75,10480.651,11839.848
76,10000.0,10000.0
76,0.0,3648.748
76,5966.7583,7386.7935
76,9962.616,13625.782
76,5304.7554,2904.0032
76,11466.9,5436.995
76,6282.87,16368.404
76,4621.715,5264.56
76,10789.866,835.31976
76,8714.163,17221.393
76,14280.142,7868.7837
76,15703.794,6740.277
76,14215.819,3866.184
76,8373.026,15703.643
76,9461.153,2139.2715
76,10170.077,4338.7637
76,4624.6807,8519.991
76,10100.088,4509.153
76,6975.808,8733.329
76,7785.749,9765.132
76,13628.7295,3731.8872
76,15039.963,5657.2456
76,5698.5464,16804.455
76,14371.955,4800.1045
76,9264.1045,15827.244
76,2304.2568,7888.034
76,17848.518,7279.214
76,7195.3184,13782.886
76,4694.9233,4662.448
76,10507.218,3730.4973
76,11204.163,14602.451
76,16196.023,4739.3955
76,10341.332,8352.202
76,8164.678,15027.577
76,11929.969,4217.9517
76,10560.957,14723.5625
76,13212.461,11465.515
76,19573.662,4872.76
76,5703.6494,15166.033
76,13869.775,7130.7666
76,5053.0635,5274.9316
76,15087.293,16002.42
76,11387.396,4519.9644
76,15882.271,4350.4824
76,13407.301,3186.353
76,15739.513,7192.203
76,7106.365,16284.13
76,8794.196,16434.129
76,13680.378,14707.839
76,8753.056,4454.0996
76,9396.616,5865.678
76,6332.918,13016.755
76,13857.764,14795.036
76,10911.013,19934.232
76,9597.642,12218.987
76,10345.112,13841.672
76,12401.116,15724.055
76,6871.1167,6491.998
76,17294.771,3976.451
76,15623.188,13513.61
76,10949.059,16255.113
76,10299.645,6564.2817
76,9885.804,15472.765
76,6342.541,16276.656
76,8347.962,2801.579
76,8332.769,13765.771
76,6561.5776,5350.514
76,11161.391,16894.395
76,11843.483,5044.3667
76,13088.221,15243.778
76,9057.365,3118.7559
76,13976.839,16712.959
76,4700.2485,14915.796
76,9812.781,4729.01
76,14203.416,19022.545
76,8754.489,10247.3125
76,9029.821,2993.826
76,10302.512,18765.225
76,8249.235,17639.393
76,11996.926,5063.957
76,12776.5625,5394.1816
76,12539.614,14880.109
76,5993.91,5681.4185
76,16089.258,3416.0303
76,12252.686,15521.464
76,15117.468,19023.664
76,16218.793,7376.3184
76,9376.459,15984.727
76,8167.1216,13410.32
76,3046.718,2956.8193
76,5664.3687,3980.9177
76,8396.045,651.0848
76,6582.6167,13278.807
76,9846.339,5586.9233
76,4948.4556,5797.494
76,10456.731,14586.173
76,13062.825,14365.4375
76,7651.815,16133.04
76,3361.5872,2424.342
76,5337.2705,12268.162
76,8033.2183,17544.627
76,9990.0625,16748.037
76,13396.596,4991.9834
76,5808.573,5028.6743
76,6101.4404,4512.6016
76,10737.321,14705.652
76,13025.445,6698.7783
76,13288.47,12365.126
76,13137.238,14597.115
76,8961.409,16828.809
76,13321.341,16483.219
76,17851.852,4778.0
76,9520.589,5107.7134
76,12798.657,13287.439
76,8573.833,13532.755
76,12345.236,11781.781
76,3968.7356,16849.248
76,1743.4065,3895.8286
76,9008.807,6824.1313
76,10861.297,2058.8987
76,11370.28,6967.1274
76,13126.977,15911.816
76,14547.082,4902.207
76,15672.441,5737.0723
76,11095.635,9604.048
76,8349.328,13726.466
76,11699.871,5594.943
76,11462.256,14845.659
76,8478.748,9382.769
76,7520.7896,5750.5117
76,14860.579,15940.628
76,10932.603,15830.383
76,17368.893,4566.3447
76,9493.92,8512.378
76,9519.509,15211.165
76,11044.2295,17606.42
76,12892.571,13799.601
76,10903.511,16773.29
76,8215.455,5030.4287
76,9820.706,14179.703
76,5734.076,4288.7075
76,1334.35,6988.5786
76,9902.414,9912.826
76,7117.6904,10929.791
76,7617.548,16181.551
76,9495.202,778.75574
76,6488.14,6889.9434
76,6354.5186,3690.6262
76,12455.7295,1434.1721
76,12867.208,5286.723
76,12457.829,17743.87
76,9507.062,13937.329
76,5526.8057,5279.9546
76,8639.225,14337.064
76,9553.24,7999.183
76,11603.076,16894.037
76,9255.302,17079.809
76,9939.142,15199.199
76,9058.508,16633.566
76,5397.114,9203.321
76,14261.927,8570.716
76,1448.7883,6831.7217
76,12157.534,14389.942
76,7211.923,14252.799
76,14863.716,4345.9556
76,15163.729,17714.309
76,9325.7,13987.234
76,11308.955,5408.9155
76,13425.679,5936.539
76,12159.2295,6761.3145
76,15390.999,16542.281
76,14887.0625,13333.251
76,6267.2007,16895.01
76,13434.841,6129.598
76,6084.575,15207.533
76,7817.418,15141.147
76,15363.731,13686.71
76,7279.3096,6615.327
76,8084.1406,12777.559
76,11465.742,16116.295
76,10867.836,14886.731
76,12973.07,5328.556
76,9392.868,7591.322
76,6823.2275,14921.099
76,10696.895,5301.4067
76,11885.977,3474.2407
76,18138.574,6586.7583
76,13060.971,11191.704
76,8849.735,14782.426
76,14212.609,5527.914
76,8834.906,5287.885
76,5809.062,13872.784
76,10269.906,6450.8213
76,18503.232,4646.892
76,4686.692,5895.1606
76,7217.5625,12313.486
76,10025.674,14494.5
76,2606.308,4881.2954
76,12455.55,15715.509
76,13317.855,4885.6396
76,12559.93,9821.9375
76,13969.736,4882.062
76,10657.284,20000.0
76,7270.0874,18843.625
76,2961.3071,6598.414
76,5677.3643,17976.69
76,6118.3267,15058.569
76,8757.31,10231.928
76,10177.798,16447.193
76,13234.919,6379.8623
76,6654.638,14856.147
77,10000.0,10000.0
77,9161.883,11799.616
77,11202.935,16860.254
77,14212.503,16551.264
77,9109.088,11770.684
77,8360.65,16398.85
77,9865.017,16530.086
77,11617.272,12008.449
77,7939.2134,13663.988
77,15499.082,4810.4
77,12287.547,15166.423
77,10676.959,14100.38
77,9913.128,15353.111
77,19096.596,2528.5208
77,14284.508,5153.361
77,9191.077,4215.386
77,9520.031,14256.0
77,113.26848,6135.3296
77,12547.541,10620.541
77,3501.3618,1376.817
77,10631.22,19221.785
77,9973.683,9057.479
77,11634.463,13882.908
77,6772.6235,15431.194
77,10978.561,15482.734
77,9762.471,14603.617
77,4744.8228,13441.584
77,12333.624,4304.7905
77,2185.1997,17825.27
77,12666.143,18158.354
77,10981.07,3305.481
77,11464.49,18848.062
77,12058.548,250.92888
77,8797.44,9484.494
77,11829.632,7344.491
77,12544.3125,1929.1393
77,5792.3228,14403.1455
77,8575.967,15253.036
77,7332.701,5738.14
77,14184.065,14420.579
77,11732.265,16093.55
77,795.80804,7758.0117
77,12438.459,14932.343
77,7608.875,9355.457
77,6834.424,3089.3105
77,4139.773,6533.579
77,12162.119,13299.006
77,6060.4463,5671.435
77,8379.702,12528.531
77,5089.521,282.5747
77,5984.291,14746.681
77,13609.298,14877.457
77,5058.8125,13521.37
77,8937.773,6165.9805
77,15129.853,16225.315
77,9785.24,16077.727
77,14735.222,2150.2075
77,4355.2954,3037.3394
77,14990.902,3441.3882
77,17400.209,4930.917
77,6721.6494,4845.645
77,12865.71,5215.669
77,4952.648,17686.23
77,6861.578,7716.4
77,13287.978,10854.665
77,10508.91,12789.124
77,6493.168,11061.724
77,6507.245,2810.8057
77,6435.627,15205.218
77,9453.812,14685.781
77,15102.668,14647.642
77,12701.509,17232.598
77,11360.217,11427.652
77,15914.002,3025.8735
77,11114.999,16468.635
77,9622.688,14312.27
77,16790.139,4735.907
77,10569.272,7166.693
77,14831.483,11621.01
77,9971.401,15508.089
77,8635.806,7908.46
77,11648.135,12926.16
77,13849.281,14040.517
77,974.3967,5902.355
77,16397.469,5978.918
77,11020.142,2475.7925
77,5981.092,13067.238
77,9722.455,3402.0217
77,13134.005,12447.533
77,12408.272,2186.9587
77,9431.464,14187.394
77,7674.5693,17652.967
77,7397.2744,7785.3276
77,8956.997,4902.9487
77,16961.812,3131.3882
77,14805.988,1479.8335
77,14323.97,8838.953
77,11432.938,14111.663
77,9186.119,6721.479
77,11682.377,4696.885
77,16314.136,6310.002
77,18663.318,4903.942
77,16003.806,15452.611
77,9715.17,16608.385
77,8721.667,11414.707
77,13318.859,7689.6904
77,7037.325,5488.529
77,7421.0967,7905.968
77,13674.588,14099.5
77,8515.593,15546.91
77,17779.502,1402.3553
77,5871.0083,6592.696
77,2914.0051,4006.8538
77,10264.23,5237.6206
77,8524.568,10122.59
77,13184.399,4091.6204
77,14215.1455,14428.361
77,10618.781,8238.079
77,10425.337,6430.536
77,1958.1339,5311.444
77,8725.562,5361.4233
77,15265.28,3689.2593
77,11240.8125,14390.595
77,10293.495,18342.482
77,9715.307,14044.164
77,7848.9937,8003.684
77,11235.104,16658.357
77,6695.6553,2554.0056
77,11199.032,14867.82
77,11932.549,7807.8447
77,2786.695,6774.584
77,4074.3945,4690.3745
77,13991.64,6189.382
77,9357.848,18123.418
77,9056.168,14528.972
77,3731.0186,7866.5703
77,9928.713,15605.133
77,5473.466,14020.001
77,10961.108,16555.7
77,14206.224,2878.301
77,7584.904,17022.838
77,14024.855,7448.572
77,8714.288,6494.9297
77,13457.811,14310.27
77,10975.815,14669.791
77,13142.508,15048.499
77,10640.08,2068.5698
77,12063.46,13154.281
77,12657.548,12420.494
77,14622.641,14300.694
77,15552.036,4891.4927
77,9794.373,15794.3125
77,9806.323,2553.2402
77,15058.816,15539.421
77,10690.96,4092.9136
77,5619.0015,4011.134
77,6927.3687,5047.072
77,9990.986,12899.507
77,4108.7397,16590.94
77,16906.691,12639.335
77,8879.906,1578.4866
77,12028.477,2664.6113
77,9363.099,4516.034
77,15385.735,14424.602
77,9115.054,17741.719
77,9624.667,5502.7905
77,13828.601,15300.916
77,7624.4478,12941.814
77,11383.649,6197.373
77,11480.201,16493.178
77,6576.3496,4123.955
77,13463.292,12735.994
77,17548.428,3557.513
77,12920.738,6665.2227
77,14874.645,5446.0957
77,2028.7622,8379.474
77,9091.856,9840.981
77,10005.474,3248.8503
77,16594.72,1934.4952
77,7514.538,18068.521
77,13854.767,13474.29
77,11417.843,4378.33
77,17092.945,5684.7725
77,4686.1416,5499.398
77,4927.3164,12569.645
78,10000.0,10000.0
78,8439.113,11756.324
78,15500.519,6117.3115
78,13794.855,6496.3354
78,2462.474,5500.162
78,9026.223,12301.858
78,14598.91,3718.663
78,11246.245,6321.04
78,5788.814,4114.704
78,8644.168,15340.508
78,3205.679,4546.486
78,14671.46,1341.1333
78,14496.995,13706.25
78,11604.241,13923.991
78,9680.984,634.4353
78,8361.278,11111.817
78,11584.78,12140.418
78,3081.4016,12485.461
78,9195.07,14153.67
78,5426.338,16707.12
78,6033.6504,14833.821
78,3604.8738,11077.07
78,5729.08,1661.513
78,10185.639,15578.164
78,8293.524,14444.359
78,10981.817,6380.0273
78,1994.0177,5645.679
78,8644.639,7620.7417
78,9987.507,12823.952
78,13015.229,5207.3955
78,9417.383,11549.683
78,11584.369,13906.958
78,14574.673,3993.6763
78,6606.525,4726.4097
78,12517.749,14679.448
78,11516.653,17221.373
78,13679.473,7289.172
78,12758.28,4633.6753
78,2979.3853,4084.9534
78,11221.457,5182.4
78,4580.1104,4247.2046
78,9339.568,14371.673
78,7705.721,6335.7217
78,10864.398,14334.413
78,1601.4447,6323.8325
78,5562.562,4059.819
78,12183.185,14055.345
78,9970.894,5768.4966
78,20000.0,3245.3027
78,5273.5576,15290.979
78,9618.5625,3721.054
78,13777.511,15423.194
78,4439.2295,6527.6943
78,6808.9365,12750.487
78,12462.771,15922.157
78,11811.0625,3269.3281
78,7497.7188,8499.657
78,9283.184,17484.992
78,0.0,6149.0884
78,1034.9302,5555.9907
78,7801.6587,15845.558
78,7771.839,4879.5483
78,12438.615,2729.317
78,12072.069,3270.7441
78,20000.0,5244.324
78,10918.69,15449.901
78,2415.6157,4593.154
78,13217.427,5535.7705
78,15585.271,13763.964
78,3475.809,8946.051
78,11629.413,16975.299
78,11831.714,11095.758
78,15906.922,5257.2695
78,12625.76,7873.063
78,11730.056,12953.794
78,12490.89,7057.074
78,8715.289,14465.81
78,11968.998,15910.469
78,11483.6045,1664.7355
78,10167.277,12659.885
78,10013.633,6401.7563
78,8110.7334,6730.8916
78,11248.859,13477.258
78,14008.927,5342.8223
78,3060.786,18698.664
78,16717.605,13427.901
78,7110.0044,17051.53
78,11125.724,3318.5957
78,12756.56,8238.126
78,15153.974,10702.727
78,11939.469,16361.978
78,10216.254,13046.261
78,9137.288,18556.865
78,2646.852,4217.535
78,9360.707,12178.167
78,2582.8328,4874.748
78,15436.589,4679.1694
78,6960.798,14760.684
78,13266.979,4385.189
78,12927.053,3614.3105
78,9735.824,3284.3477
78,9101.02,13161.322
78,5530.654,16973.545
78,8129.3213,13785.613
78,15604.068,6312.0386
78,13583.5205,15366.6455
78,9750.865,3532.4114
78,5929.1367,2804.4658
78,12285.865,5439.463
78,13045.185,12340.926
78,13201.652,2908.019
78,1957.2191,9559.974
78,10261.381,6338.298
78,6571.2695,14760.2705
78,12212.927,5792.286
78,11641.793,16828.887
78,14122.452,4521.831
78,14497.222,19564.193
78,7046.266,3623.0542
78,5491.877,5541.869
78,5436.526,16662.945
78,16008.98,1750.4375
78,4305.116,5191.769
78,5597.1636,99.52652
78,6308.205,6284.3535
78,12550.595,1338.6029
78,8928.467,13917.045
78,18939.209,6021.1445
78,11485.221,12186.708
78,10150.152,12963.489
78,11202.587,5015.418
78,9355.31,4988.233
78,8396.3125,11352.814
78,16099.605,7110.4478
78,12848.369,6565.9624
78,7794.8623,2148.8186
78,5254.649,3054.3909
78,9631.432,13161.656
78,6196.5454,7015.719
78,6348.0093,16300.159
78,3398.2783,8089.4443
78,11385.221,16151.345
78,8964.548,19329.332
78,11368.75,11464.576
78,7846.9575,18319.24
78,10646.05,7855.5054
78,15876.682,6493.8057
78,11806.899,17765.49
78,5226.863,1606.6519
78,9332.674,4399.145
78,6576.4365,16538.47
78,17817.61,4953.646
78,8585.2,7123.465
78,9396.256,14870.118
78,12847.513,18945.223
78,13197.3125,5809.5186
78,7752.7993,3108.1035
78,13303.944,8199.102
78,9461.323,8982.182
78,5763.3936,15280.312
78,5478.3345,16085.78
78,12183.667,16269.965
78,7801.409,17190.871
78,7517.393,20000.0
78,1441.0415,5817.3394
78,11762.08,13888.405
78,12552.288,3300.4978
78,13772.154,2219.9705
78,3373.6501,3900.177
78,15031.118,4103.5786
78,12104.487,19062.717
78,7562.114,7301.442
78,12602.691,14699.824
78,7242.0254,0.0
78,9526.62,12743.917
78,14412.646,7281.1577
78,7282.5938,12793.411
78,14039.835,4143.058
78,8634.199,2946.511
78,7087.313,16157.558
78,14087.433,2649.993
78,10294.484,12938.037
78,8836.352,13372.961
78,10404.147,10580.922
78,14978.876,5017.616
78,7582.0244,18351.932
78,3567.5781,5373.1953
78,20000.0,8561.916
78,16553.283,3041.3445
78,9533.33,15955.082
78,12146.138,12526.723
79,10000.0,10000.0
79,3985.1384,13072.708
79,5363.457,4485.6523
79,15541.388,3229.3367
79,12841.937,4652.5825
79,17475.635,3621.7773
79,14384.303,5434.4033
79,10326.46,1828.4054
79,12666.959,7011.6606
79,8215.965,4336.938
79,9971.289,3867.779
79,7878.2217,16895.014
79,8348.956,14236.137
79,5146.178,4353.139
79,12388.491,14536.044
79,14648.03,3335.2166
79,4610.0127,14608.497
79,11794.047,15818.877
79,8275.065,6471.4146
79,10397.92,14780.647
79,4674.397,13318.721
79,12482.344,12931.556
79,6585.406,15385.36
79,7873.4253,17620.45
79,6700.333,14362.312
79,8858.469,3789.2234
79,4950.8213,7668.1533
79,6550.9194,4722.7607
79,12460.118,13590.337
79,11240.451,14931.451
79,15970.472,4914.281
79,16815.96,14442.681
79,6080.7847,927.45294
79,16734.584,3147.1401
79,8664.847,5960.168
79,7910.177,16728.225
79,10185.292,14998.274
79,11816.553,5054.269
79,12994.545,5049.7627
79,6359.064,13073.606
79,13864.76,12673.072
79,10065.067,5024.127
79,8458.293,14466.795
79,5459.873,5971.673
79,7096.2437,5225.687
79,15902.136,2438.6318
79,11043.672,4461.033
79,6709.7817,5387.2734
79,11162.491,12781.075
79,12294.586,3845.043
79,9264.774,14379.846
79,4927.3784,8676.3955
79,0.0,373.95682
79,7926.8594,14748.325
79,9578.38,14867.013
79,7611.2334,16853.232
79,5534.201,7023.0024
79,3968.164,5529.8564
79,11145.213,13531.925
79,5962.583,12996.261
79,6756.204,7298.1465
79,9915.151,12510.45
79,13993.744,16056.249
79,5678.235,14835.977
79,10542.927,11992.929
79,10377.387,2669.1895
79,2994.7788,3538.5615
79,11304.698,1398.2231
79,10206.578,5848.216
79,13304.148,6338.3296
79,8647.772,14600.735
79,1946.0089,7146.4355
79,15779.887,13203.592
79,17166.076,2331.5422
79,13792.283,14939.33
79,4807.3516,3703.9316
79,11366.306,17181.395
79,8290.074,3769.1848
79,17107.996,259.41025
79,12838.0205,16669.043
79,4043.5315,15344.044
79,14557.605,3787.2195
79,9208.911,4335.87
79,12946.675,15930.357
79,5579.836,3351.9165
79,7749.82,3956.7803
79,12534.192,16557.973
79,7010.2817,12856.916
79,9860.692,16146.991
79,8191.785,4769.578
79,12670.771,14607.95
79,13386.147,15779.329
79,9441.827,13497.685
79,8545.962,7056.1836
79,8284.181,16076.022
79,16039.122,5436.762
79,4874.773,5310.418
79,11956.667,13680.948
79,9857.708,17558.105
79,8957.335,2208.8281
79,14968.958,4214.1943
79,8320.725,16386.318
79,8798.018,12054.849
79,11240.859,14096.855
79,12407.317,4569.0283
79,11632.869,3973.8787
79,10375.076,14644.915
79,13658.637,6334.427
79,13519.476,2023.4897
79,6909.222,15444.991
79,12047.681,16183.205
79,6022.086,13534.408
79,6401.1274,6946.5903
79,11921.384,15126.775
79,13690.024,15383.3955
79,5910.1504,14119.667
79,9509.826,13815.36
79,9358.715,10700.352
79,7778.313,14419.631
79,14535.934,5552.545
79,14261.804,17041.402
79,12355.718,15879.999
79,15608.084,5688.674
79,12603.111,13691.712
79,3817.9783,1384.2518
79,12948.098,11020.136
79,9972.912,13439.52
79,10781.01,13282.939
79,16529.945,14782.718
79,17669.465,3717.7585
79,12250.863,4757.9863
79,9215.819,14607.207
79,10101.481,16909.621
79,4535.95,370.25897
79,8855.723,13492.764
79,1565.7554,4905.9736
79,10735.927,19874.605
79,11738.3125,15903.847
79,9337.982,15443.998
79,12968.986,13727.274
79,4529.615,6240.8164
79,10969.026,16228.225
79,12271.788,11563.822
79,10133.991,16499.826
79,11283.475,17754.762
79,14971.801,14348.549
79,5567.125,14381.776
79,9965.862,10674.54
79,11929.291,13617.538
79,8984.879,4134.03
79,6917.038,12558.607
79,12074.519,17489.041
79,10461.573,15801.799
79,12739.787,14605.526
79,6713.56,5162.0596
79,10668.967,6457.7773
79,9672.458,15574.968
79,6679.484,12054.069
79,14696.472,2846.7144
79,20000.0,5651.5776
79,9535.847,13233.798
79,7024.9487,13904.447
79,9019.81,12455.524
79,7241.964,17494.27
79,10592.375,7041.8193
79,17779.49,5636.9985
79,4110.6084,14495.528
79,0.0,5203.1646
79,11782.481,16887.828
79,4738.8076,1617.6486
79,15010.062,20000.0
79,12050.063,4263.2764
79,11885.671,6044.571
79,10486.77,4335.379
79,4448.4614,3902.0872
79,9300.046,14733.837
79,7106.408,6434.309
79,8381.766,16252.103
79,13182.101,15191.387
79,16178.039,5163.652
79,13526.365,15451.384
79,5141.437,15991.328
79,10979.624,14812.201
79,11123.537,5472.661
79,19974.613,47.085815
79,8107.7383,12306.066
79,12144.458,18642.076
79,12257.837,5016.8076
79,8853.803,15506.624
79,5846.616,14552.979
79,10206.45,6317.099
79,7403.3496,15001.581
79,18793.838,5502.603
79,15440.661,14092.445
79,9299.414,15302.868
79,11084.444,6864.7124
79,9898.263,15310.164
79,9682.002,10871.889
79,11427.899,13954.766
79,4364.347,6213.0435
79,6741.4004,8615.08
79,7494.136,13466.278
80,10000.0,10000.0
80,6147.083,4772.8784
80,9726.795,12294.482
80,4617.24,6080.0874
80,11241.315,10912.45
80,7608.345,13408.98
80,11715.728,15468.461
80,12693.799,13365.217
80,3695.2507,3555.8643
80,11748.383,17052.0
80,4828.797,17215.133
80,12861.461,704.52905
80,10987.405,16439.62
80,5253.5073,14454.7
80,2786.4434,554.18384
80,7962.022,11965.114
80,9080.35,13703.52
80,9434.481,4362.0303
80,4005.6494,2562.235
80,1723.2279,4131.7036
80,6837.555,12986.489
80,12183.502,7720.551
80,14441.612,4793.0015
80,13189.172,13000.672
80,10712.937,12870.959
80,11237.365,16422.447
80,11734.799,15359.347
80,16370.439,5246.92
80,14441.092,5398.6543
80,12457.0,11993.626
80,11461.307,13896.79
80,10877.136,17000.328
80,8433.538,6347.8896
80,10682.842,13522.8
80,13792.235,10008.896
80,9482.343,4238.6304
80,6605.362,9422.2705
80,14512.667,16839.996
80,15465.814,5847.938
80,8613.326,15571.908
80,9106.922,14778.832
80,4338.1655,11827.232
80,14445.393,6516.8965
80,17525.412,5437.965
80,11338.409,7134.0312
80,13220.366,15968.68
80,6193.0156,10611.797
80,2573.7314,6965.9614
80,11176.088,17444.826
80,6891.5806,1634.1249
80,13178.398,1636.9607
80,13087.413,7278.4277
80,14536.816,5750.604
80,2744.0747,7414.6426
80,3171.1963,8933.138
80,10769.675,15913.528
80,9094.29,18471.887
80,5625.839,5903.655
80,8788.64,17653.049
80,5952.8115,15984.146
80,19944.412,6120.8135
80,8454.752,3263.583
80,8832.653,15982.685
80,5135.5537,16689.0
80,15138.078,60.96871
80,12249.663,13543.191
80,10776.567,718.458
80,8520.938,15371.992
80,11035.067,13542.986
80,8511.308,15874.822
80,18145.367,3528.434
80,9335.013,4377.0054
80,9798.766,6062.425
80,8944.602,16904.006
80,15779.2295,2239.887
80,4693.2524,5614.227
80,16411.443,3244.8706
80,10933.153,13602.559
80,17792.756,7098.63
80,9076.84,6796.1157
80,9426.098,12802.322
80,11177.309,14695.441
80,13286.251,8698.501
80,13928.875,15044.516
80,9149.352,14326.262
80,4204.661,14019.231
80,12635.506,13535.282
80,15482.306,4319.299
80,11503.043,16346.102
80,7907.794,15104.007
80,4726.452,14071.987
80,9992.515,15460.512
80,7362.4175,14537.172
80,7262.877,13691.328
80,12352.347,17218.365
80,8308.753,12982.795
80,10930.844,7475.4136
80,9972.996,15288.798
80,7991.7324,3952.7454
80,15457.037,6160.145
80,11073.989,10808.78
80,10018.784,6020.004
80,6093.47,7533.9883
80,13550.203,5186.5396
80,14574.445,12242.12
80,8227.978,12015.388
80,12600.067,5359.3843
80,3811.9197,2163.5488
80,14071.568,13388.027
80,4124.2915,5568.4097
80,11170.891,3817.9502
80,7463.7554,14848.937
80,14973.836,13488.289
80,12521.211,14599.592
80,12236.644,15237.027
80,7622.183,15331.541
80,10158.534,11550.736
80,4529.4023,5739.107
80,10092.909,10211.234
80,11637.91,15340.646
80,9129.388,14833.427
80,9033.789,16841.896
80,1678.6819,0.0
80,11402.8545,4719.184
80,10607.345,14585.304
80,18561.248,4197.3223
80,4409.088,7784.054
80,1540.0675,6120.323
80,17635.814,7282.5015
80,11155.371,6329.424
80,11228.428,12871.911
80,14232.563,12672.262
80,3050.4866,6302.8545
80,17212.486,3129.419
80,13310.12,0.0
80,18213.568,3154.3943
80,3482.7312,11397.114
80,4915.4873,2670.753
80,18969.076,7132.6445
80,6261.2563,7990.025
80,11309.627,6966.46
80,8764.369,5156.9546
80,16334.602,6366.429
80,11973.767,11578.899
80,15851.466,5986.006
80,14061.253,6965.754
80,8395.826,6994.125
80,10273.449,4406.7363
80,10403.461,13682.633
80,6911.84,15455.146
80,14296.185,8145.0933
80,4518.2964,7058.555
80,11715.445,4037.1106
80,3802.0452,3522.954
80,11201.525,13589.412
80,4802.701,13888.233
80,11645.076,13170.604
80,12432.189,6534.1104
80,13679.909,17718.01
80,8589.623,13042.279
80,8986.907,4314.699
80,13550.157,4039.9377
80,10385.821,3582.798
80,8195.665,18591.283
80,17863.535,3223.8494
80,17313.566,4565.842
80,6538.015,11550.749
80,10770.449,14210.479
80,11109.099,14180.015
80,6560.8115,6195.15
80,6846.9536,3757.4443
80,9131.139,14866.313
80,13948.438,14019.957
80,7827.153,12463.723
80,9356.887,12749.814
80,5618.049,12895.378
80,10281.343,10970.1875
80,12905.388,6977.1426
80,11411.002,12908.957
80,13178.472,2755.6208
80,10216.233,12269.429
80,8555.983,15187.217
80,12374.913,3165.656
80,12004.961,13763.083
80,5311.806,5511.487
80,631.3882,7870.9355
80,3581.9766,3493.8687
80,18699.938,8247.45
80,5109.4917,16581.78
80,7485.0303,14071.491
80,14617.071,7651.1973
80,10634.6875,3578.8354
80,15269.909,3168.555
80,8223.858,15404.964
80,10060.968,14359.669
80,6156.6924,5622.8174
80,11386.687,6789.797
80,0.0,4558.289
80,4666.5166,4519.807
80,10075.966,2053.0369
80,11586.622,16738.44
80,14486.203,7218.9863
80,9108.766,4592.643
80,6947.8022,18124.666
80,8728.872,5557.642
80,13593.966,0.0
80,9490.38,17036.05
80,19958.05,5904.103
80,9239.288,7251.322
81,10000.0,10000.0
81,15602.368,3928.2512
81,11968.65,3200.489
81,1141.4963,6574.1504
81,10183.673,13258.119
81,9496.046,3619.61
81,5477.2803,9347.546
81,13287.902,4577.8403
81,7733.0117,4151.662
81,13053.353,16941.363
81,6833.7036,11190.394
81,2231.166,98.60739
81,13846.844,4386.623
81,14527.493,12491.846
81,9522.554,3070.8962
81,14779.471,14888.55
81,7716.3438,7017.4043
81,18906.035,6784.7583
81,0.0,8608.366
81,8536.967,18882.982
81,11425.1045,14879.776
81,6429.4507,15742.768
81,12968.003,4407.12
81,6180.66,6110.8223
81,4726.0137,14549.605
81,6963.4053,15883.972
81,4924.996,2918.1978
81,10674.72,1673.6089
81,6041.6616,3788.106
81,10893.948,15958.251
81,8645.9795,8612.711
81,7777.226,15510.536
81,9763.718,15877.901
81,9511.651,18212.596
81,12912.61,6468.541
81,6046.2583,2799.066
81,5709.547,9603.72
81,18763.707,8214.545
81,8526.959,18734.967
81,5439.941,15497.573
81,12090.973,7228.16
81,10549.374,14914.263
81,8441.262,13976.052
81,2247.175,2632.645
81,4502.9077,17902.16
81,8260.965,14433.182
81,4025.4827,14369.159
81,9035.18,3587.8875
81,10107.95,11761.972
81,3620.411,5904.765
81,6916.9487,11696.044
81,9209.863,6843.1147
81,6548.7935,14405.964
81,7510.075,14823.033
81,3538.5608,3264.7378
81,11274.28,6377.9175
81,9157.469,1681.5276
81,14964.211,2987.0088
81,7707.539,2834.4329
81,10717.449,18640.715
81,12151.212,4528.0977
81,4073.5718,1608.2645
81,10264.644,16620.28
81,10784.04,3754.8884
81,8131.119,12350.453
81,14433.24,17569.521
81,17098.455,7280.6973
81,7496.5933,3150.3984
81,7737.8423,13972.756
81,10374.081,15159.292
81,7599.3926,2826.0244
81,7528.836,6838.361
81,12925.074,15420.464
81,12562.787,5249.975
81,7513.581,15772.503
81,13395.608,10213.179
81,9731.6,9059.164
81,12168.097,7065.714
81,8612.143,16767.387
81,9904.586,8003.3335
81,7566.8784,16708.555
81,16885.928,5922.4355
81,15424.738,6455.1597
81,12178.173,14566.696
81,15103.054,15163.178
81,10941.3545,2668.2793
81,10054.291,12697.346
81,11336.34,16577.252
81,15844.165,3450.1436
81,12444.748,14155.2
81,9599.718,17790.973
81,12142.418,7391.6006
81,12908.127,2725.7957
81,14867.567,3826.7747
81,9615.66,4242.963
81,9919.386,12471.39
81,3337.1436,6963.8086
81,12719.781,6553.7534
81,4214.864,0.0
81,9775.589,15162.453
81,2458.5598,4958.1963
81,11861.682,4848.521
81,9199.756,14677.922
81,7614.4536,17807.654
81,13154.572,1920.6503
81,10217.13,12146.125
81,12517.031,9278.961
81,4764.422,5063.77
81,9022.955,11598.808
81,12112.651,17709.875
81,7087.7344,18410.863
81,7571.1724,4398.501
81,4187.0522,6372.102
81,8114.752,16232.074
81,13204.557,5893.911
81,7242.5894,15886.108
81,5823.1567,4826.188
81,16519.268,8751.973
81,7350.069,14320.491
81,8795.297,16090.785
81,14224.767,8334.389
81,11746.934,12670.459
81,7330.8765,12871.859
81,10054.597,15532.722
81,628.0259,5881.0264
81,12867.208,15264.538
81,15731.225,6541.7627
81,8496.612,14738.244
81,7480.696,4162.267
81,5186.8193,4502.446
81,9618.945,4459.236
81,0.0,6589.91
81,13258.027,7939.397
81,9866.871,16772.752
81,15387.783,6813.4023
81,17391.402,3943.6372
81,11973.085,10865.573
81,6511.7856,4204.021
81,15186.447,18034.598
81,13467.239,15148.247
81,8647.502,12374.786
81,7155.4756,6200.6567
81,12329.055,13709.532
81,6472.1304,18523.068
81,10606.549,7389.019
81,12187.956,14150.65
81,13266.218,15726.115
81,17721.28,3968.916
81,8419.658,19382.465
81,14850.097,7145.5815
81,14398.718,14685.42
81,3210.4565,3229.505
81,12917.045,5450.132
81,1115.3693,6960.8833
81,14587.847,2038.6794
81,13658.248,4912.149
81,5684.0337,17021.33
81,11370.065,3585.3738
81,12572.462,13217.572
81,10498.703,4324.212
81,4823.098,6011.0347
81,8060.328,6664.181
81,12845.225,0.0
81,9384.103,14653.935
81,11899.149,16188.138
81,4563.336,5427.9736
81,11062.992,16756.936
81,14543.657,4049.9224
81,7911.3896,6388.905
81,9219.586,16827.166
81,15290.763,14007.149
81,3339.8684,4905.309
81,14064.86,6134.7603
81,8611.571,15684.744
81,11001.837,9612.927
81,10480.956,15080.4
81,8077.062,10756.258
81,15180.367,8185.1836
81,11359.219,15220.165
81,10582.732,15807.59
81,10295.571,15398.77
81,4666.006,4026.3862
81,11397.539,6999.168
81,6309.614,7096.1343
81,9709.379,14694.099
81,16082.671,8507.705
81,2289.4502,7933.2783
81,9455.687,18926.191
81,4095.8828,4052.9817
81,11591.888,7721.1235
81,10760.585,6316.2354
81,10188.416,17479.037
81,10128.375,20000.0
81,19731.543,7160.3325
81,6308.412,2720.934
81,7884.791,6022.0366
81,11851.309,9614.472
81,8172.6284,8026.7915
81,10367.17,721.9638
81,11569.268,10250.325
81,14899.275,2825.2683
82,10000.0,10000.0
82,12944.865,14378.07
82,5019.8105,8314.337
82,8711.649,15191.588
82,18730.436,5718.6836
82,9172.096,14806.719
82,14415.806,9905.234
82,5780.616,6797.2466
82,12559.297,11680.055
82,10561.53,10931.501
82,8095.2153,4145.2725
82,8293.766,4368.593
82,12137.5205,4736.3438
82,15511.273,4264.672
82,11159.235,15953.911
82,7230.7144,14865.282
82,11233.154,18375.572
82,16142.11,4143.747
82,12657.265,11406.317
82,6813.0938,6273.5874
82,11787.994,11212.052
82,8000.1533,7967.531
82,17612.969,7407.139
82,5229.798,14799.991
82,17668.096,2000.5605
82,8741.082,12095.963
82,4403.1646,2059.3079
82,11812.959,6202.2266
82,9287.576,13305.621
82,6983.4585,3787.9456
82,2465.0325,4570.0854
82,12108.94,16067.754
82,16725.676,15604.54
82,9977.831,6906.473
82,9316.815,15312.967
82,7732.5303,12671.104
82,15354.957,5553.8037
82,10769.828,14787.796
82,7893.5864,12527.669
82,8440.038,17498.143
82,16891.07,13708.447
82,14319.679,7725.433
82,17363.385,3481.5498
82,8132.2847,19040.008
82,8020.0757,14181.506
82,9192.686,15825.338
82,6518.583,6462.7603
82,6527.16,12200.0
82,14278.241,18885.451
82,7965.5522,11233.105
82,15680.298,3726.3474
82,8361.389,14961.599
82,13997.219,1823.3518
82,9623.272,14999.5
82,16176.088,3510.511
82,16482.406,4259.236
82,12425.745,16660.088
82,12613.3,13541.625
82,2298.4587,3820.2207
82,11354.7705,16013.514
82,3605.7039,5684.8027
82,7949.2417,18451.848
82,18727.018,4472.942
82,17230.629,5222.648
82,8779.05,16110.143
82,16699.994,5764.9907
82,11850.626,15390.987
82,9880.167,15411.329
82,9228.609,4162.238
82,3311.1228,7238.2793
82,7975.656,5069.8877
82,9339.862,2905.2983
82,13499.68,4919.4727
82,11865.216,14111.202
82,5049.6533,5632.489
82,9632.871,6723.987
82,14538.687,12413.076
82,7233.1313,3368.3374
82,7638.2373,9241.273
82,14141.32,13453.937
82,6413.155,8345.582
82,11212.61,13829.813
82,8369.574,1247.8136
82,9568.848,14594.494
82,12501.325,18920.66
82,15309.2,4242.015
82,19156.502,4483.6455
82,10824.333,4449.152
82,2629.6187,6140.8525
82,7842.2417,11819.589
82,1381.1323,2924.3494
82,8439.306,12338.874
82,9723.648,5450.7695
82,16088.6875,16670.773
82,10681.572,16909.959
82,4986.6685,3011.0278
82,8596.648,16524.943
82,13483.885,6409.3477
82,13838.819,6648.761
82,9287.29,2838.97
82,2342.4846,2863.368
82,9057.719,6143.8354
82,15940.137,18319.436
82,4608.21,5178.8467
82,10895.542,20000.0
82,18714.586,14852.452
82,12181.392,11842.672
82,11586.443,14844.473
82,6657.51,4511.222
82,13085.854,15931.046
82,16412.205,5529.94
82,11790.753,6321.22
82,11813.618,3912.411
82,14345.686,6458.517
82,7235.4624,7152.281
82,10320.055,1676.3859
82,6222.128,5955.8774
82,4702.0205,15195.82
82,4380.049,5086.729
82,4081.8057,6945.913
82,11117.881,3749.0183
82,11645.179,12350.788
82,2738.8823,3062.945
82,9835.754,17913.56
82,10095.345,687.3349
82,12177.741,17795.748
82,12402.635,17255.117
82,8169.947,12211.778
82,3407.3782,7082.821
82,13458.623,4301.7056
82,9264.3955,10301.782
82,10149.387,11986.707
82,13857.301,16140.036
82,4514.494,8322.951
82,8800.846,18335.877
82,13212.813,13823.305
82,6933.019,14870.691
82,6002.2856,4176.1133
82,10258.837,1283.7904
82,3350.3652,9965.33
82,7086.638,3185.2341
82,13599.383,9399.061
82,7296.6147,7207.229
82,5787.3037,13489.351
82,8239.96,15116.621
82,6658.5356,632.3652
82,7406.2246,13490.374
82,8104.8315,8534.615
82,2366.3848,3398.5925
82,8457.861,9122.284
82,13471.228,4493.0996
82,9711.697,15638.027
82,4152.9727,4712.7896
82,9805.617,12886.099
82,13870.27,633.5359
82,11670.269,14766.331
82,7007.952,6451.4463
82,12453.025,13541.25
82,6893.8076,4954.381
82,14391.269,6802.108
82,10562.436,4150.2236
82,8253.84,12131.136
82,5025.4106,9737.286
82,7167.7085,9752.008
82,8027.9736,6599.585
82,15464.402,3686.796
82,7395.6963,13457.957
82,8431.476,13940.33
82,17106.307,14303.976
82,10890.326,18207.744
82,13480.678,6809.585
82,11587.797,3402.3171
82,5769.804,15050.674
82,4179.636,14192.614
82,3683.761,2561.4622
82,8750.12,14034.56
82,7414.868,4765.4175
82,5594.3813,5691.609
82,6354.3765,11748.933
82,5762.8477,13303.657
82,4806.709,15430.713
82,8973.857,12746.396
82,9208.346,16456.066
82,7719.335,19538.822
82,19233.648,5226.8535
82,13077.465,6971.469
82,16642.178,4014.7585
82,16939.95,1812.6989
82,9149.528,10387.455
82,8928.415,4112.303
82,10419.534,4492.2324
83,10000.0,10000.0
83,12850.8955,3334.9
83,8826.525,17098.023
83,9523.341,17500.195
83,9625.749,6849.7515
83,1983.4768,3847.8955
83,8967.512,8608.463
83,2244.6897,6672.5566
83,2732.3396,4459.2983
83,8856.457,17012.74
83,4083.339,2328.412
83,4814.0503,13656.628
83,11579.373,3421.6848
83,7159.799,2393.7031
83,9074.578,16091.308
83,8899.456,3755.1978
83,15706.891,952.22754
83,4044.9663,13084.832
83,10435.018,11701.313
83,12600.574,16373.416
83,15070.975,14434.773
83,10607.478,15206.279
83,8174.126,8221.635
83,6756.8213,15231.026
83,11022.162,11874.216
83,11779.963,12963.301
83,12819.334,13641.292
83,10350.375,15335.038
83,5051.424,807.5425
83,5853.8096,12044.102
83,9953.676,12432.072
83,2796.872,4195.997
83,15131.115,0.0
83,3984.5771,6753.2383
83,7147.01,14927.417
83,9083.558,12645.824
83,8372.939,12748.95
83,5473.0576,8242.863
83,6989.1934,6408.62
83,14786.629,12758.727
83,11263.477,4571.881
83,5609.1577,7087.653
83,13515.735,4323.414
83,8943.763,18209.654
83,13868.036,12960.484
83,7811.8735,10827.326
83,11236.185,11886.831
83,5784.5396,4818.498
83,12647.812,13562.787
83,7731.419,16512.625
83,14405.401,8831.746
83,7401.7754,4430.6934
83,11525.606,5203.8447
83,17914.727,4550.7207
83,11328.243,11787.765
83,13204.282,18881.422
83,4890.709,14475.271
83,4108.494,8175.606
83,13732.426,13480.371
83,177.6446,3354.2014
83,8085.029,13392.813
83,6672.984,14632.68
83,10540.818,3764.0293
83,4741.9536,3108.7542
83,13869.066,0.0
83,9198.53,16766.99
83,6356.343,16269.575
83,8671.064,14438.6
83,10288.583,14830.348
83,10724.912,14010.787
83,20000.0,1671.6752
83,4121.3965,3553.8335
83,4738.4717,4343.8027
83,15152.698,6841.3203
83,8438.8955,15538.008
83,9646.413,7032.8374
83,7796.222,15664.175
83,12979.383,7318.3643
83,13928.079,1293.9486
83,11083.7,3515.3662
83,12604.322,15352.991
83,16471.098,13188.962
83,13354.847,4928.735
83,14654.226,19146.736
83,16234.007,4847.2974
83,12453.65,14118.962
83,17654.89,7667.411
83,9115.2,2012.7894
83,5353.3335,4640.7266
83,9549.048,5415.571
83,14908.252,3022.434
83,3120.0295,7985.7485
83,8747.345,13452.078
83,10165.073,1575.728
83,7575.1763,14624.333
83,7890.184,11962.29
83,13203.793,17355.852
83,20000.0,9800.572
83,6282.05,2692.914
83,14635.815,11504.211
83,13079.158,4403.113
83,8999.947,2956.6987
83,6612.409,5975.3315
83,5347.6763,2923.9954
83,10432.532,13586.104
83,10033.81,13428.635
83,13229.101,6392.5586
83,2500.013,5524.2114
83,11031.227,15640.941
83,9754.748,7730.4673
83,8181.4795,6406.029
83,13965.07,15886.651
83,10009.833,16108.496
83,9437.592,10739.77
83,6919.628,16760.896
83,11258.061,16119.562
83,8933.875,0.0
83,6009.699,9021.526
83,9556.135,13847.41
83,9361.599,3788.9475
83,12820.808,3634.7793
83,7188.185,2972.9136
83,7847.7573,12029.392
83,7017.71,7725.0054
83,6501.045,4688.3843
83,3804.0532,5660.883
83,13748.386,6618.6484
83,12184.175,17430.068
83,8130.9614,3771.3518
83,11704.5625,0.0
83,8365.721,10356.55
83,1068.801,566.231
83,7825.2,2703.535
83,2195.2954,15585.869
83,11982.821,16955.37
83,10609.866,11993.923
83,3645.9546,9098.94
83,7952.992,7849.855
83,10545.922,15053.249
83,12289.908,14636.574
83,8365.433,14599.791
83,10807.655,6102.193
83,8418.588,14086.795
83,12223.866,16328.449
83,6169.8086,5327.536
83,7249.9873,16117.794
83,11383.946,14790.569
83,5439.1836,17064.518
83,5035.231,5862.732
83,7159.4976,15800.43
83,9530.337,18233.46
83,9291.261,14681.321
83,6773.6074,13938.547
83,12876.356,14290.364
83,15925.654,4982.499
83,10031.607,18495.49
83,7559.438,15061.119
83,10338.017,15669.682
83,11353.173,15250.571
83,7156.764,1875.5425
83,11563.783,4348.475
83,6597.894,8217.191
83,13003.961,5382.672
83,1871.224,5397.8804
83,8374.823,11309.863
83,9733.919,13733.835
83,4425.7656,16665.324
83,10760.85,5067.9834
83,9411.446,11154.768
83,8852.519,2207.2527
83,3549.6484,16564.816
83,7310.89,7737.149
83,4883.383,6205.6777
83,11004.81,8056.9116
83,11880.407,14998.758
83,9060.875,16306.307
83,13755.203,0.0
83,12826.571,5526.961
83,19813.748,8387.134
83,8989.126,13738.525
83,9205.269,14183.473
83,5433.5513,1774.517
83,13571.468,4446.9
83,9164.75,13695.979
83,12158.904,15248.776
83,8206.866,13962.522
83,11693.903,8656.918
83,15180.805,5990.495
83,10684.32,13414.5
83,12308.273,14379.481
83,7902.0747,16753.18
83,13120.853,1357.7599
83,10643.701,3447.937
83,16850.092,8628.991
83,0.0,4719.015
83,5870.506,15773.531
83,13785.455,13324.904
83,8262.782,8161.776
83,4780.2676,6851.5527
83,13144.775,19269.727
83,7161.3047,11965.429
83,13056.7295,16874.11
83,10747.035,6166.221
84,10000.0,10000.0
84,3675.1846,6153.4272
84,1444.6362,4124.1235
84,6514.651,7496.4453
84,8170.5435,14234.887
84,2841.3152,12248.124
84,11782.015,14326.793
84,10690.693,14240.003
84,7053.2246,14579.905
84,15178.838,13823.359
84,11893.953,13406.261
84,16863.79,4668.299
84,4908.718,2741.879
84,6000.729,13559.875
84,4866.9995,8698.807
84,12948.494,17746.064
84,13752.8,4628.052
84,11667.029,16192.402
84,11704.682,16227.405
84,17886.066,3507.5032
84,5996.7085,16254.271
84,5397.003,5651.584
84,18274.49,12997.924
84,13412.85,14657.288
84,8571.436,13666.595
84,9769.206,10629.384
84,12824.023,14162.15
84,10293.378,6405.8813
84,8805.764,13809.487
84,3860.76,6063.497
84,8798.894,7644.896
84,10748.676,7880.896
84,7568.8745,15538.362
84,16533.82,15333.119
84,10610.735,17018.139
84,7255.552,3942.463
84,7901.273,15648.798
84,15409.071,7149.539
84,12793.329,14916.856
84,6222.9204,8009.9126
84,13846.635,15138.075
84,14639.626,12164.328
84,8621.261,5215.5825
84,7888.247,5345.761
84,11571.322,17797.826
84,0.0,2832.4734
84,10012.61,12334.461
84,11912.431,12534.17
84,6240.7705,2546.0425
84,10843.9375,6653.6562
84,9031.226,5227.584
84,10614.09,16746.84
84,694.59625,6520.5903
84,11062.208,2612.393
84,6617.3613,7490.652
84,13523.987,16155.976
84,3681.0645,10995.108
84,9414.068,13449.637
84,9627.087,11486.352
84,2369.5173,2830.386
84,4967.852,4886.011
84,11586.261,13159.188
84,6347.5156,5493.292
84,7165.965,1911.9176
84,4497.9424,14634.461
84,8482.84,4375.3853
84,6879.1167,4754.299
84,11571.291,5253.23
84,5715.1226,3876.415
84,15481.948,4007.6946
84,11361.267,14326.066
84,6827.415,14370.874
84,4667.6055,8396.813
84,17772.93,5816.9585
84,13977.893,19932.135
84,9815.641,12207.062
84,6306.574,7835.4624
84,7554.567,1019.1338
84,5287.296,16777.16
84,1488.4294,5712.681
84,8257.5205,12517.499
84,19065.07,14024.596
84,14881.231,12119.655
84,12644.769,16700.074
84,11357.449,15971.235
84,4114.9116,12595.74
84,8895.739,6460.9976
84,9167.055,12301.643
84,5737.165,4923.9365
84,2851.4307,6184.695
84,7583.3486,15410.947
84,19960.033,4287.0005
84,6452.7866,14599.259
84,20000.0,7800.977
84,10170.159,14998.426
84,3076.5442,13702.32
84,7522.782,15088.996
84,10224.672,13583.427
84,7468.455,1153.9095
84,14579.758,12957.352
84,9354.175,3456.702
84,5351.765,4107.2573
84,9873.5625,14906.074
84,8244.77,6160.211
84,8491.497,16084.665
84,4690.622,11997.13
84,6499.1714,14128.989
84,14446.314,16685.268
84,10508.319,2525.1377
84,8508.216,14194.892
84,7768.552,7155.2197
84,8638.724,11837.688
84,11582.713,14717.271
84,8412.443,3352.3657
84,17189.082,3161.8127
84,10601.575,1649.8538
84,6808.3438,12838.181
84,7151.536,15320.815
84,7958.409,4525.8687
84,15665.256,12505.149
84,18953.473,4064.6096
84,9092.123,13364.733
84,19226.734,2519.5544
84,0.0,3245.9946
84,5563.7856,16095.478
84,11075.637,2829.5425
84,3225.325,17995.271
84,12293.647,13227.65
84,7771.6904,15428.458
84,9819.756,15176.023
84,15656.406,5161.166
84,14954.082,3082.0007
84,13171.936,8435.2295
84,6852.4497,18145.617
84,13080.032,13658.124
84,12219.065,16449.537
84,15582.327,5153.755
84,12170.769,16019.744
84,7220.9316,16685.797
84,8334.383,15677.596
84,7047.658,14433.214
84,4882.5205,15440.308
84,6479.4717,14118.423
84,11329.993,16975.775
84,7154.9624,4637.9507
84,12304.833,16173.208
84,5418.711,3354.1711
84,13277.492,20000.0
84,10678.152,15515.316
84,11174.311,6952.07
84,10340.011,17395.18
84,10083.053,14229.285
84,2717.5266,8384.547
84,13201.781,3773.732
84,4204.135,7156.2197
84,12082.009,15550.391
84,13041.133,9825.76
84,9651.199,12574.113
84,10750.049,13908.828
84,15524.871,3628.472
84,5817.2812,11914.557
84,11317.899,4497.9414
84,14848.548,1432.6699
84,7951.191,4577.7637
84,11543.32,12933.519
84,17806.18,2842.9631
84,7630.3696,14266.719
84,5336.8877,6416.161
84,14742.983,12388.94
84,10015.27,14021.396
84,7811.2427,4924.4834
84,6179.205,12768.716
84,8505.94,13166.826
84,9530.506,6083.1426
84,10089.288,6093.9473
84,6187.5547,14343.939
84,8810.285,6217.808
84,10602.14,6648.924
84,8454.201,16368.451
84,10490.806,12684.519
84,9898.39,15816.514
84,6679.835,7347.6885
84,14370.641,6579.2314
84,13367.579,17118.96
84,12182.161,15940.914
84,6924.0996,15312.668
84,12176.254,14837.283
84,6155.251,6237.604
84,6152.07,3562.1162
84,7321.617,6950.4644
84,16215.745,3456.8164
84,11397.116,11827.692
84,12030.093,14615.868
84,16454.707,3426.4612
84,14339.282,16263.1875
84,6580.099,5254.361
84,10130.212,13357.666
84,3355.63,3574.3074
84,9031.763,2853.767
84,6999.296,14694.573
84,9206.305,16903.236
84,10229.825,12199.543
85,10000.0,10000.0
85,8789.257,12594.688
85,16116.449,5904.8716
85,5855.786,11993.249
85,8315.152,12519.158
85,10026.597,14416.581
85,11671.451,5597.728
85,1095.282,3829.4463
85,12071.155,18383.654
85,8623.848,9848.213
85,7977.357,15305.932
85,6029.436,7183.21
85,13274.356,4436.175
85,16354.32,5265.059
85,7115.354,2212.1433
85,8401.375,15298.976
85,12338.853,16718.072
85,12118.784,623.71844
85,12931.874,3476.0027
85,9737.813,2573.1272
85,3789.879,3832.0786
85,13750.658,7499.495
85,7513.548,15756.359
85,3646.844,0.0
85,7704.3022,7353.7095
85,8968.772,13353.657
85,8899.3,14494.513
85,4910.1777,1566.1433
85,9470.55,12005.83
85,9586.638,16689.629
85,3646.3584,9226.241
85,11233.906,16841.25
85,13273.589,11931.247
85,9266.565,14249.667
85,10130.543,12015.8955
85,15503.465,2142.6309
85,9036.438,16850.97
85,12537.61,4399.639
85,7363.7915,12714.467
85,9555.454,10613.137
85,12585.77,7021.246
85,7349.832,16212.629
85,12409.034,15033.76
85,12925.761,3755.477
85,12545.004,6027.776
85,14205.893,5038.636
85,11230.459,12044.24
85,9005.379,5977.5386
85,12672.06,15284.862
85,6425.4004,11750.217
85,13925.656,15407.599
85,11811.119,15787.999
85,1355.5286,5799.253
85,10145.158,13713.939
85,12853.399,11664.79
85,16801.805,16473.027
85,7695.966,12588.227
85,6754.0947,3930.3442
85,15903.321,1441.4092
85,3898.3982,6972.435
85,4934.4736,9540.923
85,10693.5625,16091.348
85,12702.284,17304.066
85,278.59323,2005.5963
85,17218.225,6250.7134
85,13075.479,8332.156
85,7132.092,3675.2307
85,6840.947,13504.531
85,12608.195,14615.53
85,5184.5396,7440.2183
85,699.6376,3771.0667
85,15131.878,11993.591
85,1492.7643,3117.8315
85,14767.414,5363.2886
85,10077.261,15628.216
85,11398.169,19697.318
85,4768.314,13854.325
85,2962.2292,5781.2246
85,15058.611,7331.0425
85,15718.325,5684.1616
85,4696.918,16974.906
85,14778.475,14476.959
85,12854.242,5813.1133
85,6822.828,14507.0205
85,10821.998,2931.6882
85,6801.0,11568.08
85,5167.24,15658.904
85,3126.2866,6382.895
85,8822.249,19120.482
85,13143.076,6384.5615
85,10799.396,15489.573
85,9690.457,13883.596
85,15767.823,4864.6133
85,7709.72,16587.918
85,9612.921,5812.8096
85,6680.3325,7384.6304
85,11375.209,13560.704
85,11883.907,16579.44
85,13069.256,3943.8303
85,10549.652,16706.24
85,7674.1377,16039.003
85,8078.494,11890.904
85,10852.785,6099.2637
85,16527.527,4632.1123
85,8474.454,5733.9463
85,12889.994,13956.337
85,12898.376,16071.551
85,13429.018,16213.54
85,7147.579,15826.89
85,11125.786,2838.4578
85,9235.503,5007.0986
85,8797.836,6605.2734
85,10850.009,10429.61
85,11491.463,2217.8245
85,14078.957,2468.0256
85,9620.89,15606.132
85,9438.702,13876.77
85,8437.824,18851.064
85,3414.306,5004.5776
85,10597.35,11141.943
85,12094.499,3255.1045
85,11755.62,4749.472
85,7247.7007,11805.2705
85,11212.963,9597.158
85,7943.169,13821.728
85,8565.166,12663.216
85,15803.846,9558.119
85,15769.553,3050.7246
85,12038.305,5160.33
85,16747.348,17993.713
85,10375.948,16932.967
85,8830.246,12510.173
85,9612.609,7130.679
85,14290.313,16323.633
85,3256.5146,15846.261
85,4296.329,12811.038
85,15413.287,6497.976
85,7848.184,12960.699
85,11881.566,4890.611
85,8096.147,14629.893
85,18141.686,5425.7935
85,14682.326,13244.152
85,9355.113,12118.716
85,7203.7256,12637.031
85,10417.227,12844.428
85,1992.3385,2728.8608
85,11605.039,11580.444
85,11853.718,13352.636
85,13273.656,9786.553
85,12308.393,5569.907
85,2797.1582,3638.6812
85,15775.154,7162.738
85,10537.341,507.57974
85,11827.44,12477.988
85,3018.802,4216.492
85,8100.303,15255.415
85,6470.531,9131.021
85,12256.741,16231.826
85,9666.009,15091.312
85,11270.447,14705.357
85,7692.432,14087.705
85,5524.382,3552.6108
85,14965.825,3811.8633
85,14922.978,15706.935
85,11060.372,13269.076
85,12848.605,17486.814
85,7501.4233,2070.133
85,17811.697,3811.431
85,14049.311,18044.863
85,11338.68,5067.795
85,8045.521,8594.58
85,12178.84,3329.4824
85,4966.1396,4203.489
85,10533.508,3267.0596
85,10964.539,17750.457
85,6695.842,13634.573
85,10561.818,6396.7935
85,17685.621,6074.5356
85,6954.605,16059.159
85,13712.081,1900.2882
85,12282.121,16520.09
85,9828.26,14737.476
85,10844.877,5522.9453
85,10352.874,4933.8413
85,15624.873,4233.0127
85,9839.947,17490.047
85,9559.274,17712.748
86,10000.0,10000.0
86,12331.016,7268.4683
86,12527.6875,19077.13
86,3993.1465,5640.2363
86,15274.167,12476.783
86,12096.66,18590.664
86,4431.098,6865.329
86,7876.678,12837.056
86,8645.75,3986.4375
86,9421.371,3766.5723
86,15719.01,5566.99
86,9892.422,15527.189
86,11238.594,5804.392
86,15823.594,16266.803
86,13331.996,1113.5781
86,12246.678,0.0
86,11443.016,11742.363
86,11465.374,12024.718
86,12574.236,15873.642
86,11198.887,6752.304
86,14091.302,16821.316
86,3112.7944,11463.56
86,12610.378,3614.3438
86,12066.128,15818.411
86,7723.514,14605.235
86,15527.217,15532.221
86,6690.9995,3605.554
86,3530.537,14949.696
86,13465.588,17754.275
86,12412.177,16148.958
86,8471.99,12460.331
86,15132.163,4171.596
86,5991.912,14445.96
86,8936.377,16440.016
86,3221.225,4788.3843
86,15185.629,0.0
86,11298.758,7788.185
86,11609.84,13097.22
86,14895.006,6270.8467
86,4882.7266,4592.5806
86,9405.0205,14351.774
86,7410.635,8309.623
86,5546.068,7991.4976
86,9797.742,9444.771
86,10819.36,2235.2915
86,10140.775,2902.3435
86,11075.315,5329.6333
86,6307.4546,15206.394
86,11621.179,16313.234
86,13007.542,5920.1685
86,4555.7524,15627.928
86,5299.3643,2421.3235
86,11492.772,13971.459
86,8021.6626,4787.222
86,11477.284,13416.554
86,8991.205,15222.44
86,1824.2047,2828.2983
86,9912.259,16947.705
86,14275.627,4896.277
86,2740.9045,7854.7295
86,9143.47,2793.9563
86,3807.9993,9160.452
86,18854.322,3175.7625
86,5373.506,3832.2554
86,4219.267,2464.744
86,11937.579,8294.726
86,7113.14,15806.152
86,9322.62,4606.424
86,8446.542,12784.203
86,7625.7646,3622.662
86,11909.74,7841.884
86,15349.425,15699.503
86,6612.4683,3173.6978
86,13817.267,16660.707
86,6665.093,3963.2358
86,10862.608,13513.947
86,13337.394,3564.1223
86,5528.3335,13028.814
86,17263.576,17337.879
86,8049.9956,4600.0327
86,8617.421,15963.368
86,12326.187,15154.116
86,18817.436,5861.907
86,8726.271,17971.453
86,11389.696,16884.395
86,8938.799,16052.1045
86,9774.839,15839.719
86,6079.033,6078.869
86,4918.9873,2725.0627
86,8140.019,5451.763
86,1526.6747,5317.668
86,8666.072,12604.278
86,17547.266,3433.0857
86,12988.033,1793.9404
86,9564.088,15378.947
86,14937.606,5742.7334
86,8190.0522,11873.269
86,13473.509,7382.413
86,8164.141,4435.8315
86,12887.442,11097.447
86,12727.894,13608.206
86,12343.96,13552.12
86,9392.726,2680.4192
86,9185.882,13961.34
86,9378.263,13792.357
86,7747.6084,12730.658
86,3979.4023,1593.8868
86,15375.121,4931.862
86,13971.795,5471.841
86,4187.7817,6533.786
86,8756.955,12919.156
86,3397.2144,8743.236
86,17821.914,6179.4497
86,6329.4624,5839.8022
86,8188.263,1068.8707
86,17368.262,6908.6343
86,10367.245,15513.509
86,9587.4375,5121.0586
86,12090.487,14066.845
86,15669.405,5935.9316
86,12055.443,14196.868
86,18150.615,4439.191
86,12835.507,14934.99
86,11068.514,15967.003
86,5800.1885,4686.3315
86,9265.284,13749.0625
86,7923.777,13714.8125
86,0.0,2401.2563
86,16316.576,5865.488
86,6477.2534,15408.25
86,1910.5177,7368.76
86,16689.777,6033.668
86,8593.5205,5883.6084
86,14824.239,5779.3926
86,12079.2705,4503.714
86,7113.942,0.0
86,11079.356,16098.819
86,9079.832,13223.993
86,12554.348,15021.486
86,6423.0044,7576.703
86,16961.627,5685.036
86,8713.9,8408.403
86,4569.9185,3430.753
86,9148.951,15617.239
86,6171.285,2897.402
86,16905.395,5644.369
86,6649.8613,17005.127
86,11209.096,12328.909
86,8787.19,12496.517
86,5573.41,4669.587
86,2609.859,0.0
86,15600.253,5593.2266
86,2403.6704,9620.381
86,4888.896,1745.5721
86,11988.203,7330.103
86,7923.055,13858.731
86,12065.204,6768.5522
86,5086.0645,16082.026
86,12884.153,2574.0972
86,12416.475,13662.985
86,833.78827,5287.569
86,7892.5273,14713.391
86,11265.767,14352.353
86,7452.933,15727.845
86,10287.759,7263.712
86,8204.546,4167.539
86,6361.6914,12301.766
86,6849.6343,18244.094
86,12552.935,13772.005
86,16788.07,6644.274
86,13068.188,286.75595
86,14190.983,13694.078
86,5692.557,17376.97
86,8471.244,1493.9523
86,7770.804,14108.543
86,4540.0205,6360.355
86,13167.918,3971.362
86,5484.613,13370.207
86,8475.215,4816.5312
86,9408.595,3619.4712
86,12319.879,19396.053
86,14930.828,4388.16
86,7709.693,5691.1724
86,9893.897,13005.713
86,7140.7773,7110.355
86,10244.527,14792.463
86,10259.007,13374.594
86,11095.443,17450.932
86,11615.754,11550.848
86,6910.5596,5068.3564
86,5174.6846,13524.619
86,0.0,4312.4688
86,8432.34,14496.806
86,3535.0098,16545.613
86,8094.607,15278.735
86,6137.126,18750.457
87,10000.0,10000.0
87,9101.738,2156.718
87,4320.779,6640.8696
87,9194.042,12875.234
87,7258.8257,4966.994
87,11127.316,17058.723
87,13631.07,13448.811
87,7279.7573,14674.208
87,15227.365,1716.5848
87,4464.6763,15312.528
87,9785.26,17472.787
87,15930.315,18598.506
87,9529.037,13079.408
87,11924.2295,14097.681
87,18456.486,7568.797
87,9966.734,13244.964
87,11786.557,12177.56
87,2052.8862,15824.209
87,13023.091,8787.013
87,4243.712,5311.294
87,14220.996,11655.4
87,8163.8716,15312.681
87,12399.662,7391.0864
87,11200.455,15717.189
87,317.8339,7721.101
87,11387.665,7268.129
87,13376.082,13723.665
87,10088.028,6862.584
87,15124.982,16388.418
87,10755.534,14995.331
87,3388.022,6279.8843
87,9183.933,12815.157
87,3938.6716,7952.367
87,13344.331,2077.928
87,5906.8604,15983.267
87,11953.101,5577.659
87,4840.47,14471.333
87,7035.028,11158.952
87,6088.264,14851.627
87,9947.504,15736.532
87,12495.238,19390.27
87,6598.4517,17582.951
87,9805.434,15005.17
87,18849.03,5701.311
87,14049.762,15101.783
87,8724.503,15256.549
87,863.88556,934.51294
87,11981.403,11961.388
87,7096.7095,5774.6426
87,4568.2495,3565.7
87,4492.3867,17958.236
87,10236.005,12196.239
87,4645.019,1589.2758
87,11171.246,17639.998
87,3714.7625,5910.2075
87,7083.857,4032.858
87,10903.444,15291.797
87,9451.003,2801.6458
87,13340.171,4735.0444
87,15866.993,8106.3447
87,9403.169,15075.543
87,12010.942,6124.8896
87,11522.157,13414.099
87,7444.927,15561.285
87,5580.8604,10234.859
87,7693.15,4126.926
87,11484.425,13719.767
87,5095.1733,4762.254
87,10185.899,3630.923
87,12968.71,3097.7654
87,6449.1914,5051.8555
87,13936.739,14403.154
87,9521.409,12208.688
87,17783.002,5816.6597
87,9568.37,12300.892
87,8438.365,2697.958
87,9766.931,3342.7468
87,6466.172,7229.871
87,8516.941,15902.062
87,12942.413,6919.6245
87,12036.64,15800.235
87,16050.779,2778.7334
87,2110.094,14094.265
87,9290.861,3985.2896
87,4544.1763,3248.244
87,13675.595,14834.355
87,12600.586,14726.584
87,14888.351,12765.932
87,8893.879,13521.331
87,5564.315,2715.3079
87,5810.167,7666.7573
87,6169.741,14980.705
87,15933.507,17322.578
87,9872.232,6688.97
87,9710.284,15939.132
87,18493.8,4356.0747
87,15625.812,3913.8113
87,8469.468,12875.957
87,6455.6484,14654.445
87,6132.4214,2237.854
87,11760.176,10579.291
87,6894.417,12062.58
87,14953.9,16310.727
87,5927.4907,11781.644
87,14212.687,9466.46
87,1970.6615,2839.3374
87,5867.8857,8299.952
87,7888.2617,17034.857
87,18804.314,16986.84
87,16720.473,8360.444
87,2078.2456,2234.4253
87,7958.8867,18048.176
87,7237.6963,12721.817
87,13324.75,3225.0615
87,4649.3726,4047.1992
87,13972.562,6793.283
87,10666.309,12687.128
87,2601.2822,12567.537
87,4697.0054,14022.688
87,13602.094,14920.701
87,0.0,895.76086
87,7561.993,16222.909
87,15561.171,16033.223
87,11445.001,11779.74
87,11117.3,11918.775
87,8120.2744,15679.548
87,15406.458,7277.451
87,11311.283,12769.515
87,10083.598,16270.97
87,11693.966,5150.7227
87,5111.3936,3882.7888
87,16594.383,3444.5972
87,11762.59,15180.545
87,3405.6338,4618.703
87,2794.995,6603.111
87,4511.7065,1920.3296
87,6353.1167,13947.78
87,7414.17,18352.963
87,11713.767,15046.028
87,10519.696,15495.056
87,15789.549,1600.6809
87,18694.92,4184.004
87,14071.854,7866.5674
87,3348.249,6924.7563
87,16679.295,4570.675
87,10551.873,18105.54
87,7703.317,12943.265
87,6743.7563,17431.855
87,3545.0784,5175.483
87,11487.656,5339.844
87,8479.408,15310.909
87,5557.1,3726.0608
87,15604.446,5117.603
87,3048.0637,1098.9485
87,8936.311,19403.504
87,14542.556,14833.587
87,1567.5918,3489.3901
87,6845.709,4563.712
87,18111.416,7537.886
87,15652.403,3145.8057
87,15893.807,6660.2324
87,11167.824,17246.621
87,9036.607,14143.804
87,14592.269,17403.805
87,16504.898,17040.537
87,10538.7295,13441.654
87,8919.301,15185.325
87,3853.5732,16045.408
87,11535.662,4243.463
87,11116.558,5151.7783
87,7180.466,5659.7246
87,4701.863,5481.3276
87,3344.8357,16554.078
87,9563.459,14910.316
87,5859.7495,16299.77
87,20000.0,6286.8647
87,11353.601,14703.317
87,6862.3438,3998.9087
87,9238.508,15223.63
87,3914.8552,5506.404
87,12993.345,14500.302
87,13035.192,6089.448
87,4890.8354,14478.304
88,10000.0,10000.0
88,7789.7935,16402.383
88,13885.332,6828.524
88,8071.6206,19002.752
88,9292.137,19351.096
88,956.2706,9087.686
88,1805.7213,4665.779
88,15108.624,13023.787
88,9711.909,7056.348
88,9487.293,1906.682
88,10103.078,17593.744
88,13104.121,14862.1875
88,5822.976,16820.504
88,10089.36,13007.672
88,10017.205,4366.85
88,9581.938,15349.804
88,18506.318,5402.7217
88,4377.2466,4274.6646
88,14450.439,16740.176
88,8151.541,16872.662
88,6989.5493,16060.168
88,12417.32,13259.372
88,9312.072,18335.455
88,14661.831,14027.051
88,8556.311,13299.277
88,14053.805,5952.463
88,3648.1096,6651.5293
88,10793.996,16304.745
88,10473.189,13343.092
88,14221.992,4530.3916
88,12787.755,7368.9287
88,13057.612,5043.192
88,15757.859,1487.1257
88,7522.4233,7573.4014
88,7564.052,4047.32
88,9511.578,19632.023
88,19326.547,3713.0784
88,12896.737,3271.8047
88,6879.641,16822.15
88,15398.623,11307.99
88,2030.4684,5185.5464
88,12882.858,13121.954
88,12253.948,14384.511
88,10066.503,14988.265
88,6135.1953,7825.3726
88,4210.9907,3715.33
88,12678.061,3606.227
88,11670.8,15391.604
88,8512.479,12855.751
88,13016.909,12917.131
88,5019.48,6907.1895
88,7930.4565,12304.63
88,10179.125,17648.924
88,10736.689,13143.24
88,12252.571,15813.732
88,9340.658,16557.742
88,11615.279,13612.382
88,12340.986,4128.5386
88,7698.7056,16097.704
88,8506.662,19500.04
88,8381.124,4298.584
88,5504.796,7309.282
88,7743.5137,4785.1187
88,9737.003,17397.709
88,20000.0,14491.426
88,7713.846,5201.6826
88,12930.444,8167.163
88,14235.521,14099.728
88,11001.407,6237.672
88,20000.0,2623.1313
88,11595.738,5293.824
88,12808.576,17719.535
88,4769.5493,15349.635
88,11730.919,4970.683
88,12344.336,17185.9
88,2638.6482,4427.008
88,11153.723,7729.6743
88,4893.043,2512.5771
88,15562.071,3915.4277
88,9529.669,15427.2295
88,10433.152,5074.2334
88,9151.11,12711.593
88,10087.027,11140.229
88,5398.543,14742.892
88,13455.579,5507.1055
88,7886.832,6150.557
88,9244.017,12113.959
88,8689.066,16480.703
88,12226.304,17534.854
88,15657.236,5406.367
88,797.66656,5211.648
88,9230.77,11939.207
88,8262.268,11218.037
88,8052.046,18435.287
88,12338.675,0.0
88,4729.093,4818.0
88,4650.3403,7883.3994
88,14552.139,18889.684
88,17786.633,4718.879
88,8773.706,16518.182
88,2800.4922,15224.61
88,11917.835,13149.9
88,11952.729,14286.31
88,13738.6,3365.7334
88,10363.951,3075.3699
88,13378.529,14121.658
88,9823.538,5948.4717
88,17286.414,4735.009
88,4897.557,4632.1646
88,891.1445,5416.4624
88,3571.9036,2130.4236
88,6994.0234,2045.8181
88,4435.427,12833.645
88,10892.293,6254.814
88,9587.2705,18358.594
88,11771.543,13389.038
88,4475.9717,5167.1313
88,13054.199,12878.954
88,13723.009,13145.17
88,19404.7,2554.9346
88,11536.542,15035.98
88,8452.576,16595.787
88,8458.332,16573.639
88,12052.926,13952.558
88,13010.772,15501.38
88,15876.446,3871.2527
88,6296.404,4035.7861
88,4077.1143,5774.229
88,10487.283,16701.387
88,12235.123,14936.237
88,12388.505,6487.4556
88,4719.8247,7379.745
88,3214.0354,1019.307
88,14299.282,15569.626
88,5297.536,17559.87
88,14052.027,5470.6665
88,12505.597,16604.527
88,13442.697,13095.265
88,8917.694,16731.346
88,7656.148,5861.089
88,8905.097,15295.989
88,7963.077,2904.6292
88,10808.581,16928.885
88,10591.518,14568.54
88,17027.22,3571.39
88,10692.513,16325.641
88,12566.35,16386.11
88,11692.787,8130.261
88,11641.964,3439.872
88,13279.875,3763.5833
88,9188.753,7755.873
88,10485.043,14442.562
88,11826.487,18024.096
88,8375.219,12345.812
88,3361.1926,6935.425
88,7916.553,17860.42
88,4385.5386,7229.803
88,6168.1265,2166.332
88,3662.8882,4435.4023
88,6963.013,5025.551
88,7695.228,13661.418
88,5700.1465,10086.915
88,7254.5215,7891.4873
88,3876.868,7196.0376
88,13066.871,8437.434
88,13308.39,7130.5522
88,13812.225,4398.59
88,11978.159,13165.066
88,14440.185,12961.982
88,8512.096,3457.4885
88,7900.8433,4213.0293
88,13168.526,3357.7234
88,9961.96,6101.431
88,8301.326,11296.615
88,12830.026,5251.0454
88,12435.848,12575.905
88,9358.434,14853.133
88,19471.979,3741.931
88,8613.053,11301.9795
88,7481.6113,3242.082
88,6383.7964,16782.66
88,3238.108,0.0
88,7230.725,11804.565
88,1235.6241,5355.5635
88,6039.7007,10366.33
88,6141.2827,13827.334
88,13718.773,14219.623
88,18136.85,274.5179
88,12665.091,3646.8823
88,15642.611,4782.3086
88,8665.745,5676.8667
88,7848.099,18446.49
88,15422.973,15300.888
88,9877.214,15478.409
88,12642.208,13098.3955
88,10974.873,13349.74
89,10000.0,10000.0
89,7644.9707,15658.028
89,8788.27,18243.781
89,7133.3325,14892.239
89,3989.693,15191.843
89,10913.241,17243.256
89,5738.8286,14887.941
89,11929.808,15970.399
89,9115.102,16738.945
89,13812.077,11657.124
89,10102.874,13432.361
89,15503.062,15622.607
89,7243.9277,12900.004
89,15317.384,8434.837
89,11908.731,15652.441
89,12151.2295,15975.645
89,8024.9316,16353.247
89,7362.648,2510.3755
89,2933.1426,3212.9836
89,5150.4565,4075.1958
89,10102.878,18793.43
89,7970.0215,15651.246
89,14419.808,7472.6616
89,10724.453,7180.159
89,7603.424,2172.09
89,5321.44,3715.606
89,8822.614,15606.314
89,14305.313,1290.3005
89,6206.1714,12440.04
89,14035.752,2999.3708
89,11570.906,152.63873
89,9597.64,12074.289
89,15288.679,5438.982
89,8248.403,14731.132
89,8453.287,6325.1777
89,9955.226,11700.602
89,11510.689,16117.365
89,5879.8447,15280.2
89,8492.885,2976.6863
89,7889.1934,16348.065
89,10760.105,12825.984
89,13311.551,14369.617
89,7508.5728,5759.4355
89,10381.206,6991.3
89,9542.793,14959.339
89,15552.754,6307.211
89,8031.721,2982.41
89,8803.167,15398.9
89,9761.103,13258.112
89,12639.388,13826.461
89,10938.016,15115.94
89,10854.268,6504.3115
89,11072.498,16639.25
89,10745.634,11590.442
89,7796.5483,9836.683
89,14393.893,13501.393
89,12610.873,16482.229
89,7934.7236,12535.653
89,9855.691,11544.649
89,10004.905,14197.507
89,12282.472,5094.369
89,6355.861,13654.521
89,16171.396,3944.8179
89,9672.998,16228.752
89,11267.025,4513.938
89,17934.682,4379.131
89,12070.655,12290.714
89,15101.901,2034.9197
89,10516.197,7685.427
89,15142.563,4709.015
89,8311.119,13671.856
89,6555.1426,13971.028
89,9259.668,14540.543
89,9445.517,5679.6846
89,10183.421,15443.261
89,5802.4526,3565.055
89,6893.7456,15420.325
89,4939.6963,7127.45
89,17169.17,4845.6836
89,5491.1177,3760.034
89,10216.233,1021.9979
89,11045.234,17690.535
89,18561.371,3182.3806
89,8607.668,11523.003
89,11386.654,14761.889
89,12902.57,4952.8315
89,13594.718,6004.189
89,8296.219,6541.261
89,9144.728,4146.609
89,5032.944,4321.635
89,18728.797,2149.939
89,10815.238,16712.744
89,12790.251,15310.991
89,3783.1335,17960.031
89,8588.786,14407.811
89,11449.156,15329.023
89,10860.044,15934.839
89,13134.346,2678.2332
89,8645.621,13762.408
89,14919.41,15125.387
89,13267.897,5827.763
89,12352.644,1465.1295
89,15079.781,4621.044
89,14516.805,2320.2844
89,12567.67,13194.007
89,5352.385,4095.8901
89,8655.304,11018.334
89,5450.935,5962.3037
89,10843.377,13779.009
89,11937.79,14108.15
89,14185.698,3326.1028
89,8972.654,14011.963
89,6677.802,6941.633
89,6774.475,13956.053
89,12848.922,15694.242
89,7269.509,15038.074
89,15071.134,658.3912
89,7106.1885,15645.277
89,6147.2095,17885.814
89,10762.267,13702.127
89,14230.759,5693.569
89,9816.045,4321.8647
89,15819.773,4189.792
89,8471.081,14611.867
89,14060.161,12527.63
89,15223.325,12489.06
89,8079.357,4118.8545
89,6632.08,14724.481
89,15868.87,7622.35
89,11275.353,14663.689
89,16301.577,3436.1746
89,878.73,5183.034
89,12855.703,14820.475
89,10591.27,13143.379
89,7858.247,18386.54
89,9831.919,3967.274
89,8077.4556,5323.6543
89,7953.963,14103.084
89,13878.333,7892.8594
89,15365.336,14677.052
89,15127.548,2849.3462
89,6888.763,11770.162
89,7536.667,17209.27
89,7714.0894,11290.691
89,5910.4263,4239.662
89,5370.088,3899.2458
89,7216.22,15592.299
89,8226.252,13595.224
89,5192.492,11399.073
89,16122.54,3329.5195
89,7680.7183,2649.27
89,1643.8904,6617.096
89,11159.557,3670.041
89,8094.1475,14144.296
89,5312.438,6328.931
89,13399.521,15927.915
89,10567.105,2967.4167
89,8742.955,12513.398
89,13989.561,8261.915
89,2596.8362,4855.5635
89,4418.2007,7531.882
89,9261.604,4995.1636
89,9950.484,17339.65
89,9948.594,5059.616
89,9500.852,15152.503
89,1416.8657,4748.4014
89,8046.8213,2046.2917
89,12113.772,3015.7686
89,12231.7,15786.696
89,13081.524,7013.925
89,11088.988,16115.355
89,10068.799,5839.099
89,3349.7578,5966.4937
89,10999.907,18427.355
89,9054.847,12835.671
89,8045.9414,8995.029
89,3486.215,15669.937
89,10466.703,3971.3584
89,7920.771,18330.027
89,13289.39,7468.0034
89,8688.081,15482.024
89,5690.8755,4749.2646
89,10158.375,14100.905
89,14463.62,14794.119
89,3987.888,2874.6597
89,13373.4375,19527.71
89,8456.12,14926.214
89,9018.763,2662.2285
89,14251.339,2498.7336
89,7794.7812,2684.1375
89,10951.999,16115.149
89,15832.769,2434.7256
89,7627.202,5725.919
89,14834.6875,15207.4375
89,14639.381,13394.336
89,3433.1418,9259.6
89,7838.745,5213.6533
90,10000.0,10000.0
90,8980.377,17098.775
90,8002.3696,16224.401
90,12277.29,12599.197
90,7269.2866,13907.027
90,11103.167,3963.3975
90,4705.793,7184.743
90,10704.172,5651.2725
90,2098.3367,2905.3276
90,4713.772,14384.531
90,14713.097,2895.2363
90,7139.2783,18539.436
90,10001.595,16756.678
90,11350.577,8122.758
90,14953.308,4481.722
90,11470.267,14711.968
90,11355.675,15118.851
90,13819.2705,18917.996
90,14656.46,4434.717
90,12144.398,2644.2043
90,12237.861,7571.6494
90,8419.313,14171.169
90,14913.636,15660.602
90,15040.28,7529.4
90,8777.691,13539.111
90,7987.783,15201.602
90,13567.813,2084.072
90,18426.117,4438.2246
90,5099.0234,3209.2283
90,4199.38,13731.407
90,3778.6914,1441.7153
90,7154.1406,1843.3151
90,5747.3423,15935.47
90,9393.376,15122.297
90,13021.618,7086.9556
90,13282.247,2966.7017
90,16024.465,5101.362
90,10014.627,17848.97
90,14098.711,8333.9
90,4888.0576,4679.753
90,14117.201,8248.221
90,7585.267,15287.32
90,8585.047,15805.64
90,16514.89,4964.2476
90,15009.864,13590.478
90,8796.504,5718.5854
90,12212.84,5079.6357
90,11295.254,10131.975
90,9426.159,13699.949
90,1941.8809,6529.8716
90,8440.918,14222.088
90,11316.697,14199.523
90,10676.75,11188.833
90,10349.338,6437.311
90,9428.203,14234.83
90,7838.533,6202.471
90,3861.7446,8189.744
90,10799.757,15790.185
90,17228.365,6707.074
90,8606.915,7257.174
90,4914.645,3615.5127
90,9150.841,6610.9565
90,12510.201,14762.54
90,17096.006,2072.692
90,13257.592,15935.862
90,12761.232,15072.375
90,7580.168,13669.114
90,11291.229,13856.899
90,10125.049,6462.8667
90,15834.751,5628.5435
90,8383.387,6457.7495
90,11988.589,14568.824
90,5414.077,6497.942
90,13565.915,15843.233
90,12191.942,10577.3125
90,8487.204,14941.782
90,12993.641,11678.737
90,11305.496,2704.1365
90,13525.19,15253.544
90,10472.971,3004.141
90,6060.1113,11210.3545
90,17224.531,4284.0786
90,4130.6406,3434.5862
90,4477.3022,5822.81
90,10887.606,14309.031
90,9754.873,426.47244
90,11673.703,14100.251
90,7537.8613,13292.821
90,3242.6638,9383.26
90,12923.207,15558.003
90,9067.793,6849.368
90,135.74797,5084.246
90,13101.009,16807.6
90,6794.914,8341.805
90,11359.345,5723.6396
90,7817.3735,16239.092
90,13255.891,16902.625
90,18080.965,2141.6287
90,8211.323,8108.4062
90,11301.498,17525.266
90,5225.0337,6716.9233
90,6212.453,14215.102
90,7218.5024,4382.858
90,10897.866,13672.759
90,7320.159,15639.826
90,14170.336,18575.375
90,11936.699,13803.414
90,13354.076,14837.003
90,6168.3643,15632.46
90,9098.236,6606.555
90,17049.975,15598.605
90,10903.84,12441.933
90,12964.661,5471.9434
90,1771.6519,16802.146
90,4875.355,5948.9336
90,10319.34,11398.252
90,7701.856,8164.361
90,7933.5444,18741.582
90,15491.962,14966.549
90,16793.893,5068.427
90,7899.7866,17455.213
90,10055.3,6154.723
90,9945.72,15947.199
90,2825.1829,3776.541
90,5364.6147,13533.953
90,11428.173,13035.718
90,17293.656,868.76776
90,10528.206,14971.807
90,6627.2593,2091.2947
90,12885.145,14372.809
90,10505.757,15530.81
90,5043.4146,13186.3545
90,10196.056,15089.104
90,8176.805,5318.377
90,18132.566,7570.9575
90,4337.107,7975.583
90,10094.626,16748.088
90,13307.119,611.7075
90,2508.0962,11872.777
90,17485.037,997.505
90,5304.33,8090.2886
90,8446.567,3962.2622
90,7964.254,3681.9707
90,8119.9404,14563.673
90,9906.495,16239.0
90,5124.159,15340.805
90,10377.049,4007.8372
90,12705.198,15480.17
90,3817.6277,5778.591
90,14567.316,5636.8823
90,12306.756,4470.9834
90,5255.602,4602.278
90,5623.718,7186.6475
90,9244.813,5917.428
90,175.42766,6088.8794
90,6470.274,6430.211
90,20000.0,2911.4546
90,7361.017,11193.455
90,13152.703,14937.185
90,5623.1733,6037.422
90,12841.294,7228.403
90,11541.306,11509.02
90,4949.917,6259.1284
90,1680.8025,4365.98
90,4308.068,3824.5425
90,10757.9,15889.995
90,11960.814,3404.7415
90,9766.665,13308.639
90,9789.188,5922.4136
90,12631.72,14515.32
90,10625.209,15261.79
90,10130.198,15370.296
90,6595.9634,14509.412
90,9447.918,275.18585
90,11509.209,17014.229
90,17096.62,15794.591
90,8971.456,12257.639
90,7563.7217,978.5369
90,5621.9624,4353.1523
90,3319.8752,7884.0415
90,13793.816,16238.037
90,5193.4937,4956.593
90,10480.744,15983.238
90,19548.297,5364.3384
90,12052.159,3717.0903
90,12018.748,6396.8154
90,16003.28,4724.426
90,17886.473,0.0
90,10241.254,10469.656
90,5803.843,5739.144
90,7432.713,16387.053
90,6584.4443,15760.592
90,1546.5424,13452.261
90,13550.795,11699.908
90,6103.3105,2443.397
90,2407.4565,5241.419
90,10612.835,13280.465
90,11994.019,6220.9336
90,15615.076,6723.9062
90,2990.5813,12506.333
90,14592.065,3845.0146
90,16852.97,5261.4824
90,9588.851,14960.459
90,6547.5728,6108.9937
90,10118.259,4032.2344
90,15090.949,15268.829
90,4826.6807,13989.257
90,11668.415,12614.34
90,5537.454,13747.7
90,5543.4185,14175.859
90,9139.794,11965.898
90,8506.668,6281.5347
91,10000.0,10000.0
91,11581.519,7259.036
91,731.1368,915.0282
91,7923.2217,12523.998
91,12604.715,10025.365
91,14711.11,5597.7583
91,13807.514,16336.62
91,7248.0615,15364.859
91,6572.606,7545.5674
91,7915.9644,12213.353
91,6547.982,5579.3413
91,13039.09,3179.2236
91,5452.87,5067.1685
91,9425.486,19287.725
91,5736.335,14279.02
91,7339.0103,13573.848
91,10462.494,13501.597
91,5670.354,13783.893
91,11828.727,6427.597
91,10561.549,5913.4995
91,13501.774,15402.474
91,18128.902,2381.5205
91,12314.224,11283.255
91,8129.4316,17038.084
91,8675.97,15230.781
91,18435.861,5695.715
91,12006.702,12147.054
91,6914.934,17113.826
91,7916.4546,6118.647
91,11895.265,6734.8613
91,12643.106,2520.8223
91,1129.4816,2064.7659
91,10297.041,16123.085
91,12118.309,13770.291
91,12857.322,2917.3215
91,14409.917,16751.445
91,13825.777,3318.0093
91,15042.522,3216.7532
91,3186.439,2982.3213
91,10684.398,14951.311
91,6157.993,14345.285
91,14068.236,530.9503
91,3134.0217,4812.217
91,9993.3,5710.846
91,7644.6895,12400.272
91,13667.967,11430.983
91,10379.45,17832.688
91,13563.793,12779.616
91,6227.8433,12718.426
91,15518.802,5717.5625
91,10430.53,17610.398
91,10664.523,15230.159
91,8562.322,7658.918
91,16164.814,3384.7375
91,18254.305,1173.0417
91,6564.578,16691.629
91,12632.3,1225.9926
91,14239.986,2630.4072
91,6704.4087,0.0
91,8877.145,2991.6323
91,14691.93,4599.83
91,9821.551,14207.734
91,7956.94,15619.292
91,9757.69,13735.07
91,6122.5967,14770.694
91,5771.9233,5830.013
91,10433.605,4915.563
91,18438.447,7937.1626
91,9986.278,12983.607
91,14304.814,2070.4631
91,7806.0615,14464.726
91,11423.642,853.2712
91,8423.066,20000.0
91,15092.898,15310.552
91,5140.727,0.0
91,11322.849,13808.919
91,15234.94,15285.817
91,5578.9854,7843.3047
91,7432.839,16095.12
91,10785.371,3647.6316
91,7258.5503,4477.792
91,10175.156,7700.958
91,14321.914,1826.882
91,11387.766,11830.848
91,5052.6753,5042.78
91,6885.537,13459.78
91,12083.711,14842.389
91,13743.75,12436.16
91,9238.659,14262.812
91,9485.017,4830.749
91,12382.054,14821.521
91,8677.618,15372.523
91,9158.8955,939.3576
91,4736.354,12268.248
91,15302.554,5229.5586
91,3958.583,6238.801
91,7486.417,2432.7727
91,6283.341,3161.547
91,16945.02,0.0
91,9763.634,5083.4653
91,10913.887,13695.7
91,14672.2705,13548.87
91,13693.027,6003.211
91,13031.012,9362.352
91,8744.355,15373.001
91,13799.155,15261.579
91,9918.727,2816.1494
91,7088.959,17412.145
91,4655.593,15657.284
91,16354.873,4880.6216
91,11178.765,13917.378
91,14796.312,4676.502
91,12060.599,3499.052
91,12316.884,8125.3193
91,14633.828,17147.86
91,20000.0,4065.3738
91,7596.8525,5915.435
91,6333.4614,16993.828
91,7743.268,3667.0168
91,4655.5757,13402.185
91,7062.2417,13340.287
91,3873.1636,2332.5095
91,4624.266,5338.8506
91,11107.101,5600.967
91,6051.329,1431.8506
91,12992.997,2363.5027
91,13508.125,4367.3696
91,7827.65,15938.685
91,12071.402,14799.977
91,5739.655,2818.3975
91,4906.807,14251.971
91,15309.75,5393.9795
91,9959.691,11277.563
91,15424.195,2558.9434
91,10885.011,0.0
91,7658.1963,14517.545
91,18102.201,3260.5093
91,3956.0803,5102.708
91,10626.613,3405.133
91,6417.192,13430.442
91,10600.363,14361.216
91,14585.595,15908.233
91,7800.5757,1771.0162
91,11570.576,5590.587
91,10368.699,268.18884
91,3252.8132,4083.755
91,14158.192,11959.002
91,14660.048,5674.3706
91,11364.924,12675.904
91,15897.897,18298.195
91,8410.903,11700.05
91,6109.593,16834.012
91,4124.8296,430.40677
91,6924.1123,14037.426
91,6924.834,6985.981
91,8432.1,16947.71
91,8935.836,14598.765
91,12211.754,4780.544
91,7945.7036,17493.732
91,5169.7393,12656.957
91,11004.533,4885.1025
91,127.25522,5732.874
91,6651.046,13149.538
91,10714.108,14164.627
91,6665.1377,12899.935
91,15278.518,3428.1606
91,15957.304,2630.8381
91,16908.91,4924.2744
91,15053.128,6127.8022
91,11788.406,6140.5107
91,12946.004,14077.143
91,12342.034,6445.13
91,4825.273,13372.985
91,8837.064,7488.157
91,15909.128,3344.877
91,6700.675,6795.652
91,14276.103,15814.668
91,14570.364,5896.555
91,7144.4653,18008.266
91,9160.38,7081.19
91,12269.285,12965.05
91,7143.6445,13542.33
91,16371.506,3161.8586
91,11618.291,7011.8403
91,623.0846,3019.582
91,8215.361,3755.022
91,12607.987,14435.949
91,16010.518,4715.0273
91,11526.014,6549.0737
91,9370.302,13821.792
91,4938.8564,2498.3276
91,3639.5142,16870.408
91,9061.42,2016.9369
91,13321.988,8444.531
91,6734.5347,16388.48
91,3438.9514,3405.7576
91,12219.926,2445.8105
91,17581.87,3655.8513
91,15118.889,1909.4503
91,14468.744,8162.3726
91,11182.979,17220.223
91,12831.577,6886.004
91,9887.749,4469.3926
91,14855.492,13437.526
91,10373.938,16003.35
91,3839.268,2219.92
92,10000.0,10000.0
92,10970.573,3118.9966
92,13412.987,11845.181
92,4413.912,3654.8318
92,13192.946,15969.463
92,13097.146,16212.616
92,2755.9976,5130.9126
92,9742.615,1683.1205
92,4350.985,11001.733
92,13667.306,15007.789
92,7577.0166,13815.161
92,8940.553,14479.231
92,11675.02,13576.665
92,13487.771,2211.3953
92,12384.168,11794.115
92,6896.6694,262.00192
92,14355.484,14828.721
92,7181.4663,11180.029
92,12660.539,13503.829
92,14835.574,3063.904
92,15646.741,5645.923
92,16853.33,3923.7856
92,17164.402,3869.2922
92,3776.7222,2752.967
92,10846.039,14991.974
92,13052.094,6314.705
92,744.94763,23.023195
92,14279.582,14237.857
92,17237.717,3357.4104
92,12153.293,12215.45
92,8850.504,12435.739
92,6603.1,7016.9556
92,17142.291,5974.789
92,2882.6907,7071.8975
92,13290.78,12205.082
92,11030.738,4910.832
92,10305.658,10953.512
92,9355.346,10472.078
92,11305.945,14859.846
92,10159.077,14874.617
92,16800.79,340.40213
92,15481.941,5052.762
92,6931.376,5596.576
92,8702.17,17351.309
92,8249.698,1591.838
92,13401.237,3964.1067
92,13803.769,15887.518
92,8909.605,5631.935
92,11193.597,14961.589
92,14426.389,2749.6248
92,10946.277,6209.7544
92,11836.769,13550.039
92,11263.745,16504.191
92,15902.402,10495.429
92,7393.361,888.86896
92,6039.5396,6496.273
92,9526.689,4580.2764
92,7139.1606,14725.338
92,10003.796,13325.35
92,4477.89,2848.3696
92,16764.135,9547.5625
92,11176.9375,3039.352
92,7201.017,13951.939
92,10520.597,15198.003
92,16358.331,3044.2002
92,8475.757,15162.396
92,5377.1733,7965.773
92,10116.271,13691.767
92,9224.439,7457.823
92,7243.5254,15358.279
92,14039.45,13027.627
92,11614.866,16034.736
92,12109.842,13933.504
92,2344.4563,4692.7524
92,11465.35,17321.531
92,9156.69,10661.55
92,7317.474,15319.506
92,6766.8535,548.95337
92,4714.08,4231.5576
92,4981.8105,4283.114
92,7025.121,9868.434
92,10856.2,13631.65
92,10518.833,2847.6812
92,3509.5786,4702.349
92,6733.8867,4666.9727
92,11371.942,8145.4277
92,10084.504,4457.2466
92,14180.4,18168.732
92,16464.197,4687.079
92,15851.363,5633.9414
92,17408.174,6988.307
92,1685.7922,5600.331
92,8375.978,15163.848
92,7436.8774,13687.779
92,9555.983,16095.89
92,8943.904,11366.261
92,10411.824,11945.478
92,8045.3345,4435.4043
92,8270.352,3140.7678
92,16922.598,3504.9065
92,8818.66,12821.396
92,9601.371,17156.633
92,10347.678,5775.0293
92,11916.276,5553.6504
92,12127.932,4724.1675
92,12926.06,8612.439
92,12119.56,1397.4968
92,13027.181,13613.214
92,17366.81,2944.574
92,7448.852,11798.593
92,11107.16,5791.781
92,9458.665,895.85394
92,8322.842,14689.87
92,8489.103,15293.973
92,5796.154,14701.9375
92,2753.3743,4081.2808
92,8948.771,15245.134
92,13240.695,8133.512
92,916.4832,3678.6162
92,7247.212,16902.13
92,8372.547,14357.497
92,13082.186,15245.467
92,9478.694,13915.555
92,9233.121,9699.139
92,6592.345,10555.265
92,9113.806,10954.005
92,4627.6694,12004.273
92,13118.454,4277.7886
92,16143.731,17044.982
92,10343.318,13468.348
92,9247.465,206.0126
92,7280.422,15553.766
92,14542.816,17339.94
92,7694.357,15071.436
92,8687.441,2694.6868
92,9756.074,6281.0034
92,16888.594,12527.386
92,5259.8716,13716.63
92,6539.759,5069.807
92,9798.946,15865.805
92,6952.422,4688.5015
92,12215.369,15497.344
92,13789.152,9012.656
92,14558.75,5926.427
92,7911.017,10795.056
92,15234.046,2753.4915
92,7153.346,17815.443
92,8547.366,3790.7515
92,10148.679,8502.818
92,5831.143,2153.8977
92,8664.891,17659.861
92,1056.271,6808.5317
92,14976.32,4967.592
92,3706.326,18325.643
92,18250.451,2906.884
92,13221.375,5933.972
92,5042.0156,6932.6553
92,8544.663,1990.9324
92,1078.1041,5341.751
92,4914.0527,3651.5957
92,990.4893,9505.528
92,3917.1123,4952.493
92,11076.651,2811.9126
92,11763.496,17161.291
92,10901.155,14386.224
92,7862.015,12626.237
92,8412.506,5540.97
92,6646.114,1520.8639
92,7001.987,6526.461
92,4542.774,6327.829
92,6356.8013,15135.454
92,4102.3945,4928.525
92,13988.431,3870.571
92,6794.185,8657.248
92,5791.7627,12900.78
92,9629.141,15524.741
92,9180.319,12136.681
92,2849.5388,494.6878
92,10124.38,4530.9683
92,10036.004,4047.6924
92,12109.721,15971.348
92,8806.171,14906.446
92,8780.299,4253.272
92,14279.771,15664.107
92,11745.918,6321.095
92,11319.567,12659.672
92,13974.481,16518.045
92,11052.699,15890.728
92,2971.3984,4744.3564
92,13708.639,12161.612
92,7397.0107,13329.548
92,17142.656,2111.8398
93,10000.0,10000.0
93,8350.751,15208.117
93,14173.197,8424.932
93,13140.129,5096.748
93,9795.258,14832.828
93,7463.286,15158.86
93,13140.338,3980.0903
93,13710.306,5084.312
93,12639.447,3120.787
93,8489.725,12642.879
93,11499.079,12940.68
93,7130.1875,1403.3611
93,9959.459,6744.72
93,17778.248,4143.985
93,9503.403,13234.307
93,7106.812,12610.939
93,9330.051,15183.2
93,9027.708,8153.0103
93,10084.031,3406.2349
93,6807.621,12369.398
93,9502.49,8758.655
93,8411.186,16778.342
93,7275.8745,15782.782
93,6369.382,14804.863
93,11695.457,4578.2275
93,5834.377,8794.228
93,5932.3853,13416.4375
93,13769.424,15577.376
93,10063.521,13429.658
93,8319.624,20000.0
93,13815.565,4958.055
93,10561.818,13421.682
93,13214.454,7491.168
93,13558.954,5535.0093
93,10985.795,17170.762
93,8845.384,17198.355
93,7797.03,4773.845
93,3626.68,7515.4453
93,3098.9846,11854.918
93,11643.298,16439.754
93,8570.168,11891.816
93,19653.805,7175.7812
93,9116.271,11132.078
93,3155.8599,4928.7305
93,7785.1953,10672.1455
93,12211.692,11470.251
93,12651.062,5521.4873
93,5881.4653,2809.7498
93,12746.566,13918.663
93,6464.115,11803.27
93,10314.253,16986.23
93,3282.1807,3679.4575
93,5674.393,17230.28
93,10168.878,13043.381
93,12452.562,4372.7617
93,8324.342,18452.082
93,14414.352,6400.003
93,10233.139,6329.584
93,18509.86,4079.5205
93,10373.412,13676.63
93,7824.078,5840.802
93,13497.933,6735.1465
93,18891.795,2176.4338
93,15760.979,4633.0493
93,10565.79,10935.019
93,8795.574,17844.342
93,11495.794,15811.499
93,12660.841,7501.152
93,15183.255,6473.92
93,11547.598,11515.931
93,11884.231,14275.007
93,12836.151,16385.791
93,15948.311,1596.0837
93,6486.3936,6867.2197
93,12598.144,14913.237
93,4830.55,6296.8677
93,11428.844,18344.895
93,12319.992,12703.387
93,5437.9497,17650.451
93,13837.435,4667.2383
93,424.32672,2768.5908
93,8000.0044,14490.314
93,8971.948,4683.5815
93,6519.2573,13133.571
93,9083.999,13215.921
93,9430.177,19354.195
93,5173.103,6402.0903
93,14954.848,15042.129
93,573.00543,7831.574
93,827.53815,2345.446
93,4358.482,3922.3645
93,13103.954,11474.652
93,11419.578,4553.069
93,1534.5687,16069.462
93,10240.677,8837.686
93,14010.351,2199.114
93,8097.4385,15823.95
93,2668.9316,3526.2793
93,8991.463,14626.843
93,13626.563,15838.606
93,12171.718,15224.208
93,5889.6387,14835.133
93,8457.408,9324.743
93,12607.509,14991.114
93,5205.4604,7323.3267
93,11012.749,7815.063
93,6307.726,15190.828
93,1678.6879,6214.655
93,8420.757,13042.197
93,15264.723,7571.1104
93,15459.412,19596.678
93,12552.9795,12964.694
93,12569.395,15868.517
93,7623.9126,13102.388
93,8155.357,13521.871
93,4023.5518,10058.577
93,4042.7573,6417.2085
93,15435.701,13853.595
93,7555.4307,17598.201
93,11305.4,15694.969
93,4325.2124,2958.6265
93,8172.9263,7872.3833
93,17074.215,5156.2593
93,8222.495,13181.379
93,10989.839,11243.359
93,6094.3926,15681.306
93,5233.3857,2386.526
93,9730.431,13056.799
93,5088.738,4089.8994
93,2323.9797,3770.673
93,8546.862,5933.7783
93,12328.896,12313.716
93,5496.6714,14816.183
93,7614.291,10366.424
93,11578.58,4328.3735
93,6776.5283,3289.0256
93,10266.895,7376.707
93,15462.178,2531.7297
93,7537.662,5108.5913
93,8710.533,15524.273
93,9595.082,8824.13
93,15566.743,4408.1123
93,4208.473,8836.586
93,4877.107,11390.866
93,18251.658,4065.7568
93,9747.476,7856.765
93,5123.963,5180.3135
93,7102.0454,3487.7432
93,7850.709,2568.399
93,8949.708,4493.8223
93,13525.26,7968.396
93,15442.021,15965.796
93,15221.598,6482.901
93,3160.9678,7917.561
93,13796.989,3950.4792
93,14257.547,16122.614
93,5035.521,2467.811
93,9048.711,14364.523
93,13717.515,8847.271
93,11414.095,13797.275
93,10354.575,14403.583
93,11305.308,13441.55
93,15278.51,17190.09
93,5762.739,4909.1553
93,12092.417,14713.492
93,7130.833,11965.667
93,10007.884,11758.182
93,8798.99,17230.246
93,17078.479,13090.404
93,8589.088,9759.397
93,4206.0854,166.38951
93,12079.098,4578.0186
93,10135.788,2903.6897
93,5644.2344,14448.791
93,4277.78,8919.87
93,5679.3237,14582.529
93,14033.009,9380.957
93,8208.171,17439.533
93,12094.783,6071.6157
93,7448.0186,15001.912
93,6027.454,4629.36
93,10580.1875,17222.936
93,12654.976,1381.0563
93,17361.004,5973.5093
93,12648.146,16447.273
93,4684.301,1031.7933
93,10721.874,256.39703
93,10071.412,16421.67
93,8325.974,17102.861
93,17825.945,7059.137
93,19157.586,4843.6807
93,10318.467,13068.883
93,13516.89,3435.1978
93,17998.191,5619.5503
93,3859.9578,1424.783
93,7962.846,15114.213
93,11782.382,7647.6045
93,9130.486,5870.7925
93,10579.313,14095.74
93,8774.718,14093.107
93,10887.852,6179.9697
93,13412.828,10695.596
93,9890.854,12852.956
93,7817.556,11131.516
94,10000.0,10000.0
94,12497.975,14343.878
94,11568.353,15712.038
94,7793.3086,14803.97
94,8250.788,18287.932
94,11755.089,15003.974
94,6265.0327,12789.17
94,11808.901,4794.486
94,15718.724,14446.436
94,10794.511,4292.017
94,14224.477,19767.443
94,7468.619,13646.255
94,11956.283,2167.1738
94,14633.901,6116.397
94,2888.3496,16064.388
94,8341.266,15907.766
94,3644.3127,3711.1445
94,8821.293,14679.136
94,5111.3784,2485.115
94,10896.13,12535.655
94,14613.381,5581.682
94,9593.925,15885.358
94,12036.387,14475.134
94,16099.748,5767.168
94,7766.8345,4672.116
94,18530.34,6159.837
94,13742.044,14760.678
94,1212.0017,10188.816
94,9181.03,12180.296
94,2031.7544,9646.667
94,10205.944,15591.599
94,16531.998,5725.331
94,11879.29,6021.264
94,9652.626,5096.2603
94,0.0,7299.3384
94,4801.7095,16569.07
94,15636.677,14612.759
94,14013.414,3516.7622
94,11569.276,16424.354
94,11756.495,16407.06
94,12077.21,15469.135
94,15068.207,4343.4946
94,8826.516,13548.411
94,10666.185,6728.536
94,15711.074,3775.2815
94,17618.91,7384.958
94,10528.012,5599.0513
94,8830.63,17802.488
94,12354.586,14166.994
94,12755.858,17792.123
94,5679.6255,13617.21
94,10760.981,6956.936
94,15949.025,0.0
94,15003.428,16262.38
94,10039.129,4184.863
94,8414.109,18065.324
94,12553.873,4001.0264
94,5654.0923,2460.716
94,3823.423,5514.6255
94,7573.336,17384.773
94,11924.502,4577.8164
94,11183.8,13151.174
94,7621.0234,10791.33
94,10450.741,12228.454
94,6091.192,5145.9927
94,8073.743,595.51825
94,13060.727,7146.4155
94,9437.756,1658.1917
94,11165.808,6306.5977
94,1710.7007,2945.317
94,8025.392,6843.146
94,12660.206,11077.701
94,2469.4014,11656.877
94,8216.858,15991.804
94,10510.295,8263.947
94,8975.689,3063.701
94,4814.2207,9361.426
94,15814.324,10549.061
94,19715.215,1625.9404
94,6572.782,2873.2117
94,8463.264,6569.311
94,11574.914,12088.761
94,13528.147,15006.974
94,12246.088,15795.069
94,13644.86,16290.733
94,10740.957,2712.8503
94,13789.007,15382.24
94,13057.688,12475.931
94,6004.5337,16017.79
94,11186.936,13473.278
94,6361.659,14284.412
94,8167.1,2336.4973
94,7305.3804,5101.0283
94,14960.827,15210.04
94,8794.01,14057.794
94,2376.4998,4280.756
94,18699.062,8192.083
94,5737.7993,3626.5032
94,11156.4375,10096.035
94,4733.555,14905.119
94,9159.784,1261.0328
94,16875.854,15026.894
94,9777.342,6406.7563
94,13249.577,15320.142
94,7965.578,2134.9502
94,15670.75,3859.608
94,13067.067,14581.59
94,12427.675,5853.118
94,2741.3647,4383.0156
94,12766.282,2119.0652
94,3066.263,3846.0127
94,9934.305,5902.9316
94,14921.74,6282.979
94,16257.794,3869.6975
94,8234.766,4425.62
94,5620.2334,3471.849
94,7919.7017,18169.91
94,17129.123,15285.633
94,9560.603,3928.4238
94,13948.196,13957.306
94,7866.419,15595.805
94,11519.985,4844.866
94,13506.518,17195.822
94,10930.858,14490.829
94,8225.2,12277.937
94,11871.176,19602.34
94,10458.374,5071.2383
94,8416.59,17068.23
94,11433.025,5520.479
94,11690.793,13280.829
94,13039.354,12773.11
94,12087.945,7823.9097
94,11568.516,13194.418
94,17836.555,5962.3223
94,11170.95,16906.65
94,9161.439,12494.368
94,17596.229,1784.7618
94,8335.979,16700.408
94,14491.689,16375.84
94,7324.1553,17825.93
94,2185.608,2454.2742
94,10398.539,11959.406
94,7779.426,2622.8909
94,11642.18,4231.8115
94,6355.4536,2099.9294
94,18171.111,4871.065
94,8980.887,15392.039
94,4576.9307,7296.033
94,8097.45,4602.398
94,4823.255,2366.2822
94,11224.2295,5947.2305
94,9491.957,3624.4995
94,14056.678,4547.1167
94,7694.8867,18214.607
94,13555.246,4323.997
94,15152.334,5248.855
94,9112.662,16617.88
94,14555.1,6169.1587
94,9581.941,17098.64
94,20000.0,4219.0547
94,9396.082,14655.439
94,12965.777,14745.689
94,3259.231,3467.0781
94,12033.267,12820.994
94,13513.002,3387.09
94,9151.745,12244.467
95,10000.0,10000.0
95,9221.966,640.37103
95,6148.757,14475.124
95,6857.1504,11946.198
95,12983.868,4173.549
95,10884.459,16009.728
95,6894.891,17707.832
95,10281.854,15749.938
95,10561.6875,17382.31
95,8039.0884,7451.8726
95,10828.745,16906.24
95,6398.3843,13818.288
95,9376.714,18792.643
95,6552.049,10004.2705
95,4493.3477,5894.0396
95,4840.5215,8173.933
95,11516.351,4944.6357
95,8194.628,5393.1196
95,13070.387,12745.996
95,8825.804,13670.188
95,12327.864,13817.293
95,6349.99,4845.106
95,12380.535,4872.1885
95,1677.3198,4755.2827
95,15871.358,3309.8281
95,10354.424,15614.407
95,12306.607,12080.574
95,8917.836,6314.997
95,52.608887,14741.705
95,8086.6255,14017.652
95,16471.05,9528.178
95,11091.232,9180.526
95,6878.541,13847.133
95,17474.365,2575.5823
95,11391.714,14308.216
95,7893.8447,14296.241
95,2721.955,1866.0132
95,5359.9243,13628.153
95,7673.926,3892.9116
95,11006.729,16457.027
95,11466.315,13825.317
95,4089.02,8512.321
95,8034.3745,13606.271
95,5757.4834,6504.109
95,10504.639,5294.0103
95,16391.596,2967.5515
95,5209.884,1694.0845
95,17748.887,9158.307
95,12806.524,10578.319
95,6678.4014,0.0
95,15213.491,5165.7915
95,13282.131,14392.033
95,13674.477,11220.073
95,12452.666,3684.5764
95,6091.175,4731.594
95,12754.357,5971.669
95,13245.74,3844.655
95,13512.812,14906.353
95,9758.794,16147.33
95,14300.385,16678.664
95,8193.401,1973.8932
95,16766.062,6919.239
95,4054.5962,5029.563
95,5612.423,15572.575
95,10538.908,12323.442
95,14133.407,7222.8447
95,15763.36,12521.114
95,10230.995,15452.345
95,10662.274,13997.3125
95,6778.1875,10516.111
95,9377.44,15494.682
95,6945.101,6451.4443
95,6520.391,16216.5625
95,6107.577,0.0
95,11874.908,3623.7
95,14714.462,12581.371
95,17978.686,8665.825
95,8478.82,4238.347
95,5871.756,15282.469
95,11827.346,3690.1863
95,11087.075,9359.897
95,10270.838,3100.9807
95,4724.8545,5851.232
95,9832.349,12001.572
95,7906.1743,17699.275
95,5034.41,15475.205
95,15358.928,5160.576
95,17220.77,4883.1074
95,11654.521,15148.604
95,11995.221,7938.913
95,10052.933,2438.0132
95,9505.837,17589.182
95,10178.203,16057.812
95,8352.065,15536.224
95,5087.5605,6337.439
95,10278.164,13918.276
95,6002.6367,14766.555
95,4868.9253,1827.9631
95,13346.757,14738.432
95,16378.9795,4286.724
95,5873.248,4617.8
95,9217.829,5798.0254
95,11795.784,19476.703
95,9212.601,3967.448
95,3384.4985,5616.4927
95,15881.804,11704.417
95,3502.014,6350.7314
95,11921.399,16296.39
95,0.0,4692.1143
95,16096.493,7927.8115
95,7996.896,19756.557
95,6626.2896,14273.823
95,3338.856,5147.603
95,13092.161,16862.916
95,13360.198,16841.7
95,16145.252,592.82635
95,13848.218,15577.935
95,15655.49,5012.9863
95,15989.645,5479.186
95,11811.701,10250.562
95,9476.946,8261.736
95,7128.415,14751.352
95,10201.713,7641.866
95,10811.386,15424.019
95,15373.075,7463.4126
95,12920.155,17263.518
95,6478.7334,15724.439
95,9966.373,16305.699
95,12620.219,15148.436
95,17310.03,5821.309
95,10421.68,6954.7173
95,5940.27,16669.846
95,16607.621,3039.5674
95,10025.013,13515.848
95,9058.39,2420.5815
95,11380.787,12500.822
95,13399.986,16063.592
95,10939.106,15694.311
95,10232.896,14319.892
95,10430.725,11786.802
95,6650.4624,18449.523
95,16603.268,4445.192
95,12449.457,13099.131
95,8312.659,1547.4254
95,8122.6,13765.916
95,6370.681,5988.26
95,15711.45,18004.773
95,7046.748,14801.992
95,9448.191,1556.7551
95,18437.227,11823.041
95,9147.087,15659.631
95,9188.032,15087.68
95,17044.355,7658.8276
95,15322.906,13908.725
95,15564.062,3739.6938
95,10339.977,4156.2256
95,7101.872,696.5
95,3400.3787,5017.3496
95,15384.123,5364.664
95,8492.754,8932.012
95,12193.366,13004.168
95,14374.326,7642.35
95,13813.856,8284.396
95,7347.7485,16612.377
95,9197.306,14519.586
95,13311.064,12513.077
95,10738.527,2488.3083
95,6526.6353,12527.526
95,11327.771,17978.13
95,15465.138,4271.262
95,11379.799,6739.501
95,7836.6274,3249.6775
95,4319.1006,4195.503
95,15701.8125,2651.943
95,7050.046,16972.316
95,8686.611,1954.904
95,6781.9546,4006.3464
95,2247.0908,4193.7427
95,14947.487,491.77216
95,18720.652,5917.717
95,7124.34,7923.4824
95,14119.221,15468.678
95,9408.882,4004.0242
95,14981.589,17155.693
95,12623.779,12975.28
95,11216.295,11227.969
95,7530.56,16662.469
95,9691.516,15672.165
95,8832.48,17004.633
95,13773.658,15356.974
95,14650.249,13650.799
95,8940.498,0.0
95,11025.042,13138.123
95,8690.254,14415.376
95,9307.057,11048.585
95,12532.768,5035.4062
96,10000.0,10000.0
96,5706.1577,4146.339
96,10843.737,16328.045
96,6815.2646,4970.4165
96,2455.3296,2187.7424
96,12630.072,17398.332
96,7480.7964,16016.917
96,8507.34,4099.7153
96,10975.24,13984.0205
96,9205.547,16348.874
96,13008.989,16551.123
96,9823.169,3004.167
96,13489.89,15265.116
96,8956.046,17862.682
96,11443.867,15736.685
96,16375.535,6046.091
96,15610.052,292.58612
96,1717.8312,13984.138
96,4977.151,4681.7065
96,3412.9065,4452.9033
96,6599.131,12404.706
96,13074.469,15488.693
96,12346.513,14291.917
96,17714.377,5290.687
96,8412.104,19505.355
96,17401.25,3264.515
96,12300.05,16582.14
96,6639.9478,8017.7915
96,2294.1829,5712.771
96,7040.7095,6974.308
96,7650.3857,16134.431
96,9680.049,12495.806
96,7908.6016,17565.592
96,13940.193,15835.744
96,13669.595,5418.585
96,11888.64,7103.4062
96,6789.6367,12745.203
96,615.3601,4703.427
96,14253.575,13866.702
96,13344.184,15116.898
96,15036.021,4248.104
96,12273.559,15083.226
96,14733.936,2742.7024
96,19216.783,6796.733
96,11786.009,20000.0
96,11151.054,12841.557
96,18528.979,7308.479
96,7589.621,3851.6895
96,6248.084,17590.486
96,10582.846,1360.2612
96,13962.057,6361.3525
96,11217.607,4098.9683
96,12904.757,1260.0128
96,12325.647,15599.29
96,9435.886,3118.72
96,13123.136,18152.633
96,8914.004,6201.1997
96,7545.195,18100.17
96,12815.484,6170.6035
96,10995.273,11119.184
96,3951.1555,2314.121
96,9880.48,13491.605
96,17390.797,6422.6445
96,5579.9106,14074.981
96,11249.676,14563.533
96,11395.477,13081.346
96,11627.436,5060.951
96,6613.089,7228.227
96,7900.9326,5941.325
96,1193.4551,4515.081
96,10341.485,2549.5642
96,4837.334,3407.5212
96,9263.933,509.59024
96,2765.854,7616.5405
96,10333.688,8288.764
96,16414.152,4553.8813
96,6505.549,5994.948
96,9819.864,6506.8945
96,9035.842,15686.041
96,6483.1045,3082.078
96,7129.517,14575.277
96,4414.0117,6851.56
96,10878.641,15473.061
96,963.7558,14155.376
96,12689.567,4919.2935
96,8345.251,13490.683
96,4972.1265,11662.907
96,9888.758,16405.52
96,6972.8706,13594.476
96,11997.906,15621.911
96,12819.022,6052.327
96,10595.865,15270.592
96,11521.092,5669.4985
96,13346.392,12488.409
96,9878.814,19533.762
96,15036.138,1666.6345
96,9575.545,12079.404
96,15696.3,1326.0659
96,3096.3164,13727.451
96,8330.247,0.0
96,6259.8833,18027.861
96,5448.9907,62.23896
96,5133.668,3633.1838
96,10435.121,16321.46
96,3176.652,2553.2585
96,13437.911,12235.576
96,12732.572,1330.7495
96,8976.81,2857.002
96,8421.444,13238.524
96,7723.6895,17870.117
96,9110.699,7358.327
96,9210.99,12091.991
96,7094.511,16468.549
96,8289.542,3717.8936
96,10713.745,11456.013
96,13890.247,7882.136
96,13271.683,14414.546
96,14117.574,17591.98
96,9458.24,2389.4373
96,5538.3267,15928.0205
96,5367.0176,16314.689
96,12081.863,4263.7295
96,15966.699,5174.927
96,4942.672,16005.125
96,13025.86,15012.544
96,6474.851,15489.34
96,13011.139,14612.741
96,7920.9766,6378.5815
96,10158.337,19874.328
96,5635.8936,5667.9546
96,8101.632,19894.428
96,12039.645,4137.3086
96,8762.325,14845.406
96,8122.8516,13602.342
96,9744.983,14605.065
96,4781.56,15652.018
96,8318.834,4234.2217
96,11589.036,11423.043
96,4910.4272,14846.684
96,9399.887,14015.471
96,14566.997,2618.2605
96,8756.968,15810.371
96,15217.6,5917.453
96,11071.647,19115.154
96,7761.809,4701.7847
96,7150.947,4050.0828
96,9911.6875,15923.477
96,5012.3115,6300.8774
96,10937.84,3520.692
96,11780.11,2628.0442
96,4492.015,4041.7239
96,9577.898,14965.083
96,9867.988,16787.014
96,10353.272,12063.94
96,13370.724,5233.179
96,7574.5586,14154.105
96,11287.509,17389.764
96,6123.9478,13014.19
96,13187.674,20000.0
96,14167.93,14556.84
96,15117.898,6997.499
96,9628.937,17022.955
96,16294.647,5921.6675
96,14541.113,12587.3545
96,4948.742,1053.8905
96,4568.855,17220.205
96,10651.73,12284.056
96,18128.285,4155.0786
96,17668.33,4921.8813
96,11411.596,14604.358
96,9027.022,7340.3667
96,5789.6025,4632.0728
96,7155.197,16299.433
96,5359.34,17451.076
96,14784.783,3967.5632
96,10295.788,1527.2834
96,3818.7732,5939.0503
96,10488.836,16853.283
96,9222.812,18456.557
96,14263.071,14384.659
96,17242.71,4793.3345
96,7035.2285,18066.078
96,10013.302,15180.134
96,7235.3315,8160.611
96,13133.394,13858.353
96,8481.562,16569.41
96,15662.593,10628.838
96,12423.613,4027.625
96,15935.923,4976.743
96,10621.62,6347.6836
96,5039.5684,3589.6118
96,5883.253,13129.441
96,6613.0464,3271.456
96,16870.506,5589.6147
96,12879.967,10600.474
96,12707.668,264.0137
96,7379.1904,9741.664
96,7587.6533,7218.5205
96,9275.674,16998.236
97,10000.0,10000.0
97,10493.0,15091.06
97,11081.599,7320.253
97,13675.131,15384.644
97,10197.922,12313.07
97,5071.6016,11420.263
97,5505.3994,4353.2876
97,9807.851,13859.461
97,4822.681,4223.471
97,13367.466,18172.475
97,5807.8853,4019.9185
97,6820.8853,18902.178
97,13348.704,15563.993
97,13275.289,2471.4167
97,9473.906,2273.6238
97,12010.055,10139.587
97,4238.466,13800.306
97,10766.46,11705.894
97,9244.275,3028.1243
97,12316.815,14090.882
97,2024.8142,5475.5405
97,4805.6533,16812.021
97,19949.332,3780.9644
97,17537.465,1322.2585
97,4189.632,9858.291
97,9384.234,16086.897
97,10197.1045,12957.581
97,1559.8083,7674.785
97,7130.725,5677.3403
97,15428.41,6099.96
97,13654.047,7128.6587
97,13843.469,4292.7627
97,8004.6587,15248.582
97,10919.993,5615.1885
97,11302.978,13542.732
97,13424.181,14329.317
97,2334.5269,6554.7524
97,6626.131,5817.3184
97,9457.948,7553.274
97,12467.976,15879.009
97,14908.968,2398.9783
97,16236.6875,2184.2969
97,12507.56,0.0
97,9352.143,13619.171
97,4395.3115,6992.5796
97,12179.503,13051.371
97,14426.272,5976.081
97,9144.3125,449.51218
97,10100.6455,6245.292
97,11372.471,17048.082
97,12485.412,15267.097
97,11634.229,4223.3257
97,12857.999,3955.051
97,14797.642,15613.849
97,6124.882,2273.7234
97,11729.473,17125.654
97,2398.0642,4332.4536
97,7808.7603,15553.517
97,11023.294,12896.36
97,6795.3604,15747.192
97,5612.219,3998.859
97,11914.502,15305.042
97,9854.663,14990.964
97,10711.026,7343.567
97,16573.217,7711.951
97,8575.887,17556.033
97,8354.2295,8361.657
97,8448.626,13386.713
97,9549.534,7828.56
97,14893.122,8248.716
97,11253.605,16653.25
97,12507.052,2944.617
97,7198.8384,1033.1187
97,7274.9185,13378.54
97,15019.669,7857.787
97,3681.101,12784.743
97,9202.808,14725.727
97,8595.118,14957.214
97,8822.561,15555.301
97,12818.608,4225.5903
97,7115.7603,16032.765
97,14605.6875,14939.277
97,8842.844,14778.445
97,11218.694,12926.168
97,9280.199,13361.927
97,2970.37,3887.8704
97,9318.043,17186.662
97,7860.7524,16908.168
97,9450.971,12849.291
97,15475.799,574.0526
97,16322.908,13406.005
97,4740.6665,1683.3932
97,12778.971,9309.693
97,14449.941,16633.863
97,11233.017,11485.315
97,16081.265,4854.8975
97,6490.449,5860.924
97,11026.3955,16124.842
97,11216.636,16485.975
97,10445.48,12813.914
97,6813.7954,16663.422
97,5321.136,4016.2065
97,8433.174,16539.062
97,11507.445,5981.694
97,9122.845,2102.9878
97,11599.556,13975.445
97,3640.1392,4024.7974
97,10617.943,4429.7324
97,11773.479,11986.408
97,11945.956,13542.561
97,3713.9485,3192.8186
97,6390.4863,12905.242
97,14361.342,15582.093
97,3181.0308,5004.374
97,10977.008,17174.312
97,13393.56,19677.285
97,7087.674,14122.213
97,13636.97,7023.9243
97,12097.22,7038.8677
97,16025.665,1826.1731
97,8465.39,11769.226
97,7957.3525,16034.678
97,15031.552,11416.656
97,7320.913,5294.4346
97,17389.725,361.13892
97,11671.493,2210.531
97,15491.276,5626.568
97,8353.587,7642.613
97,10142.439,13375.25
97,13632.447,16527.74
97,10902.691,16685.682
97,5423.954,6200.35
97,6634.7695,15015.189
97,10108.792,17828.748
97,12697.616,12574.621
97,9013.593,12738.345
97,6334.2056,7236.7886
97,1917.4618,5254.845
97,11377.546,13835.823
97,7320.501,11849.743
97,5633.3657,4415.9165
97,12248.39,1587.3698
97,7997.8633,13820.667
97,9669.15,13718.03
97,8950.5205,17476.807
97,12411.909,1922.5219
97,5678.189,17361.24
97,14587.8545,7946.6895
97,10769.36,3874.0024
97,5518.779,4682.4175
97,16919.076,14378.612
97,6067.516,3945.9744
97,5742.63,1765.6542
97,4699.22,2819.4421
97,11240.493,10988.092
97,11997.89,6811.324
97,8840.727,5655.7236
97,15612.538,13750.248
97,13845.906,3998.9412
97,7385.755,15550.404
97,6720.939,14323.536
97,7837.255,12111.987
97,3249.0762,4029.812
97,8543.92,19280.135
97,10118.79,3472.198
97,9519.322,11480.329
97,11186.067,7653.929
97,9816.315,1650.6426
97,7066.4443,7966.3115
97,876.4942,5853.177
97,13633.317,6133.3667
97,7146.085,8576.839
97,12126.918,10796.457
97,20000.0,6629.3457
97,6109.201,8550.538
97,14541.969,4772.893
97,13012.913,6804.456
97,9044.999,1897.1732
97,7768.4297,11538.712
97,11446.96,12742.631
97,15376.439,3810.3481
97,12969.162,18286.611
97,8530.126,7879.8506
97,8476.99,4644.605
97,20000.0,5790.471
97,7676.389,13851.651
97,5724.6206,6130.4053
97,9277.51,13396.502
97,2134.2727,3094.4578
97,12748.715,1420.3025
97,10142.953,11278.128
97,11420.358,4826.1494
97,2794.302,4749.0454
97,13760.273,4232.0425
97,12063.481,13228.878
97,6186.266,13817.598
97,9640.481,14450.67
97,6693.0957,13640.25
97,8077.2407,5585.2246
97,11587.064,18958.94
97,10123.657,13144.129
97,6154.6997,5637.0747
97,13520.989,15878.409
97,10256.51,13978.761
97,407.53098,5654.764
97,3296.62,3325.0017
97,6719.1816,12500.284
98,10000.0,10000.0
98,7592.4727,5966.515
98,6526.5757,10305.326
98,10830.778,7219.964
98,7896.2334,5220.3364
98,10771.447,6445.9917
98,17543.324,5032.117
98,5497.8735,13937.446
98,7351.6025,15333.629
98,7625.574,17259.324
98,11914.574,4382.487
98,7824.2344,13868.813
98,11640.243,12227.029
98,7348.2754,11863.817
98,2087.188,4068.6494
98,6181.4307,4323.068
98,5186.8755,4428.718
98,9681.589,16422.34
98,517.6784,5929.7456
98,11289.005,13535.686
98,10891.234,7377.9985
98,10783.401,7609.086
98,5638.938,10796.148
98,10376.276,15375.474
98,11142.377,14391.312
98,13569.68,0.0
98,10784.63,11863.799
98,8828.671,15550.784
98,12900.814,13690.585
98,11883.614,11527.774
98,9759.044,13240.675
98,9213.196,3234.7227
98,10786.966,15534.803
98,7465.3843,12111.141
98,12394.437,9792.325
98,19282.604,6681.4497
98,8475.336,4945.8735
98,14515.417,6118.1064
98,9846.632,12258.117
98,11149.508,16156.665
98,8279.554,4677.0234
98,13207.509,5500.0996
98,8471.4795,14958.761
98,5407.113,14537.608
98,3132.6118,4534.56
98,4821.739,2866.5603
98,12117.533,14702.639
98,15560.56,3587.725
98,8232.84,3257.638
98,7764.3154,13411.227
98,14290.669,19532.318
98,11157.212,17149.941
98,8906.806,6257.9585
98,18493.771,5428.873
98,5432.2783,12743.069
98,9155.493,5350.8706
98,9355.722,14438.8955
98,13768.585,3705.0146
98,9113.457,16079.155
98,5631.12,4997.92
98,9394.216,14345.93
98,6129.2974,14097.739
98,10078.391,14382.555
98,12686.735,16388.049
98,8672.562,2679.7627
98,3738.231,7708.512
98,7630.028,3588.993
98,14249.196,16171.816
98,6717.872,15408.14
98,1732.9342,5743.4736
98,6263.375,13467.189
98,5409.356,4999.2495
98,15444.272,5638.38
98,11443.765,7310.6157
98,13738.485,13275.577
98,5865.0947,15579.259
98,10017.778,14239.406
98,8737.996,16054.539
98,13965.952,13699.65
98,10951.302,16915.379
98,10829.339,10732.792
98,7678.6763,14945.97
98,10281.896,15652.651
98,7053.998,7186.971
98,11306.886,17069.184
98,11339.112,15215.737
98,5345.1914,3907.87
98,4669.894,12585.168
98,16037.202,5497.257
98,13134.345,13175.098
98,18256.96,5012.852
98,10302.727,5071.6074
98,7764.7603,12379.893
98,9518.099,16272.989
98,15098.384,8697.441
98,15189.512,16303.932
98,7451.5273,18287.023
98,7147.483,14832.728
98,12027.703,19624.617
98,7360.542,2935.9858
98,8183.141,13673.016
98,12819.436,14881.222
98,9145.439,15636.815
98,10693.125,13420.932
98,17906.582,6791.5327
98,11166.645,4320.3433
98,5974.175,13812.895
98,4694.794,4953.9707
98,10367.039,13685.018
98,7949.025,0.0
98,6706.879,5537.4023
98,14308.609,7201.544
98,8611.533,14749.195
98,9624.286,3469.4136
98,12549.303,14174.047
98,6379.4614,0.0
98,10192.979,5103.8467
98,8352.226,16592.756
98,17577.324,5621.45
98,10410.701,9915.482
98,4324.334,16051.121
98,11054.418,9751.717
98,14298.854,2377.3865
98,11349.458,16703.82
98,9993.766,5813.017
98,12083.339,14185.934
98,12282.26,5537.9976
98,6553.236,13972.533
98,8133.4185,11332.934
98,6460.152,14101.377
98,10900.98,12573.128
98,12825.618,14124.726
98,9095.032,3262.5786
98,17562.227,16306.062
98,13917.143,7148.9316
98,10205.113,8146.4263
98,13802.948,14003.736
98,11713.489,3786.7668
98,17481.918,3228.4758
98,8632.028,4717.3403
98,7529.914,18677.87
98,16615.545,9558.468
98,9399.014,4200.275
98,7064.597,12945.953
98,13115.525,6264.4106
98,10327.879,13609.72
98,10977.451,15379.885
98,17119.443,5427.778
98,9397.195,13984.106
98,11249.183,18467.084
98,10641.481,16290.888
98,6776.7646,18798.707
98,18415.17,3105.122
98,7462.616,13800.397
98,10894.988,9009.248
98,10635.067,14782.189
98,5973.116,5113.1284
98,13456.234,7341.984
98,10579.406,8404.124
98,7346.3433,2645.0735
98,20000.0,5668.096
98,6787.0864,3997.6326
98,4050.4053,8564.425
98,11732.799,5938.885
98,5918.499,4765.4883
98,10108.041,18249.258
98,11602.062,4238.121
98,3796.3047,13881.866
98,3388.23,4030.3445
98,16711.945,10849.591
98,17463.719,5784.0186
98,14487.017,12336.294
98,15614.652,4404.1055
98,10496.044,15269.666
98,10119.188,6494.424
98,4617.693,5927.7363
98,9013.764,16850.883
98,18747.848,5968.106
98,12782.325,14021.443
98,2158.8784,7495.1797
98,12461.848,16475.434
98,10527.452,11551.933
98,14052.918,1941.6552
98,4263.1772,18446.94
99,10000.0,10000.0
99,14704.359,13821.33
99,3235.3562,2932.699
99,11842.447,13052.428
99,12090.16,12792.818
99,12627.223,14959.298
99,8492.123,16420.215
99,16148.047,689.39954
99,12507.714,14710.383
99,16303.578,5185.2915
99,13575.134,15837.433
99,379.4335,2115.5396
99,9093.862,15212.525
99,9770.605,4182.7354
99,2610.7888,2931.2505
99,1865.423,2765.203
99,7582.3955,17041.611
99,9269.232,6534.1
99,10604.906,16418.172
99,9442.567,5142.0845
99,11635.533,12951.7295
99,20000.0,5194.344
99,8434.051,17062.768
99,5866.6846,9079.5625
99,5185.671,14250.738
99,17604.398,3320.835
99,13399.683,1481.3667
99,8142.7686,16724.889
99,9112.0205,16198.047
99,11938.507,14948.69
99,11877.7705,6517.7246
99,6067.4116,5345.69
99,16377.251,4037.9019
99,12377.213,15286.392
99,14832.062,4566.6523
99,7745.938,14754.412
99,9130.477,4375.2363
99,12517.287,15342.612
99,10128.125,10524.988
99,0.0,8585.366
99,6932.7305,10975.437
99,5656.4194,5700.648
99,4477.279,5617.9375
99,8942.552,13539.804
99,1092.8677,7674.5127
99,12601.124,3294.0513
99,12780.309,10415.938
99,9398.467,13412.353
99,5850.411,15153.597
99,7843.2324,7885.3022
99,7509.0864,15724.117
99,10257.214,17207.613
99,11337.077,2801.3745
99,12177.596,13934.792
99,8539.955,11928.261
99,7217.971,0.0
99,10242.786,8376.462
99,16970.412,2243.908
99,7093.0703,13154.352
99,11099.004,13676.218
99,4054.205,2286.733
99,15965.771,5448.798
99,11034.135,5409.829
99,6209.331,5372.9995
99,17085.893,8226.99
99,4111.7812,397.70557
99,11239.81,12986.943
99,13202.605,5470.1206
99,17989.227,4895.2065
99,13546.121,11172.585
99,3065.4944,3710.603
99,12851.291,14140.852
99,8202.802,330.8715
99,7546.644,14420.493
99,17659.361,3776.3894
99,5374.6997,4611.754
99,6557.889,1879.4907
99,12008.717,14661.354
99,13031.724,13984.13
99,8876.863,5400.383
99,8447.706,3363.3906
99,12080.216,13677.362
99,12305.276,15902.96
99,9546.513,14533.894
99,13064.711,14813.477
99,6582.223,12328.384
99,9093.52,14005.039
99,18376.936,6878.129
99,11588.546,15577.178
99,7230.2964,7753.0815
99,6715.839,7626.5215
99,4325.492,3200.7085
99,11431.169,12866.726
99,3571.784,3802.4634
99,10865.323,14348.377
99,7275.3833,14735.281
99,8642.992,13397.9375
99,9534.308,15274.676
99,8059.4863,4322.4766
99,11128.69,12453.062
99,12392.235,15887.872
99,12870.984,13783.433
99,13059.484,15954.147
99,6960.6885,4031.1584
99,7694.4917,8118.5005
99,5642.3145,1276.1963
99,2637.043,2168.6458
99,7653.3867,6324.6733
99,13408.726,12929.985
99,7273.4126,12721.554
99,18343.584,11207.348
99,0.0,0.0
99,15767.471,18095.781
99,11100.759,14966.013
99,9094.076,5385.9053
99,9499.523,12041.766
99,8681.727,15919.81
99,13998.116,12618.595
99,14463.362,15389.387
99,15748.979,5976.2793
99,2594.369,1300.8359
99,6694.2,2635.421
99,14883.187,7373.133
99,6113.04,4923.235
99,13570.456,6924.991
99,10926.567,12570.692
99,11134.874,13485.387
99,9708.956,15060.967
99,1565.0713,2114.7773
99,13920.608,1568.1884
99,7335.8535,4545.637
99,4262.691,4371.964
99,16171.862,2505.9216
99,6863.6387,15462.838
99,6515.1475,6215.608
99,414.14972,5433.0854
99,4739.357,3777.19
99,8501.04,13627.702
99,8204.338,13829.906
99,7236.66,12901.911
99,13353.583,3380.229
99,10578.129,3285.1199
99,10964.583,3423.7036
99,11617.752,11520.054
99,6093.7563,16329.346
99,5867.31,14867.959
99,10212.582,2749.556
99,7695.9346,5268.5513
99,2273.854,5453.551
99,6075.4663,14635.643
99,4356.0024,13240.317
99,4931.553,17019.152
99,10973.722,5123.5815
99,14497.715,14160.383
99,8710.458,13681.081
99,16398.525,6743.219
99,8822.374,19262.912
99,6304.2056,16306.378
99,10067.641,14048.1045
99,12248.527,16980.46
99,13362.231,15134.278
99,11445.517,15174.536
99,15280.501,12861.802
99,2268.6863,5777.4697
99,8701.17,15894.901
99,14044.794,12047.714
99,13937.599,16635.234
99,10492.086,9137.357
99,15819.61,6571.0337
99,12017.262,5605.059
99,12617.072,12114.395
99,17103.041,15491.389
99,16654.3,12802.477
99,7279.7456,14552.877
99,18178.979,999.1089
99,4837.043,4908.337
99,6582.118,15356.959
99,7056.435,16210.949
99,10132.7295,17635.387
99,9208.09,14140.497
99,16467.61,3824.8787
99,14528.199,4839.9214
99,10116.744,18437.393
99,2178.2754,7438.483
99,6059.219,2288.5374
99,13823.774,11634.551
99,13250.875,11944.045
99,12189.953,15363.687
99,4072.879,9491.429
99,10625.439,12772.431
99,12907.483,6444.1245
99,11930.13,13578.639
99,2124.9287,15971.621
99,14254.179,6074.5737
99,9483.553,15806.231
99,11748.82,6270.0464
99,9028.763,18358.688
99,12489.056,3830.3833
99,9568.128,13486.009
99,11617.641,6642.6504
99,7835.547,12422.702
99,2732.5134,3288.215
99,12373.465,14334.196
99,8160.8433,3972.6953
99,3191.9412,3494.7346
99,5903.2666,6804.8457
99,9513.883,15963.803
99,6533.3003,15020.318
99,18403.87,2292.8667
99,16460.598,13863.523
99,7363.0938,4717.729
