replica,ready_times
0,32400
0,31606
0,32548
0,31780
0,33003
0,32123
0,33839
0,33861
0,34215
0,34327
0,33457
0,34737
0,33881
0,34064
0,34976
0,35321
0,35442
0,36089
0,36420
0,36700
0,36839
0,37747
0,37824
0,37176
0,38252
0,38311
0,37452
0,38524
0,37734
0,38739
0,39467
0,40032
0,40125
0,40490
0,40601
0,40682
0,39783
0,39840
0,39869
0,40812
0,40843
0,40000
0,40939
0,40198
0,40213
0,41147
0,41276
0,41358
0,41424
0,41454
0,41543
0,41602
0,41754
0,41808
0,41180
0,42091
0,42099
0,41229
0,41250
0,41325
0,42242
0,42289
0,41565
0,42824
0,42849
0,41989
0,42924
0,42956
0,43036
0,42285
0,42487
0,43529
0,42725
0,43633
0,43649
0,43663
0,42776
0,43851
0,44004
0,44062
0,44117
0,44167
0,43271
0,44195
0,43448
0,44450
0,44539
0,44573
0,44581
0,43729
0,44873
0,44877
0,44023
0,44926
0,44934
0,44948
0,45090
0,45160
0,45289
0,44529
0,45456
0,45512
0,44677
0,45663
0,45761
0,45790
0,45809
0,45883
0,45981
0,45996
0,46067
0,45430
0,46357
0,46511
0,46570
0,46595
0,45731
0,46668
0,46673
0,45837
0,46805
0,45938
0,46911
0,46014
0,47023
0,47061
0,47131
0,46332
0,47455
0,47475
0,47495
0,47514
0,46843
0,48011
0,48023
0,48188
0,48207
0,48838
0,48938
0,49079
0,49123
0,49203
0,48447
0,49491
0,48609
0,49682
0,49035
0,49066
0,50079
0,49200
0,50220
0,49446
0,49545
0,50477
0,49747
0,50715
0,50756
0,50764
0,49984
0,50956
0,50293
0,51308
0,50464
0,50731
0,51637
0,50787
0,51691
0,51016
0,51252
0,52402
0,51875
0,51908
0,52088
0,52278
0,53318
0,52424
0,53671
0,53717
0,53005
0,54475
0,53586
0,54623
0,53835
0,53941
0,54915
0,54050
0,54281
0,55196
0,55232
0,54582
0,54611
0,54635
0,54905
1,32400
1,32394
1,33784
1,34073
1,34098
1,33241
1,33475
1,33902
1,34259
1,35478
1,34691
1,34737
1,35656
1,34888
1,35894
1,36106
1,36149
1,36644
1,36831
1,36320
1,38233
1,38811
1,38836
1,38874
1,39075
1,39232
1,38498
1,38692
1,39729
1,39863
1,40052
1,40130
1,40171
1,40288
1,40295
1,39434
1,40363
1,40374
1,40454
1,40547
1,40608
1,40696
1,40773
1,40942
1,40992
1,40133
1,41055
1,41068
1,40241
1,41154
1,41212
1,41266
1,41450
1,41606
1,41628
1,41642
1,41663
1,41680
1,41684
1,41772
1,40875
1,41900
1,41985
1,42091
1,42113
1,42118
1,41246
1,41409
1,41416
1,42332
1,42349
1,42382
1,42445
1,42446
1,42452
1,42615
1,41719
1,42715
1,42716
1,42723
1,42789
1,42863
1,42998
1,43034
1,43090
1,43121
1,43139
1,42245
1,42328
1,42442
1,43358
1,42567
1,43681
1,42851
1,42859
1,43812
1,42918
1,42968
1,43871
1,43907
1,43040
1,43067
1,43998
1,43137
1,43220
1,44154
1,44316
1,43651
1,44567
1,43698
1,44599
1,43707
1,43769
1,44688
1,43860
1,44803
1,44921
1,44951
1,44954
1,44149
1,45083
1,44306
1,45262
1,45317
1,44699
1,45080
1,45108
1,45197
1,46153
1,46500
1,46564
1,46576
1,46654
1,45874
1,45936
1,46904
1,47152
1,46281
1,47481
1,47731
1,46872
1,46913
1,48395
1,48455
1,48599
1,48644
1,48808
1,49036
1,49267
1,49472
1,49530
1,49645
1,49821
1,50077
1,50086
1,49264
1,50215
1,50350
1,50635
1,49823
1,50960
1,51005
1,50364
1,50696
1,51719
1,51213
1,52219
1,52228
1,51490
1,52612
1,52696
1,52021
1,52990
1,53168
1,53305
1,52971
1,53981
1,54128
1,54136
1,54312
1,54397
1,54617
1,54727
1,53889
1,54492
1,54822
2,32400
2,32507
2,32964
2,32490
2,32599
2,33606
2,33626
2,33667
2,32947
2,33857
2,33140
2,34240
2,34241
2,33566
2,34549
2,34672
2,33780
2,34706
2,35089
2,35115
2,34238
2,35280
2,35623
2,34885
2,36101
2,36118
2,35397
2,36377
2,36511
2,36697
2,36826
2,37191
2,37203
2,37243
2,37261
2,36588
2,36669
2,37582
2,36851
2,38627
2,38754
2,38917
2,39017
2,39113
2,39196
2,39439
2,38670
2,39634
2,38789
2,39136
2,39185
2,40116
2,40225
2,40396
2,39619
2,39724
2,39793
2,40754
2,40778
2,39948
2,41010
2,41120
2,41127
2,40254
2,41293
2,40407
2,41385
2,41427
2,40680
2,41705
2,41712
2,41148
2,42157
2,42224
2,42246
2,42258
2,42435
2,41592
2,42511
2,41719
2,42643
2,42800
2,42824
2,41945
2,41998
2,42065
2,42089
2,43062
2,43082
2,42224
2,42358
2,42383
2,43396
2,43443
2,42619
2,43534
2,42722
2,42757
2,42827
2,43734
2,42840
2,43750
2,43969
2,44069
2,43332
2,44303
2,44714
2,44864
2,43991
2,44987
2,45031
2,45049
2,45225
2,44348
2,44428
2,44438
2,45598
2,45681
2,45823
2,45932
2,46193
2,46221
2,46409
2,46541
2,45808
2,46779
2,45898
2,46800
2,45901
2,46948
2,46172
2,47193
2,47333
2,46461
2,47533
2,46637
2,46644
2,47600
2,47617
2,47618
2,46801
2,47857
2,47957
2,47077
2,48038
2,47282
2,48185
2,47307
2,47360
2,48401
2,47520
2,48514
2,48684
2,48774
2,48971
2,49042
2,49654
2,49785
2,48952
2,49257
2,50167
2,49336
2,49369
2,50423
2,49821
2,49968
2,50879
2,50895
2,51151
2,51285
2,51455
2,51470
2,50609
2,51649
2,51715
2,51942
2,52279
2,52519
2,52538
2,52751
2,52842
2,51993
2,52066
2,53059
2,53162
2,53467
2,53476
2,53504
2,53573
2,53813
2,53867
2,53931
2,53075
2,53167
2,54247
2,54510
2,53647
2,53748
2,54048
2,54052
2,55064
2,54192
2,54313
2,54633
2,55121
3,32400
3,32856
3,32966
3,32367
3,33373
3,33432
3,33471
3,33817
3,34282
3,34404
3,34455
3,34861
3,34166
3,35156
3,35207
3,34371
3,34608
3,35660
3,35728
3,35092
3,36340
3,36837
3,36993
3,36205
3,37477
3,37655
3,37777
3,37801
3,36987
3,38024
3,38123
3,38437
3,39092
3,39115
3,39328
3,39483
3,39564
3,39592
3,39616
3,38903
3,40056
3,40107
3,40121
3,40143
3,40165
3,39399
3,39441
3,40408
3,39513
3,39525
3,40492
3,40714
3,39910
3,40910
3,40046
3,41058
3,41063
3,41321
3,41432
3,41483
3,41671
3,41860
3,41914
3,41919
3,41190
3,41237
3,42266
3,41374
3,42374
3,42733
3,41857
3,42758
3,42868
3,42873
3,41993
3,42974
3,42088
3,42157
3,43105
3,43190
3,42354
3,43367
3,42578
3,43518
3,42711
3,43802
3,43879
3,43900
3,44046
3,44282
3,44400
3,43772
3,44818
3,44920
3,44930
3,44946
3,44981
3,45136
3,44329
3,45261
3,45295
3,44491
3,45534
3,44665
3,44702
3,45820
3,46029
3,45284
3,46300
3,46412
3,45528
3,46498
3,46684
3,46687
3,45806
3,45928
3,45979
3,47007
3,46409
3,47355
3,47392
3,46525
3,47431
3,46642
3,47734
3,47834
3,47866
3,47313
3,48220
3,48221
3,48475
3,47896
3,47902
3,47948
3,48005
3,48986
3,48096
3,48326
3,49318
3,48430
3,49966
3,50187
3,50225
3,49474
3,50401
3,49617
3,49688
3,49867
3,49954
3,50855
3,50894
3,50316
3,51287
3,51289
3,51315
3,51475
3,50670
3,51678
3,51788
3,51870
3,50992
3,51907
3,52077
3,52156
3,52159
3,52472
3,51750
3,52695
3,51844
3,52759
3,52764
3,52791
3,51915
3,52875
3,52106
3,52194
3,53212
3,53402
3,53440
3,53473
3,53870
3,54082
3,54142
3,53256
3,53266
3,54167
3,54453
3,55154
3,55196
3,55229
3,54616
3,54634
3,54802
3,54955
3,55200
4,32400
4,32544
4,32619
4,32668
4,32693
4,31915
4,32871
4,32889
4,32003
4,33004
4,33330
4,33423
4,33445
4,32721
4,33659
4,34032
4,34697
4,34792
4,34032
4,34946
4,34971
4,34140
4,35102
4,35118
4,35473
4,35507
4,35603
4,35050
4,35331
4,36439
4,35564
4,35829
4,36798
4,35993
4,36293
4,37235
4,37242
4,37247
4,36367
4,37277
4,37965
4,37119
4,38583
4,37790
4,38976
4,39246
4,39252
4,39411
4,39594
4,39013
4,40081
4,40243
4,40270
4,40302
4,40470
4,40476
4,39597
4,40586
4,40664
4,40767
4,40957
4,41016
4,41063
4,40534
4,41518
4,40648
4,41613
4,40727
4,41674
4,40803
4,41793
4,41809
4,41132
4,42040
4,42069
4,41338
4,42259
4,41384
4,42304
4,42311
4,42406
4,41571
4,41632
4,42595
4,42601
4,42676
4,42788
4,42882
4,42938
4,42089
4,43059
4,42223
4,42363
4,42380
4,43286
4,43357
4,42661
4,42673
4,43587
4,43663
4,43741
4,43752
4,43755
4,42887
4,42936
4,43054
4,43110
4,44013
4,43179
4,44087
4,44109
4,44163
4,43340
4,44242
4,44296
4,44329
4,44486
4,44714
4,44807
4,43917
4,44831
4,44928
4,44992
4,44247
4,45222
4,45269
4,45279
4,45544
4,44737
4,44777
4,45727
4,44936
4,45874
4,46180
4,46186
4,46282
4,45449
4,46478
4,46561
4,46821
4,45962
4,46923
4,47091
4,46297
4,47247
4,47346
4,47381
4,46521
4,46610
4,47519
4,47562
4,47637
4,47681
4,46819
4,46831
4,47399
4,48464
4,47677
4,47858
4,48004
4,48911
4,48976
4,48096
4,49028
4,48671
4,48883
4,49834
4,49977
4,50071
4,49172
4,50087
4,49211
4,50175
4,49309
4,50366
4,50502
4,50540
4,50695
4,49863
4,50889
4,50147
4,51156
4,50271
4,51340
4,50501
4,50534
4,51494
4,51722
4,50885
4,51797
4,51877
4,51080
4,51084
4,51987
4,52104
4,52220
4,51514
4,52032
4,53207
4,53288
4,53399
4,53420
4,53511
4,52631
4,53638
4,53728
4,53735
4,53025
4,53028
4,53972
4,53222
4,54315
4,53494
4,54397
4,54572
4,53965
4,54912
4,54115
4,54178
4,54206
4,55122
4,54241
4,55157
4,55207
4,55222
4,54324
4,54628
4,54944
4,55171
4,55209
5,32400
5,31717
5,31950
5,33078
5,32183
5,32600
5,33563
5,33701
5,33745
5,33911
5,34048
5,34150
5,34163
5,34311
5,34336
5,33502
5,34274
5,35286
5,35335
5,35465
5,35491
5,35493
5,35546
5,35556
5,35629
5,36082
5,36341
5,36467
5,36672
5,36695
5,36056
5,37090
5,37403
5,37494
5,37709
5,38172
5,38559
5,38698
5,37806
5,39008
5,38187
5,38247
5,39166
5,39204
5,39232
5,38444
5,39805
5,40019
5,39193
5,40130
5,40279
5,40375
5,40459
5,39748
5,40700
5,40726
5,39901
5,40864
5,40878
5,40928
5,40093
5,40131
5,41150
5,40255
5,41165
5,41184
5,41351
5,41404
5,40517
5,41552
5,41701
5,41726
5,41764
5,41020
5,41030
5,41086
5,41138
5,41281
5,41364
5,41385
5,42397
5,42469
5,41572
5,42670
5,42785
5,41978
5,42890
5,42918
5,42954
5,42084
5,43069
5,43188
5,43222
5,43247
5,43352
5,43394
5,42559
5,42648
5,43578
5,43670
5,42807
5,42877
5,43845
5,43847
5,43871
5,42995
5,43083
5,44145
5,43250
5,43423
5,44334
5,44377
5,43496
5,43683
5,44728
5,43880
5,44810
5,44811
5,44906
5,44915
5,44434
5,45389
5,44496
5,45686
5,45727
5,45796
5,45864
5,45929
5,45977
5,46004
5,45121
5,45156
5,45207
5,45282
5,46263
5,46312
5,45457
5,45495
5,46430
5,46436
5,45578
5,45593
5,46531
5,46941
5,46042
5,47151
5,46263
5,46267
5,47236
5,47254
5,46441
5,47366
5,46569
5,47675
5,46839
5,47778
5,47786
5,47022
5,48173
5,48261
5,48349
5,48524
5,48525
5,48628
5,47862
5,49119
5,49319
5,49410
5,49547
5,49788
5,49825
5,49226
5,49307
5,49332
5,49405
5,49459
5,49512
5,50472
5,50798
5,49930
5,49967
5,51174
5,51282
5,51603
5,51684
5,51696
5,51722
5,50827
5,51837
5,51861
5,52008
5,52145
5,51389
5,52558
5,51843
5,51884
5,52947
5,52974
5,53145
5,53152
5,53352
5,52617
5,53522
5,53609
5,53031
5,53990
5,54036
5,54049
5,54095
5,53257
5,54786
5,54185
5,55151
5,54275
5,55176
5,55254
5,54479
5,54909
6,32400
6,31690
6,32592
6,33146
6,32452
6,33430
6,32660
6,33684
6,32790
6,33807
6,33882
6,34054
6,33286
6,34310
6,34466
6,34533
6,34795
6,34931
6,35036
6,35089
6,35458
6,34591
6,34896
6,35809
6,36200
6,35439
6,36150
6,37219
6,37283
6,37341
6,37858
6,38048
6,37304
6,38785
6,38147
6,39367
6,39408
6,39830
6,40109
6,40132
6,40145
6,40420
6,39584
6,39650
6,40611
6,39813
6,40770
6,39951
6,40003
6,40943
6,41006
6,40141
6,41185
6,40402
6,41531
6,40733
6,40747
6,41712
6,40817
6,41738
6,41010
6,41939
6,42229
6,41579
6,41598
6,42527
6,42573
6,42670
6,42753
6,42772
6,42803
6,42815
6,41962
6,42069
6,42104
6,43273
6,42595
6,42611
6,43548
6,42712
6,42839
6,43781
6,42938
6,43911
6,44227
6,43336
6,44263
6,43397
6,43436
6,44398
6,44430
6,44555
6,44564
6,44688
6,43953
6,44249
6,45178
6,44355
6,44356
6,45269
6,45380
6,44564
6,45471
6,45803
6,44975
6,46007
6,46027
6,46161
6,46317
6,46409
6,45545
6,46474
6,46741
6,46856
6,46882
6,46097
6,47108
6,47122
6,47215
6,47286
6,46388
6,46390
6,47316
6,46466
6,47385
6,47419
6,46608
6,47749
6,47076
6,47232
6,47241
6,47259
6,47527
6,48435
6,48536
6,47846
6,47918
6,48844
6,48901
6,48215
6,49164
6,48330
6,48344
6,49345
6,49360
6,49473
6,48675
6,49721
6,49268
6,50241
6,50358
6,50368
6,50424
6,50438
6,49696
6,49775
6,50916
6,50972
6,50361
6,51932
6,51197
6,51353
6,52579
6,52615
6,52678
6,52717
6,51929
6,52091
6,52214
6,52222
6,52233
6,52397
6,53562
6,52737
6,52742
6,54171
6,54179
6,54357
6,55094
6,55100
6,55106
6,55157
6,54429
6,54484
6,54987
7,32400
7,32569
7,32169
7,33088
7,33404
7,32789
7,33979
7,33388
7,34530
7,34865
7,34965
7,35355
7,35427
7,34597
7,34794
7,35829
7,35911
7,35990
7,35218
7,35414
7,36560
7,35910
7,36814
7,35933
7,36900
7,37174
7,36520
7,37662
7,37670
7,37701
7,36845
7,37080
7,37257
7,37293
7,37660
7,38567
7,37775
7,38726
7,38803
7,38970
7,38975
7,39331
7,39644
7,39798
7,39334
7,39431
7,40477
7,39822
7,39843
7,40823
7,40221
7,40409
7,41344
7,40448
7,40628
7,41549
7,41573
7,40771
7,41876
7,41905
7,41050
7,42053
7,42101
7,42175
7,42673
7,42690
7,42694
7,42741
7,42760
7,43147
7,43315
7,43454
7,43467
7,43511
7,43521
7,43548
7,43686
7,42832
7,43816
7,43823
7,43914
7,43282
7,43324
7,43359
7,44373
7,44394
7,44412
7,44464
7,44572
7,44620
7,44657
7,44712
7,43849
7,43939
7,43994
7,44928
7,44110
7,44170
7,44529
7,45472
7,45512
7,44660
7,45614
7,45683
7,44889
7,45815
7,45918
7,46041
7,46287
7,46322
7,45515
7,46494
7,46609
7,46787
7,46847
7,47116
7,46223
7,47253
7,46391
7,46439
7,47470
7,46581
7,46724
7,46780
7,47760
7,46887
7,48012
7,48014
7,48306
7,47438
7,48726
7,48762
7,49064
7,49144
7,49182
7,49314
7,49438
7,48759
7,50062
7,49176
7,50194
7,49329
7,50252
7,50447
7,50559
7,50572
7,49672
7,50869
7,50973
7,50406
7,51317
7,50488
7,50490
7,51451
7,50627
7,51530
7,51710
7,51974
7,51074
7,52081
7,52286
7,51393
7,51401
7,52332
7,52428
7,52471
7,52614
7,52664
7,52810
7,52816
7,52132
7,53049
7,52193
7,52301
7,53243
7,52424
7,53481
7,53917
7,54035
7,53484
7,54656
7,54725
7,53827
7,54758
7,54779
7,54840
7,54939
7,54265
7,54482
7,54741
7,54928
7,54943
8,32400
8,32426
8,32623
8,32630
8,33067
8,33228
8,33268
8,33408
8,33773
8,34148
8,33732
8,33746
8,35863
8,36060
8,36502
8,35698
8,36101
8,37094
8,37163
8,37316
8,37080
8,37500
8,38605
8,38960
8,39526
8,39578
8,39844
8,39873
8,38976
8,40077
8,40206
8,40207
8,39377
8,40342
8,40509
8,39722
8,40648
8,40730
8,39830
8,39917
8,40826
8,40961
8,41027
8,41031
8,41167
8,41169
8,40293
8,41274
8,41371
8,41478
8,40586
8,41504
8,41545
8,41681
8,40829
8,41758
8,40858
8,41933
8,41036
8,42019
8,42055
8,41167
8,42273
8,42312
8,42421
8,42582
8,42617
8,42618
8,42631
8,42636
8,42723
8,42821
8,42926
8,42976
8,42183
8,43125
8,43152
8,43271
8,43445
8,42674
8,42746
8,43652
8,43690
8,43703
8,42876
8,43842
8,43865
8,43874
8,43028
8,43050
8,44096
8,44205
8,44212
8,44275
8,44341
8,44565
8,43718
8,44678
8,44769
8,44929
8,44063
8,44090
8,44107
8,45022
8,45040
8,45109
8,45372
8,45453
8,44613
8,45562
8,44704
8,45626
8,45653
8,45744
8,45841
8,45991
8,46049
8,46092
8,46208
8,46284
8,46307
8,46387
8,45541
8,46529
8,46550
8,46614
8,46745
8,46871
8,46883
8,46970
8,46087
8,47012
8,47015
8,47084
8,47105
8,46211
8,47151
8,47183
8,47204
8,47211
8,46660
8,47685
8,47750
8,47836
8,48007
8,47467
8,48619
8,47831
8,47880
8,47894
8,48023
8,49075
8,49121
8,48365
8,49457
8,48771
8,49749
8,50015
8,50307
8,49630
8,49745
8,50650
8,49803
8,50073
8,50131
8,51086
8,50199
8,51100
8,50292
8,51207
8,51429
8,51506
8,51530
8,51559
8,50727
8,51305
8,52646
8,51946
8,52887
8,52898
8,52915
8,52945
8,53000
8,53320
8,53359
8,52725
8,53524
8,53587
8,54944
8,54999
8,55187
9,32400
9,31673
9,31835
9,31928
9,33592
9,32784
9,33951
9,33183
9,34376
9,34455
9,33736
9,35042
9,34339
9,35495
9,35653
9,35787
9,34938
9,36013
9,36048
9,36057
9,36076
9,36545
9,37124
9,36404
9,37671
9,37789
9,37849
9,37983
9,37248
9,37364
9,37865
9,39074
9,38189
9,39453
9,39767
9,39887
9,38989
9,39895
9,40037
9,39224
9,40345
9,40350
9,39473
9,39574
9,40482
9,39591
9,40533
9,40646
9,39769
9,39803
9,40731
9,40744
9,40903
9,40157
9,40222
9,41252
9,41325
9,40531
9,41442
9,41483
9,41490
9,41499
9,40611
9,40739
9,41682
9,41709
9,41786
9,41844
9,41851
9,41041
9,41148
9,42070
9,42088
9,41197
9,42271
9,42289
9,41458
9,42411
9,42585
9,42611
9,41739
9,42781
9,42868
9,42902
9,42071
9,42086
9,43025
9,42168
9,43107
9,42241
9,43146
9,43202
9,43572
9,43582
9,42873
9,43795
9,43873
9,43946
9,44135
9,43251
9,44180
9,44230
9,43386
9,44301
9,43700
9,44605
9,44667
9,44690
9,44767
9,43867
9,44846
9,44878
9,44201
9,45232
9,44465
9,44703
9,44772
9,45682
9,44810
9,44861
9,45779
9,45916
9,45157
9,46112
9,46118
9,46143
9,46188
9,46234
9,46319
9,46334
9,46393
9,46553
9,45771
9,46674
9,45779
9,46984
9,47067
9,47123
9,46429
9,47498
9,47527
9,47559
9,47090
9,48183
9,47330
9,48306
9,48307
9,48331
9,47463
9,48426
9,47571
9,48594
9,48734
9,47994
9,48913
9,48984
9,48996
9,49055
9,48264
9,49227
9,49323
9,48459
9,49390
9,49493
9,48776
9,49699
9,48907
9,49857
9,50103
9,50148
9,49291
9,50355
9,50634
9,49837
9,50845
9,50028
9,51006
9,50218
9,50238
9,51237
9,51262
9,51386
9,51552
9,50953
9,50979
9,52189
9,52325
9,51490
9,52063
9,52971
9,52105
9,53256
9,53278
9,53377
9,53408
9,53801
9,53222
9,53602
9,54510
9,54728
9,54773
9,53922
9,54959
9,54181
9,54188
10,32400
10,31701
10,32901
10,32960
10,32246
10,32290
10,33212
10,33306
10,33704
10,32931
10,33286
10,33340
10,33515
10,33533
10,34457
10,34565
10,34752
10,34865
10,34466
10,34482
10,35857
10,35391
10,35688
10,35791
10,36773
10,36845
10,36867
10,36039
10,36109
10,36238
10,37195
10,37222
10,37523
10,36642
10,37906
10,37950
10,38145
10,38177
10,38347
10,38445
10,38465
10,37623
10,37636
10,38720
10,37854
10,38765
10,38151
10,38451
10,39598
10,39694
10,39803
10,38932
10,40291
10,40326
10,39471
10,40426
10,40567
10,39760
10,40717
10,40732
10,40802
10,40065
10,40975
10,41104
10,40207
10,40215
10,40280
10,40296
10,41278
10,40461
10,41492
10,40628
10,41571
10,41605
10,40757
10,40819
10,41822
10,41043
10,42051
10,42080
10,41187
10,42162
10,42224
10,42291
10,42366
10,41577
10,42488
10,41637
10,42678
10,42681
10,42810
10,42955
10,42410
10,43319
10,43320
10,42422
10,43330
10,42443
10,43363
10,42477
10,43405
10,42714
10,43780
10,42880
10,43832
10,42937
10,43946
10,44224
10,44234
10,44290
10,43655
10,44561
10,44793
10,44981
10,44990
10,44090
10,45051
10,44215
10,45136
10,45255
10,45260
10,44392
10,45433
10,45455
10,44780
10,44810
10,45824
10,45873
10,45958
10,46052
10,46068
10,45298
10,46267
10,45466
10,46447
10,46504
10,46539
10,46686
10,46727
10,46764
10,45888
10,45897
10,46919
10,46952
10,46221
10,47204
10,47294
10,46415
10,47350
10,46623
10,46673
10,47648
10,47809
10,47872
10,47165
10,47208
10,48307
10,47583
10,47617
10,47906
10,47925
10,48930
10,48096
10,49401
10,49465
10,49587
10,49668
10,49014
10,49118
10,49299
10,50717
10,50732
10,50923
10,50952
10,50963
10,51103
10,51202
10,51255
10,51347
10,50659
10,50691
10,51745
10,50869
10,50915
10,51968
10,51999
10,51217
10,51227
10,51391
10,52408
10,52504
10,51736
10,52666
10,52929
10,53105
10,53179
10,53456
10,52561
10,53665
10,52850
10,53872
10,52992
10,53961
10,53687
10,54632
10,54742
10,54765
10,53913
10,55205
11,32400
11,32648
11,31789
11,31868
11,32841
11,32260
11,33185
11,33378
11,32489
11,33476
11,32703
11,34128
11,33360
11,33766
11,33802
11,34966
11,35024
11,35025
11,35705
11,35802
11,35437
11,36462
11,36570
11,35844
11,37104
11,37286
11,37333
11,37852
11,37877
11,37107
11,38191
11,38320
11,38835
11,39402
11,38559
11,40053
11,40229
11,40385
11,40429
11,40485
11,40544
11,39735
11,40673
11,39797
11,40759
11,40828
11,41077
11,41319
11,40503
11,40586
11,41522
11,41792
11,40935
11,41918
11,41968
11,41138
11,42080
11,42080
11,42142
11,42256
11,41370
11,42354
11,41468
11,42539
11,41723
11,41960
11,43111
11,43288
11,42495
11,43400
11,43421
11,43594
11,42868
11,42897
11,43801
11,43845
11,43861
11,43883
11,43930
11,44026
11,44053
11,43511
11,43531
11,44569
11,44664
11,44695
11,44739
11,44758
11,43872
11,44817
11,44846
11,43991
11,43995
11,44947
11,45178
11,45210
11,45217
11,44323
11,44565
11,45548
11,45705
11,45831
11,45857
11,45006
11,46033
11,45198
11,46181
11,45317
11,46218
11,46242
11,46283
11,46398
11,46415
11,46434
11,46499
11,45654
11,46596
11,45779
11,46844
11,46918
11,46059
11,47111
11,46374
11,46493
11,47541
11,47549
11,47551
11,47573
11,46924
11,46936
11,46946
11,47953
11,48043
11,48047
11,48105
11,47234
11,47258
11,48274
11,47949
11,47949
11,48866
11,48014
11,48947
11,49012
11,48388
11,49416
11,49707
11,49710
11,48860
11,49887
11,49013
11,50007
11,50116
11,50135
11,50288
11,49480
11,50406
11,49612
11,49698
11,50616
11,50735
11,50773
11,49940
11,50872
11,51297
11,51832
11,52025
11,52296
11,52335
11,52474
11,51576
11,51688
11,52628
11,52804
11,51932
11,53064
11,53147
11,53211
11,54312
11,54382
11,53684
11,54788
11,54824
11,54840
11,55036
11,55177
11,55208
12,32400
12,33114
12,33115
12,33327
12,33355
12,32552
12,32763
12,32819
12,34138
12,34282
12,33690
12,34004
12,34127
12,34368
12,34555
12,35514
12,34771
12,34860
12,36059
12,36119
12,36370
12,36667
12,35796
12,35898
12,36831
12,36853
12,36951
12,36186
12,37147
12,37325
12,37572
12,37683
12,37898
12,37988
12,37486
12,38725
12,39376
12,38694
12,39876
12,39014
12,40102
12,40110
12,40206
12,40350
12,40487
12,39595
12,40523
12,39704
12,40654
12,40686
12,40736
12,40784
12,39935
12,40068
12,40101
12,41096
12,40252
12,40283
12,41191
12,41317
12,41370
12,41481
12,40635
12,41556
12,41569
12,41594
12,41776
12,41138
12,42257
12,41486
12,42439
12,42599
12,41784
12,42783
12,42818
12,42943
12,43122
12,43156
12,42381
12,43319
12,43352
12,43383
12,42491
12,42633
12,43578
12,43604
12,43640
12,42758
12,42840
12,43764
12,42870
12,43900
12,43951
12,43068
12,43120
12,44059
12,43166
12,44146
12,44147
12,43270
12,44188
12,44190
12,44191
12,43353
12,44439
12,44471
12,44700
12,44712
12,44731
12,44764
12,44807
12,45063
12,44257
12,45158
12,45171
12,44426
12,45490
12,45583
12,44898
12,45824
12,45831
12,45866
12,45869
12,45991
12,46183
12,46349
12,46351
12,46442
12,46586
12,45967
12,45975
12,46959
12,47013
12,47156
12,46339
12,47341
12,47487
12,47565
12,47571
12,47582
12,47585
12,46735
12,46771
12,47757
12,47952
12,48029
12,47324
12,48535
12,48606
12,48799
12,48077
12,49059
12,49099
12,48561
12,48765
12,49882
12,49917
12,49953
12,49173
12,50205
12,49345
12,50331
12,50333
12,50467
12,50866
12,50984
12,51070
12,51206
12,51227
12,50422
12,51473
12,51963
12,52016
12,51237
12,52202
12,51302
12,52538
12,51675
12,52610
12,52774
12,52786
12,52844
12,52855
12,52889
12,52175
12,52307
12,52571
12,53478
12,53496
12,53680
12,53714
12,52831
12,53743
12,53781
12,53007
12,53921
12,54045
12,54337
12,53580
12,54648
12,54827
12,54009
12,55051
12,54610
13,32400
13,32947
13,32131
13,32180
13,33088
13,33218
13,32328
13,33295
13,33549
13,33874
13,33020
13,33937
13,33106
13,34097
13,34125
13,33245
13,33529
13,33974
13,34925
13,35211
13,35408
13,35416
13,35514
13,35834
13,36002
13,36225
13,36486
13,35600
13,36652
13,35774
13,36706
13,37830
13,37903
13,37113
13,38103
13,38334
13,38381
13,38485
13,38778
13,38298
13,39524
13,39563
13,39602
13,39835
13,40124
13,39232
13,40169
13,40329
13,40414
13,40447
13,40641
13,39786
13,40749
13,39994
13,40946
13,40089
13,41117
13,41122
13,41155
13,41329
13,41449
13,41517
13,41827
13,41940
13,41085
13,41119
13,42299
13,42322
13,42436
13,42485
13,42543
13,41873
13,42783
13,41982
13,42960
13,42970
13,43016
13,42189
13,42207
13,43156
13,43160
13,43164
13,43187
13,43361
13,43401
13,43455
13,43509
13,43621
13,43709
13,43802
13,43944
13,43089
13,44084
13,44189
13,43309
13,44227
13,43377
13,44364
13,43495
13,44525
13,44541
13,43698
13,43859
13,44768
13,44863
13,44071
13,44998
13,45029
13,44167
13,45083
13,44278
13,45209
13,45226
13,45277
13,45297
13,44402
13,45324
13,44450
13,44620
13,45572
13,45666
13,44834
13,45755
13,45854
13,45949
13,45119
13,46161
13,46200
13,45364
13,46363
13,46396
13,46494
13,46631
13,46647
13,46848
13,46874
13,46947
13,47006
13,47033
13,47138
13,47197
13,47324
13,47478
13,47582
13,47590
13,46692
13,47639
13,47647
13,47715
13,48384
13,48470
13,47712
13,48626
13,48671
13,48683
13,47788
13,48738
13,47984
13,48997
13,48997
13,48162
13,49103
13,49110
13,49153
13,49270
13,49341
13,49462
13,49605
13,48779
13,49847
13,49939
13,50283
13,50320
13,49636
13,49746
13,49786
13,49843
13,49884
13,50061
13,51193
13,51244
13,51257
13,50402
13,51307
13,50449
13,50500
13,50547
13,50549
13,50554
13,51600
13,51687
13,51907
13,51057
13,52131
13,52282
13,51428
13,52563
13,52017
13,52939
13,52127
13,53038
13,52226
13,52277
13,52308
13,53325
13,53376
13,52648
13,53633
13,52802
13,53763
13,53835
13,53128
13,53135
13,54089
13,53335
13,53456
13,54425
13,54493
13,53647
13,53856
13,54831
13,54866
13,55023
13,54243
13,55207
13,54964
14,32400
14,31650
14,31790
14,32938
14,33158
14,33214
14,32706
14,34200
14,34643
14,33832
14,35246
14,34518
14,35741
14,35763
14,35900
14,36119
14,36246
14,36406
14,35787
14,36719
14,36923
14,36083
14,36395
14,37812
14,36917
14,38173
14,38212
14,38555
14,38695
14,39182
14,39380
14,39554
14,38742
14,39700
14,39707
14,38817
14,39986
14,40176
14,40280
14,40369
14,40528
14,40560
14,39704
14,40665
14,40716
14,39950
14,40866
14,40939
14,41022
14,41113
14,41156
14,41159
14,40455
14,41505
14,40606
14,41524
14,41573
14,41609
14,41671
14,41711
14,41797
14,40907
14,42115
14,41296
14,41419
14,41421
14,42376
14,41595
14,42555
14,42837
14,42002
14,42035
14,43024
14,43052
14,43096
14,43109
14,43125
14,43210
14,43415
14,43429
14,42691
14,43640
14,43680
14,43971
14,44033
14,43140
14,44049
14,44112
14,44220
14,44222
14,44261
14,43699
14,44691
14,44870
14,43988
14,44919
14,44275
14,45200
14,44372
14,44395
14,45321
14,44529
14,44859
14,45784
14,45822
14,45863
14,45873
14,45978
14,46032
14,46309
14,46460
14,46565
14,46597
14,46654
14,46664
14,46979
14,47012
14,47014
14,47109
14,46238
14,47260
14,46516
14,47479
14,47559
14,46825
14,46833
14,48180
14,48276
14,48312
14,48454
14,48460
14,48528
14,48031
14,48255
14,49512
14,49737
14,49866
14,49928
14,49939
14,50194
14,50381
14,49526
14,50552
14,50764
14,50911
14,51266
14,50405
14,50420
14,51628
14,50887
14,50909
14,50927
14,51197
14,52112
14,51668
14,52776
14,52907
14,52140
14,53134
14,52272
14,53381
14,53685
14,53953
14,53214
14,53308
14,54254
14,54352
14,53507
14,53512
14,54418
14,54591
14,54702
14,55097
14,55123
14,55177
14,54411
14,54417
14,54862
14,54891
14,54901
14,55047
15,32400
15,32644
15,32823
15,32962
15,33126
15,33446
15,33640
15,33656
15,33722
15,33726
15,33861
15,33981
15,33541
15,35118
15,34254
15,35210
15,35807
15,35829
15,35906
15,36022
15,36124
15,36279
15,35393
15,35628
15,36629
15,36871
15,36871
15,37034
15,37088
15,37231
15,36334
15,37517
15,37991
15,38007
15,37445
15,38613
15,39055
15,39553
15,39712
15,39298
15,39359
15,39446
15,40534
15,39674
15,40915
15,40060
15,41019
15,40293
15,41215
15,40316
15,40347
15,40461
15,41409
15,41655
15,42187
15,41487
15,42413
15,42424
15,42491
15,41614
15,42629
15,42789
15,41921
15,42913
15,42962
15,43101
15,42235
15,43166
15,43358
15,43481
15,43643
15,42851
15,42865
15,42915
15,43094
15,44032
15,44047
15,44059
15,44107
15,44143
15,43359
15,44286
15,44293
15,44322
15,43441
15,44380
15,44490
15,44542
15,44642
15,43760
15,43763
15,43808
15,45144
15,45272
15,44621
15,44691
15,45597
15,44716
15,45638
15,45673
15,45698
15,45715
15,45849
15,45936
15,46307
15,46343
15,46395
15,46418
15,46431
15,46522
15,46534
15,45672
15,46585
15,46684
15,46701
15,46705
15,46770
15,45966
15,46875
15,46029
15,47004
15,47022
15,46241
15,46250
15,46487
15,47454
15,46605
15,47551
15,46718
15,47809
15,47064
15,47219
15,47223
15,48310
15,48387
15,48436
15,48508
15,48683
15,49009
15,48271
15,49450
15,49582
15,49653
15,49654
15,49800
15,50247
15,50431
15,50534
15,49892
15,50796
15,50838
15,50197
15,51176
15,51363
15,50516
15,51456
15,50655
15,51819
15,51882
15,51084
15,51258
15,52191
15,51396
15,52466
15,52692
15,52762
15,52814
15,52429
15,52835
15,53748
15,53765
15,52985
15,53987
15,54007
15,54022
15,53164
15,54093
15,54171
15,54274
15,54505
15,53658
15,54791
15,54805
15,55211
15,54540
15,55258
16,32400
16,31755
16,31959
16,32928
16,32930
16,32344
16,33361
16,33465
16,33674
16,33020
16,33946
16,34287
16,33444
16,34577
16,34594
16,34621
16,35009
16,35362
16,35379
16,35526
16,35610
16,35782
16,35923
16,36340
16,36560
16,36676
16,35972
16,36184
16,37285
16,36591
16,36998
16,38047
16,38573
16,37678
16,38260
16,38367
16,39399
16,39521
16,39685
16,38823
16,39924
16,39953
16,39977
16,40148
16,40183
16,40205
16,40403
16,40428
16,40438
16,39565
16,40672
16,40711
16,40755
16,40771
16,39881
16,40831
16,40856
16,41087
16,41119
16,41155
16,41216
16,40322
16,41378
16,40524
16,41575
16,41622
16,40724
16,40728
16,40734
16,41755
16,41830
16,40953
16,41140
16,42042
16,41148
16,42087
16,42289
16,42336
16,42379
16,41490
16,42410
16,42451
16,42459
16,42538
16,42646
16,41787
16,42944
16,42979
16,43003
16,43059
16,43068
16,43215
16,43440
16,43509
16,43613
16,42729
16,43650
16,43795
16,43812
16,43979
16,43994
16,44035
16,44181
16,43550
16,43882
16,44815
16,44089
16,45015
16,45029
16,45092
16,45122
16,45328
16,44517
16,45516
16,45531
16,45547
16,45661
16,45021
16,45056
16,46066
16,46124
16,46168
16,46210
16,45317
16,45492
16,45559
16,46519
16,45634
16,46545
16,46561
16,46794
16,46922
16,47061
16,47074
16,46214
16,46301
16,46356
16,46420
16,47537
16,47561
16,46985
16,47889
16,47096
16,47227
16,47656
16,48771
16,48922
16,48238
16,48243
16,48411
16,48475
16,49464
16,49536
16,48650
16,49699
16,49744
16,49081
16,49097
16,49999
16,49102
16,50010
16,49277
16,50325
16,50365
16,49675
16,49755
16,50837
16,50015
16,51123
16,51163
16,51221
16,50409
16,51355
16,51599
16,50907
16,52028
16,52048
16,51397
16,52333
16,52359
16,52487
16,52558
16,51689
16,52611
16,53017
16,53067
16,53090
16,52310
16,53307
16,53370
16,53420
16,53446
16,53502
16,53600
16,52759
16,53719
16,53864
16,53247
16,54217
16,54313
16,54327
16,54670
16,53844
16,54833
16,53967
16,53996
16,54989
16,55154
16,55253
16,54704
17,32400
17,32576
17,32675
17,32723
17,32783
17,31909
17,32537
17,33608
17,33627
17,33718
17,33216
17,34205
17,34362
17,33493
17,34403
17,34723
17,33831
17,34934
17,35122
17,34241
17,35184
17,35288
17,34681
17,34691
17,35990
17,36021
17,35270
17,36303
17,36520
17,36715
17,36049
17,36208
17,36824
17,37885
17,37084
17,37426
17,38612
17,38620
17,38975
17,38984
17,38592
17,38729
17,39799
17,40001
17,39243
17,40229
17,39345
17,39374
17,39525
17,39531
17,40483
17,39860
17,40009
17,40970
17,41070
17,41149
17,40253
17,41195
17,40299
17,41273
17,41392
17,40648
17,41700
17,41741
17,41877
17,42105
17,42230
17,41452
17,42439
17,41541
17,42549
17,42568
17,41701
17,42665
17,41785
17,42844
17,41955
17,42949
17,43146
17,42402
17,42427
17,43358
17,42517
17,43468
17,43567
17,43597
17,43644
17,43698
17,42865
17,43839
17,42966
17,43892
17,43958
17,43970
17,43972
17,44131
17,44310
17,44347
17,43490
17,43563
17,44526
17,43689
17,43723
17,44674
17,43840
17,44832
17,44911
17,45013
17,45104
17,45116
17,45191
17,45247
17,44358
17,45274
17,45331
17,45372
17,45635
17,45636
17,45691
17,44811
17,45867
17,45016
17,45195
17,45200
17,46110
17,46122
17,45349
17,46264
17,46341
17,45574
17,46521
17,46592
17,46614
17,46735
17,46858
17,46910
17,47026
17,47038
17,47048
17,47077
17,47121
17,46297
17,46301
17,47224
17,47290
17,47318
17,47328
17,47457
17,46731
17,47690
17,47811
17,46912
17,47961
17,47411
17,48387
17,48510
17,48517
17,48517
17,47658
17,47947
17,47990
17,48358
17,48418
17,48498
17,48642
17,49628
17,48745
17,48873
17,49806
17,49812
17,49001
17,49094
17,50010
17,50472
17,50476
17,50615
17,50908
17,50960
17,51011
17,51025
17,50160
17,51161
17,51294
17,51487
17,51591
17,51665
17,51807
17,51993
17,52251
17,52575
17,51866
17,52863
17,52018
17,52980
17,53447
17,53469
17,53762
17,53048
17,53998
17,54306
17,54352
17,54369
17,54471
17,53626
17,54539
17,54793
17,54974
17,55079
17,54261
17,54584
18,32400
18,32597
18,32761
18,33204
18,32368
18,32783
18,32971
18,34205
18,33335
18,34463
18,34026
18,34942
18,34901
18,35217
18,35513
18,36956
18,37058
18,37064
18,36546
18,37466
18,36582
18,37864
18,37866
18,38436
18,37675
18,38003
18,38305
18,39314
18,39529
18,39592
18,38701
18,38920
18,39051
18,40455
18,40520
18,39717
18,40674
18,41041
18,41048
18,40216
18,41271
18,41316
18,41407
18,41410
18,41483
18,41576
18,41662
18,41683
18,41763
18,41770
18,41804
18,40952
18,41930
18,41113
18,42145
18,41263
18,42190
18,42406
18,41510
18,42461
18,42774
18,41906
18,42807
18,42873
18,42125
18,43173
18,42274
18,42387
18,43307
18,42431
18,43348
18,42505
18,43459
18,42711
18,43687
18,42807
18,43816
18,43034
18,44145
18,44172
18,44304
18,43417
18,44600
18,44812
18,44921
18,44034
18,44227
18,45158
18,44420
18,44451
18,44464
18,45370
18,44499
18,45505
18,45515
18,44678
18,44711
18,44968
18,45006
18,45973
18,46457
18,46551
18,45896
18,46797
18,45929
18,46040
18,46230
18,47186
18,46597
18,46910
18,47811
18,47910
18,48340
18,48352
18,48409
18,48459
18,48603
18,48613
18,48681
18,49133
18,48346
18,48448
18,49523
18,49583
18,48726
18,49742
18,49754
18,49143
18,50293
18,49462
18,50368
18,49931
18,50886
18,50930
18,50034
18,50968
18,51010
18,51046
18,50193
18,51579
18,51636
18,51880
18,52173
18,52374
18,51571
18,52485
18,52667
18,51866
18,52879
18,52177
18,53118
18,53188
18,53240
18,53249
18,53391
18,53436
18,52596
18,52721
18,52744
18,53659
18,53905
18,53123
18,54033
18,54083
18,53282
18,53298
18,54240
18,54272
18,53541
18,54764
18,54907
18,55034
18,54901
19,32400
19,31959
19,31964
19,32871
19,32369
19,33357
19,32778
19,34029
19,33330
19,33658
19,34433
19,34444
19,35526
19,35224
19,36240
19,36451
19,36930
19,37286
19,37408
19,37526
19,37564
19,37934
19,37454
19,37521
19,38441
19,38630
19,37945
19,39056
19,39206
19,39237
19,39262
19,39309
19,39643
19,40052
19,40063
19,40082
19,40135
19,40326
19,40382
19,40412
19,40587
19,40602
19,39708
19,40615
19,40620
19,39742
19,40748
19,40843
19,40847
19,40996
19,41076
19,41210
19,41260
19,41288
19,41373
19,40648
19,41839
19,41923
19,41146
19,42162
19,42187
19,42265
19,42318
19,42320
19,41420
19,42696
19,41825
19,42828
19,42876
19,42954
19,42954
19,42982
19,43034
19,43227
19,43231
19,43246
19,42372
19,42374
19,43276
19,43278
19,42471
19,42472
19,43377
19,43407
19,42558
19,43520
19,42646
19,42676
19,42677
19,43810
19,43838
19,43845
19,42953
19,42985
19,43153
19,44068
19,44092
19,43230
19,44199
19,44253
19,43466
19,44461
19,43661
19,44571
19,43676
19,44734
19,44954
19,44070
19,44225
19,45129
19,45222
19,44382
19,45304
19,45479
19,45612
19,45691
19,45698
19,45913
19,46149
19,46289
19,46303
19,45454
19,46406
19,46415
19,46437
19,46498
19,46534
19,46635
19,46861
19,46970
19,47084
19,47133
19,47221
19,47340
19,47367
19,47484
19,47506
19,46677
19,46689
19,46739
19,46749
19,46808
19,47850
19,47889
19,48003
19,47144
19,47257
19,48162
19,48183
19,48351
19,48451
19,48855
19,47958
19,48197
19,49098
19,48217
19,49291
19,49373
19,50288
19,50341
19,50545
19,49689
19,50860
19,50099
19,50256
19,50369
19,51399
19,50506
19,50599
19,51529
19,51554
19,50725
19,51716
19,51811
19,52134
19,52255
19,51499
19,52401
19,51752
19,52772
19,51990
19,53049
19,53214
19,52332
19,53349
19,53982
19,54000
19,53673
19,54630
19,54713
19,54764
19,54887
19,55014
19,55087
19,55095
19,54306
19,55221
19,54571
19,54634
19,54733
19,54905
20,32400
20,32567
20,33202
20,33269
20,32599
20,32745
20,33819
20,34019
20,34133
20,33328
20,33853
20,34825
20,34123
20,35368
20,35640
20,35744
20,35861
20,35049
20,35964
20,36036
20,36223
20,36637
20,36671
20,36691
20,35897
20,36959
20,37045
20,37416
20,36619
20,36943
20,37912
20,37049
20,38096
20,37300
20,38469
20,38572
20,38864
20,39042
20,39076
20,39141
20,39480
20,38655
20,39697
20,40180
20,40269
20,40307
20,40749
20,40763
20,40809
20,40868
20,40000
20,40078
20,41013
20,41087
20,41175
20,41223
20,40379
20,40422
20,40545
20,41497
20,41584
20,41817
20,41831
20,41857
20,41927
20,41039
20,42016
20,42147
20,41248
20,41282
20,41440
20,41530
20,41562
20,42607
20,42693
20,42773
20,42905
20,42938
20,43003
20,43054
20,43087
20,43149
20,43166
20,43200
20,43360
20,43392
20,42513
20,42581
20,43532
20,42650
20,42755
20,42800
20,43898
20,43195
20,44098
20,44285
20,44427
20,44472
20,43579
20,44482
20,43593
20,44514
20,44556
20,44609
20,44742
20,44756
20,44795
20,44806
20,44848
20,44114
20,45052
20,45146
20,45175
20,45268
20,44429
20,45418
20,45427
20,45515
20,45547
20,45590
20,44770
20,44771
20,44825
20,45789
20,45923
20,45115
20,46112
20,46144
20,46237
20,46243
20,46352
20,45478
20,46383
20,46504
20,45690
20,46618
20,46750
20,46963
20,46112
20,47087
20,47172
20,46274
20,47259
20,46477
20,47383
20,46607
20,46622
20,47540
20,47612
20,47727
20,47737
20,47825
20,46952
20,47055
20,48105
20,48236
20,47454
20,48416
20,48521
20,48681
20,47900
20,48208
20,49171
20,49360
20,48636
20,48862
20,49791
20,50019
20,49184
20,49341
20,50360
20,50446
20,49980
20,50940
20,50244
20,51166
20,50469
20,51518
20,51693
20,51710
20,50875
20,51049
20,52057
20,52107
20,51443
20,52580
20,52599
20,52887
20,52922
20,53087
20,52219
20,53359
20,53401
20,53593
20,53650
20,53657
20,53785
20,53986
20,53790
20,54695
20,53827
20,54091
20,55130
20,55159
20,54477
20,54740
20,55091
21,32400
21,32431
21,32873
21,31988
21,33079
21,33216
21,33231
21,33521
21,34321
21,34383
21,33539
21,34470
21,34585
21,34810
21,34842
21,33958
21,35042
21,35201
21,34371
21,34534
21,34621
21,35523
21,34666
21,35142
21,36487
21,35863
21,36968
21,37187
21,36330
21,36654
21,37929
21,37326
21,38254
21,38384
21,38565
21,38959
21,39108
21,39180
21,39527
21,40409
21,40479
21,39582
21,40515
21,40583
21,40663
21,39781
21,40830
21,40981
21,41262
21,41271
21,41281
21,41354
21,41398
21,40549
21,40579
21,40729
21,41639
21,40749
21,41659
21,41767
21,41876
21,40987
21,41022
21,42031
21,42111
21,42166
21,41316
21,42282
21,42302
21,42314
21,42319
21,41431
21,42334
21,41542
21,41557
21,41831
21,41949
21,43173
21,42286
21,42543
21,42567
21,42579
21,43595
21,43668
21,43694
21,42826
21,43872
21,42979
21,43942
21,44047
21,44095
21,44188
21,44188
21,44258
21,44297
21,44417
21,43609
21,44519
21,44579
21,44609
21,44624
21,44630
21,43773
21,44717
21,43821
21,43883
21,43930
21,44872
21,44931
21,44160
21,44184
21,45119
21,45170
21,44272
21,44308
21,45269
21,44383
21,45330
21,45378
21,45400
21,45525
21,45552
21,45795
21,45962
21,45070
21,46043
21,46100
21,46154
21,46163
21,45494
21,46529
21,45629
21,45657
21,45752
21,46676
21,46701
21,46709
21,45826
21,45952
21,46989
21,46119
21,46234
21,47140
21,47374
21,46497
21,47402
21,47413
21,47512
21,46770
21,47089
21,47114
21,47360
21,47431
21,48501
21,48509
21,48728
21,48769
21,48793
21,48821
21,48179
21,48188
21,49238
21,49518
21,48715
21,48832
21,48832
21,49796
21,50003
21,50152
21,50260
21,50403
21,50624
21,49822
21,50765
21,50793
21,50840
21,50962
21,51174
21,51351
21,50645
21,51807
21,52091
21,53077
21,52241
21,52264
21,53244
21,53417
21,52533
21,53449
21,53551
21,52767
21,53743
21,53955
21,53173
21,53212
21,54120
21,54236
21,54322
21,54501
21,54503
21,53670
21,54606
21,54826
21,54119
21,55020
21,54485
21,54935
22,32400
22,32524
22,32669
22,31772
22,31795
22,32990
22,32170
22,33147
22,32443
22,32464
22,33405
22,33410
22,33817
22,34281
22,34316
22,34520
22,34831
22,34014
22,35207
22,35454
22,37082
22,36237
22,37156
22,37852
22,37916
22,38059
22,37183
22,38848
22,39523
22,39571
22,38869
22,40261
22,39440
22,39539
22,40552
22,39670
22,40650
22,40761
22,40775
22,39899
22,40822
22,40965
22,40968
22,40118
22,41038
22,41071
22,41078
22,41135
22,41263
22,40430
22,41481
22,40689
22,41680
22,41898
22,41946
22,41080
22,42119
22,42186
22,42245
22,41357
22,42266
22,42303
22,41434
22,42342
22,42373
22,42460
22,41588
22,41598
22,41978
22,42880
22,42957
22,43014
22,42157
22,43099
22,42206
22,43152
22,43153
22,42387
22,43418
22,43423
22,42831
22,43735
22,43882
22,43006
22,43922
22,43962
22,44014
22,44027
22,43177
22,44101
22,44211
22,44265
22,44376
22,44687
22,44714
22,43938
22,44852
22,44017
22,44997
22,45229
22,45601
22,45739
22,44855
22,45771
22,45981
22,46061
22,46252
22,46317
22,46349
22,45480
22,45548
22,46469
22,46557
22,46558
22,45743
22,45833
22,45872
22,46904
22,46918
22,46050
22,46147
22,47136
22,47299
22,47301
22,47334
22,46656
22,47589
22,46820
22,47729
22,46855
22,46899
22,47874
22,48155
22,47285
22,48192
22,48337
22,48411
22,48494
22,48684
22,47823
22,48745
22,48164
22,49195
22,48354
22,49256
22,49564
22,49016
22,50027
22,50086
22,49197
22,50197
22,49833
22,50018
22,51246
22,51356
22,50456
22,51705
22,51769
22,51874
22,51055
22,52240
22,52257
22,52270
22,51381
22,52309
22,51458
22,51502
22,52651
22,52727
22,52831
22,53116
22,52386
22,53374
22,53464
22,53607
22,54009
22,54041
22,54086
22,54306
22,54349
22,54383
22,53937
22,54080
22,54106
22,55024
22,55212
22,54927
22,55224
23,32400
23,32523
23,31826
23,32820
23,32837
23,31940
23,33017
23,32312
23,33508
23,33613
23,32892
23,33948
23,33221
23,33909
23,34538
23,35722
23,35602
23,35716
23,35796
23,36804
23,37337
23,38047
23,38225
23,38311
23,38334
23,38487
23,38629
23,37742
23,37925
23,39133
23,38264
23,39286
23,39477
23,38777
23,39995
23,40347
23,40638
23,39811
23,39829
23,40802
23,40812
23,40865
23,40089
23,40125
23,41078
23,41082
23,40212
23,40219
23,40227
23,41136
23,41143
23,41657
23,41727
23,40890
23,41860
23,41934
23,42095
23,41257
23,42175
23,42256
23,42326
23,42452
23,42520
23,42525
23,42682
23,41864
23,42777
23,41960
23,42865
23,42057
23,42958
23,42980
23,43037
23,43060
23,43082
23,42304
23,42358
23,43281
23,43363
23,43448
23,43490
23,43528
23,43626
23,43647
23,42793
23,42876
23,43900
23,43136
23,44299
23,43415
23,44434
23,44478
23,43649
23,43650
23,44591
23,43797
23,44787
23,44919
23,45056
23,44171
23,44532
23,44546
23,45464
23,44714
23,44716
23,44744
23,45674
23,45747
23,44918
23,45843
23,45860
23,45986
23,45123
23,45422
23,45429
23,46489
23,46505
23,46623
23,46911
23,46978
23,47042
23,47118
23,47303
23,47502
23,47607
23,46781
23,46781
23,47822
23,47964
23,47163
23,48099
23,48327
23,48384
23,47538
23,47676
23,48641
23,48838
23,48851
23,48192
23,49205
23,49239
23,49367
23,49314
23,49592
23,50562
23,49673
23,49688
23,50664
23,50966
23,51081
23,51101
23,51288
23,51371
23,50730
23,50771
23,50799
23,50925
23,51177
23,52594
23,52614
23,52634
23,52741
23,52804
23,52876
23,52995
23,53128
23,53208
23,52472
23,53691
23,52803
23,53795
23,52991
23,53979
23,54106
23,53245
23,54384
23,54612
23,54741
23,54976
23,55032
23,54135
23,54502
23,55210
24,32400
24,32562
24,32666
24,32993
24,33028
24,32617
24,32783
24,33805
24,33847
24,33259
24,34323
24,34494
24,34928
24,35091
24,34610
24,34759
24,36042
24,35163
24,36099
24,35301
24,36711
24,35821
24,36798
24,36906
24,36009
24,37208
24,37353
24,37436
24,37574
24,37582
24,37993
24,38611
24,37856
24,37987
24,39083
24,38244
24,38919
24,39940
24,40199
24,40537
24,39677
24,40844
24,40944
24,40985
24,40989
24,41027
24,41079
24,41164
24,41245
24,41299
24,41353
24,41397
24,41480
24,40802
24,40914
24,41874
24,41936
24,41080
24,41101
24,42010
24,41151
24,41174
24,41206
24,42158
24,42546
24,41687
24,42868
24,42224
24,43142
24,43208
24,43238
24,42388
24,42399
24,43304
24,43357
24,43400
24,43401
24,43443
24,42567
24,43543
24,43552
24,43648
24,42798
24,43876
24,43952
24,43099
24,44057
24,43186
24,43305
24,43584
24,44487
24,44509
24,44552
24,44569
24,44649
24,44684
24,44917
24,44961
24,45145
24,44252
24,45162
24,44590
24,44590
24,46121
24,46197
24,46350
24,46543
24,46593
24,46618
24,45728
24,46635
24,46719
24,45877
24,46847
24,46019
24,47109
24,47194
24,46353
24,47358
24,47552
24,47575
24,47598
24,47607
24,46913
24,46952
24,46974
24,47922
24,47188
24,47267
24,48269
24,48273
24,47437
24,48578
24,48604
24,47827
24,48833
24,49167
24,48292
24,49282
24,49479
24,49512
24,49547
24,49695
24,49720
24,48845
24,49872
24,50094
24,50113
24,50189
24,50306
24,50507
24,50524
24,49655
24,49917
24,50935
24,50079
24,51229
24,51252
24,50458
24,51430
24,50616
24,51581
24,51660
24,51680
24,51741
24,51763
24,52015
24,52079
24,51304
24,52259
24,52461
24,52543
24,51779
24,52777
24,52347
24,52352
24,52717
24,52926
24,53992
24,53128
24,54033
24,53246
24,54603
24,54671
24,54725
24,55162
24,54263
24,54264
24,54266
24,55201
24,54423
24,54446
24,54487
24,54801
24,54946
25,32400
25,32622
25,32628
25,32731
25,32302
25,33246
25,33721
25,33103
25,33141
25,34312
25,34420
25,34461
25,34564
25,34596
25,34639
25,34652
25,34049
25,35033
25,35068
25,35273
25,34508
25,35548
25,35584
25,34695
25,34841
25,35897
25,36585
25,36676
25,35911
25,36823
25,35942
25,36268
25,37169
25,37383
25,37820
25,37281
25,37421
25,38356
25,37512
25,38504
25,37604
25,38553
25,37731
25,37732
25,38745
25,37924
25,38874
25,38118
25,39374
25,39381
25,38556
25,39484
25,38876
25,40062
25,40199
25,40267
25,40340
25,39495
25,40514
25,40670
25,40681
25,41003
25,41067
25,41142
25,40296
25,41206
25,40317
25,41289
25,40702
25,41684
25,41705
25,41766
25,40949
25,41868
25,41920
25,41212
25,41305
25,42443
25,41661
25,42753
25,41887
25,42969
25,42974
25,42996
25,43023
25,42224
25,42230
25,43257
25,43349
25,43375
25,43717
25,43776
25,43984
25,44229
25,44329
25,44352
25,44366
25,44528
25,43831
25,43957
25,44000
25,44986
25,45011
25,45101
25,44400
25,44462
25,45531
25,45585
25,45689
25,45731
25,44842
25,45123
25,46046
25,45155
25,46090
25,46223
25,45352
25,46271
25,46302
25,46389
25,45529
25,46452
25,46456
25,46531
25,46637
25,45754
25,46729
25,45902
25,46806
25,45921
25,46850
25,46057
25,47083
25,46228
25,47172
25,47386
25,47417
25,47465
25,47621
25,48001
25,48066
25,47198
25,48219
25,48273
25,48875
25,48977
25,48446
25,49443
25,49577
25,49860
25,50111
25,50177
25,50361
25,49517
25,50651
25,50672
25,49837
25,50149
25,51057
25,50375
25,50636
25,51649
25,51715
25,52030
25,52334
25,52779
25,53190
25,53399
25,53468
25,53758
25,52921
25,53130
25,53190
25,53606
25,54802
25,54904
25,55028
25,54681
25,54843
25,54996
26,32400
26,32491
26,32775
26,32972
26,33291
26,33295
26,33484
26,33680
26,34663
26,33797
26,34833
26,34969
26,35241
26,34994
26,35974
26,36111
26,35255
26,36357
26,36454
26,35701
26,36737
26,36744
26,36821
26,36197
26,37310
26,36644
26,37614
26,37106
26,38181
26,37460
26,38387
26,37692
26,37733
26,38863
26,39014
26,38156
26,39112
26,39138
26,39552
26,38653
26,39648
26,39706
26,39708
26,38820
26,40106
26,40218
26,40365
26,39515
26,40433
26,40622
26,40732
26,39956
26,40939
26,40946
26,41009
26,40267
26,41217
26,41221
26,41467
26,41575
26,41585
26,41595
26,41635
26,41678
26,41751
26,41765
26,41814
26,41828
26,40933
26,41842
26,40989
26,41908
26,41922
26,41071
26,41102
26,42142
26,42222
26,42227
26,42270
26,41383
26,41391
26,42323
26,42345
26,42551
26,42659
26,42774
26,42775
26,41983
26,42970
26,42975
26,42989
26,43017
26,43020
26,43063
26,42192
26,42322
26,43227
26,42397
26,43359
26,43407
26,43412
26,42608
26,43531
26,43632
26,43634
26,42738
26,43704
26,43706
26,43773
26,43803
26,42940
26,43845
26,43864
26,43875
26,44289
26,44299
26,43440
26,44418
26,44506
26,43627
26,44569
26,44666
26,44712
26,43812
26,44886
26,44003
26,44026
26,44063
26,44978
26,44157
26,44295
26,45216
26,45243
26,45267
26,44518
26,45478
26,45488
26,45544
26,45569
26,45803
26,45806
26,45937
26,45970
26,45219
26,46205
26,45508
26,45571
26,45674
26,46668
26,46687
26,45914
26,46916
26,46947
26,46952
26,46259
26,47181
26,46329
26,47290
26,47559
26,47639
26,46846
26,46922
26,47866
26,47914
26,47937
26,47939
26,48198
26,47552
26,48640
26,47815
26,48885
26,47985
26,48901
26,48959
26,48988
26,49007
26,49013
26,49077
26,49216
26,49273
26,48439
26,49450
26,48555
26,49458
26,49482
26,48660
26,48686
26,49723
26,49107
26,50070
26,50097
26,50116
26,50128
26,49449
26,50558
26,50564
26,50615
26,50704
26,50778
26,49894
26,50807
26,50943
26,50045
26,50268
26,51211
26,51248
26,51301
26,51459
26,50664
26,50979
26,52039
26,52179
26,52231
26,51527
26,52432
26,52488
26,51743
26,51961
26,53144
26,53366
26,52648
26,53631
26,53632
26,54115
26,54226
26,54250
26,54302
26,53477
26,54407
26,54642
26,54926
26,54938
26,55172
26,54527
26,54571
26,54822
26,54922
26,55057
27,32400
27,32412
27,32654
27,32979
27,33205
27,32745
27,34231
27,34532
27,34552
27,34733
27,34755
27,35473
27,35542
27,35710
27,35719
27,34894
27,34945
27,35081
27,35991
27,35149
27,35331
27,35679
27,36791
27,36802
27,37104
27,36206
27,37292
27,36934
27,37006
27,37950
27,38583
27,37748
27,38009
27,38948
27,38131
27,39125
27,39144
27,39314
27,39316
27,38426
27,39614
27,39732
27,40046
27,40054
27,39163
27,39210
27,40286
27,40424
27,40898
27,40933
27,40981
27,40984
27,40271
27,41378
27,41380
27,40508
27,41438
27,41552
27,41860
27,42007
27,42063
27,41195
27,42284
27,42325
27,41506
27,42494
27,42736
27,42750
27,42790
27,42961
27,43094
27,43142
27,43169
27,42417
27,43348
27,43358
27,43450
27,43474
27,43476
27,43616
27,43710
27,43806
27,43893
27,44037
27,43195
27,44182
27,44193
27,44244
27,44415
27,44447
27,44571
27,43672
27,43738
27,44874
27,44047
27,44978
27,44239
27,44292
27,44323
27,44341
27,45245
27,45260
27,45303
27,44542
27,44782
27,44803
27,45882
27,45907
27,46024
27,45171
27,46097
27,46168
27,45278
27,45338
27,45394
27,46354
27,46447
27,46647
27,46818
27,46880
27,46898
27,46934
27,47001
27,47030
27,46176
27,47203
27,46309
27,46367
27,47336
27,46550
27,48410
27,48505
27,48677
27,47837
27,47866
27,48794
27,48795
27,47899
27,48801
27,48014
27,48946
27,48349
27,48455
27,49410
27,49497
27,49500
27,49548
27,48716
27,49717
27,49720
27,50100
27,49224
27,50218
27,50629
27,50656
27,50845
27,50898
27,50068
27,51302
27,50486
27,50509
27,50762
27,51729
27,51765
27,51885
27,51083
27,52023
27,51138
27,52094
27,52268
27,52528
27,52537
27,51665
27,52727
27,52850
27,52862
27,52875
27,53067
27,53111
27,52533
27,52549
27,52643
27,53555
27,53620
27,52793
27,53719
27,53766
27,53291
27,54466
27,54472
27,54508
27,53662
27,54699
27,54721
27,53831
27,54296
27,54413
27,54964
27,55230
28,32400
28,33005
28,33193
28,32327
28,33250
28,33277
28,33748
28,33123
28,34027
28,34048
28,33276
28,33681
28,34825
28,34901
28,35009
28,35333
28,34520
28,35469
28,36061
28,36411
28,35626
28,35804
28,35983
28,36929
28,37102
28,36309
28,36348
28,36554
28,36734
28,37064
28,38016
28,38228
28,38423
28,38468
28,38482
28,38538
28,38684
28,38692
28,38983
28,39065
28,39307
28,38725
28,39791
28,39828
28,39887
28,40265
28,39590
28,39697
28,39810
28,39953
28,40894
28,40022
28,40036
28,40070
28,40989
28,40112
28,41086
28,41098
28,41278
28,41372
28,41390
28,41517
28,40693
28,40897
28,41799
28,40972
28,41899
28,42079
28,41189
28,42212
28,42268
28,42280
28,41428
28,42329
28,42349
28,42520
28,42019
28,42963
28,42110
28,42459
28,42673
28,43616
28,43732
28,43878
28,44021
28,43124
28,44028
28,44105
28,44124
28,44178
28,44208
28,44270
28,44272
28,44285
28,44312
28,44350
28,43513
28,44522
28,44656
28,44679
28,44785
28,43981
28,44023
28,44928
28,44238
28,44301
28,45302
28,44430
28,44533
28,45452
28,44593
28,45524
28,45567
28,45709
28,45723
28,45796
28,45024
28,45950
28,45972
28,46081
28,45217
28,46167
28,45348
28,46253
28,46418
28,46437
28,46526
28,46711
28,46041
28,47019
28,47110
28,47151
28,47345
28,47374
28,47474
28,47779
28,47839
28,46969
28,48135
28,47277
28,47581
28,48531
28,48612
28,47786
28,48918
28,48952
28,48960
28,49164
28,49340
28,49364
28,50046
28,49146
28,50437
28,49590
28,50592
28,49708
28,50814
28,50077
28,50996
28,51069
28,51239
28,51474
28,51889
28,51253
28,51460
28,52659
28,51808
28,52936
28,52361
28,52363
28,53351
28,53364
28,53460
28,52612
28,53523
28,53541
28,53653
28,53770
28,53903
28,53919
28,53924
28,54229
28,53448
28,53503
28,53551
28,54548
28,54725
28,54846
28,54854
28,54048
28,54954
28,55155
28,54314
28,55254
28,54607
28,54701
29,32400
29,31813
29,33082
29,33295
29,33469
29,32809
29,34013
29,33142
29,34058
29,34174
29,34304
29,34330
29,33685
29,34598
29,34717
29,34739
29,34938
29,35168
29,34584
29,34952
29,36076
29,36081
29,35221
29,36186
29,35352
29,36320
29,36333
29,36532
29,36906
29,37206
29,36605
29,37681
29,37033
29,37056
29,37968
29,37070
29,37108
29,38105
29,37291
29,37454
29,37563
29,37676
29,38584
29,37781
29,38711
29,38740
29,38069
29,39000
29,39400
29,38784
29,39772
29,39905
29,39193
29,40100
29,40122
29,40179
29,40325
29,39542
29,40449
29,40468
29,40615
29,40617
29,39718
29,40761
29,40962
29,41006
29,41160
29,40316
29,41535
29,41670
29,41825
29,41827
29,41951
29,42064
29,41181
29,42121
29,42259
29,42392
29,42426
29,42429
29,41591
29,42492
29,42515
29,41628
29,41653
29,42658
29,41908
29,42958
29,42964
29,42128
29,43037
29,43093
29,43154
29,43163
29,43234
29,42352
29,42372
29,43329
29,42609
29,43515
29,43546
29,43576
29,43600
29,42707
29,43688
29,42818
29,43746
29,43748
29,43792
29,43805
29,43815
29,43843
29,43013
29,43918
29,43059
29,43991
29,44011
29,43396
29,44329
29,44356
29,43508
29,44478
29,43664
29,43670
29,44595
29,44629
29,43782
29,44745
29,43972
29,44089
29,44401
29,44621
29,45545
29,45547
29,44738
29,44769
29,45711
29,45797
29,44898
29,45888
29,45078
29,45983
29,45129
29,46164
29,46190
29,46193
29,46272
29,46347
29,46383
29,46563
29,45680
29,45744
29,46756
29,46853
29,46894
29,45994
29,46981
29,47058
29,47075
29,47277
29,47328
29,46444
29,47390
29,47417
29,47520
29,47528
29,46647
29,46651
29,47599
29,47761
29,47904
29,48007
29,48047
29,48379
29,47665
29,48640
29,47744
29,47779
29,47802
29,48805
29,48858
29,49039
29,48668
29,48709
29,48719
29,49638
29,49860
29,49938
29,49987
29,50073
29,50227
29,50273
29,50291
29,50388
29,50457
29,50552
29,49681
29,49778
29,49816
29,49825
29,49844
29,49969
29,50972
29,51097
29,51131
29,51148
29,50256
29,51237
29,51288
29,51529
29,51811
29,51870
29,51037
29,51966
29,51351
29,52345
29,51483
29,52395
29,52677
29,51890
29,52809
29,51996
29,52908
29,52009
29,53090
29,53703
29,53008
29,53968
29,54018
29,53146
29,54092
29,54255
29,54326
29,54330
29,53518
29,53619
29,54635
29,54754
29,53856
29,54757
29,54925
29,54942
29,55139
29,54285
29,54319
29,54885
29,55170
30,32400
30,32409
30,32613
30,32646
30,32717
30,32926
30,33045
30,32148
30,33167
30,32414
30,32423
30,33780
30,33916
30,34014
30,34139
30,34213
30,34221
30,33697
30,33846
30,34428
30,35443
30,35655
30,35325
30,36253
30,35357
30,36359
30,36553
30,36571
30,35735
30,36686
30,36747
30,35937
30,36883
30,36900
30,37006
30,37457
30,37644
30,37059
30,38011
30,38025
30,37181
30,38133
30,38730
30,38755
30,38172
30,39111
30,38350
30,38466
30,38673
30,38703
30,39642
30,38779
30,39688
30,40079
30,40095
30,40130
30,40151
30,40339
30,40416
30,39600
30,39659
30,40593
30,40630
30,40681
30,40790
30,39891
30,40942
30,41083
30,40217
30,41456
30,40738
30,41676
30,41809
30,40971
30,41011
30,41125
30,42037
30,42221
30,42231
30,42267
30,42298
30,41487
30,42449
30,42573
30,42668
30,42731
30,41902
30,41972
30,42892
30,42902
30,42943
30,42945
30,42162
30,43114
30,42299
30,43239
30,42358
30,42363
30,42393
30,43367
30,43371
30,43433
30,43527
30,43597
30,43663
30,43678
30,43716
30,42830
30,43752
30,43892
30,44026
30,43224
30,44257
30,43365
30,44322
30,43427
30,43446
30,44701
30,44790
30,44963
30,44167
30,44259
30,45195
30,45208
30,44317
30,44591
30,44652
30,44725
30,45718
30,45757
30,44934
30,45848
30,45852
30,46242
30,45529
30,45586
30,46770
30,46930
30,46090
30,46156
30,46225
30,46231
30,47144
30,47267
30,46481
30,47488
30,47656
30,46830
30,47759
30,47794
30,46942
30,47903
30,47946
30,47969
30,47974
30,48014
30,48065
30,48108
30,48455
30,47710
30,48645
30,49253
30,49314
30,49536
30,49872
30,49905
30,50162
30,50402
30,50412
30,49724
30,50758
30,50888
30,50964
30,51309
30,50418
30,50563
30,51509
30,50720
30,51680
30,51750
30,51793
30,51856
30,52011
30,52024
30,52181
30,52191
30,52305
30,52356
30,52444
30,52597
30,52611
30,51818
30,52796
30,51936
30,52053
30,52971
30,53124
30,53288
30,53626
30,53709
30,53753
30,52976
30,53963
30,53201
30,54194
30,54277
30,53442
30,54372
30,53553
30,54562
30,53898
30,53922
30,54938
30,54938
30,54408
30,55057
31,32400
31,32470
31,31649
31,31948
31,32889
31,33122
31,33147
31,33396
31,33755
31,33797
31,33866
31,34024
31,34348
31,33525
31,34494
31,33752
31,34750
31,34801
31,35142
31,34289
31,35262
31,35476
31,35571
31,36177
31,36237
31,36318
31,36383
31,36435
31,35709
31,36722
31,37112
31,37473
31,36938
31,36955
31,36984
31,38143
31,38237
31,38482
31,37828
31,39136
31,38240
31,39313
31,39394
31,39595
31,40065
31,40135
31,39257
31,40158
31,40195
31,40205
31,40227
31,40238
31,40314
31,40412
31,40525
31,40531
31,40600
31,40834
31,40858
31,40959
31,40146
31,41238
31,41294
31,41434
31,41481
31,40631
31,40634
31,40737
31,41646
31,41672
31,40800
31,41719
31,41738
31,40972
31,41902
31,42049
31,41162
31,42102
31,42195
31,42197
31,41341
31,42248
31,41469
31,42392
31,41542
31,41735
31,42750
31,41900
31,42866
31,42867
31,42960
31,43023
31,42130
31,43051
31,43119
31,42301
31,43221
31,43234
31,43285
31,42507
31,43696
31,42836
31,43807
31,42992
31,43910
31,43990
31,43329
31,44336
31,43440
31,44370
31,44508
31,43782
31,43797
31,44786
31,44850
31,44973
31,45137
31,44245
31,45184
31,44341
31,45310
31,45329
31,45350
31,45354
31,45583
31,45614
31,45615
31,45623
31,44758
31,45878
31,45880
31,46033
31,46079
31,46081
31,45221
31,46145
31,46181
31,46305
31,46395
31,46449
31,46467
31,46473
31,45675
31,46679
31,46703
31,45878
31,46806
31,46816
31,45949
31,46898
31,46003
31,47094
31,47445
31,46597
31,47526
31,46820
31,46827
31,47735
31,47794
31,46937
31,48151
31,48249
31,48681
31,48690
31,48717
31,47842
31,49027
31,49229
31,49434
31,49497
31,48599
31,49575
31,48765
31,50052
31,49329
31,49415
31,50353
31,49700
31,50799
31,50904
31,51090
31,51198
31,51207
31,51390
31,50531
31,50564
31,51681
31,50868
31,50894
31,51864
31,51148
31,52056
31,51364
31,52294
31,52306
31,52366
31,52626
31,52724
31,52754
31,53057
31,53606
31,52805
31,52946
31,53978
31,53198
31,53261
31,54259
31,54349
31,54446
31,54466
31,54481
31,54611
31,54613
31,53753
31,54882
31,53989
31,54950
31,54133
31,54211
31,55132
32,32400
32,31503
32,32476
32,32477
32,32649
32,32661
32,33045
32,32202
32,33145
32,33326
32,32452
32,34072
32,33240
32,34492
32,34513
32,34785
32,34789
32,33921
32,34846
32,35096
32,35197
32,35288
32,35400
32,35434
32,35541
32,36035
32,35156
32,36482
32,36890
32,36089
32,36215
32,37177
32,37421
32,36968
32,37872
32,37916
32,37408
32,38841
32,39301
32,39469
32,38632
32,40073
32,39360
32,40468
32,40568
32,40637
32,40750
32,40818
32,40862
32,40898
32,40984
32,41038
32,40157
32,40299
32,40472
32,40493
32,41661
32,41783
32,41819
32,41821
32,40951
32,42043
32,42197
32,41305
32,41341
32,42454
32,42467
32,42553
32,41669
32,41711
32,41718
32,42656
32,42721
32,42826
32,42913
32,42928
32,42976
32,43070
32,43206
32,43254
32,43282
32,43304
32,42732
32,42756
32,43770
32,43851
32,44019
32,44061
32,44086
32,43192
32,43202
32,44256
32,43377
32,44315
32,43463
32,43590
32,43594
32,43670
32,43703
32,44676
32,44698
32,44741
32,44026
32,44934
32,44082
32,44112
32,45032
32,45119
32,45137
32,45150
32,45159
32,45233
32,45289
32,44565
32,44635
32,45617
32,44761
32,44779
32,44809
32,45735
32,45918
32,46009
32,45123
32,45353
32,46258
32,45499
32,45574
32,45590
32,46702
32,45823
32,46741
32,46011
32,46951
32,46974
32,46087
32,47061
32,47071
32,47148
32,46282
32,47212
32,46337
32,46364
32,47544
32,46720
32,47833
32,47185
32,48169
32,48173
32,47328
32,48492
32,48534
32,47644
32,47658
32,48646
32,48870
32,48964
32,48982
32,49045
32,49223
32,49298
32,48470
32,49562
32,49577
32,49651
32,48761
32,49736
32,49842
32,49890
32,49103
32,50162
32,49680
32,50621
32,50622
32,50683
32,50751
32,50811
32,50029
32,50933
32,51118
32,50265
32,50304
32,50632
32,51588
32,51612
32,50987
32,51964
32,51981
32,52031
32,52279
32,52455
32,51624
32,52537
32,52618
32,52735
32,52210
32,53145
32,53206
32,53223
32,53258
32,53287
32,53294
32,52497
32,53501
32,53549
32,53555
32,53574
32,53593
32,53683
32,53811
32,53958
32,54110
32,54330
32,54358
32,53544
32,54742
32,54820
32,54079
32,55004
32,54516
32,54917
33,32400
33,32683
33,32734
33,32839
33,33409
33,32685
33,32707
33,33957
33,34005
33,34038
33,34067
33,33325
33,34507
33,34539
33,34481
33,35756
33,36143
33,36355
33,36388
33,35539
33,36449
33,35658
33,36850
33,36856
33,37305
33,37477
33,36815
33,37746
33,36994
33,37105
33,38060
33,37704
33,38731
33,38763
33,38822
33,38850
33,38021
33,39089
33,38212
33,39426
33,39792
33,39897
33,39971
33,40051
33,40060
33,40274
33,40461
33,39607
33,40528
33,40534
33,40999
33,41072
33,40262
33,41183
33,40288
33,41190
33,41205
33,41220
33,41224
33,40384
33,40414
33,41334
33,41448
33,41465
33,41467
33,40638
33,41558
33,41567
33,41588
33,41748
33,40860
33,41799
33,42001
33,41225
33,42128
33,42137
33,42142
33,42166
33,42283
33,42352
33,42583
33,41949
33,43009
33,43016
33,43036
33,42206
33,42298
33,43218
33,43293
33,43466
33,42629
33,42705
33,43711
33,43766
33,42891
33,43798
33,42903
33,44059
33,44291
33,44350
33,44514
33,44584
33,44753
33,43859
33,43981
33,44925
33,44927
33,44946
33,44202
33,44383
33,45323
33,44505
33,44536
33,44617
33,45525
33,44644
33,44652
33,45687
33,44824
33,45744
33,45753
33,45923
33,45043
33,45217
33,46138
33,46210
33,45371
33,45403
33,45519
33,46462
33,46737
33,46152
33,47175
33,46380
33,47464
33,47502
33,47631
33,46810
33,46821
33,46860
33,47778
33,46905
33,46961
33,47996
33,48445
33,48773
33,48054
33,49032
33,49048
33,48150
33,49113
33,49262
33,48831
33,48846
33,49366
33,50274
33,50386
33,49721
33,49846
33,49850
33,49872
33,50776
33,51339
33,51340
33,51408
33,50536
33,51472
33,51649
33,51887
33,51920
33,52097
33,52101
33,52786
33,52891
33,52162
33,52369
33,53297
33,53348
33,53394
33,52649
33,54060
33,54161
33,54431
33,53625
33,54534
33,54591
33,54643
33,54656
33,53781
33,53788
33,54776
33,53927
33,54993
33,55182
33,54818
33,55224
34,32400
34,32410
34,32543
34,32556
34,32588
34,32701
34,32887
34,32748
34,33856
34,33873
34,34114
34,33221
34,33361
34,34597
34,34742
34,35087
34,35224
34,35227
34,35693
34,34949
34,35874
34,35430
34,36463
34,36488
34,35678
34,36629
34,36851
34,35972
34,37533
34,36682
34,37651
34,37919
34,38027
34,38085
34,37571
34,37804
34,37912
34,37973
34,39272
34,39450
34,39497
34,39804
34,39905
34,40188
34,40307
34,40516
34,40538
34,40545
34,39723
34,40700
34,40778
34,40856
34,40880
34,39981
34,41046
34,41073
34,41122
34,41169
34,40273
34,41220
34,41249
34,40424
34,40445
34,40543
34,41459
34,41677
34,41685
34,41703
34,41727
34,41753
34,40932
34,41902
34,41016
34,41926
34,41319
34,41407
34,42327
34,42608
34,41763
34,42696
34,42914
34,42056
34,42102
34,43058
34,43062
34,43083
34,42231
34,42236
34,43210
34,42394
34,43426
34,43451
34,43469
34,43504
34,43512
34,43524
34,43546
34,43660
34,43678
34,43707
34,43721
34,43746
34,43795
34,43802
34,42919
34,44167
34,44258
34,44352
34,44399
34,43569
34,44520
34,44548
34,44555
34,43658
34,43688
34,44646
34,43989
34,44162
34,45283
34,44396
34,45315
34,44426
34,45346
34,45434
34,44547
34,45560
34,44762
34,45678
34,45802
34,45861
34,45879
34,45000
34,46068
34,46131
34,46222
34,46431
34,45572
34,46576
34,46577
34,45935
34,46847
34,47051
34,47096
34,47197
34,46584
34,47604
34,46727
34,46916
34,48029
34,48359
34,47752
34,47757
34,47847
34,47861
34,48046
34,48966
34,49217
34,49431
34,49523
34,49526
34,49809
34,49809
34,49855
34,49941
34,50088
34,49280
34,49313
34,50244
34,49442
34,49452
34,50520
34,50727
34,49976
34,51104
34,51192
34,51279
34,51593
34,51916
34,51362
34,52414
34,51551
34,52580
34,52630
34,52075
34,52997
34,52127
34,53031
34,52413
34,53587
34,53608
34,53633
34,53698
34,53699
34,52816
34,53014
34,53119
34,53121
34,54145
34,54202
34,53382
34,53458
34,54469
34,54556
34,54771
34,53910
34,55003
34,54258
34,54797
34,55014
34,55126
35,32400
35,32467
35,31695
35,31879
35,32791
35,32923
35,32035
35,32173
35,33215
35,32655
35,33608
35,33616
35,33628
35,32852
35,34120
35,33287
35,33321
35,34256
35,34274
35,34326
35,34393
35,34403
35,34572
35,33707
35,33779
35,33806
35,35324
35,34572
35,35529
35,35576
35,35598
35,35860
35,35905
35,36222
35,36415
35,36486
35,36613
35,36920
35,37363
35,37448
35,36776
35,36855
35,37820
35,38027
35,38461
35,37595
35,37747
35,38758
35,38931
35,38371
35,39327
35,39878
35,40192
35,40253
35,40401
35,39683
35,39742
35,40672
35,39779
35,40693
35,40791
35,39900
35,40815
35,40987
35,41102
35,40202
35,41126
35,40233
35,41184
35,40296
35,41197
35,41225
35,41237
35,41245
35,40388
35,40407
35,41399
35,41417
35,41471
35,40685
35,40806
35,41813
35,41011
35,41966
35,41980
35,41981
35,41148
35,41246
35,42291
35,42327
35,41564
35,41604
35,42604
35,41790
35,42826
35,42833
35,42849
35,42882
35,42929
35,42044
35,43061
35,43069
35,43131
35,42251
35,42414
35,43443
35,42633
35,42665
35,43679
35,43877
35,43098
35,44069
35,43247
35,44181
35,44196
35,44202
35,44244
35,44259
35,44318
35,43418
35,44348
35,44463
35,44484
35,43609
35,44589
35,44598
35,44604
35,44667
35,43923
35,43992
35,44893
35,44014
35,44959
35,44107
35,44133
35,44156
35,45297
35,45323
35,44531
35,44606
35,45593
35,45610
35,45723
35,45901
35,45086
35,46023
35,45168
35,45170
35,46097
35,46413
35,45552
35,46573
35,46719
35,46747
35,46829
35,46065
35,46076
35,47265
35,46373
35,47535
35,47593
35,46807
35,46910
35,46933
35,48019
35,48135
35,48632
35,48669
35,48907
35,48955
35,48982
35,49079
35,49092
35,49295
35,48523
35,49426
35,49476
35,49535
35,48650
35,48665
35,48750
35,49680
35,49979
35,49992
35,50051
35,50094
35,50749
35,49937
35,51825
35,51901
35,52045
35,51183
35,51281
35,52681
35,51976
35,52063
35,52305
35,53265
35,52696
35,52700
35,53607
35,52757
35,52782
35,53824
35,54209
35,53388
35,54447
35,54509
35,53658
35,54579
35,54738
35,54894
35,54906
35,54085
35,54086
35,55185
35,55185
35,55203
35,54639
35,54771
36,32400
36,32466
36,32855
36,32027
36,32122
36,33285
36,33336
36,33687
36,32963
36,33961
36,34004
36,34335
36,33658
36,34722
36,34906
36,34919
36,34253
36,35263
36,35410
36,35547
36,35847
36,35925
36,35115
36,35731
36,36862
36,35986
36,36928
36,36948
36,37092
36,37101
36,37371
36,37982
36,38083
36,38094
36,38174
36,38574
36,37779
36,38765
36,38944
36,39266
36,38406
36,38418
36,38454
36,39434
36,39591
36,39254
36,39258
36,40440
36,40459
36,40476
36,40501
36,40581
36,39707
36,40733
36,40841
36,40868
36,41089
36,41092
36,41175
36,40280
36,40292
36,40373
36,40746
36,41698
36,41743
36,41775
36,41800
36,41937
36,41289
36,42219
36,42257
36,42407
36,42419
36,42528
36,42573
36,41707
36,42855
36,43100
36,42265
36,43201
36,43247
36,42350
36,43287
36,43296
36,43350
36,43350
36,43409
36,42572
36,43573
36,42798
36,43923
36,43976
36,43989
36,43990
36,43129
36,44132
36,43399
36,43409
36,43521
36,43548
36,44560
36,44609
36,43761
36,44701
36,44753
36,43931
36,44019
36,44932
36,44123
36,44135
36,44147
36,44175
36,44188
36,45199
36,45278
36,45473
36,45488
36,44711
36,44776
36,45836
36,45929
36,45247
36,46155
36,46160
36,46171
36,46234
36,46304
36,46340
36,45444
36,45506
36,45517
36,46433
36,46608
36,46648
36,46714
36,46800
36,46924
36,47172
36,47203
36,47240
36,47264
36,46402
36,47424
36,46736
36,46742
36,46817
36,47907
36,47505
36,48543
36,48679
36,48296
36,48501
36,49517
36,49762
36,49987
36,49239
36,50308
36,50417
36,50533
36,49645
36,49885
36,50788
36,50105
36,51183
36,50501
36,51758
36,50921
36,51048
36,52376
36,52506
36,52738
36,51857
36,53100
36,53106
36,53122
36,53150
36,52264
36,53189
36,53442
36,53452
36,53515
36,52680
36,53609
36,53796
36,54209
36,54281
36,54560
36,54588
36,53726
36,54640
36,54638
36,54663
37,32400
37,32471
37,33184
37,33217
37,33440
37,32721
37,33625
37,33662
37,33989
37,33121
37,34301
37,34369
37,34538
37,33808
37,34709
37,34784
37,33984
37,34940
37,35044
37,35056
37,34259
37,35358
37,35477
37,34652
37,35822
37,35850
37,36068
37,36358
37,36379
37,35953
37,36334
37,37504
37,37510
37,37879
37,37025
37,38053
37,37612
37,38535
37,38570
37,39323
37,39379
37,38529
37,38678
37,39807
37,38921
37,39958
37,39296
37,40335
37,39497
37,39524
37,40532
37,39927
37,40842
37,40983
37,41007
37,41027
37,41113
37,40262
37,41199
37,40562
37,41467
37,41494
37,41575
37,40819
37,41829
37,41913
37,41914
37,41956
37,41963
37,42050
37,41262
37,42365
37,41528
37,42596
37,42648
37,42668
37,42782
37,42784
37,42791
37,41936
37,42034
37,42939
37,42979
37,42257
37,43227
37,43232
37,42417
37,43495
37,43541
37,43557
37,43677
37,44001
37,43312
37,44243
37,43431
37,44352
37,43508
37,44472
37,44526
37,43627
37,44583
37,44638
37,43776
37,44779
37,44796
37,44938
37,44947
37,44960
37,45104
37,45164
37,45206
37,45297
37,44464
37,45526
37,44641
37,44647
37,45578
37,44908
37,45843
37,44959
37,45008
37,45033
37,46022
37,45215
37,45339
37,45375
37,45422
37,45483
37,46532
37,46748
37,46828
37,46980
37,46993
37,46320
37,46525
37,47655
37,47755
37,46859
37,47897
37,48018
37,48033
37,48082
37,48124
37,48202
37,48219
37,48456
37,48500
37,48546
37,47663
37,48675
37,48683
37,48829
37,48088
37,48209
37,49165
37,49447
37,48809
37,48993
37,50342
37,50623
37,50789
37,50974
37,50190
37,51290
37,50466
37,51539
37,51660
37,50888
37,51798
37,52482
37,52575
37,51703
37,52636
37,52743
37,52898
37,53126
37,53229
37,53433
37,52603
37,52822
37,53741
37,53877
37,53063
37,53184
37,54224
37,53375
37,54285
37,53416
37,54318
37,53442
37,53444
37,54675
37,53863
37,54787
37,55011
37,55027
37,54160
37,54531
37,54946
37,55188
38,32400
38,32756
38,33049
38,33891
38,34389
38,34448
38,34643
38,33758
38,34261
38,35371
38,35681
38,36001
38,36024
38,35190
38,36148
38,35253
38,36568
38,37377
38,37715
38,37846
38,38104
38,37790
38,38289
38,38330
38,39235
38,39309
38,38583
38,39601
38,39751
38,39071
38,40164
38,40241
38,40245
38,40353
38,40395
38,40441
38,39571
38,40542
38,40579
38,40618
38,39834
38,40950
38,41098
38,41123
38,41183
38,40313
38,41305
38,40438
38,41401
38,41510
38,41544
38,41572
38,41579
38,40721
38,41643
38,41659
38,40786
38,40792
38,41851
38,41966
38,42116
38,41253
38,42292
38,42323
38,41521
38,42463
38,42516
38,42587
38,42600
38,42615
38,42691
38,41840
38,41968
38,42945
38,42977
38,42978
38,42979
38,43007
38,43072
38,42201
38,42373
38,42429
38,43383
38,43459
38,42562
38,43479
38,42747
38,43650
38,43727
38,42848
38,43862
38,42994
38,43015
38,44070
38,43214
38,44153
38,44186
38,44212
38,43340
38,44244
38,44292
38,43415
38,44348
38,44373
38,44537
38,44611
38,43852
38,44782
38,44801
38,44871
38,43977
38,44023
38,44042
38,44070
38,45050
38,45195
38,45208
38,45222
38,44452
38,44582
38,45493
38,45627
38,45643
38,45696
38,45784
38,45819
38,44926
38,45864
38,45950
38,45954
38,46089
38,46194
38,46237
38,45491
38,46474
38,46531
38,45632
38,46761
38,47013
38,47154
38,47247
38,47385
38,46880
38,47799
38,47058
38,47124
38,47140
38,48242
38,48416
38,47615
38,48716
38,49122
38,48305
38,49377
38,49399
38,49411
38,49748
38,49780
38,49821
38,49187
38,49314
38,50297
38,50335
38,49493
38,50467
38,50504
38,49612
38,50561
38,50721
38,50787
38,50401
38,51323
38,51472
38,51532
38,51640
38,51670
38,51774
38,51041
38,52016
38,52150
38,52707
38,51821
38,52825
38,52842
38,53082
38,52231
38,52271
38,53310
38,52433
38,53352
38,53366
38,53478
38,53498
38,52724
38,52743
38,53848
38,53929
38,53936
38,54099
38,53250
38,54248
38,54539
38,54671
38,54708
38,54786
38,54893
38,54965
38,54247
38,55039
38,55231
39,32400
39,32634
39,33067
39,33380
39,32662
39,33707
39,33880
39,33251
39,33529
39,33971
39,35220
39,35253
39,34653
39,35726
39,34932
39,35482
39,35787
39,36701
39,37197
39,37200
39,37327
39,36512
39,37415
39,37459
39,36879
39,37841
39,37107
39,38033
39,38627
39,38735
39,38261
39,39256
39,38638
39,40142
39,40225
39,40275
39,39474
39,40508
39,39618
39,40529
39,40753
39,40791
39,40824
39,40825
39,39925
39,40828
39,40981
39,41066
39,40218
39,41316
39,41319
39,40452
39,40473
39,41488
39,41561
39,41587
39,40739
39,41739
39,41765
39,41829
39,41097
39,42091
39,41197
39,42296
39,42359
39,42407
39,42413
39,41602
39,42622
39,42877
39,42976
39,42165
39,43119
39,42229
39,42302
39,43227
39,43355
39,42524
39,42578
39,43493
39,43591
39,42691
39,42854
39,42903
39,42952
39,43177
39,44224
39,44276
39,44330
39,43553
39,44462
39,44545
39,44581
39,44623
39,44806
39,44041
39,44102
39,44195
39,45109
39,45166
39,45207
39,44323
39,45344
39,45469
39,44725
39,44845
39,45785
39,45790
39,45868
39,46080
39,46178
39,46195
39,46234
39,45373
39,46288
39,46484
39,45596
39,45682
39,46628
39,45867
39,46822
39,45977
39,46073
39,47077
39,47090
39,47159
39,46282
39,47212
39,47268
39,47292
39,47374
39,47532
39,47627
39,47637
39,47875
39,47043
39,48027
39,48035
39,47183
39,47325
39,48354
39,48515
39,48781
39,47884
39,47973
39,49008
39,49068
39,49084
39,49086
39,48251
39,48418
39,49360
39,49454
39,49692
39,48906
39,49813
39,48928
39,49017
39,50057
39,50077
39,50325
39,50367
39,49498
39,50481
39,50505
39,49731
39,50775
39,50838
39,50974
39,50980
39,51095
39,51264
39,51626
39,50798
39,50814
39,51833
39,51024
39,52185
39,51453
39,51686
39,52592
39,52626
39,53048
39,52275
39,53494
39,53545
39,53661
39,53966
39,54020
39,54230
39,53341
39,54263
39,54424
39,54472
39,54601
39,53761
39,54802
39,54909
39,54931
39,54944
39,54477
39,54906
39,54933
39,55006
40,32400
40,32559
40,32602
40,32680
40,32781
40,32085
40,33032
40,32168
40,33200
40,33236
40,33253
40,33257
40,33307
40,32796
40,32849
40,33845
40,33939
40,33048
40,33135
40,34238
40,33420
40,33655
40,33869
40,34797
40,34018
40,34026
40,35124
40,35340
40,35430
40,35465
40,35747
40,35017
40,35954
40,36051
40,36259
40,37344
40,37415
40,37600
40,37787
40,36963
40,38302
40,38404
40,37966
40,39183
40,38381
40,38479
40,39545
40,38699
40,38772
40,39892
40,40276
40,39427
40,40412
40,40457
40,39562
40,40464
40,40519
40,39643
40,40580
40,40606
40,40625
40,40701
40,40707
40,39812
40,39923
40,40939
40,40994
40,40129
40,40200
40,41115
40,41232
40,41447
40,40631
40,41549
40,41656
40,41814
40,41115
40,42019
40,42126
40,41382
40,42309
40,41446
40,42433
40,42453
40,42620
40,42695
40,42723
40,41859
40,42839
40,42868
40,42991
40,42201
40,42314
40,43312
40,42489
40,42517
40,42550
40,43452
40,42670
40,42835
40,43768
40,43815
40,43869
40,43891
40,43955
40,43068
40,43068
40,43118
40,44025
40,44085
40,43226
40,44162
40,44214
40,44215
40,44258
40,43393
40,44389
40,44437
40,44522
40,44548
40,43772
40,43833
40,44791
40,43969
40,44935
40,44969
40,44189
40,45141
40,45173
40,45234
40,44336
40,45269
40,45344
40,44452
40,45400
40,44506
40,45468
40,45505
40,45701
40,44817
40,45741
40,45829
40,45835
40,46034
40,45174
40,46078
40,46181
40,46257
40,46369
40,46553
40,45680
40,46666
40,45806
40,46735
40,45889
40,46842
40,46851
40,47037
40,46190
40,47096
40,47237
40,47248
40,47299
40,46512
40,47474
40,47505
40,46796
40,47774
40,47022
40,47393
40,48461
40,48510
40,48651
40,47759
40,48672
40,48881
40,48916
40,48950
40,48968
40,48211
40,48374
40,48390
40,49400
40,49644
40,49719
40,48856
40,49803
40,49870
40,49308
40,50440
40,50485
40,49610
40,50759
40,49871
40,51248
40,51299
40,51425
40,50534
40,50547
40,50549
40,50595
40,51740
40,51934
40,51956
40,51207
40,52254
40,52344
40,52506
40,51746
40,52655
40,52997
40,53075
40,53248
40,53596
40,53608
40,52871
40,53808
40,54167
40,54255
40,54336
40,53601
40,54555
40,54570
40,54988
40,55015
40,55166
40,54695
40,54899
41,32400
41,32605
41,32634
41,32647
41,32758
41,33080
41,33384
41,33638
41,33691
41,34148
41,34258
41,34318
41,34397
41,34502
41,34605
41,34678
41,34156
41,34182
41,35830
41,35918
41,36454
41,36737
41,36840
41,36200
41,36879
41,37813
41,38315
41,38349
41,38398
41,37547
41,38205
41,38295
41,39417
41,39448
41,39505
41,39548
41,39691
41,38965
41,39996
41,40167
41,40233
41,40244
41,40246
41,40345
41,39453
41,39520
41,39597
41,40502
41,40637
41,39742
41,39765
41,40732
41,40831
41,40028
41,41014
41,41236
41,41250
41,41264
41,41342
41,40480
41,41616
41,41622
41,41709
41,41097
41,42034
41,41145
41,42051
41,42059
41,41323
41,41340
41,42249
41,42266
41,41399
41,42387
41,41509
41,41707
41,41719
41,42630
41,42719
41,41852
41,42931
41,42933
41,43202
41,43462
41,43542
41,43564
41,43590
41,42762
41,43725
41,43742
41,43973
41,44029
41,44058
41,44074
41,43197
41,44124
41,43334
41,44240
41,44312
41,44324
41,44360
41,44365
41,43599
41,43616
41,43677
41,44597
41,44598
41,44647
41,44825
41,44854
41,44881
41,44904
41,44934
41,44979
41,45031
41,44218
41,45163
41,45279
41,44459
41,45368
41,45375
41,45620
41,45632
41,45657
41,45696
41,44802
41,44929
41,44947
41,44969
41,44985
41,46100
41,45223
41,45228
41,46382
41,45604
41,45668
41,45675
41,45678
41,45700
41,46652
41,46711
41,46970
41,47021
41,47026
41,47088
41,47101
41,47481
41,47592
41,47595
41,46785
41,46817
41,46869
41,47772
41,47012
41,47044
41,48046
41,48545
41,48609
41,48814
41,48875
41,48877
41,48965
41,49069
41,49371
41,49390
41,49404
41,49446
41,49463
41,49542
41,48762
41,49016
41,49935
41,50098
41,50244
41,50324
41,50423
41,50451
41,49595
41,49617
41,50562
41,50676
41,50878
41,50339
41,51350
41,51404
41,51422
41,51435
41,50738
41,50783
41,51917
41,51277
41,52178
41,52460
41,52493
41,51678
41,51735
41,52705
41,51836
41,52030
41,52242
41,53220
41,52338
41,52471
41,52510
41,53493
41,53544
41,52673
41,52716
41,52819
41,53812
41,52939
41,53265
41,54193
41,54384
41,54506
41,54623
41,54691
41,54805
41,54066
41,54997
41,55033
41,54305
41,55227
41,54400
41,54859
41,54870
41,54957
41,55035
41,55130
42,32400
42,32825
42,32031
42,33156
42,33221
42,33337
42,33561
42,33566
42,33685
42,33950
42,34264
42,34887
42,35543
42,35573
42,35980
42,35396
42,36706
42,36769
42,37065
42,36501
42,36596
42,37648
42,37179
42,37451
42,38385
42,38449
42,38616
42,38773
42,38799
42,39079
42,38214
42,38313
42,39468
42,39661
42,38903
42,39920
42,40159
42,40177
42,40325
42,39612
42,40518
42,40641
42,40656
42,39787
42,39955
42,40032
42,40082
42,41061
42,41100
42,40268
42,40287
42,40367
42,41280
42,40440
42,41475
42,41553
42,41605
42,40722
42,41670
42,41886
42,41891
42,41005
42,42078
42,42151
42,41334
42,41536
42,41550
42,42463
42,42488
42,41864
42,42844
42,42972
42,43071
42,42199
42,43297
42,43310
42,43335
42,43436
42,43477
42,43486
42,43613
42,42762
42,43697
42,42954
42,43874
42,43146
42,43195
42,44193
42,44300
42,43585
42,43618
42,43660
42,44567
42,44603
42,44696
42,44801
42,43939
42,44861
42,44863
42,44953
42,45009
42,45094
42,45109
42,44306
42,45224
42,44331
42,45276
42,44480
42,45428
42,44531
42,45492
42,45545
42,45547
42,45611
42,44748
42,45656
42,44771
42,45695
42,44821
42,44929
42,46003
42,45111
42,46031
42,46125
42,46139
42,45252
42,46174
42,46227
42,46358
42,46578
42,45685
42,45836
42,46798
42,46928
42,47032
42,47139
42,47206
42,46360
42,47391
42,47549
42,47922
42,47332
42,48245
42,48351
42,47569
42,48578
42,48588
42,48636
42,48926
42,48938
42,49245
42,49271
42,49776
42,49976
42,50192
42,50225
42,50372
42,50714
42,50910
42,50110
42,50114
42,51168
42,51302
42,50533
42,51468
42,51616
42,51674
42,51703
42,51828
42,51832
42,50946
42,51044
42,52301
42,52337
42,52495
42,52597
42,52973
42,53245
42,53321
42,52466
42,53465
42,52624
42,53654
42,54246
42,54269
42,54448
42,54754
42,54971
42,54523
42,55204
43,32400
43,32458
43,32867
43,32239
43,32278
43,33501
43,33627
43,33397
43,34454
43,34735
43,35788
43,36009
43,36410
43,36435
43,36556
43,37016
43,37142
43,37238
43,37305
43,36524
43,37434
43,36598
43,37983
43,38422
43,37604
43,37608
43,38689
43,38890
43,38117
43,39072
43,38182
43,39160
43,39251
43,39299
43,38782
43,39827
43,40054
43,40185
43,39435
43,39477
43,40461
43,40464
43,40503
43,40618
43,40646
43,39761
43,39769
43,40712
43,39827
43,39854
43,40883
43,40025
43,40030
43,41102
43,40226
43,41184
43,41186
43,40366
43,41278
43,40386
43,41311
43,41397
43,41445
43,41566
43,41663
43,41676
43,40941
43,40946
43,41910
43,41957
43,42248
43,42414
43,42435
43,41596
43,42555
43,42699
43,41822
43,42745
43,42822
43,42970
43,43175
43,42370
43,43282
43,42427
43,42507
43,43465
43,43472
43,42573
43,43510
43,42624
43,43682
43,43828
43,43949
43,43217
43,44224
43,44296
43,44320
43,44365
43,44377
43,44448
43,44528
43,44635
43,44741
43,44848
43,45004
43,44132
43,45081
43,45121
43,44262
43,44266
43,44306
43,44378
43,44538
43,45609
43,44711
43,44923
43,45876
43,45970
43,45127
43,46364
43,45552
43,46494
43,46494
43,46527
43,46785
43,46838
43,46894
43,46938
43,46982
43,47000
43,46118
43,46191
43,47124
43,47139
43,47159
43,47267
43,47423
43,46537
43,47513
43,47546
43,47547
43,47616
43,46725
43,47064
43,47090
43,48036
43,48132
43,48218
43,48474
43,48139
43,48155
43,49267
43,49473
43,49683
43,49070
43,49984
43,49199
43,50223
43,50272
43,50825
43,50825
43,50852
43,49999
43,51009
43,51125
43,51684
43,51003
43,51950
43,52481
43,52605
43,51719
43,52678
43,52684
43,51854
43,52987
43,53007
43,52168
43,52181
43,52349
43,53269
43,53363
43,53413
43,53810
43,53027
43,53968
43,53211
43,53254
43,54283
43,54794
43,54820
43,54634
43,54907
43,54958
44,32400
44,32912
44,33045
44,33197
44,32472
44,33460
44,33551
44,32854
44,33803
44,32996
44,34000
44,34385
44,34962
44,35124
44,35580
44,35696
44,35749
44,36470
44,36496
44,36537
44,36709
44,38213
44,38251
44,39106
44,39327
44,39354
44,38463
44,39373
44,39428
44,38763
44,38765
44,39840
44,40097
44,40464
44,39742
44,40829
44,41043
44,41106
44,40326
44,41375
44,40514
44,41574
44,40874
44,42049
44,41175
44,42080
44,42137
44,42141
44,42150
44,41270
44,42199
44,42217
44,42657
44,42671
44,42700
44,42703
44,42708
44,42740
44,42831
44,42850
44,42191
44,42203
44,43116
44,43184
44,42345
44,43291
44,43358
44,43371
44,42524
44,43443
44,42582
44,43485
44,43599
44,43680
44,42781
44,42796
44,42818
44,42934
44,44314
44,43439
44,44360
44,44385
44,44392
44,43537
44,43558
44,44642
44,44774
44,43880
44,44831
44,44843
44,44915
44,45008
44,44134
44,45070
44,44297
44,44537
44,45454
44,45541
44,45713
44,45740
44,44913
44,45882
44,45943
44,45978
44,45991
44,45995
44,45187
44,46140
44,45267
44,46171
44,45445
44,46406
44,45687
44,46701
44,46752
44,46762
44,45917
44,45962
44,46940
44,47175
44,46345
44,47345
44,47431
44,47504
44,46654
44,47608
44,47811
44,47017
44,48024
44,48034
44,48052
44,47336
44,48319
44,48362
44,47509
44,47762
44,47994
44,49032
44,49246
44,49249
44,49280
44,48404
44,49365
44,48690
44,49122
44,50029
44,50120
44,50192
44,49314
44,49420
44,50352
44,50451
44,49599
44,50511
44,50555
44,50616
44,50759
44,50781
44,50887
44,50943
44,51025
44,50186
44,51096
44,51241
44,51252
44,51341
44,50801
44,51812
44,51939
44,52067
44,51290
44,51326
44,52495
44,52548
44,52589
44,51731
44,52679
44,52773
44,52085
44,52112
44,53101
44,52721
44,53767
44,53801
44,53812
44,53908
44,53047
44,54144
44,54384
44,54411
44,54454
44,54484
44,54736
44,55102
44,54210
44,54575
45,32400
45,31576
45,31658
45,31762
45,31842
45,32016
45,32040
45,33199
45,32580
45,33129
45,33729
45,34807
45,34910
45,35991
45,35505
45,36440
45,36537
45,36844
45,37049
45,36152
45,37479
45,36706
45,37694
45,38005
45,38073
45,37561
45,38565
45,37710
45,37715
45,37868
45,38963
45,38125
45,39324
45,38725
45,38787
45,40130
45,40224
45,40243
45,39359
45,40362
45,39514
45,40445
45,40485
45,39642
45,40573
45,39729
45,39736
45,40702
45,40712
45,40771
45,40811
45,41132
45,41217
45,41234
45,40349
45,40444
45,41508
45,40625
45,40796
45,40834
45,41824
45,40953
45,41962
45,42145
45,42245
45,42248
45,42295
45,42298
45,42390
45,42494
45,42498
45,42540
45,42572
45,42627
45,42784
45,42801
45,43061
45,43123
45,43180
45,42375
45,43362
45,42578
45,43495
45,42714
45,43690
45,43699
45,43707
45,43723
45,43734
45,42891
45,43070
45,43147
45,44103
45,44106
45,44174
45,44185
45,44218
45,44350
45,44385
45,44575
45,44589
45,44652
45,44778
45,44826
45,44837
45,44126
45,45038
45,45088
45,45223
45,44434
45,45404
45,44721
45,45687
45,45728
45,45859
45,45874
45,45900
45,45910
45,45980
45,46282
45,46291
45,46340
45,45475
45,46392
45,46583
45,46775
45,46824
45,46886
45,46051
45,46982
45,46989
45,46201
45,46304
45,47308
45,46527
45,47797
45,47936
45,48016
45,47133
45,48117
45,47523
45,47634
45,48678
45,47834
45,48217
45,49297
45,49502
45,49701
45,48879
45,48953
45,50009
45,49199
45,49528
45,49855
45,50779
45,50939
45,50084
45,51073
45,51144
45,51145
45,50295
45,51353
45,51420
45,50674
45,51607
45,51692
45,50882
45,52277
45,52636
45,52674
45,52724
45,53060
45,52203
45,53123
45,53255
45,53303
45,52613
45,53777
45,53839
45,54050
45,54170
45,54278
45,53427
45,53458
45,53499
45,54449
45,53823
45,54730
45,53884
45,54876
45,54149
45,54266
45,54602
45,54938
46,32400
46,32694
46,32912
46,33013
46,33046
46,33387
46,33476
46,32986
46,34093
46,34984
46,35141
46,35244
46,35288
46,35600
46,35131
46,36563
46,36861
46,36873
46,36321
46,37426
46,37767
46,38012
46,38199
46,38555
46,39738
46,39835
46,39043
46,39239
46,40260
46,40369
46,39668
46,39676
46,39771
46,39802
46,40715
46,39846
46,39873
46,40962
46,40165
46,41188
46,41315
46,41345
46,41375
46,41488
46,41503
46,40607
46,41530
46,40657
46,41647
46,41687
46,41748
46,40921
46,41942
46,42278
46,42284
46,41403
46,42417
46,42420
46,42485
46,42503
46,42582
46,42678
46,42686
46,41813
46,41923
46,42843
46,42886
46,42946
46,42122
46,43077
46,42195
46,43106
46,43220
46,42359
46,43307
46,43384
46,43402
46,43481
46,43730
46,43738
46,43770
46,43974
46,43089
46,43158
46,44265
46,44273
46,43379
46,44374
46,44422
46,43534
46,44436
46,43543
46,44766
46,44982
46,44102
46,45040
46,45065
46,44234
46,44281
46,45301
46,44422
46,45389
46,45448
46,45545
46,44730
46,44782
46,45747
46,45782
46,45805
46,45833
46,45058
46,45091
46,45250
46,46337
46,46406
46,45605
46,46547
46,45654
46,46562
46,45700
46,46655
46,46741
46,45882
46,45931
46,45960
46,46988
46,46156
46,47096
46,46220
46,46233
46,47207
46,47246
46,47261
46,47262
46,47353
46,47456
46,47473
46,47659
46,47808
46,47983
46,47120
46,48269
46,47373
46,47593
46,48658
46,47763
46,48680
46,48993
46,48282
46,48300
46,49269
46,48526
46,48547
46,49464
46,49861
46,49982
46,50011
46,50128
46,50157
46,50368
46,49480
46,50447
46,50451
46,49621
46,50672
46,49856
46,49948
46,50004
46,50917
46,51267
46,50578
46,51666
46,51763
46,50906
46,51841
46,51064
46,52204
46,52226
46,52229
46,52412
46,52436
46,52527
46,52736
46,52834
46,52162
46,53435
46,53509
46,52699
46,53800
46,53944
46,53214
46,53629
46,54614
46,53735
46,53804
46,54908
46,55112
46,54269
46,55224
46,54542
47,32400
47,32509
47,31747
47,32714
47,32874
47,33562
47,33624
47,32937
47,33846
47,34093
47,34151
47,33310
47,34305
47,34503
47,34833
47,35925
47,35230
47,36199
47,35412
47,36771
47,37070
47,37150
47,36340
47,37736
47,36895
47,37938
47,38015
47,37130
47,38050
47,38145
47,37416
47,38381
47,38453
47,37630
47,37726
47,38647
47,39104
47,38208
47,39668
47,39873
47,40151
47,40163
47,39340
47,40242
47,39405
47,39565
47,40525
47,40532
47,40537
47,39655
47,39732
47,40005
47,40936
47,40188
47,40385
47,41305
47,41326
47,41393
47,40720
47,41670
47,40869
47,40896
47,40927
47,41936
47,42080
47,41255
47,42169
47,42362
47,41486
47,41491
47,42413
47,42482
47,42482
47,42486
47,41617
47,42611
47,41712
47,41726
47,42727
47,42824
47,42831
47,42852
47,42962
47,42096
47,43010
47,43074
47,42178
47,43173
47,42369
47,43484
47,43515
47,42622
47,42626
47,43583
47,43657
47,42796
47,42798
47,42834
47,43774
47,43799
47,43805
47,43807
47,43836
47,43846
47,42970
47,43876
47,43026
47,43065
47,43126
47,44082
47,44117
47,44147
47,44253
47,44333
47,43494
47,44456
47,43590
47,43598
47,43787
47,44790
47,44798
47,44132
47,45044
47,44148
47,45254
47,45308
47,45343
47,45376
47,45552
47,45576
47,45625
47,44766
47,45940
47,45987
47,46125
47,45235
47,46302
47,46400
47,45539
47,46572
47,46682
47,46731
47,46742
47,46944
47,47006
47,47112
47,47116
47,47188
47,47211
47,47365
47,47568
47,47787
47,48004
47,47138
47,47400
47,48404
47,48421
47,47587
47,48966
47,49003
47,49004
47,48130
47,49291
47,48401
47,49496
47,49506
47,48706
47,49821
47,49849
47,50003
47,50066
47,50122
47,49333
47,50569
47,49852
47,50834
47,50061
47,51070
47,51097
47,50389
47,51494
47,51515
47,50702
47,51710
47,51783
47,50887
47,51825
47,51063
47,52076
47,52197
47,52337
47,52427
47,52435
47,52498
47,51675
47,53192
47,53278
47,53285
47,53318
47,52421
47,52487
47,52537
47,53455
47,52634
47,53709
47,53777
47,54151
47,54532
47,53855
47,54917
47,55116
47,54518
47,54805
48,32400
48,32434
48,31858
48,32212
48,32243
48,33293
48,32420
48,32510
48,33697
48,33939
48,33942
48,33290
48,34614
48,34919
48,35446
48,35878
48,36511
48,36524
48,36546
48,36604
48,35712
48,36735
48,36931
48,37051
48,36267
48,36665
48,37634
48,36779
48,37019
48,37961
48,37110
48,38129
48,37250
48,38022
48,38965
48,38346
48,39571
48,38935
48,38997
48,40230
48,39352
48,39445
48,39642
48,40606
48,40612
48,40629
48,40740
48,40754
48,39863
48,40942
48,40066
48,40980
48,40995
48,40137
48,41147
48,40403
48,40468
48,41422
48,41587
48,40786
48,42111
48,42150
48,42279
48,41477
48,42477
48,41706
48,42617
48,42652
48,42658
48,42757
48,42871
48,41979
48,41990
48,43121
48,43186
48,42296
48,42307
48,42359
48,43262
48,43320
48,42480
48,43454
48,43539
48,42748
48,43659
48,42965
48,43945
48,44013
48,43449
48,44369
48,43570
48,43603
48,43638
48,44546
48,43657
48,44816
48,44843
48,44846
48,44924
48,44987
48,45043
48,45057
48,45057
48,44246
48,45296
48,44463
48,44700
48,45613
48,45648
48,44948
48,45885
48,44988
48,45889
48,45123
48,46086
48,46129
48,46238
48,46262
48,46275
48,46289
48,46438
48,46443
48,46502
48,46537
48,46569
48,46591
48,45796
48,46738
48,45861
48,46927
48,46065
48,47038
48,47083
48,46206
48,47107
48,46284
48,47203
48,47273
48,46505
48,46693
48,47611
48,46929
48,46942
48,47103
48,48265
48,47478
48,48410
48,48685
48,48891
48,48186
48,48309
48,49427
48,48565
48,48590
48,49492
48,49535
48,49611
48,49649
48,49787
48,49929
48,50023
48,50046
48,50329
48,50695
48,50746
48,50762
48,50789
48,50791
48,50831
48,49934
48,50944
48,50088
48,51207
48,51257
48,50705
48,51684
48,52030
48,51220
48,51368
48,52354
48,52508
48,51667
48,53110
48,53134
48,53219
48,53224
48,52584
48,53638
48,54017
48,54022
48,54192
48,54197
48,54398
48,53580
48,54590
48,53964
48,54916
48,54062
48,54134
49,32400
49,32526
49,32569
49,31844
49,32215
49,33285
49,33338
49,32628
49,33709
49,32900
49,33964
49,34110
49,34164
49,34203
49,33384
49,34597
49,34879
49,35699
49,35815
49,35881
49,35943
49,36013
49,36369
49,36380
49,36640
49,36261
49,37320
49,37409
49,36614
49,38040
49,38109
49,37285
49,38556
49,38345
49,39395
49,39500
49,39601
49,40072
49,40101
49,40195
49,40366
49,40567
49,40596
49,40610
49,39731
49,40700
49,39961
49,40877
49,40964
49,40978
49,41010
49,41028
49,40240
49,41190
49,41213
49,41239
49,40364
49,41418
49,41507
49,41527
49,41588
49,41670
49,41710
49,40840
49,41789
49,40898
49,41822
49,41954
49,41093
49,42087
49,41200
49,41320
49,42301
49,42683
49,42702
49,42729
49,42749
49,42842
49,42860
49,43102
49,43111
49,43302
49,43339
49,43426
49,42554
49,42650
49,42657
49,42721
49,43789
49,43926
49,43973
49,44087
49,43188
49,43233
49,44168
49,44196
49,44309
49,44372
49,44539
49,44827
49,44005
49,45127
49,44291
49,45438
49,45544
49,44721
49,45627
49,45640
49,45646
49,45838
49,45889
49,45080
49,46142
49,46258
49,46261
49,45367
49,46288
49,46804
49,46805
49,46868
49,46887
49,46195
49,47141
49,46270
49,47241
49,46373
49,47431
49,47509
49,46665
49,46763
49,47819
49,47851
49,47856
49,47858
49,46985
49,47993
49,47145
49,48079
49,48154
49,48202
49,48316
49,47887
49,49011
49,49106
49,49132
49,48277
49,49284
49,49313
49,49344
49,49505
49,49587
49,49790
49,49189
49,50124
49,49341
49,50333
49,49547
49,50540
49,50713
49,50118
49,51077
49,51092
49,51155
49,51238
49,51275
49,50401
49,51406
49,51419
49,50566
49,51476
49,50786
49,50841
49,51770
49,51919
49,51968
49,52014
49,52071
49,51204
49,52207
49,51426
49,52506
49,52628
49,52698
49,52803
49,52910
49,52196
49,52234
49,53446
49,52582
49,52592
49,52763
49,53727
49,53767
49,53239
49,54298
49,53420
49,53518
49,54565
49,54676
49,53900
49,54055
49,55065
49,54345
50,32400
50,32614
50,32882
50,32907
50,32992
50,32609
50,32776
50,33681
50,33998
50,34636
50,33831
50,34768
50,34818
50,35196
50,35207
50,35598
50,35703
50,35806
50,34942
50,35883
50,36239
50,36548
50,36585
50,36931
50,36139
50,36143
50,37135
50,37168
50,37554
50,37883
50,37969
50,37185
50,38144
50,38432
50,37617
50,38748
50,38139
50,39408
50,39631
50,40157
50,40200
50,40240
50,40249
50,40366
50,39482
50,39548
50,40455
50,39586
50,40651
50,40699
50,39836
50,40944
50,41003
50,41106
50,41309
50,41416
50,40682
50,41583
50,41643
50,41775
50,40925
50,40979
50,41893
50,41019
50,42032
50,42038
50,41155
50,42292
50,42398
50,42428
50,41662
50,42842
50,42914
50,42997
50,43110
50,42235
50,43179
50,43332
50,43498
50,42609
50,42824
50,43803
50,42990
50,43019
50,43171
50,43205
50,44225
50,44286
50,44297
50,44407
50,43577
50,44498
50,44622
50,43728
50,44844
50,44863
50,44891
50,45037
50,44168
50,45178
50,44311
50,44316
50,45266
50,45297
50,44432
50,44479
50,45477
50,44739
50,44764
50,44944
50,45899
50,45121
50,46072
50,46088
50,46148
50,45422
50,45436
50,46339
50,46459
50,46512
50,46589
50,46604
50,46691
50,45791
50,46761
50,46857
50,47079
50,46206
50,47121
50,47258
50,46373
50,46673
50,47622
50,47661
50,47678
50,47880
50,48053
50,48103
50,48193
50,48291
50,48307
50,47557
50,48738
50,48897
50,48916
50,48017
50,49098
50,49182
50,49431
50,49476
50,49666
50,50030
50,49229
50,50227
50,49410
50,50482
50,50730
50,50828
50,50014
50,51012
50,50131
50,51250
50,50393
50,51457
50,51530
50,50975
50,51935
50,51111
50,52751
50,52864
50,52188
50,52564
50,53562
50,53171
50,53214
50,54166
50,54685
50,54744
50,54819
50,54927
50,54122
50,54204
50,54479
50,54723
51,32400
51,32933
51,33160
51,32349
51,33307
51,33506
51,33604
51,33678
51,33698
51,33983
51,34203
51,33496
51,34889
51,35050
51,35105
51,35191
51,35405
51,34868
51,35933
51,35084
51,36313
51,36561
51,35664
51,36716
51,36752
51,36037
51,37216
51,36336
51,36732
51,37914
51,37974
51,37258
51,37266
51,38866
51,38051
51,39027
51,39045
51,38749
51,39675
51,39773
51,39851
51,39093
51,40102
51,40158
51,39434
51,39448
51,40374
51,40462
51,39577
51,40563
51,40627
51,40719
51,39839
51,39842
51,39843
51,39844
51,40994
51,41177
51,40423
51,40463
51,41591
51,41619
51,41706
51,40921
51,42034
51,42160
51,42205
51,42303
51,42395
51,41618
51,42526
51,42558
51,42568
51,42641
51,42873
51,43008
51,43125
51,43179
51,42314
51,43273
51,42389
51,42447
51,43373
51,42517
51,43425
51,42554
51,43511
51,43624
51,42737
51,42739
51,43664
51,42838
51,43749
51,42863
51,42863
51,42887
51,43122
51,44026
51,43165
51,44158
51,44164
51,43545
51,44559
51,44590
51,44680
51,43783
51,44767
51,44861
51,44013
51,44951
51,44091
51,45026
51,44141
51,45076
51,45102
51,44210
51,45136
51,45145
51,45220
51,44484
51,45524
51,45625
51,45718
51,45091
51,46115
51,46166
51,46202
51,45537
51,46505
51,45671
51,46616
51,46769
51,46795
51,46821
51,46982
51,47015
51,47132
51,46274
51,47187
51,46362
51,47416
51,47503
51,46735
51,46991
51,48022
51,47247
51,47330
51,48434
51,48507
51,47679
51,48987
51,49133
51,48355
51,48536
51,48626
51,49664
51,49668
51,49716
51,49762
51,49781
51,49800
51,49879
51,49140
51,49265
51,50365
51,50534
51,50578
51,50653
51,50750
51,50794
51,50846
51,51109
51,51117
51,51129
51,51248
51,51347
51,50735
51,51691
51,51706
51,50830
51,51818
51,51843
51,51849
51,51086
51,52125
51,52281
51,52497
51,52499
51,51695
51,52619
51,52912
51,53146
51,53300
51,53310
51,53432
51,52815
51,54075
51,54185
51,54331
51,54483
51,53607
51,54575
51,54610
51,54682
51,55005
51,55240
51,54636
51,54726
51,54919
51,55123
51,55166
52,32400
52,31576
52,32820
52,33474
52,33822
52,33904
52,33139
52,34266
52,33559
52,34590
52,34934
52,35010
52,35168
52,35262
52,35603
52,34798
52,35075
52,35265
52,36234
52,36282
52,36845
52,37038
52,36144
52,37385
52,37702
52,38237
52,37621
52,38541
52,37810
52,39406
52,39654
52,40026
52,40092
52,40232
52,40396
52,40470
52,40613
52,40731
52,40820
52,40976
52,41166
52,40526
52,40550
52,41524
52,41559
52,41623
52,41630
52,41654
52,40773
52,41797
52,41844
52,40960
52,41026
52,41941
52,42184
52,41286
52,42285
52,41400
52,42302
52,42310
52,42331
52,42372
52,41505
52,42423
52,42480
52,42482
52,42588
52,42662
52,41936
52,42006
52,42936
52,42169
52,42201
52,42320
52,43418
52,43434
52,43451
52,43490
52,43671
52,42771
52,42898
52,43833
52,42953
52,43890
52,43014
52,43937
52,43138
52,44043
52,44051
52,44109
52,44124
52,44134
52,44201
52,44272
52,44354
52,44376
52,43478
52,43538
52,44580
52,44677
52,43820
52,44743
52,44781
52,44810
52,44003
52,44936
52,44938
52,44963
52,45036
52,45199
52,44342
52,45257
52,45264
52,45319
52,45360
52,44493
52,45625
52,44761
52,45805
52,45059
52,45181
52,46099
52,46131
52,46191
52,45391
52,46295
52,46411
52,46647
52,46777
52,46874
52,46180
52,47162
52,47518
52,46727
52,46728
52,46803
52,47807
52,46929
52,47911
52,47037
52,48059
52,48109
52,47243
52,48257
52,48290
52,48361
52,47808
52,47831
52,48914
52,49042
52,48206
52,49232
52,49307
52,49386
52,49677
52,49691
52,49785
52,49103
52,50227
52,50341
52,50374
52,50436
52,50618
52,49799
52,50747
52,50944
52,50973
52,51388
52,51468
52,51575
52,51633
52,51666
52,51680
52,51949
52,52103
52,52133
52,52206
52,51325
52,51442
52,52412
52,52492
52,52559
52,51829
52,52858
52,52885
52,51997
52,52962
52,53056
52,52198
52,53189
52,52350
52,52364
52,53298
52,53569
52,53726
52,53946
52,53134
52,54228
52,54262
52,53487
52,54609
52,54675
52,54702
52,53900
52,54972
52,54235
52,54395
52,54456
52,54673
52,54741
52,54764
53,32400
53,32468
53,31700
53,31840
53,32509
53,33551
53,32698
53,33836
53,33876
53,34094
53,33312
53,34234
53,33373
53,34431
53,34457
53,33626
53,34581
53,35236
53,36510
53,36536
53,36703
53,35981
53,36939
53,36046
53,37083
53,37124
53,37490
53,37619
53,37979
53,38147
53,37247
53,38151
53,38186
53,37323
53,38408
53,38523
53,38527
53,37971
53,38301
53,38323
53,39467
53,38601
53,39521
53,39697
53,39807
53,40053
53,39161
53,40113
53,39261
53,40267
53,40275
53,39476
53,40445
53,40532
53,40566
53,40602
53,40613
53,40657
53,40695
53,40879
53,40942
53,40982
53,40128
53,41207
53,40349
53,40350
53,41415
53,40774
53,41690
53,40834
53,41868
53,41958
53,41080
53,41244
53,42154
53,42262
53,42270
53,42362
53,41547
53,42481
53,42528
53,42580
53,41772
53,41850
53,42794
53,42807
53,42926
53,42166
53,43232
53,43316
53,43350
53,43357
53,42471
53,42491
53,43393
53,43501
53,43826
53,43886
53,44006
53,44043
53,44085
53,43209
53,44176
53,44242
53,44377
53,44385
53,44439
53,43738
53,43745
53,44761
53,44968
53,45004
53,45187
53,45206
53,45222
53,45241
53,45259
53,44366
53,45370
53,45376
53,44536
53,45517
53,45529
53,45555
53,45636
53,45807
53,45086
53,46294
53,46300
53,46341
53,45482
53,46449
53,45560
53,45841
53,45880
53,46789
53,46983
53,46217
53,47283
53,47332
53,46473
53,47417
53,47427
53,47505
53,46719
53,46920
53,47200
53,48219
53,48310
53,48387
53,48514
53,48518
53,47909
53,47991
53,48962
53,49154
53,48633
53,48766
53,48813
53,48920
53,49013
53,49958
53,50046
53,50131
53,50144
53,50551
53,50588
53,50630
53,50738
53,50055
53,50964
53,51008
53,50450
53,50463
53,50515
53,51637
53,51837
53,51856
53,51926
53,51207
53,52147
53,52289
53,52322
53,52648
53,52787
53,52087
53,52252
53,53155
53,53209
53,53374
53,52674
53,54004
53,54057
53,54380
53,53687
53,53854
53,54829
53,54833
53,55166
53,54456
53,54848
53,54858
53,54941
53,54950
53,55165
54,32400
54,32464
54,32540
54,32605
54,32846
54,33010
54,33190
54,32695
54,33149
54,33709
54,34790
54,34156
54,35231
54,35343
54,35509
54,35526
54,35639
54,36088
54,36134
54,36170
54,35363
54,36343
54,36583
54,35731
54,36723
54,36999
54,36381
54,37336
54,36599
54,37639
54,36924
54,38145
54,37375
54,38708
54,37988
54,39302
54,39232
54,40137
54,40166
54,40239
54,40333
54,39538
54,40627
54,40707
54,40717
54,39989
54,40965
54,41163
54,40270
54,40440
54,41484
54,40728
54,41639
54,41766
54,41909
54,41984
54,42035
54,42094
54,42253
54,41366
54,41614
54,42698
54,42928
54,42981
54,43080
54,43134
54,42343
54,43284
54,42620
54,43645
54,42757
54,43770
54,43784
54,43851
54,43158
54,43306
54,44241
54,44312
54,44568
54,44592
54,43775
54,44715
54,44914
54,44042
54,44065
54,45100
54,44484
54,44496
54,45399
54,45431
54,45475
54,44580
54,45577
54,44694
54,45615
54,45795
54,45008
54,45937
54,45990
54,45992
54,46036
54,46136
54,46243
54,45372
54,45469
54,46384
54,45516
54,46462
54,46542
54,45854
54,46801
54,45904
54,45952
54,46857
54,45974
54,46906
54,46927
54,46949
54,46991
54,47061
54,46275
54,47187
54,46322
54,47293
54,47301
54,47353
54,47388
54,47440
54,47485
54,47532
54,46633
54,46772
54,47842
54,46975
54,47126
54,47191
54,48183
54,48282
54,47472
54,48500
54,48601
54,48638
54,47879
54,49073
54,49233
54,49266
54,48580
54,48651
54,49978
54,49278
54,49319
54,50384
54,50392
54,50642
54,50741
54,51045
54,51118
54,50272
54,51462
54,51627
54,51830
54,51852
54,51066
54,52040
54,52191
54,51512
54,52522
54,52765
54,52047
54,52954
54,53009
54,52130
54,52449
54,53416
54,52520
54,52544
54,53532
54,53627
54,53661
54,53683
54,52920
54,53195
54,54342
54,53501
54,54460
54,53632
54,53734
54,54677
54,54734
54,54805
54,54929
54,55236
54,54554
54,54554
54,54685
55,32400
55,31626
55,33033
55,32266
55,33705
55,33822
55,33903
55,34009
55,34104
55,35312
55,36205
55,36298
55,36305
55,36418
55,35760
55,37061
55,36312
55,37563
55,37298
55,37360
55,38824
55,38854
55,38686
55,39182
55,40217
55,39422
55,40377
55,40527
55,40544
55,40686
55,40820
55,40893
55,41219
55,41358
55,40526
55,41519
55,40730
55,41651
55,40763
55,41677
55,41697
55,40877
55,40903
55,40913
55,40950
55,41917
55,41020
55,41045
55,41068
55,41163
55,42083
55,42187
55,42235
55,42301
55,42310
55,42321
55,41675
55,42615
55,41719
55,41836
55,42967
55,42161
55,43227
55,43382
55,42565
55,43565
55,42710
55,42712
55,43618
55,42718
55,43692
55,42878
55,43806
55,43918
55,43929
55,43989
55,44183
55,44188
55,44262
55,44370
55,44730
55,43880
55,44790
55,44824
55,44832
55,44835
55,44902
55,44922
55,45014
55,45019
55,45102
55,45164
55,44307
55,45257
55,45321
55,45436
55,45516
55,44844
55,45790
55,45852
55,44983
55,45986
55,46061
55,46090
55,46170
55,46240
55,46274
55,46303
55,45445
55,45594
55,45619
55,45622
55,46564
55,46633
55,46634
55,46688
55,45790
55,45865
55,46789
55,46924
55,46256
55,47224
55,47248
55,47253
55,46364
55,47296
55,47349
55,47378
55,47439
55,47550
55,47632
55,47797
55,47841
55,46966
55,47084
55,48086
55,47300
55,48203
55,48413
55,47513
55,48612
55,48757
55,47940
55,49028
55,48129
55,49186
55,49210
55,49395
55,48547
55,49514
55,49548
55,49568
55,48687
55,49616
55,49701
55,48814
55,48833
55,49792
55,49935
55,49411
55,50325
55,50347
55,50597
55,50738
55,50843
55,51172
55,51193
55,50590
55,50593
55,52317
55,52477
55,52659
55,53228
55,52424
55,52431
55,53347
55,53432
55,52591
55,52608
55,53687
55,53705
55,54194
55,53350
55,54266
55,53724
55,54659
55,53788
55,54979
55,55173
55,54708
55,55060
56,32400
56,32732
56,33079
56,33101
56,33150
56,33187
56,33243
56,33345
56,32548
56,33470
56,32752
56,32809
56,33747
56,33882
56,33035
56,34183
56,34232
56,34771
56,33906
56,34868
56,35118
56,34366
56,35375
56,36287
56,36319
56,35735
56,35764
56,35828
56,36877
56,36938
56,36973
56,37189
56,36504
56,37465
56,37812
56,37057
56,37109
56,38259
56,38587
56,37711
56,37733
56,38944
56,38974
56,38431
56,38602
56,39677
56,39679
56,39680
56,39748
56,38896
56,39051
56,40061
56,39256
56,39298
56,40224
56,40349
56,40551
56,40633
56,40705
56,40710
56,40743
56,40787
56,40788
56,40851
56,40873
56,40952
56,41034
56,41403
56,41408
56,41507
56,40659
56,40676
56,41665
56,40946
56,41897
56,41927
56,42042
56,42073
56,42244
56,42352
56,42464
56,41566
56,42687
56,41920
56,41922
56,41942
56,42880
56,41995
56,42076
56,43046
56,43120
56,43174
56,42279
56,43250
56,42418
56,43393
56,43438
56,42860
56,43782
56,43837
56,43878
56,43904
56,43159
56,44086
56,44123
56,43262
56,44264
56,43402
56,44334
56,43501
56,43546
56,44578
56,43893
56,43902
56,44837
56,44064
56,44127
56,45131
56,44410
56,45346
56,44497
56,45601
56,45772
56,45813
56,46168
56,46448
56,46530
56,46586
56,46644
56,46689
56,46975
56,46997
56,47065
56,46322
56,47340
56,46454
56,47520
56,46717
56,46824
56,46924
56,47033
56,47049
56,47056
56,47156
56,47180
56,48182
56,47387
56,48300
56,48330
56,47605
56,48506
56,48534
56,47855
56,47949
56,48917
56,48119
56,49109
56,49121
56,48290
56,48405
56,49378
56,49627
56,48733
56,48945
56,49856
56,49889
56,49095
56,50181
56,49365
56,50361
56,50651
56,50699
56,49862
56,50881
56,49998
56,51064
56,50315
56,51365
56,52121
56,52288
56,51393
56,52416
56,52589
56,52834
56,52109
56,53010
56,52422
56,53356
56,53423
56,53435
56,52567
56,53471
56,54378
56,54523
56,53670
56,54687
56,54184
56,55113
56,55177
56,54333
56,54530
56,54741
56,54962
56,55014
56,55211
57,32400
57,32501
57,31805
57,32770
57,33694
57,33698
57,33233
57,34196
57,34250
57,33596
57,34859
57,34898
57,35002
57,34106
57,35779
57,35976
57,36129
57,35262
57,35424
57,35775
57,36705
57,36714
57,36756
57,35987
57,37084
57,37167
57,37238
57,37338
57,37761
57,38193
57,37685
57,38736
57,37906
57,38887
57,39792
57,39805
57,39123
57,40043
57,40152
57,40248
57,39553
57,40498
57,40515
57,39616
57,39779
57,40724
57,39846
57,40880
57,40906
57,41011
57,40149
57,41071
57,41127
57,41141
57,41206
57,40314
57,40409
57,41311
57,41348
57,41400
57,41428
57,41500
57,41543
57,40706
57,41726
57,41738
57,41780
57,41802
57,41807
57,42067
57,42097
57,41215
57,42330
57,41439
57,42348
57,42458
57,42506
57,42680
57,42793
57,42868
57,42932
57,42175
57,42249
57,43168
57,42269
57,43516
57,43619
57,43635
57,43709
57,43772
57,43821
57,42957
57,43043
57,43312
57,44332
57,44354
57,44379
57,44390
57,44602
57,44741
57,44803
57,43944
57,44900
57,44947
57,44948
57,44106
57,45090
57,45137
57,45162
57,45194
57,45310
57,44442
57,45371
57,45465
57,45622
57,44758
57,45719
57,44925
57,45003
57,46000
57,46038
57,46070
57,46170
57,46293
57,46340
57,45657
57,46579
57,46922
57,46320
57,47237
57,47457
57,47616
57,47835
57,47952
57,48035
57,48130
57,48410
57,47553
57,48471
57,47884
57,49007
57,49123
57,49180
57,49385
57,49464
57,49511
57,49917
57,50341
57,50573
57,50664
57,50756
57,50002
57,50072
57,50182
57,51139
57,51202
57,50332
57,51241
57,51261
57,51328
57,51430
57,51434
57,51488
57,50666
57,50712
57,51374
57,52297
57,52633
57,52714
57,51860
57,52777
57,51890
57,52843
57,52445
57,52654
57,52799
57,52988
57,53085
57,54046
57,54156
57,53529
57,53561
57,55086
57,55144
57,54371
57,54433
57,55138
58,32400
58,32428
58,32580
58,32589
58,32740
58,32272
58,33288
58,33438
58,33747
58,33836
58,34543
58,34953
58,34991
58,35993
58,36373
58,37311
58,37375
58,37088
58,38101
58,38525
58,37720
58,38777
58,38992
58,38999
58,38142
58,39309
58,39337
58,38451
58,38705
58,40063
58,40084
58,40199
58,40222
58,40290
58,40432
58,40464
58,39599
58,40607
58,40629
58,39803
58,40053
58,40080
58,40083
58,40984
58,41210
58,41336
58,41341
58,41437
58,40563
58,40633
58,41565
58,41566
58,41741
58,41805
58,41152
58,41271
58,42278
58,42342
58,42369
58,42373
58,42473
58,42478
58,42979
58,43017
58,42130
58,43067
58,43160
58,43185
58,43236
58,43318
58,42546
58,43525
58,43542
58,43617
58,42828
58,43787
58,43805
58,43850
58,43857
58,43929
58,44049
58,44171
58,44188
58,44398
58,43522
58,44487
58,44627
58,43730
58,44873
58,44954
58,45053
58,45083
58,44189
58,45111
58,44437
58,45365
58,45436
58,44567
58,45756
58,45795
58,44900
58,45876
58,46119
58,45323
58,46268
58,45441
58,46361
58,46364
58,45491
58,45507
58,45739
58,46910
58,46929
58,46183
58,46306
58,46353
58,47262
58,47717
58,46883
58,47784
58,46889
58,47955
58,48096
58,47219
58,48162
58,47777
58,47784
58,48955
58,49004
58,49237
58,48362
58,49284
58,49490
58,49490
58,48826
58,50384
58,49529
58,50575
58,49686
58,50641
58,49960
58,50880
58,51008
58,51009
58,51026
58,50185
58,51247
58,50618
58,51743
58,52028
58,52068
58,52085
58,52128
58,51240
58,52178
58,52233
58,51396
58,51432
58,51664
58,51697
58,52695
58,51832
58,52917
58,52158
58,53059
58,53105
58,53120
58,52418
58,53501
58,52754
58,53675
58,53745
58,53156
58,54129
58,54195
58,54411
58,53608
58,53963
58,55100
58,54267
58,55179
58,55234
59,32400
59,32475
59,31603
59,32528
59,31629
59,32884
59,32948
59,32082
59,32250
59,33211
59,32399
59,33424
59,33987
59,33140
59,34050
59,33301
59,33923
59,34861
59,34957
59,34999
59,34115
59,34360
59,35278
59,35290
59,35641
59,35786
59,35903
59,36568
59,36734
59,35955
59,36307
59,37584
59,37711
59,38192
59,38252
59,38335
59,37501
59,38602
59,38686
59,38835
59,38843
59,38906
59,38963
59,39270
59,38735
59,39681
59,40047
59,40117
59,39275
59,40343
59,40357
59,39526
59,39547
59,39575
59,40524
59,40644
59,40712
59,40860
59,40051
59,40966
59,40971
59,40136
59,41101
59,41114
59,41226
59,41289
59,41388
59,40549
59,40679
59,41728
59,41903
59,41937
59,41946
59,41063
59,41978
59,42023
59,42110
59,41211
59,41212
59,42166
59,42203
59,41333
59,42274
59,42350
59,41485
59,42404
59,42524
59,42660
59,41862
59,42764
59,42804
59,42903
59,42225
59,43170
59,43288
59,43361
59,42489
59,43416
59,42528
59,42564
59,43592
59,43597
59,43617
59,42844
59,42963
59,43907
59,43048
59,43967
59,44054
59,44143
59,44146
59,44156
59,44159
59,44182
59,44243
59,44327
59,43442
59,44368
59,43635
59,44560
59,43664
59,44823
59,44043
59,44108
59,45072
59,44294
59,44317
59,45238
59,45299
59,45460
59,44605
59,44687
59,45607
59,45691
59,45763
59,46006
59,45234
59,45520
59,46494
59,46516
59,46710
59,45835
59,46783
59,46901
59,46914
59,47001
59,47039
59,46144
59,47264
59,47425
59,46998
59,47068
59,48034
59,47301
59,48250
59,47540
59,48476
59,47596
59,47752
59,48717
59,49008
59,49033
59,48254
59,49244
59,48408
59,49489
59,49534
59,48672
59,50011
59,50074
59,50213
59,50343
59,49561
59,50555
59,49989
59,50953
59,51271
59,51341
59,50677
59,50813
59,51814
59,51837
59,51855
59,51976
59,51242
59,52230
59,52258
59,52423
59,51909
59,52830
59,52836
59,53175
59,53220
59,53316
59,53403
59,53766
59,54404
59,54490
59,54603
59,54686
59,55050
59,55074
59,55135
60,32400
60,31647
60,32752
60,32832
60,32964
60,32212
60,33162
60,33290
60,33301
60,32660
60,33666
60,33703
60,32903
60,34352
60,33590
60,34733
60,35086
60,35224
60,34655
60,34805
60,34978
60,36202
60,35613
60,36614
60,36994
60,36116
60,37061
60,36261
60,37224
60,36644
60,36778
60,37804
60,37819
60,37450
60,37581
60,38501
60,37696
60,37939
60,38841
60,38915
60,38976
60,39118
60,39506
60,39682
60,39723
60,39784
60,39828
60,39882
60,39983
60,40037
60,40107
60,39259
60,40295
60,39415
60,40324
60,39446
60,40433
60,39611
60,40516
60,40526
60,40568
60,40669
60,39779
60,39918
60,40844
60,39995
60,40195
60,40203
60,41115
60,41173
60,41223
60,41330
60,40430
60,41416
60,41516
60,40624
60,41551
60,40762
60,41811
60,41814
60,41898
60,41903
60,41934
60,42219
60,41507
60,42542
60,42631
60,42689
60,41852
60,42901
60,42036
60,42943
60,42237
60,42282
60,43273
60,42387
60,43296
60,43411
60,42514
60,43476
60,43520
60,43724
60,43778
60,43856
60,43956
60,43071
60,44063
60,43164
60,44217
60,44267
60,44284
60,43568
60,44530
60,44588
60,44600
60,44603
60,44007
60,44996
60,45050
60,45184
60,45191
60,45356
60,44461
60,44487
60,45405
60,45426
60,44703
60,45818
60,45841
60,45045
60,46023
60,46134
60,46140
60,46256
60,46346
60,45449
60,46429
60,46492
60,46521
60,46558
60,45687
60,46622
60,46651
60,46711
60,46026
60,46130
60,46131
60,46190
60,47212
60,46355
60,47373
60,47528
60,46636
60,47633
60,47634
60,47746
60,47940
60,47976
60,48079
60,47432
60,48641
60,47750
60,48759
60,48995
60,49175
60,49429
60,48699
60,49605
60,48736
60,49065
60,50087
60,50296
60,49589
60,49759
60,50721
60,50849
60,51131
60,51180
60,51219
60,51484
60,51717
60,51728
60,51175
60,51302
60,51354
60,51501
60,52692
60,52817
60,51973
60,52892
60,52019
60,52935
60,52971
60,52987
60,53055
60,53065
60,52403
60,53339
60,52691
60,54107
60,53307
60,54221
60,54318
60,54484
60,53627
60,54777
60,53924
60,54878
60,54993
60,55086
60,54778
60,54869
61,32400
61,32708
61,32842
61,32928
61,33069
61,32338
61,33272
61,32399
61,32432
61,33515
61,33855
61,32997
61,33133
61,33277
61,34252
61,34353
61,33817
61,34812
61,35294
61,35601
61,35665
61,34940
61,36149
61,36458
61,36858
61,36015
61,36974
61,37134
61,36315
61,36522
61,36565
61,37546
61,37739
61,37925
61,37238
61,38297
61,37500
61,38651
61,39190
61,39939
61,39065
61,40217
61,40298
61,40520
61,40523
61,39631
61,40578
61,40725
61,39855
61,40788
61,39925
61,39952
61,40886
61,40953
61,41091
61,41122
61,40440
61,41483
61,40596
61,41552
61,40660
61,40669
61,41573
61,40822
61,41738
61,41793
61,41853
61,40956
61,41061
61,42034
61,42350
61,42388
61,42390
61,42429
61,42491
61,42556
61,41656
61,41749
61,41810
61,41813
61,41882
61,41901
61,42896
61,43036
61,43219
61,43226
61,43368
61,43641
61,42815
61,43818
61,43839
61,44014
61,44229
61,43541
61,44706
61,44813
61,44830
61,44958
61,44986
61,44145
61,44204
61,44220
61,44278
61,44278
61,45214
61,45283
61,44425
61,45467
61,45531
61,44741
61,45654
61,45674
61,45775
61,46033
61,45319
61,45439
61,46377
61,46588
61,45818
61,45927
61,46006
61,46044
61,46069
61,46090
61,47088
61,46215
61,46287
61,46352
61,46771
61,46807
61,46876
61,47011
61,47921
61,47931
61,47936
61,47188
61,48235
61,47541
61,48472
61,48592
61,48647
61,48752
61,48835
61,48853
61,48902
61,48565
61,48630
61,48753
61,49677
61,48778
61,49686
61,49962
61,50421
61,49595
61,49677
61,49698
61,49775
61,50738
61,50748
61,49913
61,50867
61,50881
61,51036
61,50452
61,51356
61,51403
61,51521
61,51584
61,50731
61,51794
61,51819
61,51858
61,51360
61,51454
61,52535
61,52547
61,51727
61,52640
61,52844
61,53051
61,52187
61,52389
61,53575
61,53862
61,53014
61,53155
61,54056
61,53318
61,54249
61,54271
61,53406
61,53498
61,54457
61,54459
61,54483
61,53652
61,54573
61,53941
61,54933
61,55124
61,54506
61,54634
61,55137
61,55223
62,32400
62,32425
62,32501
62,31905
62,31926
62,32857
62,32947
62,32074
62,33061
62,33287
62,32397
62,32838
62,34024
62,33132
62,34168
62,34241
62,34393
62,33599
62,34847
62,35245
62,34376
62,35424
62,34527
62,34532
62,34696
62,34696
62,35714
62,35747
62,35149
62,36595
62,36736
62,36139
62,37225
62,37284
62,36401
62,37363
62,37950
62,37978
62,38069
62,37254
62,38607
62,37776
62,39491
62,38668
62,38821
62,40046
62,40068
62,40076
62,40318
62,40472
62,40562
62,39679
62,40598
62,40695
62,40718
62,40765
62,40770
62,40835
62,39984
62,40966
62,40993
62,41017
62,40118
62,41152
62,41242
62,41334
62,41473
62,41651
62,40786
62,41888
62,41077
62,42009
62,41358
62,41419
62,42400
62,42553
62,42570
62,41703
62,42638
62,42658
62,42679
62,41876
62,42842
62,42856
62,43165
62,43202
62,42303
62,43359
62,42526
62,43979
62,43405
62,44312
62,43492
62,44421
62,43539
62,44526
62,43761
62,44692
62,44829
62,43990
62,44014
62,44974
62,44232
62,45180
62,44570
62,45499
62,45512
62,44654
62,44675
62,44688
62,44702
62,45605
62,45618
62,46025
62,45145
62,46062
62,46122
62,46140
62,46192
62,46355
62,46434
62,46529
62,46751
62,45873
62,45901
62,46810
62,45938
62,47019
62,47037
62,47045
62,47097
62,47168
62,46381
62,46579
62,47506
62,46630
62,47561
62,46742
62,46751
62,46752
62,46771
62,47926
62,47927
62,48040
62,48289
62,48524
62,48544
62,47826
62,49161
62,49175
62,48701
62,49824
62,49879
62,49035
62,49954
62,49971
62,49971
62,49994
62,50364
62,50423
62,50475
62,50522
62,50766
62,50778
62,50901
62,50117
62,51191
62,50344
62,51384
62,50571
62,51661
62,51706
62,50819
62,51749
62,51784
62,52377
62,51543
62,52674
62,51777
62,52799
62,53088
62,53340
62,52591
62,53532
62,52693
62,53642
62,52890
62,53899
62,53943
62,54009
62,54013
62,54289
62,54482
62,54526
62,54848
62,54899
62,54091
62,54543
62,54741
62,54820
62,54909
63,32400
63,32481
63,32745
63,33377
63,32635
63,33567
63,34168
63,34297
63,34596
63,34094
63,35047
63,34738
63,34827
63,35999
63,35531
63,35697
63,36687
63,35938
63,36852
63,37073
63,37080
63,36302
63,37224
63,36420
63,37383
63,38160
63,38251
63,38260
63,38383
63,38562
63,38619
63,39033
63,39155
63,39667
63,39686
63,40096
63,40105
63,40141
63,40185
63,39607
63,40534
63,40845
63,40850
63,40871
63,40891
63,40052
63,41035
63,41044
63,40271
63,41175
63,41342
63,40623
63,41609
63,40767
63,40773
63,41736
63,41765
63,40968
63,41028
63,41099
63,42062
63,42085
63,42143
63,42232
63,41354
63,41370
63,42291
63,41440
63,41446
63,42386
63,42431
63,41550
63,41593
63,42518
63,41625
63,42690
63,41796
63,42704
63,41809
63,41876
63,42875
63,42916
63,43126
63,43177
63,43190
63,42320
63,43374
63,43437
63,43445
63,43507
63,42607
63,43628
63,43682
63,42795
63,42844
63,43792
63,42950
63,43862
63,44036
63,44052
63,44155
63,44177
63,44207
63,44215
63,44229
63,44323
63,44362
63,44461
63,44603
63,44647
63,44774
63,44792
63,44856
63,44866
63,45056
63,45059
63,45074
63,45084
63,45170
63,45175
63,44278
63,44400
63,44734
63,45680
63,45719
63,45731
63,45908
63,45911
63,46056
63,46113
63,45271
63,46179
63,46189
63,46192
63,46385
63,46391
63,46426
63,45569
63,46650
63,45850
63,46858
63,46915
63,47041
63,46275
63,46317
63,47278
63,46423
63,47364
63,47371
63,47482
63,47512
63,47536
63,47582
63,47655
63,46789
63,46789
63,47876
63,47939
63,47331
63,48401
63,48433
63,48650
63,48769
63,48785
63,48860
63,48238
63,48240
63,49268
63,49469
63,49558
63,48814
63,49738
63,50022
63,50065
63,50284
63,50293
63,50312
63,49541
63,50636
63,50811
63,49913
63,50977
63,51151
63,50361
63,51401
63,51497
63,51547
63,50659
63,51664
63,50832
63,51807
63,51832
63,51422
63,52353
63,51620
63,52702
63,52768
63,53028
63,52222
63,52297
63,53277
63,53588
63,53637
63,53858
63,53964
63,54108
63,54304
63,54410
63,54583
63,53715
63,54675
63,54850
63,54968
63,54260
63,55226
63,54756
63,54960
64,32400
64,32459
64,32767
64,32240
64,33386
64,32761
64,32799
64,33004
64,33117
64,34057
64,34668
64,34923
64,34054
64,35112
64,34283
64,35517
64,35557
64,35569
64,35740
64,35819
64,36299
64,35593
64,36561
64,36582
64,36644
64,36652
64,37089
64,37113
64,36378
64,37301
64,37487
64,36695
64,36742
64,37303
64,37465
64,38456
64,37777
64,38775
64,38868
64,39160
64,39342
64,39724
64,39941
64,40065
64,40179
64,40217
64,40251
64,40445
64,40544
64,40555
64,39901
64,40848
64,40911
64,40940
64,40960
64,41033
64,40318
64,41329
64,40464
64,41402
64,40518
64,41514
64,40709
64,41618
64,41707
64,41710
64,40854
64,40944
64,40993
64,41978
64,42078
64,41189
64,42101
64,41219
64,42197
64,42221
64,42228
64,42231
64,41391
64,41429
64,42357
64,42383
64,42553
64,42578
64,42734
64,42869
64,42902
64,42004
64,42955
64,43032
64,43164
64,43582
64,43729
64,43800
64,42900
64,43899
64,43907
64,43073
64,43203
64,44200
64,44238
64,44264
64,44269
64,44284
64,44404
64,43606
64,44627
64,44632
64,44637
64,44711
64,44795
64,43998
64,44005
64,44196
64,44257
64,45342
64,45390
64,44603
64,45623
64,44794
64,45712
64,45772
64,44917
64,46085
64,46090
64,46090
64,46216
64,46354
64,45514
64,46415
64,45519
64,45584
64,46542
64,46568
64,46611
64,46623
64,46647
64,46741
64,45876
64,46939
64,46972
64,46285
64,47290
64,47347
64,47465
64,46583
64,47522
64,47562
64,47566
64,47625
64,46729
64,47747
64,46926
64,47897
64,47296
64,47514
64,48563
64,48653
64,48675
64,48761
64,48070
64,49120
64,48248
64,49274
64,49318
64,48540
64,48623
64,49524
64,49600
64,49631
64,48788
64,48788
64,49968
64,50059
64,50247
64,50295
64,50533
64,50656
64,50754
64,50137
64,50189
64,51136
64,50420
64,50429
64,51335
64,51359
64,51392
64,51616
64,51746
64,51137
64,51496
64,52499
64,52606
64,51852
64,52082
64,52130
64,53192
64,53222
64,52332
64,53475
64,53566
64,53148
64,53179
64,54142
64,54155
64,53534
64,54602
64,53712
64,54658
64,54754
64,54827
64,54936
64,55012
64,55094
64,54836
64,54927
64,55177
65,32400
65,32552
65,32576
65,32485
65,33276
65,34180
65,33306
65,33414
65,33461
65,34426
65,33889
65,34851
65,34897
65,34631
65,35732
65,35021
65,35944
65,36127
65,35243
65,36245
65,36997
65,37033
65,37200
65,36338
65,37312
65,36421
65,37620
65,36820
65,37727
65,36983
65,37892
65,37941
65,37953
65,38093
65,38370
65,38423
65,38559
65,38613
65,38692
65,38784
65,39184
65,39607
65,39683
65,39126
65,39180
65,39293
65,40271
65,40277
65,40342
65,40364
65,40433
65,40651
65,40799
65,40817
65,40841
65,41052
65,41154
65,41185
65,41233
65,40434
65,41378
65,40482
65,40485
65,40628
65,41823
65,41884
65,41111
65,42037
65,42255
65,42313
65,42337
65,42382
65,42392
65,42501
65,41694
65,41774
65,42701
65,42730
65,41846
65,41978
65,42898
65,42050
65,42234
65,43197
65,43220
65,43296
65,42416
65,43487
65,42615
65,43604
65,43645
65,42769
65,42816
65,42843
65,43756
65,43806
65,42936
65,43970
65,43086
65,43121
65,44115
65,44158
65,44193
65,44552
65,44689
65,44943
65,45159
65,45281
65,44460
65,44536
65,45471
65,44652
65,45599
65,44940
65,44999
65,45958
65,45059
65,46093
65,45204
65,46106
65,45220
65,46299
65,46359
65,45529
65,46465
65,46522
65,45724
65,46641
65,46768
65,46809
65,46925
65,46948
65,46953
65,47130
65,47155
65,46373
65,47292
65,47297
65,46460
65,47389
65,47476
65,47525
65,47599
65,47641
65,46763
65,46766
65,48028
65,47276
65,48265
65,48290
65,48461
65,47782
65,48774
65,48783
65,48809
65,48972
65,48283
65,48287
65,49302
65,49599
65,48791
65,48893
65,49854
65,49132
65,50101
65,49358
65,50336
65,50438
65,50538
65,50872
65,50131
65,50308
65,51363
65,51454
65,51595
65,50718
65,51767
65,51769
65,51780
65,51952
65,52006
65,51470
65,51548
65,52805
65,52912
65,53169
65,53327
65,52726
65,52946
65,54300
65,54569
65,54771
65,54144
65,55060
65,54191
65,55246
65,54826
65,55013
66,32400
66,31532
66,31575
66,32125
66,33334
66,33398
66,33405
66,34121
66,34271
66,34479
66,34483
66,35106
66,35245
66,35317
66,34753
66,35683
66,35837
66,34981
66,36172
66,36467
66,36532
66,36578
66,36819
66,36970
66,37161
66,37177
66,37481
66,37823
66,37307
66,37332
66,38469
66,38517
66,38552
66,38651
66,38694
66,38777
66,38889
66,38098
66,39021
66,38150
66,39197
66,39699
66,39943
66,40021
66,40110
66,39622
66,39653
66,40574
66,40853
66,40896
66,40014
66,40929
66,40997
66,40132
66,40283
66,41202
66,41263
66,41266
66,41311
66,41354
66,40475
66,40671
66,41625
66,40729
66,41653
66,41710
66,41882
66,41895
66,41148
66,42068
66,42169
66,42219
66,42329
66,42336
66,42357
66,42432
66,42630
66,42696
66,42735
66,42750
66,42754
66,42799
66,43019
66,43144
66,43199
66,43244
66,43421
66,43577
66,43659
66,43713
66,42927
66,42977
66,43116
66,44126
66,44240
66,44360
66,43510
66,44557
66,43662
66,43678
66,43758
66,44684
66,44747
66,44078
66,45073
66,44204
66,45198
66,45235
66,45449
66,45488
66,45514
66,45520
66,45530
66,45714
66,44825
66,44961
66,45874
66,46007
66,46075
66,46114
66,46196
66,46332
66,46407
66,45507
66,46438
66,45563
66,45695
66,46605
66,45833
66,46756
66,45859
66,46768
66,45873
66,46788
66,46809
66,46854
66,46978
66,47073
66,47318
66,47451
66,47616
66,47624
66,47662
66,47681
66,46870
66,47901
66,47200
66,47420
66,48365
66,48507
66,48688
66,49056
66,49181
66,49201
66,48356
66,48867
66,50643
66,50652
66,49929
66,50923
66,51006
66,50137
66,50233
66,51224
66,51419
66,50755
66,51661
66,50782
66,51712
66,50930
66,51040
66,51074
66,51317
66,52263
66,51408
66,52387
66,51547
66,51625
66,52535
66,51834
66,52814
66,52828
66,51943
66,52908
66,52034
66,52979
66,52254
66,52304
66,52399
66,53330
66,53517
66,53653
66,53839
66,53026
66,54161
66,53310
66,53418
66,54418
66,54421
66,54594
66,54626
66,54644
66,54701
66,54734
66,54738
66,54780
66,54990
66,55064
66,54540
66,54545
66,55198
67,32400
67,31526
67,31617
67,31717
67,31755
67,32881
67,33040
67,32251
67,33223
67,33512
67,33515
67,32669
67,32880
67,33798
67,34131
67,34222
67,34631
67,34482
67,34575
67,35920
67,35933
67,36044
67,35164
67,36066
67,35248
67,36502
67,36572
67,35821
67,36758
67,35892
67,35895
67,36933
67,37171
67,37181
67,37208
67,36450
67,37945
67,38576
67,39227
67,39539
67,38697
67,38893
67,38904
67,38978
67,40033
67,39228
67,40129
67,40253
67,40291
67,40392
67,40591
67,39778
67,40702
67,40805
67,40858
67,40003
67,40052
67,40107
67,40377
67,41340
67,41415
67,40596
67,41643
67,41734
67,41845
67,42116
67,42124
67,41265
67,42183
67,42207
67,42360
67,42385
67,42465
67,42503
67,41608
67,42705
67,42807
67,42902
67,42916
67,42952
67,43111
67,43385
67,43455
67,42630
67,42765
67,42853
67,43005
67,43043
67,43137
67,44083
67,43239
67,44194
67,44394
67,44407
67,44446
67,44519
67,44725
67,44744
67,44868
67,45052
67,45211
67,45396
67,44725
67,45675
67,44937
67,45989
67,45279
67,45340
67,46341
67,45465
67,46592
67,45702
67,46616
67,45775
67,46704
67,46798
67,45920
67,46068
67,46984
67,46134
67,46155
67,46228
67,46275
67,47276
67,46438
67,46473
67,47378
67,46540
67,46668
67,47720
67,46872
67,47025
67,47159
67,47206
67,47233
67,47314
67,48215
67,47325
67,48391
67,48556
67,48754
67,47956
67,48122
67,49144
67,49168
67,49673
67,49698
67,49732
67,50037
67,50106
67,49217
67,50196
67,50376
67,49789
67,50825
67,50855
67,51073
67,51124
67,50257
67,50319
67,51448
67,50606
67,51519
67,50639
67,51619
67,51803
67,51421
67,52442
67,51699
67,51753
67,52833
67,52984
67,52988
67,53576
67,52696
67,53812
67,52937
67,53503
67,53530
67,54719
67,54914
67,55180
67,54456
68,32400
68,32706
68,32925
68,33046
68,33061
68,33279
68,33636
68,33639
68,33827
68,34219
68,33539
68,34496
68,34598
68,33718
68,34691
68,35053
68,35224
68,35295
68,35323
68,35560
68,35894
68,36030
68,36286
68,35455
68,35509
68,36559
68,36688
68,35866
68,36820
68,36996
68,37061
68,37367
68,36762
68,37673
68,37724
68,37768
68,37770
68,37970
68,38077
68,37584
68,37803
68,37889
68,38791
68,37898
68,38100
68,39364
68,38485
68,39458
68,39897
68,39089
68,40026
68,40040
68,40280
68,39504
68,40485
68,40526
68,40717
68,40772
68,39968
68,40890
68,41020
68,41066
68,40171
68,41131
68,41160
68,40281
68,41317
68,41438
68,41487
68,41553
68,41769
68,40967
68,41879
68,41131
68,41225
68,41297
68,41494
68,41541
68,42485
68,42767
68,41986
68,42937
68,43012
68,42112
68,43029
68,43078
68,43095
68,43141
68,42264
68,43192
68,43340
68,43568
68,43645
68,42801
68,43732
68,43750
68,43914
68,44100
68,44204
68,43350
68,43394
68,44312
68,43490
68,44519
68,44805
68,44851
68,45009
68,44123
68,45103
68,44292
68,45211
68,44347
68,45359
68,45535
68,44851
68,45884
68,44985
68,45932
68,45095
68,45138
68,46217
68,45399
68,46527
68,46547
68,46559
68,45728
68,46816
68,46865
68,46052
68,46991
68,46282
68,46428
68,47329
68,47404
68,47427
68,46671
68,47829
68,47891
68,48044
68,48052
68,48101
68,48601
68,47752
68,49071
68,49180
68,49264
68,49333
68,49529
68,48631
68,49554
68,49567
68,48694
68,49616
68,49627
68,48739
68,48758
68,49746
68,49907
68,49928
68,49941
68,49996
68,49285
68,50396
68,49517
68,50458
68,50816
68,49957
68,50421
68,50714
68,50778
68,50915
68,51141
68,51141
68,51357
68,52357
68,51487
68,51562
68,52467
68,53008
68,52364
68,53450
68,52854
68,52981
68,53943
68,54629
68,54769
68,54772
68,54192
68,55170
68,54373
68,54558
68,54644
68,54928
69,32400
69,32448
69,31626
69,31842
69,32830
69,33310
69,32488
69,33677
69,32929
69,34009
69,34042
69,35021
69,35710
69,35783
69,35874
69,36084
69,35469
69,35476
69,36732
69,36898
69,36218
69,36307
69,36357
69,36379
69,37340
69,37453
69,36630
69,37795
69,38170
69,38272
69,37651
69,38556
69,38641
69,38974
69,39253
69,39276
69,38751
69,38896
69,39797
69,40221
69,40267
69,40362
69,39518
69,40463
69,39564
69,39579
69,39630
69,40602
69,40614
69,39718
69,40764
69,40028
69,40123
69,41045
69,40148
69,41063
69,40251
69,40269
69,41360
69,40499
69,41404
69,41564
69,41684
69,40962
69,41014
69,41981
69,42094
69,42344
69,42394
69,41530
69,42450
69,42452
69,41595
69,42655
69,42799
69,42824
69,42839
69,42922
69,42024
69,42071
69,43052
69,42165
69,43083
69,43158
69,42268
69,42325
69,42379
69,43294
69,42508
69,43440
69,42860
69,43767
69,43814
69,43972
69,43977
69,44005
69,44056
69,43266
69,44422
69,44439
69,44443
69,44577
69,44607
69,44678
69,44732
69,45035
69,45037
69,45108
69,45229
69,45280
69,44408
69,45312
69,45480
69,44780
69,45726
69,45738
69,44871
69,44884
69,45793
69,45925
69,45980
69,46028
69,46118
69,46136
69,45261
69,45279
69,45392
69,46341
69,46415
69,46451
69,46462
69,46505
69,46560
69,45714
69,46814
69,45940
69,45963
69,47250
69,47278
69,47304
69,47341
69,47528
69,47589
69,46832
69,46863
69,47820
69,46980
69,47269
69,47269
69,47303
69,48404
69,48409
69,48486
69,48726
69,48852
69,48043
69,48193
69,49211
69,49656
69,49706
69,49857
69,49011
69,50016
69,50073
69,49198
69,50114
69,50260
69,50346
69,50480
69,50493
69,49659
69,50599
69,50628
69,50864
69,50946
69,50064
69,51240
69,50454
69,51548
69,51594
69,51866
69,50986
69,51940
69,52077
69,52204
69,51365
69,51451
69,51601
69,52734
69,52901
69,52288
69,53235
69,52397
69,53313
69,52438
69,53358
69,52804
69,54088
69,54187
69,54194
69,53331
69,54315
69,54418
69,53556
69,54568
69,54620
69,54659
69,54874
69,54912
69,54026
69,54036
69,55093
69,55136
69,55146
69,55154
69,55241
69,54511
69,54527
70,32400
70,32490
70,32506
70,32513
70,31979
70,32140
70,33132
70,33292
70,33457
70,34078
70,34199
70,34375
70,33766
70,34835
70,35101
70,35140
70,34399
70,35985
70,36031
70,36169
70,36539
70,36980
70,37115
70,38083
70,37271
70,37273
70,38211
70,37477
70,38378
70,38438
70,37898
70,37902
70,38870
70,39002
70,38318
70,38526
70,38596
70,38699
70,39696
70,39898
70,39954
70,39140
70,40142
70,40153
70,40221
70,40408
70,40547
70,40601
70,40601
70,39739
70,39879
70,41468
70,41603
70,41805
70,41811
70,42006
70,41223
70,41229
70,42144
70,42169
70,41452
70,42374
70,41488
70,42508
70,42545
70,42581
70,42629
70,42666
70,42786
70,42843
70,41946
70,41959
70,42073
70,43028
70,43190
70,43247
70,43421
70,43580
70,42743
70,43766
70,43806
70,43082
70,43992
70,43996
70,44052
70,44088
70,44275
70,44363
70,44416
70,44508
70,44563
70,44582
70,44628
70,44660
70,44665
70,44872
70,44874
70,44913
70,45103
70,45251
70,45395
70,44537
70,45693
70,45803
70,45856
70,45858
70,45967
70,45993
70,45132
70,45257
70,45321
70,46230
70,46299
70,45442
70,45519
70,46486
70,46169
70,47081
70,47085
70,47108
70,47218
70,46691
70,47597
70,46755
70,46774
70,47694
70,47852
70,46959
70,47938
70,47943
70,48015
70,47151
70,48237
70,48453
70,47652
70,47886
70,48804
70,48873
70,48938
70,48980
70,49094
70,49248
70,49256
70,49351
70,49401
70,49696
70,48827
70,48988
70,49052
70,50029
70,49160
70,50123
70,50425
70,50613
70,50883
70,50161
70,51242
70,51309
70,51379
70,51516
70,51089
70,51198
70,52116
70,52316
70,52351
70,51467
70,52452
70,52599
70,51770
70,52671
70,52888
70,52960
70,53037
70,52172
70,53389
70,53511
70,52884
70,53002
70,54016
70,54037
70,54164
70,54307
70,54338
70,54695
70,54811
70,54148
70,55077
70,55158
70,54502
70,54648
71,32400
71,32528
71,31746
71,32863
71,32926
71,32455
71,33621
71,33917
71,33920
71,33957
71,33107
71,33138
71,33287
71,34343
71,33822
71,33945
71,34925
71,35347
71,35796
71,35871
71,36317
71,35521
71,36484
71,35716
71,35874
71,37157
71,37254
71,36497
71,36587
71,37498
71,37186
71,38308
71,38351
71,38927
71,38932
71,38944
71,38046
71,39069
71,38593
71,39540
71,39997
71,39215
71,40440
71,40558
71,40598
71,39835
71,39872
71,39924
71,41109
71,41142
71,41217
71,41248
71,41304
71,41528
71,41673
71,41708
71,41806
71,41806
71,41834
71,41129
71,41203
71,41219
71,42182
71,41664
71,41936
71,42079
71,43034
71,43116
71,43188
71,43265
71,43334
71,43341
71,43350
71,42541
71,43486
71,43541
71,42690
71,43710
71,43792
71,43833
71,43868
71,43015
71,43083
71,44010
71,43122
71,43162
71,44325
71,44448
71,44564
71,44733
71,44832
71,43968
71,44927
71,44956
71,44963
71,45036
71,45120
71,45188
71,45207
71,45242
71,44467
71,44758
71,45882
71,45979
71,45114
71,46071
71,46101
71,46240
71,45382
71,46320
71,46446
71,45559
71,46472
71,46566
71,46620
71,45763
71,46758
71,46809
71,46947
71,47048
71,47105
71,47120
71,46566
71,47573
71,47597
71,46897
71,46969
71,47961
71,47169
71,48101
71,48126
71,47514
71,48508
71,48696
71,48814
71,48815
71,48929
71,49130
71,48290
71,48352
71,48402
71,49604
71,49626
71,48870
71,48926
71,49827
71,49970
71,50084
71,50282
71,50402
71,49625
71,49822
71,50788
71,50814
71,50937
71,50992
71,50162
71,51081
71,51195
71,50399
71,51313
71,51881
71,51217
71,52134
71,52154
71,52514
71,52676
71,52901
71,53355
71,52475
71,53452
71,53517
71,52918
71,53846
71,53097
71,53149
71,54070
71,53359
71,53477
71,54804
71,53921
71,53972
71,54959
71,55038
71,55115
71,55161
71,54363
71,54416
71,54671
72,32400
72,32826
72,33037
72,33043
72,33060
72,33265
72,32401
72,32402
72,33587
72,33847
72,33965
72,34180
72,33441
72,34383
72,34825
72,34161
72,35079
72,35166
72,35181
72,35459
72,35203
72,36212
72,36235
72,36500
72,36722
72,36112
72,37063
72,37483
72,37534
72,37750
72,37177
72,38090
72,37293
72,38351
72,37626
72,38655
72,38871
72,38187
72,39119
72,39446
72,39467
72,38627
72,39725
72,39866
72,40048
72,40143
72,40317
72,40346
72,39516
72,40430
72,40597
72,39734
72,40722
72,39895
72,40848
72,39990
72,40020
72,40149
72,41064
72,41099
72,41160
72,41171
72,41267
72,41363
72,40534
72,41581
72,41783
72,41955
72,41974
72,41095
72,41148
72,42186
72,42192
72,42232
72,42366
72,42371
72,42556
72,42577
72,42590
72,42655
72,41779
72,42706
72,42784
72,42801
72,42044
72,43102
72,42302
72,43208
72,43242
72,43267
72,43291
72,43333
72,42523
72,42540
72,43558
72,43618
72,43629
72,43631
72,42731
72,42841
72,43817
72,43970
72,43092
72,44069
72,44071
72,44138
72,44340
72,43534
72,44700
72,44743
72,44744
72,44937
72,44957
72,44963
72,45073
72,44174
72,45108
72,44216
72,45148
72,45166
72,45215
72,45262
72,45282
72,44425
72,45384
72,45562
72,44724
72,45658
72,44871
72,45777
72,45781
72,45904
72,45023
72,46003
72,45110
72,46058
72,46064
72,45175
72,46156
72,46311
72,45433
72,46358
72,46447
72,46502
72,46527
72,46664
72,46683
72,46730
72,46793
72,46124
72,47255
72,46563
72,46711
72,46711
72,46717
72,47882
72,48132
72,48145
72,48275
72,47664
72,47801
72,47890
72,48812
72,47917
72,48020
72,48946
72,48966
72,48134
72,49108
72,48231
72,49197
72,49569
72,49823
72,48952
72,49931
72,49642
72,50602
72,50178
72,50186
72,51246
72,50346
72,51460
72,51644
72,51798
72,51930
72,52122
72,52234
72,51339
72,52312
72,52552
72,52653
72,52740
72,51912
72,52823
72,52895
72,52948
72,52289
72,53226
72,53261
72,53434
72,52554
72,53474
72,53566
72,53569
72,53623
72,53675
72,53768
72,53964
72,54014
72,54027
72,53315
72,54305
72,53421
72,53485
72,54573
72,54618
72,53727
72,54645
72,53844
72,54796
72,53978
72,54914
72,55035
72,55088
72,54262
72,54750
73,32400
73,32552
73,32701
73,32733
73,32744
73,31882
73,33595
73,33608
73,33643
73,33952
73,33117
73,33471
73,34567
73,33815
73,34943
73,34954
73,34166
73,35993
73,36182
73,36205
73,36490
73,36615
73,36682
73,36930
73,37280
73,36530
73,37552
73,37066
73,38148
73,37441
73,37719
73,39131
73,39519
73,40080
73,40082
73,40179
73,39280
73,40333
73,40367
73,40451
73,40461
73,39660
73,40617
73,39770
73,40676
73,40754
73,40768
73,40784
73,40820
73,41018
73,41094
73,41179
73,41247
73,40415
73,40436
73,41460
73,40605
73,41533
73,41549
73,41713
73,40952
73,41106
73,41161
73,41244
73,42146
73,41327
73,41359
73,42296
73,42458
73,42613
73,42640
73,41752
73,42861
73,42334
73,43235
73,42337
73,43249
73,43439
73,43441
73,43494
73,43517
73,42736
73,43687
73,43728
73,43943
73,44034
73,44107
73,43222
73,43256
73,43329
73,43376
73,43515
73,44422
73,44467
73,43632
73,44536
73,44628
73,43735
73,44710
73,44748
73,44768
73,44803
73,44865
73,44069
73,44211
73,44309
73,44341
73,45244
73,45273
73,44413
73,45336
73,44449
73,45373
73,44477
73,45538
73,44697
73,44717
73,45690
73,45729
73,45798
73,46101
73,46166
73,45345
73,46253
73,46343
73,46348
73,46371
73,46495
73,45677
73,46645
73,46690
73,46984
73,47001
73,47010
73,46238
73,47158
73,47230
73,47282
73,47298
73,46539
73,47444
73,47518
73,47548
73,46654
73,47560
73,46678
73,47589
73,46715
73,46936
73,47927
73,48096
73,48270
73,47486
73,48437
73,48441
73,48496
73,47604
73,47689
73,48748
73,48841
73,48894
73,48211
73,49462
73,48985
73,50105
73,50444
73,50450
73,50525
73,50639
73,49783
73,50750
73,50751
73,51024
73,51507
73,51610
73,50919
73,52255
73,52422
73,51766
73,51783
73,52766
73,52980
73,53015
73,53194
73,53260
73,53447
73,53578
73,52682
73,53710
73,52862
73,53253
73,54229
73,53329
73,54246
73,54312
73,54476
73,54511
73,53613
73,54540
73,54566
73,54655
73,53814
73,54843
73,53944
73,54118
73,54191
73,54295
74,32400
74,32125
74,33179
74,32736
74,32915
74,34222
74,34309
74,34351
74,34510
74,33665
74,35032
74,34134
74,34295
74,34534
74,34656
74,34952
74,36102
74,36224
74,36240
74,36397
74,36401
74,36772
74,36974
74,36118
74,37054
74,37138
74,37153
74,37298
74,37341
74,36572
74,38483
74,38600
74,38722
74,38872
74,39096
74,39198
74,38433
74,39469
74,39712
74,39751
74,38984
74,40314
74,39414
74,40461
74,39571
74,40521
74,40544
74,40578
74,40689
74,40790
74,40826
74,40936
74,40036
74,40957
74,41048
74,40259
74,40386
74,41318
74,41448
74,41458
74,41554
74,41675
74,41718
74,41725
74,41759
74,41798
74,40993
74,41021
74,41947
74,42100
74,41211
74,42128
74,42192
74,42220
74,42234
74,42284
74,42296
74,42332
74,41536
74,42487
74,41727
74,42647
74,42704
74,42794
74,42933
74,42990
74,42148
74,42287
74,42378
74,43318
74,43338
74,43373
74,43470
74,42636
74,42766
74,43871
74,42989
74,42992
74,43972
74,44061
74,44146
74,43354
74,44344
74,44356
74,43604
74,44598
74,44629
74,44732
74,43845
74,44760
74,43891
74,44854
74,43983
74,44895
74,43995
74,44991
74,45026
74,44204
74,45347
74,45401
74,44543
74,44548
74,44591
74,45701
74,44857
74,45766
74,45808
74,44975
74,45935
74,45959
74,46119
74,46365
74,46366
74,45578
74,46479
74,45642
74,46609
74,46662
74,46678
74,46753
74,45876
74,46876
74,45983
74,46911
74,46995
74,47002
74,46121
74,47181
74,46380
74,47312
74,47327
74,47341
74,46525
74,47469
74,46606
74,47574
74,47599
74,47945
74,47121
74,47166
74,47251
74,47256
74,48204
74,48322
74,47483
74,48410
74,47515
74,48452
74,47660
74,48907
74,48226
74,48362
74,49337
74,48456
74,48491
74,49396
74,49405
74,49533
74,49575
74,49914
74,49963
74,49979
74,49096
74,49409
74,50316
74,49769
74,51060
74,51236
74,51295
74,51401
74,52007
74,51108
74,51113
74,51236
74,52153
74,52196
74,52544
74,51932
74,51936
74,52902
74,53004
74,53058
74,53151
74,53335
74,52559
74,53510
74,53639
74,52852
74,52991
74,53339
74,53454
74,53608
74,54557
74,54724
74,53883
74,54821
74,55073
74,54370
74,54835
75,32400
75,32405
75,31546
75,32727
75,32839
75,33498
75,32622
75,32636
75,33981
75,34030
75,33286
75,34445
75,34608
75,34681
75,34905
75,35345
75,35742
75,35962
75,36108
75,35217
75,36379
75,35978
75,36652
75,36870
75,37026
75,38182
75,37681
75,37700
75,37827
75,38803
75,38815
75,38291
75,39724
75,39969
75,40049
75,40069
75,40215
75,40283
75,39575
75,40562
75,40599
75,40607
75,39797
75,39803
75,40001
75,41145
75,41171
75,41199
75,41211
75,40337
75,41254
75,41296
75,41363
75,41389
75,41479
75,40710
75,41614
75,41721
75,40863
75,41806
75,41003
75,41060
75,42083
75,42179
75,42183
75,42458
75,41590
75,42631
75,42685
75,42710
75,41899
75,42907
75,42155
75,43116
75,43117
75,43186
75,43458
75,43639
75,42787
75,42930
75,43832
75,43106
75,44110
75,43221
75,44189
75,43306
75,43417
75,44385
75,44447
75,44524
75,44581
75,43681
75,44683
75,43870
75,44794
75,44822
75,44940
75,44946
75,44962
75,45010
75,44158
75,45194
75,44315
75,45317
75,44444
75,45510
75,45569
75,44772
75,44993
75,45066
75,45111
75,46028
75,45148
75,45158
75,46310
75,46323
75,46389
75,46462
75,46654
75,46664
75,46786
75,46046
75,46958
75,47034
75,47068
75,46413
75,46434
75,46593
75,47645
75,46795
75,46845
75,47100
75,47165
75,47272
75,47489
75,48506
75,48554
75,48633
75,48639
75,48689
75,47811
75,47816
75,48762
75,49133
75,49207
75,48532
75,49653
75,49701
75,48918
75,48923
75,49967
75,49121
75,50031
75,50119
75,50175
75,49290
75,50282
75,50406
75,49583
75,49726
75,49895
75,49922
75,50968
75,51002
75,51052
75,50176
75,51101
75,51304
75,51305
75,50677
75,51651
75,50754
75,51710
75,50893
75,52130
75,51238
75,52152
75,51290
75,52203
75,52230
75,51406
75,51410
75,51619
75,52950
75,53087
75,53125
75,53179
75,53405
75,52559
75,52885
75,53828
75,53013
75,53052
75,54014
75,53203
75,53375
75,53621
75,54522
75,54008
75,54913
75,55067
75,55106
75,54786
75,54852
75,54858
75,54895
76,32400
76,32419
76,32551
76,32744
76,32952
76,33092
76,33131
76,33144
76,33255
76,33367
76,33396
76,33989
76,34013
76,34117
76,33543
76,33939
76,34860
76,33965
76,34368
76,35640
76,35764
76,35924
76,35122
76,36065
76,35355
76,36672
76,37060
76,37302
76,37375
76,37505
76,38019
76,38399
76,37788
76,39206
76,38664
76,39749
76,39037
76,40102
76,40115
76,40173
76,40209
76,40398
76,40419
76,40449
76,40557
76,40571
76,40574
76,40578
76,39707
76,40615
76,40732
76,40215
76,41144
76,40335
76,40424
76,41349
76,40528
76,41484
76,40586
76,41555
76,41573
76,40684
76,40900
76,41093
76,42095
76,41210
76,42151
76,42349
76,41453
76,42616
76,41765
76,42950
76,42950
76,43047
76,43100
76,43139
76,43159
76,43242
76,43409
76,43484
76,43607
76,42757
76,43685
76,43770
76,43813
76,43847
76,43938
76,43056
76,43161
76,44075
76,44127
76,44284
76,43473
76,44395
76,43598
76,44563
76,43735
76,44639
76,43763
76,44685
76,43794
76,44713
76,45014
76,45017
76,45021
76,45024
76,45033
76,44190
76,44208
76,44251
76,44362
76,44539
76,45463
76,44574
76,44582
76,45582
76,45589
76,44708
76,44835
76,45767
76,45876
76,46053
76,46180
76,45302
76,45373
76,45423
76,46445
76,46455
76,45572
76,45603
76,46561
76,46579
76,46610
76,46697
76,46759
76,45918
76,47015
76,47210
76,47229
76,47343
76,47448
76,46759
76,47702
76,46807
76,47795
76,47842
76,47857
76,46967
76,47017
76,47083
76,47986
76,47256
76,47259
76,48172
76,48286
76,48304
76,48332
76,48414
76,48472
76,48647
76,48684
76,48693
76,47894
76,49405
76,49466
76,49551
76,48694
76,48694
76,49948
76,49118
76,50035
76,49363
76,49469
76,50381
76,49651
76,50905
76,51101
76,50248
76,51275
76,50403
76,51304
76,51305
76,51311
76,51518
76,50680
76,50774
76,51691
76,51891
76,51908
76,51012
76,51968
76,51973
76,51973
76,52477
76,52565
76,52648
76,51938
76,53279
76,52581
76,52697
76,53649
76,53675
76,53706
76,53199
76,53201
76,54178
76,53395
76,54867
76,55225
76,54346
76,54803
77,32400
77,31617
77,31694
77,32632
77,32699
77,31847
77,32891
77,33140
77,32339
77,33974
77,34197
77,34252
77,34512
77,33647
77,34726
77,35003
77,35013
77,35365
77,35548
77,35583
77,35570
77,36509
77,36626
77,36675
77,36783
77,37426
77,36580
77,37717
77,37811
77,37123
77,38095
77,37425
77,37821
77,39365
77,39369
77,39386
77,39402
77,40317
77,40317
77,40421
77,40569
77,40820
77,40927
77,41055
77,41055
77,41120
77,40271
77,41225
77,40483
77,40534
77,41458
77,41496
77,40693
77,41608
77,41665
77,40923
77,40954
77,42506
77,42538
77,41655
77,42700
77,41823
77,42800
77,42093
77,43082
77,43110
77,42267
77,42314
77,43250
77,42409
77,43310
77,42449
77,43372
77,43378
77,43493
77,43500
77,43545
77,43603
77,42745
77,43649
77,43722
77,43754
77,43880
77,43899
77,43927
77,44151
77,43289
77,44238
77,44260
77,43381
77,44390
77,44402
77,44431
77,44464
77,43596
77,43867
77,44964
77,44148
77,45061
77,45076
77,45120
77,44263
77,45226
77,45372
77,45413
77,45427
77,44548
77,44853
77,45783
77,45068
77,46046
77,46350
77,46402
77,46463
77,45583
77,45653
77,45740
77,46714
77,46757
77,46797
77,45919
77,46824
77,46876
77,46960
77,47055
77,47153
77,47301
77,46480
77,47405
77,47774
77,48078
77,48171
77,47384
77,47558
77,47623
77,48530
77,48533
77,48572
77,48591
77,48816
77,48011
77,48608
77,49551
77,49571
77,48673
77,49664
77,49711
77,48932
77,49262
77,50257
77,49457
77,50386
77,50395
77,50541
77,50602
77,50622
77,49757
77,50669
77,50764
77,50253
77,50489
77,50630
77,51990
77,52355
77,52435
77,51601
77,51601
77,52752
77,52935
77,52046
77,53211
77,53361
77,53380
77,52851
77,53766
77,53885
77,53898
77,54504
77,54802
77,54008
77,54989
77,55144
77,55195
77,54507
77,54808
78,32400
78,32715
78,32737
78,32773
78,31887
78,33071
78,32204
78,33163
78,33295
78,33327
78,32702
78,33771
78,33916
78,33276
78,33472
78,34418
78,34171
78,35110
78,35113
78,35113
78,35314
78,35089
78,36039
78,36225
78,36842
78,36125
78,37302
78,37318
78,36563
78,36836
78,37013
78,38084
78,37408
78,38361
78,37479
78,38586
78,38589
78,37854
78,38379
78,38401
78,39540
78,39975
78,40021
78,39130
78,40243
78,40248
78,40262
78,40291
78,40292
78,40399
78,40584
78,39727
78,40016
78,40037
78,41142
78,41178
78,40342
78,40399
78,41433
78,40636
78,41594
78,40783
78,41766
78,41061
78,42046
78,42046
78,42085
78,41416
78,42322
78,41437
78,41552
78,41636
78,42539
78,41743
78,42715
78,41897
78,41908
78,42939
78,42948
78,43129
78,43180
78,43429
78,42642
78,43581
78,43581
78,42798
78,43767
78,42975
78,43915
78,43077
78,44193
78,44243
78,44258
78,44672
78,43864
78,44878
78,44185
78,44213
78,45154
78,45229
78,45287
78,44521
78,45431
78,45597
78,44782
78,45862
78,45920
78,45967
78,45980
78,45257
78,45299
78,45351
78,45405
78,46438
78,46465
78,45616
78,46524
78,45796
78,46709
78,46846
78,46868
78,46032
78,46988
78,46109
78,47052
78,47082
78,46263
78,47366
78,47529
78,47756
78,46927
78,48052
78,48100
78,47231
78,47944
78,48847
78,48908
78,48920
78,48089
78,49186
78,49201
78,48303
78,48407
78,48576
78,48601
78,49555
78,49561
78,48719
78,49653
78,49668
78,48971
78,50153
78,50233
78,50313
78,50371
78,50577
78,49727
78,49799
78,50859
78,49986
78,50939
78,51030
78,50159
78,51064
78,50191
78,51106
78,51238
78,51363
78,51502
78,51520
78,51632
78,51880
78,51994
78,51103
78,52570
78,52737
78,52916
78,52955
78,53168
78,52426
78,53335
78,53476
78,53133
78,54136
78,54291
78,54397
78,54463
78,54477
78,53751
78,53991
78,55110
79,32400
79,31730
79,31949
79,31986
79,32121
79,33123
79,33548
79,33261
79,34213
79,34370
79,34702
79,34800
79,35076
79,34370
79,34467
79,35428
79,34722
79,35825
79,35914
79,35056
79,36444
79,35573
79,36955
79,36057
79,37088
79,37112
79,36306
79,37207
79,37210
79,37475
79,36811
79,37741
79,37814
79,37942
79,38062
79,37746
79,37942
79,38847
79,39083
79,39717
79,40002
79,40257
79,40308
79,40344
79,40395
79,40463
79,40569
79,40653
79,40823
79,40851
79,40877
79,40930
79,40159
79,41452
79,41477
79,41492
79,40729
79,41693
79,40979
79,42063
79,42086
79,42357
79,42367
79,42447
79,42561
79,42571
79,42606
79,42668
79,41783
79,41831
79,42763
79,42765
79,41868
79,42789
79,41902
79,41978
79,42018
79,42939
79,42995
79,43029
79,42182
79,42221
79,43124
79,42377
79,42587
79,42611
79,42736
79,43647
79,43659
79,43843
79,43900
79,43101
79,44049
79,43230
79,44185
79,43310
79,44219
79,44331
79,44332
79,44352
79,43793
79,44830
79,44033
79,44053
79,45000
79,45103
79,45280
79,45398
79,44817
79,45726
79,44901
79,45962
79,45193
79,46097
79,45236
79,46156
79,46196
79,45435
79,46446
79,46563
79,46565
79,46565
79,45869
79,45976
79,46014
79,46937
79,46949
79,46064
79,47024
79,46130
79,47087
79,47185
79,47263
79,46546
79,47542
79,47623
79,47021
79,47929
79,47082
79,47114
79,47247
79,47309
79,48399
79,47657
79,48593
79,48789
79,48040
79,48975
79,49097
79,49166
79,49166
79,48330
79,49240
79,48354
79,48795
79,49025
79,50104
79,49286
79,50200
79,50325
79,50327
79,49571
79,50721
79,50795
79,50852
79,50919
79,50055
79,51028
79,50129
79,51201
79,51324
79,51504
79,50699
79,51822
79,51856
79,51022
79,51033
79,51954
79,51191
79,52151
79,52193
79,52426
79,52441
79,52526
79,52715
79,52031
79,52070
79,53123
79,53219
79,53511
79,53562
79,52665
79,53573
79,53950
79,53115
79,53336
79,54391
79,54753
79,54777
79,55130
79,54234
79,54253
80,32400
80,32433
80,32538
80,32904
80,32147
80,32232
80,33171
80,33590
80,33783
80,33417
80,33431
80,33459
80,34558
80,34837
80,35279
80,35287
80,35438
80,35608
80,34738
80,35662
80,35698
80,35707
80,36538
80,36540
80,36667
80,36854
80,36011
80,36999
80,36316
80,37356
80,36671
80,37796
80,38137
80,38168
80,37281
80,38454
80,38602
80,37714
80,38913
80,39180
80,38341
80,39321
80,38634
80,38647
80,39655
80,39792
80,39947
80,40045
80,39501
80,39536
80,40589
80,40784
80,40802
80,40041
80,40969
80,41030
80,40161
80,40164
80,41119
80,40344
80,41260
80,41330
80,41367
80,40578
80,40639
80,40662
80,41579
80,40719
80,40760
80,40962
80,41036
80,41970
80,42097
80,42124
80,41322
80,42420
80,42556
80,42599
80,42656
80,41793
80,42947
80,42985
80,43014
80,43033
80,42192
80,43172
80,43175
80,43208
80,42387
80,43366
80,43420
80,43436
80,42566
80,42616
80,43621
80,42808
80,43922
80,43035
80,43084
80,44001
80,44017
80,44061
80,44167
80,44294
80,43490
80,44678
80,43792
80,44698
80,43831
80,44793
80,43916
80,44853
80,44951
80,44981
80,45121
80,44259
80,45404
80,44561
80,45527
80,44686
80,45589
80,45756
80,45761
80,45796
80,45984
80,45141
80,46082
80,46110
80,45326
80,45394
80,45405
80,46337
80,45574
80,46519
80,46537
80,46661
80,46676
80,46685
80,46706
80,46732
80,46750
80,46841
80,46119
80,46352
80,47263
80,47279
80,47330
80,47373
80,47679
80,47383
80,47413
80,48406
80,48470
80,48712
80,47827
80,48801
80,48078
80,49083
80,49248
80,48362
80,49297
80,48506
80,49458
80,49526
80,48687
80,49621
80,49722
80,49862
80,50007
80,49338
80,50310
80,50401
80,50551
80,50570
80,50031
80,51031
80,50473
80,50610
80,51665
80,51713
80,50975
80,51883
80,51899
80,51935
80,51209
80,52154
80,52365
80,52369
80,51475
80,52377
80,52592
80,52733
80,51919
80,51963
80,52928
80,53095
80,52214
80,53117
80,53329
80,52494
80,52642
80,53592
80,53740
80,54162
80,54314
80,54445
80,54705
80,54166
80,54175
81,32400
81,32826
81,32873
81,32079
81,32131
81,33044
81,32231
81,33287
81,32395
81,33463
81,34208
81,34262
81,34305
81,33751
81,34965
81,35357
81,35463
81,35958
81,35063
81,36099
81,36154
81,36439
81,36243
81,37175
81,37306
81,37347
81,37364
81,37565
81,37766
81,38374
81,38547
81,39135
81,39155
81,38476
81,39452
81,39662
81,38897
81,38950
81,38962
81,40042
81,40073
81,40140
81,40197
81,40354
81,40487
81,40500
81,40546
81,40721
81,40771
81,39924
81,40009
81,40177
81,40352
81,41320
81,40548
81,40612
81,41523
81,40741
81,41671
81,41686
81,40793
81,41746
81,41075
81,42056
81,42148
81,42332
81,42496
81,42526
81,42951
81,42980
81,42993
81,43033
81,42169
81,43160
81,43175
81,43265
81,43302
81,42440
81,43345
81,43491
81,42617
81,43584
81,43623
81,43646
81,42747
81,42884
81,43808
81,42914
81,44007
81,44085
81,44151
81,44294
81,43475
81,44410
81,43532
81,44554
81,43743
81,44645
81,44668
81,44777
81,43917
81,44843
81,44885
81,44021
81,44983
81,45176
81,44298
81,45267
81,45274
81,44500
81,45520
81,45614
81,45631
81,44764
81,45673
81,44817
81,45819
81,45024
81,45941
81,46005
81,46040
81,46159
81,46302
81,46432
81,46695
81,46884
81,47157
81,47173
81,46291
81,47243
81,46387
81,47330
81,47388
81,46491
81,47436
81,46843
81,47888
81,47097
81,47124
81,48047
81,47210
81,48153
81,48274
81,48423
81,47575
81,47688
81,48747
81,47992
81,49060
81,49074
81,49360
81,49394
81,48557
81,49661
81,49803
81,49867
81,49880
81,48990
81,50050
81,50324
81,50353
81,49714
81,49839
81,49851
81,49967
81,50908
81,50019
81,51174
81,51392
81,51671
81,50779
81,51827
81,51901
81,51922
81,52046
81,51278
81,52184
81,51342
81,51416
81,53104
81,53226
81,53559
81,53637
81,53694
81,53791
81,53927
81,53052
81,54068
81,54107
81,53261
81,53611
81,53882
81,53900
81,54812
81,53961
81,54872
81,54967
81,54243
81,54696
81,54751
81,55189
82,32400
82,32489
82,31594
82,33069
82,32290
82,33042
82,33883
82,34973
82,35012
82,34529
82,35936
82,36100
82,36147
82,35611
82,36660
82,35827
82,36961
82,37261
82,37422
82,37484
82,38323
82,38364
82,38544
82,38742
82,37861
82,39113
82,39129
82,39243
82,38449
82,39398
82,38654
82,39600
82,39800
82,38922
82,39828
82,38951
82,39965
82,40184
82,39293
82,39373
82,40339
82,39449
82,40355
82,40362
82,40418
82,39536
82,40515
82,39638
82,39665
82,40624
82,40666
82,40710
82,39998
82,40222
82,41159
82,41391
82,41506
82,40709
82,41719
82,42109
82,42148
82,42229
82,42238
82,41388
82,41424
82,41648
82,42652
82,41769
82,41836
82,42783
82,42052
82,42155
82,42188
82,42208
82,42210
82,43169
82,43302
82,42437
82,43469
82,43490
82,43595
82,42779
82,43764
82,42905
82,43069
82,43092
82,43293
82,43294
82,44306
82,44364
82,44372
82,44004
82,44929
82,44278
82,45247
82,45257
82,45262
82,45265
82,44491
82,45477
82,45485
82,45530
82,45584
82,45676
82,45847
82,45977
82,46099
82,46238
82,46240
82,46395
82,46637
82,46689
82,45838
82,46749
82,46778
82,46817
82,46877
82,47052
82,47124
82,47158
82,47199
82,47312
82,47381
82,47456
82,47470
82,47491
82,47571
82,47666
82,47017
82,47096
82,48134
82,48506
82,48609
82,49001
82,49010
82,49262
82,49338
82,48551
82,49677
82,48834
82,49743
82,48864
82,48977
82,49056
82,50047
82,50205
82,50220
82,50617
82,50636
82,50662
82,50708
82,50727
82,50831
82,49962
82,50878
82,50152
82,51071
82,51244
82,51503
82,50875
82,51788
82,51145
82,52108
82,51243
82,52275
82,52417
82,51568
82,51629
82,51739
82,52664
82,52946
82,53106
82,53248
82,53299
82,53537
82,52681
82,53650
82,53811
82,53916
82,53979
82,54401
82,53648
82,54587
82,54628
82,54653
82,53834
82,54837
82,55132
82,54320
82,55239
82,55259
83,32400
83,32433
83,32754
83,32769
83,32936
83,32947
83,32078
83,33118
83,33214
83,32444
83,32769
83,32871
83,32876
83,33907
83,33958
83,34051
83,33687
83,34619
83,34934
83,34178
83,35984
83,36077
83,36153
83,36314
83,36617
83,36044
83,36708
83,37067
83,38005
83,38175
83,37407
83,38337
83,37724
83,38708
83,38823
83,38320
83,38800
83,38892
83,39070
83,40153
83,39384
83,39541
83,39617
83,40568
83,40600
83,39702
83,39772
83,39819
83,40769
83,40908
83,40129
83,40267
83,41177
83,40284
83,41221
83,41233
83,41286
83,40552
83,40576
83,41609
83,41657
83,41054
83,42028
83,42052
83,42106
83,42121
83,41259
83,41271
83,42259
83,41478
83,42469
83,42665
83,41805
83,41871
83,42800
83,42968
83,43027
83,42152
83,43092
83,43109
83,42251
83,43175
83,42306
83,42395
83,43350
83,42622
83,42723
83,43639
83,43663
83,43768
83,43868
83,43918
83,43050
83,43952
83,44055
83,44132
83,44276
83,44346
83,43447
83,43551
83,44461
83,44602
83,44664
83,44677
83,44728
83,43837
83,44980
83,44114
83,45112
83,45238
83,45307
83,44409
83,45368
83,45378
83,45406
83,45498
83,45535
83,45110
83,46013
83,46030
83,45213
83,45338
83,46407
83,46441
83,45574
83,46484
83,46514
83,46552
83,46663
83,45953
83,46014
83,46037
83,47056
83,47063
83,47173
83,47182
83,46474
83,46547
83,46582
83,47488
83,47573
83,47593
83,47868
83,47973
83,47984
83,48218
83,48243
83,48399
83,48499
83,47686
83,47982
83,49068
83,48310
83,49561
83,48662
83,48867
83,48898
83,49860
83,50002
83,49311
83,49351
83,50257
83,49562
83,50590
83,50600
83,50651
83,50652
83,50824
83,50938
83,50050
83,50958
83,51182
83,51244
83,50391
83,51436
83,52164
83,52370
83,52376
83,52389
83,52648
83,52696
83,52726
83,51866
83,53016
83,53171
83,53334
83,53615
83,53971
83,54007
83,53147
83,53386
83,54322
83,54384
83,54435
83,54510
83,54715
83,54741
83,54802
83,54943
83,54112
83,55191
83,54392
83,54990
84,32400
84,32414
84,32445
84,31672
84,32646
84,33339
84,32578
84,33775
84,33093
84,34068
84,33502
84,34463
84,33734
84,34873
84,34883
84,33998
84,35002
84,35062
84,35134
84,34770
84,36332
84,36551
84,37001
84,37612
84,37904
84,37954
84,37996
84,37144
84,38181
84,37467
84,37632
84,38621
84,38690
84,38891
84,38929
84,38531
84,39466
84,39672
84,39127
84,39198
84,39606
84,40556
84,40789
84,40889
84,40104
84,41044
84,41092
84,40197
84,41215
84,41332
84,41389
84,40707
84,41721
84,41736
84,41858
84,41925
84,41942
84,41048
84,41994
84,42305
84,42367
84,42430
84,42529
84,42578
84,42621
84,42626
84,42744
84,43004
84,42186
84,43100
84,42255
84,43326
84,42468
84,42672
84,43605
84,43663
84,43679
84,42819
84,43738
84,43751
84,42881
84,43845
84,43939
84,43138
84,44112
84,44156
84,44439
84,44561
84,44627
84,44637
84,43772
84,44712
84,44740
84,44849
84,44849
84,44001
84,44964
84,44974
84,44995
84,45011
84,45043
84,44174
84,44184
84,44192
84,44260
84,44317
84,44385
84,45287
84,44412
84,44608
84,45577
84,45670
84,45675
84,45753
84,44856
84,44887
84,44901
84,45899
84,46080
84,46274
84,46366
84,46366
84,46379
84,45483
84,46386
84,46448
84,46465
84,46691
84,46693
84,46701
84,46709
84,46742
84,46818
84,46861
84,46902
84,46918
84,46997
84,47010
84,47013
84,46137
84,47311
84,46493
84,46503
84,47452
84,47527
84,47080
84,48026
84,48149
84,48345
84,48356
84,48577
84,47708
84,47816
84,47972
84,48126
84,49091
84,49129
84,49148
84,48306
84,49930
84,49996
84,50182
84,50253
84,49378
84,50334
84,49590
84,50392
84,51319
84,51372
84,51631
84,51738
84,50843
84,51939
84,52047
84,51219
84,51284
84,51289
84,51325
84,51899
84,52944
84,52054
84,53068
84,52173
84,53108
84,52523
84,53598
84,53695
84,52810
84,53788
84,53927
84,54152
84,53534
84,54470
84,53635
84,55051
84,55196
84,55208
84,54409
84,54442
84,54596
84,55033
84,55051
85,32400
85,31514
85,32535
85,32970
85,32086
85,32990
85,32513
85,32601
85,32762
85,33125
85,33590
85,34619
85,34638
85,34738
85,33873
85,33950
85,33952
85,34048
85,36298
85,36840
85,36902
85,36962
85,36997
85,37032
85,37219
85,36345
85,37381
85,37650
85,36933
85,38091
85,37872
85,38796
85,39062
85,38988
85,40034
85,39240
85,40148
85,40150
85,40190
85,40263
85,40367
85,40394
85,40409
85,40537
85,40643
85,40712
85,40822
85,40894
85,41054
85,41062
85,41189
85,41197
85,41239
85,40567
85,40602
85,41715
85,41763
85,41775
85,41932
85,42023
85,41461
85,42390
85,42407
85,42416
85,41588
85,41664
85,41712
85,42648
85,42692
85,42701
85,42778
85,41934
85,43229
85,43234
85,43318
85,43419
85,42571
85,43492
85,43536
85,43619
85,43627
85,42737
85,43655
85,42778
85,42820
85,43730
85,42861
85,42929
85,43860
85,42975
85,43924
85,43370
85,44293
85,43706
85,44700
85,44776
85,43955
85,44887
85,43998
85,44040
85,44963
85,44991
85,45017
85,45077
85,45101
85,45265
85,45366
85,45430
85,44583
85,45711
85,45797
85,45814
85,45278
85,46211
85,46248
85,46302
85,46579
85,46580
85,45726
85,46953
85,47000
85,46239
85,47211
85,47429
85,46566
85,47495
85,47609
85,46815
85,46837
85,47800
85,47932
85,47943
85,47945
85,48071
85,47328
85,48263
85,47432
85,48507
85,47627
85,49046
85,49183
85,48351
85,49270
85,48632
85,49556
85,49572
85,49576
85,49641
85,48949
85,50163
85,49349
85,49460
85,49549
85,50469
85,50520
85,50747
85,50445
85,51571
85,51626
85,51783
85,51876
85,51957
85,52220
85,52280
85,52439
85,51625
85,52632
85,52960
85,52967
85,53073
85,53140
85,53211
85,53405
85,52529
85,53436
85,52867
85,54201
85,53666
85,54675
85,53854
85,54880
85,54009
85,54018
85,54059
85,55095
85,55190
85,54630
86,32400
86,32598
86,31742
86,31998
86,32132
86,33097
86,33143
86,33633
86,33706
86,32856
86,32901
86,33901
86,33963
86,34117
86,33228
86,33406
86,34355
86,34674
86,34744
86,34775
86,35257
86,34504
86,35602
86,35618
86,36233
86,36497
86,36592
86,35735
86,36282
86,37248
86,36696
86,36741
86,37898
86,38066
86,37312
86,37441
86,38643
86,38749
86,37914
86,38934
86,39453
86,38574
86,39718
86,39049
86,39113
86,40104
86,40222
86,40486
86,40514
86,40758
86,39858
86,39868
86,40797
86,40860
86,40169
86,40187
86,40215
86,40346
86,41290
86,41307
86,41335
86,41370
86,41411
86,40642
86,40667
86,41590
86,41673
86,41772
86,41805
86,41051
86,42015
86,42106
86,42129
86,42297
86,42414
86,42490
86,42573
86,42606
86,42687
86,43043
86,42155
86,43190
86,42336
86,42396
86,43300
86,43481
86,43589
86,43733
86,43836
86,43875
86,43913
86,43998
86,44001
86,44059
86,43486
86,44575
86,44651
86,44708
86,45030
86,45110
86,45117
86,45223
86,45282
86,45344
86,45403
86,44659
86,44693
86,45659
86,45832
86,45861
86,45861
86,45161
86,46473
86,46640
86,46728
86,46794
86,47010
86,46247
86,47288
86,46393
86,47316
86,47394
86,47437
86,47471
86,46641
86,47545
86,47547
86,46648
86,46650
86,47573
86,47692
86,47695
86,47796
86,47982
86,48146
86,48336
86,48817
86,49001
86,49040
86,49094
86,48321
86,48382
86,48575
86,48611
86,48670
86,48688
86,49601
86,48898
86,49833
86,49838
86,49975
86,49163
86,50164
86,50180
86,49373
86,49480
86,49486
86,50591
86,49731
86,50657
86,50878
86,50959
86,51011
86,51031
86,50525
86,50567
86,51470
86,51851
86,52033
86,51248
86,52340
86,52529
86,52546
86,52723
86,52789
86,52908
86,53049
86,53057
86,52236
86,53174
86,53196
86,53325
86,53391
86,52568
86,53839
86,53867
86,54108
86,53830
86,54876
86,53989
86,54112
86,55030
86,54162
86,55113
86,55223
86,54369
87,32400
87,32452
87,33599
87,33664
87,34610
87,34833
87,35090
87,35567
87,34988
87,35894
87,35944
87,35214
87,35992
87,36059
87,36989
87,37253
87,37278
87,36576
87,37557
87,37673
87,37902
87,37075
87,38010
87,38445
87,37589
87,37718
87,38673
87,37779
87,38875
87,38893
87,39240
87,38453
87,38476
87,38844
87,39787
87,39832
87,39843
87,40250
87,40629
87,40632
87,40637
87,40651
87,40829
87,40897
87,40992
87,41023
87,41027
87,41100
87,40289
87,40423
87,41369
87,41428
87,40545
87,40568
87,41516
87,41533
87,41794
87,41918
87,41937
87,41050
87,42044
87,42061
87,42176
87,42192
87,42203
87,42217
87,42233
87,41432
87,41474
87,42397
87,42415
87,42505
87,41692
87,42593
87,42619
87,42712
87,42841
87,43005
87,42330
87,42331
87,42428
87,43426
87,42629
87,43662
87,43794
87,43005
87,43983
87,44084
87,44127
87,44221
87,44222
87,43359
87,44553
87,43784
87,44705
87,43807
87,44835
87,44908
87,44942
87,44946
87,45056
87,45099
87,45122
87,45286
87,45342
87,44683
87,45664
87,45690
87,45734
87,44914
87,45867
87,44992
87,46092
87,46210
87,46320
87,46487
87,46921
87,46070
87,47024
87,47102
87,46316
87,46339
87,47323
87,46568
87,46792
87,46901
87,46904
87,47889
87,47970
87,47980
87,48069
87,48653
87,48729
87,48794
87,48918
87,48228
87,49396
87,49422
87,49516
87,49653
87,49813
87,50166
87,50264
87,49638
87,50578
87,50669
87,50816
87,51047
87,50260
87,51235
87,51344
87,51384
87,50521
87,51550
87,51711
87,51885
87,51921
87,51075
87,51130
87,52049
87,52078
87,52086
87,51270
87,52257
87,51593
87,52734
87,52896
87,52924
87,52980
87,53026
87,53246
87,53297
87,53339
87,53460
87,52697
87,54056
87,53443
87,53627
87,53744
87,53921
87,55057
87,55152
87,54810
88,32400
88,31849
88,32936
88,32226
88,33469
88,32726
88,32925
88,33124
88,33312
88,33366
88,34297
88,34409
88,34439
88,33553
88,34570
88,33832
88,34803
88,34046
88,35249
88,35301
88,35469
88,35512
88,34745
88,35646
88,35243
88,35272
88,36319
88,35464
88,36512
88,35692
88,36834
88,35940
88,36973
88,37075
88,37149
88,37695
88,38111
88,38357
88,37461
88,38479
88,38525
88,37960
88,39295
88,38400
88,38610
88,39734
88,38918
88,39838
88,39971
88,40036
88,40136
88,40161
88,40219
88,40277
88,40630
88,40774
88,41061
88,41139
88,41200
88,41550
88,41740
88,41950
88,42006
88,41157
88,42067
88,42078
88,42115
88,41240
88,42167
88,42179
88,42349
88,42368
88,42423
88,42746
88,42870
88,42932
88,42056
88,43022
88,43223
88,42357
88,43273
88,43309
88,43318
88,42426
88,43330
88,42462
88,43441
88,43462
88,42628
88,42715
88,43705
88,42820
88,43810
88,43814
88,43862
88,43886
88,43917
88,43918
88,43942
88,43145
88,44104
88,44275
88,43419
88,43456
88,44408
88,43518
88,44449
88,43563
88,44472
88,44482
88,44487
88,44552
88,44678
88,43796
88,44912
88,44097
88,45204
88,45304
88,45372
88,45545
88,45670
88,44812
88,44934
88,45196
88,46136
88,45280
88,46321
88,46526
88,45684
88,46638
88,46657
88,46818
88,46840
88,46845
88,46854
88,46869
88,46911
88,47167
88,47209
88,47292
88,47303
88,47342
88,47402
88,47417
88,47425
88,47653
88,46757
88,46761
88,47782
88,47913
88,47048
88,48039
88,48327
88,48892
88,49014
88,48153
88,48217
88,49352
88,49367
88,49370
88,49581
88,49582
88,49786
88,49938
88,49238
88,50581
88,50212
88,50333
88,51380
88,51444
88,50832
88,51881
88,52338
88,52376
88,52458
88,52859
88,52051
88,53054
88,53118
88,53152
88,53188
88,53196
88,52302
88,53290
88,53386
88,52715
88,52765
88,54016
88,53245
88,53512
88,54613
88,53939
88,55081
88,54185
88,54376
88,55166
89,32400
89,32401
89,32099
89,32333
89,32812
89,33782
89,33951
89,33307
89,34475
89,33618
89,34578
89,35062
89,36313
89,35619
89,36067
89,37041
89,37485
89,37537
89,36675
89,37890
89,37994
89,38266
89,37594
89,39055
89,38339
89,39263
89,39385
89,38817
89,38883
89,38985
89,40045
89,40056
89,40230
89,40306
89,40365
89,39735
89,39811
89,39827
89,40766
89,40780
89,40790
89,41202
89,41299
89,41315
89,41378
89,40629
89,41604
89,41782
89,41021
89,41932
89,41935
89,41970
89,41188
89,42182
89,42198
89,42303
89,42352
89,41645
89,42566
89,42654
89,41754
89,41790
89,42864
89,42957
89,43020
89,43162
89,43214
89,43254
89,43323
89,42434
89,43343
89,43648
89,43709
89,43760
89,42923
89,42948
89,43890
89,43058
89,44074
89,43376
89,44282
89,44288
89,43470
89,44421
89,43729
89,43766
89,44738
89,44989
89,45009
89,45011
89,44148
89,45094
89,45136
89,44366
89,45382
89,45393
89,45405
89,45524
89,44702
89,45846
89,45852
89,45887
89,45918
89,45920
89,45941
89,45981
89,46045
89,45173
89,46480
89,46510
89,45707
89,46612
89,45712
89,46657
89,46754
89,46842
89,45952
89,46871
89,46890
89,46900
89,46009
89,47012
89,47037
89,47130
89,47137
89,47311
89,47426
89,46591
89,47682
89,46794
89,47888
89,47924
89,48014
89,48119
89,48427
89,47605
89,48644
89,47835
89,48106
89,49033
89,49041
89,49138
89,49237
89,49327
89,49465
89,49522
89,49558
89,48758
89,48819
89,49732
89,49900
89,49001
89,50043
89,49279
89,50219
89,49533
89,50631
89,50679
89,49883
89,50837
89,51220
89,50592
89,51504
89,50686
89,51987
89,51096
89,52136
89,52159
89,51351
89,51376
89,52443
89,52502
89,51696
89,52739
89,51946
89,52935
89,52068
89,53567
89,53659
89,53685
89,52835
89,52942
89,53881
89,53185
89,53306
89,54244
89,54335
89,53461
89,53750
89,53984
89,54898
89,54929
89,54947
89,54985
89,55098
89,55230
89,54971
90,32400
90,32424
90,32617
90,32392
90,32552
90,32637
90,33614
90,32889
90,33825
90,32980
90,34017
90,34080
90,34141
90,34168
90,34175
90,33290
90,34409
90,33776
90,34702
90,35527
90,35678
90,35679
90,35909
90,36024
90,36514
90,36636
90,36691
90,36762
90,36178
90,37314
90,37619
90,36754
90,37661
90,36938
90,37899
90,37033
90,38031
90,38112
90,38155
90,38166
90,38036
90,38099
90,39000
90,39096
90,38439
90,39643
90,39202
90,40238
90,40319
90,40381
90,40448
90,40509
90,40564
90,40622
90,39755
90,40670
90,40718
90,40843
90,40854
90,40859
90,40016
90,41024
90,41105
90,41138
90,41313
90,40479
90,40654
90,40718
90,40758
90,41711
90,41771
90,41776
90,41785
90,41877
90,41058
90,41066
90,42101
90,42137
90,41282
90,41380
90,41407
90,41414
90,41423
90,42348
90,41461
90,42395
90,42593
90,42805
90,41935
90,41986
90,42916
90,42944
90,42225
90,43230
90,43353
90,43448
90,42660
90,43651
90,42856
90,43935
90,43950
90,43084
90,43993
90,44131
90,44166
90,43407
90,44384
90,43522
90,44739
90,44850
90,44953
90,44971
90,44099
90,45058
90,44222
90,45136
90,44270
90,45177
90,44414
90,44446
90,45354
90,44532
90,45521
90,44625
90,45690
90,44822
90,44879
90,45018
90,46080
90,46249
90,46277
90,45575
90,46563
90,46816
90,45919
90,45947
90,46988
90,46995
90,47074
90,47215
90,47240
90,47252
90,46370
90,47347
90,46481
90,47434
90,47555
90,46674
90,46721
90,47121
90,48047
90,48049
90,48060
90,47289
90,47294
90,48306
90,48370
90,47811
90,48823
90,47958
90,48237
90,49152
90,49168
90,49171
90,48388
90,49367
90,49488
90,48706
90,48750
90,48846
90,49791
90,49886
90,50044
90,50196
90,50201
90,50288
90,49411
90,49432
90,49623
90,49934
90,50023
90,50938
90,50984
90,51032
90,50318
90,51386
90,51676
90,51677
90,51711
90,51790
90,52258
90,52282
90,52406
90,51822
90,51937
90,52540
90,52851
90,53883
90,53019
90,54066
90,54183
90,54191
90,54218
90,54233
90,54439
90,54593
90,54789
90,54218
90,55237
90,54525
90,54627
90,55189
91,32400
91,32472
91,32033
91,33057
91,32453
91,32753
91,33713
91,32881
91,33923
91,34010
91,33166
91,34242
91,34421
91,34463
91,34637
91,33808
91,34953
91,34168
91,35482
91,35537
91,35552
91,35853
91,35970
91,36092
91,36291
91,36325
91,35558
91,35560
91,36621
91,36278
91,37227
91,36646
91,36782
91,37999
91,37233
91,37329
91,37393
91,37583
91,37610
91,37688
91,38729
91,38808
91,38462
91,38763
91,39672
91,39845
91,39944
91,40001
91,40040
91,40082
91,40240
91,40282
91,40423
91,40466
91,39574
91,40533
91,39825
91,40732
91,40804
91,40843
91,41004
91,41126
91,40226
91,41186
91,40298
91,41220
91,41248
91,40398
91,41334
91,41373
91,41441
91,41482
91,41542
91,41678
91,41805
91,40930
91,41859
91,41870
91,42001
91,41109
91,41143
91,42090
91,42210
91,41336
91,41494
91,41536
91,42451
91,42469
91,42483
91,42572
91,41723
91,41862
91,42095
91,42138
91,43123
91,43164
91,43210
91,43330
91,43460
91,43493
91,43497
91,43635
91,42774
91,44100
91,44299
91,43537
91,43684
91,43691
91,44617
91,43730
91,43791
91,43886
91,43975
91,44900
91,45018
91,45020
91,44168
91,45106
91,45212
91,44339
91,45260
91,45267
91,45284
91,45334
91,45350
91,44537
91,45541
91,45588
91,44757
91,44795
91,45799
91,45001
91,45944
91,46022
91,46153
91,45471
91,46408
91,46955
91,47118
91,47124
91,46305
91,47311
91,47325
91,46536
91,47453
91,46619
91,47545
91,47545
91,47581
91,47767
91,46944
91,46979
91,47886
91,47910
91,47929
91,47946
91,48282
91,48297
91,48379
91,48656
91,48923
91,49013
91,49097
91,49183
91,49212
91,49274
91,49362
91,49525
91,48666
91,49583
91,50014
91,50029
91,49334
91,49433
91,50419
91,50434
91,50744
91,50997
91,51035
91,50260
91,51193
91,51205
91,51291
91,50691
91,51610
91,51821
91,51959
91,52996
91,53082
91,53277
91,52422
91,52776
91,53735
91,53844
91,53025
91,53946
91,54121
91,54246
91,54271
91,53396
91,53755
91,54865
91,54899
91,54151
91,55191
91,55017
92,32400
92,32546
92,32818
92,32199
92,32991
92,33174
92,34186
92,33444
92,34171
92,34308
92,34350
92,34665
92,35930
92,35132
92,36370
92,36780
92,36927
92,36996
92,37045
92,37100
92,36283
92,37317
92,36498
92,36517
92,37480
92,38275
92,38629
92,38944
92,38411
92,39547
92,38761
92,40115
92,40210
92,40216
92,39537
92,39659
92,40627
92,40657
92,40831
92,40879
92,40003
92,40018
92,40070
92,40082
92,40292
92,40293
92,40426
92,40438
92,40447
92,41397
92,41447
92,41490
92,41547
92,41567
92,41611
92,41631
92,40775
92,41761
92,40875
92,41844
92,41024
92,41940
92,42080
92,41343
92,42438
92,41580
92,42502
92,41688
92,41942
92,42858
92,42944
92,42962
92,43206
92,42314
92,43435
92,43499
92,43575
92,42750
92,43658
92,43671
92,43746
92,42918
92,42971
92,43960
92,43060
92,43068
92,43208
92,43272
92,44245
92,44319
92,43647
92,43823
92,44004
92,44918
92,44096
92,45107
92,45139
92,44249
92,45175
92,45189
92,44314
92,45217
92,45314
92,45350
92,44642
92,45715
92,45857
92,45898
92,45174
92,46093
92,45237
92,46358
92,46445
92,45608
92,46663
92,45815
92,45971
92,46878
92,46101
92,46248
92,47161
92,46270
92,47193
92,47265
92,47282
92,46457
92,47482
92,47585
92,47749
92,46861
92,47790
92,46928
92,47928
92,47121
92,48109
92,48371
92,47526
92,48467
92,47613
92,48750
92,47922
92,48927
92,49007
92,49148
92,49274
92,49603
92,49618
92,49721
92,48838
92,49988
92,50200
92,50248
92,50289
92,49389
92,50656
92,49831
92,49843
92,51268
92,50647
92,51600
92,50904
92,51911
92,51926
92,51303
92,52251
92,51560
92,51719
92,51833
92,52891
92,52244
92,53220
92,52408
92,53418
92,53631
92,53799
92,53808
92,54010
92,54079
92,53378
92,53466
92,54392
92,54596
92,54678
92,54822
92,54823
92,53961
92,54880
92,54131
92,55044
92,54296
92,54421
92,54621
93,32400
93,32401
93,32887
93,32926
93,32944
93,33077
93,33140
93,33338
93,33504
93,32770
93,34021
93,34096
93,34488
93,34586
93,34671
93,34021
93,35298
93,35464
93,35527
93,34657
93,34805
93,36019
93,35226
93,36715
93,36969
93,37103
93,36402
93,37465
93,37535
93,37746
93,37977
93,38231
93,37487
93,38496
93,38069
93,38448
93,39483
93,38610
93,39568
93,39569
93,39609
93,39084
93,40191
93,40218
93,40233
93,40315
93,40447
93,40478
93,40523
93,40790
93,39967
93,41050
93,41210
93,40417
93,40443
93,40471
93,41409
93,40638
93,40753
93,41777
93,41784
93,41844
93,41041
93,41127
93,42087
93,41220
93,42174
93,41337
93,42337
93,42415
93,42437
93,41686
93,42590
93,41777
93,42687
93,42689
93,42715
93,41923
93,42845
93,42883
93,43006
93,43035
93,43044
93,43303
93,43364
93,43530
93,42651
93,42816
93,43727
93,42888
93,42900
93,43880
93,43905
93,43175
93,44090
93,44103
93,43203
93,44378
93,44505
93,44505
93,44568
93,43874
93,43876
93,44891
93,44017
93,45039
93,45041
93,44155
93,45092
93,44210
93,45159
93,45163
93,44310
93,45309
93,45324
93,45586
93,45590
93,44724
93,45670
93,44816
93,45737
93,44893
93,44989
93,45084
93,45993
93,45193
93,46120
93,45232
93,46176
93,46187
93,45436
93,46493
93,46500
93,45663
93,45713
93,46682
93,46695
93,45833
93,46197
93,47212
93,47359
93,47394
93,47442
93,46733
93,46925
93,47025
93,47958
93,48203
93,48224
93,48352
93,48384
93,47689
93,48815
93,48882
93,48152
93,49146
93,49495
93,48799
93,49738
93,49901
93,50017
93,50250
93,49637
93,49669
93,50615
93,50833
93,50850
93,50045
93,50952
93,50985
93,51856
93,52079
93,52126
93,52337
93,51668
93,52753
93,52929
93,52935
93,52437
93,52806
93,53806
93,53837
93,53858
93,53012
93,54082
93,53273
93,54196
93,54217
93,53341
93,54393
93,53498
93,53712
93,54646
93,54773
93,54850
93,54915
93,54039
93,55175
93,55202
93,54821
93,55001
93,55019
93,55121
93,55151
94,32400
94,32943
94,33602
94,33821
94,33070
94,34097
94,33324
94,34648
94,35025
94,35754
94,35856
94,36118
94,36181
94,36707
94,36722
94,35988
94,36116
94,36169
94,37030
94,38221
94,38577
94,37685
94,37720
94,38685
94,38757
94,38030
94,38193
94,38406
94,38979
94,39998
94,40106
94,40164
94,40316
94,39440
94,40352
94,39524
94,40563
94,39782
94,39895
94,41076
94,41119
94,41162
94,41226
94,40389
94,41347
94,41417
94,41489
94,41824
94,41839
94,41218
94,42124
94,42315
94,41457
94,41768
94,42827
94,43020
94,43215
94,42656
94,43611
94,42758
94,43788
94,44094
94,44459
94,43569
94,43581
94,43765
94,44848
94,44930
94,44042
94,44088
94,44089
94,45020
94,45058
94,45332
94,44521
94,44697
94,45629
94,45663
94,45692
94,44821
94,45768
94,45776
94,45934
94,46193
94,46288
94,46322
94,45777
94,45870
94,46855
94,46893
94,46914
94,47133
94,46272
94,46282
94,47261
94,47293
94,47298
94,47322
94,47405
94,47486
94,46729
94,47698
94,46956
94,46989
94,47013
94,48020
94,47190
94,48106
94,47209
94,47252
94,47481
94,48409
94,49010
94,49362
94,48521
94,49588
94,49617
94,49754
94,50067
94,49274
94,50216
94,50285
94,49389
94,50860
94,50880
94,51054
94,51100
94,51307
94,51402
94,51455
94,51575
94,50766
94,50877
94,51829
94,51891
94,51900
94,51015
94,51974
94,52045
94,52192
94,52551
94,52552
94,51762
94,52718
94,52774
94,52793
94,52859
94,53002
94,53026
94,53238
94,53347
94,53742
94,53757
94,53947
94,53974
94,53094
94,54293
94,54433
94,54584
94,53696
94,54818
94,55034
94,55046
94,55057
94,54189
94,54295
95,32400
95,31509
95,31657
95,32965
95,33191
95,33247
95,32396
95,33771
95,34000
95,33756
95,34040
95,35750
95,34918
95,36113
95,35607
95,35642
95,36579
95,36649
95,36703
95,36973
95,37326
95,36660
95,37867
95,38029
95,38123
95,38371
95,38763
95,39062
95,39134
95,39414
95,39658
95,39030
95,40041
95,40050
95,40220
95,40316
95,40468
95,40558
95,39704
95,40607
95,40614
95,41190
95,41199
95,41209
95,40320
95,41251
95,41344
95,41347
95,41428
95,40537
95,41519
95,41530
95,41561
95,41688
95,41789
95,40914
95,40930
95,41853
95,41990
95,41162
95,42089
95,42125
95,42169
95,42209
95,42382
95,42390
95,42496
95,42571
95,42604
95,42641
95,42680
95,41932
95,42877
95,43055
95,42301
95,43376
95,42485
95,42497
95,43400
95,43413
95,42558
95,42694
95,42826
95,43749
95,43835
95,42975
95,43913
95,43066
95,44005
95,44293
95,44298
95,43432
95,43455
95,44432
95,44480
95,43634
95,43677
95,44650
95,43810
95,43866
95,44815
95,43936
95,44888
95,44902
95,44020
95,44993
95,45012
95,45044
95,45060
95,44183
95,44210
95,45306
95,44519
95,45537
95,45537
95,44641
95,44945
95,45045
95,45098
95,45175
95,46255
95,46420
95,45731
95,46781
95,46803
95,45967
95,46880
95,46066
95,47163
95,46315
95,46328
95,47234
95,47413
95,47812
95,46917
95,46982
95,47932
95,47952
95,47564
95,47768
95,48771
95,48789
95,48982
95,48253
95,49203
95,49256
95,49412
95,49509
95,49630
95,48760
95,48948
95,49972
95,50096
95,50162
95,50336
95,50565
95,50021
95,50951
95,51103
95,51131
95,51155
95,51262
95,51515
95,51640
95,51837
95,52038
95,52143
95,52243
95,52257
95,52347
95,52453
95,52479
95,52513
95,52628
95,52638
95,51738
95,51801
95,52725
95,53042
95,53205
95,53270
95,53350
95,53499
95,53599
95,52966
95,53972
95,54014
95,54426
95,54510
95,53687
95,54624
95,54814
95,53923
95,54980
95,54177
95,54979
96,32400
96,32455
96,32595
96,31912
96,32990
96,32164
96,33318
96,33386
96,32665
96,33842
96,33901
96,33169
96,33251
96,34302
96,35244
96,35469
96,35627
96,35777
96,36056
96,36085
96,36234
96,36157
96,37439
96,37943
96,37950
96,38105
96,38414
96,38888
96,38805
96,40001
96,40096
96,39253
96,39424
96,40332
96,40511
96,40574
96,40867
96,40898
96,40977
96,41133
96,41392
96,40501
96,40510
96,40540
96,41523
96,41593
96,40831
96,40864
96,41048
96,41144
96,42069
96,41171
96,41207
96,42213
96,42315
96,41431
96,41511
96,41538
96,42453
96,42511
96,41854
96,41994
96,42940
96,42942
96,43027
96,43028
96,43316
96,42449
96,42465
96,43369
96,43383
96,42485
96,43566
96,43729
96,42879
96,43780
96,43848
96,43942
96,43137
96,44083
96,43266
96,44169
96,43290
96,44323
96,43515
96,44463
96,44496
96,43715
96,44739
96,44747
96,43909
96,44851
96,44903
96,44915
96,44942
96,45110
96,45181
96,44290
96,45275
96,45334
96,45398
96,44581
96,45587
96,45598
96,45611
96,45670
96,45734
96,44913
96,44916
96,45830
96,44948
96,45904
96,46099
96,45251
96,46272
96,46344
96,46549
96,46556
96,46557
96,45748
96,46701
96,46751
96,46905
96,46918
96,46954
96,46969
96,46979
96,46107
96,46209
96,46631
96,47532
96,47559
96,47570
96,47735
96,47937
96,47087
96,47143
96,48149
96,48154
96,48302
96,48316
96,48645
96,48843
96,48023
96,48954
96,48962
96,49039
96,48273
96,48357
96,48365
96,49272
96,49390
96,49505
96,49945
96,50000
96,50078
96,50079
96,50127
96,49304
96,50682
96,50826
96,50844
96,50901
96,50185
96,51225
96,51400
96,51404
96,51463
96,50886
96,50987
96,51369
96,52383
96,52445
96,52480
96,51591
96,52626
96,51748
96,53141
96,52319
96,53247
96,52474
96,53408
96,53515
96,52656
96,53604
96,53690
96,53839
96,53879
96,53921
96,53956
96,53066
96,54011
96,54116
96,53300
96,53436
96,54417
96,53728
96,54892
96,55012
97,32400
97,32655
97,31843
97,32778
97,32001
97,32940
97,32067
97,32298
97,33473
97,33743
97,33299
97,34479
97,34758
97,33875
97,34945
97,34170
97,35800
97,36128
97,35236
97,36214
97,36328
97,36353
97,36583
97,36838
97,37436
97,37481
97,36614
97,37550
97,37688
97,37803
97,37036
97,37986
97,38647
97,39229
97,39448
97,39680
97,39069
97,40418
97,40517
97,40551
97,40568
97,40586
97,40680
97,40692
97,40721
97,40839
97,40937
97,40118
97,41205
97,40379
97,41471
97,41528
97,41564
97,41582
97,40773
97,41676
97,40805
97,40886
97,41922
97,41065
97,41979
97,41995
97,42035
97,41202
97,42123
97,42248
97,42309
97,42355
97,42429
97,41534
97,41717
97,41719
97,42655
97,42708
97,41876
97,42794
97,42832
97,42856
97,43022
97,42128
97,42175
97,42249
97,42251
97,42299
97,43453
97,42633
97,43666
97,43775
97,43831
97,43841
97,43973
97,44087
97,43481
97,44403
97,44409
97,43527
97,44434
97,43585
97,44500
97,43721
97,43832
97,44760
97,44826
97,44869
97,44881
97,45021
97,45084
97,45236
97,45299
97,44410
97,44543
97,44626
97,45550
97,45656
97,45704
97,45727
97,44840
97,45924
97,45141
97,46089
97,46104
97,46169
97,46192
97,46222
97,46473
97,45695
97,46613
97,45823
97,46737
97,45871
97,47153
97,46299
97,47224
97,47247
97,46383
97,46396
97,47360
97,46641
97,47565
97,46672
97,46710
97,48073
97,48134
97,47309
97,48238
97,48285
97,47474
97,47553
97,48460
97,48108
97,49215
97,49283
97,48846
97,49797
97,48954
97,49881
97,49599
97,50530
97,50537
97,50621
97,50681
97,50842
97,51045
97,50153
97,51219
97,51265
97,51290
97,51328
97,51330
97,51394
97,51567
97,50949
97,51933
97,52000
97,51126
97,52260
97,51494
97,52421
97,52554
97,52732
97,52845
97,52852
97,52948
97,52959
97,52093
97,53044
97,53273
97,53563
97,53594
97,52727
97,53674
97,53736
97,53788
97,52962
97,53960
97,54017
97,54060
97,53231
97,54319
97,54399
97,53573
97,53729
97,54879
97,54960
97,54969
97,55104
97,54459
98,32400
98,31515
98,31824
98,32949
98,32189
98,33114
98,33411
98,33916
98,34328
98,34342
98,34573
98,34658
98,34859
98,33992
98,35029
98,34341
98,35285
98,35908
98,35969
98,35186
98,36817
98,37162
98,37219
98,37604
98,36764
98,37837
98,38515
98,38556
98,38627
98,37803
98,38727
98,38955
98,38978
98,39104
98,39264
98,38786
98,39877
98,39960
98,39100
98,39146
98,40176
98,40452
98,39552
98,40463
98,40959
98,40133
98,41143
98,41163
98,41191
98,40496
98,41606
98,40706
98,40827
98,40933
98,41859
98,41986
98,42280
98,41489
98,42409
98,41607
98,42531
98,42538
98,42652
98,42081
98,43061
98,42198
98,42264
98,42265
98,42278
98,43237
98,42383
98,43519
98,43586
98,43833
98,43885
98,43892
98,44066
98,43174
98,43229
98,44256
98,43448
98,43589
98,44543
98,44600
98,43959
98,43963
98,44865
98,44872
98,44104
98,45006
98,44187
98,45196
98,44301
98,45301
98,44556
98,45459
98,45491
98,45553
98,45593
98,44732
98,44741
98,45679
98,44875
98,45878
98,45950
98,45955
98,46072
98,45190
98,45232
98,46147
98,46399
98,46431
98,46475
98,45632
98,45711
98,45823
98,46748
98,46797
98,45929
98,46164
98,47122
98,47131
98,47139
98,46322
98,47329
98,47356
98,47454
98,46646
98,46750
98,47681
98,47861
98,47937
98,48245
98,48394
98,48448
98,48087
98,49009
98,49190
98,48340
98,49425
98,48629
98,49607
98,48901
98,49007
98,50278
98,50636
98,49793
98,49822
98,50800
98,50916
98,51028
98,50521
98,50527
98,50655
98,51619
98,50783
98,51034
98,52022
98,52027
98,52692
98,51823
98,51961
98,53035
98,53086
98,52517
98,52579
98,53536
98,52721
98,52728
98,52935
98,53927
98,53134
98,54177
98,54253
98,54388
98,54660
98,54722
98,53876
98,54792
98,54857
98,54889
98,54964
98,55024
98,55006
99,32400
99,32518
99,32624
99,32840
99,31998
99,32954
99,32994
99,33071
99,32651
99,33583
99,32690
99,32829
99,33946
99,34030
99,34052
99,34070
99,34323
99,34936
99,35018
99,35240
99,35400
99,35628
99,35697
99,35142
99,36043
99,36341
99,36364
99,36394
99,36540
99,35819
99,36775
99,36894
99,36080
99,36167
99,36331
99,36525
99,37184
99,38104
99,38177
99,37318
99,38370
99,38619
99,38874
99,38875
99,39075
99,39422
99,39967
99,39187
99,40268
99,40348
99,40376
99,39484
99,40398
99,40460
99,40588
99,40625
99,40709
99,40761
99,40774
99,40856
99,40154
99,40177
99,41084
99,41147
99,41197
99,40508
99,40653
99,40677
99,41584
99,41596
99,41628
99,41634
99,40805
99,40879
99,41888
99,40993
99,41111
99,41124
99,42050
99,42064
99,42197
99,41447
99,41583
99,42490
99,41647
99,42654
99,42842
99,42887
99,42894
99,42944
99,43012
99,43054
99,43191
99,43218
99,43320
99,43330
99,43564
99,42704
99,43744
99,44037
99,44155
99,44168
99,44254
99,44306
99,43455
99,43471
99,44392
99,44644
99,44728
99,43911
99,44844
99,44078
99,44998
99,45559
99,45610
99,45687
99,45692
99,45881
99,45044
99,46024
99,46059
99,46114
99,46242
99,46245
99,45348
99,45397
99,45476
99,46412
99,46433
99,46446
99,46477
99,46509
99,46578
99,46658
99,46692
99,46921
99,47029
99,47084
99,46185
99,47101
99,47147
99,46398
99,46403
99,46420
99,46448
99,46453
99,47390
99,46615
99,46643
99,46653
99,46909
99,47949
99,48012
99,48086
99,48259
99,48670
99,47901
99,48308
99,49274
99,49288
99,49351
99,49554
99,49666
99,49856
99,49866
99,50018
99,50019
99,50243
99,50366
99,50371
99,49514
99,50471
99,49738
99,50704
99,51217
99,51397
99,51492
99,51726
99,51769
99,51871
99,52054
99,52258
99,52293
99,52513
99,51889
99,51930
99,52069
99,52972
99,52994
99,53479
99,52803
99,53704
99,53738
99,53741
99,53748
99,53837
99,53090
99,54009
99,54175
99,54226
99,54272
99,53554
99,54515
99,54882
99,54237
99,54351
99,54555
99,54597
99,55001
99,55077
99,55092
