replica,arrivals
0,32400
0,31595
0,31888
0,32084
0,32160
0,32425
0,32439
0,32667
0,32739
0,33002
0,33156
0,33378
0,33412
0,33455
0,33656
0,33871
0,34084
0,34138
0,34264
0,34602
0,34662
0,34937
0,34986
0,35118
0,35174
0,35261
0,35266
0,35299
0,35436
0,35448
0,35574
0,36042
0,36155
0,36380
0,36477
0,36494
0,36513
0,36662
0,37248
0,37426
0,37557
0,37766
0,37816
0,37947
0,37969
0,38125
0,38271
0,38302
0,38421
0,38510
0,38642
0,38748
0,38796
0,38939
0,39034
0,39278
0,39365
0,39476
0,39820
0,39833
0,39957
0,40032
0,40063
0,40070
0,40139
0,40243
0,40506
0,40526
0,40999
0,41039
0,41159
0,41210
0,41339
0,41807
0,41871
0,41899
0,41999
0,42131
0,42298
0,42316
0,42324
0,42347
0,42650
0,42878
0,42896
0,42990
0,43078
0,43159
0,43205
0,43270
0,43537
0,43615
0,43758
0,43813
0,43827
0,43852
0,43920
0,44297
0,44303
0,44382
0,44395
0,44418
0,44576
0,44645
0,44758
0,44810
0,44966
0,45183
0,45234
0,45323
0,45566
0,45573
0,45724
0,45770
0,45801
0,45920
0,46078
0,46101
0,46215
0,46243
0,46440
0,46681
0,46929
0,47024
0,47064
0,47181
0,47189
0,47401
0,47437
0,47572
0,47753
0,47814
0,47836
0,47927
0,47977
0,48110
0,48210
0,48447
0,48479
0,48511
0,48541
0,48631
0,48919
0,49277
0,49288
0,49307
0,49447
0,49465
0,50073
0,50169
0,50278
0,50304
0,50346
0,50423
0,50700
0,50884
0,51157
0,51267
0,51286
0,51403
0,51625
0,51650
0,51651
0,51757
0,51881
0,51921
0,51929
0,51952
0,52030
0,52114
0,52190
0,52378
0,52454
0,52624
0,52760
0,52771
0,52823
0,52973
0,53017
0,53199
0,53387
0,53508
0,53882
0,53908
0,54051
0,54202
0,54318
0,54780
0,55242
1,32400
1,31610
1,31817
1,31887
1,31889
1,32231
1,32289
1,32295
1,32332
1,32371
1,32457
1,32485
1,32513
1,32549
1,32632
1,32710
1,32862
1,32941
1,32947
1,32985
1,33000
1,33128
1,33138
1,33156
1,33297
1,33307
1,33601
1,34025
1,34051
1,34051
1,34271
1,34504
1,34612
1,34666
1,34720
1,34770
1,34811
1,34838
1,34892
1,35016
1,35098
1,35456
1,35539
1,35563
1,35703
1,35708
1,35825
1,35910
1,35940
1,36392
1,36479
1,36636
1,36666
1,36713
1,36716
1,36861
1,36862
1,36910
1,37255
1,37353
1,37865
1,37956
1,38040
1,38041
1,38328
1,38363
1,38743
1,38759
1,38823
1,38897
1,39274
1,39290
1,39313
1,39391
1,39479
1,39899
1,39946
1,40447
1,40747
1,40792
1,41092
1,41139
1,41211
1,41269
1,41390
1,41533
1,41538
1,41579
1,41685
1,41935
1,42137
1,42159
1,42196
1,42489
1,42522
1,42564
1,42697
1,42812
1,42929
1,43044
1,43250
1,43255
1,43286
1,43529
1,43609
1,43842
1,43913
1,44210
1,44301
1,44312
1,44325
1,44529
1,44582
1,44670
1,45099
1,45150
1,45169
1,45237
1,45253
1,45742
1,45750
1,45756
1,45941
1,45950
1,46098
1,46123
1,46240
1,46389
1,46440
1,46490
1,46535
1,46934
1,47121
1,47378
1,47559
1,47636
1,47769
1,47794
1,47821
1,47887
1,48193
1,48453
1,48718
1,49010
1,49024
1,49143
1,49239
1,49350
1,49375
1,49559
1,49590
1,49625
1,49772
1,49865
1,49890
1,50008
1,50100
1,50178
1,50429
1,50490
1,50493
1,50818
1,51000
1,51286
1,51302
1,51588
1,51634
1,51837
1,52333
1,52563
1,52754
1,52774
1,52784
1,52801
1,52928
1,53034
1,53097
1,53109
1,53186
1,53277
1,53520
1,53616
1,53762
1,53852
1,53864
1,54157
1,54299
1,54369
1,54764
2,32400
2,31721
2,31866
2,31867
2,31924
2,32078
2,32137
2,32165
2,32189
2,32207
2,32215
2,32353
2,32428
2,32601
2,32623
2,32682
2,32686
2,33149
2,33169
2,33297
2,33389
2,33497
2,33498
2,33701
2,33712
2,33800
2,34014
2,34031
2,34126
2,34245
2,34448
2,34461
2,34468
2,34542
2,34551
2,34618
2,34656
2,34673
2,34687
2,34908
2,34952
2,35018
2,35039
2,35165
2,35171
2,35213
2,35334
2,35419
2,35576
2,35609
2,35788
2,35850
2,35924
2,36150
2,36253
2,36390
2,36407
2,36563
2,36598
2,36835
2,36983
2,36985
2,36994
2,37021
2,37129
2,37142
2,37177
2,37198
2,37257
2,37286
2,37648
2,37860
2,37916
2,38078
2,38112
2,38140
2,38180
2,38227
2,38237
2,38277
2,38284
2,38294
2,38480
2,38537
2,38790
2,38888
2,38953
2,39123
2,39199
2,39352
2,39365
2,39415
2,39468
2,39474
2,39489
2,39551
2,39644
2,39728
2,39731
2,39921
2,40079
2,40127
2,40169
2,40217
2,40236
2,40343
2,40391
2,40394
2,40411
2,40450
2,40860
2,40878
2,41136
2,41139
2,41159
2,41167
2,41246
2,41331
2,41341
2,41544
2,41613
2,41879
2,41893
2,41916
2,42016
2,42145
2,42170
2,42254
2,42298
2,42303
2,42906
2,43263
2,43375
2,43507
2,43527
2,43548
2,43795
2,44155
2,44317
2,44417
2,44422
2,44667
2,44916
2,45091
2,45096
2,45164
2,45178
2,45231
2,45309
2,45401
2,45456
2,45542
2,45651
2,46054
2,46233
2,46320
2,46565
2,46882
2,46905
2,46948
2,47039
2,47206
2,47212
2,47288
2,47297
2,47395
2,47531
2,47545
2,47559
2,47641
2,47652
2,47677
2,47926
2,48145
2,48223
2,48297
2,48318
2,48323
2,48672
2,48845
2,48919
2,49003
2,49152
2,49429
2,49458
2,49506
2,49636
2,49901
2,49930
2,49977
2,49988
2,50090
2,50398
2,50469
2,50599
2,50656
2,50731
2,51044
2,51206
2,51405
2,51406
2,51556
2,51733
2,51765
2,51980
2,52295
2,52481
2,52497
2,52669
2,53352
2,53383
2,53497
2,53650
2,53786
2,53813
2,54131
2,54251
2,54259
2,54723
2,54874
3,32400
3,31930
3,31954
3,32200
3,32396
3,32496
3,32558
3,32596
3,32638
3,32835
3,32929
3,33039
3,33316
3,33342
3,33526
3,33687
3,33853
3,33864
3,34064
3,34164
3,34198
3,34213
3,34612
3,34645
3,34678
3,34707
3,34868
3,34871
3,34907
3,34919
3,35192
3,35231
3,35436
3,35498
3,35730
3,35738
3,35799
3,35817
3,35848
3,35931
3,36260
3,36343
3,36561
3,36733
3,36744
3,36826
3,36877
3,37053
3,37083
3,37342
3,37361
3,37469
3,37793
3,37940
3,37946
3,38098
3,38378
3,38393
3,38598
3,38645
3,38658
3,38672
3,38748
3,38827
3,38880
3,38945
3,38948
3,39329
3,39443
3,39545
3,39810
3,39941
3,40039
3,40070
3,40072
3,40181
3,40226
3,40248
3,40437
3,40550
3,40550
3,40670
3,40821
3,40868
3,40909
3,40954
3,40983
3,41016
3,41023
3,41259
3,41393
3,41488
3,41580
3,42195
3,42375
3,42397
3,42442
3,42764
3,42883
3,43076
3,43110
3,43201
3,43412
3,43421
3,43499
3,43961
3,44000
3,44092
3,44186
3,44218
3,44497
3,44742
3,44788
3,45054
3,45120
3,45322
3,45411
3,45600
3,45653
3,45665
3,45794
3,45899
3,45992
3,46181
3,46214
3,46251
3,46412
3,46483
3,46616
3,46752
3,46772
3,46834
3,46839
3,47176
3,47246
3,47260
3,47310
3,47330
3,47363
3,47379
3,47572
3,47578
3,47619
3,47696
3,47907
3,47991
3,48019
3,48106
3,48269
3,48581
3,48611
3,48720
3,48804
3,48838
3,49118
3,49278
3,49455
3,49469
3,49525
3,49578
3,49598
3,49937
3,49940
3,50060
3,50146
3,50418
3,50431
3,50513
3,50713
3,50788
3,50856
3,50944
3,51134
3,51201
3,51222
3,51390
3,51443
3,51443
3,51458
3,51594
3,51941
3,52005
3,52015
3,52057
3,52089
3,52244
3,52331
3,52379
3,52512
3,52556
3,52622
3,52778
3,52826
3,52872
3,52924
3,52963
3,53221
3,53242
3,53283
3,53317
3,53329
3,53431
3,53468
3,53616
3,53746
3,53891
3,54222
3,54510
3,54578
3,54873
3,55128
4,32400
4,31621
4,31672
4,32157
4,32589
4,33185
4,33283
4,33316
4,33413
4,33414
4,33442
4,33803
4,34104
4,34215
4,34822
4,34898
4,35151
4,35191
4,35218
4,35233
4,35386
4,35416
4,35780
4,35895
4,36049
4,36055
4,36134
4,36227
4,36293
4,36434
4,36493
4,36813
4,36901
4,36914
4,37371
4,37470
4,37539
4,37574
4,37827
4,37959
4,38062
4,38510
4,38558
4,38604
4,38668
4,38695
4,38742
4,38744
4,38770
4,38778
4,39011
4,39077
4,39237
4,39369
4,39436
4,39601
4,39735
4,39735
4,39779
4,39814
4,39868
4,39978
4,40335
4,40521
4,40715
4,40803
4,40952
4,41073
4,41195
4,41278
4,41396
4,41464
4,41516
4,41585
4,41879
4,42292
4,42305
4,42331
4,42408
4,42453
4,42624
4,42699
4,42699
4,42897
4,42976
4,42998
4,43244
4,43256
4,43261
4,43367
4,43587
4,43679
4,43894
4,43905
4,44071
4,44157
4,44276
4,44359
4,44433
4,44459
4,44594
4,44601
4,44627
4,44639
4,44845
4,44882
4,45104
4,45385
4,45411
4,45516
4,45598
4,45703
4,45706
4,45768
4,45816
4,45830
4,45883
4,46039
4,46164
4,46191
4,46570
4,46725
4,46748
4,46900
4,47144
4,47175
4,47175
4,47527
4,47677
4,47749
4,47787
4,48036
4,48159
4,48207
4,48335
4,48346
4,48612
4,48710
4,48725
4,48760
4,48771
4,48827
4,48885
4,49274
4,49281
4,49285
4,49370
4,49475
4,49998
4,50000
4,50108
4,50143
4,50161
4,50433
4,50446
4,50567
4,50780
4,51033
4,51072
4,51349
4,51454
4,51486
4,51990
4,52014
4,52066
4,52213
4,52535
4,52538
4,52561
4,52596
4,52780
4,52882
4,52913
4,53074
4,53108
4,53221
4,53450
4,53464
4,53807
4,54078
4,54111
4,54351
4,54709
4,54752
4,54848
5,32400
5,31827
5,31928
5,32054
5,32077
5,32093
5,32777
5,32876
5,33015
5,33027
5,33157
5,33169
5,33201
5,33334
5,33361
5,33387
5,33420
5,33495
5,33819
5,33926
5,33945
5,34238
5,34344
5,34415
5,34678
5,35160
5,35320
5,35352
5,35375
5,35521
5,35721
5,35805
5,36033
5,36366
5,36421
5,36717
5,36783
5,36959
5,36975
5,37351
5,37814
5,38069
5,38075
5,38095
5,38225
5,38315
5,38347
5,38378
5,38388
5,38407
5,38452
5,38548
5,38625
5,39034
5,39039
5,39290
5,39480
5,39566
5,39606
5,39790
5,39819
5,39899
5,39940
5,39959
5,39994
5,40243
5,40282
5,40350
5,40482
5,40537
5,40650
5,40751
5,40905
5,41276
5,41276
5,41359
5,41394
5,41399
5,41642
5,41644
5,41659
5,41662
5,41941
5,42031
5,42108
5,42210
5,42474
5,42497
5,42733
5,42738
5,42818
5,42822
5,42862
5,42872
5,42965
5,43037
5,43148
5,43159
5,43188
5,43268
5,43443
5,43589
5,43705
5,43731
5,43883
5,43916
5,43954
5,44119
5,44167
5,44331
5,44357
5,44504
5,44583
5,44703
5,44801
5,44858
5,44967
5,45053
5,45066
5,45099
5,45162
5,45173
5,45212
5,45222
5,45323
5,45380
5,45442
5,45503
5,45521
5,45556
5,45557
5,45663
5,45773
5,45787
5,45798
5,45844
5,46130
5,46276
5,46338
5,47317
5,47359
5,47478
5,47828
5,47855
5,47867
5,48396
5,48405
5,48519
5,48531
5,48942
5,49109
5,49537
5,49594
5,49681
5,49849
5,49881
5,50176
5,50201
5,50616
5,50757
5,50773
5,50870
5,50983
5,51097
5,51130
5,51157
5,51183
5,51187
5,51217
5,51252
5,51375
5,51402
5,51468
5,51594
5,51855
5,52236
5,52429
5,52637
5,52788
5,53111
5,53124
5,53413
5,53418
5,53608
5,54017
5,54017
5,54031
5,54073
5,54105
5,54223
5,54383
5,54703
5,55036
6,32400
6,31505
6,31512
6,31514
6,31693
6,31817
6,31987
6,32053
6,32079
6,32096
6,32531
6,32563
6,32581
6,32681
6,32683
6,32692
6,32693
6,32817
6,33075
6,33181
6,33326
6,33969
6,34098
6,34430
6,34463
6,34525
6,35027
6,35090
6,35359
6,35653
6,35705
6,35744
6,36019
6,36065
6,36173
6,36322
6,36492
6,36593
6,37075
6,37372
6,37653
6,37880
6,38155
6,38628
6,38985
6,39111
6,39288
6,39305
6,39311
6,39462
6,39480
6,39660
6,39834
6,39858
6,39988
6,39999
6,40280
6,40299
6,40325
6,40440
6,40923
6,40957
6,41210
6,41307
6,41354
6,41448
6,41467
6,41651
6,41751
6,41768
6,41774
6,42051
6,42176
6,42245
6,42254
6,42328
6,42366
6,42585
6,42903
6,43009
6,43104
6,43116
6,43676
6,43732
6,43833
6,44131
6,44505
6,44630
6,44826
6,44834
6,44968
6,45041
6,45312
6,45358
6,45556
6,45716
6,45899
6,45910
6,45962
6,46034
6,46110
6,46118
6,46257
6,46324
6,46642
6,46725
6,46846
6,46949
6,47020
6,47083
6,47206
6,47427
6,47514
6,47940
6,47962
6,47973
6,47973
6,48280
6,48379
6,48396
6,48446
6,48484
6,48489
6,48972
6,49226
6,49331
6,49727
6,49866
6,49917
6,50037
6,50085
6,50314
6,50373
6,50452
6,50519
6,50540
6,50754
6,50763
6,50862
6,51200
6,51628
6,51652
6,51827
6,51915
6,51916
6,52009
6,52285
6,52410
6,52697
6,52920
6,53000
6,53177
6,53832
6,53966
6,53972
6,54016
6,54308
6,54323
6,54328
6,54732
6,54833
6,54968
7,32400
7,31576
7,31577
7,31792
7,31797
7,31909
7,31988
7,32012
7,32013
7,32066
7,32260
7,32341
7,32684
7,32715
7,32757
7,32763
7,32909
7,33111
7,33343
7,33623
7,33682
7,33898
7,33929
7,34144
7,34145
7,34173
7,34219
7,34333
7,34365
7,34600
7,34677
7,34717
7,35320
7,35387
7,35449
7,35483
7,35577
7,35768
7,35797
7,35853
7,35911
7,35967
7,36093
7,36175
7,36318
7,36537
7,36637
7,36884
7,36997
7,37058
7,37282
7,37331
7,37436
7,37824
7,37851
7,37926
7,38031
7,38032
7,38167
7,38424
7,38523
7,38701
7,38726
7,38766
7,39079
7,39238
7,39268
7,39299
7,39413
7,39443
7,39477
7,39594
7,39625
7,39755
7,39776
7,39861
7,39934
7,40062
7,40064
7,40165
7,40314
7,40354
7,40555
7,40793
7,40802
7,41023
7,41058
7,41216
7,41246
7,41296
7,41322
7,41546
7,41592
7,41704
7,41774
7,41798
7,41849
7,41859
7,41935
7,41959
7,42276
7,42602
7,42623
7,42927
7,42946
7,42987
7,42999
7,43086
7,43147
7,43288
7,43484
7,43809
7,43828
7,43947
7,44096
7,44207
7,44365
7,44428
7,44447
7,44490
7,44491
7,44493
7,44538
7,44561
7,44641
7,44753
7,44797
7,44827
7,44898
7,44976
7,45020
7,45226
7,45258
7,45285
7,45341
7,45831
7,45967
7,45973
7,46264
7,46314
7,46400
7,46495
7,46656
7,46706
7,46844
7,46855
7,46951
7,47423
7,47425
7,47451
7,47473
7,47574
7,47673
7,47673
7,47682
7,47700
7,47756
7,47905
7,47917
7,47992
7,47993
7,48090
7,48133
7,48336
7,48367
7,48425
7,48505
7,48517
7,48532
7,48664
7,48955
7,49046
7,49142
7,49273
7,49356
7,49599
7,49737
7,49864
7,49873
7,49936
7,49960
7,50006
7,50071
7,50125
7,50320
7,50341
7,50466
7,50478
7,50608
7,50695
7,50726
7,50750
7,50778
7,50800
7,51253
7,51257
7,51298
7,51321
7,51462
7,51516
7,51718
7,51780
7,51784
7,51932
7,52018
7,52216
7,52290
7,52475
7,52479
7,52607
7,52696
7,52802
7,53017
7,53162
7,53186
7,53504
7,53592
7,53753
7,53980
7,54044
7,54119
7,54156
7,54299
7,54625
7,54794
7,54905
7,54979
8,32400
8,31594
8,31652
8,31679
8,31735
8,31800
8,31953
8,32350
8,32380
8,32383
8,32423
8,32425
8,32452
8,32461
8,32476
8,32483
8,32718
8,32741
8,32989
8,33041
8,33153
8,33582
8,33595
8,33746
8,33756
8,33809
8,34590
8,34681
8,34715
8,34731
8,34756
8,34866
8,34916
8,34929
8,35064
8,35073
8,35076
8,35172
8,35180
8,35181
8,35284
8,35435
8,35616
8,36004
8,36009
8,36128
8,36176
8,36212
8,36412
8,36476
8,36590
8,36610
8,36886
8,36903
8,37123
8,37141
8,37154
8,37209
8,37365
8,37397
8,37610
8,37610
8,37859
8,37865
8,38052
8,38066
8,38091
8,38115
8,38330
8,38599
8,38753
8,38958
8,39312
8,39403
8,39640
8,39661
8,39866
8,40007
8,40067
8,40546
8,40614
8,40631
8,40851
8,40900
8,40906
8,40917
8,40952
8,41037
8,41161
8,41229
8,41404
8,41576
8,41590
8,41599
8,41613
8,41651
8,41782
8,42063
8,42231
8,42431
8,42508
8,42961
8,42965
8,43106
8,43527
8,43808
8,44377
8,44455
8,44610
8,44618
8,44930
8,45233
8,45507
8,45534
8,45541
8,45934
8,45939
8,46139
8,46271
8,46286
8,46369
8,46459
8,46653
8,46698
8,46872
8,46906
8,47014
8,47254
8,47398
8,47491
8,47621
8,47630
8,47654
8,47674
8,47921
8,47933
8,48099
8,48114
8,48147
8,48710
8,48871
8,49192
8,49328
8,49430
8,49610
8,49723
8,49786
8,49856
8,49995
8,50118
8,50177
8,50380
8,50510
8,50592
8,50610
8,50628
8,50653
8,50773
8,50845
8,50942
8,51132
8,51412
8,51523
8,51584
8,51827
8,51893
8,51931
8,52012
8,52123
8,52264
8,52512
8,52712
8,52747
8,52816
8,53249
8,53317
8,53364
8,53813
8,54030
8,54435
8,54502
8,54937
8,54944
8,55200
9,32400
9,31547
9,31900
9,32003
9,32111
9,32124
9,32166
9,32341
9,32350
9,32515
9,32553
9,32644
9,32687
9,32740
9,32833
9,32864
9,33048
9,33310
9,33565
9,33943
9,33974
9,34097
9,34138
9,34314
9,34405
9,34493
9,34494
9,34889
9,35036
9,35148
9,35179
9,35321
9,35350
9,35390
9,35551
9,35560
9,35910
9,35969
9,35995
9,36023
9,36135
9,36152
9,36236
9,36304
9,36347
9,36614
9,36712
9,36846
9,36864
9,36894
9,36910
9,37167
9,37299
9,37357
9,37464
9,37479
9,37619
9,37642
9,37732
9,37734
9,37931
9,37933
9,38173
9,38451
9,38633
9,38634
9,38724
9,38850
9,39069
9,39139
9,39168
9,39181
9,39197
9,39235
9,39287
9,39376
9,39513
9,39522
9,39627
9,39645
9,39656
9,39812
9,39902
9,39918
9,40035
9,40150
9,40208
9,40230
9,40231
9,40250
9,40565
9,40588
9,40784
9,40838
9,40936
9,41069
9,41159
9,41278
9,41602
9,41709
9,41957
9,42053
9,42204
9,42274
9,42430
9,42450
9,42462
9,42518
9,42622
9,42828
9,42851
9,43053
9,43466
9,43484
9,43563
9,43754
9,43831
9,43838
9,43925
9,44031
9,44194
9,44269
9,44317
9,44438
9,44632
9,44668
9,44698
9,44820
9,44836
9,44898
9,45089
9,45156
9,45548
9,45590
9,46010
9,46034
9,46048
9,46143
9,46437
9,46827
9,46886
9,46898
9,47042
9,47136
9,47225
9,47386
9,47481
9,47589
9,47758
9,47965
9,48111
9,48163
9,48383
9,48407
9,48490
9,48526
9,48538
9,48630
9,48658
9,49115
9,49340
9,49753
9,50028
9,51009
9,51324
9,51523
9,51639
9,51677
9,51909
9,52159
9,52273
9,52348
9,52386
9,52535
9,52742
9,52784
9,52794
9,52937
9,52946
9,52959
9,53199
9,53223
9,53238
9,53259
9,53537
9,54104
9,54301
9,54306
9,54430
9,54441
9,54493
9,54907
9,54978
10,32400
10,31544
10,31642
10,31767
10,31804
10,31857
10,31905
10,32171
10,32214
10,32384
10,32402
10,32475
10,32724
10,33152
10,33259
10,33535
10,33612
10,33647
10,33648
10,33653
10,33677
10,33880
10,33909
10,33916
10,33948
10,34144
10,34146
10,34234
10,34260
10,34971
10,35076
10,35248
10,35365
10,35477
10,35560
10,35753
10,35786
10,35804
10,35945
10,36086
10,36243
10,36282
10,36371
10,36496
10,36578
10,36580
10,36664
10,36771
10,36856
10,36918
10,36919
10,37113
10,37121
10,37182
10,37207
10,37296
10,37328
10,37329
10,37462
10,37782
10,37818
10,37823
10,37864
10,38093
10,38141
10,38203
10,38402
10,38460
10,38612
10,38622
10,38885
10,38890
10,38909
10,38917
10,39018
10,39262
10,39299
10,39543
10,39662
10,39940
10,40055
10,40058
10,40259
10,40328
10,40330
10,40353
10,40603
10,41037
10,41100
10,41105
10,41174
10,41222
10,41250
10,41299
10,41334
10,41336
10,41345
10,41490
10,41821
10,41899
10,41956
10,42122
10,42141
10,42416
10,42629
10,42638
10,42667
10,42752
10,42774
10,43001
10,43073
10,43206
10,43305
10,43620
10,43646
10,43696
10,44167
10,44585
10,44932
10,45003
10,45024
10,45151
10,45254
10,45416
10,45564
10,45618
10,45666
10,45776
10,45782
10,45931
10,45950
10,45985
10,46037
10,46053
10,46183
10,46295
10,46393
10,46453
10,46459
10,46527
10,46544
10,46611
10,46666
10,46689
10,46907
10,47051
10,47111
10,47139
10,47190
10,47196
10,47456
10,47488
10,47575
10,47600
10,47988
10,47991
10,48042
10,48081
10,48141
10,48177
10,48349
10,48374
10,48421
10,48630
10,48651
10,48675
10,48721
10,48988
10,49091
10,49232
10,49420
10,49449
10,49625
10,49715
10,50046
10,50152
10,50333
10,50361
10,50474
10,50568
10,50659
10,50667
10,50812
10,51266
10,51410
10,51636
10,51650
10,51705
10,51854
10,52039
10,52107
10,52269
10,52334
10,52365
10,52412
10,52497
10,52654
10,53306
10,53465
10,53474
10,53509
10,53767
10,53773
10,54182
10,54242
10,54788
10,55258
11,32400
11,31700
11,31770
11,31844
11,31996
11,32039
11,32102
11,32162
11,32212
11,32463
11,32506
11,32528
11,32530
11,32866
11,33029
11,33045
11,33376
11,33408
11,33531
11,33629
11,33749
11,33750
11,34265
11,34307
11,34403
11,34636
11,34694
11,34737
11,34793
11,34801
11,34881
11,35040
11,35332
11,35389
11,35501
11,35523
11,35816
11,35837
11,35979
11,35993
11,36104
11,36158
11,36275
11,36520
11,36693
11,36804
11,36978
11,37309
11,37360
11,37408
11,37689
11,37766
11,37917
11,37928
11,37946
11,37953
11,38032
11,38118
11,38269
11,38285
11,38595
11,38600
11,38831
11,38922
11,39031
11,39161
11,39299
11,39326
11,39566
11,39687
11,39718
11,39766
11,39896
11,39949
11,40091
11,40100
11,40212
11,40226
11,40389
11,40416
11,40423
11,40461
11,40714
11,40742
11,40766
11,40800
11,41440
11,41462
11,41516
11,41575
11,41659
11,41687
11,41689
11,41747
11,41758
11,41838
11,41912
11,42194
11,42337
11,42622
11,42760
11,42802
11,42986
11,43012
11,43379
11,43447
11,43575
11,43792
11,43892
11,44128
11,44307
11,44325
11,44638
11,44648
11,44702
11,44764
11,44801
11,44868
11,45064
11,45106
11,45191
11,45217
11,45221
11,45299
11,45517
11,45558
11,45732
11,45773
11,45804
11,46004
11,46129
11,46435
11,46641
11,46670
11,47008
11,47042
11,47156
11,47199
11,47299
11,47310
11,47719
11,47983
11,48177
11,48214
11,48437
11,48473
11,48577
11,48824
11,48844
11,48877
11,48948
11,49197
11,49328
11,49365
11,49463
11,49502
11,49586
11,49626
11,49657
11,49851
11,50113
11,50156
11,50208
11,50216
11,50327
11,50506
11,50590
11,50619
11,50669
11,50814
11,51178
11,51221
11,51227
11,51630
11,51649
11,51698
11,51802
11,51987
11,51987
11,52010
11,52138
11,52355
11,52567
11,52796
11,52965
11,53099
11,53292
11,53544
11,53722
11,53723
11,53736
11,53744
11,53916
11,54156
11,54298
11,54614
11,54904
11,54980
11,55078
12,32400
12,31582
12,31917
12,32001
12,32057
12,32078
12,32165
12,32200
12,32265
12,32340
12,32451
12,32585
12,32643
12,32678
12,32916
12,32927
12,32986
12,33108
12,33370
12,33625
12,33805
12,33917
12,33935
12,33958
12,34008
12,34025
12,34123
12,34124
12,34426
12,34624
12,34641
12,34782
12,34786
12,34815
12,35213
12,35683
12,36014
12,36205
12,36260
12,36336
12,36382
12,36389
12,36521
12,36553
12,36757
12,36858
12,36887
12,37095
12,37103
12,37195
12,37255
12,37382
12,37553
12,37559
12,37588
12,37693
12,38307
12,38371
12,38531
12,38601
12,38691
12,38738
12,38739
12,38784
12,38844
12,38925
12,38996
12,39101
12,39145
12,39146
12,39218
12,39342
12,39488
12,39583
12,39683
12,39692
12,39767
12,39945
12,40247
12,40329
12,40558
12,40660
12,40938
12,41079
12,41095
12,41218
12,41281
12,41323
12,41543
12,41727
12,41731
12,41796
12,41917
12,41957
12,41975
12,42331
12,42730
12,42745
12,42837
12,42861
12,42885
12,43115
12,43540
12,43592
12,43640
12,43761
12,43776
12,43893
12,44023
12,44095
12,44116
12,44211
12,44212
12,44310
12,44447
12,44469
12,44511
12,44550
12,44598
12,44622
12,44627
12,44798
12,44853
12,44945
12,44989
12,45101
12,45224
12,45231
12,45312
12,45405
12,45862
12,45895
12,46177
12,46223
12,46239
12,46374
12,46427
12,46486
12,46488
12,46523
12,46525
12,46655
12,46655
12,47184
12,47262
12,47295
12,47688
12,47753
12,47763
12,48066
12,48365
12,48380
12,48456
12,48520
12,48547
12,48839
12,49081
12,49099
12,49255
12,49337
12,49384
12,49459
12,49561
12,49611
12,49621
12,49879
12,50021
12,50107
12,50117
12,50157
12,50273
12,50346
12,50384
12,50390
12,50419
12,50582
12,50728
12,50755
12,51262
12,51287
12,51305
12,51419
12,51508
12,51778
12,51983
12,52073
12,52097
12,52112
12,52214
12,52296
12,52488
12,52628
12,53069
12,53128
12,53165
12,53234
12,53547
12,53572
12,53733
12,53784
12,53817
12,53846
12,54099
12,54636
12,54859
12,54985
12,55202
13,32400
13,31537
13,31621
13,31725
13,31863
13,32022
13,32062
13,32236
13,32433
13,32435
13,32608
13,32609
13,32700
13,32927
13,33005
13,33060
13,33600
13,33737
13,33982
13,34157
13,34253
13,34356
13,34505
13,34525
13,34583
13,34608
13,34787
13,34934
13,35022
13,35235
13,35438
13,35606
13,35664
13,35688
13,35689
13,35748
13,35771
13,35910
13,35920
13,35927
13,36094
13,36123
13,36239
13,36288
13,36328
13,36366
13,36599
13,36767
13,36927
13,36930
13,37159
13,37172
13,37419
13,37728
13,37731
13,38044
13,38068
13,38076
13,38223
13,38367
13,38392
13,38483
13,38633
13,38889
13,38979
13,39023
13,39171
13,39522
13,39711
13,39746
13,39747
13,39854
13,39939
13,39992
13,40213
13,40370
13,40603
13,40620
13,40897
13,41000
13,41136
13,41278
13,41287
13,41299
13,41353
13,41453
13,41578
13,41626
13,41642
13,41921
13,42065
13,42102
13,42105
13,42284
13,42559
13,42789
13,43136
13,43176
13,43266
13,43572
13,43611
13,43648
13,43897
13,43977
13,44061
13,44073
13,44267
13,44338
13,44550
13,44573
13,44644
13,44978
13,45151
13,45206
13,45222
13,45326
13,45381
13,45427
13,45518
13,45549
13,45569
13,45637
13,45654
13,45707
13,46441
13,46481
13,46773
13,46833
13,46909
13,46953
13,47221
13,47456
13,47751
13,47763
13,47991
13,48007
13,48009
13,48065
13,48088
13,48315
13,48326
13,48350
13,48380
13,48397
13,48405
13,48427
13,48506
13,48683
13,48970
13,49127
13,49189
13,49380
13,49637
13,49677
13,49682
13,49702
13,49842
13,49929
13,50016
13,50027
13,50125
13,50135
13,50174
13,50201
13,50299
13,50377
13,50388
13,50503
13,50577
13,50756
13,50802
13,50804
13,50889
13,50943
13,50963
13,50974
13,51059
13,51268
13,51339
13,51502
13,51663
13,51688
13,51830
13,51843
13,51851
13,51895
13,51994
13,52381
13,52453
13,52561
13,52606
13,52626
13,52650
13,52716
13,53089
13,53560
13,53622
13,53665
13,53788
13,53878
13,54047
13,54692
13,54707
13,54713
13,55002
14,32400
14,31578
14,31589
14,31729
14,31801
14,31911
14,31982
14,32199
14,32274
14,32447
14,32447
14,32466
14,32964
14,33121
14,33456
14,33468
14,33483
14,33924
14,33986
14,34142
14,34222
14,34478
14,34518
14,34559
14,34609
14,34644
14,34705
14,34887
14,35047
14,35180
14,35229
14,35812
14,35866
14,35899
14,35900
14,36103
14,36239
14,36474
14,36505
14,36511
14,36636
14,36642
14,36979
14,36996
14,37018
14,37024
14,37127
14,37178
14,37237
14,37305
14,37528
14,37558
14,37716
14,37827
14,37828
14,37867
14,37886
14,37948
14,38418
14,38433
14,38438
14,38758
14,38824
14,38844
14,38904
14,38905
14,38955
14,39185
14,39258
14,39306
14,39417
14,39419
14,39637
14,39851
14,39910
14,39966
14,40200
14,40388
14,40477
14,40518
14,40563
14,40564
14,40613
14,40631
14,40716
14,40732
14,40906
14,40947
14,41239
14,41668
14,41711
14,41987
14,42066
14,42066
14,42103
14,42352
14,42384
14,42566
14,42623
14,42675
14,42795
14,42830
14,42860
14,42895
14,43055
14,43071
14,43368
14,43373
14,43567
14,43864
14,43950
14,43974
14,44124
14,44125
14,44138
14,44265
14,44350
14,44476
14,44490
14,44518
14,44543
14,44543
14,44610
14,44711
14,44962
14,45160
14,45520
14,45554
14,45732
14,45767
14,45781
14,45917
14,46057
14,46095
14,46141
14,46162
14,46245
14,46424
14,46442
14,46451
14,46537
14,46640
14,46695
14,46846
14,46855
14,46982
14,47016
14,47077
14,47135
14,47160
14,47161
14,47195
14,47366
14,47548
14,47588
14,47617
14,47619
14,47687
14,47741
14,47897
14,47907
14,48140
14,48196
14,48525
14,48536
14,49034
14,49213
14,49214
14,49294
14,49295
14,49528
14,49629
14,49795
14,49885
14,50068
14,50287
14,50298
14,50594
14,50606
14,50610
14,50857
14,50871
14,50971
14,51158
14,51303
14,51431
14,51539
14,51571
14,51870
14,52081
14,52690
14,52743
14,52974
14,53271
14,53404
14,53438
14,53825
14,53968
14,54185
14,54228
15,32400
15,31516
15,31549
15,31650
15,31659
15,31770
15,31775
15,31862
15,32087
15,32099
15,32104
15,32294
15,32333
15,32417
15,32513
15,32624
15,32734
15,32763
15,32906
15,33009
15,33053
15,33222
15,33281
15,33291
15,33385
15,33420
15,33511
15,33780
15,33984
15,34002
15,34137
15,34194
15,34413
15,34568
15,34592
15,34713
15,34729
15,35273
15,35337
15,35447
15,35459
15,35467
15,35550
15,35818
15,35945
15,35970
15,35972
15,36330
15,36351
15,36606
15,36837
15,37061
15,37288
15,37361
15,37432
15,37474
15,37502
15,37527
15,37545
15,37722
15,37722
15,38070
15,38086
15,38280
15,38604
15,39131
15,39371
15,39415
15,39580
15,39701
15,39849
15,40051
15,40187
15,40266
15,40321
15,40366
15,40792
15,40871
15,40895
15,40964
15,41167
15,41170
15,41244
15,41304
15,41307
15,41357
15,41395
15,41435
15,41520
15,41832
15,41950
15,42017
15,42168
15,42173
15,42180
15,42302
15,42376
15,42486
15,42770
15,43041
15,43088
15,43178
15,43191
15,43331
15,43376
15,43457
15,43478
15,43535
15,43847
15,43875
15,44309
15,44528
15,44796
15,44903
15,45194
15,45296
15,45362
15,45505
15,45602
15,45634
15,45744
15,45754
15,45800
15,46108
15,46119
15,46160
15,46241
15,46493
15,46499
15,46574
15,46590
15,46650
15,46994
15,47128
15,47217
15,47306
15,47379
15,47419
15,47447
15,47479
15,47498
15,47637
15,47701
15,47831
15,47925
15,48005
15,48168
15,48292
15,48630
15,48826
15,49199
15,49309
15,49419
15,49445
15,49826
15,50001
15,50010
15,50030
15,50172
15,50193
15,50328
15,50350
15,50407
15,50612
15,50706
15,50910
15,50975
15,51046
15,51175
15,51176
15,51178
15,51328
15,51356
15,51546
15,51663
15,51976
15,51977
15,52057
15,52129
15,52193
15,52215
15,52220
15,52273
15,52298
15,52390
15,52530
15,52716
15,52831
15,52967
15,53005
15,53198
15,53291
15,53438
15,53482
15,53560
15,53722
15,53889
15,53922
15,54087
15,54189
15,54193
15,54212
15,55232
16,32400
16,31555
16,31589
16,31675
16,31737
16,31782
16,32163
16,32271
16,32526
16,32698
16,32792
16,32856
16,32948
16,32969
16,32971
16,33022
16,33033
16,33122
16,33199
16,33302
16,33313
16,33410
16,33645
16,33699
16,33760
16,33822
16,33960
16,34109
16,34481
16,34727
16,34920
16,34942
16,35223
16,35270
16,35349
16,35544
16,35719
16,35770
16,35793
16,35799
16,35902
16,36188
16,36257
16,36336
16,36430
16,36442
16,36522
16,36547
16,36561
16,36647
16,36821
16,36861
16,36910
16,37013
16,37015
16,37111
16,37166
16,37178
16,37187
16,37304
16,37506
16,37567
16,37656
16,37753
16,37880
16,38007
16,38259
16,38339
16,38341
16,38461
16,38775
16,38876
16,38912
16,38962
16,38996
16,39219
16,39445
16,39756
16,39830
16,39924
16,39978
16,40261
16,40261
16,40339
16,40375
16,40445
16,40464
16,40502
16,40556
16,40741
16,40820
16,41005
16,41068
16,41296
16,41395
16,41679
16,41721
16,41721
16,41836
16,41930
16,42143
16,42179
16,42526
16,42551
16,42552
16,43184
16,43214
16,43725
16,43910
16,44018
16,44204
16,44456
16,44722
16,44809
16,45012
16,45064
16,45073
16,45197
16,45376
16,45444
16,45456
16,45478
16,45499
16,45516
16,45639
16,45809
16,45986
16,46133
16,46154
16,46178
16,46191
16,46611
16,46775
16,46858
16,47209
16,48039
16,48247
16,48449
16,48475
16,48491
16,48759
16,48804
16,48910
16,49192
16,49197
16,49316
16,49381
16,49460
16,49556
16,49679
16,49787
16,49845
16,50025
16,50198
16,50280
16,50286
16,50304
16,50410
16,50449
16,50503
16,50734
16,50757
16,50900
16,50901
16,51061
16,51072
16,51193
16,51298
16,51344
16,51355
16,51397
16,51420
16,51632
16,51658
16,51680
16,51711
16,51979
16,52151
16,52211
16,52275
16,52325
16,52408
16,52519
16,52732
16,52786
16,52840
16,53239
16,53246
16,53610
16,53775
16,53902
16,53953
16,54156
16,54515
16,55093
17,32400
17,31538
17,31704
17,31733
17,31779
17,31800
17,31826
17,31910
17,32039
17,32288
17,32815
17,32935
17,32992
17,33039
17,33273
17,33367
17,33556
17,33596
17,33709
17,33711
17,34096
17,34118
17,34438
17,34513
17,34844
17,34985
17,35060
17,35077
17,35097
17,35259
17,35277
17,35327
17,35395
17,35561
17,35569
17,35598
17,35606
17,35651
17,35674
17,35894
17,36199
17,36289
17,36339
17,36346
17,36469
17,36477
17,36539
17,36581
17,36671
17,36852
17,36864
17,36944
17,37054
17,37106
17,37389
17,37483
17,37648
17,37921
17,38327
17,38364
17,38426
17,38860
17,38996
17,39027
17,39060
17,39183
17,39258
17,39459
17,39467
17,39597
17,39624
17,39705
17,39745
17,39763
17,39929
17,40095
17,40097
17,40251
17,40292
17,40294
17,40318
17,40703
17,40904
17,40944
17,40977
17,41049
17,41125
17,41619
17,41707
17,41907
17,42011
17,42033
17,42093
17,42202
17,42345
17,42566
17,42592
17,42610
17,42663
17,42713
17,42735
17,42824
17,42893
17,43068
17,43089
17,43117
17,43352
17,43573
17,43584
17,43632
17,43648
17,43685
17,43741
17,43765
17,43866
17,43869
17,44007
17,44040
17,44111
17,44120
17,44179
17,44224
17,44571
17,44771
17,44777
17,44835
17,44898
17,45233
17,45301
17,45637
17,45720
17,45815
17,46020
17,46107
17,46183
17,46406
17,46475
17,46486
17,46496
17,46609
17,46678
17,46869
17,46923
17,47137
17,47588
17,47741
17,47750
17,47865
17,47919
17,48597
17,48674
17,48862
17,49167
17,49401
17,49444
17,49646
17,49722
17,49761
17,49785
17,49984
17,49996
17,50114
17,50137
17,50243
17,50399
17,50502
17,50673
17,50736
17,51100
17,51239
17,51279
17,51310
17,51456
17,51686
17,51780
17,51804
17,52021
17,52140
17,52148
17,52258
17,52382
17,52537
17,52812
17,52946
17,52969
17,52974
17,53199
17,53462
17,53469
17,53506
17,53514
17,53538
17,53600
17,53779
17,53858
17,53909
17,53950
17,54109
17,54151
17,54275
17,54338
17,54363
17,54735
17,54764
17,55164
17,55248
18,32400
18,31527
18,31791
18,32009
18,32018
18,32038
18,32074
18,32101
18,32239
18,32259
18,32264
18,32329
18,32854
18,33001
18,33090
18,33113
18,33138
18,33194
18,33298
18,33638
18,33909
18,34013
18,34030
18,34251
18,34398
18,34433
18,34502
18,34616
18,34780
18,34855
18,35103
18,35510
18,35514
18,35668
18,35691
18,35701
18,35702
18,35975
18,36102
18,36300
18,36304
18,36328
18,36349
18,36381
18,36609
18,36866
18,37561
18,37586
18,37751
18,37859
18,37860
18,38004
18,38200
18,38364
18,38423
18,38464
18,38613
18,38742
18,39028
18,39035
18,39318
18,39417
18,39706
18,40010
18,40193
18,40227
18,40238
18,40359
18,40418
18,40643
18,40653
18,40800
18,40800
18,40974
18,40990
18,41008
18,41074
18,41135
18,41137
18,41205
18,41292
18,41322
18,41399
18,41407
18,41789
18,42176
18,42217
18,42342
18,42517
18,42633
18,43211
18,43507
18,43529
18,43603
18,43774
18,43843
18,44109
18,44164
18,44238
18,44520
18,44769
18,44779
18,44789
18,44857
18,44939
18,45024
18,45096
18,45254
18,45551
18,45576
18,45704
18,45890
18,45948
18,46028
18,46094
18,46170
18,46174
18,46367
18,46512
18,47009
18,47065
18,47206
18,47367
18,47666
18,47682
18,47694
18,48146
18,48457
18,48500
18,48514
18,48777
18,48892
18,49207
18,49263
18,49344
18,49381
18,49415
18,49494
18,49552
18,49598
18,49623
18,49856
18,50031
18,50076
18,50240
18,50253
18,50628
18,50638
18,50663
18,50689
18,50710
18,50714
18,50727
18,50814
18,50965
18,50978
18,51210
18,51475
18,51646
18,51678
18,51686
18,51707
18,51745
18,51806
18,51965
18,52085
18,52112
18,52115
18,52188
18,52522
18,52637
18,52676
18,52867
18,52954
18,52978
18,53165
18,53381
18,53610
18,53701
18,53747
18,53921
18,53970
18,53971
18,53973
18,54132
18,54265
18,54469
18,54843
19,32400
19,31595
19,31790
19,32002
19,32155
19,32287
19,32303
19,32495
19,32534
19,32719
19,32845
19,32927
19,32982
19,33191
19,33296
19,33336
19,33374
19,33399
19,33699
19,33728
19,33732
19,33917
19,33981
19,34334
19,34548
19,34669
19,34714
19,34931
19,34931
19,35012
19,35048
19,35253
19,35301
19,35495
19,35731
19,35748
19,35945
19,36048
19,36229
19,36237
19,36275
19,36288
19,36444
19,36459
19,36631
19,36782
19,36885
19,36915
19,36929
19,36976
19,37148
19,37233
19,37328
19,37524
19,37605
19,37701
19,37712
19,37761
19,37876
19,38194
19,38256
19,38345
19,38404
19,38583
19,38959
19,39005
19,39027
19,39038
19,39062
19,39132
19,39274
19,39308
19,39449
19,39525
19,39770
19,39838
19,39931
19,39970
19,39989
19,40086
19,40188
19,40362
19,40364
19,40378
19,40472
19,40752
19,40811
19,41056
19,41166
19,41167
19,41320
19,41443
19,41503
19,41607
19,41807
19,41822
19,41921
19,41969
19,42220
19,42253
19,42291
19,42313
19,42398
19,42419
19,42648
19,42695
19,42739
19,42762
19,43477
19,43663
19,43938
19,43963
19,43977
19,44168
19,44170
19,44246
19,44342
19,44677
19,44682
19,44790
19,45477
19,45760
19,46161
19,46256
19,46329
19,46499
19,46640
19,46735
19,46912
19,46953
19,47132
19,47206
19,47428
19,47543
19,47551
19,47661
19,47663
19,47813
19,47955
19,48056
19,48130
19,48174
19,48271
19,48300
19,48382
19,48397
19,48455
19,48476
19,48576
19,48610
19,48676
19,48678
19,48697
19,48907
19,48943
19,48983
19,49139
19,49194
19,49220
19,49420
19,49474
19,49662
19,49675
19,49743
19,49759
19,49939
19,49995
19,50069
19,50119
19,50127
19,50397
19,50433
19,50463
19,50643
19,50727
19,50775
19,50925
19,50925
19,51040
19,51182
19,51192
19,51583
19,51595
19,51684
19,51870
19,51950
19,52109
19,52136
19,52202
19,52280
19,52316
19,52402
19,52431
19,52476
19,52523
19,52523
19,52757
19,53312
19,53314
19,53432
19,53478
19,53489
19,53620
19,53676
19,53959
19,53988
19,54122
19,54146
19,54178
19,54182
19,54283
19,54345
19,54858
19,54860
19,55187
20,32400
20,31760
20,31766
20,31786
20,32215
20,32304
20,32360
20,32480
20,32628
20,32668
20,32748
20,32751
20,33008
20,33441
20,33441
20,33729
20,33919
20,33954
20,33997
20,34166
20,34167
20,34175
20,34185
20,34276
20,34478
20,34492
20,34551
20,34818
20,34988
20,35042
20,35151
20,35287
20,35372
20,35600
20,35828
20,35911
20,36169
20,36246
20,36342
20,36467
20,36601
20,36697
20,36750
20,36830
20,36861
20,36884
20,36998
20,37181
20,37224
20,37326
20,37483
20,37814
20,37867
20,37921
20,38070
20,38112
20,38255
20,38315
20,38531
20,38843
20,38917
20,38999
20,39012
20,39038
20,39083
20,39278
20,39662
20,40482
20,40608
20,40750
20,40894
20,40935
20,40938
20,41025
20,41027
20,41029
20,41078
20,41172
20,41230
20,41306
20,41308
20,41443
20,41754
20,42119
20,42121
20,42209
20,42230
20,42254
20,42271
20,42701
20,42722
20,42826
20,42998
20,43050
20,43186
20,43200
20,43223
20,43287
20,43337
20,43338
20,43343
20,43361
20,43866
20,43961
20,44121
20,44194
20,44200
20,44312
20,44450
20,44463
20,44512
20,44538
20,44605
20,44680
20,44777
20,44872
20,45015
20,45021
20,45730
20,45839
20,45962
20,46232
20,46282
20,46413
20,46603
20,46608
20,46617
20,46757
20,46813
20,46884
20,46906
20,46972
20,47036
20,47124
20,47398
20,47424
20,47610
20,47640
20,47778
20,47907
20,48087
20,48205
20,48462
20,48468
20,48469
20,48938
20,49060
20,49199
20,49293
20,49343
20,49359
20,49557
20,49605
20,49677
20,49743
20,49954
20,49958
20,50100
20,50514
20,50591
20,50756
20,50778
20,50917
20,50927
20,50939
20,51276
20,51386
20,51553
20,51554
20,51707
20,51746
20,51795
20,51863
20,51906
20,51916
20,51923
20,51947
20,52151
20,52167
20,52484
20,52533
20,52662
20,52679
20,52780
20,52819
20,53057
20,53075
20,53132
20,53156
20,53266
20,53350
20,53379
20,53406
20,53428
20,53665
20,53809
20,53870
20,53924
20,54137
20,54140
20,54622
20,55191
21,32400
21,31650
21,31988
21,32207
21,32339
21,32421
21,32569
21,32594
21,32707
21,32821
21,32826
21,32830
21,32906
21,32961
21,32974
21,32975
21,33017
21,33177
21,33344
21,33600
21,33610
21,33742
21,33778
21,34216
21,34279
21,34295
21,34364
21,34477
21,34498
21,34606
21,34712
21,34979
21,35032
21,35144
21,35177
21,35345
21,35395
21,36110
21,36193
21,36367
21,36639
21,36673
21,36734
21,36748
21,36871
21,36906
21,37001
21,37145
21,37171
21,37347
21,37356
21,37667
21,37699
21,37711
21,37728
21,38000
21,38018
21,38160
21,38385
21,38815
21,38816
21,38841
21,38862
21,38873
21,38972
21,39011
21,39093
21,39209
21,39391
21,39997
21,40175
21,40319
21,40451
21,40570
21,40649
21,40778
21,40822
21,40959
21,41015
21,41101
21,41105
21,41152
21,41166
21,41178
21,41220
21,41250
21,41741
21,41863
21,41876
21,42013
21,42056
21,42189
21,42210
21,42241
21,42269
21,42322
21,42418
21,42438
21,42556
21,42805
21,42980
21,43141
21,43207
21,43320
21,43331
21,43522
21,43577
21,43774
21,43866
21,44047
21,44050
21,44116
21,44176
21,44382
21,44469
21,44529
21,44582
21,44670
21,44879
21,44935
21,44939
21,44965
21,44982
21,45165
21,45246
21,45401
21,45412
21,45607
21,45666
21,45744
21,45781
21,45910
21,45955
21,45982
21,46081
21,46198
21,46251
21,46315
21,46594
21,46687
21,46804
21,46935
21,47064
21,47299
21,47374
21,47531
21,47591
21,47637
21,47735
21,47735
21,47946
21,48012
21,48044
21,48113
21,48122
21,48172
21,48232
21,48343
21,48453
21,48565
21,48690
21,48773
21,48869
21,48956
21,49064
21,49209
21,49465
21,49587
21,49619
21,50010
21,50130
21,50736
21,51174
21,51227
21,51303
21,51442
21,51639
21,52234
21,52259
21,52354
21,52405
21,52622
21,52991
21,53038
21,53435
21,53494
21,53569
21,53731
21,53829
21,54054
21,54244
21,54510
21,54974
21,55168
22,32400
22,31567
22,31775
22,31841
22,32169
22,32252
22,32435
22,32492
22,32550
22,32881
22,32889
22,32898
22,32988
22,33082
22,33109
22,33338
22,33353
22,33424
22,33489
22,33797
22,34099
22,34113
22,34211
22,34218
22,34301
22,34348
22,34445
22,34539
22,34547
22,34826
22,34861
22,35454
22,35525
22,35533
22,35550
22,35670
22,35691
22,35727
22,35821
22,35847
22,35967
22,35975
22,36105
22,36166
22,36379
22,36454
22,36546
22,36602
22,36838
22,36905
22,36965
22,37035
22,37214
22,37265
22,37267
22,37378
22,37672
22,37817
22,37906
22,37931
22,38111
22,38547
22,38555
22,38710
22,38770
22,39138
22,39189
22,39789
22,40042
22,40238
22,40243
22,40304
22,40402
22,40422
22,40500
22,41000
22,41511
22,41526
22,41710
22,41738
22,41749
22,41818
22,41872
22,41884
22,41980
22,42032
22,42121
22,42403
22,42505
22,42553
22,42571
22,42609
22,42720
22,42750
22,42790
22,43144
22,43237
22,43393
22,43478
22,43647
22,43816
22,43887
22,44154
22,44355
22,44555
22,44641
22,44656
22,44740
22,44921
22,45287
22,45393
22,45416
22,45518
22,45679
22,45818
22,46155
22,46163
22,46217
22,46231
22,46385
22,46399
22,46597
22,46707
22,46724
22,46773
22,46778
22,46784
22,47072
22,47077
22,47106
22,47242
22,47358
22,47450
22,47451
22,47469
22,47482
22,47559
22,47581
22,47621
22,47746
22,47747
22,48049
22,48053
22,48120
22,48212
22,48305
22,48454
22,48480
22,48821
22,48839
22,48846
22,48987
22,49026
22,49242
22,49250
22,49322
22,49334
22,49486
22,49596
22,49602
22,49652
22,49665
22,49793
22,49861
22,49922
22,50022
22,50070
22,50243
22,50354
22,50445
22,50655
22,50701
22,50872
22,51298
22,51307
22,51323
22,51349
22,51532
22,51660
22,51704
22,51880
22,52259
22,52282
22,52422
22,52473
22,52595
22,52691
22,52828
22,52938
22,53128
22,53151
22,53528
22,53658
22,53702
22,53984
22,53991
22,54242
22,54314
22,54398
22,54459
22,54546
23,32400
23,31613
23,31670
23,31738
23,31775
23,32237
23,32397
23,32467
23,32473
23,32577
23,32633
23,32993
23,33161
23,33389
23,33435
23,33448
23,33472
23,33515
23,33529
23,33564
23,33582
23,33620
23,33852
23,33866
23,33873
23,33919
23,34116
23,34201
23,34230
23,34325
23,34332
23,34341
23,34433
23,34681
23,34894
23,35035
23,35351
23,35390
23,35458
23,35499
23,35808
23,35911
23,36074
23,36192
23,36357
23,36376
23,36412
23,36432
23,36514
23,36526
23,36555
23,36622
23,36933
23,36945
23,37090
23,37384
23,37642
23,37661
23,37814
23,37831
23,38000
23,38016
23,38109
23,38164
23,38256
23,38434
23,38516
23,38696
23,39179
23,39217
23,39301
23,39331
23,39402
23,39406
23,39424
23,39470
23,39491
23,39647
23,39874
23,40473
23,40555
23,40703
23,40735
23,40907
23,40950
23,40952
23,41078
23,41079
23,41180
23,41267
23,41461
23,41481
23,41506
23,41584
23,41649
23,41808
23,41986
23,42002
23,42040
23,42741
23,42871
23,42904
23,42929
23,42980
23,42982
23,43065
23,43074
23,43438
23,43485
23,43636
23,43746
23,44029
23,44349
23,44458
23,44811
23,44960
23,45116
23,45409
23,45442
23,45519
23,45771
23,45991
23,46340
23,46820
23,46875
23,46961
23,47312
23,47431
23,47610
23,47759
23,47904
23,48478
23,48481
23,48516
23,48648
23,48738
23,48864
23,48864
23,48868
23,49308
23,49344
23,49476
23,49556
23,49885
23,50182
23,50204
23,50252
23,50304
23,50378
23,50463
23,50670
23,50702
23,50945
23,51191
23,51369
23,51413
23,51614
23,52109
23,52257
23,52331
23,52375
23,52497
23,52558
23,52559
23,52610
23,52642
23,52687
23,52777
23,52922
23,52968
23,53068
23,53403
23,53490
23,53505
23,53972
23,54346
23,54353
23,54727
23,55160
24,32400
24,31632
24,31717
24,31766
24,31786
24,31827
24,32030
24,32143
24,32188
24,32269
24,32286
24,32450
24,32536
24,32603
24,32674
24,32871
24,32880
24,33071
24,33259
24,33266
24,33399
24,33684
24,33706
24,33807
24,33842
24,33948
24,34442
24,34493
24,34532
24,34600
24,34777
24,34892
24,35013
24,35053
24,35111
24,35189
24,35280
24,35321
24,35462
24,35511
24,35574
24,35587
24,35633
24,35717
24,35830
24,36160
24,36195
24,36220
24,36464
24,36476
24,36582
24,36656
24,36685
24,36699
24,36920
24,36921
24,37019
24,37038
24,37130
24,37624
24,37643
24,37743
24,37782
24,37801
24,37837
24,37977
24,38003
24,38075
24,38133
24,38361
24,38460
24,38629
24,38841
24,38912
24,39506
24,39723
24,40061
24,40076
24,40236
24,40287
24,40409
24,40496
24,40566
24,40598
24,40643
24,40728
24,40972
24,41038
24,41260
24,41272
24,41289
24,41311
24,41371
24,41476
24,41523
24,41567
24,41697
24,41752
24,41761
24,41793
24,41902
24,42115
24,42223
24,42300
24,42662
24,42718
24,42934
24,42942
24,43306
24,43326
24,43400
24,43502
24,43545
24,43684
24,43787
24,43845
24,43865
24,43929
24,43930
24,44108
24,44276
24,44386
24,44618
24,44679
24,44786
24,44839
24,45030
24,45133
24,45459
24,45513
24,45516
24,45632
24,45632
24,45700
24,45835
24,45958
24,46001
24,46220
24,46420
24,46472
24,46856
24,47044
24,47071
24,47416
24,47439
24,47558
24,48126
24,48164
24,48308
24,48342
24,48447
24,48455
24,48529
24,48574
24,48750
24,49021
24,49398
24,49495
24,49510
24,49529
24,49532
24,49623
24,49672
24,49743
24,49820
24,49933
24,50108
24,50538
24,50607
24,50660
24,50814
24,50977
24,51041
24,51331
24,51569
24,51683
24,51760
24,51812
24,51855
24,51990
24,52015
24,52359
24,52445
24,52645
24,52775
24,52807
24,52821
24,52828
24,53111
24,53189
24,53515
24,53556
24,53594
24,53670
24,53741
24,54146
24,54249
24,54413
24,54759
24,54897
24,55206
24,55206
25,32400
25,31580
25,31650
25,31791
25,31859
25,31952
25,31954
25,31997
25,32027
25,32443
25,32686
25,32757
25,32782
25,32842
25,33096
25,33185
25,33337
25,33446
25,33484
25,33487
25,33713
25,34040
25,34220
25,34244
25,34280
25,34353
25,34409
25,34451
25,34465
25,34572
25,34574
25,34611
25,34686
25,34807
25,34910
25,35118
25,35144
25,35280
25,35586
25,35759
25,35767
25,35871
25,36147
25,36166
25,36213
25,36243
25,36474
25,36559
25,36564
25,36573
25,36657
25,36707
25,36746
25,36846
25,36934
25,37076
25,37114
25,37157
25,37556
25,37720
25,37746
25,37780
25,37895
25,37903
25,38093
25,38207
25,38263
25,38336
25,38546
25,38683
25,38995
25,39074
25,39216
25,39322
25,39547
25,39614
25,39758
25,39767
25,39842
25,39942
25,40235
25,40363
25,40529
25,40679
25,40729
25,40823
25,40960
25,40993
25,41039
25,41257
25,41297
25,41375
25,41446
25,41583
25,41808
25,42018
25,42034
25,42302
25,42312
25,42313
25,42494
25,42573
25,42852
25,42998
25,43015
25,43167
25,43615
25,44410
25,44603
25,44966
25,44966
25,44973
25,45020
25,45087
25,45135
25,45147
25,45649
25,45804
25,46363
25,46641
25,46652
25,46793
25,46862
25,46866
25,47188
25,47268
25,47336
25,47489
25,47552
25,47598
25,47629
25,47950
25,48013
25,48041
25,48281
25,48321
25,48513
25,48513
25,48715
25,48836
25,48902
25,48913
25,49319
25,49393
25,49438
25,49488
25,49515
25,49671
25,49703
25,49908
25,49967
25,50041
25,50091
25,50098
25,50259
25,50369
25,50429
25,50555
25,50631
25,50710
25,50913
25,50915
25,51217
25,51219
25,51250
25,51266
25,51355
25,51358
25,51523
25,51545
25,51626
25,51798
25,51965
25,52007
25,52023
25,52037
25,52547
25,52667
25,52786
25,52977
25,53045
25,53188
25,53337
25,53463
25,53495
25,53579
25,53686
25,53760
25,53864
25,53971
25,54284
25,55017
26,32400
26,31552
26,31638
26,31741
26,31768
26,31787
26,31865
26,31940
26,32073
26,32149
26,32407
26,32453
26,32521
26,32524
26,32580
26,33229
26,33247
26,33388
26,33625
26,34075
26,34327
26,34463
26,34494
26,34695
26,34713
26,34832
26,34841
26,35002
26,35050
26,35074
26,35095
26,35334
26,35412
26,35600
26,35642
26,35698
26,35766
26,35898
26,35968
26,36074
26,36124
26,36350
26,36671
26,36691
26,36776
26,36786
26,36787
26,36835
26,36883
26,37024
26,37174
26,37294
26,37624
26,37751
26,37797
26,37862
26,38062
26,38109
26,38112
26,38152
26,38489
26,39038
26,39055
26,39104
26,39181
26,39438
26,39482
26,39546
26,39657
26,39673
26,39924
26,40057
26,40063
26,40129
26,40287
26,40319
26,40333
26,40337
26,40388
26,40495
26,40596
26,40619
26,40815
26,41076
26,41109
26,41543
26,41725
26,41940
26,42109
26,42182
26,42520
26,42585
26,42645
26,42756
26,42777
26,42778
26,42852
26,42878
26,43065
26,43123
26,43311
26,43448
26,43527
26,43622
26,43712
26,43795
26,44241
26,44428
26,44458
26,44474
26,44752
26,45033
26,45140
26,45162
26,45164
26,45530
26,45545
26,45556
26,45587
26,45591
26,45740
26,45779
26,45843
26,45861
26,46032
26,46158
26,46360
26,46371
26,46404
26,46513
26,46536
26,46540
26,47056
26,47102
26,47115
26,47454
26,47715
26,47848
26,47889
26,47896
26,48078
26,48212
26,48380
26,48390
26,48451
26,48553
26,48640
26,48756
26,48788
26,49135
26,49246
26,49824
26,50320
26,50463
26,50547
26,50880
26,50903
26,51001
26,51034
26,51041
26,51420
26,51727
26,51867
26,51967
26,52277
26,52378
26,52386
26,52632
26,52643
26,52938
26,52946
26,53065
26,53273
26,53290
26,53464
26,53673
26,53691
26,53705
26,53815
26,53897
26,54088
26,54298
26,54336
26,54410
26,54831
27,32400
27,31507
27,31531
27,31534
27,31735
27,31938
27,32044
27,32046
27,32083
27,32115
27,32125
27,32643
27,32684
27,32708
27,32884
27,32906
27,33128
27,33370
27,33448
27,33455
27,33467
27,33490
27,33507
27,33724
27,33844
27,34115
27,34353
27,34354
27,34394
27,34457
27,34823
27,35217
27,35280
27,35389
27,35622
27,35662
27,35733
27,35752
27,35764
27,35845
27,36015
27,36082
27,36231
27,36656
27,36752
27,36767
27,37187
27,37210
27,37328
27,37506
27,37559
27,37567
27,37651
27,37821
27,37879
27,37940
27,37981
27,38008
27,38040
27,38200
27,38306
27,38343
27,38355
27,38480
27,38573
27,38599
27,38638
27,38762
27,38782
27,38795
27,38950
27,39117
27,39351
27,39382
27,39511
27,39594
27,39840
27,40138
27,40300
27,40328
27,40337
27,40421
27,40432
27,40447
27,40450
27,40576
27,40743
27,40883
27,41017
27,41358
27,41397
27,41670
27,41899
27,41913
27,41987
27,42083
27,42217
27,42233
27,42561
27,42625
27,42729
27,43130
27,43304
27,43330
27,43375
27,43406
27,43415
27,43533
27,43544
27,43640
27,43657
27,43662
27,43745
27,43970
27,44006
27,44159
27,44231
27,44238
27,44317
27,44405
27,44489
27,44523
27,44662
27,44961
27,45041
27,45080
27,45233
27,45295
27,45387
27,45633
27,45698
27,45701
27,45956
27,46158
27,46400
27,46502
27,46665
27,46835
27,46854
27,46891
27,46899
27,46957
27,47140
27,47390
27,47454
27,47486
27,47598
27,47674
27,47688
27,47757
27,47832
27,48297
27,48307
27,48405
27,48546
27,48647
27,48746
27,48787
27,48919
27,49150
27,49263
27,49266
27,49286
27,49334
27,49351
27,49462
27,49550
27,49571
27,49676
27,49905
27,49942
27,50672
27,50790
27,51146
27,51161
27,51329
27,51385
27,52056
27,52073
27,52086
27,52094
27,52147
27,52304
27,52388
27,52416
27,52447
27,52721
27,52745
27,52745
27,52839
27,52969
27,53068
27,53181
27,53553
27,53677
27,53770
27,53845
27,54060
27,54094
27,54285
27,54313
27,54819
27,54885
28,32400
28,31532
28,31687
28,31710
28,31838
28,31934
28,32044
28,32230
28,32338
28,32345
28,32576
28,32747
28,32753
28,32766
28,32768
28,32926
28,32958
28,33032
28,33074
28,33137
28,33257
28,33268
28,33281
28,33344
28,33352
28,33401
28,33551
28,33651
28,33788
28,33833
28,33869
28,33900
28,34103
28,34109
28,34111
28,34507
28,34538
28,34556
28,34647
28,34776
28,34807
28,34821
28,34827
28,35080
28,35109
28,35219
28,35419
28,35696
28,35730
28,35847
28,35849
28,36239
28,36440
28,36441
28,36667
28,37214
28,37410
28,37516
28,37711
28,38191
28,38371
28,38396
28,38540
28,38569
28,38708
28,38760
28,38884
28,38927
28,38993
28,39018
28,39087
28,39195
28,39196
28,39294
28,39361
28,39769
28,39853
28,39861
28,39910
28,40040
28,40116
28,40141
28,40206
28,40229
28,40274
28,40497
28,40944
28,41129
28,41214
28,41485
28,41617
28,41771
28,41902
28,41941
28,42210
28,42239
28,42346
28,42477
28,42479
28,42526
28,42690
28,42705
28,42879
28,43022
28,43227
28,43331
28,43592
28,43944
28,44131
28,44138
28,44214
28,44472
28,44735
28,44947
28,45010
28,45179
28,45255
28,45256
28,45527
28,45734
28,45752
28,45790
28,45815
28,45820
28,45898
28,45981
28,46072
28,46094
28,46179
28,46437
28,46482
28,46527
28,46630
28,46792
28,46795
28,46808
28,46962
28,46975
28,46981
28,47106
28,47452
28,47485
28,47524
28,47680
28,47781
28,47934
28,48037
28,48088
28,48198
28,48617
28,48618
28,48735
28,48876
28,48952
28,48957
28,49092
28,49279
28,49514
28,50038
28,50328
28,50346
28,50461
28,50533
28,50568
28,50823
28,50869
28,50878
28,50935
28,51060
28,51225
28,51425
28,51528
28,51557
28,51648
28,52007
28,52089
28,52238
28,52277
28,52341
28,52417
28,52574
28,52762
28,52889
28,53116
28,53189
28,53288
28,53331
28,53492
28,53527
28,53631
28,53655
28,53840
28,53845
28,53871
28,53922
28,54040
28,54057
28,54090
28,54091
28,54097
28,54168
28,54169
28,54342
28,54356
28,54621
28,54667
28,54737
29,32400
29,32290
29,32504
29,32515
29,32713
29,33466
29,33555
29,33692
29,33712
29,33856
29,33958
29,34006
29,34164
29,34172
29,34190
29,34535
29,34739
29,34795
29,34999
29,35054
29,35101
29,35154
29,35181
29,35256
29,35259
29,35294
29,35467
29,35514
29,35601
29,36092
29,36210
29,36302
29,36341
29,36506
29,36730
29,36756
29,36884
29,37410
29,37525
29,37586
29,37634
29,37760
29,37844
29,37926
29,37978
29,38020
29,38227
29,38230
29,38236
29,38293
29,38616
29,39073
29,39078
29,39096
29,39166
29,39183
29,39401
29,39410
29,39424
29,39571
29,39727
29,40018
29,40296
29,40600
29,40638
29,40808
29,40881
29,40926
29,40975
29,41575
29,41696
29,41783
29,41905
29,42158
29,42254
29,42503
29,42563
29,42792
29,42859
29,42931
29,43024
29,43059
29,43114
29,43439
29,43465
29,43553
29,43832
29,43858
29,44167
29,44492
29,44783
29,44791
29,44871
29,44943
29,45085
29,45208
29,45443
29,45535
29,45631
29,45665
29,45768
29,45774
29,45889
29,46023
29,46067
29,46107
29,46175
29,46425
29,46509
29,46685
29,46784
29,46805
29,46968
29,47141
29,47523
29,47547
29,47559
29,47611
29,47686
29,47694
29,47723
29,47754
29,47756
29,47879
29,47912
29,47924
29,47931
29,48068
29,48093
29,48138
29,48377
29,48483
29,48634
29,48638
29,48849
29,49026
29,49038
29,49106
29,49425
29,49431
29,49699
29,50214
29,50230
29,50455
29,50462
29,51239
29,51352
29,51393
29,51492
29,51671
29,51733
29,51762
29,51811
29,51829
29,52136
29,52165
29,52204
29,52350
29,52469
29,52624
29,52772
29,52930
29,52974
29,53143
29,53276
29,53343
29,53548
29,53621
29,53685
29,53720
29,53736
29,53771
29,53850
29,53872
29,53996
29,54016
29,54106
29,54177
29,54414
29,54540
29,54628
29,55115
30,32400
30,31508
30,31709
30,31776
30,31934
30,31960
30,32004
30,32016
30,32314
30,32391
30,32474
30,32584
30,32626
30,32626
30,32866
30,32893
30,33203
30,33224
30,33442
30,33553
30,33625
30,33666
30,33723
30,33775
30,33954
30,34122
30,34446
30,34499
30,34585
30,34736
30,34843
30,34986
30,35017
30,35295
30,35423
30,35425
30,35526
30,35548
30,36015
30,36143
30,36211
30,36664
30,36717
30,36723
30,36797
30,36930
30,37362
30,37487
30,37608
30,37769
30,38017
30,38036
30,38163
30,38736
30,38776
30,38813
30,38897
30,38915
30,38943
30,38990
30,39196
30,39247
30,39266
30,39362
30,39659
30,39688
30,39891
30,40113
30,40151
30,40518
30,40581
30,40812
30,41133
30,41315
30,41318
30,41396
30,41408
30,41448
30,41591
30,41656
30,41855
30,41945
30,42527
30,42640
30,42931
30,42963
30,43008
30,43162
30,43346
30,43371
30,43532
30,43535
30,43602
30,43655
30,43848
30,44208
30,44225
30,44281
30,44315
30,44417
30,44446
30,44447
30,44691
30,45004
30,45197
30,45198
30,45321
30,45391
30,45410
30,45549
30,45559
30,45784
30,46026
30,46313
30,46334
30,46520
30,46557
30,46642
30,46763
30,46799
30,46839
30,46871
30,46877
30,47083
30,47100
30,47116
30,47154
30,47246
30,47322
30,47454
30,47457
30,47789
30,47802
30,47807
30,47905
30,47911
30,47933
30,47979
30,48207
30,48339
30,48679
30,48716
30,48719
30,49026
30,49042
30,49077
30,49332
30,49612
30,49665
30,49770
30,49893
30,50049
30,50051
30,50130
30,50209
30,50333
30,50359
30,50425
30,50506
30,50552
30,50929
30,51188
30,51254
30,51369
30,51537
30,51556
30,51565
30,51785
30,51884
30,52094
30,52352
30,52365
30,52674
30,52678
30,52781
30,53059
30,53075
30,53411
30,53727
30,53953
30,54164
30,54881
30,54887
30,55203
31,32400
31,31621
31,31666
31,31673
31,31702
31,32015
31,32027
31,32318
31,32333
31,32373
31,32509
31,32565
31,32591
31,32704
31,32913
31,33004
31,33047
31,33114
31,33131
31,33428
31,33463
31,33505
31,33723
31,33959
31,33977
31,33999
31,34201
31,34356
31,34417
31,34473
31,34655
31,35018
31,35053
31,35122
31,35388
31,35964
31,36204
31,36584
31,36624
31,36806
31,36811
31,36840
31,36951
31,37019
31,37108
31,37191
31,37596
31,37777
31,37839
31,38019
31,38021
31,38212
31,38216
31,38627
31,38675
31,38703
31,38805
31,39328
31,39331
31,39514
31,39611
31,40030
31,40247
31,40276
31,40384
31,40426
31,40536
31,40663
31,40917
31,41252
31,41273
31,41545
31,41583
31,41777
31,41814
31,42089
31,42191
31,42205
31,42436
31,42508
31,42546
31,42888
31,42900
31,43010
31,43051
31,43151
31,43293
31,43300
31,43645
31,43977
31,44203
31,44269
31,44270
31,44275
31,44431
31,44620
31,44695
31,44725
31,44924
31,45026
31,45085
31,45154
31,45196
31,45231
31,45428
31,45690
31,45703
31,45733
31,45950
31,46008
31,46231
31,46291
31,46607
31,46700
31,46806
31,46819
31,46927
31,47138
31,47501
31,47520
31,47649
31,47761
31,47762
31,47824
31,48197
31,48339
31,48461
31,48910
31,49292
31,49398
31,49623
31,49879
31,50062
31,50343
31,50468
31,50607
31,50616
31,50631
31,50712
31,50717
31,50782
31,51023
31,51163
31,51336
31,51340
31,51556
31,51684
31,51805
31,51908
31,51910
31,52376
31,52412
31,52519
31,52555
31,52848
31,52883
31,52887
31,53285
31,53328
31,53450
31,53706
31,53768
31,53860
31,54136
31,54278
31,54396
31,54614
31,54805
31,54966
31,54973
32,32400
32,31535
32,31548
32,31604
32,31622
32,31649
32,31696
32,31826
32,32022
32,32070
32,32178
32,32280
32,32319
32,32320
32,32418
32,32431
32,32436
32,32442
32,32488
32,32538
32,32645
32,32695
32,33005
32,33123
32,33163
32,33440
32,33497
32,33515
32,33704
32,33707
32,33942
32,33972
32,33974
32,34263
32,34369
32,34610
32,34634
32,34669
32,35072
32,35129
32,35263
32,35273
32,35445
32,35511
32,35520
32,35709
32,35736
32,35843
32,35892
32,35927
32,36259
32,36365
32,36422
32,36457
32,36491
32,36519
32,36583
32,36619
32,36660
32,36686
32,36705
32,36874
32,36944
32,36947
32,36955
32,37192
32,37239
32,37406
32,37737
32,37756
32,37789
32,38026
32,38137
32,38295
32,38459
32,38487
32,38843
32,38977
32,39030
32,39034
32,39165
32,39369
32,39554
32,39664
32,39679
32,39817
32,39854
32,39855
32,40025
32,40067
32,40414
32,40427
32,40630
32,40717
32,41108
32,41130
32,41153
32,41272
32,41371
32,41458
32,41649
32,41720
32,41807
32,41827
32,41855
32,41871
32,41912
32,42141
32,42471
32,42498
32,42501
32,42525
32,42644
32,42850
32,42875
32,42894
32,42941
32,42967
32,43042
32,43272
32,43444
32,43518
32,43553
32,43614
32,43750
32,43763
32,43813
32,43833
32,43957
32,44015
32,44285
32,44298
32,44576
32,44622
32,44703
32,44778
32,44995
32,45137
32,45495
32,45508
32,45574
32,45607
32,45631
32,45639
32,45747
32,45824
32,45825
32,45856
32,46268
32,46368
32,46473
32,46671
32,46798
32,46921
32,47005
32,47450
32,47537
32,47755
32,47766
32,47904
32,47961
32,47976
32,48080
32,48094
32,48227
32,48262
32,48505
32,48525
32,48559
32,48665
32,48732
32,48832
32,48939
32,49323
32,49602
32,49662
32,49685
32,49690
32,50025
32,50110
32,50120
32,50308
32,50569
32,50792
32,50879
32,50882
32,51115
32,51181
32,51231
32,51367
32,51393
32,51423
32,51534
32,51669
32,51695
32,51716
32,51790
32,51830
32,51870
32,51895
32,52207
32,52243
32,52287
32,52295
32,52340
32,52548
32,52707
32,53359
32,53366
32,53406
32,53469
32,53581
32,53606
32,53727
32,53746
32,53760
32,53808
32,54165
32,54455
32,54811
33,32400
33,31560
33,31615
33,31823
33,31982
33,32055
33,32116
33,32127
33,32217
33,32261
33,32500
33,32572
33,32639
33,32818
33,32840
33,32988
33,33233
33,33283
33,33335
33,33580
33,33596
33,33600
33,33632
33,33929
33,34272
33,34439
33,34502
33,34696
33,34703
33,34767
33,34908
33,35057
33,35084
33,35091
33,35144
33,35150
33,35152
33,35325
33,35456
33,35674
33,36149
33,36211
33,36342
33,36589
33,36790
33,36903
33,37024
33,37131
33,37142
33,37225
33,37360
33,37400
33,37430
33,37463
33,37581
33,37668
33,37813
33,37865
33,37904
33,37991
33,38018
33,38199
33,38260
33,38294
33,38551
33,38765
33,38782
33,38855
33,38860
33,38918
33,39009
33,39141
33,39206
33,39211
33,39423
33,39591
33,39734
33,40005
33,40188
33,40216
33,40277
33,40314
33,40385
33,40393
33,40494
33,40535
33,40833
33,41152
33,41176
33,41260
33,41388
33,41501
33,41672
33,41676
33,41748
33,41756
33,42057
33,42057
33,42106
33,42324
33,42325
33,42504
33,42529
33,42563
33,42721
33,42884
33,42974
33,43023
33,43035
33,43174
33,43386
33,43555
33,43557
33,43558
33,43574
33,43666
33,43861
33,43914
33,44128
33,44218
33,44229
33,44241
33,44728
33,45004
33,45189
33,45190
33,45277
33,45452
33,45485
33,45592
33,45618
33,45861
33,45864
33,45902
33,45913
33,46173
33,46340
33,46364
33,46724
33,46958
33,47154
33,47402
33,47756
33,48035
33,48082
33,48127
33,48165
33,48223
33,48252
33,48410
33,48678
33,48804
33,49089
33,49159
33,49174
33,49226
33,49449
33,49629
33,49777
33,49955
33,50164
33,50293
33,50367
33,50390
33,50646
33,50843
33,50905
33,50934
33,50972
33,51176
33,51269
33,51315
33,51489
33,51497
33,51611
33,51889
33,52172
33,52266
33,52309
33,52671
33,52933
33,52962
33,52964
33,53068
33,53102
33,53147
33,53239
33,53260
33,53527
33,53584
33,53754
33,53759
33,53818
33,53889
33,53968
33,54162
33,54281
33,54309
33,54444
33,54825
33,55003
34,32400
34,31519
34,31763
34,32098
34,32203
34,32756
34,32846
34,33230
34,33244
34,33267
34,33281
34,33395
34,33424
34,33722
34,33758
34,34067
34,34471
34,34640
34,34719
34,34753
34,34805
34,34937
34,34978
34,34981
34,35149
34,35211
34,35231
34,35292
34,35334
34,35401
34,35443
34,35553
34,35587
34,35776
34,35836
34,35863
34,35974
34,36084
34,36182
34,36225
34,36259
34,36348
34,36453
34,36563
34,36852
34,37122
34,37146
34,37262
34,37398
34,37400
34,37464
34,37590
34,37719
34,37720
34,37762
34,37985
34,38164
34,38186
34,38336
34,38479
34,38867
34,38895
34,39017
34,39235
34,39325
34,39476
34,39583
34,39668
34,39766
34,40083
34,40253
34,40326
34,40524
34,41026
34,41175
34,41290
34,41328
34,41333
34,41576
34,41647
34,41658
34,42015
34,42411
34,42510
34,42518
34,42605
34,42666
34,42693
34,42695
34,42726
34,42743
34,42827
34,42869
34,42910
34,43113
34,43148
34,43255
34,43256
34,43303
34,43308
34,43313
34,43723
34,43766
34,43951
34,44037
34,44265
34,44550
34,44586
34,44622
34,44757
34,44992
34,45233
34,45437
34,45446
34,45489
34,45888
34,45911
34,45911
34,46233
34,46457
34,46527
34,46557
34,46752
34,46902
34,46965
34,47372
34,47402
34,47416
34,47466
34,47475
34,47513
34,47659
34,47743
34,47777
34,48172
34,48204
34,48338
34,48412
34,48471
34,48593
34,48699
34,48854
34,49276
34,49462
34,49465
34,49531
34,49573
34,49783
34,49842
34,49854
34,50040
34,50141
34,50215
34,50284
34,50618
34,50757
34,50876
34,50981
34,51260
34,51356
34,51370
34,51603
34,51713
34,51750
34,51759
34,51792
34,52046
34,52372
34,52832
34,53100
34,53305
34,53449
34,53519
34,53759
34,53796
34,53884
34,53919
34,53947
34,54010
34,54046
34,54073
34,54262
34,54332
34,54620
34,54975
34,55252
35,32400
35,31711
35,31806
35,31915
35,32284
35,32350
35,32394
35,32539
35,32797
35,32959
35,33200
35,33263
35,33297
35,33343
35,33392
35,33524
35,33914
35,34174
35,34302
35,34362
35,34369
35,34425
35,34432
35,34618
35,34664
35,34692
35,34758
35,34805
35,34806
35,34863
35,34981
35,35041
35,35074
35,35086
35,35299
35,35365
35,35385
35,35404
35,35433
35,35869
35,35986
35,36148
35,36429
35,36444
35,36492
35,36527
35,36535
35,36652
35,36946
35,36967
35,36977
35,37203
35,37251
35,37421
35,37519
35,37529
35,37544
35,37554
35,37686
35,37707
35,38073
35,38155
35,38475
35,38477
35,38751
35,38820
35,38847
35,38868
35,38923
35,39137
35,39352
35,39499
35,39536
35,39583
35,39617
35,39654
35,39758
35,39811
35,39884
35,40070
35,40095
35,40221
35,40293
35,40317
35,40339
35,40495
35,40496
35,40678
35,40689
35,40699
35,40876
35,40877
35,41146
35,41383
35,41667
35,41828
35,42019
35,42173
35,42264
35,42377
35,42674
35,42884
35,42956
35,43008
35,43162
35,43195
35,43401
35,43685
35,43690
35,43881
35,43940
35,43996
35,44019
35,44185
35,44309
35,44349
35,45144
35,45456
35,45555
35,45655
35,45674
35,45804
35,45849
35,45869
35,46029
35,46622
35,46634
35,46678
35,46719
35,46889
35,46972
35,46998
35,47059
35,47059
35,47093
35,47161
35,47582
35,47833
35,47928
35,47996
35,48188
35,48254
35,48443
35,48489
35,48671
35,48842
35,48877
35,48955
35,49117
35,49156
35,49263
35,49317
35,49459
35,49504
35,49813
35,50012
35,50050
35,50108
35,50735
35,50954
35,50960
35,51142
35,51325
35,51432
35,51479
35,51537
35,51548
35,51626
35,51704
35,51760
35,51859
35,51893
35,52144
35,52157
35,52173
35,52280
35,52536
35,52601
35,52768
35,52797
35,52848
35,52959
35,53034
35,53113
35,53118
35,53244
35,53306
35,53386
35,53422
35,53496
35,53507
35,53841
35,54183
35,54192
35,54345
35,54572
35,54726
35,54892
36,32400
36,31506
36,31584
36,31608
36,31653
36,31829
36,31924
36,31938
36,31951
36,32012
36,32134
36,32143
36,32250
36,32307
36,32465
36,32529
36,32555
36,32685
36,32809
36,32836
36,32843
36,32927
36,33175
36,33185
36,33255
36,33694
36,33851
36,33951
36,33992
36,34028
36,34113
36,34115
36,34751
36,34851
36,35362
36,35523
36,35567
36,35573
36,35625
36,35818
36,35885
36,36076
36,36093
36,36141
36,36219
36,36281
36,36300
36,36331
36,36438
36,36454
36,36455
36,36463
36,36466
36,36796
36,36843
36,36859
36,36961
36,37008
36,37260
36,37260
36,37288
36,37520
36,37816
36,37938
36,37978
36,38129
36,38140
36,38214
36,38217
36,38257
36,38480
36,38492
36,38539
36,38656
36,38840
36,38858
36,39022
36,39062
36,39076
36,39235
36,39244
36,39271
36,39307
36,39408
36,39495
36,39617
36,39896
36,39896
36,40058
36,40342
36,40463
36,40479
36,40611
36,40678
36,40689
36,40880
36,41012
36,41076
36,41223
36,41310
36,41415
36,41532
36,41572
36,41909
36,41921
36,41999
36,42304
36,42473
36,42650
36,42718
36,43032
36,43110
36,43133
36,43432
36,43460
36,43477
36,43496
36,43528
36,43787
36,43903
36,43938
36,44122
36,44411
36,44569
36,44599
36,44653
36,44742
36,44769
36,45018
36,45072
36,45155
36,45175
36,45269
36,45318
36,45713
36,45761
36,45929
36,45998
36,46112
36,46441
36,46547
36,46584
36,46693
36,46694
36,46752
36,46850
36,47257
36,47578
36,47607
36,47623
36,47842
36,47876
36,47982
36,48073
36,48360
36,48360
36,48443
36,48496
36,48742
36,48848
36,48908
36,49227
36,49289
36,49352
36,49417
36,49467
36,49579
36,49987
36,50065
36,50210
36,50250
36,50621
36,50711
36,50809
36,50849
36,51277
36,51425
36,51467
36,51500
36,51560
36,51575
36,51600
36,51682
36,51715
36,52174
36,52265
36,52324
36,52483
36,52560
36,52566
36,52625
36,52696
36,52808
36,52953
36,53159
36,53299
36,53493
36,53516
36,53556
36,53650
36,53695
36,53839
36,53936
36,54174
36,54210
36,54277
37,32400
37,31576
37,31651
37,31843
37,31885
37,31893
37,32049
37,32333
37,32413
37,32584
37,32673
37,32675
37,32728
37,32941
37,32988
37,33128
37,33128
37,33151
37,33210
37,33232
37,33288
37,33432
37,33436
37,33608
37,33695
37,33792
37,33849
37,34073
37,34079
37,34300
37,34529
37,34976
37,35129
37,35229
37,35259
37,35436
37,35436
37,35560
37,35795
37,35805
37,36227
37,36359
37,36578
37,36677
37,36696
37,36894
37,36993
37,37084
37,37348
37,37435
37,37459
37,37480
37,37675
37,37710
37,37804
37,37855
37,38069
37,38095
37,38148
37,38289
37,38310
37,38397
37,38549
37,38632
37,38691
37,38707
37,38758
37,38770
37,38776
37,38830
37,38850
37,38921
37,39017
37,39106
37,39181
37,39244
37,39315
37,39346
37,39377
37,39475
37,39751
37,39766
37,40097
37,40103
37,40211
37,40490
37,40499
37,40664
37,40722
37,40864
37,41004
37,41064
37,41110
37,41129
37,41243
37,41246
37,41466
37,41586
37,41655
37,41809
37,41843
37,41879
37,42194
37,42827
37,42868
37,42890
37,42982
37,43219
37,43531
37,43661
37,43736
37,43758
37,43761
37,43777
37,43872
37,43884
37,43923
37,43954
37,43964
37,44178
37,44531
37,44561
37,44567
37,44603
37,44948
37,45030
37,45035
37,45074
37,45130
37,45191
37,45298
37,45300
37,45354
37,45857
37,45952
37,46031
37,46083
37,46103
37,46402
37,46514
37,46533
37,46626
37,46711
37,46849
37,46895
37,46930
37,46997
37,47041
37,47485
37,47507
37,47605
37,47667
37,47689
37,48339
37,48490
37,48800
37,48834
37,49028
37,49186
37,49246
37,49338
37,49398
37,49429
37,49461
37,49504
37,49547
37,49634
37,49800
37,49935
37,50034
37,50196
37,50236
37,50449
37,50628
37,50790
37,50821
37,51004
37,51063
37,51086
37,51248
37,51303
37,51366
37,51404
37,51559
37,51609
37,51610
37,51734
37,51762
37,51836
37,51916
37,52039
37,52090
37,52301
37,52338
37,52426
37,52457
37,52622
37,52626
37,52672
37,53004
37,53226
37,53334
37,53480
37,53694
37,53697
37,53714
37,53753
37,53865
37,54055
37,54082
37,54105
37,54170
37,54214
37,54604
37,54709
37,54712
37,54826
37,55137
38,32400
38,31555
38,31648
38,31674
38,31769
38,31928
38,32003
38,32010
38,32017
38,32154
38,32159
38,32162
38,32168
38,32370
38,32446
38,32595
38,32613
38,32671
38,32780
38,32823
38,32938
38,32986
38,33288
38,33297
38,33600
38,33626
38,33688
38,33980
38,34245
38,34307
38,34329
38,34427
38,34537
38,34544
38,34652
38,34743
38,34764
38,34809
38,35050
38,35054
38,35099
38,35331
38,35611
38,35613
38,35718
38,35748
38,36003
38,36214
38,36232
38,36368
38,36394
38,36637
38,36703
38,36785
38,36819
38,36819
38,36931
38,36940
38,37062
38,37608
38,37978
38,38133
38,38136
38,38328
38,38478
38,38564
38,38663
38,38721
38,38847
38,38888
38,39046
38,39096
38,39265
38,39397
38,39521
38,39591
38,39607
38,39752
38,39816
38,39985
38,40294
38,40395
38,40673
38,40812
38,41044
38,41163
38,41225
38,41499
38,41629
38,41733
38,41743
38,41764
38,41881
38,41926
38,41937
38,42459
38,42860
38,42863
38,42897
38,43126
38,43177
38,43196
38,43348
38,43381
38,43442
38,43484
38,43541
38,43566
38,43709
38,43751
38,43796
38,44386
38,44609
38,44815
38,45080
38,45194
38,45235
38,45317
38,45544
38,45568
38,45698
38,45705
38,45773
38,45789
38,45867
38,46187
38,46274
38,46294
38,46373
38,46418
38,46485
38,46737
38,46842
38,46846
38,47000
38,47045
38,47076
38,47089
38,47308
38,47384
38,47446
38,47512
38,47523
38,47722
38,47782
38,47938
38,48152
38,48260
38,48421
38,48443
38,48512
38,48593
38,48653
38,48891
38,49069
38,49087
38,49126
38,49266
38,49282
38,49608
38,49632
38,49754
38,49808
38,49837
38,49890
38,49914
38,49989
38,50151
38,50227
38,50316
38,50326
38,50561
38,50772
38,50779
38,50813
38,50918
38,51047
38,51060
38,51083
38,51190
38,51268
38,51297
38,51484
38,51488
38,51544
38,51710
38,51764
38,51787
38,51818
38,51879
38,51936
38,52036
38,52042
38,52057
38,52086
38,52087
38,52216
38,52219
38,52317
38,52394
38,52511
38,52557
38,52847
38,52956
38,53040
38,53055
38,53085
38,53213
38,53324
38,53381
38,53384
38,54081
38,54273
38,54587
38,54680
38,55160
38,55233
39,32400
39,31696
39,31949
39,32114
39,32143
39,32390
39,32464
39,32539
39,32711
39,32865
39,33167
39,33231
39,33375
39,33426
39,33513
39,33658
39,33734
39,33766
39,33821
39,34344
39,34428
39,34459
39,34466
39,34487
39,35173
39,35198
39,35277
39,35388
39,35423
39,35499
39,35607
39,35806
39,35873
39,35874
39,36063
39,36067
39,36121
39,36289
39,36374
39,36430
39,36698
39,36835
39,36954
39,37047
39,37049
39,37127
39,37135
39,37156
39,37182
39,37257
39,37268
39,37304
39,37356
39,37360
39,37386
39,37399
39,37429
39,37448
39,37484
39,37623
39,37684
39,37727
39,37766
39,37998
39,38002
39,38019
39,38345
39,38380
39,38496
39,38891
39,38915
39,39023
39,39238
39,39262
39,39463
39,39613
39,39675
39,39688
39,40005
39,40345
39,40449
39,40462
39,40567
39,40641
39,40867
39,40925
39,40968
39,41154
39,41158
39,41194
39,41208
39,41324
39,41383
39,41545
39,41593
39,41662
39,41705
39,41793
39,41809
39,41882
39,42146
39,42425
39,42538
39,42559
39,42595
39,42820
39,42908
39,43094
39,43236
39,43247
39,43441
39,43509
39,43575
39,43583
39,43793
39,43933
39,44151
39,44179
39,44288
39,44553
39,44620
39,44772
39,45164
39,45252
39,45284
39,45517
39,45614
39,45792
39,45888
39,46079
39,46143
39,46286
39,46375
39,46409
39,46635
39,46900
39,46914
39,47017
39,47213
39,47226
39,47540
39,48022
39,48309
39,48510
39,48831
39,48878
39,48880
39,48951
39,48969
39,49071
39,49262
39,49280
39,49355
39,49409
39,49506
39,49564
39,49779
39,49940
39,50004
39,50008
39,50205
39,50465
39,51218
39,51348
39,51464
39,51471
39,51613
39,51815
39,52212
39,52439
39,52820
39,52865
39,52990
39,53001
39,53005
39,53013
39,53101
39,53316
39,53459
39,53908
39,54160
39,54223
39,54234
39,54493
39,54567
39,54749
40,32400
40,31638
40,31760
40,32107
40,32157
40,32196
40,32372
40,32375
40,32503
40,32561
40,32673
40,32781
40,32886
40,33157
40,33255
40,33347
40,33509
40,33666
40,33677
40,34015
40,34093
40,34116
40,34127
40,34209
40,34217
40,34331
40,34399
40,34440
40,34800
40,34921
40,35081
40,35151
40,35537
40,35851
40,36073
40,36106
40,36230
40,36346
40,36537
40,36654
40,36843
40,36982
40,36999
40,37012
40,37127
40,37214
40,37248
40,37275
40,37305
40,37353
40,37464
40,37538
40,37593
40,37640
40,37713
40,38003
40,38009
40,38424
40,38470
40,38486
40,38635
40,38688
40,38784
40,38808
40,38818
40,38819
40,38845
40,38984
40,39010
40,39208
40,39237
40,39299
40,39838
40,39869
40,39925
40,39950
40,40036
40,40047
40,40183
40,40467
40,40709
40,40858
40,41067
40,41318
40,41533
40,41580
40,41709
40,41821
40,41902
40,41927
40,41964
40,42050
40,42101
40,42268
40,42316
40,42390
40,43029
40,43165
40,43166
40,43310
40,43311
40,43504
40,43562
40,43573
40,43749
40,43823
40,43831
40,43943
40,44010
40,44354
40,44559
40,44574
40,45136
40,45165
40,45167
40,45174
40,45396
40,45426
40,45547
40,45556
40,45981
40,46184
40,46224
40,46224
40,46255
40,46257
40,46273
40,46275
40,46379
40,46453
40,46473
40,46504
40,47081
40,47090
40,47556
40,47725
40,47731
40,47757
40,47798
40,47961
40,47984
40,48004
40,48098
40,48111
40,48361
40,48510
40,48612
40,48612
40,48790
40,48858
40,48861
40,49205
40,49243
40,49533
40,49583
40,49758
40,49981
40,49989
40,50001
40,50174
40,50386
40,50443
40,50558
40,50720
40,51002
40,51043
40,51302
40,51569
40,51654
40,51841
40,51990
40,52051
40,52105
40,52230
40,52310
40,52601
40,52624
40,52740
40,52885
40,52961
40,53108
40,53197
40,53330
40,53390
40,53627
40,53735
40,54152
40,54274
40,54417
40,54467
40,54826
40,54949
41,32400
41,31633
41,31822
41,31953
41,32037
41,32076
41,32083
41,32412
41,32466
41,32686
41,32800
41,32853
41,32936
41,32989
41,33124
41,33138
41,33236
41,33261
41,33708
41,33845
41,33960
41,34193
41,34195
41,34202
41,34208
41,34317
41,34340
41,34366
41,34423
41,34627
41,34765
41,34815
41,34864
41,34974
41,35070
41,35080
41,35083
41,35085
41,35245
41,35302
41,35313
41,35439
41,35869
41,35911
41,36030
41,36077
41,36159
41,36305
41,36321
41,36330
41,36456
41,36614
41,36671
41,36837
41,36956
41,37052
41,37067
41,37136
41,37209
41,37447
41,37585
41,37763
41,37852
41,37983
41,37991
41,38382
41,38383
41,38425
41,38458
41,38602
41,38759
41,38800
41,39029
41,39364
41,39497
41,39551
41,39695
41,39699
41,39746
41,39832
41,39925
41,40026
41,40049
41,40080
41,40105
41,40144
41,40259
41,40467
41,40473
41,40623
41,40998
41,41134
41,41550
41,41645
41,41685
41,41717
41,41718
41,41841
41,41908
41,42049
41,42108
41,42275
41,42366
41,42529
41,42625
41,43040
41,43271
41,43375
41,43475
41,43620
41,43723
41,43749
41,43877
41,44195
41,44427
41,44487
41,44579
41,44695
41,45114
41,45543
41,45613
41,45617
41,45624
41,45628
41,45857
41,45896
41,45922
41,45956
41,46002
41,46073
41,46194
41,46299
41,46661
41,46707
41,46861
41,46871
41,46946
41,47281
41,47294
41,47350
41,47375
41,47518
41,47660
41,47736
41,47766
41,47843
41,48028
41,48134
41,48287
41,48351
41,48572
41,48629
41,48825
41,48903
41,48963
41,49054
41,49068
41,49069
41,49093
41,49146
41,49437
41,49443
41,49504
41,49551
41,49630
41,49754
41,50043
41,50118
41,50143
41,50357
41,50361
41,50391
41,50406
41,50488
41,50546
41,50655
41,50940
41,51125
41,51133
41,51251
41,51410
41,51869
41,51881
41,52184
41,52202
41,52365
41,52690
41,52775
41,52957
41,53296
41,53456
41,53529
41,53535
41,53651
41,53998
41,54003
41,54237
41,54433
41,54479
41,54793
41,54845
42,32400
42,31924
42,32108
42,32188
42,32237
42,32355
42,32478
42,32547
42,32549
42,32554
42,32557
42,32678
42,32746
42,32903
42,33251
42,33291
42,33369
42,33511
42,33513
42,33638
42,33639
42,33714
42,33764
42,33838
42,33935
42,34036
42,34087
42,34164
42,34276
42,34279
42,34284
42,34520
42,34617
42,35209
42,35230
42,35361
42,35981
42,36045
42,36204
42,36231
42,36368
42,36669
42,36678
42,36931
42,37019
42,37316
42,37339
42,37422
42,37525
42,37528
42,37560
42,37801
42,37841
42,37845
42,37879
42,37907
42,38264
42,38265
42,38340
42,38341
42,38393
42,38407
42,38469
42,38475
42,38498
42,38499
42,38552
42,38611
42,38627
42,38713
42,38737
42,38858
42,38867
42,38926
42,39108
42,39258
42,39270
42,39488
42,39501
42,39574
42,39694
42,39815
42,40085
42,40643
42,40793
42,40861
42,40878
42,41175
42,41588
42,41595
42,41597
42,41636
42,41644
42,41690
42,41950
42,42037
42,42080
42,42277
42,42506
42,42532
42,42564
42,42675
42,42684
42,42733
42,42792
42,42990
42,43366
42,43391
42,43556
42,43629
42,43681
42,43744
42,43787
42,43846
42,43896
42,43911
42,44132
42,44205
42,44322
42,44432
42,44591
42,44621
42,44622
42,44979
42,45213
42,45241
42,45506
42,45629
42,45658
42,45704
42,45721
42,45784
42,46100
42,46152
42,46175
42,46178
42,46277
42,46369
42,46509
42,46555
42,46678
42,46767
42,46773
42,46838
42,47100
42,47102
42,47176
42,47191
42,47257
42,47327
42,47352
42,47684
42,47869
42,47912
42,48318
42,48343
42,48365
42,48419
42,48611
42,48626
42,48702
42,48731
42,49100
42,49316
42,49343
42,49351
42,49366
42,49451
42,49509
42,49852
42,50042
42,50077
42,50101
42,50206
42,50515
42,51104
42,51468
42,51626
42,51909
42,52006
42,52025
42,52064
42,52069
42,52155
42,52156
42,52308
42,52396
42,52418
42,52567
42,52622
42,52709
42,52858
42,52868
42,52924
42,52966
42,52973
42,53030
42,53095
42,53347
42,53376
42,53443
42,53738
42,53884
42,54294
42,54367
42,55240
43,32400
43,31758
43,31834
43,31906
43,31937
43,32192
43,32551
43,32568
43,32691
43,32699
43,32715
43,32801
43,33001
43,33032
43,33094
43,33374
43,33417
43,33467
43,33649
43,33878
43,33965
43,34069
43,34102
43,34209
43,34253
43,34435
43,34446
43,34526
43,34992
43,35174
43,35492
43,35618
43,36006
43,36026
43,36096
43,36174
43,36313
43,36340
43,36390
43,36410
43,36498
43,36557
43,36605
43,36689
43,36693
43,36978
43,36979
43,36989
43,37059
43,37154
43,37363
43,37393
43,37417
43,37433
43,37464
43,37672
43,37769
43,37798
43,37913
43,37941
43,37941
43,37964
43,37982
43,38165
43,38622
43,38631
43,38715
43,38732
43,38908
43,38960
43,38990
43,39169
43,39171
43,39336
43,39347
43,39536
43,39711
43,39728
43,39771
43,39900
43,39929
43,40594
43,40633
43,40883
43,40956
43,41240
43,41272
43,41465
43,41532
43,41570
43,41680
43,41809
43,41869
43,41888
43,42313
43,42537
43,42567
43,42569
43,42646
43,42668
43,42700
43,42833
43,43260
43,43275
43,43283
43,43445
43,43514
43,43585
43,43904
43,44320
43,44365
43,44415
43,44593
43,44847
43,44878
43,45043
43,45136
43,45182
43,45216
43,45237
43,45403
43,45447
43,45523
43,45600
43,45645
43,45655
43,45671
43,45687
43,45708
43,45727
43,45814
43,46022
43,46043
43,46071
43,46285
43,46301
43,46829
43,46890
43,46903
43,46993
43,47092
43,47272
43,47430
43,47536
43,47551
43,47615
43,47674
43,47766
43,47766
43,48336
43,48551
43,48796
43,48907
43,48912
43,49006
43,49181
43,49225
43,49400
43,49410
43,49547
43,49547
43,49653
43,49739
43,49907
43,50035
43,50313
43,50321
43,50439
43,50494
43,50672
43,50687
43,50816
43,50837
43,50854
43,50875
43,50948
43,51012
43,51057
43,51073
43,51215
43,51300
43,51342
43,51490
43,51614
43,51717
43,51740
43,51907
43,51921
43,51990
43,52062
43,52131
43,52315
43,52369
43,52495
43,52509
43,52568
43,52742
43,52745
43,52763
43,52809
43,52910
43,52923
43,53209
43,53386
43,53581
43,53644
43,53662
43,53837
43,54007
43,54346
43,54555
43,54649
43,54699
43,55010
43,55182
44,32400
44,31745
44,31822
44,32085
44,32122
44,32265
44,32351
44,32423
44,32439
44,32490
44,32521
44,32557
44,32642
44,32646
44,32855
44,32877
44,32940
44,32958
44,33025
44,33154
44,33352
44,33364
44,33503
44,33543
44,33549
44,33699
44,33866
44,33939
44,33953
44,34004
44,34095
44,34146
44,34215
44,34317
44,34535
44,34750
44,34934
44,35053
44,35104
44,35254
44,35264
44,35439
44,35488
44,35683
44,35866
44,36078
44,36183
44,36212
44,36420
44,36422
44,36620
44,36729
44,36757
44,36897
44,36938
44,37096
44,37217
44,37348
44,37463
44,37515
44,37551
44,37635
44,37645
44,37730
44,38000
44,38127
44,38300
44,38401
44,38524
44,38555
44,38777
44,39027
44,39209
44,39510
44,39624
44,39844
44,40173
44,40255
44,40498
44,40713
44,40731
44,40949
44,41288
44,41381
44,41457
44,41474
44,41496
44,41563
44,41809
44,41857
44,42243
44,42296
44,42313
44,42332
44,42610
44,42644
44,42803
44,43055
44,43065
44,43105
44,43290
44,43345
44,43352
44,43475
44,43669
44,43740
44,43892
44,43919
44,44352
44,44771
44,44799
44,45224
44,45297
44,45312
44,45381
44,45652
44,45697
44,45877
44,45997
44,46039
44,46052
44,46122
44,46194
44,46217
44,46408
44,46670
44,46761
44,46893
44,46993
44,47026
44,47104
44,47523
44,47683
44,47684
44,47760
44,47969
44,48417
44,48477
44,48581
44,48640
44,48710
44,48720
44,48743
44,48838
44,48951
44,49198
44,49220
44,49382
44,49408
44,49530
44,49595
44,49600
44,49625
44,49644
44,49761
44,49962
44,50360
44,50413
44,50466
44,50526
44,50548
44,50582
44,50887
44,51184
44,51195
44,51295
44,51597
44,51840
44,52014
44,52103
44,52104
44,52146
44,52237
44,52237
44,52370
44,52377
44,52651
44,52815
44,53141
44,53266
44,53423
44,53524
44,53536
44,53665
44,53791
44,53870
44,54079
44,54175
44,54177
44,54230
44,54632
44,54722
45,32400
45,31569
45,31570
45,31582
45,31805
45,31960
45,31996
45,32108
45,32114
45,32193
45,32217
45,32378
45,32489
45,32538
45,32567
45,32924
45,32926
45,32986
45,33096
45,33389
45,33418
45,33470
45,33991
45,34006
45,34157
45,34193
45,34221
45,34265
45,34289
45,34358
45,34400
45,34635
45,34873
45,34882
45,34943
45,35355
45,35414
45,35744
45,35868
45,36310
45,36359
45,36525
45,36722
45,37029
45,37208
45,37313
45,37533
45,37827
45,37853
45,38028
45,38131
45,38267
45,38281
45,38436
45,38837
45,38906
45,38970
45,39077
45,39157
45,39275
45,39319
45,39602
45,39615
45,39711
45,39743
45,39842
45,40111
45,40132
45,41040
45,41145
45,41210
45,41260
45,41756
45,42063
45,42065
45,42139
45,42597
45,42653
45,42780
45,42797
45,42898
45,43039
45,43065
45,43114
45,43220
45,43268
45,43486
45,43655
45,43762
45,43824
45,43961
45,43987
45,44039
45,44043
45,44044
45,44103
45,44205
45,44273
45,44290
45,44492
45,44586
45,44700
45,44708
45,45172
45,45295
45,45351
45,45691
45,45820
45,45846
45,45869
45,46061
45,46088
45,46138
45,46347
45,46426
45,46569
45,46606
45,46771
45,46790
45,47000
45,47003
45,47013
45,47193
45,47197
45,47235
45,47411
45,47511
45,47769
45,47852
45,47925
45,48115
45,48132
45,48186
45,48430
45,48514
45,48534
45,48624
45,48691
45,48695
45,48730
45,48787
45,48856
45,48972
45,49005
45,49522
45,49642
45,49794
45,49807
45,49873
45,50123
45,50255
45,50357
45,50372
45,50453
45,50491
45,50585
45,50664
45,50699
45,50723
45,50743
45,50782
45,50811
45,50915
45,51006
45,51517
45,51542
45,51699
45,51701
45,51754
45,51960
45,51968
45,51977
45,52269
45,52313
45,52324
45,52479
45,52552
45,52786
45,52822
45,52903
45,53131
45,53141
45,53150
45,53226
45,53263
45,53524
45,53872
45,53915
45,54029
45,54173
45,54180
45,54660
45,54785
45,54808
45,55172
46,32400
46,31560
46,31723
46,31787
46,32205
46,32395
46,32541
46,32572
46,32766
46,32821
46,32865
46,33051
46,33111
46,33272
46,33441
46,33655
46,33682
46,33731
46,34061
46,34148
46,34226
46,34279
46,34722
46,34727
46,34792
46,34892
46,34905
46,34921
46,34945
46,34972
46,35173
46,35293
46,35528
46,35579
46,35632
46,35659
46,35728
46,35946
46,35957
46,36012
46,36277
46,36309
46,36355
46,36558
46,36608
46,36660
46,36788
46,37035
46,37043
46,37256
46,37389
46,37407
46,37559
46,37614
46,37690
46,37726
46,37782
46,37815
46,37828
46,37870
46,38125
46,38237
46,38292
46,38391
46,38500
46,38544
46,38699
46,38824
46,38969
46,39029
46,39052
46,39100
46,39334
46,39564
46,39665
46,39766
46,39837
46,40180
46,40212
46,40486
46,40530
46,40597
46,40597
46,40623
46,40674
46,41240
46,41341
46,41495
46,41543
46,41615
46,41649
46,41764
46,41867
46,41934
46,42037
46,42094
46,42105
46,42179
46,42234
46,42298
46,42385
46,42571
46,42586
46,42712
46,42719
46,42756
46,42904
46,42939
46,42975
46,42975
46,43019
46,43136
46,43140
46,43167
46,43253
46,43276
46,43292
46,43321
46,43424
46,43607
46,43655
46,43819
46,43866
46,43888
46,44054
46,44100
46,44138
46,44166
46,44180
46,44196
46,44207
46,44292
46,44306
46,44333
46,44346
46,44437
46,44489
46,44569
46,44657
46,44768
46,44773
46,44813
46,44864
46,45025
46,45114
46,45344
46,45542
46,45681
46,45823
46,45953
46,45963
46,46102
46,46122
46,46193
46,46254
46,46314
46,46356
46,46387
46,46588
46,46659
46,46718
46,46734
46,47095
46,47404
46,47568
46,47648
46,47865
46,47989
46,48005
46,48088
46,48244
46,48262
46,48265
46,48286
46,48360
46,48392
46,48418
46,48801
46,48862
46,49119
46,49323
46,49350
46,49425
46,49477
46,49645
46,49682
46,49692
46,49712
46,49829
46,49899
46,49921
46,49996
46,50128
46,50216
46,50226
46,50412
46,50693
46,50926
46,50966
46,51022
46,51096
46,51108
46,51241
46,51262
46,51391
46,51493
46,51700
46,51752
46,51830
46,51861
46,52134
46,52319
46,52606
46,52628
46,52769
46,53245
46,53454
46,53538
46,53654
46,53907
46,54003
46,54028
46,54041
46,54049
46,54272
46,54403
46,54471
46,54511
46,54558
46,55247
47,32400
47,31708
47,31732
47,32138
47,32460
47,32581
47,32592
47,32696
47,32744
47,32746
47,32948
47,33203
47,33251
47,33308
47,33395
47,33518
47,33598
47,33702
47,33848
47,33993
47,34076
47,34110
47,34403
47,34486
47,34488
47,34801
47,34871
47,34879
47,35082
47,35208
47,35210
47,35233
47,35356
47,35388
47,35405
47,35427
47,35482
47,35494
47,35519
47,35591
47,35922
47,35927
47,36007
47,36009
47,36020
47,36037
47,36049
47,36359
47,36418
47,36527
47,36625
47,36663
47,36802
47,36820
47,36849
47,37077
47,37215
47,37720
47,37736
47,37755
47,37949
47,37952
47,38328
47,38412
47,38565
47,38709
47,38856
47,39067
47,39111
47,39325
47,39381
47,39654
47,39757
47,39825
47,39892
47,40230
47,40553
47,40647
47,40730
47,40760
47,40828
47,40838
47,41064
47,41289
47,41778
47,41798
47,41972
47,41972
47,42078
47,42078
47,42278
47,42460
47,42640
47,42815
47,43246
47,43267
47,43314
47,43684
47,43913
47,43953
47,44235
47,44277
47,44432
47,44463
47,44495
47,44720
47,44725
47,44730
47,44829
47,44836
47,44897
47,44919
47,45049
47,45053
47,45192
47,45259
47,45479
47,45692
47,45693
47,45729
47,45822
47,45897
47,46153
47,46160
47,46186
47,46187
47,46272
47,46333
47,46442
47,46514
47,46683
47,47017
47,47132
47,47338
47,47491
47,47537
47,47669
47,47700
47,47713
47,47721
47,47766
47,47835
47,47910
47,47974
47,48027
47,48210
47,48250
47,48431
47,48454
47,48638
47,48785
47,48895
47,49077
47,49671
47,49763
47,50041
47,50090
47,50168
47,50260
47,50404
47,50429
47,50447
47,50466
47,50708
47,50818
47,50930
47,50987
47,51120
47,51217
47,51252
47,51490
47,51624
47,51815
47,51914
47,52041
47,52067
47,52121
47,52218
47,52261
47,52284
47,52444
47,52461
47,52651
47,52670
47,52743
47,52864
47,52998
47,53097
47,53114
47,53121
47,53123
47,53179
47,53224
47,53251
47,53253
47,53290
47,53450
47,53601
47,53640
47,53744
47,53954
47,53960
47,54057
47,54126
47,54159
47,54253
47,54285
47,54298
47,54604
47,54887
47,55179
48,32400
48,31523
48,31677
48,31684
48,31695
48,31735
48,31799
48,32000
48,32033
48,32125
48,32218
48,32286
48,32458
48,32476
48,32766
48,32892
48,32965
48,33272
48,33575
48,33821
48,33861
48,34150
48,34156
48,34166
48,34265
48,34269
48,34282
48,35429
48,35595
48,35804
48,35915
48,36047
48,36147
48,36150
48,36283
48,36424
48,36446
48,36817
48,37146
48,37209
48,37375
48,37389
48,37452
48,37589
48,37729
48,37748
48,37880
48,38102
48,38272
48,38275
48,38390
48,38560
48,38566
48,38581
48,38583
48,38826
48,39004
48,39015
48,39039
48,39209
48,39349
48,39479
48,39527
48,39566
48,39791
48,39940
48,39945
48,40026
48,40069
48,40070
48,40108
48,40134
48,40488
48,40492
48,40548
48,41110
48,41476
48,41580
48,41748
48,41873
48,41994
48,42021
48,42233
48,42613
48,42695
48,42872
48,42967
48,43300
48,43461
48,43532
48,43690
48,43820
48,43883
48,43939
48,44091
48,44106
48,44112
48,44387
48,44430
48,44559
48,44818
48,45021
48,45083
48,45158
48,45203
48,45302
48,45355
48,45619
48,45853
48,46020
48,46043
48,46050
48,46060
48,46136
48,46158
48,46335
48,46485
48,46822
48,46916
48,46958
48,47159
48,47529
48,47622
48,47631
48,47891
48,47956
48,48198
48,48235
48,48364
48,48474
48,48643
48,48648
48,48757
48,48764
48,48766
48,48766
48,48958
48,49049
48,49067
48,49144
48,49223
48,49467
48,49576
48,49579
48,49579
48,49700
48,49753
48,49899
48,49965
48,50080
48,50176
48,50227
48,50441
48,50723
48,50739
48,50935
48,50958
48,51018
48,51037
48,51091
48,51162
48,51322
48,51455
48,51456
48,51545
48,51662
48,51772
48,51932
48,52048
48,52115
48,52197
48,52211
48,52278
48,52282
48,52336
48,52378
48,52439
48,52524
48,52547
48,52632
48,52762
48,52873
48,52938
48,53203
48,53399
48,53435
48,53531
48,53718
48,54028
48,54240
48,54324
48,54396
48,54630
48,54777
48,54780
49,32400
49,31751
49,31834
49,31874
49,31984
49,32060
49,32068
49,32118
49,32254
49,32292
49,32389
49,32412
49,32835
49,32895
49,33018
49,33149
49,33204
49,33312
49,33337
49,33372
49,33525
49,33661
49,33761
49,33927
49,33984
49,34032
49,34064
49,34243
49,34313
49,34355
49,34398
49,34532
49,34665
49,34686
49,34767
49,34865
49,34895
49,35152
49,35191
49,35342
49,35350
49,35366
49,35655
49,35678
49,35698
49,35923
49,36109
49,36123
49,36227
49,36473
49,36501
49,36663
49,36847
49,37251
49,37356
49,37417
49,37638
49,37741
49,37774
49,37910
49,37990
49,38093
49,38265
49,38346
49,38495
49,38656
49,38805
49,39508
49,39615
49,39983
49,40053
49,40287
49,40389
49,40478
49,40545
49,40563
49,40609
49,40799
49,40908
49,41021
49,41062
49,41091
49,41147
49,41283
49,41363
49,41378
49,41484
49,41539
49,41728
49,41794
49,41939
49,42070
49,42131
49,42142
49,42239
49,42270
49,42350
49,42419
49,42514
49,42541
49,42600
49,42644
49,43031
49,43034
49,43092
49,43152
49,43388
49,43391
49,43548
49,43570
49,43610
49,43651
49,43680
49,43814
49,43894
49,44043
49,44106
49,44144
49,44176
49,44227
49,44240
49,44250
49,44267
49,44324
49,44379
49,44531
49,44566
49,44605
49,44788
49,44901
49,44937
49,45068
49,45189
49,45520
49,45535
49,45553
49,45576
49,45681
49,45835
49,45849
49,45865
49,45917
49,46011
49,46019
49,46151
49,46529
49,46560
49,46593
49,46644
49,46722
49,46737
49,47045
49,47215
49,47227
49,47337
49,47520
49,47522
49,47544
49,47624
49,47650
49,47680
49,47872
49,47956
49,48226
49,48349
49,48621
49,48850
49,49002
49,49030
49,49062
49,49078
49,49093
49,49665
49,49881
49,50034
49,50196
49,50502
49,50643
49,50648
49,50692
49,50848
49,51032
49,51054
49,51153
49,51158
49,51356
49,51464
49,51634
49,51949
49,51992
49,52119
49,52172
49,52397
49,52500
49,52576
49,52631
49,52646
49,52732
49,52917
49,53042
49,53254
49,53345
49,53445
49,53454
49,53463
49,53622
49,53655
49,53703
49,53920
49,54153
49,54249
49,54279
49,54356
49,54419
49,55210
49,55217
50,32400
50,31513
50,31595
50,31615
50,31889
50,31942
50,32251
50,32324
50,32333
50,32372
50,32402
50,32548
50,32730
50,32812
50,32959
50,32995
50,33009
50,33111
50,33198
50,33214
50,33235
50,33245
50,33390
50,33484
50,33826
50,33985
50,34138
50,34460
50,34615
50,34654
50,34874
50,34886
50,35115
50,35178
50,35205
50,35497
50,35701
50,35707
50,35750
50,35791
50,35834
50,36142
50,36163
50,36179
50,36367
50,36388
50,36392
50,36604
50,36746
50,36749
50,36771
50,36776
50,36779
50,37026
50,37092
50,37242
50,37263
50,37362
50,37427
50,37584
50,37610
50,37622
50,37656
50,38053
50,38094
50,38232
50,38442
50,38525
50,38741
50,38839
50,38985
50,39140
50,39147
50,39164
50,39229
50,39309
50,39319
50,39413
50,39585
50,39628
50,39764
50,40144
50,40303
50,40365
50,40407
50,40496
50,40568
50,40747
50,40790
50,40993
50,41020
50,41256
50,41341
50,41404
50,41476
50,41539
50,41803
50,41822
50,41862
50,41921
50,42020
50,42040
50,42069
50,42084
50,42560
50,42633
50,42676
50,42817
50,43045
50,43126
50,43407
50,43534
50,43597
50,43813
50,44062
50,44080
50,44145
50,44399
50,44610
50,44624
50,44788
50,44999
50,45358
50,45371
50,45640
50,45651
50,45843
50,45908
50,46191
50,46386
50,46772
50,46774
50,46778
50,47319
50,47439
50,47443
50,47560
50,47739
50,47756
50,47851
50,47876
50,47965
50,48044
50,48108
50,48188
50,48201
50,48478
50,48499
50,48530
50,48757
50,48925
50,49135
50,49400
50,49705
50,49716
50,49864
50,49996
50,50044
50,50072
50,50165
50,50351
50,50667
50,50765
50,50834
50,51530
50,51566
50,51789
50,51850
50,51914
50,52018
50,52045
50,52068
50,52191
50,52522
50,52777
50,52788
50,52849
50,52893
50,52936
50,52955
50,53992
50,54135
50,54154
50,54157
50,54245
50,54275
50,54315
50,54337
50,54371
50,54565
50,54930
50,55135
51,32400
51,31636
51,31675
51,31688
51,31750
51,31979
51,32086
51,32428
51,32432
51,32835
51,33108
51,33111
51,33359
51,33407
51,33446
51,33476
51,33565
51,33835
51,33955
51,33997
51,33999
51,34073
51,34293
51,34339
51,34342
51,34656
51,34659
51,34821
51,34854
51,34936
51,35027
51,35095
51,35162
51,35270
51,35276
51,35311
51,35566
51,35743
51,35786
51,35843
51,36106
51,36181
51,36214
51,36383
51,36518
51,36678
51,36900
51,37073
51,37103
51,37107
51,37201
51,37289
51,37334
51,37417
51,37468
51,37690
51,37805
51,37865
51,38065
51,38100
51,38526
51,38541
51,38596
51,38796
51,38958
51,39073
51,39115
51,39154
51,39201
51,39254
51,39291
51,39337
51,39421
51,39516
51,39736
51,39808
51,39893
51,40096
51,40155
51,40167
51,40343
51,40404
51,40411
51,40434
51,40470
51,40952
51,40970
51,41125
51,41389
51,41457
51,41465
51,41481
51,41489
51,41509
51,41587
51,41785
51,41843
51,41873
51,42275
51,42395
51,42657
51,42714
51,42731
51,42773
51,42937
51,43192
51,43422
51,43652
51,43668
51,43805
51,43995
51,44024
51,44047
51,44100
51,44320
51,44341
51,44462
51,44508
51,44561
51,44588
51,45060
51,45072
51,45151
51,45207
51,45821
51,45912
51,46050
51,46090
51,46144
51,46279
51,46336
51,46443
51,46555
51,46583
51,46631
51,46643
51,46839
51,46886
51,46973
51,46977
51,47036
51,47296
51,47297
51,47307
51,47374
51,47391
51,47398
51,47481
51,47504
51,47548
51,47570
51,47720
51,48006
51,48140
51,48429
51,48582
51,48588
51,48663
51,48693
51,49502
51,49581
51,49783
51,49813
51,49920
51,50023
51,50139
51,50308
51,50432
51,50446
51,50570
51,50600
51,50615
51,50720
51,51113
51,51158
51,51318
51,51415
51,51734
51,52052
51,52209
51,52551
51,52590
51,52782
51,52856
51,52876
51,52984
51,53140
51,53490
51,53558
51,53658
51,54053
51,54160
51,54264
51,54621
51,55121
51,55243
52,32400
52,31621
52,31678
52,32009
52,32014
52,32085
52,32187
52,32200
52,32216
52,32319
52,32363
52,32385
52,32487
52,32545
52,32649
52,32780
52,33001
52,33102
52,33250
52,33296
52,33297
52,33371
52,33576
52,33617
52,33926
52,34055
52,34158
52,34189
52,34196
52,34246
52,34398
52,34537
52,34611
52,34791
52,34845
52,34974
52,35055
52,35137
52,35237
52,35283
52,35303
52,35341
52,35503
52,35511
52,35828
52,35952
52,36064
52,36082
52,36108
52,36382
52,36539
52,36543
52,36964
52,36978
52,36985
52,37004
52,37082
52,37141
52,37436
52,37466
52,37573
52,37998
52,38007
52,38083
52,38312
52,38717
52,39023
52,39050
52,39188
52,39192
52,39300
52,39556
52,39784
52,39800
52,40042
52,40137
52,40441
52,40512
52,40750
52,40773
52,40817
52,40900
52,40968
52,41015
52,41228
52,41280
52,41385
52,41568
52,41609
52,41724
52,41794
52,41953
52,42223
52,42266
52,42338
52,42431
52,42469
52,42547
52,42727
52,42825
52,43184
52,43470
52,43493
52,43493
52,43576
52,43628
52,43789
52,43798
52,43818
52,43925
52,43977
52,44070
52,44111
52,44118
52,44172
52,44270
52,44277
52,44431
52,44982
52,45175
52,45653
52,45710
52,45930
52,45941
52,45967
52,46076
52,46150
52,46198
52,46297
52,46383
52,46456
52,46619
52,46679
52,47040
52,47118
52,47314
52,47453
52,47480
52,47619
52,47669
52,47744
52,47776
52,47829
52,48206
52,48385
52,48499
52,48509
52,48552
52,48615
52,48700
52,48859
52,48897
52,49003
52,49106
52,49408
52,49526
52,49636
52,49752
52,49755
52,49759
52,49798
52,49973
52,50049
52,50132
52,50257
52,50322
52,50510
52,50522
52,50549
52,50677
52,50764
52,50809
52,50988
52,51038
52,51168
52,51266
52,51274
52,51474
52,51561
52,51685
52,51793
52,51919
52,51923
52,51954
52,52121
52,52215
52,52239
52,52278
52,52321
52,52371
52,52416
52,52492
52,52693
52,52952
52,53048
52,53166
52,53313
52,53398
52,53499
52,53659
52,53750
52,53767
52,53854
52,53902
52,53911
52,54007
52,54058
52,54284
52,54363
52,55043
53,32400
53,31620
53,31873
53,31909
53,31912
53,32101
53,32207
53,32281
53,32290
53,32478
53,32585
53,32616
53,32788
53,32827
53,32952
53,33040
53,33082
53,33136
53,33198
53,33231
53,33311
53,33435
53,33602
53,33831
53,33848
53,34241
53,34589
53,34786
53,34799
53,34835
53,35143
53,35278
53,35298
53,35434
53,35723
53,35725
53,35808
53,35887
53,35994
53,36004
53,36040
53,36243
53,36359
53,36629
53,36648
53,36829
53,36840
53,36930
53,36990
53,37074
53,37235
53,37359
53,37548
53,37728
53,37852
53,37911
53,38010
53,38214
53,38342
53,38368
53,38630
53,38659
53,38683
53,38783
53,38878
53,38986
53,39013
53,39220
53,39248
53,39359
53,39490
53,39523
53,39542
53,39662
53,39739
53,39783
53,39787
53,39912
53,39965
53,40157
53,40224
53,40232
53,40270
53,40533
53,40581
53,40612
53,40661
53,40711
53,40744
53,41051
53,41106
53,41376
53,41502
53,41577
53,41634
53,42096
53,42248
53,42252
53,42381
53,42562
53,42716
53,42815
53,42940
53,43225
53,43552
53,43562
53,43568
53,43569
53,43877
53,44005
53,44206
53,44465
53,44552
53,44562
53,44564
53,44591
53,44907
53,44987
53,45030
53,45182
53,45524
53,45566
53,45601
53,45647
53,45681
53,45840
53,45898
53,45958
53,46073
53,46150
53,46424
53,46446
53,46534
53,46761
53,46887
53,47141
53,47215
53,47275
53,47405
53,47474
53,47588
53,47592
53,47697
53,47860
53,48187
53,48402
53,48627
53,48980
53,49120
53,49227
53,49422
53,49463
53,49521
53,49618
53,49720
53,49905
53,49930
53,49984
53,50001
53,50003
53,50241
53,50298
53,50690
53,50830
53,50886
53,50907
53,50913
53,50934
53,51059
53,51359
53,51428
53,51438
53,51573
53,51703
53,51773
53,51990
53,52077
53,52089
53,52125
53,52126
53,52351
53,52402
53,52441
53,52546
53,53122
53,53124
53,53345
53,53568
53,53610
53,53679
53,53746
53,53969
53,54076
53,54135
53,54255
53,54260
53,54403
53,54596
53,54795
54,32400
54,31583
54,31672
54,31811
54,32160
54,32239
54,32415
54,32457
54,32504
54,32761
54,32777
54,32855
54,32880
54,33165
54,33211
54,33250
54,33267
54,33401
54,33479
54,33502
54,33549
54,33557
54,33618
54,33652
54,33738
54,33849
54,33977
54,34131
54,34295
54,34315
54,34368
54,34492
54,34533
54,34573
54,34658
54,34753
54,34762
54,34794
54,34832
54,34905
54,35002
54,35241
54,35426
54,35479
54,35510
54,35698
54,35841
54,35919
54,35937
54,36138
54,36359
54,36574
54,36851
54,36911
54,36919
54,37022
54,37029
54,37293
54,37338
54,37415
54,37465
54,37593
54,37697
54,37876
54,37889
54,38051
54,38075
54,38106
54,38155
54,38266
54,38278
54,38303
54,38925
54,39255
54,39276
54,39528
54,39773
54,39965
54,40029
54,40077
54,40210
54,40381
54,40401
54,40640
54,40682
54,40792
54,40866
54,40880
54,40938
54,40993
54,41225
54,41274
54,41452
54,41643
54,41648
54,41700
54,41806
54,41915
54,41967
54,41968
54,42022
54,42310
54,42368
54,42408
54,42509
54,42594
54,42709
54,42786
54,43045
54,43361
54,43517
54,43559
54,43813
54,44081
54,44086
54,44216
54,44302
54,44355
54,44357
54,44385
54,44427
54,44471
54,44502
54,44583
54,44589
54,44895
54,45195
54,45868
54,45972
54,45987
54,46259
54,46309
54,46379
54,46381
54,46559
54,46587
54,46821
54,46838
54,47046
54,47182
54,47356
54,47766
54,47975
54,48129
54,48184
54,48284
54,48292
54,48391
54,48431
54,48458
54,48478
54,48553
54,48602
54,48712
54,48892
54,48895
54,48964
54,49058
54,49071
54,49633
54,49680
54,49754
54,49771
54,50189
54,50189
54,50370
54,50468
54,50477
54,50561
54,50578
54,50625
54,50863
54,50873
54,51065
54,51091
54,51126
54,51147
54,51348
54,51368
54,51609
54,51714
54,51839
54,51960
54,52532
54,52810
54,52913
54,53140
54,53317
54,53351
54,53371
54,53500
54,53587
54,53737
54,53863
54,53956
54,54089
54,54242
54,54607
55,32400
55,31549
55,31641
55,31701
55,31829
55,31939
55,32115
55,32340
55,32622
55,32650
55,32723
55,32849
55,32949
55,33202
55,33290
55,33308
55,33431
55,33542
55,33606
55,33618
55,33736
55,33830
55,33839
55,34080
55,34117
55,34170
55,34550
55,34603
55,34718
55,34773
55,34974
55,35288
55,35336
55,35515
55,35562
55,35584
55,35601
55,35609
55,35631
55,35654
55,35724
55,35732
55,35836
55,35864
55,35876
55,36043
55,36185
55,36476
55,36568
55,36628
55,36750
55,36780
55,36815
55,36928
55,36956
55,37019
55,37234
55,37280
55,37669
55,37911
55,37931
55,37971
55,38262
55,38350
55,38360
55,38369
55,38452
55,38460
55,38679
55,38699
55,39118
55,39260
55,39499
55,39620
55,39711
55,39745
55,39837
55,39930
55,39942
55,40232
55,40485
55,40695
55,40852
55,41051
55,41201
55,41325
55,41348
55,41859
55,41859
55,41946
55,42247
55,42290
55,42346
55,42396
55,42410
55,42485
55,42551
55,42718
55,42772
55,43015
55,43257
55,43453
55,43585
55,43606
55,43635
55,43696
55,43731
55,43880
55,43933
55,44064
55,44601
55,44759
55,45147
55,45252
55,45537
55,45567
55,45670
55,45768
55,45847
55,45907
55,46040
55,46100
55,46119
55,46159
55,46610
55,46616
55,46673
55,46869
55,46887
55,46928
55,46936
55,47043
55,47084
55,47374
55,47378
55,47524
55,47599
55,47642
55,47794
55,48041
55,48115
55,48210
55,48363
55,48395
55,48425
55,48467
55,48507
55,48598
55,48644
55,49367
55,49394
55,49481
55,49807
55,49819
55,49999
55,50197
55,50711
55,51005
55,51017
55,51131
55,51245
55,51336
55,51614
55,51741
55,51975
55,52148
55,52167
55,52177
55,52298
55,52394
55,52444
55,52523
55,52609
55,52665
55,52974
55,52984
55,53146
55,53157
55,53281
55,53381
55,53386
55,53467
55,53546
55,53886
55,53952
55,54030
55,54086
55,54116
55,54191
55,54197
55,54373
55,55114
55,55232
56,32400
56,31607
56,31662
56,32102
56,32175
56,32201
56,32218
56,32307
56,32328
56,32331
56,32341
56,32427
56,32633
56,32669
56,32671
56,32754
56,33061
56,33477
56,33537
56,33658
56,33709
56,33807
56,34057
56,34561
56,34588
56,34772
56,35045
56,35115
56,35131
56,35203
56,35392
56,35481
56,35984
56,36482
56,36576
56,36764
56,36827
56,37019
56,37175
56,37442
56,37620
56,37737
56,38085
56,38181
56,38355
56,38552
56,38585
56,38702
56,38713
56,38776
56,38800
56,39352
56,39468
56,39578
56,39584
56,39742
56,39828
56,39914
56,40051
56,40130
56,40163
56,40204
56,40225
56,40418
56,40472
56,40533
56,40562
56,40573
56,40609
56,40662
56,40786
56,40808
56,41007
56,41019
56,41144
56,41251
56,41372
56,41474
56,41520
56,41738
56,41837
56,42023
56,42060
56,42084
56,42118
56,42141
56,42296
56,42378
56,42579
56,42583
56,42625
56,42747
56,42760
56,42783
56,42793
56,43001
56,43068
56,43085
56,43105
56,43171
56,43229
56,43300
56,43467
56,43652
56,43713
56,43729
56,43768
56,43801
56,43971
56,44283
56,44315
56,44614
56,44668
56,44714
56,44851
56,44887
56,44953
56,45006
56,45105
56,45219
56,45433
56,45923
56,46002
56,46080
56,46237
56,46292
56,46462
56,46488
56,46735
56,46798
56,46824
56,46850
56,46857
56,47175
56,47185
56,47212
56,47243
56,47578
56,47655
56,47919
56,48138
56,48288
56,48330
56,48352
56,48497
56,48515
56,48632
56,48650
56,48719
56,48740
56,48818
56,48866
56,48937
56,49010
56,49053
56,49062
56,49194
56,49303
56,49397
56,50032
56,50085
56,50380
56,50409
56,50536
56,50645
56,50684
56,50696
56,50702
56,50712
56,50721
56,50969
56,51386
56,51477
56,51507
56,51548
56,51548
56,51551
56,51566
56,51690
56,51886
56,51925
56,52004
56,52103
56,52168
56,52191
56,52443
56,52628
56,52640
56,52801
56,52859
56,52865
56,52923
56,53032
56,53204
56,53243
56,53387
56,53459
56,53684
56,53889
56,53898
56,53916
56,54007
56,54140
56,54248
56,55131
56,55237
57,32400
57,31836
57,32080
57,32120
57,32378
57,32410
57,32462
57,32519
57,32620
57,32651
57,32677
57,32680
57,32957
57,32962
57,32966
57,33021
57,33058
57,33151
57,33152
57,33205
57,33277
57,33391
57,33466
57,33636
57,33772
57,33837
57,33890
57,33983
57,34016
57,34053
57,34343
57,34409
57,34424
57,34584
57,34725
57,34746
57,34763
57,34782
57,34784
57,34816
57,35027
57,35192
57,35491
57,35524
57,35681
57,35806
57,35841
57,36048
57,36226
57,36692
57,36864
57,37151
57,37173
57,37339
57,37688
57,37834
57,37869
57,38070
57,38251
57,38326
57,38438
57,38603
57,38605
57,38650
57,38655
57,38682
57,38726
57,38807
57,38860
57,38909
57,39027
57,39309
57,39820
57,40010
57,40058
57,40101
57,40243
57,40617
57,40764
57,41060
57,41072
57,41182
57,41294
57,41384
57,41416
57,41462
57,41494
57,41642
57,41643
57,41659
57,41874
57,42019
57,42027
57,42191
57,42459
57,42506
57,42682
57,42811
57,43227
57,43317
57,43587
57,43698
57,43861
57,43931
57,44116
57,44157
57,44182
57,44288
57,44400
57,44420
57,44549
57,44554
57,44555
57,44888
57,44931
57,44985
57,44997
57,45037
57,45074
57,45303
57,45376
57,45388
57,45499
57,45605
57,45684
57,45791
57,45924
57,45928
57,45937
57,45942
57,45967
57,46072
57,46106
57,46394
57,46395
57,46664
57,46717
57,46747
57,47019
57,47207
57,47226
57,47252
57,47334
57,47380
57,47474
57,47503
57,47901
57,47963
57,48074
57,48125
57,48130
57,48137
57,48151
57,48195
57,48199
57,48474
57,48509
57,48683
57,48809
57,49059
57,49062
57,49227
57,49241
57,49257
57,49352
57,49457
57,49740
57,49757
57,49811
57,49930
57,50030
57,50105
57,50178
57,50282
57,50382
57,50588
57,50622
57,50636
57,50699
57,50751
57,50998
57,51244
57,51528
57,52229
57,52391
57,52517
57,52598
57,52654
57,52689
57,52714
57,52859
57,52865
57,53054
57,53135
57,53277
57,53550
57,53584
57,53730
57,53769
57,53886
57,54011
57,54015
57,54019
57,54246
57,54257
57,54260
57,54283
57,54493
57,54730
57,54771
57,55037
58,32400
58,31646
58,31723
58,32069
58,32119
58,32197
58,32212
58,32366
58,32422
58,32491
58,32492
58,32652
58,32694
58,32787
58,33288
58,33350
58,33364
58,33384
58,33421
58,33433
58,33488
58,33505
58,33544
58,33570
58,33755
58,33792
58,33904
58,34060
58,34110
58,34242
58,34409
58,34411
58,34532
58,34536
58,34597
58,34911
58,34921
58,34953
58,35206
58,35460
58,35515
58,35541
58,35548
58,35555
58,35605
58,35612
58,35736
58,35824
58,35949
58,36185
58,36205
58,36283
58,36522
58,36527
58,36562
58,36582
58,36836
58,36975
58,37023
58,37176
58,37368
58,37380
58,37419
58,37464
58,37588
58,37678
58,37711
58,37726
58,37931
58,37955
58,37987
58,38005
58,38079
58,38085
58,38324
58,38440
58,38632
58,38666
58,38704
58,38755
58,38782
58,38884
58,38903
58,38952
58,38955
58,39081
58,39096
58,39120
58,39151
58,39288
58,39421
58,39437
58,39660
58,39677
58,39760
58,39887
58,40326
58,40427
58,40565
58,40731
58,40742
58,40774
58,40776
58,40956
58,41019
58,41113
58,41235
58,41299
58,41578
58,41736
58,41920
58,41953
58,42060
58,42156
58,42307
58,42832
58,42866
58,42874
58,42897
58,42903
58,42939
58,42979
58,42986
58,43814
58,44003
58,44128
58,44263
58,44398
58,44626
58,45013
58,45048
58,45142
58,45169
58,45174
58,45374
58,45529
58,45591
58,45747
58,45800
58,45824
58,45858
58,45915
58,45993
58,46286
58,46410
58,46412
58,46438
58,46464
58,46496
58,46815
58,46818
58,46866
58,46904
58,46970
58,47019
58,47108
58,47222
58,47508
58,47604
58,47662
58,47729
58,48109
58,48252
58,48288
58,48379
58,48644
58,48650
58,48715
58,48750
58,48859
58,49244
58,49548
58,49586
58,49955
58,50000
58,50081
58,50180
58,50235
58,50243
58,50392
58,50435
58,50525
58,50603
58,50664
58,50666
58,50789
58,51148
58,51519
58,51525
58,51620
58,51689
58,52119
58,52134
58,52136
58,52170
58,52175
58,52215
58,52309
58,52437
58,52579
58,52866
58,52945
58,53130
58,53156
58,53174
58,53187
58,53373
58,53417
58,53544
58,53547
58,53710
58,53827
58,53833
59,32400
59,31567
59,31666
59,31778
59,31779
59,31785
59,31924
59,32120
59,32300
59,32371
59,32455
59,32458
59,32505
59,32565
59,32580
59,32668
59,32671
59,32681
59,32723
59,33037
59,33151
59,33169
59,33547
59,33573
59,33583
59,33755
59,33806
59,34196
59,34608
59,34643
59,34759
59,34892
59,34902
59,34961
59,35129
59,35235
59,35379
59,35387
59,35426
59,35570
59,35682
59,35688
59,35699
59,35712
59,35897
59,35939
59,36069
59,36164
59,36254
59,36367
59,36429
59,36442
59,36525
59,36571
59,36778
59,36884
59,37245
59,37251
59,37286
59,37470
59,37491
59,37849
59,38056
59,38182
59,38303
59,38441
59,38515
59,38520
59,38525
59,39033
59,39105
59,39121
59,39163
59,39184
59,39240
59,39347
59,39510
59,39669
59,39735
59,39757
59,39975
59,39986
59,40035
59,40067
59,40105
59,40196
59,40424
59,40439
59,40963
59,41244
59,41269
59,41620
59,41804
59,42265
59,42335
59,42470
59,42575
59,43279
59,43602
59,43656
59,43880
59,44102
59,44248
59,44299
59,44528
59,44538
59,44686
59,44712
59,44727
59,44751
59,44765
59,44920
59,45105
59,45121
59,45193
59,45361
59,45405
59,45487
59,45533
59,45577
59,45703
59,45748
59,46181
59,46284
59,46329
59,46418
59,46471
59,46994
59,47020
59,47116
59,47311
59,47346
59,47359
59,47364
59,47374
59,47427
59,47582
59,47631
59,47660
59,47752
59,47987
59,48379
59,48573
59,48584
59,48654
59,48701
59,48850
59,48876
59,49121
59,49523
59,49530
59,49562
59,49574
59,49643
59,49874
59,50046
59,50124
59,50239
59,50340
59,50394
59,50650
59,50773
59,50812
59,50862
59,50900
59,51223
59,51631
59,51663
59,51737
59,51845
59,51924
59,51958
59,52130
59,52468
59,52526
59,52646
59,53200
59,53350
59,53555
59,53655
59,53913
59,54023
59,54047
59,54101
59,54178
59,54698
59,54910
59,55008
60,32400
60,31667
60,31823
60,31824
60,31882
60,32294
60,32403
60,32608
60,32672
60,32672
60,32922
60,32972
60,33235
60,33305
60,33443
60,33478
60,33639
60,33716
60,33900
60,33971
60,33976
60,34167
60,34171
60,34237
60,34273
60,34402
60,34418
60,34824
60,35054
60,35117
60,35462
60,35592
60,35622
60,35743
60,35873
60,35888
60,36003
60,36139
60,36184
60,36206
60,36344
60,36451
60,36607
60,36849
60,37231
60,37242
60,37359
60,37581
60,37717
60,38203
60,38222
60,38233
60,38286
60,38412
60,38415
60,38504
60,38513
60,38657
60,38665
60,38728
60,38772
60,38885
60,38892
60,38917
60,38919
60,39130
60,39207
60,39392
60,39615
60,39648
60,39788
60,39932
60,39969
60,40012
60,40081
60,40311
60,40411
60,40434
60,40869
60,41237
60,41314
60,41621
60,41815
60,41860
60,41980
60,42107
60,42115
60,42296
60,42302
60,42595
60,42678
60,42846
60,42980
60,43130
60,43301
60,43442
60,43519
60,43663
60,43877
60,43923
60,44288
60,44308
60,44320
60,44556
60,44654
60,44686
60,44739
60,44760
60,44966
60,45033
60,45149
60,45535
60,45552
60,45591
60,45717
60,45873
60,45958
60,46018
60,46036
60,46093
60,46246
60,46322
60,46446
60,46573
60,46715
60,46831
60,46846
60,47081
60,47168
60,47253
60,47330
60,47370
60,47469
60,47735
60,47997
60,48080
60,48357
60,48500
60,48629
60,49020
60,49087
60,49313
60,49585
60,49620
60,49712
60,49731
60,49814
60,49920
60,50066
60,50146
60,50266
60,50440
60,50561
60,50570
60,50609
60,50615
60,50752
60,50815
60,50828
60,50854
60,51054
60,51083
60,51154
60,51179
60,51185
60,51234
60,51476
60,51522
60,51579
60,51598
60,51633
60,51927
60,52105
60,52179
60,52204
60,52331
60,52346
60,52351
60,52466
60,52685
60,52737
60,52786
60,53051
60,53219
60,53404
60,53405
60,53416
60,53460
60,53568
60,53581
60,53752
60,54282
60,54348
60,54685
60,54836
60,55042
61,32400
61,31558
61,31776
61,31813
61,32074
61,32272
61,32293
61,32294
61,32354
61,32639
61,32719
61,32794
61,32801
61,32827
61,32962
61,33017
61,33093
61,33247
61,33306
61,33487
61,33572
61,33760
61,33776
61,34492
61,34584
61,34588
61,34707
61,34861
61,34869
61,34890
61,34926
61,34983
61,35539
61,35671
61,35811
61,35841
61,36256
61,36425
61,36448
61,36504
61,36607
61,36822
61,36845
61,37005
61,37079
61,37089
61,37225
61,37443
61,37619
61,37638
61,37722
61,37844
61,37849
61,37903
61,38051
61,38087
61,38134
61,38305
61,38310
61,38346
61,38420
61,38525
61,38569
61,38599
61,38840
61,38926
61,38999
61,39369
61,39433
61,39494
61,39539
61,39648
61,39724
61,39846
61,40117
61,40142
61,40450
61,40706
61,40726
61,41119
61,41147
61,41218
61,41453
61,41523
61,41560
61,41567
61,41693
61,41708
61,41757
61,41876
61,42171
61,42267
61,42306
61,42507
61,42536
61,42810
61,42906
61,42931
61,42992
61,43075
61,43223
61,43289
61,43291
61,43345
61,43529
61,43697
61,43766
61,43825
61,43971
61,44132
61,44222
61,44242
61,44258
61,44276
61,44414
61,44520
61,44542
61,44643
61,44703
61,45028
61,45371
61,45473
61,45522
61,45636
61,45741
61,45877
61,45921
61,46029
61,46035
61,46043
61,46105
61,46127
61,46197
61,46240
61,46422
61,46529
61,46774
61,46853
61,46933
61,47129
61,47322
61,47442
61,47478
61,47495
61,47678
61,47798
61,47907
61,47978
61,47992
61,48006
61,48491
61,48496
61,48540
61,48609
61,48817
61,48904
61,49151
61,49284
61,49285
61,49509
61,49790
61,49842
61,49846
61,49860
61,49953
61,50197
61,50489
61,50529
61,50540
61,50676
61,50801
61,50830
61,50839
61,50875
61,50969
61,50974
61,51161
61,51214
61,51370
61,51656
61,51681
61,51705
61,51743
61,51931
61,52301
61,52324
61,52556
61,52923
61,53224
61,53334
61,53345
61,53487
61,53626
61,53643
61,53662
61,53951
61,54014
61,54102
61,54131
61,54335
61,54700
62,32400
62,31508
62,31640
62,31667
62,31763
62,31875
62,32010
62,32090
62,32317
62,32381
62,32386
62,32771
62,33017
62,33166
62,33558
62,33821
62,33865
62,33868
62,33926
62,33976
62,34005
62,34447
62,34824
62,35049
62,35090
62,35245
62,35489
62,35910
62,35919
62,36085
62,36127
62,36139
62,36188
62,36376
62,36398
62,36510
62,36569
62,36643
62,36650
62,36806
62,36897
62,36927
62,36937
62,37131
62,37223
62,37303
62,37484
62,37537
62,37560
62,37588
62,37623
62,37825
62,37938
62,37938
62,37946
62,38041
62,38118
62,38206
62,38250
62,38329
62,38477
62,38527
62,38970
62,39488
62,39514
62,39641
62,39749
62,39785
62,39829
62,39914
62,39955
62,40027
62,40077
62,40094
62,40106
62,40197
62,40397
62,40419
62,40692
62,41005
62,41057
62,41087
62,41106
62,41132
62,41443
62,41489
62,41828
62,42162
62,42406
62,42407
62,42495
62,42615
62,42919
62,43122
62,43205
62,43269
62,43318
62,43399
62,43715
62,43760
62,43802
62,44021
62,44028
62,44093
62,44606
62,44740
62,44857
62,44994
62,45088
62,45428
62,45453
62,45460
62,45569
62,45644
62,45770
62,45853
62,45878
62,45925
62,46146
62,46200
62,46267
62,46340
62,46553
62,46995
62,46997
62,47044
62,47398
62,47589
62,47800
62,47819
62,47861
62,47926
62,47944
62,48274
62,48291
62,48510
62,48552
62,48734
62,48851
62,48891
62,48983
62,49119
62,49250
62,49624
62,49669
62,49811
62,50186
62,50663
62,50692
62,50693
62,50727
62,51430
62,51474
62,51513
62,51557
62,51578
62,51584
62,51642
62,51848
62,51954
62,51994
62,52098
62,52193
62,52268
62,52389
62,52442
62,52532
62,52597
62,52640
62,52701
62,53064
62,53146
62,53363
62,53694
62,53698
62,53775
62,53847
62,53906
62,54076
62,54148
62,54542
62,54724
62,54879
62,54977
63,32400
63,32342
63,32377
63,32486
63,32521
63,32594
63,32723
63,32725
63,32812
63,32820
63,32821
63,32862
63,32932
63,32933
63,32980
63,33130
63,33419
63,33609
63,33660
63,33691
63,33718
63,33772
63,33779
63,34050
63,34558
63,34602
63,34630
63,34773
63,34863
63,35056
63,35087
63,35179
63,35201
63,35457
63,35526
63,35589
63,35699
63,35953
63,36136
63,36630
63,36691
63,36707
63,36729
63,36953
63,37087
63,37090
63,37171
63,37354
63,37425
63,37448
63,37466
63,37504
63,37588
63,37776
63,37903
63,38309
63,38571
63,38676
63,38728
63,38771
63,38960
63,39130
63,39141
63,39256
63,39487
63,39624
63,39642
63,39650
63,39669
63,39977
63,40016
63,40179
63,40180
63,40188
63,40207
63,40375
63,40428
63,40457
63,40597
63,40601
63,40609
63,40740
63,40900
63,40903
63,41025
63,41045
63,41066
63,41122
63,41165
63,41183
63,41204
63,41206
63,41351
63,41565
63,41711
63,41716
63,41830
63,41918
63,41986
63,42009
63,42214
63,42230
63,42619
63,42641
63,42745
63,42973
63,43736
63,44244
63,44257
63,44589
63,44702
63,44727
63,44730
63,44937
63,45021
63,45498
63,45543
63,45746
63,45764
63,46315
63,46477
63,46496
63,46510
63,46992
63,46998
63,47064
63,47157
63,47196
63,47279
63,47407
63,47551
63,47689
63,47899
63,47918
63,48127
63,48229
63,48544
63,48598
63,48754
63,48755
63,48839
63,48994
63,49011
63,49285
63,49376
63,49393
63,49397
63,49582
63,49897
63,50046
63,50081
63,50135
63,50166
63,50242
63,50373
63,50401
63,50431
63,50481
63,50491
63,50706
63,51335
63,51358
63,51493
63,51661
63,51687
63,51731
63,51821
63,52175
63,52213
63,52243
63,52255
63,52315
63,52420
63,52510
63,52723
63,52938
63,52988
63,53133
63,53218
63,53530
63,53775
63,53822
63,54017
63,54023
63,54081
63,54103
63,54239
63,54859
63,54883
63,54939
63,55112
63,55152
64,32400
64,31570
64,31801
64,31831
64,31922
64,32025
64,32060
64,32069
64,32257
64,32262
64,32310
64,32333
64,32467
64,32476
64,32486
64,32592
64,32610
64,32672
64,32973
64,33172
64,33220
64,33331
64,33368
64,33383
64,33825
64,33851
64,33966
64,34038
64,34070
64,34112
64,34326
64,34357
64,34492
64,34517
64,34683
64,34739
64,34992
64,35010
64,35224
64,35257
64,35346
64,35355
64,35393
64,35459
64,35523
64,35552
64,35592
64,35606
64,35626
64,36070
64,36087
64,36192
64,36198
64,36312
64,36533
64,36962
64,37000
64,37266
64,37432
64,37452
64,37603
64,37954
64,37967
64,38032
64,38040
64,38076
64,38142
64,38235
64,38332
64,38377
64,38441
64,38513
64,38630
64,38814
64,39002
64,39006
64,39181
64,39337
64,39387
64,39468
64,40449
64,40521
64,41059
64,41306
64,41426
64,41768
64,41973
64,42092
64,42279
64,42339
64,42398
64,42728
64,42747
64,43116
64,43235
64,43725
64,43785
64,43830
64,44104
64,44171
64,44442
64,44525
64,44528
64,44533
64,44654
64,44708
64,45111
64,45308
64,45519
64,45598
64,45607
64,45686
64,45711
64,45845
64,45946
64,46029
64,46085
64,46385
64,46424
64,46521
64,46580
64,46628
64,46672
64,46689
64,46690
64,46743
64,46805
64,46829
64,46919
64,47014
64,47085
64,47097
64,47122
64,47176
64,47721
64,47901
64,47970
64,47974
64,48609
64,48618
64,48683
64,48785
64,49055
64,49151
64,49227
64,49231
64,49353
64,49932
64,50327
64,50425
64,50437
64,50473
64,50473
64,50530
64,50563
64,50611
64,50662
64,50736
64,50950
64,50958
64,51001
64,51053
64,51160
64,51450
64,51495
64,51618
64,51696
64,51745
64,51881
64,51992
64,52064
64,52088
64,52117
64,52151
64,52162
64,52178
64,52265
64,52275
64,52306
64,52413
64,52864
64,52936
64,53003
64,53088
64,53167
64,53186
64,53235
64,53326
64,53461
64,53642
64,53928
64,54071
64,54160
64,54212
64,54259
64,54295
64,54309
64,54631
65,32400
65,32187
65,32188
65,32239
65,32342
65,32773
65,32913
65,33310
65,33313
65,33472
65,33678
65,33690
65,33691
65,33761
65,34135
65,34196
65,34462
65,34473
65,34775
65,34868
65,34871
65,35076
65,35315
65,35514
65,35647
65,35711
65,35802
65,35915
65,36163
65,36642
65,36861
65,36873
65,36962
65,36980
65,37004
65,37272
65,37334
65,37448
65,37557
65,37710
65,37793
65,37866
65,38199
65,38288
65,38308
65,38392
65,38456
65,38658
65,38772
65,38791
65,38821
65,38968
65,39001
65,39067
65,39121
65,39411
65,39743
65,39853
65,39891
65,39932
65,39963
65,40013
65,40428
65,40470
65,40523
65,40625
65,40670
65,40753
65,41322
65,41337
65,41400
65,41422
65,41488
65,41678
65,41757
65,41815
65,41858
65,42029
65,42060
65,42083
65,42174
65,42790
65,42901
65,43101
65,43147
65,43175
65,43422
65,43868
65,43991
65,44174
65,44242
65,44300
65,44315
65,44375
65,44434
65,44452
65,44550
65,44644
65,44649
65,44676
65,44717
65,44724
65,44905
65,44952
65,44955
65,45010
65,45044
65,45221
65,45330
65,45331
65,45393
65,45500
65,45564
65,45618
65,45643
65,45768
65,45797
65,45937
65,46088
65,46244
65,46352
65,46403
65,46477
65,47060
65,47096
65,47098
65,47113
65,47145
65,47154
65,47321
65,47349
65,47406
65,47541
65,47571
65,47613
65,47680
65,47745
65,47751
65,47932
65,48019
65,48118
65,48351
65,48429
65,48485
65,48534
65,48594
65,48960
65,49263
65,49389
65,49397
65,49426
65,49503
65,49585
65,49625
65,49682
65,49830
65,50275
65,50526
65,50567
65,50702
65,50840
65,50861
65,50960
65,50977
65,50993
65,51040
65,51167
65,51418
65,51480
65,51591
65,51678
65,51767
65,51864
65,51870
65,52009
65,52214
65,52351
65,52398
65,52401
65,52553
65,52585
65,52757
65,52840
65,52966
65,53093
65,53251
65,53265
65,53368
65,53444
65,53602
65,53808
65,54054
65,54097
65,54180
65,54321
65,54339
65,54867
65,55084
66,32400
66,31699
66,31765
66,31874
66,31896
66,31935
66,32106
66,32283
66,32327
66,32471
66,32531
66,32591
66,32634
66,32654
66,32904
66,32951
66,33100
66,33232
66,33239
66,33607
66,33635
66,33735
66,33815
66,33820
66,33951
66,34234
66,34283
66,34374
66,34565
66,34576
66,34602
66,34838
66,34884
66,34993
66,35011
66,35091
66,35429
66,35455
66,35484
66,35556
66,35581
66,35598
66,35603
66,35616
66,35623
66,36068
66,36231
66,36242
66,36370
66,36413
66,36569
66,36766
66,36776
66,36947
66,37205
66,37224
66,37397
66,37578
66,37620
66,37726
66,37826
66,37935
66,38212
66,38259
66,38341
66,38526
66,38580
66,38650
66,38805
66,38867
66,39158
66,39193
66,39215
66,39395
66,40313
66,40405
66,40440
66,40684
66,40925
66,40943
66,41160
66,41161
66,41264
66,41610
66,41732
66,41798
66,41799
66,41835
66,41896
66,41942
66,42167
66,42335
66,42685
66,42761
66,43032
66,43118
66,43239
66,43309
66,43347
66,43597
66,43608
66,43969
66,44242
66,44401
66,44615
66,44682
66,44700
66,44933
66,45132
66,45224
66,45255
66,45708
66,45758
66,45784
66,46137
66,46256
66,46578
66,46609
66,46640
66,46659
66,46884
66,46978
66,47167
66,47195
66,47253
66,47258
66,47389
66,47410
66,47456
66,47505
66,47590
66,47667
66,47745
66,48114
66,48139
66,48227
66,48290
66,48371
66,48418
66,48423
66,48880
66,48907
66,49078
66,49136
66,49208
66,49315
66,49344
66,49386
66,49423
66,49432
66,49498
66,49583
66,49653
66,49728
66,49796
66,49920
66,49931
66,50005
66,50044
66,50131
66,50142
66,50210
66,50227
66,50500
66,50541
66,50620
66,50856
66,50865
66,50935
66,51319
66,51335
66,51545
66,51564
66,51646
66,51905
66,51935
66,52013
66,52204
66,52298
66,52324
66,52380
66,52413
66,52569
66,52623
66,52714
66,52838
66,53047
66,53123
66,53183
66,53265
66,53440
66,53443
66,53459
66,53684
66,53911
66,54031
66,54247
66,54373
66,54944
67,32400
67,31536
67,32120
67,32125
67,32195
67,32255
67,32553
67,32728
67,32729
67,32912
67,32999
67,33022
67,33061
67,33127
67,33192
67,33280
67,33303
67,33305
67,33459
67,34142
67,34351
67,34352
67,34370
67,34441
67,34698
67,34963
67,35166
67,35313
67,35435
67,35563
67,35647
67,35778
67,35850
67,36021
67,36245
67,36260
67,36376
67,36435
67,36498
67,36673
67,36728
67,36781
67,36884
67,36951
67,37073
67,37393
67,37642
67,37730
67,37967
67,37973
67,37976
67,37985
67,38036
67,38298
67,38548
67,38700
67,39405
67,39805
67,40076
67,40328
67,40456
67,40611
67,40757
67,41125
67,41220
67,41401
67,41560
67,41605
67,41673
67,41788
67,41810
67,41860
67,41948
67,42077
67,42251
67,42667
67,42733
67,42835
67,43148
67,43164
67,43192
67,43372
67,43382
67,43466
67,43545
67,43595
67,43714
67,43911
67,43993
67,44128
67,44238
67,44342
67,44376
67,44486
67,44655
67,45144
67,45190
67,45512
67,45664
67,45784
67,45796
67,45828
67,45913
67,46427
67,46739
67,46889
67,46967
67,47416
67,47530
67,47587
67,47588
67,47612
67,47669
67,47818
67,47837
67,47855
67,47929
67,48030
67,48110
67,48190
67,48274
67,48304
67,48343
67,48441
67,48471
67,48634
67,48647
67,48832
67,48847
67,49048
67,49080
67,49161
67,49205
67,49249
67,49335
67,49562
67,49594
67,49629
67,49650
67,49829
67,49845
67,49867
67,49953
67,49978
67,50094
67,50171
67,50272
67,50279
67,50316
67,50359
67,50477
67,50549
67,50618
67,50676
67,50775
67,50875
67,50931
67,51003
67,51225
67,51466
67,51547
67,51624
67,51638
67,51717
67,51850
67,52369
67,52399
67,52400
67,52485
67,52880
67,53179
67,53329
67,53435
67,53445
67,53564
67,53630
67,53707
67,53719
67,53845
67,54224
67,54302
67,54317
67,54649
67,54893
68,32400
68,31639
68,31642
68,31757
68,31812
68,31820
68,31830
68,31973
68,32112
68,32138
68,32146
68,32150
68,32221
68,32234
68,32261
68,32611
68,32782
68,32815
68,32866
68,32888
68,33081
68,33334
68,33704
68,33927
68,33929
68,34198
68,34356
68,34503
68,34551
68,34682
68,34722
68,34817
68,34844
68,35029
68,35242
68,35334
68,35350
68,35381
68,35642
68,35646
68,35663
68,35761
68,35971
68,36105
68,36280
68,36399
68,36726
68,36853
68,36899
68,36929
68,36941
68,36990
68,37034
68,37212
68,37238
68,37344
68,37408
68,37435
68,37453
68,37565
68,37708
68,37742
68,37797
68,37864
68,38006
68,38099
68,38206
68,38275
68,38424
68,38506
68,38680
68,38783
68,39282
68,39309
68,39323
68,39686
68,39699
68,39855
68,39927
68,40120
68,40205
68,40222
68,40412
68,40531
68,40839
68,40876
68,40976
68,40983
68,41600
68,41648
68,41648
68,41759
68,41864
68,42181
68,42182
68,42261
68,42271
68,42303
68,42391
68,42530
68,42535
68,42774
68,42857
68,42989
68,42997
68,43024
68,43219
68,43278
68,43332
68,43377
68,43377
68,43805
68,43850
68,44010
68,44705
68,44716
68,44846
68,44979
68,45043
68,45315
68,45350
68,45514
68,45987
68,46139
68,46350
68,46417
68,46457
68,46489
68,46506
68,46569
68,47091
68,47161
68,47221
68,47303
68,47306
68,47357
68,47421
68,47654
68,47661
68,47666
68,47701
68,47848
68,47988
68,47993
68,48171
68,48222
68,48224
68,48503
68,48898
68,49019
68,49033
68,49142
68,49374
68,49448
68,49555
68,49659
68,49669
68,49718
68,49790
68,49813
68,49818
68,49877
68,49928
68,49941
68,49942
68,49984
68,50004
68,50047
68,50064
68,50105
68,50133
68,50205
68,50341
68,50524
68,50551
68,50779
68,50855
68,50972
68,51149
68,51227
68,51235
68,51485
68,51532
68,51855
68,51908
68,52044
68,52406
68,52461
68,52581
68,52606
68,52678
68,52785
68,52824
68,52874
68,52875
68,53104
68,53215
68,53284
68,53603
68,53616
68,53618
68,53786
68,53831
68,53927
68,54476
68,54515
68,54599
69,32400
69,32017
69,32196
69,32483
69,32572
69,32600
69,33222
69,33389
69,33403
69,33481
69,33642
69,33730
69,33809
69,33915
69,34200
69,34495
69,34627
69,35199
69,35468
69,35510
69,35598
69,35801
69,35824
69,35851
69,35924
69,35996
69,36227
69,36458
69,36476
69,36519
69,36783
69,36898
69,36986
69,36990
69,37320
69,37432
69,37542
69,38226
69,38277
69,38279
69,38284
69,38416
69,38987
69,39033
69,39216
69,39220
69,39223
69,39231
69,39493
69,39559
69,39616
69,39832
69,39881
69,40053
69,40231
69,40330
69,40655
69,40756
69,40768
69,40807
69,41022
69,41126
69,41126
69,41208
69,41294
69,41409
69,41442
69,41523
69,41619
69,41831
69,41891
69,41938
69,42260
69,42421
69,42723
69,42743
69,42763
69,42919
69,43016
69,43040
69,43050
69,43112
69,43329
69,43383
69,43413
69,43608
69,43750
69,43777
69,44020
69,44086
69,44195
69,44275
69,44436
69,44452
69,44482
69,44499
69,44593
69,44711
69,44844
69,44931
69,44970
69,45000
69,45279
69,45366
69,45520
69,45598
69,45755
69,45902
69,46088
69,46209
69,46215
69,46242
69,46433
69,46529
69,46700
69,46788
69,46817
69,46841
69,46875
69,47109
69,47227
69,47326
69,47482
69,47525
69,47610
69,47610
69,47760
69,47877
69,47893
69,47903
69,47969
69,48016
69,48087
69,48175
69,48185
69,48332
69,48344
69,48392
69,48591
69,48728
69,48757
69,48817
69,49194
69,49218
69,49218
69,49222
69,49312
69,49352
69,49352
69,49377
69,49416
69,49447
69,49478
69,49560
69,49603
69,49673
69,50000
69,50035
69,50172
69,50333
69,50510
69,50663
69,50817
69,50910
69,50928
69,51202
69,51228
69,51286
69,51534
69,51664
69,51913
69,51977
69,52204
69,52321
69,52429
69,52647
69,52888
69,53104
69,53556
69,53739
69,54054
69,54358
69,54546
69,54584
69,55004
70,32400
70,31539
70,31872
70,31946
70,31960
70,32040
70,32065
70,32071
70,32114
70,32140
70,32319
70,32348
70,32353
70,32413
70,32518
70,32807
70,32926
70,32931
70,33148
70,33215
70,33560
70,33581
70,33584
70,33699
70,33846
70,33904
70,34145
70,34185
70,34278
70,34283
70,34471
70,34532
70,34659
70,34732
70,34756
70,34870
70,34941
70,34963
70,35024
70,35199
70,35481
70,35803
70,35833
70,35952
70,35963
70,35974
70,36078
70,36250
70,36285
70,36326
70,36477
70,36540
70,36673
70,36695
70,36818
70,36866
70,36915
70,36999
70,37008
70,37011
70,37114
70,37333
70,37342
70,37532
70,37585
70,37614
70,37630
70,37745
70,37765
70,37814
70,37890
70,38007
70,38032
70,38071
70,38180
70,38385
70,38417
70,38438
70,38455
70,38676
70,38891
70,38986
70,39011
70,39035
70,39068
70,39339
70,39436
70,39470
70,39481
70,39668
70,40068
70,40133
70,40183
70,40231
70,40310
70,40843
70,40847
70,40867
70,40981
70,40987
70,40990
70,41057
70,41085
70,41174
70,41314
70,41332
70,41396
70,41416
70,41436
70,41484
70,41627
70,41729
70,41974
70,42037
70,42187
70,42311
70,42436
70,42799
70,43020
70,43053
70,43259
70,43534
70,44130
70,44225
70,44305
70,44382
70,44529
70,44570
70,44590
70,44594
70,44674
70,44731
70,44772
70,44783
70,44801
70,44907
70,45149
70,45230
70,45482
70,45499
70,45749
70,45791
70,45863
70,45905
70,45978
70,46023
70,46026
70,46070
70,46235
70,46500
70,46790
70,46829
70,46866
70,46964
70,47349
70,47563
70,48173
70,48187
70,48254
70,48359
70,48378
70,48404
70,48452
70,48569
70,48601
70,48664
70,48746
70,49381
70,49555
70,49573
70,49583
70,49628
70,49711
70,49794
70,49804
70,49845
70,50165
70,50182
70,50202
70,50257
70,50370
70,50462
70,50464
70,50516
70,50734
70,50784
70,50795
70,50982
70,51020
70,51357
70,51573
70,51813
70,51815
70,51950
70,51962
70,52058
70,52407
70,52503
70,52506
70,52553
70,52658
70,53197
70,53516
70,53587
70,53857
70,53940
70,53956
70,53961
70,54213
70,54262
70,54512
70,54649
70,54750
71,32400
71,31545
71,31601
71,31629
71,31671
71,31687
71,31720
71,31721
71,31735
71,31746
71,31832
71,31840
71,32087
71,32088
71,32151
71,32167
71,32177
71,32208
71,32239
71,32267
71,32387
71,32598
71,32747
71,32841
71,33017
71,33030
71,33093
71,33205
71,33208
71,33245
71,33405
71,33457
71,33470
71,33504
71,33529
71,33601
71,33623
71,33692
71,34009
71,34138
71,34267
71,34296
71,34558
71,34571
71,34742
71,34899
71,35189
71,35217
71,35284
71,35285
71,35656
71,35788
71,35811
71,36107
71,36205
71,36215
71,36566
71,36750
71,36836
71,37220
71,37470
71,37631
71,37714
71,37742
71,37781
71,37923
71,38032
71,38102
71,38159
71,38180
71,38297
71,38383
71,38413
71,39062
71,39384
71,39448
71,39579
71,39636
71,39640
71,39977
71,39996
71,40244
71,40657
71,40678
71,40816
71,40954
71,40982
71,41086
71,41142
71,41255
71,41372
71,41394
71,41400
71,41417
71,41495
71,41645
71,41863
71,41940
71,41985
71,42006
71,42020
71,42475
71,42523
71,42769
71,42900
71,42957
71,43013
71,43022
71,43170
71,43237
71,43278
71,43551
71,43646
71,44226
71,44261
71,44331
71,44365
71,44396
71,44641
71,44798
71,44938
71,44966
71,44974
71,44987
71,44988
71,45001
71,45119
71,45209
71,45220
71,45334
71,45502
71,45507
71,45607
71,45651
71,45736
71,45926
71,46078
71,46152
71,46191
71,46220
71,46367
71,46767
71,46791
71,46884
71,47051
71,47074
71,47114
71,47480
71,47530
71,47542
71,47835
71,47879
71,47915
71,48028
71,48055
71,48071
71,48127
71,48148
71,48195
71,48298
71,48457
71,48707
71,48807
71,48831
71,49066
71,49139
71,49175
71,49287
71,49473
71,49646
71,49797
71,49801
71,50109
71,50150
71,50258
71,50262
71,50452
71,50474
71,50476
71,50565
71,50583
71,50644
71,50718
71,50729
71,50815
71,50887
71,51142
71,51156
71,51227
71,51309
71,51374
71,51411
71,51457
71,51605
71,51719
71,51877
71,52161
71,52162
71,52221
71,52286
71,52335
71,52344
71,52462
71,52612
71,52641
71,52800
71,52831
71,53092
71,53094
71,53117
71,53374
71,53456
71,53472
71,53520
71,53759
71,53880
71,53929
71,54008
71,54086
71,54199
71,54345
71,54573
72,32400
72,31559
72,31775
72,31970
72,32164
72,32217
72,32448
72,32728
72,32931
72,33170
72,33256
72,33268
72,33278
72,33325
72,33411
72,33485
72,33490
72,33512
72,33736
72,33804
72,33947
72,34093
72,34101
72,34166
72,34172
72,34200
72,34266
72,34357
72,34402
72,34583
72,34723
72,34734
72,34793
72,34943
72,35164
72,35546
72,35853
72,35866
72,36007
72,36029
72,36053
72,36241
72,36337
72,36470
72,36558
72,36575
72,36772
72,36889
72,36912
72,36956
72,37037
72,37156
72,37361
72,37711
72,37719
72,37724
72,37780
72,37993
72,38000
72,38031
72,38080
72,38085
72,38165
72,38178
72,38246
72,38280
72,38299
72,38361
72,38386
72,38395
72,38545
72,38658
72,38785
72,38802
72,38876
72,38880
72,39376
72,39723
72,39732
72,39790
72,39826
72,40110
72,40404
72,40470
72,40864
72,41197
72,41212
72,41501
72,41514
72,41552
72,41563
72,41638
72,41833
72,41990
72,42194
72,42225
72,42450
72,42540
72,42630
72,42913
72,42978
72,43015
72,43056
72,43121
72,43142
72,43177
72,43331
72,43470
72,43483
72,44208
72,44352
72,44548
72,44602
72,44685
72,44791
72,45235
72,45235
72,45342
72,45395
72,45658
72,46071
72,46470
72,46482
72,46500
72,46646
72,46669
72,46911
72,47034
72,47069
72,47133
72,47197
72,47249
72,47483
72,47592
72,47610
72,47629
72,47648
72,47740
72,47838
72,47868
72,48029
72,48032
72,48233
72,48293
72,48296
72,48433
72,48484
72,48557
72,48672
72,48935
72,48999
72,49161
72,49513
72,49577
72,49578
72,49588
72,49900
72,50000
72,50022
72,50135
72,50222
72,50266
72,50333
72,50484
72,50624
72,50662
72,50814
72,50858
72,51048
72,51097
72,51133
72,51578
72,51656
72,51797
72,51971
72,52149
72,52360
72,52364
72,52420
72,52487
72,52679
72,52949
72,52975
72,53053
72,53171
72,53249
72,53259
72,53422
72,53473
72,53663
72,53675
72,53844
72,53972
72,54095
72,54146
72,54253
72,54267
72,54314
72,54340
72,54392
72,54582
73,32400
73,31636
73,31717
73,31744
73,31875
73,31942
73,32090
73,32239
73,32313
73,32994
73,33044
73,33175
73,33190
73,33192
73,33387
73,33587
73,33741
73,33814
73,33975
73,34015
73,34036
73,34093
73,34144
73,34308
73,34399
73,34464
73,34526
73,34537
73,34641
73,34961
73,34968
73,34971
73,34987
73,35446
73,35600
73,35998
73,36010
73,36019
73,36027
73,36247
73,36341
73,36744
73,36746
73,36770
73,36774
73,36857
73,36858
73,36944
73,36997
73,37122
73,37139
73,37158
73,37221
73,37362
73,37442
73,37615
73,37660
73,37787
73,37847
73,38009
73,38011
73,38080
73,38237
73,38292
73,38704
73,38968
73,39138
73,39182
73,39192
73,39551
73,39642
73,39738
73,39831
73,39947
73,40075
73,40154
73,40171
73,40174
73,40249
73,40276
73,40402
73,40505
73,40547
73,40624
73,41105
73,41565
73,41816
73,42068
73,42273
73,42333
73,42360
73,42454
73,42831
73,42893
73,43100
73,43408
73,43521
73,43598
73,43698
73,43716
73,43784
73,43976
73,44155
73,44275
73,44424
73,44524
73,44549
73,44595
73,44645
73,44745
73,44887
73,45088
73,45140
73,45156
73,45183
73,45304
73,45329
73,45462
73,45509
73,45800
73,46157
73,46291
73,46314
73,46472
73,46485
73,46566
73,46818
73,47020
73,47260
73,47333
73,47380
73,47505
73,47712
73,48077
73,48644
73,49094
73,49111
73,49418
73,49555
73,49569
73,49745
73,49756
73,49801
73,49890
73,50002
73,50003
73,50012
73,50108
73,50124
73,50240
73,50473
73,50573
73,50641
73,50669
73,50672
73,50705
73,50706
73,50786
73,50789
73,50862
73,51106
73,51109
73,51270
73,51434
73,51618
73,51627
73,51682
73,51897
73,52042
73,52212
73,52254
73,52438
73,52469
73,52477
73,52562
73,52655
73,52866
73,53178
73,53234
73,53349
73,53374
73,53653
73,53654
73,53792
73,53977
73,54047
73,54160
73,54580
73,54633
73,54670
73,54702
73,55186
73,55221
74,32400
74,31751
74,31880
74,31951
74,32136
74,32287
74,32312
74,32316
74,32446
74,32495
74,32828
74,32925
74,33023
74,33262
74,33287
74,33753
74,33826
74,33846
74,33932
74,33937
74,34016
74,34067
74,34400
74,34525
74,34578
74,34701
74,34718
74,34830
74,34938
74,35109
74,35164
74,35174
74,35522
74,35854
74,35994
74,36008
74,36016
74,36244
74,36284
74,36350
74,36371
74,36376
74,36726
74,36853
74,36993
74,37056
74,37077
74,37231
74,37328
74,37706
74,37834
74,38108
74,38255
74,38268
74,38363
74,38763
74,38792
74,38836
74,38842
74,38929
74,38989
74,39131
74,39170
74,39193
74,39838
74,39870
74,39929
74,39951
74,40099
74,40300
74,40368
74,40481
74,40524
74,40608
74,40634
74,40731
74,40765
74,41240
74,41248
74,41492
74,42039
74,42203
74,42431
74,42485
74,42505
74,42714
74,42719
74,42765
74,42790
74,42850
74,42965
74,43255
74,43440
74,43457
74,43459
74,43470
74,43551
74,43609
74,43882
74,43946
74,43975
74,44217
74,44259
74,44567
74,44799
74,45120
74,45372
74,45549
74,45674
74,45705
74,45776
74,45839
74,46003
74,46025
74,46351
74,46499
74,46785
74,47286
74,47347
74,47482
74,47539
74,47649
74,47693
74,47775
74,47883
74,47957
74,48121
74,48139
74,48141
74,48153
74,48157
74,48252
74,48368
74,48421
74,48585
74,48646
74,48662
74,48707
74,48826
74,48953
74,49001
74,49047
74,49066
74,49122
74,49583
74,49634
74,49646
74,49833
74,50072
74,50086
74,50221
74,50250
74,50501
74,50826
74,50980
74,51061
74,51132
74,51244
74,51611
74,51802
74,51848
74,52035
74,52069
74,52264
74,52350
74,52379
74,52892
74,52969
74,53350
74,53486
74,53535
74,53681
74,53708
74,53762
74,53948
74,54018
74,54193
74,54281
74,54549
74,54885
74,54896
75,32400
75,31533
75,31585
75,31834
75,31838
75,31942
75,31998
75,32041
75,32147
75,32205
75,32238
75,32257
75,32275
75,32319
75,32544
75,32581
75,32797
75,32967
75,33041
75,33175
75,33626
75,33741
75,33756
75,33848
75,33867
75,33978
75,34113
75,34408
75,34457
75,34493
75,34557
75,35121
75,35359
75,35367
75,35368
75,35374
75,35444
75,35542
75,35579
75,35685
75,35916
75,35959
75,36284
75,36631
75,36649
75,36688
75,36885
75,36902
75,37308
75,37468
75,37702
75,37727
75,37817
75,38016
75,38184
75,38194
75,38195
75,38222
75,38419
75,38424
75,38807
75,38941
75,39064
75,39135
75,39137
75,39199
75,39302
75,39493
75,39871
75,40133
75,40247
75,40253
75,40385
75,40817
75,40827
75,40847
75,40868
75,40878
75,40899
75,40933
75,40950
75,40982
75,40988
75,40988
75,41271
75,41422
75,41539
75,41626
75,41656
75,41669
75,41774
75,42175
75,42200
75,42234
75,42329
75,42454
75,42503
75,42707
75,42926
75,43051
75,43222
75,43320
75,43415
75,43423
75,43512
75,43827
75,43836
75,43901
75,43921
75,43972
75,44075
75,44130
75,44131
75,44186
75,44215
75,44337
75,44625
75,44873
75,44954
75,44967
75,45224
75,45628
75,45681
75,45918
75,46053
75,46379
75,46508
75,46646
75,46671
75,46722
75,46965
75,47161
75,47255
75,47311
75,47447
75,47670
75,47702
75,47799
75,48148
75,48209
75,48220
75,48289
75,48342
75,48451
75,48656
75,48784
75,48885
75,48944
75,49164
75,49247
75,49277
75,49649
75,49739
75,50270
75,50389
75,50398
75,50458
75,50593
75,50606
75,50666
75,50744
75,50793
75,51085
75,51292
75,51588
75,51731
75,51816
75,51844
75,52090
75,52243
75,52409
75,52431
75,52548
75,52635
75,52647
75,52681
75,52696
75,52961
75,53100
75,53150
75,53266
75,53273
75,53310
75,53346
75,53356
75,53415
75,53441
75,53450
75,53539
75,53547
75,53596
75,53996
75,54006
75,54031
75,54095
75,54135
75,54469
75,55019
75,55182
76,32400
76,31557
76,31569
76,31728
76,31855
76,32065
76,32303
76,32406
76,32969
76,33118
76,33147
76,33597
76,33609
76,33621
76,33625
76,33705
76,33734
76,33846
76,33958
76,33972
76,33973
76,34046
76,34205
76,34274
76,34305
76,34412
76,34580
76,34614
76,34721
76,34793
76,34945
76,34979
76,35215
76,35393
76,35435
76,35576
76,35781
76,35835
76,35915
76,36136
76,36407
76,36636
76,36669
76,36731
76,36733
76,37106
76,37382
76,37405
76,37788
76,37811
76,37824
76,37874
76,37907
76,38019
76,38066
76,38256
76,38329
76,38342
76,38577
76,38580
76,38637
76,38802
76,38872
76,38903
76,38965
76,39069
76,39080
76,39129
76,39158
76,39456
76,39593
76,39702
76,39785
76,39812
76,40080
76,40234
76,40484
76,40517
76,40727
76,41111
76,41444
76,41615
76,41801
76,42036
76,42133
76,42200
76,42341
76,42488
76,42594
76,42826
76,42930
76,43060
76,43272
76,43304
76,43339
76,43593
76,43970
76,44069
76,44148
76,44464
76,44645
76,45006
76,45196
76,45206
76,45645
76,45672
76,45799
76,46373
76,46432
76,46712
76,46859
76,47059
76,47153
76,47177
76,47270
76,47411
76,47583
76,47636
76,47655
76,47775
76,47936
76,47963
76,48212
76,48344
76,48399
76,48594
76,48881
76,48888
76,48999
76,49039
76,49054
76,49192
76,49490
76,49681
76,49689
76,49808
76,49825
76,49927
76,50181
76,50313
76,50339
76,50626
76,50731
76,50782
76,51110
76,51197
76,51410
76,51442
76,51549
76,51549
76,51563
76,51721
76,52159
76,52212
76,52245
76,52247
76,52257
76,52394
76,52429
76,52445
76,52632
76,52637
76,52646
76,52774
76,52784
76,52881
76,53250
76,53267
76,53293
76,53488
76,53630
76,53850
76,53952
76,54030
76,54050
76,54115
76,54128
76,54297
76,54608
76,54958
76,55088
77,32400
77,31524
77,31721
77,31923
77,31939
77,31988
77,32075
77,32083
77,32120
77,32155
77,32188
77,32514
77,32538
77,32797
77,32822
77,32886
77,32919
77,32957
77,33104
77,33346
77,33433
77,33510
77,33535
77,33562
77,33822
77,33999
77,34089
77,34450
77,34451
77,34586
77,34690
77,34690
77,34850
77,35162
77,35306
77,35398
77,35570
77,35645
77,35653
77,36040
77,36198
77,36205
77,36213
77,36264
77,36486
77,36520
77,36563
77,36753
77,36754
77,36915
77,36967
77,36992
77,37121
77,37308
77,37417
77,37542
77,37845
77,38117
77,38130
77,38185
77,38212
77,38258
77,38384
77,38411
77,38498
77,38582
77,38649
77,38814
77,38943
77,38944
77,39096
77,39096
77,39116
77,39195
77,39856
77,39860
77,40037
77,40319
77,40520
77,40526
77,40619
77,40703
77,40715
77,40947
77,41269
77,41326
77,41358
77,41390
77,41530
77,41582
77,41626
77,41698
77,41706
77,41772
77,41839
77,41994
77,42029
77,42052
77,42223
77,42285
77,42342
77,42376
77,42406
77,42498
77,42529
77,42536
77,42559
77,42691
77,42731
77,42822
77,42823
77,42922
77,43387
77,43483
77,43497
77,43596
77,43672
77,43724
77,43802
77,43998
77,44013
77,44066
77,44225
77,44316
77,44341
77,44463
77,44578
77,45098
77,45101
77,45374
77,45408
77,45441
77,45506
77,45536
77,45884
77,45915
77,46084
77,46218
77,46242
77,46307
77,46323
77,46325
77,46391
77,46463
77,46639
77,46697
77,46718
77,46822
77,46860
77,46974
77,47117
77,47387
77,47441
77,47547
77,47609
77,47816
77,47835
77,47935
77,48000
77,48118
77,48212
77,48324
77,48344
77,48749
77,48796
77,49181
77,49248
77,49258
77,49292
77,49393
77,49408
77,49485
77,49543
77,49558
77,49598
77,49858
77,50021
77,50115
77,50154
77,50265
77,50512
77,50521
77,50525
77,50585
77,50619
77,50762
77,50808
77,51012
77,51026
77,51466
77,51512
77,51526
77,51591
77,51662
77,51698
77,52116
77,52257
77,52344
77,52440
77,52498
77,52594
77,52676
77,52686
77,52688
77,52697
77,52752
77,52758
77,52776
77,52779
77,52993
77,53101
77,53152
77,53177
77,53402
77,53475
77,53492
77,53548
77,53675
77,53913
77,54224
77,54346
77,54714
77,54972
77,55116
77,55143
78,32400
78,31608
78,31610
78,31712
78,31725
78,31825
78,32117
78,32327
78,32706
78,32796
78,32811
78,33025
78,33204
78,33333
78,33513
78,33537
78,33547
78,33614
78,33638
78,33733
78,33778
78,33780
78,33915
78,33946
78,33965
78,33998
78,34166
78,34180
78,34190
78,34290
78,34653
78,34760
78,35059
78,35302
78,35344
78,35777
78,35804
78,35986
78,35999
78,36100
78,36112
78,36180
78,36272
78,36468
78,36587
78,37094
78,37123
78,37350
78,37584
78,37629
78,37761
78,38113
78,38191
78,38462
78,38743
78,38812
78,38896
78,38989
78,39004
78,39181
78,39315
78,39318
78,39363
78,39383
78,39546
78,39658
78,39865
78,40079
78,40137
78,40172
78,40402
78,40418
78,40419
78,40448
78,40474
78,40567
78,40579
78,40774
78,40859
78,40900
78,40948
78,40964
78,41005
78,41144
78,41432
78,41444
78,41501
78,41542
78,41554
78,41733
78,41879
78,42092
78,42173
78,42246
78,42751
78,42968
78,43210
78,43283
78,43422
78,43747
78,43839
78,44035
78,44131
78,44300
78,44413
78,44453
78,44598
78,44602
78,44685
78,44915
78,44928
78,45137
78,45508
78,45517
78,45738
78,45798
78,45865
78,46018
78,46169
78,46180
78,46449
78,46449
78,46466
78,47356
78,47474
78,47534
78,47591
78,47639
78,47682
78,47831
78,47892
78,48027
78,48038
78,48157
78,48179
78,48187
78,48308
78,48386
78,48424
78,48807
78,48839
78,49105
78,49129
78,49358
78,49405
78,49475
78,49598
78,49664
78,49827
78,49854
78,50080
78,50332
78,50536
78,50582
78,50611
78,50705
78,50769
78,50938
78,50962
78,51011
78,51082
78,51097
78,51239
78,51312
78,51406
78,51564
78,51644
78,51670
78,51746
78,51992
78,52023
78,52148
78,52166
78,52206
78,52363
78,52523
78,52649
78,52819
78,52844
78,53178
78,53293
78,53426
78,53574
78,53715
78,53817
78,53870
78,53887
78,53959
78,53979
78,53997
78,54008
78,54287
78,54345
78,54355
78,54699
78,54709
78,54869
78,54870
78,55110
79,32400
79,31518
79,31560
79,31581
79,31610
79,31742
79,31784
79,31871
79,32171
79,32265
79,32294
79,32416
79,32434
79,32821
79,32899
79,32946
79,32959
79,33029
79,33157
79,33187
79,33225
79,33504
79,33507
79,33636
79,33936
79,34050
79,34176
79,34200
79,34278
79,34298
79,34301
79,34338
79,34446
79,34731
79,35054
79,35125
79,35503
79,35784
79,35833
79,35899
79,36048
79,36225
79,36318
79,36381
79,36396
79,36557
79,36880
79,36882
79,37126
79,37252
79,37374
79,37448
79,37475
79,37517
79,37657
79,37703
79,37972
79,38031
79,38146
79,38221
79,38344
79,38460
79,38623
79,38851
79,38920
79,38949
79,39091
79,39293
79,39330
79,39418
79,39430
79,39503
79,39509
79,39829
79,39944
79,39947
79,39960
79,40129
79,40165
79,40207
79,40345
79,40346
79,40384
79,40418
79,40613
79,40743
79,40746
79,40760
79,40865
79,41077
79,41242
79,41249
79,41442
79,41518
79,41589
79,41754
79,41851
79,41970
79,41971
79,41972
79,42092
79,42168
79,42342
79,42349
79,42454
79,42489
79,42565
79,42597
79,42777
79,42853
79,43073
79,43216
79,43392
79,43463
79,43508
79,43796
79,43914
79,43957
79,44286
79,44309
79,44472
79,44519
79,44602
79,44638
79,44716
79,44719
79,44821
79,44841
79,44923
79,45107
79,45192
79,45224
79,45225
79,45237
79,45419
79,45571
79,45640
79,45765
79,45874
79,45970
79,46230
79,46414
79,46423
79,46446
79,46461
79,46476
79,46542
79,46607
79,46750
79,46788
79,46864
79,47087
79,47127
79,47134
79,47240
79,47337
79,47453
79,47563
79,47670
79,47688
79,47757
79,47783
79,47861
79,48071
79,48268
79,48283
79,48642
79,48705
79,48849
79,49276
79,49369
79,49414
79,49474
79,49495
79,49616
79,49643
79,49732
79,49877
79,49982
79,49994
79,50082
79,50197
79,50278
79,50302
79,50307
79,50478
79,50547
79,50554
79,50603
79,50620
79,50747
79,50842
79,50932
79,50946
79,50974
79,51114
79,51167
79,51180
79,51291
79,51321
79,51555
79,51585
79,51664
79,51728
79,51798
79,51942
79,52392
79,52429
79,52441
79,52467
79,52721
79,52758
79,52762
79,52802
79,52863
79,52942
79,53013
79,53187
79,53242
79,53307
79,53370
79,53393
79,53527
79,53595
79,53805
79,54061
79,54110
79,54121
79,54754
79,54803
79,55145
80,32400
80,31603
80,31608
80,31648
80,31742
80,31825
80,32212
80,32467
80,32941
80,32961
80,33066
80,33153
80,33221
80,33259
80,33531
80,33599
80,33632
80,34157
80,34278
80,34286
80,34308
80,34332
80,34374
80,34478
80,34602
80,34890
80,34924
80,35188
80,35225
80,35349
80,35462
80,35578
80,35710
80,35870
80,36021
80,36125
80,36177
80,36270
80,36625
80,36798
80,37075
80,37203
80,37262
80,37303
80,37314
80,37340
80,37490
80,37490
80,37610
80,37653
80,37670
80,37936
80,38106
80,38109
80,38152
80,38359
80,38375
80,38405
80,38452
80,38875
80,39069
80,39143
80,39204
80,39215
80,39251
80,39253
80,39259
80,39645
80,39737
80,39885
80,39965
80,40108
80,40823
80,40958
80,41059
80,41212
80,41281
80,41334
80,41345
80,41354
80,41435
80,41587
80,41666
80,41786
80,41801
80,41843
80,41846
80,41850
80,42457
80,42581
80,42642
80,42797
80,43333
80,43373
80,43450
80,43746
80,44078
80,44221
80,44330
80,44362
80,44382
80,44514
80,44568
80,44586
80,44884
80,45001
80,45208
80,45221
80,45246
80,45251
80,45304
80,45360
80,45424
80,45434
80,45437
80,45494
80,45569
80,45618
80,45717
80,45755
80,45827
80,45850
80,45972
80,46030
80,46209
80,46226
80,46344
80,46455
80,46565
80,46746
80,46934
80,46983
80,47021
80,47111
80,47303
80,47323
80,47593
80,47635
80,47885
80,48005
80,48091
80,48161
80,48192
80,48194
80,48258
80,48420
80,48596
80,48624
80,48699
80,48836
80,49085
80,49203
80,49211
80,49419
80,49432
80,49527
80,49615
80,49808
80,49858
80,49860
80,50460
80,50502
80,50515
80,50607
80,50612
80,50785
80,50910
80,51135
80,51178
80,51243
80,51250
80,51301
80,51558
80,51680
80,51795
80,52002
80,52110
80,52211
80,52519
80,52571
80,52924
80,53246
80,53276
80,53296
80,53303
80,53343
80,53472
80,53716
80,53827
80,53889
80,53933
80,54008
80,54200
80,54287
80,54291
80,54621
81,32400
81,31575
81,31750
81,31838
81,31998
81,32099
81,32110
81,32146
81,32274
81,32327
81,32484
81,32879
81,32983
81,33035
81,33204
81,33243
81,33291
81,33453
81,33483
81,33492
81,33757
81,33778
81,33786
81,33922
81,34440
81,34530
81,34570
81,34682
81,35228
81,35426
81,35697
81,36198
81,36462
81,36468
81,36483
81,36500
81,36634
81,36634
81,36824
81,36869
81,36871
81,37357
81,37360
81,37601
81,37606
81,37661
81,38005
81,38148
81,38237
81,38243
81,38245
81,38297
81,38609
81,38659
81,38659
81,38690
81,38738
81,38778
81,38805
81,38922
81,38970
81,38975
81,39237
81,39381
81,39440
81,39486
81,39500
81,39536
81,39549
81,39565
81,39578
81,39712
81,39763
81,39867
81,40035
81,40102
81,40168
81,40211
81,40389
81,40598
81,40755
81,40779
81,40820
81,40921
81,41031
81,41180
81,41545
81,41547
81,41566
81,41648
81,41661
81,41735
81,41820
81,42002
81,42051
81,42242
81,42250
81,42332
81,42344
81,42452
81,42454
81,42577
81,42586
81,42614
81,42620
81,42623
81,42627
81,42668
81,42709
81,42949
81,42984
81,43049
81,43377
81,43762
81,43769
81,44031
81,44117
81,44308
81,44319
81,44377
81,44412
81,44513
81,44518
81,44631
81,44763
81,44792
81,44813
81,44838
81,44956
81,45324
81,45451
81,45473
81,45542
81,46013
81,46026
81,46175
81,46209
81,46222
81,46353
81,46372
81,46574
81,46609
81,46633
81,46663
81,46724
81,46880
81,46922
81,46934
81,47116
81,47340
81,47389
81,47389
81,47413
81,47540
81,47588
81,47603
81,47646
81,47712
81,47787
81,47923
81,47979
81,48026
81,48183
81,48231
81,48337
81,48361
81,48551
81,48567
81,48772
81,48832
81,48877
81,49171
81,49409
81,49419
81,49535
81,49668
81,49695
81,49698
81,49758
81,49807
81,49969
81,49978
81,50173
81,50217
81,50252
81,50347
81,50480
81,50523
81,50572
81,50727
81,50751
81,50763
81,50807
81,50844
81,51136
81,51584
81,51678
81,51711
81,51763
81,51875
81,51960
81,52150
81,52155
81,52351
81,52606
81,52685
81,52728
81,52735
81,52746
81,52906
81,52991
81,53061
81,53387
81,53590
81,53691
81,53730
81,53947
81,54088
81,54113
81,54257
81,54332
81,55222
81,55244
82,32400
82,31656
82,32043
82,32073
82,32231
82,32647
82,32768
82,32896
82,33135
82,33255
82,33256
82,33258
82,33285
82,33352
82,33408
82,33421
82,33431
82,33646
82,33883
82,33890
82,33933
82,33976
82,34131
82,34199
82,34463
82,34621
82,34694
82,34916
82,35102
82,35329
82,35615
82,35629
82,35847
82,35849
82,35902
82,35913
82,35965
82,35985
82,36003
82,36224
82,36367
82,36380
82,36503
82,36718
82,37091
82,37282
82,37410
82,37726
82,37868
82,37922
82,38175
82,38235
82,38241
82,38261
82,38503
82,38532
82,38595
82,38668
82,38777
82,38849
82,39333
82,39365
82,39390
82,39459
82,39473
82,39702
82,40005
82,40026
82,40034
82,40198
82,40233
82,40293
82,40302
82,40324
82,40367
82,40493
82,40698
82,40806
82,40815
82,40898
82,41155
82,41373
82,41563
82,41591
82,41715
82,41875
82,42134
82,42256
82,42394
82,42395
82,42512
82,42557
82,42888
82,43012
82,43037
82,43162
82,43195
82,43346
82,43366
82,43628
82,43669
82,43734
82,43781
82,44010
82,44081
82,44096
82,44111
82,44171
82,44196
82,44232
82,44627
82,44792
82,44908
82,45057
82,45135
82,45159
82,45182
82,45551
82,45791
82,45807
82,45852
82,45876
82,45934
82,46663
82,46856
82,46962
82,47112
82,47156
82,47273
82,47345
82,47443
82,47579
82,47647
82,47676
82,47720
82,47909
82,47957
82,48133
82,48347
82,48463
82,48546
82,48561
82,48584
82,48985
82,49137
82,49157
82,49183
82,49377
82,49641
82,49662
82,49795
82,49805
82,49832
82,49924
82,49947
82,50157
82,50358
82,50401
82,50509
82,50619
82,50667
82,50767
82,50834
82,50841
82,51035
82,51112
82,51333
82,51351
82,51491
82,51674
82,51678
82,51691
82,51699
82,51864
82,52099
82,52298
82,52323
82,52403
82,52414
82,52418
82,52473
82,52602
82,52630
82,52655
82,52767
82,53022
82,53077
82,53095
82,53099
82,53171
82,53384
82,53398
82,53583
82,53619
82,53639
82,53894
82,53991
82,54194
82,54340
82,54660
83,32400
83,31649
83,31889
83,32014
83,32116
83,32158
83,32178
83,32344
83,32380
83,32664
83,32796
83,32967
83,33000
83,33201
83,33203
83,33227
83,33317
83,33404
83,33545
83,33555
83,33693
83,33748
83,33807
83,33848
83,34160
83,34210
83,34481
83,34545
83,34799
83,35118
83,35132
83,35160
83,35169
83,35387
83,35413
83,35574
83,35594
83,35706
83,35938
83,36058
83,36145
83,36238
83,36297
83,36323
83,36375
83,36505
83,36636
83,36650
83,36656
83,36895
83,36927
83,37024
83,37122
83,37569
83,37654
83,37747
83,37775
83,37784
83,37791
83,37851
83,38111
83,38139
83,38186
83,38273
83,38474
83,38541
83,38544
83,38616
83,39011
83,39060
83,39226
83,39418
83,39587
83,39604
83,39772
83,39833
83,39841
83,40221
83,40280
83,40363
83,40555
83,40575
83,40648
83,40714
83,40757
83,41296
83,41311
83,41467
83,41502
83,41544
83,41564
83,41572
83,41615
83,41929
83,41965
83,41992
83,42141
83,42269
83,42326
83,42523
83,42602
83,42633
83,42640
83,42876
83,43076
83,43175
83,43244
83,43288
83,43323
83,43352
83,43485
83,43599
83,43755
83,44149
83,44187
83,44266
83,44350
83,44388
83,44427
83,44501
83,44606
83,44642
83,44882
83,45194
83,45282
83,45392
83,45400
83,45491
83,45499
83,45526
83,45596
83,45640
83,46044
83,46213
83,46503
83,46657
83,46664
83,46677
83,46712
83,46741
83,46892
83,46921
83,47058
83,47474
83,47500
83,47693
83,47744
83,47747
83,47789
83,47820
83,48445
83,48495
83,48579
83,48690
83,48710
83,48720
83,48847
83,49027
83,49112
83,49212
83,49336
83,49417
83,49447
83,49458
83,49633
83,49719
83,49814
83,49904
83,50047
83,50327
83,50437
83,50584
83,50609
83,50818
83,50861
83,50864
83,51032
83,51160
83,51207
83,51278
83,51292
83,51455
83,51571
83,51686
83,51792
83,51854
83,52005
83,52102
83,52184
83,52546
83,52725
83,52764
83,52952
83,53213
83,53445
83,53566
83,53627
83,53763
83,54145
83,54203
83,55092
83,55168
84,32400
84,31737
84,31800
84,31889
84,31929
84,31988
84,32086
84,32185
84,32222
84,32504
84,32591
84,32710
84,32791
84,32863
84,32895
84,33208
84,33444
84,33531
84,33562
84,33613
84,33900
84,34166
84,34206
84,34261
84,34336
84,34336
84,34365
84,34466
84,34580
84,34712
84,34735
84,34746
84,34782
84,34843
84,35068
84,35117
84,35452
84,35527
84,35565
84,35706
84,36131
84,36177
84,36200
84,36481
84,36685
84,36705
84,36711
84,36917
84,37122
84,37283
84,37428
84,37474
84,37513
84,37542
84,37664
84,37666
84,37751
84,37978
84,38188
84,38263
84,38281
84,38651
84,38659
84,38705
84,38803
84,38811
84,39142
84,39369
84,39619
84,39632
84,39635
84,39979
84,40007
84,40116
84,40121
84,40337
84,40434
84,40482
84,40756
84,40854
84,40926
84,41033
84,41427
84,41729
84,41915
84,42010
84,42065
84,42141
84,42169
84,42258
84,42314
84,42359
84,42384
84,42563
84,42593
84,42641
84,42648
84,42716
84,43039
84,43096
84,43138
84,43295
84,44107
84,44466
84,44632
84,44695
84,44816
84,45053
84,45140
84,45330
84,45428
84,45442
84,45448
84,45492
84,45758
84,45907
84,46204
84,46306
84,46608
84,46658
84,46689
84,46704
84,46746
84,46911
84,46939
84,47165
84,47202
84,47206
84,47219
84,47535
84,47565
84,47943
84,48195
84,48549
84,48687
84,48895
84,49055
84,49076
84,49113
84,49238
84,49462
84,49477
84,49480
84,49738
84,50093
84,50197
84,50371
84,50469
84,50605
84,50779
84,50829
84,51303
84,51439
84,51612
84,51621
84,51752
84,51823
84,52130
84,52169
84,52255
84,52368
84,52461
84,52540
84,52589
84,52834
84,52930
84,53202
84,53207
84,53234
84,53325
84,53354
84,53479
84,53530
84,53574
84,53688
84,53767
84,53784
84,53795
84,53942
84,54222
84,54298
84,54341
84,54343
84,54532
84,54566
84,54586
84,55089
85,32400
85,31515
85,31625
85,31664
85,31772
85,31931
85,31988
85,32056
85,32092
85,32169
85,32419
85,32638
85,32639
85,32919
85,33177
85,33212
85,33621
85,33652
85,33765
85,33957
85,34173
85,34196
85,34234
85,34281
85,34287
85,34313
85,34316
85,34358
85,34364
85,34369
85,34447
85,34458
85,34480
85,34573
85,34742
85,35015
85,35126
85,35199
85,35464
85,35527
85,35549
85,35634
85,35692
85,35707
85,35730
85,35822
85,36197
85,36283
85,36332
85,36406
85,36639
85,36746
85,36838
85,36851
85,36898
85,37129
85,37134
85,37336
85,37383
85,37446
85,37461
85,37549
85,37668
85,37776
85,37792
85,37808
85,37828
85,37884
85,37932
85,37955
85,38007
85,38132
85,38298
85,38430
85,38462
85,38481
85,38605
85,38647
85,38678
85,38738
85,38740
85,38805
85,39106
85,39186
85,39204
85,39652
85,39997
85,40223
85,40256
85,40279
85,40388
85,40860
85,41059
85,41350
85,41388
85,41485
85,41609
85,41614
85,41701
85,41806
85,41877
85,42192
85,42216
85,42239
85,42394
85,42474
85,42884
85,43143
85,43144
85,43158
85,43572
85,43849
85,44020
85,44274
85,44488
85,44590
85,44886
85,45001
85,45097
85,45114
85,45371
85,45700
85,45707
85,45845
85,45909
85,45928
85,46092
85,46299
85,46312
85,46580
85,46680
85,46740
85,46778
85,46791
85,46805
85,46868
85,47057
85,47214
85,47252
85,47328
85,47329
85,47423
85,47579
85,47604
85,47736
85,47741
85,47850
85,47968
85,48004
85,48094
85,48122
85,48441
85,48675
85,48807
85,48845
85,48868
85,49074
85,49088
85,49148
85,49152
85,49206
85,49297
85,49384
85,49473
85,49536
85,49680
85,49805
85,49814
85,50140
85,50197
85,50306
85,50413
85,50428
85,50453
85,50490
85,50715
85,50881
85,51204
85,51229
85,51249
85,51264
85,51266
85,51320
85,51398
85,51586
85,51597
85,51727
85,51796
85,52015
85,52038
85,52109
85,52162
85,52292
85,52779
85,52854
85,52926
85,53004
85,53114
85,53160
85,53217
85,53546
85,54123
85,54145
85,54397
85,54439
85,54660
86,32400
86,31583
86,31626
86,31778
86,31815
86,31911
86,31966
86,32026
86,32059
86,32270
86,32332
86,32483
86,32729
86,32873
86,32967
86,33007
86,33063
86,33072
86,33103
86,33123
86,33150
86,33151
86,33214
86,33471
86,33484
86,33522
86,33603
86,33721
86,33780
86,33949
86,34070
86,34171
86,34425
86,34437
86,34574
86,34811
86,34814
86,34956
86,35018
86,35127
86,35268
86,35285
86,35364
86,35475
86,35541
86,35621
86,35773
86,36030
86,36282
86,36476
86,36517
86,36553
86,36667
86,36694
86,36815
86,36846
86,36931
86,36942
86,37078
86,37137
86,37212
86,37353
86,37653
86,37673
86,37691
86,37730
86,37746
86,37781
86,37829
86,37851
86,38146
86,38293
86,38335
86,38348
86,38396
86,38456
86,38491
86,38529
86,38637
86,38643
86,38650
86,38736
86,39015
86,39202
86,39406
86,39484
86,39519
86,39813
86,39863
86,39905
86,40115
86,40198
86,40281
86,40311
86,40354
86,40428
86,40603
86,40604
86,40623
86,40662
86,40981
86,41160
86,41210
86,41323
86,41360
86,41459
86,41599
86,41707
86,41751
86,41865
86,41899
86,42114
86,42430
86,42434
86,42732
86,42748
86,42874
86,42991
86,43009
86,43039
86,43405
86,43424
86,43430
86,43443
86,43500
86,43663
86,43916
86,44009
86,44097
86,44172
86,44375
86,44378
86,44515
86,44541
86,44585
86,44601
86,44702
86,44792
86,44919
86,44997
86,45003
86,45068
86,45315
86,45365
86,45377
86,45478
86,45493
86,45493
86,45564
86,45605
86,45672
86,45676
86,45893
86,45940
86,45985
86,46144
86,46208
86,46233
86,46328
86,46346
86,46598
86,46884
86,47069
86,47346
86,47389
86,47432
86,47958
86,48075
86,48166
86,48186
86,48476
86,48494
86,48519
86,48976
86,49056
86,49120
86,49331
86,49547
86,49661
86,49759
86,49950
86,50233
86,50289
86,50380
86,50579
86,50591
86,50594
86,50626
86,50679
86,50747
86,51114
86,51227
86,51405
86,51520
86,51552
86,51759
86,51810
86,52073
86,52403
86,52517
86,52598
86,52731
86,52745
86,52771
86,52998
86,53078
86,53232
86,53454
86,53499
86,53597
86,53614
86,53713
86,53758
86,53775
86,53832
86,53874
86,53886
86,54188
86,54730
86,54746
86,54992
87,32400
87,31572
87,31690
87,31696
87,31702
87,31810
87,31834
87,31880
87,31962
87,32054
87,32135
87,32218
87,32470
87,32566
87,32597
87,32654
87,32670
87,32780
87,32872
87,33009
87,33023
87,33536
87,33543
87,33798
87,33923
87,33947
87,33958
87,34023
87,34407
87,34465
87,34467
87,34648
87,34707
87,34805
87,34880
87,35036
87,35063
87,35316
87,35474
87,35576
87,35947
87,36264
87,36375
87,36476
87,36943
87,36966
87,37150
87,37152
87,37272
87,37495
87,37517
87,37557
87,37633
87,37735
87,37743
87,37902
87,38007
87,38156
87,38189
87,38238
87,38530
87,38611
87,38928
87,39071
87,39144
87,39305
87,39575
87,39790
87,39797
87,39846
87,39872
87,39878
87,39951
87,39964
87,40216
87,40397
87,40496
87,40800
87,40801
87,40847
87,40951
87,41124
87,41145
87,41253
87,41364
87,41427
87,41492
87,41623
87,41624
87,41690
87,41720
87,41840
87,42334
87,42371
87,42466
87,42800
87,42808
87,42974
87,43002
87,43032
87,43124
87,43345
87,43511
87,43539
87,43553
87,43554
87,43790
87,43839
87,43974
87,44100
87,44153
87,44222
87,44622
87,44636
87,44770
87,44802
87,44817
87,44945
87,45119
87,45151
87,45244
87,45262
87,45355
87,45404
87,45586
87,45621
87,45654
87,45796
87,45811
87,45824
87,45840
87,46103
87,46148
87,46307
87,46474
87,46478
87,46609
87,46892
87,47538
87,47686
87,47893
87,47898
87,47927
87,48095
87,48257
87,48331
87,48561
87,48600
87,48618
87,48675
87,48915
87,48921
87,49309
87,49403
87,49413
87,49464
87,49484
87,49495
87,49534
87,49567
87,49750
87,49783
87,50136
87,50190
87,50255
87,50307
87,50335
87,50348
87,50449
87,50572
87,50798
87,50928
87,50939
87,51040
87,51060
87,51190
87,51363
87,51553
87,51555
87,51676
87,51702
87,52028
87,52036
87,52048
87,52178
87,52218
87,52220
87,52296
87,52402
87,52460
87,53436
87,53441
87,53456
87,53462
87,53500
87,53615
87,53643
87,53945
87,53959
87,54078
87,54089
87,54116
87,54120
87,54172
87,54214
87,54276
87,55185
88,32400
88,31654
88,31728
88,31770
88,32143
88,32280
88,32309
88,32367
88,32468
88,32482
88,32530
88,32579
88,32667
88,32686
88,32899
88,33062
88,33486
88,33745
88,33770
88,33777
88,34198
88,34276
88,34358
88,34368
88,34380
88,34417
88,34524
88,34681
88,35011
88,35116
88,35156
88,35358
88,35595
88,35657
88,35731
88,35756
88,35914
88,35955
88,35978
88,36155
88,36158
88,36241
88,36295
88,36339
88,36431
88,36647
88,36838
88,36937
88,36945
88,37033
88,37342
88,37362
88,37449
88,37544
88,37637
88,37642
88,37877
88,37902
88,37924
88,38163
88,38215
88,38281
88,38298
88,38315
88,38397
88,38413
88,38747
88,38925
88,39088
88,39197
88,39404
88,39622
88,39729
88,39771
88,39934
88,40017
88,40411
88,40459
88,40630
88,40690
88,40769
88,40823
88,40931
88,40962
88,41233
88,41238
88,41329
88,41441
88,41455
88,41465
88,41473
88,41542
88,41626
88,41762
88,41923
88,41955
88,42149
88,42164
88,42592
88,43097
88,43210
88,43226
88,43447
88,43661
88,43832
88,43869
88,44354
88,44555
88,44600
88,44675
88,44676
88,44719
88,44929
88,45001
88,45016
88,45127
88,45139
88,45389
88,45411
88,45662
88,45797
88,46039
88,46137
88,46204
88,46205
88,46238
88,46331
88,46533
88,46566
88,46701
88,46795
88,46965
88,47004
88,47081
88,47113
88,47333
88,47690
88,47841
88,47842
88,47963
88,48078
88,48089
88,48090
88,48171
88,48283
88,48402
88,48470
88,48597
88,48679
88,48710
88,48934
88,48999
88,49003
88,49020
88,49021
88,49180
88,49235
88,49343
88,49359
88,49445
88,49494
88,49617
88,49698
88,49801
88,50058
88,50207
88,50340
88,50442
88,50611
88,50652
88,50854
88,51005
88,51203
88,51399
88,51422
88,51433
88,51477
88,51514
88,51580
88,51642
88,51696
88,51807
88,51896
88,51904
88,51955
88,52075
88,52125
88,52275
88,52332
88,52690
88,52698
88,52708
88,52745
88,52961
88,53055
88,53066
88,53227
88,53404
88,53527
88,53666
88,53682
88,53815
88,55228
89,32400
89,31548
89,31644
89,31655
89,31859
89,31893
89,31918
89,31974
89,32049
89,32136
89,32215
89,32328
89,32486
89,32550
89,32561
89,32753
89,33099
89,33184
89,33262
89,33262
89,33396
89,33473
89,33487
89,33784
89,33806
89,33890
89,33916
89,34048
89,34061
89,34112
89,34288
89,34469
89,34495
89,34689
89,34705
89,34758
89,34766
89,34793
89,34881
89,34954
89,35020
89,35066
89,35068
89,35374
89,35694
89,35758
89,35826
89,35976
89,36119
89,36149
89,36286
89,36331
89,36414
89,36444
89,36512
89,36535
89,36702
89,36742
89,36877
89,37039
89,37046
89,37052
89,37156
89,37218
89,37348
89,37360
89,37434
89,37546
89,37593
89,37648
89,37666
89,37981
89,38291
89,38355
89,38379
89,38381
89,38562
89,38611
89,38931
89,38943
89,39072
89,39185
89,39195
89,39282
89,39304
89,39417
89,39439
89,39465
89,39557
89,39558
89,39685
89,39865
89,39865
89,39896
89,39904
89,39987
89,40116
89,40409
89,40439
89,40456
89,40485
89,40561
89,40731
89,40845
89,40935
89,40977
89,41004
89,41217
89,41493
89,41817
89,41824
89,41884
89,41981
89,42045
89,42278
89,42527
89,42747
89,42922
89,42977
89,42985
89,43370
89,43473
89,43654
89,43679
89,43849
89,43916
89,44058
89,44134
89,44141
89,44357
89,44567
89,44707
89,44828
89,44982
89,45136
89,45142
89,45143
89,45151
89,45164
89,45448
89,45698
89,45966
89,46078
89,46220
89,46501
89,46558
89,46891
89,47022
89,47023
89,47065
89,47098
89,47159
89,47408
89,47951
89,47962
89,48017
89,48254
89,48302
89,48367
89,48463
89,48583
89,48587
89,48623
89,48871
89,48910
89,48975
89,49115
89,49400
89,49469
89,49513
89,49700
89,49737
89,49844
89,49906
89,50242
89,50320
89,50392
89,50396
89,50508
89,50513
89,50734
89,50815
89,50870
89,51024
89,51047
89,51119
89,51130
89,51138
89,51152
89,51298
89,51311
89,51351
89,51580
89,51759
89,51785
89,51960
89,52067
89,52200
89,52441
89,52473
89,52872
89,52912
89,52943
89,53005
89,53289
89,53332
89,53358
89,53512
89,53535
89,53552
89,53613
89,53709
89,53744
89,53786
89,53806
89,54050
89,54164
89,54302
89,54394
89,54742
90,32400
90,31574
90,31704
90,31753
90,31781
90,31843
90,31855
90,32034
90,32063
90,32112
90,32171
90,32339
90,32542
90,32547
90,32584
90,32659
90,32799
90,32845
90,33090
90,33599
90,33602
90,33735
90,33779
90,33868
90,33883
90,34003
90,34109
90,34165
90,34220
90,34310
90,34343
90,34346
90,34450
90,34521
90,34598
90,34687
90,34797
90,34909
90,35288
90,35297
90,35301
90,35768
90,35891
90,36571
90,36585
90,36658
90,36716
90,36792
90,36918
90,36951
90,37085
90,37286
90,37609
90,37649
90,37742
90,37814
90,37868
90,37892
90,37894
90,37898
90,37969
90,38093
90,38237
90,38359
90,38436
90,38536
90,38542
90,38633
90,38691
90,38697
90,38726
90,38727
90,38788
90,38982
90,39045
90,39073
90,39213
90,39310
90,39423
90,40118
90,40235
90,40260
90,40353
90,40383
90,40696
90,40718
90,40777
90,40814
90,40910
90,40913
90,40926
90,41343
90,41428
90,41784
90,41830
90,41846
90,42014
90,42214
90,42702
90,42709
90,42785
90,43011
90,43090
90,43323
90,43386
90,43625
90,43780
90,43807
90,43914
90,43925
90,44172
90,44180
90,44217
90,44520
90,44746
90,45179
90,45180
90,45226
90,45379
90,45525
90,45617
90,45831
90,45934
90,45987
90,46226
90,46350
90,46364
90,46457
90,46710
90,46816
90,46818
90,46973
90,47199
90,47587
90,47932
90,47933
90,48036
90,48045
90,48141
90,48243
90,48283
90,48418
90,48521
90,48735
90,48762
90,48776
90,49154
90,49412
90,49615
90,49693
90,49788
90,50152
90,50283
90,50353
90,50531
90,50541
90,50677
90,50780
90,50863
90,50937
90,51034
90,51106
90,51332
90,51469
90,51477
90,51481
90,51505
90,51653
90,51881
90,52014
90,52140
90,52196
90,52722
90,52822
90,52888
90,52921
90,53139
90,53290
90,53336
90,53611
90,53906
90,54093
90,54143
90,54157
90,54282
90,54285
90,54468
90,55196
90,55248
91,32400
91,31538
91,31592
91,31716
91,31806
91,32714
91,32748
91,32806
91,32811
91,32844
91,32859
91,32961
91,33017
91,33110
91,33353
91,33475
91,33575
91,33595
91,33610
91,33715
91,33805
91,34015
91,34166
91,34197
91,34208
91,34227
91,34234
91,34310
91,34405
91,34496
91,34508
91,34569
91,34630
91,34664
91,34842
91,34941
91,35227
91,35312
91,35560
91,35573
91,35789
91,35847
91,36351
91,36612
91,36937
91,36964
91,37002
91,37041
91,37221
91,37255
91,37562
91,37572
91,37614
91,37668
91,38010
91,38025
91,38027
91,38118
91,38142
91,38210
91,38267
91,38343
91,38688
91,38707
91,39049
91,39054
91,39163
91,39209
91,39231
91,39369
91,39400
91,39566
91,39750
91,39753
91,39799
91,39826
91,39843
91,39879
91,39880
91,40131
91,40239
91,40296
91,40390
91,40419
91,40496
91,40543
91,40801
91,40858
91,40932
91,41041
91,41045
91,41193
91,41248
91,41305
91,41324
91,41420
91,41577
91,41628
91,41635
91,41870
91,41985
91,42377
91,42504
91,42640
91,42643
91,42719
91,42774
91,42812
91,43019
91,43093
91,43280
91,43294
91,43312
91,43373
91,43412
91,43444
91,43558
91,43814
91,43862
91,44264
91,44498
91,44653
91,44733
91,44777
91,44854
91,44914
91,45116
91,45232
91,45334
91,45429
91,45462
91,45539
91,45560
91,45573
91,46197
91,46213
91,46216
91,46327
91,46350
91,46475
91,46532
91,46533
91,46841
91,46922
91,46954
91,46995
91,47060
91,47142
91,47171
91,47238
91,47265
91,47284
91,47408
91,47533
91,47772
91,47773
91,47789
91,48057
91,48092
91,48242
91,48308
91,48325
91,48338
91,48344
91,48358
91,48648
91,48803
91,48876
91,48935
91,49031
91,49065
91,49134
91,49183
91,49242
91,49485
91,49941
91,50355
91,50487
91,50490
91,50517
91,50598
91,50872
91,50873
91,51005
91,51024
91,51032
91,51103
91,51132
91,51310
91,51505
91,51668
91,51702
91,51875
91,51996
91,52037
91,52067
91,52105
91,52156
91,52224
91,52290
91,52337
91,52751
91,52890
91,52903
91,53072
91,53077
91,53108
91,53134
91,53478
91,53660
91,53726
91,54154
91,54351
91,54459
91,54467
91,54663
91,54880
92,32400
92,31764
92,31824
92,31837
92,31854
92,31999
92,32015
92,32230
92,32256
92,32324
92,32354
92,32397
92,32411
92,32535
92,32541
92,32956
92,32959
92,32961
92,33195
92,33319
92,33496
92,33619
92,33647
92,33917
92,33995
92,34062
92,34079
92,34203
92,34251
92,34268
92,34357
92,34521
92,34710
92,34874
92,34927
92,35001
92,35190
92,35253
92,35315
92,35339
92,35416
92,35430
92,35450
92,35522
92,35647
92,35821
92,35834
92,36074
92,36125
92,36227
92,36265
92,36405
92,36485
92,36570
92,36671
92,36981
92,36983
92,37005
92,37182
92,37186
92,37189
92,37401
92,37546
92,37630
92,37805
92,37897
92,37943
92,37983
92,38124
92,38242
92,38425
92,38504
92,38591
92,38621
92,38644
92,38754
92,38791
92,39285
92,39456
92,39884
92,39942
92,40065
92,40139
92,40231
92,40469
92,40591
92,40803
92,40859
92,40943
92,41214
92,41291
92,41868
92,41868
92,42048
92,42524
92,42755
92,43006
92,43098
92,43111
92,43179
92,43229
92,43258
92,43365
92,43556
92,43621
92,43865
92,43938
92,43946
92,43951
92,44121
92,44139
92,44139
92,44146
92,44203
92,44232
92,44293
92,44334
92,44596
92,44607
92,44700
92,44724
92,44938
92,44972
92,45173
92,45215
92,45315
92,45712
92,45716
92,46069
92,46145
92,46190
92,46230
92,46235
92,46273
92,46480
92,46651
92,46723
92,46876
92,46965
92,47072
92,47441
92,47498
92,47565
92,47607
92,47643
92,47957
92,48204
92,48237
92,48886
92,49450
92,49615
92,50026
92,50030
92,50048
92,50105
92,50218
92,50238
92,50250
92,50277
92,50405
92,50495
92,50556
92,50596
92,50736
92,51234
92,51331
92,51430
92,51621
92,51623
92,51655
92,51687
92,51788
92,51900
92,51954
92,52028
92,52048
92,52088
92,52227
92,52329
92,52539
92,52591
92,52778
92,52857
92,53004
92,53023
92,53086
92,53121
92,53209
92,53281
92,53321
92,53361
92,53545
92,53552
92,53572
92,53700
92,53720
92,53774
92,53969
92,54100
92,54138
92,54292
92,54661
92,54687
92,54948
93,32400
93,31545
93,31663
93,31668
93,31805
93,31925
93,31949
93,32113
93,32144
93,32365
93,32439
93,32447
93,32531
93,32565
93,32632
93,32708
93,32754
93,32898
93,32904
93,32929
93,33023
93,33099
93,33232
93,33273
93,33399
93,33592
93,33623
93,33663
93,33894
93,33900
93,34080
93,34186
93,34309
93,34331
93,34443
93,34536
93,34729
93,34772
93,34777
93,34947
93,34965
93,35076
93,35121
93,35455
93,35519
93,35637
93,35749
93,35950
93,35999
93,36399
93,36429
93,36479
93,36610
93,36710
93,37030
93,37224
93,37241
93,37414
93,37447
93,37556
93,37705
93,37714
93,37835
93,37837
93,37887
93,37996
93,38007
93,38052
93,38077
93,38155
93,38281
93,38307
93,38339
93,38377
93,38590
93,38715
93,38788
93,38903
93,38915
93,38919
93,38954
93,38983
93,38997
93,39029
93,39213
93,39277
93,39515
93,39519
93,39632
93,39637
93,39766
93,39810
93,39827
93,39852
93,39910
93,40027
93,40133
93,40331
93,40364
93,40421
93,40447
93,40594
93,40819
93,40908
93,41041
93,41076
93,41124
93,41142
93,41190
93,41303
93,41766
93,42140
93,42140
93,42213
93,42232
93,42481
93,42567
93,42808
93,42813
93,42942
93,42947
93,43078
93,43259
93,43417
93,43557
93,43863
93,43920
93,44003
93,44284
93,44375
93,44395
93,44413
93,44608
93,44613
93,44659
93,44847
93,44958
93,45249
93,45355
93,45637
93,45767
93,45975
93,46012
93,46072
93,46143
93,46190
93,46234
93,46257
93,46344
93,46490
93,46503
93,46549
93,46597
93,46628
93,46697
93,47162
93,47244
93,47312
93,47344
93,47373
93,47404
93,47660
93,47692
93,47737
93,48027
93,48060
93,48144
93,48197
93,48423
93,48893
93,48974
93,48990
93,49091
93,49238
93,49295
93,49440
93,49614
93,49736
93,50257
93,50330
93,50425
93,50427
93,50704
93,50743
93,50767
93,50768
93,50840
93,50859
93,50902
93,50981
93,51072
93,51200
93,51224
93,51843
93,51888
93,52046
93,52198
93,52210
93,52528
93,52584
93,52754
93,52794
93,53058
93,53232
93,53353
93,53418
93,53902
93,54175
93,54175
93,54330
93,54762
93,54937
94,32400
94,31841
94,32067
94,32204
94,32352
94,32519
94,32613
94,32730
94,32761
94,32803
94,32852
94,32884
94,33016
94,33025
94,33251
94,33259
94,33264
94,33316
94,33513
94,33641
94,33720
94,33847
94,34995
94,35389
94,35644
94,35690
94,35692
94,35718
94,36183
94,36254
94,36375
94,36538
94,36677
94,36725
94,36773
94,36791
94,37136
94,37308
94,37418
94,37449
94,37630
94,37709
94,37743
94,37749
94,37905
94,37968
94,38390
94,38908
94,39112
94,39124
94,39511
94,39597
94,39605
94,39647
94,39722
94,39728
94,40132
94,40461
94,40494
94,40832
94,41131
94,41482
94,41488
94,41503
94,41532
94,41758
94,41945
94,41983
94,42062
94,42062
94,42093
94,42150
94,42183
94,42278
94,42320
94,42343
94,42359
94,42511
94,42746
94,42792
94,42881
94,43095
94,43296
94,43433
94,43672
94,44012
94,44247
94,44263
94,44325
94,44349
94,44363
94,44477
94,44695
94,44758
94,44957
94,45180
94,45312
94,45352
94,45552
94,45628
94,45644
94,45735
94,45811
94,45844
94,46026
94,46029
94,46246
94,46256
94,46371
94,46392
94,46458
94,46519
94,46666
94,46733
94,46740
94,46891
94,46990
94,47086
94,47269
94,47280
94,47304
94,47330
94,47411
94,47464
94,47597
94,47667
94,47672
94,47864
94,48009
94,48052
94,48184
94,48186
94,48383
94,48600
94,48638
94,48679
94,48702
94,48742
94,49178
94,49277
94,49306
94,49733
94,49769
94,49912
94,49971
94,50228
94,50317
94,50419
94,50457
94,50592
94,50651
94,50730
94,50822
94,51180
94,51246
94,51246
94,51264
94,51395
94,51452
94,51487
94,51498
94,51868
94,51905
94,51988
94,52048
94,52085
94,52188
94,52344
94,52637
94,52756
94,53078
94,53116
94,53177
94,53315
94,53381
94,53402
94,53445
94,53541
94,53642
94,53650
94,53779
94,53999
94,54121
94,54222
94,54763
94,54825
95,32400
95,31753
95,31997
95,32083
95,32126
95,32244
95,32369
95,32431
95,32540
95,32821
95,32846
95,32941
95,33085
95,33148
95,33253
95,33316
95,33349
95,33528
95,33534
95,33596
95,33602
95,33614
95,33685
95,33755
95,33821
95,34013
95,34037
95,34058
95,34154
95,34173
95,34242
95,34261
95,34343
95,34371
95,34468
95,34535
95,34806
95,34847
95,35001
95,35175
95,35204
95,35343
95,35373
95,35423
95,35533
95,35617
95,35670
95,35673
95,35709
95,35778
95,35816
95,35861
95,35941
95,36074
95,36153
95,36196
95,36415
95,36420
95,36492
95,36857
95,36858
95,36919
95,37005
95,37129
95,37278
95,37290
95,37650
95,37681
95,37741
95,37813
95,37819
95,37876
95,37982
95,38072
95,38164
95,38178
95,38182
95,38240
95,38283
95,38305
95,38445
95,38671
95,38708
95,38714
95,38809
95,38820
95,38977
95,39064
95,39196
95,39579
95,39590
95,39680
95,40075
95,40153
95,40451
95,40520
95,40593
95,40613
95,40747
95,40804
95,40943
95,40965
95,41207
95,41337
95,41439
95,41537
95,41566
95,42007
95,42064
95,42080
95,42154
95,42375
95,42427
95,42630
95,42677
95,42771
95,43070
95,43160
95,43177
95,43223
95,43570
95,43692
95,43826
95,43850
95,43902
95,43926
95,44679
95,44700
95,44754
95,44849
95,45038
95,45336
95,45408
95,45436
95,45531
95,45540
95,45558
95,45691
95,45763
95,45800
95,45882
95,45893
95,45985
95,45991
95,46003
95,46008
95,46103
95,46214
95,46319
95,46354
95,46357
95,46412
95,46436
95,46487
95,46619
95,46809
95,46976
95,46995
95,47129
95,47132
95,47279
95,47492
95,47492
95,47560
95,47691
95,47778
95,47793
95,47793
95,47898
95,47980
95,48098
95,48211
95,48566
95,48603
95,48664
95,48686
95,48854
95,48880
95,48987
95,49059
95,49325
95,49604
95,49690
95,49828
95,49868
95,49872
95,49971
95,49982
95,50072
95,50073
95,50252
95,50591
95,50606
95,50650
95,50782
95,50977
95,50979
95,51080
95,51157
95,51176
95,51177
95,51404
95,51650
95,51722
95,51772
95,51786
95,51819
95,51882
95,52035
95,52117
95,52144
95,52260
95,52306
95,52416
95,52437
95,53096
95,53260
95,53420
95,53448
95,53450
95,53568
95,53569
95,53617
95,53655
95,53740
95,53977
95,54229
95,54784
95,54951
95,54962
95,55003
95,55124
96,32400
96,31542
96,31589
96,31621
96,31741
96,31875
96,31915
96,32088
96,32146
96,32320
96,32552
96,32665
96,32765
96,32813
96,32967
96,33035
96,33233
96,33462
96,33485
96,33603
96,33716
96,33788
96,33813
96,33816
96,33848
96,33879
96,33916
96,33978
96,34341
96,34416
96,34544
96,34662
96,35038
96,35067
96,35102
96,35159
96,35261
96,35423
96,35660
96,35680
96,35686
96,35718
96,35829
96,35942
96,35964
96,36142
96,36294
96,36326
96,36476
96,36563
96,36650
96,36752
96,36753
96,36788
96,36843
96,36891
96,36961
96,37044
96,37063
96,37097
96,37281
96,37772
96,37936
96,38050
96,38101
96,38289
96,38353
96,38474
96,38506
96,38547
96,38806
96,39046
96,39069
96,39106
96,39217
96,39254
96,39824
96,39954
96,40022
96,40121
96,40216
96,40408
96,40520
96,40692
96,40722
96,40737
96,40762
96,40795
96,40945
96,41011
96,41087
96,41105
96,41261
96,41400
96,41522
96,41544
96,41743
96,41846
96,41960
96,41983
96,42015
96,42075
96,42309
96,42314
96,42513
96,42548
96,42564
96,42621
96,42666
96,42682
96,42811
96,42919
96,42983
96,43011
96,43067
96,43081
96,43089
96,43312
96,43319
96,43488
96,43526
96,43805
96,44006
96,44174
96,44335
96,44449
96,44450
96,44760
96,45018
96,45062
96,45079
96,45085
96,45176
96,45359
96,45438
96,45802
96,45820
96,45901
96,46394
96,46510
96,46670
96,46828
96,46851
96,46923
96,46924
96,47014
96,47095
96,47210
96,47387
96,47514
96,47647
96,47700
96,47811
96,47972
96,47984
96,47988
96,47994
96,48125
96,48134
96,48323
96,48343
96,48383
96,48449
96,48583
96,48733
96,48787
96,49002
96,49119
96,49320
96,49465
96,49526
96,49604
96,49842
96,49846
96,50064
96,50072
96,50160
96,50285
96,50452
96,50567
96,50686
96,50772
96,50780
96,50786
96,50795
96,50874
96,50897
96,51539
96,52032
96,52041
96,52097
96,52120
96,52184
96,52209
96,52239
96,52253
96,52829
96,52886
96,52908
96,53101
96,53243
96,53352
96,53444
96,53518
96,53557
96,53597
96,53683
96,53829
96,53855
96,53916
96,54193
96,54228
96,54547
96,54960
96,55171
97,32400
97,31612
97,31632
97,31725
97,31760
97,31861
97,31956
97,32094
97,32183
97,32225
97,32271
97,32412
97,32423
97,32569
97,32627
97,32682
97,32689
97,32720
97,32743
97,32819
97,32994
97,33083
97,33117
97,33206
97,33217
97,33380
97,33676
97,33786
97,33926
97,33939
97,33952
97,34231
97,34429
97,34513
97,34526
97,34533
97,34668
97,34677
97,34711
97,34929
97,34959
97,35092
97,35109
97,35198
97,35291
97,35318
97,35385
97,35548
97,35569
97,35659
97,35700
97,35783
97,35836
97,35908
97,36009
97,36215
97,36257
97,36261
97,36341
97,36377
97,36421
97,36431
97,36648
97,36754
97,36778
97,36937
97,37019
97,37101
97,37300
97,37643
97,37696
97,37702
97,37840
97,38037
97,38203
97,38224
97,38352
97,38594
97,38627
97,39033
97,39578
97,39841
97,39906
97,39926
97,39979
97,40213
97,40472
97,40649
97,40752
97,41222
97,41362
97,41580
97,41596
97,41697
97,41895
97,41902
97,41987
97,42013
97,42039
97,42143
97,42154
97,42160
97,42176
97,42269
97,42717
97,42855
97,43128
97,43576
97,44000
97,44132
97,44207
97,44273
97,44278
97,44293
97,44554
97,44573
97,44574
97,44592
97,44618
97,44622
97,44682
97,44806
97,44893
97,45287
97,45375
97,45509
97,45535
97,45611
97,45658
97,45905
97,45956
97,46051
97,46069
97,46201
97,46411
97,46455
97,46558
97,46579
97,46680
97,46937
97,47023
97,47145
97,47344
97,47349
97,47359
97,47385
97,47468
97,47517
97,47942
97,47982
97,48046
97,48252
97,48261
97,48270
97,48408
97,48465
97,48467
97,48829
97,49099
97,49196
97,49316
97,49562
97,49590
97,50010
97,50016
97,50083
97,50108
97,50543
97,50591
97,50617
97,50678
97,50704
97,50809
97,50950
97,50965
97,50992
97,51406
97,51447
97,51502
97,51590
97,51600
97,51764
97,51786
97,52021
97,52066
97,52157
97,52251
97,52352
97,52446
97,52473
97,52496
97,52644
97,53002
97,53443
97,54150
97,54847
98,32400
98,31525
98,31724
98,31731
98,31840
98,31869
98,31939
98,32011
98,32041
98,32163
98,32244
98,32710
98,32850
98,32971
98,33109
98,33177
98,33324
98,33332
98,33888
98,33891
98,34018
98,34235
98,34267
98,34621
98,34785
98,34908
98,34960
98,35114
98,35189
98,35270
98,35285
98,35536
98,35779
98,35922
98,36035
98,36053
98,36257
98,36276
98,36529
98,36908
98,36988
98,37041
98,37053
98,37061
98,37061
98,37357
98,37515
98,37522
98,37641
98,37650
98,37686
98,37782
98,38003
98,38285
98,38370
98,38379
98,38396
98,38670
98,38684
98,38827
98,38901
98,38961
98,39183
98,39246
98,39268
98,39670
98,40109
98,40142
98,40668
98,40895
98,41015
98,41213
98,41328
98,41479
98,41556
98,41630
98,41843
98,42049
98,42371
98,42403
98,42429
98,42664
98,42735
98,42780
98,42879
98,42972
98,43110
98,43205
98,43266
98,43405
98,43489
98,43554
98,43598
98,43727
98,43854
98,43881
98,43906
98,44100
98,44274
98,44356
98,44475
98,44573
98,44677
98,44924
98,44935
98,45061
98,45063
98,45252
98,45387
98,45493
98,45493
98,45619
98,45695
98,45701
98,45985
98,46069
98,46183
98,46197
98,46220
98,46226
98,46377
98,46422
98,46465
98,46588
98,46721
98,46907
98,46996
98,47009
98,47072
98,47498
98,47523
98,47631
98,47742
98,48229
98,48437
98,48575
98,48619
98,48723
98,48889
98,48907
98,49048
98,49070
98,49080
98,49142
98,49386
98,49436
98,49472
98,49493
98,49494
98,49501
98,49764
98,49879
98,49960
98,49973
98,50217
98,50909
98,50969
98,51292
98,51458
98,51547
98,51600
98,51764
98,51901
98,52065
98,52086
98,52120
98,52424
98,52428
98,52492
98,52581
98,52635
98,52643
98,52654
98,52683
98,53035
98,53260
98,53437
98,53558
98,53669
98,53679
98,53682
98,53683
98,53759
98,53765
98,53870
98,53872
98,54006
98,54048
98,54108
98,54205
98,54295
98,54508
98,54621
98,54683
98,54704
98,55216
99,32400
99,31620
99,31632
99,31763
99,31769
99,31816
99,31847
99,32044
99,32198
99,32436
99,32642
99,32673
99,32949
99,33413
99,33653
99,33736
99,33819
99,33900
99,34116
99,34222
99,34224
99,34258
99,34394
99,34491
99,34599
99,34770
99,34867
99,34924
99,35148
99,35319
99,35534
99,35548
99,35576
99,35602
99,36048
99,36659
99,36771
99,36778
99,36972
99,37237
99,37248
99,37503
99,37665
99,37791
99,37825
99,38040
99,38247
99,38291
99,38474
99,38491
99,38550
99,38639
99,39068
99,39091
99,39142
99,39408
99,39581
99,39585
99,39654
99,39765
99,39830
99,39949
99,39989
99,39999
99,40011
99,40135
99,40678
99,40695
99,40768
99,41026
99,41070
99,41071
99,41174
99,41188
99,41188
99,41317
99,41439
99,41507
99,41717
99,41728
99,42013
99,42050
99,42103
99,42436
99,42476
99,42606
99,42622
99,42655
99,42715
99,42792
99,42999
99,43091
99,43321
99,43398
99,43419
99,43499
99,43637
99,43667
99,43669
99,43673
99,43683
99,43840
99,43926
99,43935
99,44060
99,44337
99,44417
99,44554
99,44565
99,45051
99,45134
99,45484
99,45532
99,45658
99,45733
99,45870
99,46108
99,46193
99,46304
99,46323
99,46328
99,46386
99,46698
99,46766
99,46800
99,46943
99,47224
99,47352
99,47615
99,47859
99,48076
99,48202
99,48238
99,48320
99,48387
99,48485
99,48574
99,48615
99,48770
99,48798
99,48819
99,48934
99,48996
99,49024
99,49182
99,49331
99,49445
99,49611
99,49677
99,49989
99,49999
99,50053
99,50055
99,50099
99,50360
99,50431
99,50450
99,50705
99,50787
99,50834
99,50857
99,50866
99,50971
99,50992
99,51353
99,51603
99,51850
99,51984
99,52023
99,52042
99,52259
99,52756
99,52825
99,52985
99,53042
99,53069
99,53072
99,53091
99,53186
99,53188
99,53199
99,53229
99,53532
99,53708
99,53829
99,53867
99,53877
99,53910
99,54041
99,54343
99,54556
99,54790
99,54946
99,54959
