replica,deadlines
0,61200
0,43295
0,43588
0,61200
0,61200
0,44125
0,44139
0,44367
0,44439
0,44702
0,44856
0,45078
0,61200
0,45155
0,61200
0,45571
0,45784
0,61200
0,45964
0,61200
0,61200
0,46637
0,46686
0,61200
0,61200
0,46961
0,61200
0,46999
0,47136
0,61200
0,47274
0,47742
0,61200
0,61200
0,61200
0,48194
0,48213
0,48362
0,48948
0,49126
0,49257
0,49466
0,49516
0,61200
0,49669
0,61200
0,61200
0,50002
0,61200
0,50210
0,50342
0,50448
0,50496
0,50639
0,50734
0,50978
0,51065
0,61200
0,51520
0,51533
0,61200
0,61200
0,51763
0,61200
0,51839
0,61200
0,61200
0,61200
0,52699
0,52739
0,52859
0,52910
0,53039
0,61200
0,61200
0,61200
0,61200
0,53831
0,53998
0,61200
0,54024
0,54047
0,54350
0,61200
0,54596
0,54690
0,54778
0,54859
0,54905
0,61200
0,61200
0,55315
0,55458
0,55513
0,55527
0,61200
0,61200
0,55997
0,56003
0,56082
0,56095
0,56118
0,61200
0,56345
0,56458
0,61200
0,56666
0,61200
0,56934
0,57023
0,57266
0,61200
0,57424
0,57470
0,57501
0,57620
0,57778
0,57801
0,57915
0,61200
0,61200
0,58381
0,58629
0,58724
0,58764
0,58881
0,58889
0,59101
0,61200
0,59272
0,59453
0,59514
0,61200
0,59627
0,61200
0,61200
0,61200
0,60147
0,60179
0,60211
0,60241
0,61200
0,60619
0,60977
0,60988
0,61200
0,61147
0,61165
0,61773
0,61869
0,61200
0,62004
0,62046
0,62123
0,62400
0,62584
0,61200
0,62967
0,61200
0,63103
0,61200
0,61200
0,63351
0,61200
0,63581
0,63621
0,63629
0,61200
0,61200
0,63814
0,61200
0,61200
0,64154
0,61200
0,61200
0,64471
0,64523
0,61200
0,61200
0,61200
0,61200
0,65208
0,61200
0,61200
0,61200
0,61200
0,61200
0,61200
0,61200
1,61200
1,61200
1,61200
1,61200
1,43589
1,61200
1,43989
1,43995
1,44032
1,44071
1,61200
1,44185
1,44213
1,61200
1,44332
1,44410
1,44562
1,44641
1,61200
1,61200
1,44700
1,61200
1,44838
1,61200
1,44997
1,61200
1,61200
1,45725
1,45751
1,45751
1,45971
1,61200
1,61200
1,61200
1,46420
1,46470
1,46511
1,46538
1,61200
1,46716
1,46798
1,61200
1,47239
1,47263
1,61200
1,47408
1,61200
1,61200
1,47640
1,48092
1,48179
1,48336
1,61200
1,48413
1,61200
1,61200
1,48562
1,61200
1,61200
1,49053
1,49565
1,49656
1,49740
1,49741
1,50028
1,50063
1,50443
1,50459
1,50523
1,61200
1,50974
1,50990
1,51013
1,61200
1,51179
1,51599
1,61200
1,52147
1,52447
1,61200
1,52792
1,52839
1,52911
1,61200
1,53090
1,61200
1,53238
1,53279
1,61200
1,61200
1,61200
1,61200
1,53896
1,54189
1,61200
1,61200
1,54397
1,54512
1,54629
1,54744
1,54950
1,54955
1,54986
1,61200
1,61200
1,61200
1,61200
1,61200
1,61200
1,56012
1,56025
1,56229
1,61200
1,56370
1,56799
1,61200
1,61200
1,56937
1,56953
1,61200
1,57450
1,57456
1,57641
1,57650
1,57798
1,57823
1,57940
1,61200
1,58140
1,58190
1,58235
1,61200
1,61200
1,61200
1,59259
1,59336
1,59469
1,59494
1,61200
1,61200
1,59893
1,60153
1,60418
1,60710
1,61200
1,60843
1,60939
1,61050
1,61075
1,61259
1,61290
1,61200
1,61472
1,61200
1,61200
1,61200
1,61800
1,61878
1,61200
1,62190
1,61200
1,62518
1,61200
1,62986
1,61200
1,61200
1,61200
1,61200
1,64033
1,64263
1,61200
1,64474
1,61200
1,64501
1,64628
1,64734
1,61200
1,64809
1,64886
1,61200
1,61200
1,61200
1,65462
1,61200
1,65564
1,65857
1,65999
1,61200
1,61200
2,61200
2,43421
2,43566
2,43567
2,43624
2,43778
2,61200
2,61200
2,43889
2,61200
2,43915
2,44053
2,61200
2,61200
2,44323
2,44382
2,44386
2,61200
2,44869
2,61200
2,45089
2,45197
2,45198
2,45401
2,61200
2,61200
2,61200
2,45731
2,61200
2,45945
2,61200
2,46161
2,61200
2,46242
2,46251
2,46318
2,61200
2,46373
2,61200
2,61200
2,46652
2,46718
2,46739
2,61200
2,46871
2,46913
2,61200
2,47119
2,61200
2,47309
2,61200
2,47550
2,47624
2,47850
2,61200
2,61200
2,48107
2,61200
2,61200
2,61200
2,48683
2,48685
2,61200
2,48721
2,48829
2,61200
2,48877
2,48898
2,48957
2,48986
2,61200
2,49560
2,49616
2,61200
2,49812
2,61200
2,61200
2,49927
2,61200
2,49977
2,61200
2,61200
2,50180
2,61200
2,50490
2,61200
2,50653
2,61200
2,50899
2,51052
2,51065
2,61200
2,51168
2,61200
2,61200
2,51251
2,51344
2,51428
2,51431
2,51621
2,61200
2,61200
2,51869
2,61200
2,51936
2,52043
2,61200
2,61200
2,61200
2,52150
2,61200
2,52578
2,61200
2,61200
2,61200
2,52867
2,52946
2,53031
2,61200
2,61200
2,53313
2,53579
2,53593
2,61200
2,61200
2,53845
2,61200
2,61200
2,53998
2,61200
2,61200
2,54963
2,55075
2,55207
2,55227
2,55248
2,61200
2,61200
2,61200
2,61200
2,56122
2,61200
2,56616
2,56791
2,61200
2,56864
2,56878
2,56931
2,57009
2,57101
2,57156
2,61200
2,57351
2,57754
2,61200
2,61200
2,61200
2,61200
2,58605
2,58648
2,58739
2,61200
2,58912
2,61200
2,61200
2,59095
2,59231
2,59245
2,59259
2,59341
2,61200
2,59377
2,59626
2,61200
2,59923
2,61200
2,60018
2,60023
2,60372
2,60545
2,60619
2,60703
2,60852
2,61129
2,61158
2,61206
2,61336
2,61601
2,61630
2,61677
2,61688
2,61790
2,62098
2,62169
2,61200
2,62356
2,62431
2,62744
2,62906
2,63105
2,63106
2,61200
2,61200
2,61200
2,61200
2,63995
2,64181
2,64197
2,61200
2,61200
2,65083
2,65197
2,65350
2,65486
2,65513
2,65831
2,65951
2,61200
2,61200
2,61200
3,61200
3,43630
3,61200
3,43900
3,61200
3,44196
3,44258
3,44296
3,44338
3,44535
3,44629
3,44739
3,45016
3,45042
3,45226
3,45387
3,45553
3,61200
3,45764
3,61200
3,61200
3,45913
3,46312
3,46345
3,46378
3,61200
3,61200
3,61200
3,46607
3,61200
3,46892
3,61200
3,47136
3,47198
3,47430
3,61200
3,47499
3,61200
3,47548
3,47631
3,61200
3,48043
3,48261
3,48433
3,61200
3,48526
3,61200
3,48753
3,48783
3,49042
3,49061
3,61200
3,49493
3,61200
3,49646
3,49798
3,61200
3,61200
3,50298
3,50345
3,50358
3,50372
3,50448
3,50527
3,61200
3,61200
3,50648
3,61200
3,61200
3,51245
3,61200
3,51641
3,61200
3,51770
3,51772
3,61200
3,51926
3,51948
3,61200
3,52250
3,52250
3,52370
3,52521
3,52568
3,61200
3,52654
3,61200
3,61200
3,52723
3,52959
3,61200
3,61200
3,53280
3,53895
3,54075
3,61200
3,54142
3,61200
3,54583
3,54776
3,54810
3,54901
3,55112
3,55121
3,55199
3,55661
3,55700
3,61200
3,55886
3,61200
3,56197
3,56442
3,56488
3,61200
3,56820
3,61200
3,61200
3,57300
3,57353
3,57365
3,57494
3,61200
3,57692
3,57881
3,61200
3,57951
3,58112
3,61200
3,58316
3,58452
3,58472
3,61200
3,58539
3,58876
3,61200
3,58960
3,61200
3,61200
3,59063
3,61200
3,61200
3,61200
3,59319
3,59396
3,61200
3,59691
3,59719
3,59806
3,59969
3,60281
3,60311
3,61200
3,60504
3,60538
3,60818
3,60978
3,61200
3,61169
3,61200
3,61278
3,61298
3,61637
3,61640
3,61200
3,61846
3,62118
3,61200
3,61200
3,61200
3,62488
3,61200
3,62644
3,61200
3,62901
3,62922
3,61200
3,63143
3,63143
3,63158
3,63294
3,61200
3,61200
3,61200
3,63757
3,61200
3,63944
3,64031
3,64079
3,64212
3,64256
3,64322
3,64478
3,61200
3,64572
3,61200
3,61200
3,61200
3,61200
3,61200
3,65017
3,65029
3,61200
3,61200
3,61200
3,65446
3,65591
3,61200
3,61200
3,61200
3,61200
3,61200
4,61200
4,61200
4,61200
4,61200
4,44289
4,61200
4,44983
4,45016
4,61200
4,45114
4,45142
4,61200
4,61200
4,45915
4,61200
4,61200
4,46851
4,46891
4,46918
4,46933
4,47086
4,61200
4,61200
4,47595
4,47749
4,47755
4,47834
4,47927
4,47993
4,61200
4,61200
4,48513
4,61200
4,48614
4,49071
4,49170
4,49239
4,61200
4,49527
4,61200
4,49762
4,61200
4,50258
4,50304
4,50368
4,61200
4,61200
4,61200
4,50470
4,50478
4,50711
4,61200
4,50937
4,51069
4,61200
4,61200
4,51435
4,61200
4,51479
4,51514
4,51568
4,61200
4,61200
4,61200
4,52415
4,61200
4,61200
4,52773
4,52895
4,61200
4,61200
4,53164
4,53216
4,53285
4,53579
4,53992
4,54005
4,54031
4,61200
4,54153
4,61200
4,54399
4,54399
4,54597
4,54676
4,54698
4,54944
4,61200
4,54961
4,55067
4,55287
4,61200
4,55594
4,55605
4,55771
4,55857
4,55976
4,56059
4,61200
4,61200
4,56294
4,56301
4,56327
4,56339
4,56545
4,61200
4,61200
4,61200
4,61200
4,57216
4,57298
4,57403
4,61200
4,57468
4,61200
4,57530
4,57583
4,57739
4,57864
4,61200
4,58270
4,58425
4,61200
4,58600
4,61200
4,58875
4,61200
4,61200
4,61200
4,59449
4,59487
4,61200
4,59859
4,61200
4,60035
4,60046
4,60312
4,61200
4,61200
4,60460
4,61200
4,60527
4,61200
4,60974
4,61200
4,60985
4,61200
4,61200
4,61200
4,61700
4,61808
4,61843
4,61861
4,61200
4,62146
4,62267
4,62480
4,62733
4,62772
4,61200
4,63154
4,63186
4,63690
4,61200
4,63766
4,63913
4,64235
4,61200
4,64261
4,61200
4,61200
4,61200
4,64613
4,64774
4,61200
4,61200
4,65150
4,61200
4,61200
4,61200
4,65811
4,66051
4,61200
4,61200
4,61200
5,61200
5,61200
5,61200
5,61200
5,43777
5,43793
5,44477
5,61200
5,61200
5,61200
5,44857
5,44869
5,61200
5,45034
5,45061
5,45087
5,61200
5,45195
5,45519
5,45626
5,61200
5,45938
5,46044
5,46115
5,46378
5,61200
5,61200
5,47052
5,61200
5,61200
5,47421
5,61200
5,61200
5,48066
5,48121
5,61200
5,48483
5,48659
5,48675
5,61200
5,49514
5,61200
5,61200
5,49795
5,49925
5,61200
5,61200
5,50078
5,50088
5,50107
5,50152
5,50248
5,50325
5,61200
5,50739
5,50990
5,51180
5,51266
5,51306
5,61200
5,61200
5,51599
5,61200
5,61200
5,61200
5,51943
5,51982
5,52050
5,52182
5,52237
5,52350
5,61200
5,61200
5,52976
5,61200
5,53059
5,61200
5,61200
5,61200
5,53344
5,61200
5,53362
5,53641
5,61200
5,53808
5,53910
5,54174
5,61200
5,54433
5,61200
5,61200
5,54522
5,54562
5,61200
5,61200
5,61200
5,54848
5,54859
5,54888
5,61200
5,55143
5,61200
5,61200
5,55431
5,61200
5,55616
5,55654
5,61200
5,55867
5,56031
5,61200
5,56204
5,56283
5,56403
5,56501
5,56558
5,61200
5,56753
5,61200
5,56799
5,56862
5,61200
5,61200
5,56922
5,57023
5,61200
5,61200
5,57203
5,61200
5,57256
5,57257
5,61200
5,57473
5,57487
5,57498
5,57544
5,57830
5,57976
5,58038
5,61200
5,59059
5,59178
5,59528
5,59555
5,59567
5,60096
5,60105
5,61200
5,61200
5,60642
5,60809
5,61237
5,61200
5,61381
5,61200
5,61581
5,61200
5,61901
5,62316
5,61200
5,62473
5,62570
5,62683
5,62797
5,62830
5,62857
5,61200
5,62887
5,61200
5,61200
5,63075
5,63102
5,63168
5,63294
5,63555
5,63936
5,64129
5,64337
5,64488
5,64811
5,61200
5,65113
5,65118
5,61200
5,65717
5,61200
5,61200
5,61200
5,61200
5,61200
5,61200
5,61200
5,61200
6,61200
6,61200
6,61200
6,43214
6,61200
6,43517
6,43687
6,43753
6,43779
6,43796
6,44231
6,44263
6,44281
6,61200
6,61200
6,61200
6,61200
6,44517
6,44775
6,61200
6,45026
6,45669
6,61200
6,46130
6,61200
6,61200
6,46727
6,46790
6,61200
6,47353
6,47405
6,47444
6,47719
6,47765
6,47873
6,48022
6,48192
6,48293
6,48775
6,61200
6,61200
6,49580
6,49855
6,61200
6,61200
6,50811
6,61200
6,51005
6,61200
6,51162
6,51180
6,51360
6,51534
6,61200
6,61200
6,51699
6,51980
6,61200
6,52025
6,52140
6,61200
6,61200
6,61200
6,53007
6,53054
6,53148
6,53167
6,61200
6,61200
6,61200
6,61200
6,53751
6,61200
6,61200
6,53954
6,61200
6,54066
6,61200
6,61200
6,61200
6,54804
6,54816
6,61200
6,55432
6,55533
6,61200
6,56205
6,56330
6,61200
6,56534
6,56668
6,61200
6,61200
6,57058
6,57256
6,57416
6,57599
6,61200
6,57662
6,57734
6,61200
6,61200
6,61200
6,61200
6,61200
6,58425
6,58546
6,61200
6,58720
6,58783
6,58906
6,61200
6,59214
6,61200
6,59662
6,59673
6,59673
6,59980
6,61200
6,61200
6,61200
6,61200
6,60189
6,60672
6,60926
6,61031
6,61200
6,61566
6,61617
6,61200
6,61785
6,62014
6,61200
6,62152
6,61200
6,61200
6,61200
6,62463
6,61200
6,62900
6,61200
6,61200
6,63527
6,63615
6,61200
6,63709
6,63985
6,61200
6,64397
6,61200
6,64700
6,64877
6,65532
6,65666
6,65672
6,61200
6,66008
6,66023
6,61200
6,61200
6,61200
6,61200
7,61200
7,61200
7,61200
7,43492
7,61200
7,61200
7,43688
7,61200
7,43713
7,61200
7,43960
7,44041
7,61200
7,61200
7,61200
7,44463
7,44609
7,61200
7,45043
7,61200
7,45382
7,61200
7,61200
7,45844
7,45845
7,61200
7,61200
7,46033
7,61200
7,61200
7,46377
7,61200
7,61200
7,47087
7,61200
7,61200
7,61200
7,61200
7,61200
7,47553
7,47611
7,47667
7,47793
7,47875
7,48018
7,48237
7,61200
7,48584
7,61200
7,61200
7,48982
7,61200
7,49136
7,49524
7,49551
7,49626
7,61200
7,49732
7,49867
7,50124
7,61200
7,50401
7,61200
7,50466
7,50779
7,50938
7,61200
7,50999
7,61200
7,61200
7,51177
7,51294
7,51325
7,51455
7,61200
7,61200
7,51634
7,61200
7,61200
7,51865
7,52014
7,61200
7,52255
7,52493
7,52502
7,61200
7,52758
7,52916
7,61200
7,61200
7,53022
7,53246
7,61200
7,61200
7,53474
7,53498
7,61200
7,53559
7,61200
7,61200
7,53976
7,54302
7,54323
7,54627
7,61200
7,54687
7,54699
7,61200
7,54847
7,54988
7,55184
7,61200
7,55528
7,61200
7,61200
7,55907
7,56065
7,56128
7,61200
7,61200
7,56191
7,61200
7,56238
7,56261
7,61200
7,56453
7,61200
7,56527
7,61200
7,56676
7,56720
7,61200
7,61200
7,56985
7,61200
7,57531
7,57667
7,61200
7,57964
7,58014
7,61200
7,61200
7,58356
7,58406
7,58544
7,61200
7,61200
7,59123
7,59125
7,61200
7,59173
7,61200
7,59373
7,59373
7,59382
7,59400
7,59456
7,59605
7,59617
7,59692
7,59693
7,61200
7,59833
7,60036
7,60067
7,60125
7,61200
7,60217
7,60232
7,60364
7,60655
7,61200
7,60842
7,60973
7,61056
7,61299
7,61200
7,61564
7,61200
7,61200
7,61200
7,61200
7,61200
7,61825
7,61200
7,62041
7,62166
7,61200
7,61200
7,61200
7,62426
7,62450
7,61200
7,62500
7,61200
7,62957
7,62998
7,63021
7,61200
7,63216
7,61200
7,63480
7,61200
7,63632
7,63718
7,61200
7,63990
7,64175
7,64179
7,61200
7,61200
7,64502
7,61200
7,64862
7,61200
7,61200
7,65292
7,61200
7,61200
7,65744
7,65819
7,61200
7,65999
7,61200
7,61200
7,61200
7,61200
8,61200
8,43294
8,43352
8,43379
8,61200
8,43500
8,43653
8,44050
8,44080
8,61200
8,61200
8,44125
8,61200
8,44161
8,44176
8,44183
8,44418
8,44441
8,61200
8,44741
8,61200
8,45282
8,45295
8,61200
8,61200
8,45509
8,46290
8,46381
8,46415
8,46431
8,46456
8,61200
8,46616
8,46629
8,46764
8,61200
8,61200
8,61200
8,46880
8,46881
8,61200
8,47135
8,61200
8,47704
8,47709
8,61200
8,47876
8,61200
8,48112
8,48176
8,61200
8,61200
8,61200
8,61200
8,48823
8,48841
8,61200
8,61200
8,49065
8,61200
8,49310
8,61200
8,49559
8,49565
8,49752
8,61200
8,61200
8,49815
8,50030
8,61200
8,50453
8,61200
8,51012
8,61200
8,61200
8,51361
8,61200
8,51707
8,61200
8,61200
8,61200
8,52331
8,61200
8,52600
8,61200
8,52617
8,52652
8,52737
8,61200
8,52929
8,53104
8,53276
8,53290
8,53299
8,61200
8,53351
8,61200
8,53763
8,61200
8,61200
8,54208
8,61200
8,54665
8,54806
8,55227
8,61200
8,56077
8,56155
8,56310
8,61200
8,56630
8,56933
8,61200
8,57234
8,57241
8,57634
8,61200
8,57839
8,61200
8,57986
8,61200
8,58159
8,58353
8,61200
8,61200
8,58606
8,58714
8,58954
8,61200
8,59191
8,61200
8,59330
8,59354
8,59374
8,59621
8,59633
8,61200
8,59814
8,61200
8,61200
8,61200
8,61200
8,61028
8,61130
8,61310
8,61423
8,61486
8,61556
8,61200
8,61818
8,61877
8,62080
8,62210
8,61200
8,62310
8,62328
8,61200
8,61200
8,61200
8,62642
8,62832
8,61200
8,63223
8,63284
8,61200
8,63593
8,63631
8,63712
8,63823
8,61200
8,64212
8,61200
8,64447
8,61200
8,61200
8,65017
8,61200
8,61200
8,65730
8,61200
8,61200
8,61200
8,61200
8,61200
9,61200
9,43247
9,43600
9,43703
9,43811
9,43824
9,61200
9,44041
9,44050
9,44215
9,44253
9,44344
9,44387
9,44440
9,61200
9,44564
9,61200
9,45010
9,45265
9,45643
9,45674
9,45797
9,61200
9,61200
9,61200
9,46193
9,61200
9,46589
9,61200
9,46848
9,61200
9,47021
9,61200
9,47090
9,47251
9,47260
9,61200
9,61200
9,47695
9,47723
9,61200
9,47852
9,47936
9,48004
9,48047
9,48314
9,48412
9,48546
9,48564
9,61200
9,48610
9,48867
9,48999
9,49057
9,49164
9,49179
9,61200
9,49342
9,49432
9,49434
9,61200
9,49633
9,49873
9,50151
9,50333
9,50334
9,50424
9,50550
9,50769
9,50839
9,50868
9,50881
9,50897
9,50935
9,61200
9,51076
9,61200
9,51222
9,51327
9,51345
9,61200
9,51512
9,61200
9,51618
9,51735
9,61200
9,51908
9,51930
9,51931
9,61200
9,61200
9,61200
9,52484
9,52538
9,61200
9,52769
9,61200
9,52978
9,53302
9,61200
9,53657
9,61200
9,61200
9,61200
9,61200
9,61200
9,61200
9,54218
9,61200
9,61200
9,61200
9,54753
9,61200
9,55184
9,55263
9,55454
9,55531
9,61200
9,55625
9,55731
9,55894
9,55969
9,56017
9,56138
9,61200
9,61200
9,56398
9,61200
9,61200
9,56598
9,61200
9,61200
9,61200
9,61200
9,61200
9,57734
9,57748
9,57843
9,58137
9,58527
9,58586
9,61200
9,58742
9,58836
9,58925
9,59086
9,59181
9,59289
9,59458
9,59665
9,59811
9,61200
9,60083
9,60107
9,61200
9,60226
9,60238
9,60330
9,60358
9,60815
9,61040
9,61453
9,61200
9,61200
9,63024
9,61200
9,61200
9,63377
9,63609
9,61200
9,61200
9,61200
9,64086
9,64235
9,64442
9,64484
9,64494
9,61200
9,64646
9,64659
9,61200
9,64923
9,61200
9,61200
9,65237
9,65804
9,61200
9,61200
9,61200
9,61200
9,61200
9,61200
9,61200
10,61200
10,43244
10,61200
10,43467
10,43504
10,43557
10,61200
10,43871
10,43914
10,44084
10,61200
10,61200
10,44424
10,44852
10,44959
10,61200
10,61200
10,45347
10,45348
10,61200
10,61200
10,45580
10,45609
10,45616
10,45648
10,61200
10,61200
10,45934
10,45960
10,46671
10,61200
10,46948
10,61200
10,61200
10,61200
10,61200
10,61200
10,47504
10,47645
10,47786
10,47943
10,47982
10,48071
10,48196
10,48278
10,61200
10,48364
10,61200
10,61200
10,48618
10,48619
10,48813
10,61200
10,48882
10,48907
10,48996
10,49028
10,61200
10,49162
10,61200
10,61200
10,49523
10,61200
10,49793
10,49841
10,49903
10,61200
10,61200
10,61200
10,50322
10,50585
10,50590
10,61200
10,61200
10,61200
10,50962
10,50999
10,51243
10,51362
10,51640
10,51755
10,61200
10,51959
10,61200
10,61200
10,61200
10,52303
10,52737
10,52800
10,61200
10,52874
10,61200
10,61200
10,52999
10,53034
10,61200
10,53045
10,61200
10,53521
10,53599
10,53656
10,61200
10,53841
10,54116
10,54329
10,54338
10,61200
10,54452
10,54474
10,54701
10,61200
10,54906
10,55005
10,55320
10,55346
10,55396
10,61200
10,56285
10,61200
10,56703
10,61200
10,56851
10,56954
10,61200
10,57264
10,57318
10,61200
10,61200
10,61200
10,57631
10,57650
10,57685
10,57737
10,57753
10,57883
10,61200
10,58093
10,61200
10,61200
10,61200
10,61200
10,58311
10,58366
10,58389
10,61200
10,61200
10,58811
10,61200
10,58890
10,58896
10,59156
10,61200
10,61200
10,59300
10,59688
10,61200
10,59742
10,59781
10,59841
10,59877
10,61200
10,60074
10,61200
10,61200
10,61200
10,61200
10,60421
10,60688
10,60791
10,60932
10,61120
10,61200
10,61200
10,61415
10,61746
10,61852
10,62033
10,61200
10,62174
10,62268
10,61200
10,61200
10,62512
10,61200
10,61200
10,63336
10,61200
10,63405
10,63554
10,63739
10,63807
10,63969
10,64034
10,64065
10,61200
10,64197
10,64354
10,65006
10,65165
10,61200
10,65209
10,61200
10,65473
10,65882
10,61200
10,61200
10,61200
11,61200
11,43400
11,43470
11,61200
11,61200
11,43739
11,43802
11,61200
11,43912
11,44163
11,61200
11,61200
11,44230
11,61200
11,44729
11,44745
11,61200
11,61200
11,45231
11,45329
11,45449
11,45450
11,45965
11,61200
11,61200
11,46336
11,46394
11,61200
11,46493
11,61200
11,61200
11,46740
11,47032
11,61200
11,61200
11,47223
11,61200
11,61200
11,47679
11,61200
11,47804
11,47858
11,61200
11,48220
11,61200
11,48504
11,61200
11,61200
11,49060
11,49108
11,61200
11,61200
11,49617
11,61200
11,49646
11,61200
11,61200
11,49818
11,49969
11,61200
11,50295
11,50300
11,50531
11,50622
11,61200
11,50861
11,50999
11,51026
11,61200
11,51387
11,61200
11,61200
11,51596
11,61200
11,51791
11,61200
11,61200
11,61200
11,61200
11,61200
11,52123
11,52161
11,52414
11,52442
11,52466
11,52500
11,53140
11,61200
11,61200
11,53275
11,61200
11,61200
11,61200
11,61200
11,61200
11,61200
11,53612
11,53894
11,61200
11,61200
11,61200
11,54502
11,61200
11,61200
11,55079
11,61200
11,55275
11,61200
11,61200
11,61200
11,56007
11,56025
11,61200
11,56348
11,56402
11,56464
11,56501
11,56568
11,61200
11,56806
11,56891
11,61200
11,56921
11,56999
11,57217
11,61200
11,61200
11,61200
11,61200
11,57704
11,57829
11,61200
11,58341
11,61200
11,61200
11,58742
11,58856
11,58899
11,58999
11,61200
11,61200
11,61200
11,59877
11,61200
11,60137
11,60173
11,60277
11,60524
11,60544
11,61200
11,61200
11,60897
11,61200
11,61200
11,61163
11,61200
11,61286
11,61326
11,61357
11,61551
11,61200
11,61200
11,61200
11,61916
11,62027
11,62206
11,62290
11,62319
11,61200
11,61200
11,62878
11,61200
11,62927
11,61200
11,63349
11,61200
11,61200
11,63687
11,63687
11,63710
11,63838
11,64055
11,64267
11,64496
11,64665
11,64799
11,64992
11,61200
11,65422
11,65423
11,65436
11,61200
11,65616
11,65856
11,61200
11,61200
11,61200
11,61200
11,61200
12,61200
12,43282
12,43617
12,43701
12,43757
12,43778
12,61200
12,43900
12,61200
12,61200
12,61200
12,44285
12,44343
12,61200
12,61200
12,44627
12,44686
12,44808
12,45070
12,61200
12,61200
12,45617
12,61200
12,61200
12,61200
12,45725
12,61200
12,45824
12,46126
12,61200
12,46341
12,61200
12,46486
12,61200
12,46913
12,61200
12,47714
12,61200
12,47960
12,61200
12,48082
12,61200
12,48221
12,48253
12,48457
12,48558
12,61200
12,48795
12,61200
12,61200
12,48955
12,61200
12,49253
12,49259
12,49288
12,61200
12,50007
12,50071
12,50231
12,61200
12,50391
12,50438
12,61200
12,50484
12,61200
12,61200
12,50696
12,61200
12,50845
12,61200
12,50918
12,51042
12,51188
12,51283
12,51383
12,51392
12,51467
12,51645
12,51947
12,52029
12,52258
12,52360
12,52638
12,52779
12,52795
12,61200
12,52981
12,61200
12,53243
12,53427
12,53431
12,53496
12,53617
12,53657
12,53675
12,61200
12,54430
12,54445
12,61200
12,54561
12,54585
12,61200
12,55240
12,61200
12,55340
12,55461
12,55476
12,55593
12,55723
12,55795
12,55816
12,61200
12,55912
12,56010
12,56147
12,61200
12,61200
12,61200
12,56298
12,61200
12,56327
12,56498
12,56553
12,56645
12,61200
12,56801
12,56924
12,61200
12,57012
12,57105
12,61200
12,57595
12,57877
12,57923
12,57939
12,58074
12,61200
12,58186
12,58188
12,58223
12,61200
12,58355
12,58355
12,58884
12,61200
12,58995
12,59388
12,59453
12,59463
12,61200
12,60065
12,60080
12,60156
12,60220
12,61200
12,61200
12,61200
12,61200
12,61200
12,61037
12,61200
12,61159
12,61200
12,61311
12,61200
12,61579
12,61721
12,61807
12,61817
12,61857
12,61973
12,62046
12,61200
12,61200
12,62119
12,61200
12,62428
12,61200
12,62962
12,62987
12,63005
12,63119
12,63208
12,63478
12,63683
12,61200
12,63797
12,63812
12,61200
12,61200
12,64188
12,64328
12,64769
12,64828
12,61200
12,64934
12,65247
12,65272
12,65433
12,65484
12,61200
12,65546
12,61200
12,61200
12,61200
12,61200
12,61200
13,61200
13,61200
13,43321
13,61200
13,43563
13,61200
13,43762
13,43936
13,44133
13,44135
13,44308
13,44309
13,44400
13,44627
13,61200
13,61200
13,45300
13,45437
13,45682
13,45857
13,61200
13,46056
13,46205
13,46225
13,46283
13,46308
13,46487
13,46634
13,46722
13,46935
13,47138
13,47306
13,61200
13,47388
13,47389
13,47448
13,61200
13,61200
13,47620
13,61200
13,47794
13,61200
13,47939
13,47988
13,61200
13,48066
13,48299
13,48467
13,61200
13,48630
13,61200
13,48872
13,61200
13,49428
13,61200
13,49744
13,61200
13,49776
13,61200
13,50067
13,50092
13,61200
13,50333
13,61200
13,61200
13,50723
13,61200
13,51222
13,61200
13,51446
13,51447
13,51554
13,51639
13,51692
13,61200
13,52070
13,52303
13,52320
13,52597
13,61200
13,52836
13,52978
13,52987
13,52999
13,53053
13,53153
13,53278
13,61200
13,61200
13,61200
13,53765
13,53802
13,53805
13,53984
13,61200
13,54489
13,61200
13,61200
13,61200
13,55272
13,55311
13,55348
13,55597
13,55677
13,55761
13,55773
13,55967
13,56038
13,61200
13,56273
13,56344
13,56678
13,56851
13,61200
13,56922
13,57026
13,61200
13,57127
13,57218
13,57249
13,57269
13,57337
13,57354
13,61200
13,58141
13,58181
13,61200
13,58533
13,61200
13,61200
13,61200
13,59156
13,61200
13,59463
13,61200
13,59707
13,59709
13,59765
13,59788
13,60015
13,60026
13,61200
13,60080
13,60097
13,61200
13,60127
13,60206
13,60383
13,61200
13,61200
13,61200
13,61080
13,61337
13,61377
13,61382
13,61402
13,61542
13,61200
13,61200
13,61727
13,61200
13,61200
13,61874
13,61200
13,61200
13,62077
13,61200
13,62203
13,62277
13,61200
13,61200
13,62504
13,61200
13,62643
13,62663
13,62674
13,62759
13,62968
13,63039
13,63202
13,61200
13,61200
13,61200
13,63543
13,63551
13,61200
13,63694
13,61200
13,64153
13,61200
13,64306
13,64326
13,64350
13,61200
13,64789
13,61200
13,61200
13,65365
13,65488
13,61200
13,61200
13,61200
13,61200
13,61200
13,61200
14,61200
14,61200
14,43289
14,43429
14,43501
14,43611
14,61200
14,43899
14,61200
14,44147
14,61200
14,61200
14,44664
14,44821
14,45156
14,45168
14,45183
14,45624
14,61200
14,61200
14,45922
14,61200
14,46218
14,61200
14,46309
14,61200
14,61200
14,46587
14,46747
14,46880
14,61200
14,47512
14,47566
14,61200
14,47600
14,61200
14,47939
14,61200
14,61200
14,48211
14,48336
14,48342
14,48679
14,48696
14,48718
14,48724
14,61200
14,48878
14,48937
14,61200
14,61200
14,49258
14,49416
14,49527
14,49528
14,61200
14,49586
14,61200
14,50118
14,50133
14,61200
14,50458
14,50524
14,61200
14,61200
14,50605
14,61200
14,50885
14,50958
14,61200
14,51117
14,51119
14,51337
14,51551
14,51610
14,51666
14,61200
14,52088
14,61200
14,52218
14,61200
14,52264
14,52313
14,52331
14,52416
14,52432
14,52606
14,52647
14,52939
14,61200
14,61200
14,61200
14,53766
14,61200
14,53803
14,61200
14,54084
14,54266
14,54323
14,54375
14,61200
14,61200
14,54560
14,54595
14,54755
14,54771
14,61200
14,61200
14,61200
14,61200
14,55650
14,55674
14,61200
14,55825
14,61200
14,55965
14,56050
14,56176
14,61200
14,56218
14,56243
14,61200
14,56310
14,56411
14,61200
14,56860
14,61200
14,57254
14,57432
14,57467
14,57481
14,61200
14,61200
14,57795
14,57841
14,57862
14,57945
14,61200
14,58142
14,58151
14,58237
14,58340
14,61200
14,61200
14,61200
14,61200
14,58716
14,61200
14,61200
14,58860
14,61200
14,61200
14,61200
14,59248
14,61200
14,59317
14,61200
14,61200
14,61200
14,59597
14,59607
14,59840
14,59896
14,61200
14,60236
14,60734
14,60913
14,61200
14,60994
14,60995
14,61228
14,61329
14,61495
14,61585
14,61768
14,61987
14,61200
14,62294
14,62306
14,61200
14,62557
14,62571
14,62671
14,62858
14,63003
14,63131
14,61200
14,63271
14,61200
14,61200
14,61200
14,64443
14,64674
14,64971
14,61200
14,65138
14,61200
14,61200
14,61200
14,65928
15,61200
15,61200
15,43249
15,43350
15,43359
15,43470
15,43475
15,61200
15,61200
15,61200
15,61200
15,61200
15,61200
15,61200
15,44213
15,61200
15,44434
15,44463
15,44606
15,44709
15,44753
15,61200
15,61200
15,61200
15,45085
15,45120
15,61200
15,61200
15,45684
15,61200
15,45837
15,45894
15,46113
15,46268
15,61200
15,46413
15,46429
15,46973
15,47037
15,47147
15,47159
15,47167
15,47250
15,47518
15,61200
15,47670
15,61200
15,61200
15,61200
15,48306
15,61200
15,48761
15,48988
15,61200
15,61200
15,49174
15,61200
15,49227
15,61200
15,49422
15,61200
15,49770
15,49786
15,61200
15,50304
15,50831
15,61200
15,61200
15,51280
15,51401
15,61200
15,51751
15,61200
15,51966
15,61200
15,61200
15,61200
15,52571
15,52595
15,52664
15,61200
15,52870
15,61200
15,53004
15,53007
15,53057
15,53095
15,61200
15,61200
15,53532
15,61200
15,53717
15,53868
15,61200
15,53880
15,61200
15,54076
15,61200
15,61200
15,61200
15,61200
15,54878
15,54891
15,55031
15,55076
15,55157
15,61200
15,55235
15,61200
15,55575
15,61200
15,61200
15,61200
15,61200
15,56894
15,61200
15,61200
15,61200
15,57302
15,57334
15,61200
15,57454
15,57500
15,57808
15,57819
15,57860
15,57941
15,61200
15,61200
15,61200
15,61200
15,58350
15,58694
15,61200
15,58917
15,59006
15,61200
15,61200
15,59147
15,59179
15,59198
15,59337
15,61200
15,59531
15,61200
15,59705
15,61200
15,59992
15,60330
15,60526
15,61200
15,61009
15,61119
15,61145
15,61526
15,61200
15,61710
15,61200
15,61872
15,61200
15,62028
15,62050
15,62107
15,62312
15,62406
15,61200
15,62675
15,62746
15,62875
15,62876
15,61200
15,63028
15,61200
15,63246
15,63363
15,63676
15,63677
15,63757
15,63829
15,61200
15,61200
15,61200
15,61200
15,63998
15,61200
15,64230
15,61200
15,61200
15,64667
15,64705
15,64898
15,64991
15,65138
15,65182
15,65260
15,61200
15,65589
15,65622
15,61200
15,65889
15,61200
15,61200
15,61200
16,61200
16,43255
16,43289
16,43375
16,61200
16,61200
16,43863
16,61200
16,44226
16,61200
16,61200
16,61200
16,44648
16,44669
16,61200
16,44722
16,44733
16,44822
16,44899
16,45002
16,61200
16,45110
16,45345
16,61200
16,45460
16,61200
16,45660
16,61200
16,46181
16,46427
16,46620
16,46642
16,46923
16,61200
16,61200
16,61200
16,47419
16,61200
16,61200
16,61200
16,47602
16,47888
16,61200
16,48036
16,48130
16,48142
16,48222
16,61200
16,61200
16,61200
16,48521
16,48561
16,61200
16,61200
16,48715
16,48811
16,48866
16,48878
16,48887
16,49004
16,49206
16,49267
16,49356
16,49453
16,49580
16,49707
16,49959
16,50039
16,61200
16,61200
16,50475
16,50576
16,61200
16,50662
16,50696
16,50919
16,51145
16,61200
16,51530
16,61200
16,51678
16,51961
16,61200
16,61200
16,52075
16,61200
16,61200
16,52202
16,52256
16,52441
16,61200
16,52705
16,52768
16,61200
16,53095
16,53379
16,53421
16,61200
16,53536
16,53630
16,53843
16,53879
16,54226
16,61200
16,61200
16,54884
16,61200
16,55425
16,61200
16,55718
16,61200
16,61200
16,56422
16,56509
16,56712
16,61200
16,56773
16,56897
16,61200
16,57144
16,61200
16,57178
16,57199
16,61200
16,57339
16,57509
16,57686
16,57833
16,57854
16,61200
16,61200
16,61200
16,61200
16,58558
16,61200
16,59739
16,59947
16,61200
16,60175
16,60191
16,60459
16,61200
16,60610
16,61200
16,60897
16,61200
16,61081
16,61200
16,61200
16,61379
16,61487
16,61545
16,61725
16,61200
16,61980
16,61200
16,62004
16,62110
16,62149
16,62203
16,61200
16,61200
16,62600
16,62601
16,62761
16,62772
16,61200
16,62998
16,61200
16,63055
16,61200
16,63120
16,63332
16,63358
16,61200
16,63411
16,61200
16,63851
16,63911
16,63975
16,61200
16,64108
16,61200
16,64432
16,64486
16,64540
16,64939
16,64946
16,65310
16,61200
16,65602
16,61200
16,65856
16,61200
16,61200
17,61200
17,43238
17,43404
17,43433
17,43479
17,61200
17,43526
17,43610
17,43739
17,61200
17,44515
17,44635
17,61200
17,44739
17,44973
17,61200
17,61200
17,61200
17,45409
17,45411
17,61200
17,45818
17,46138
17,46213
17,61200
17,46685
17,46760
17,46777
17,46797
17,46959
17,61200
17,47027
17,61200
17,61200
17,47269
17,61200
17,47306
17,47351
17,47374
17,47594
17,47899
17,47989
17,61200
17,48046
17,48169
17,48177
17,48239
17,48281
17,48371
17,61200
17,48564
17,61200
17,61200
17,48806
17,49089
17,61200
17,49348
17,61200
17,61200
17,61200
17,50126
17,61200
17,61200
17,61200
17,50760
17,50883
17,50958
17,51159
17,51167
17,51297
17,51324
17,51405
17,51445
17,51463
17,51629
17,61200
17,51797
17,51951
17,61200
17,61200
17,52018
17,61200
17,52604
17,52644
17,52677
17,52749
17,52825
17,53319
17,53407
17,61200
17,61200
17,61200
17,61200
17,53902
17,61200
17,61200
17,61200
17,54310
17,61200
17,61200
17,54435
17,61200
17,54593
17,61200
17,61200
17,61200
17,61200
17,55273
17,61200
17,61200
17,61200
17,61200
17,55441
17,61200
17,61200
17,55569
17,55707
17,55740
17,61200
17,55820
17,61200
17,55924
17,56271
17,61200
17,61200
17,56535
17,56598
17,56933
17,61200
17,61200
17,57420
17,57515
17,61200
17,61200
17,57883
17,58106
17,58175
17,58186
17,58196
17,58309
17,58378
17,58569
17,58623
17,58837
17,59288
17,59441
17,59450
17,59565
17,59619
17,60297
17,60374
17,60562
17,60867
17,61101
17,61200
17,61346
17,61422
17,61200
17,61200
17,61684
17,61200
17,61814
17,61837
17,61943
17,61200
17,62202
17,61200
17,62436
17,62800
17,62939
17,62979
17,63010
17,63156
17,63386
17,61200
17,63504
17,63721
17,63840
17,63848
17,61200
17,64082
17,61200
17,64512
17,61200
17,64669
17,61200
17,64899
17,65162
17,61200
17,65206
17,61200
17,65238
17,65300
17,65479
17,65558
17,65609
17,61200
17,65809
17,65851
17,61200
17,66038
17,61200
17,61200
17,61200
17,61200
17,61200
18,61200
18,43227
18,61200
18,43709
18,61200
18,61200
18,43774
18,43801
18,61200
18,43959
18,61200
18,44029
18,61200
18,61200
18,61200
18,61200
18,61200
18,61200
18,44998
18,45338
18,45609
18,45713
18,61200
18,45951
18,46098
18,46133
18,46202
18,46316
18,61200
18,46555
18,46803
18,61200
18,47214
18,61200
18,47391
18,47401
18,47402
18,61200
18,47802
18,48000
18,61200
18,48028
18,48049
18,48081
18,61200
18,61200
18,49261
18,61200
18,61200
18,49559
18,49560
18,49704
18,49900
18,50064
18,50123
18,50164
18,50313
18,50442
18,61200
18,50735
18,51018
18,51117
18,51406
18,61200
18,51893
18,61200
18,51938
18,52059
18,61200
18,52343
18,52353
18,52500
18,52500
18,52674
18,61200
18,52708
18,61200
18,52835
18,52837
18,52905
18,61200
18,53022
18,53099
18,53107
18,61200
18,61200
18,53917
18,54042
18,54217
18,61200
18,61200
18,55207
18,55229
18,61200
18,55474
18,55543
18,55809
18,61200
18,61200
18,56220
18,61200
18,61200
18,61200
18,56557
18,56639
18,56724
18,61200
18,61200
18,57251
18,57276
18,61200
18,61200
18,61200
18,57728
18,57794
18,57870
18,57874
18,58067
18,58212
18,58709
18,58765
18,58906
18,59067
18,59366
18,59382
18,59394
18,59846
18,60157
18,61200
18,60214
18,60477
18,60592
18,60907
18,60963
18,61044
18,61200
18,61200
18,61200
18,61200
18,61298
18,61200
18,61556
18,61731
18,61776
18,61200
18,61200
18,62328
18,62338
18,61200
18,62389
18,62410
18,62414
18,62427
18,62514
18,61200
18,61200
18,61200
18,63175
18,63346
18,63378
18,61200
18,63407
18,63445
18,63506
18,61200
18,63785
18,61200
18,61200
18,63888
18,61200
18,64337
18,64376
18,64567
18,61200
18,61200
18,64865
18,65081
18,65310
18,65401
18,65447
18,61200
18,65670
18,61200
18,65673
18,61200
18,65965
18,61200
18,61200
19,61200
19,61200
19,43490
19,61200
19,43855
19,43987
19,61200
19,44195
19,44234
19,61200
19,44545
19,44627
19,61200
19,61200
19,61200
19,61200
19,61200
19,45099
19,45399
19,61200
19,61200
19,61200
19,61200
19,46034
19,61200
19,46369
19,46414
19,46631
19,61200
19,61200
19,46748
19,61200
19,47001
19,47195
19,61200
19,47448
19,61200
19,47748
19,47929
19,47937
19,47975
19,47988
19,48144
19,48159
19,48331
19,48482
19,48585
19,48615
19,61200
19,48676
19,48848
19,61200
19,61200
19,61200
19,61200
19,61200
19,49412
19,49461
19,49576
19,61200
19,49956
19,50045
19,50104
19,50283
19,61200
19,61200
19,61200
19,50738
19,50762
19,61200
19,61200
19,51008
19,51149
19,51225
19,51470
19,51538
19,51631
19,61200
19,51689
19,51786
19,51888
19,52062
19,61200
19,52078
19,61200
19,61200
19,52511
19,52756
19,61200
19,52867
19,61200
19,53143
19,53203
19,53307
19,53507
19,53522
19,61200
19,53669
19,53920
19,53953
19,53991
19,54013
19,61200
19,54119
19,61200
19,54395
19,54439
19,54462
19,55177
19,55363
19,55638
19,55663
19,55677
19,55868
19,61200
19,61200
19,61200
19,56377
19,61200
19,61200
19,57177
19,57460
19,57861
19,61200
19,61200
19,58199
19,58340
19,61200
19,58612
19,58653
19,58832
19,58906
19,61200
19,61200
19,61200
19,59361
19,59363
19,61200
19,59655
19,59756
19,59830
19,59874
19,59971
19,60000
19,60082
19,60097
19,60155
19,60176
19,60276
19,61200
19,60376
19,61200
19,61200
19,60607
19,60643
19,61200
19,61200
19,61200
19,60920
19,61120
19,61174
19,61200
19,61200
19,61443
19,61459
19,61200
19,61695
19,61769
19,61819
19,61827
19,62097
19,62133
19,61200
19,62343
19,61200
19,61200
19,62625
19,62625
19,62740
19,62882
19,61200
19,63283
19,63295
19,63384
19,63570
19,61200
19,63809
19,61200
19,61200
19,63980
19,64016
19,64102
19,61200
19,64176
19,64223
19,64223
19,64457
19,65012
19,65014
19,65132
19,65178
19,61200
19,65320
19,65376
19,61200
19,65688
19,65822
19,65846
19,65878
19,65882
19,65983
19,66045
19,61200
19,61200
19,61200
20,61200
20,61200
20,43466
20,43486
20,61200
20,44004
20,61200
20,44180
20,44328
20,61200
20,44448
20,44451
20,61200
20,45141
20,61200
20,61200
20,45619
20,45654
20,45697
20,61200
20,45867
20,45875
20,61200
20,61200
20,61200
20,61200
20,46251
20,46518
20,46688
20,61200
20,46851
20,46987
20,61200
20,47300
20,61200
20,47611
20,61200
20,47946
20,61200
20,61200
20,61200
20,48397
20,48450
20,48530
20,48561
20,61200
20,48698
20,48881
20,48924
20,61200
20,61200
20,61200
20,49567
20,61200
20,61200
20,61200
20,61200
20,50015
20,61200
20,50543
20,50617
20,50699
20,61200
20,61200
20,61200
20,50978
20,51362
20,52182
20,61200
20,52450
20,52594
20,52635
20,52638
20,52725
20,52727
20,52729
20,52778
20,61200
20,52930
20,53006
20,53008
20,53143
20,53454
20,61200
20,61200
20,53909
20,53930
20,53954
20,61200
20,61200
20,61200
20,61200
20,54698
20,61200
20,61200
20,61200
20,61200
20,54987
20,55037
20,61200
20,55043
20,61200
20,61200
20,61200
20,55821
20,55894
20,61200
20,61200
20,56150
20,61200
20,61200
20,56238
20,56305
20,61200
20,56477
20,56572
20,56715
20,56721
20,57430
20,57539
20,61200
20,61200
20,61200
20,61200
20,58303
20,61200
20,58317
20,58457
20,58513
20,58584
20,61200
20,58672
20,58736
20,58824
20,59098
20,61200
20,61200
20,59340
20,61200
20,59607
20,61200
20,59905
20,61200
20,61200
20,60169
20,60638
20,61200
20,60899
20,61200
20,61043
20,61059
20,61200
20,61305
20,61200
20,61200
20,61200
20,61658
20,61800
20,61200
20,62291
20,62456
20,62478
20,62617
20,62627
20,62639
20,62976
20,61200
20,63253
20,63254
20,63407
20,61200
20,61200
20,61200
20,63606
20,63616
20,61200
20,63647
20,63851
20,61200
20,64184
20,64233
20,64362
20,64379
20,61200
20,61200
20,64757
20,64775
20,61200
20,61200
20,61200
20,61200
20,65079
20,65106
20,65128
20,61200
20,61200
20,61200
20,65624
20,65837
20,65840
20,61200
20,61200
21,61200
21,61200
21,43688
21,43907
21,61200
21,61200
21,44269
21,44294
21,44407
21,44521
21,44526
21,61200
21,44606
21,44661
21,61200
21,61200
21,44717
21,44877
21,61200
21,45300
21,45310
21,61200
21,45478
21,45916
21,61200
21,45995
21,46064
21,61200
21,61200
21,61200
21,61200
21,46679
21,46732
21,46844
21,46877
21,61200
21,47095
21,47810
21,47893
21,61200
21,48339
21,48373
21,61200
21,61200
21,48571
21,48606
21,61200
21,48845
21,48871
21,61200
21,49056
21,49367
21,61200
21,49411
21,49428
21,49700
21,61200
21,61200
21,61200
21,61200
21,61200
21,50541
21,61200
21,61200
21,50672
21,61200
21,61200
21,50909
21,61200
21,61200
21,61200
21,52019
21,52151
21,61200
21,52349
21,52478
21,52522
21,52659
21,52715
21,52801
21,61200
21,52852
21,61200
21,52878
21,52920
21,52950
21,53441
21,53563
21,53576
21,53713
21,53756
21,61200
21,61200
21,53941
21,53969
21,61200
21,61200
21,61200
21,54256
21,54505
21,61200
21,54841
21,54907
21,61200
21,55031
21,55222
21,61200
21,61200
21,55566
21,61200
21,55750
21,55816
21,61200
21,56082
21,61200
21,61200
21,56282
21,61200
21,56579
21,56635
21,56639
21,56665
21,56682
21,56865
21,61200
21,57101
21,57112
21,57307
21,57366
21,61200
21,61200
21,57610
21,57655
21,57682
21,57781
21,57898
21,57951
21,61200
21,61200
21,61200
21,61200
21,58635
21,61200
21,58999
21,59074
21,59231
21,59291
21,59337
21,59435
21,59435
21,61200
21,61200
21,59744
21,61200
21,59822
21,61200
21,59932
21,61200
21,60153
21,60265
21,61200
21,60473
21,60569
21,60656
21,61200
21,60909
21,61200
21,61200
21,61200
21,61200
21,61830
21,62436
21,61200
21,61200
21,63003
21,61200
21,63339
21,63934
21,63959
21,64054
21,64105
21,61200
21,64691
21,64738
21,65135
21,61200
21,61200
21,65431
21,65529
21,61200
21,61200
21,61200
21,61200
21,61200
22,61200
22,43267
22,61200
22,61200
22,43869
22,43952
22,44135
22,61200
22,61200
22,44581
22,61200
22,44598
22,44688
22,61200
22,61200
22,61200
22,61200
22,45124
22,61200
22,45497
22,45799
22,45813
22,45911
22,61200
22,61200
22,46048
22,61200
22,46239
22,46247
22,46526
22,46561
22,47154
22,61200
22,47233
22,61200
22,47370
22,61200
22,61200
22,47521
22,47547
22,61200
22,61200
22,61200
22,47866
22,61200
22,48154
22,48246
22,48302
22,48538
22,48605
22,48665
22,61200
22,48914
22,61200
22,48967
22,61200
22,49372
22,49517
22,49606
22,61200
22,61200
22,50247
22,50255
22,50410
22,50470
22,61200
22,50889
22,51489
22,61200
22,61200
22,51943
22,52004
22,61200
22,52122
22,52200
22,61200
22,53211
22,53226
22,53410
22,53438
22,53449
22,61200
22,61200
22,53584
22,53680
22,53732
22,53821
22,61200
22,54205
22,61200
22,61200
22,61200
22,54420
22,54450
22,61200
22,54844
22,54937
22,55093
22,61200
22,55347
22,55516
22,55587
22,55854
22,56055
22,56255
22,56341
22,61200
22,61200
22,61200
22,56987
22,57093
22,57116
22,61200
22,61200
22,61200
22,57855
22,61200
22,57917
22,61200
22,58085
22,58099
22,58297
22,58407
22,58424
22,61200
22,58478
22,58484
22,58772
22,58777
22,61200
22,61200
22,59058
22,59150
22,61200
22,61200
22,59182
22,59259
22,59281
22,59321
22,59446
22,61200
22,59749
22,59753
22,59820
22,59912
22,60005
22,60154
22,61200
22,61200
22,61200
22,61200
22,60687
22,60726
22,61200
22,60950
22,61200
22,61200
22,61186
22,61296
22,61302
22,61352
22,61365
22,61493
22,61200
22,61622
22,61722
22,61770
22,61943
22,62054
22,61200
22,62355
22,62401
22,61200
22,62998
22,63007
22,63023
22,63049
22,63232
22,63360
22,63404
22,61200
22,63959
22,61200
22,61200
22,61200
22,64295
22,64391
22,64528
22,61200
22,64828
22,64851
22,65228
22,65358
22,61200
22,65684
22,65691
22,65942
22,61200
22,61200
22,61200
22,61200
23,61200
23,43313
23,43370
23,43438
23,43475
23,61200
23,44097
23,61200
23,44173
23,44277
23,61200
23,44693
23,44861
23,45089
23,45135
23,61200
23,61200
23,61200
23,45229
23,61200
23,45282
23,45320
23,45552
23,45566
23,45573
23,61200
23,61200
23,61200
23,61200
23,46025
23,61200
23,46041
23,61200
23,61200
23,46594
23,61200
23,61200
23,47090
23,47158
23,47199
23,47508
23,61200
23,47774
23,47892
23,48057
23,61200
23,61200
23,48132
23,48214
23,48226
23,48255
23,48322
23,61200
23,48645
23,61200
23,49084
23,49342
23,49361
23,61200
23,61200
23,49700
23,49716
23,61200
23,49864
23,49956
23,50134
23,50216
23,50396
23,50879
23,61200
23,51001
23,51031
23,61200
23,51106
23,51124
23,51170
23,51191
23,51347
23,51574
23,52173
23,52255
23,61200
23,61200
23,52607
23,61200
23,52652
23,52778
23,61200
23,52880
23,52967
23,61200
23,53181
23,53206
23,53284
23,53349
23,53508
23,53686
23,61200
23,53740
23,54441
23,54571
23,54604
23,61200
23,61200
23,61200
23,54765
23,54774
23,55138
23,61200
23,61200
23,55446
23,55729
23,56049
23,56158
23,61200
23,61200
23,56816
23,57109
23,57142
23,57219
23,57471
23,57691
23,58040
23,61200
23,58575
23,61200
23,61200
23,59131
23,59310
23,59459
23,61200
23,60178
23,60181
23,60216
23,60348
23,60438
23,60564
23,60564
23,61200
23,61008
23,61044
23,61176
23,61256
23,61200
23,61882
23,61904
23,61952
23,62004
23,62078
23,62163
23,62370
23,61200
23,62645
23,62891
23,61200
23,61200
23,63314
23,63809
23,63957
23,61200
23,64075
23,64197
23,61200
23,64259
23,61200
23,64342
23,64387
23,61200
23,61200
23,64668
23,64768
23,65103
23,65190
23,61200
23,61200
23,61200
23,66053
23,61200
23,61200
24,61200
24,61200
24,61200
24,61200
24,61200
24,43527
24,61200
24,61200
24,43888
24,61200
24,43986
24,44150
24,44236
24,61200
24,44374
24,61200
24,61200
24,61200
24,44959
24,44966
24,45099
24,61200
24,45406
24,45507
24,45542
24,61200
24,46142
24,46193
24,46232
24,46300
24,46477
24,61200
24,46713
24,61200
24,46811
24,61200
24,46980
24,61200
24,47162
24,61200
24,61200
24,47287
24,61200
24,61200
24,61200
24,47860
24,47895
24,47920
24,61200
24,61200
24,48282
24,48356
24,48385
24,48399
24,48620
24,61200
24,48719
24,48738
24,48830
24,49324
24,49343
24,49443
24,49482
24,49501
24,49537
24,49677
24,61200
24,61200
24,49833
24,61200
24,50160
24,50329
24,50541
24,50612
24,51206
24,51423
24,51761
24,51776
24,61200
24,61200
24,61200
24,52196
24,52266
24,52298
24,52343
24,52428
24,61200
24,61200
24,52960
24,52972
24,52989
24,61200
24,53071
24,53176
24,61200
24,53267
24,53397
24,53452
24,53461
24,53493
24,61200
24,61200
24,61200
24,54000
24,54362
24,54418
24,54634
24,61200
24,55006
24,55026
24,55100
24,55202
24,55245
24,55384
24,55487
24,55545
24,61200
24,61200
24,61200
24,55808
24,55976
24,56086
24,56318
24,61200
24,61200
24,56539
24,56730
24,56833
24,57159
24,61200
24,57216
24,57332
24,61200
24,57400
24,57535
24,57658
24,57701
24,61200
24,61200
24,61200
24,58556
24,61200
24,61200
24,61200
24,59139
24,61200
24,61200
24,59864
24,60008
24,60042
24,60147
24,60155
24,60229
24,60274
24,61200
24,60721
24,61098
24,61195
24,61210
24,61229
24,61200
24,61200
24,61372
24,61443
24,61520
24,61633
24,61200
24,61200
24,62307
24,61200
24,61200
24,61200
24,62741
24,61200
24,61200
24,63383
24,61200
24,63512
24,63555
24,63690
24,63715
24,64059
24,61200
24,64345
24,64475
24,64507
24,64521
24,64528
24,61200
24,64889
24,65215
24,65256
24,65294
24,61200
24,65441
24,65846
24,65949
24,61200
24,61200
24,61200
24,61200
24,61200
25,61200
25,43280
25,61200
25,61200
25,43559
25,43652
25,43654
25,43697
25,43727
25,44143
25,44386
25,44457
25,44482
25,44542
25,44796
25,44885
25,45037
25,45146
25,61200
25,45187
25,61200
25,45740
25,61200
25,45944
25,45980
25,61200
25,61200
25,46151
25,46165
25,46272
25,46274
25,61200
25,61200
25,46507
25,46610
25,61200
25,46844
25,46980
25,47286
25,61200
25,61200
25,47571
25,61200
25,47866
25,47913
25,61200
25,61200
25,61200
25,48264
25,61200
25,61200
25,61200
25,61200
25,48546
25,48634
25,61200
25,61200
25,48857
25,49256
25,49420
25,49446
25,49480
25,61200
25,49603
25,49793
25,49907
25,49963
25,50036
25,61200
25,50383
25,50695
25,50774
25,50916
25,51022
25,51247
25,61200
25,51458
25,51467
25,51542
25,51642
25,61200
25,52063
25,61200
25,61200
25,52429
25,52523
25,52660
25,52693
25,52739
25,61200
25,52997
25,53075
25,61200
25,61200
25,53508
25,61200
25,53734
25,54002
25,54012
25,61200
25,61200
25,54273
25,54552
25,54698
25,54715
25,54867
25,55315
25,56110
25,61200
25,56666
25,56666
25,61200
25,56720
25,56787
25,56835
25,61200
25,61200
25,57504
25,61200
25,61200
25,61200
25,61200
25,61200
25,61200
25,58888
25,61200
25,59036
25,59189
25,59252
25,61200
25,61200
25,59650
25,61200
25,59741
25,61200
25,60021
25,60213
25,60213
25,60415
25,60536
25,61200
25,60613
25,61019
25,61200
25,61200
25,61188
25,61200
25,61371
25,61200
25,61608
25,61667
25,61741
25,61200
25,61200
25,61959
25,62069
25,62129
25,61200
25,61200
25,61200
25,62613
25,61200
25,61200
25,62919
25,62950
25,62966
25,63055
25,63058
25,61200
25,63245
25,61200
25,63498
25,63665
25,63707
25,63723
25,63737
25,61200
25,61200
25,64486
25,61200
25,64745
25,64888
25,65037
25,61200
25,61200
25,61200
25,61200
25,61200
25,61200
25,65671
25,65984
25,61200
26,61200
26,61200
26,61200
26,61200
26,43468
26,43487
26,61200
26,43640
26,61200
26,61200
26,44107
26,44153
26,61200
26,44224
26,44280
26,44929
26,61200
26,45088
26,45325
26,45775
26,46027
26,61200
26,61200
26,46395
26,46413
26,61200
26,46541
26,61200
26,61200
26,46774
26,46795
26,47034
26,47112
26,47300
26,47342
26,61200
26,61200
26,61200
26,61200
26,47774
26,61200
26,61200
26,48371
26,61200
26,48476
26,48486
26,61200
26,48535
26,48583
26,48724
26,61200
26,61200
26,49324
26,49451
26,61200
26,49562
26,49762
26,49809
26,49812
26,49852
26,50189
26,61200
26,50755
26,50804
26,50881
26,61200
26,61200
26,61200
26,51357
26,61200
26,51624
26,51757
26,51763
26,61200
26,51987
26,52019
26,52033
26,61200
26,52088
26,52195
26,61200
26,52319
26,52515
26,61200
26,52809
26,53243
26,61200
26,61200
26,53809
26,61200
26,54220
26,61200
26,61200
26,54456
26,61200
26,54478
26,61200
26,54578
26,54765
26,61200
26,55011
26,55148
26,55227
26,55322
26,55412
26,61200
26,55941
26,61200
26,56158
26,56174
26,56452
26,56733
26,56840
26,61200
26,56864
26,57230
26,57245
26,57256
26,61200
26,61200
26,57440
26,57479
26,57543
26,61200
26,57732
26,57858
26,58060
26,58071
26,58104
26,58213
26,61200
26,58240
26,61200
26,58802
26,58815
26,59154
26,59415
26,59548
26,61200
26,59596
26,59778
26,61200
26,61200
26,61200
26,60151
26,61200
26,60340
26,60456
26,61200
26,61200
26,60946
26,61524
26,62020
26,61200
26,62247
26,62580
26,62603
26,62701
26,62734
26,62741
26,61200
26,63427
26,63567
26,63667
26,63977
26,64078
26,64086
26,61200
26,64343
26,61200
26,64646
26,61200
26,64973
26,61200
26,61200
26,61200
26,61200
26,65405
26,65515
26,65597
26,65788
26,65998
26,61200
26,61200
26,61200
27,61200
27,61200
27,43231
27,43234
27,43435
27,61200
27,61200
27,43746
27,61200
27,43815
27,43825
27,44343
27,44384
27,44408
27,61200
27,61200
27,44828
27,45070
27,61200
27,61200
27,45167
27,45190
27,61200
27,61200
27,45544
27,45815
27,46053
27,46054
27,46094
27,46157
27,46523
27,46917
27,46980
27,47089
27,47322
27,47362
27,47433
27,47452
27,61200
27,61200
27,47715
27,61200
27,47931
27,61200
27,48452
27,48467
27,48887
27,48910
27,49028
27,61200
27,61200
27,49267
27,49351
27,61200
27,49579
27,49640
27,61200
27,61200
27,49740
27,49900
27,50006
27,50043
27,50055
27,50180
27,50273
27,61200
27,61200
27,50462
27,50482
27,50495
27,61200
27,61200
27,51051
27,51082
27,51211
27,51294
27,51540
27,51838
27,52000
27,52028
27,52037
27,52121
27,52132
27,52147
27,52150
27,61200
27,52443
27,52583
27,52717
27,53058
27,61200
27,53370
27,53599
27,61200
27,61200
27,61200
27,61200
27,53933
27,61200
27,54325
27,61200
27,61200
27,55004
27,55030
27,55075
27,55106
27,55115
27,61200
27,61200
27,61200
27,55357
27,61200
27,55445
27,55670
27,61200
27,61200
27,55931
27,61200
27,56017
27,61200
27,56189
27,61200
27,61200
27,61200
27,61200
27,61200
27,61200
27,56995
27,61200
27,57333
27,57398
27,57401
27,57656
27,57858
27,58100
27,61200
27,58365
27,61200
27,58554
27,58591
27,58599
27,58657
27,61200
27,61200
27,61200
27,59186
27,59298
27,59374
27,61200
27,59457
27,61200
27,59997
27,60007
27,60105
27,60246
27,61200
27,61200
27,60487
27,60619
27,60850
27,61200
27,60966
27,61200
27,61034
27,61200
27,61162
27,61200
27,61271
27,61376
27,61605
27,61642
27,62372
27,61200
27,62846
27,62861
27,63029
27,63085
27,61200
27,63773
27,61200
27,63794
27,61200
27,64004
27,64088
27,61200
27,61200
27,64421
27,64445
27,64445
27,64539
27,61200
27,64768
27,64881
27,65253
27,61200
27,61200
27,65545
27,65760
27,65794
27,65985
27,66013
27,61200
27,61200
28,61200
28,61200
28,43387
28,43410
28,43538
28,43634
28,43744
28,43930
28,61200
28,44045
28,61200
28,61200
28,44453
28,44466
28,44468
28,61200
28,44658
28,44732
28,61200
28,44837
28,61200
28,44968
28,44981
28,45044
28,61200
28,45101
28,61200
28,61200
28,45488
28,61200
28,45569
28,45600
28,45803
28,61200
28,45811
28,46207
28,61200
28,46256
28,61200
28,46476
28,46507
28,46521
28,46527
28,61200
28,61200
28,61200
28,47119
28,47396
28,61200
28,47547
28,61200
28,47939
28,61200
28,61200
28,48367
28,61200
28,61200
28,61200
28,61200
28,61200
28,61200
28,50096
28,61200
28,50269
28,50408
28,61200
28,61200
28,61200
28,61200
28,50718
28,50787
28,50895
28,50896
28,50994
28,51061
28,51469
28,51553
28,51561
28,61200
28,51740
28,51816
28,51841
28,61200
28,51929
28,61200
28,61200
28,52644
28,52829
28,52914
28,53185
28,61200
28,61200
28,53602
28,53641
28,53910
28,61200
28,61200
28,54177
28,54179
28,61200
28,61200
28,61200
28,61200
28,54722
28,61200
28,55031
28,55292
28,55644
28,55831
28,55838
28,55914
28,61200
28,56435
28,61200
28,56710
28,61200
28,61200
28,56956
28,57227
28,57434
28,57452
28,61200
28,57515
28,61200
28,61200
28,57681
28,61200
28,57794
28,57879
28,61200
28,58182
28,58227
28,61200
28,58492
28,61200
28,58508
28,58662
28,61200
28,58681
28,58806
28,59152
28,59185
28,59224
28,61200
28,61200
28,61200
28,59737
28,59788
28,61200
28,61200
28,60318
28,61200
28,61200
28,60652
28,60657
28,60792
28,60979
28,61200
28,61738
28,62028
28,62046
28,61200
28,62233
28,61200
28,61200
28,62569
28,62578
28,61200
28,62760
28,61200
28,63125
28,63228
28,63257
28,61200
28,63707
28,63789
28,63938
28,63977
28,64041
28,64117
28,64274
28,61200
28,64589
28,61200
28,64889
28,61200
28,65031
28,61200
28,65227
28,65331
28,61200
28,65540
28,65545
28,61200
28,61200
28,65740
28,65757
28,65790
28,65791
28,61200
28,65868
28,61200
28,66042
28,61200
28,61200
28,61200
28,61200
29,61200
29,43990
29,61200
29,44215
29,61200
29,45166
29,45255
29,45392
29,45412
29,45556
29,45658
29,61200
29,45864
29,61200
29,45890
29,46235
29,46439
29,46495
29,46699
29,46754
29,46801
29,46854
29,61200
29,46956
29,46959
29,46994
29,47167
29,47214
29,47301
29,61200
29,47910
29,48002
29,48041
29,48206
29,48430
29,48456
29,61200
29,49110
29,49225
29,61200
29,61200
29,49460
29,49544
29,61200
29,49678
29,49720
29,61200
29,61200
29,49936
29,49993
29,61200
29,50773
29,50778
29,61200
29,61200
29,61200
29,51101
29,51110
29,61200
29,51271
29,51427
29,61200
29,61200
29,61200
29,52338
29,52508
29,52581
29,52626
29,61200
29,53275
29,61200
29,53483
29,53605
29,61200
29,53954
29,54203
29,54263
29,54492
29,61200
29,61200
29,54724
29,61200
29,54814
29,55139
29,61200
29,61200
29,61200
29,61200
29,55867
29,61200
29,56483
29,56491
29,61200
29,61200
29,56785
29,61200
29,61200
29,57235
29,61200
29,57365
29,57468
29,61200
29,61200
29,57723
29,61200
29,57807
29,57875
29,58125
29,58209
29,58385
29,58484
29,58505
29,58668
29,58841
29,59223
29,59247
29,59259
29,59311
29,61200
29,59394
29,61200
29,59454
29,61200
29,59579
29,59612
29,59624
29,61200
29,59768
29,59793
29,61200
29,61200
29,61200
29,60334
29,61200
29,60549
29,60726
29,61200
29,61200
29,61125
29,61131
29,61399
29,61200
29,61930
29,62155
29,62162
29,62939
29,63052
29,61200
29,63192
29,61200
29,63433
29,61200
29,63511
29,63529
29,63836
29,63865
29,63904
29,64050
29,61200
29,64324
29,64472
29,64630
29,64674
29,64843
29,64976
29,65043
29,61200
29,61200
29,61200
29,65420
29,61200
29,65471
29,65550
29,65572
29,65696
29,65716
29,65806
29,65877
29,61200
29,61200
29,61200
29,61200
30,61200
30,61200
30,43409
30,61200
30,43634
30,61200
30,43704
30,43716
30,61200
30,44091
30,61200
30,44284
30,44326
30,61200
30,44566
30,61200
30,44903
30,61200
30,45142
30,45253
30,45325
30,45366
30,61200
30,61200
30,45654
30,61200
30,61200
30,61200
30,61200
30,61200
30,61200
30,61200
30,61200
30,46995
30,47123
30,47125
30,47226
30,61200
30,47715
30,47843
30,47911
30,61200
30,61200
30,61200
30,48497
30,48630
30,61200
30,61200
30,49308
30,49469
30,49717
30,61200
30,49863
30,61200
30,50476
30,50513
30,50597
30,50615
30,50643
30,50690
30,50896
30,61200
30,61200
30,61200
30,51359
30,61200
30,61200
30,51813
30,51851
30,52218
30,52281
30,52512
30,61200
30,53015
30,53018
30,53096
30,53108
30,61200
30,61200
30,53356
30,53555
30,53645
30,61200
30,61200
30,54631
30,54663
30,61200
30,54862
30,61200
30,61200
30,55232
30,55235
30,55302
30,55355
30,55548
30,55908
30,55925
30,55981
30,56015
30,61200
30,61200
30,56147
30,56391
30,56704
30,56897
30,61200
30,57021
30,61200
30,61200
30,57249
30,57259
30,61200
30,57726
30,58013
30,58034
30,58220
30,61200
30,58342
30,58463
30,58499
30,58539
30,58571
30,58577
30,58783
30,58800
30,61200
30,58854
30,61200
30,59022
30,59154
30,59157
30,59489
30,61200
30,59507
30,59605
30,61200
30,61200
30,59679
30,61200
30,61200
30,60379
30,61200
30,60419
30,61200
30,60742
30,61200
30,61032
30,61200
30,61200
30,61200
30,61200
30,61200
30,61200
30,61830
30,61909
30,62033
30,61200
30,61200
30,62206
30,62252
30,61200
30,61200
30,62954
30,63069
30,61200
30,63256
30,61200
30,61200
30,63584
30,63794
30,61200
30,64065
30,64374
30,64378
30,61200
30,61200
30,61200
30,65111
30,65427
30,65653
30,61200
30,61200
30,61200
30,61200
31,61200
31,61200
31,43366
31,61200
31,43402
31,61200
31,43727
31,44018
31,61200
31,44073
31,44209
31,44265
31,44291
31,44404
31,61200
31,61200
31,44747
31,44814
31,44831
31,45128
31,45163
31,61200
31,61200
31,45659
31,45677
31,45699
31,45901
31,46056
31,46117
31,61200
31,46355
31,46718
31,46753
31,46822
31,47088
31,47664
31,47904
31,48284
31,48324
31,48506
31,48511
31,48540
31,48651
31,48719
31,48808
31,48891
31,49296
31,61200
31,49539
31,61200
31,49721
31,61200
31,49916
31,61200
31,50375
31,61200
31,50505
31,51028
31,51031
31,61200
31,61200
31,61200
31,51947
31,61200
31,52084
31,52126
31,52236
31,52363
31,52617
31,52952
31,61200
31,53245
31,53283
31,53477
31,53514
31,61200
31,61200
31,61200
31,61200
31,61200
31,61200
31,61200
31,54600
31,61200
31,54751
31,54851
31,54993
31,61200
31,61200
31,55677
31,55903
31,61200
31,61200
31,61200
31,56131
31,61200
31,56395
31,56425
31,56624
31,56726
31,61200
31,61200
31,56896
31,56931
31,61200
31,61200
31,57403
31,61200
31,57650
31,61200
31,61200
31,57991
31,58307
31,58400
31,58506
31,61200
31,61200
31,58838
31,59201
31,61200
31,59349
31,59461
31,61200
31,61200
31,59897
31,60039
31,60161
31,61200
31,60992
31,61200
31,61323
31,61579
31,61200
31,62043
31,62168
31,61200
31,62316
31,61200
31,62412
31,62417
31,61200
31,61200
31,61200
31,63036
31,61200
31,63256
31,61200
31,63505
31,61200
31,63610
31,64076
31,64112
31,64219
31,64255
31,64548
31,64583
31,61200
31,61200
31,61200
31,65150
31,61200
31,65468
31,61200
31,65836
31,65978
31,61200
31,61200
31,61200
31,61200
31,61200
32,61200
32,43235
32,61200
32,61200
32,43322
32,61200
32,43396
32,43526
32,43722
32,43770
32,43878
32,43980
32,44019
32,61200
32,44118
32,61200
32,61200
32,44142
32,44188
32,61200
32,44345
32,44395
32,44705
32,44823
32,44863
32,45140
32,45197
32,61200
32,61200
32,45407
32,61200
32,61200
32,45674
32,61200
32,61200
32,46310
32,46334
32,46369
32,46772
32,46829
32,46963
32,46973
32,61200
32,47211
32,47220
32,47409
32,47436
32,47543
32,47592
32,47627
32,61200
32,48065
32,48122
32,61200
32,48191
32,61200
32,48283
32,61200
32,61200
32,48386
32,61200
32,48574
32,48644
32,61200
32,48655
32,48892
32,61200
32,49106
32,49437
32,49456
32,49489
32,61200
32,49837
32,61200
32,50159
32,50187
32,61200
32,61200
32,61200
32,61200
32,50865
32,61200
32,61200
32,61200
32,51379
32,51517
32,61200
32,51555
32,51725
32,61200
32,52114
32,61200
32,61200
32,52417
32,61200
32,52830
32,61200
32,61200
32,61200
32,53158
32,53349
32,53420
32,61200
32,53527
32,53555
32,61200
32,61200
32,61200
32,54171
32,61200
32,61200
32,61200
32,61200
32,54550
32,61200
32,54594
32,54641
32,54667
32,54742
32,54972
32,61200
32,55218
32,61200
32,55314
32,61200
32,55463
32,61200
32,55533
32,61200
32,61200
32,55985
32,61200
32,61200
32,61200
32,56403
32,56478
32,56695
32,61200
32,61200
32,57208
32,57274
32,57307
32,61200
32,61200
32,61200
32,57524
32,61200
32,57556
32,61200
32,58068
32,61200
32,58371
32,58498
32,58621
32,61200
32,59150
32,61200
32,59455
32,59466
32,59604
32,59661
32,61200
32,59780
32,59794
32,59927
32,61200
32,61200
32,60225
32,60259
32,61200
32,60432
32,60532
32,61200
32,61023
32,61302
32,61362
32,61385
32,61200
32,61200
32,61200
32,61820
32,61200
32,61200
32,61200
32,61200
32,61200
32,62815
32,62881
32,62931
32,61200
32,63093
32,63123
32,61200
32,63369
32,61200
32,61200
32,63490
32,61200
32,63570
32,63595
32,63907
32,63943
32,61200
32,63995
32,64040
32,64248
32,64407
32,65059
32,61200
32,65106
32,65169
32,65281
32,65306
32,65427
32,61200
32,61200
32,65508
32,65865
32,61200
32,61200
33,61200
33,61200
33,43315
33,43523
33,61200
33,61200
33,43816
33,43827
33,43917
33,43961
33,44200
33,44272
33,44339
33,44518
33,44540
33,61200
33,44933
33,61200
33,45035
33,61200
33,61200
33,45300
33,45332
33,45629
33,45972
33,46139
33,46202
33,46396
33,46403
33,46467
33,46608
33,46757
33,61200
33,61200
33,46844
33,46850
33,61200
33,47025
33,61200
33,47374
33,47849
33,61200
33,48042
33,48289
33,48490
33,48603
33,61200
33,48831
33,48842
33,48925
33,49060
33,61200
33,49130
33,49163
33,49281
33,61200
33,49513
33,61200
33,49604
33,49691
33,61200
33,61200
33,49960
33,49994
33,61200
33,61200
33,61200
33,61200
33,61200
33,50618
33,61200
33,61200
33,50906
33,50911
33,51123
33,51291
33,51434
33,51705
33,51888
33,51916
33,51977
33,52014
33,52085
33,61200
33,61200
33,52235
33,52533
33,61200
33,61200
33,61200
33,61200
33,61200
33,61200
33,53376
33,53448
33,53456
33,53757
33,61200
33,53806
33,61200
33,61200
33,61200
33,54229
33,61200
33,61200
33,54584
33,54674
33,54723
33,61200
33,54874
33,55086
33,55255
33,61200
33,55258
33,61200
33,55366
33,55561
33,55614
33,55828
33,55918
33,55929
33,61200
33,61200
33,56704
33,56889
33,56890
33,61200
33,61200
33,57185
33,57292
33,57318
33,57561
33,57564
33,57602
33,57613
33,57873
33,61200
33,58064
33,58424
33,58658
33,58854
33,59102
33,61200
33,59735
33,59782
33,59827
33,59865
33,59923
33,59952
33,60110
33,60378
33,61200
33,61200
33,60859
33,60874
33,60926
33,61149
33,61200
33,61477
33,61655
33,61200
33,61993
33,62067
33,62090
33,62346
33,61200
33,62605
33,62634
33,62672
33,62876
33,62969
33,63015
33,63189
33,63197
33,63311
33,63589
33,63872
33,63966
33,61200
33,64371
33,61200
33,61200
33,64664
33,64768
33,64802
33,61200
33,64939
33,64960
33,61200
33,65284
33,65454
33,65459
33,65518
33,65589
33,61200
33,65862
33,65981
33,61200
33,61200
33,61200
33,61200
34,61200
34,43219
34,43463
34,61200
34,43903
34,61200
34,44546
34,44930
34,44944
34,44967
34,61200
34,45095
34,61200
34,45422
34,61200
34,61200
34,46171
34,61200
34,61200
34,61200
34,46505
34,61200
34,46678
34,61200
34,61200
34,61200
34,61200
34,46992
34,47034
34,61200
34,61200
34,61200
34,61200
34,61200
34,47536
34,47563
34,47674
34,47784
34,47882
34,61200
34,47959
34,48048
34,48153
34,48263
34,48552
34,61200
34,61200
34,61200
34,49098
34,61200
34,49164
34,49290
34,49419
34,61200
34,49462
34,49685
34,49864
34,61200
34,50036
34,50179
34,50567
34,50595
34,50717
34,61200
34,61200
34,51176
34,51283
34,51368
34,61200
34,61200
34,51953
34,52026
34,52224
34,52726
34,52875
34,61200
34,61200
34,53033
34,53276
34,61200
34,53358
34,53715
34,54111
34,61200
34,54218
34,54305
34,54366
34,61200
34,54395
34,54426
34,54443
34,54527
34,54569
34,54610
34,54813
34,54848
34,61200
34,61200
34,61200
34,55008
34,61200
34,55423
34,55466
34,61200
34,55737
34,61200
34,56250
34,61200
34,56322
34,56457
34,61200
34,56933
34,61200
34,61200
34,57189
34,57588
34,57611
34,61200
34,57933
34,61200
34,61200
34,58257
34,58452
34,61200
34,58665
34,61200
34,59102
34,61200
34,59166
34,59175
34,59213
34,59359
34,59443
34,59477
34,59872
34,61200
34,60038
34,61200
34,60171
34,60293
34,61200
34,61200
34,61200
34,61162
34,61165
34,61231
34,61273
34,61483
34,61542
34,61554
34,61200
34,61200
34,61915
34,61984
34,62318
34,62457
34,62576
34,62681
34,61200
34,63056
34,63070
34,63303
34,63413
34,61200
34,63459
34,63492
34,61200
34,61200
34,64532
34,64800
34,65005
34,65149
34,65219
34,61200
34,61200
34,65584
34,61200
34,65647
34,65710
34,61200
34,65773
34,65962
34,66032
34,61200
34,61200
34,61200
35,61200
35,61200
35,43506
35,61200
35,43984
35,44050
35,44094
35,44239
35,44497
35,44659
35,44900
35,44963
35,44997
35,45043
35,61200
35,45224
35,61200
35,45874
35,46002
35,46062
35,46069
35,46125
35,46132
35,46318
35,46364
35,61200
35,46458
35,61200
35,46506
35,61200
35,61200
35,46741
35,61200
35,46786
35,61200
35,47065
35,47085
35,47104
35,47133
35,61200
35,47686
35,61200
35,61200
35,48144
35,61200
35,48227
35,48235
35,61200
35,61200
35,48667
35,48677
35,61200
35,48951
35,61200
35,61200
35,49229
35,49244
35,49254
35,49386
35,49407
35,61200
35,49855
35,50175
35,61200
35,50451
35,50520
35,50547
35,61200
35,61200
35,61200
35,61200
35,61200
35,61200
35,51283
35,51317
35,51354
35,51458
35,61200
35,51584
35,51770
35,51795
35,51921
35,51993
35,52017
35,61200
35,61200
35,52196
35,52378
35,61200
35,52399
35,52576
35,61200
35,52846
35,53083
35,53367
35,61200
35,53719
35,53873
35,61200
35,61200
35,61200
35,61200
35,54656
35,61200
35,54862
35,61200
35,55101
35,55385
35,55390
35,61200
35,61200
35,55696
35,55719
35,55885
35,56009
35,56049
35,56844
35,57156
35,57255
35,57355
35,57374
35,61200
35,57549
35,57569
35,57729
35,58322
35,61200
35,58378
35,58419
35,61200
35,58672
35,58698
35,58759
35,61200
35,61200
35,58861
35,59282
35,61200
35,59628
35,61200
35,59888
35,59954
35,60143
35,60189
35,60371
35,60542
35,61200
35,60655
35,60817
35,60856
35,61200
35,61017
35,61159
35,61204
35,61200
35,61200
35,61750
35,61808
35,62435
35,62654
35,61200
35,61200
35,63025
35,63132
35,63179
35,63237
35,63248
35,63326
35,63404
35,63460
35,63559
35,63593
35,61200
35,63857
35,61200
35,63980
35,61200
35,61200
35,64468
35,64497
35,64548
35,61200
35,64734
35,64813
35,64818
35,64944
35,65006
35,65086
35,61200
35,65196
35,65207
35,65541
35,65883
35,65892
35,66045
35,61200
35,61200
35,61200
36,61200
36,43206
36,61200
36,43308
36,61200
36,43529
36,61200
36,43638
36,43651
36,43712
36,61200
36,43843
36,61200
36,44007
36,44165
36,61200
36,44255
36,44385
36,44509
36,44536
36,44543
36,44627
36,61200
36,61200
36,61200
36,45394
36,61200
36,61200
36,45692
36,45728
36,45813
36,45815
36,61200
36,46551
36,47062
36,47223
36,47267
36,47273
36,47325
36,47518
36,61200
36,61200
36,47793
36,47841
36,61200
36,47981
36,48000
36,61200
36,48138
36,48154
36,61200
36,48163
36,48166
36,48496
36,48543
36,48559
36,61200
36,48708
36,48960
36,48960
36,61200
36,49220
36,61200
36,49638
36,61200
36,61200
36,61200
36,49914
36,49917
36,61200
36,61200
36,61200
36,50239
36,61200
36,50540
36,61200
36,50722
36,50762
36,50776
36,50935
36,50944
36,50971
36,51007
36,51108
36,61200
36,61200
36,61200
36,61200
36,61200
36,52042
36,52163
36,61200
36,52311
36,52378
36,61200
36,52580
36,61200
36,52776
36,61200
36,53010
36,53115
36,53232
36,53272
36,53609
36,53621
36,61200
36,54004
36,61200
36,54350
36,54418
36,61200
36,54810
36,61200
36,55132
36,55160
36,55177
36,61200
36,61200
36,55487
36,55603
36,55638
36,55822
36,56111
36,56269
36,61200
36,56353
36,56442
36,61200
36,56718
36,61200
36,56855
36,61200
36,61200
36,61200
36,57413
36,57461
36,57629
36,57698
36,61200
36,61200
36,58247
36,58284
36,58393
36,58394
36,58452
36,58550
36,61200
36,59278
36,61200
36,61200
36,59542
36,59576
36,61200
36,59773
36,60060
36,61200
36,60143
36,60196
36,60442
36,60548
36,61200
36,60927
36,60989
36,61052
36,61117
36,61167
36,61200
36,61200
36,61765
36,61910
36,61950
36,62321
36,61200
36,62509
36,62549
36,62977
36,63125
36,63167
36,63200
36,61200
36,61200
36,63300
36,61200
36,63415
36,63874
36,63965
36,64024
36,61200
36,64260
36,61200
36,64325
36,64396
36,64508
36,61200
36,64859
36,64999
36,65193
36,61200
36,65256
36,65350
36,61200
36,65539
36,65636
36,61200
36,65910
36,65977
37,61200
37,61200
37,61200
37,61200
37,61200
37,43593
37,61200
37,44033
37,61200
37,44284
37,61200
37,44375
37,61200
37,44641
37,61200
37,44828
37,44828
37,44851
37,61200
37,61200
37,44988
37,61200
37,61200
37,45308
37,61200
37,45492
37,61200
37,45773
37,45779
37,61200
37,61200
37,46676
37,46829
37,46929
37,46959
37,47136
37,61200
37,61200
37,47495
37,47505
37,61200
37,61200
37,48278
37,61200
37,61200
37,48594
37,48693
37,61200
37,61200
37,49135
37,49159
37,61200
37,49375
37,61200
37,49504
37,61200
37,49769
37,49795
37,49848
37,61200
37,61200
37,61200
37,50249
37,50332
37,50391
37,50407
37,61200
37,50470
37,50476
37,50530
37,50550
37,61200
37,50717
37,61200
37,50881
37,50944
37,61200
37,51046
37,51077
37,61200
37,61200
37,61200
37,51797
37,51803
37,51911
37,52190
37,61200
37,52364
37,61200
37,52564
37,52704
37,61200
37,52810
37,61200
37,61200
37,52946
37,53166
37,53286
37,61200
37,53509
37,53543
37,53579
37,61200
37,61200
37,54568
37,61200
37,61200
37,61200
37,61200
37,55361
37,55436
37,55458
37,61200
37,55477
37,61200
37,55584
37,61200
37,55654
37,61200
37,61200
37,56231
37,56261
37,61200
37,56303
37,56648
37,61200
37,56735
37,56774
37,56830
37,61200
37,56998
37,57000
37,61200
37,57557
37,57652
37,61200
37,61200
37,61200
37,58102
37,61200
37,58233
37,58326
37,61200
37,58549
37,58595
37,58630
37,58697
37,58741
37,61200
37,59207
37,61200
37,59367
37,61200
37,60039
37,60190
37,60500
37,60534
37,60728
37,60886
37,60946
37,61038
37,61098
37,61200
37,61161
37,61204
37,61247
37,61334
37,61500
37,61635
37,61200
37,61200
37,61936
37,62149
37,61200
37,62490
37,61200
37,62704
37,62763
37,62786
37,62948
37,63003
37,63066
37,63104
37,63259
37,63309
37,63310
37,63434
37,61200
37,61200
37,63616
37,63739
37,61200
37,64001
37,64038
37,61200
37,61200
37,64322
37,64326
37,64372
37,64704
37,61200
37,65034
37,65180
37,65394
37,61200
37,61200
37,65453
37,65565
37,65755
37,65782
37,65805
37,61200
37,61200
37,61200
37,61200
37,61200
37,61200
37,61200
38,61200
38,43255
38,43348
38,43374
38,61200
38,43628
38,43703
38,61200
38,43717
38,43854
38,61200
38,43862
38,43868
38,44070
38,44146
38,61200
38,61200
38,61200
38,61200
38,61200
38,44638
38,44686
38,44988
38,61200
38,61200
38,45326
38,61200
38,45680
38,61200
38,46007
38,61200
38,61200
38,46237
38,61200
38,61200
38,46443
38,46464
38,46509
38,61200
38,46754
38,61200
38,61200
38,61200
38,47313
38,61200
38,47448
38,47703
38,61200
38,47932
38,61200
38,48094
38,48337
38,61200
38,61200
38,48519
38,61200
38,61200
38,48640
38,61200
38,49308
38,49678
38,61200
38,49836
38,61200
38,50178
38,50264
38,50363
38,50421
38,50547
38,61200
38,50746
38,50796
38,61200
38,51097
38,61200
38,51291
38,61200
38,51452
38,61200
38,61200
38,51994
38,52095
38,52373
38,52512
38,52744
38,61200
38,52925
38,53199
38,53329
38,53433
38,53443
38,53464
38,61200
38,61200
38,53637
38,54159
38,61200
38,54563
38,54597
38,61200
38,61200
38,61200
38,55048
38,61200
38,55142
38,55184
38,55241
38,55266
38,55409
38,61200
38,61200
38,61200
38,56309
38,56515
38,61200
38,56894
38,56935
38,61200
38,61200
38,61200
38,61200
38,57405
38,61200
38,57489
38,61200
38,57887
38,57974
38,57994
38,58073
38,61200
38,61200
38,58437
38,58542
38,58546
38,58700
38,58745
38,58776
38,58789
38,61200
38,59084
38,59146
38,59212
38,59223
38,59422
38,59482
38,61200
38,59852
38,59960
38,60121
38,61200
38,61200
38,61200
38,61200
38,61200
38,60769
38,61200
38,60826
38,61200
38,60982
38,61200
38,61200
38,61200
38,61508
38,61537
38,61590
38,61200
38,61689
38,61851
38,61200
38,62016
38,62026
38,62261
38,62472
38,61200
38,61200
38,61200
38,62747
38,62760
38,61200
38,62890
38,62968
38,62997
38,61200
38,63188
38,63244
38,61200
38,63464
38,63487
38,63518
38,63579
38,63636
38,63736
38,63742
38,63757
38,63786
38,63787
38,63916
38,61200
38,64017
38,64094
38,64211
38,64257
38,64547
38,64656
38,61200
38,64755
38,64785
38,61200
38,65024
38,65081
38,65084
38,65781
38,65973
38,61200
38,61200
38,61200
38,61200
39,61200
39,43396
39,43649
39,61200
39,61200
39,44090
39,44164
39,61200
39,44411
39,44565
39,61200
39,44931
39,45075
39,45126
39,45213
39,45358
39,61200
39,45466
39,61200
39,46044
39,46128
39,46159
39,46166
39,61200
39,46873
39,46898
39,46977
39,61200
39,61200
39,47199
39,47307
39,47506
39,47573
39,47574
39,47763
39,47767
39,61200
39,61200
39,48074
39,61200
39,61200
39,61200
39,48654
39,61200
39,48749
39,61200
39,48835
39,48856
39,48882
39,61200
39,48968
39,61200
39,49056
39,49060
39,49086
39,49099
39,49129
39,49148
39,49184
39,49323
39,61200
39,49427
39,49466
39,61200
39,49702
39,49719
39,61200
39,50080
39,61200
39,50591
39,50615
39,50723
39,50938
39,61200
39,51163
39,51313
39,61200
39,61200
39,51705
39,52045
39,52149
39,61200
39,61200
39,52341
39,52567
39,52625
39,52668
39,61200
39,61200
39,52894
39,61200
39,61200
39,53083
39,53245
39,61200
39,53362
39,53405
39,61200
39,53509
39,61200
39,61200
39,54125
39,54238
39,61200
39,54295
39,54520
39,61200
39,54794
39,54936
39,54947
39,61200
39,61200
39,55275
39,55283
39,55493
39,55633
39,61200
39,55879
39,55988
39,61200
39,56320
39,61200
39,61200
39,56952
39,56984
39,61200
39,61200
39,61200
39,57588
39,61200
39,61200
39,61200
39,61200
39,58109
39,58335
39,58600
39,61200
39,58717
39,61200
39,58926
39,59240
39,59722
39,60009
39,60210
39,60531
39,61200
39,61200
39,61200
39,61200
39,60771
39,60962
39,60980
39,61055
39,61200
39,61206
39,61264
39,61200
39,61200
39,61704
39,61200
39,61905
39,62165
39,62918
39,61200
39,61200
39,63171
39,61200
39,63515
39,63912
39,64139
39,64520
39,61200
39,61200
39,64701
39,61200
39,61200
39,64801
39,61200
39,65159
39,61200
39,65860
39,65923
39,61200
39,61200
39,61200
39,61200
40,61200
40,43338
40,43460
40,43807
40,61200
40,61200
40,61200
40,44075
40,44203
40,44261
40,44373
40,61200
40,44586
40,44857
40,44955
40,45047
40,61200
40,45366
40,45377
40,45715
40,61200
40,45816
40,61200
40,45909
40,61200
40,46031
40,46099
40,46140
40,61200
40,46621
40,61200
40,46851
40,47237
40,61200
40,61200
40,47806
40,47930
40,48046
40,48237
40,61200
40,48543
40,61200
40,61200
40,48712
40,48827
40,48914
40,48948
40,61200
40,49005
40,61200
40,49164
40,49238
40,61200
40,61200
40,49413
40,61200
40,49709
40,61200
40,61200
40,50186
40,50335
40,61200
40,50484
40,50508
40,50518
40,61200
40,50545
40,50684
40,50710
40,50908
40,50937
40,61200
40,61200
40,61200
40,51625
40,51650
40,51736
40,61200
40,51883
40,52167
40,52409
40,61200
40,52767
40,61200
40,53233
40,53280
40,53409
40,61200
40,53602
40,61200
40,61200
40,53750
40,61200
40,53968
40,54016
40,54090
40,54729
40,61200
40,54866
40,55010
40,61200
40,55204
40,55262
40,55273
40,55449
40,55523
40,55531
40,55643
40,61200
40,61200
40,61200
40,56274
40,56836
40,61200
40,56867
40,56874
40,57096
40,61200
40,61200
40,57256
40,57681
40,57884
40,57924
40,61200
40,57955
40,57957
40,61200
40,57975
40,58079
40,58153
40,61200
40,58204
40,58781
40,61200
40,59256
40,61200
40,59431
40,59457
40,61200
40,59661
40,59684
40,61200
40,61200
40,61200
40,60061
40,60210
40,60312
40,60312
40,60490
40,61200
40,61200
40,60905
40,61200
40,61200
40,61283
40,61200
40,61200
40,61689
40,61701
40,61200
40,62086
40,61200
40,61200
40,62420
40,61200
40,62743
40,63002
40,63269
40,63354
40,63541
40,61200
40,61200
40,61200
40,61200
40,64010
40,64301
40,64324
40,64440
40,61200
40,61200
40,61200
40,64897
40,61200
40,61200
40,65327
40,65435
40,61200
40,65974
40,61200
40,61200
40,61200
40,61200
41,61200
41,43333
41,43522
41,43653
41,61200
41,61200
41,61200
41,61200
41,44166
41,44386
41,61200
41,61200
41,61200
41,44689
41,44824
41,44838
41,61200
41,61200
41,45408
41,45545
41,45660
41,61200
41,45895
41,61200
41,45908
41,61200
41,61200
41,46066
41,46123
41,61200
41,61200
41,46515
41,46564
41,61200
41,46770
41,46780
41,46783
41,46785
41,46945
41,61200
41,61200
41,61200
41,47569
41,47611
41,47730
41,61200
41,47859
41,61200
41,48021
41,61200
41,61200
41,48314
41,48371
41,61200
41,48656
41,61200
41,48767
41,48836
41,61200
41,49147
41,61200
41,49463
41,49552
41,49683
41,49691
41,61200
41,50083
41,61200
41,61200
41,61200
41,50459
41,50500
41,50729
41,61200
41,61200
41,51251
41,61200
41,61200
41,51446
41,61200
41,51625
41,51726
41,51749
41,61200
41,51805
41,61200
41,61200
41,52167
41,61200
41,61200
41,52698
41,61200
41,53250
41,53345
41,53385
41,53417
41,61200
41,53541
41,53608
41,53749
41,53808
41,61200
41,54066
41,54229
41,54325
41,54740
41,61200
41,55075
41,55175
41,61200
41,55423
41,55449
41,55577
41,61200
41,61200
41,61200
41,61200
41,61200
41,56814
41,61200
41,57313
41,57317
41,61200
41,61200
41,57557
41,61200
41,57622
41,61200
41,61200
41,61200
41,61200
41,57999
41,58361
41,58407
41,61200
41,61200
41,58646
41,58981
41,58994
41,59050
41,59075
41,59218
41,59360
41,59436
41,61200
41,59543
41,59728
41,59834
41,61200
41,61200
41,61200
41,60329
41,61200
41,60603
41,60663
41,61200
41,61200
41,61200
41,60793
41,61200
41,61200
41,61143
41,61204
41,61200
41,61330
41,61454
41,61743
41,61818
41,61843
41,62057
41,62061
41,61200
41,62106
41,61200
41,62246
41,62355
41,62640
41,62825
41,62833
41,62951
41,61200
41,61200
41,61200
41,63884
41,61200
41,61200
41,61200
41,64475
41,61200
41,64996
41,61200
41,65229
41,61200
41,61200
41,65698
41,65703
41,65937
41,61200
41,61200
41,61200
41,61200
42,61200
42,61200
42,43808
42,43888
42,43937
42,44055
42,44178
42,61200
42,44249
42,61200
42,44257
42,44378
42,61200
42,61200
42,61200
42,61200
42,45069
42,45211
42,45213
42,45338
42,61200
42,61200
42,45464
42,61200
42,45635
42,45736
42,61200
42,61200
42,45976
42,45979
42,61200
42,46220
42,61200
42,46909
42,46930
42,47061
42,47681
42,61200
42,47904
42,47931
42,61200
42,61200
42,61200
42,48631
42,61200
42,49016
42,61200
42,61200
42,61200
42,49228
42,61200
42,61200
42,49541
42,61200
42,61200
42,61200
42,49964
42,49965
42,50040
42,50041
42,61200
42,50107
42,61200
42,50175
42,50198
42,50199
42,61200
42,61200
42,61200
42,50413
42,50437
42,61200
42,50567
42,50626
42,50808
42,50958
42,50970
42,61200
42,61200
42,51274
42,51394
42,51515
42,61200
42,52343
42,61200
42,61200
42,61200
42,61200
42,53288
42,61200
42,53297
42,53336
42,53344
42,53390
42,53650
42,53737
42,61200
42,53977
42,61200
42,61200
42,54264
42,54375
42,54384
42,61200
42,61200
42,61200
42,55066
42,61200
42,55256
42,55329
42,55381
42,55444
42,55487
42,55546
42,61200
42,61200
42,61200
42,55905
42,56022
42,56132
42,56291
42,61200
42,61200
42,61200
42,56913
42,61200
42,57206
42,57329
42,57358
42,57404
42,61200
42,57484
42,57800
42,61200
42,57875
42,57878
42,61200
42,61200
42,58209
42,61200
42,58378
42,61200
42,58473
42,58538
42,58800
42,58802
42,58876
42,58891
42,58957
42,61200
42,59052
42,59384
42,59569
42,59612
42,60018
42,60043
42,60065
42,60119
42,60311
42,60326
42,61200
42,60431
42,61200
42,61200
42,61043
42,61051
42,61200
42,61200
42,61209
42,61200
42,61200
42,61200
42,61200
42,61906
42,62215
42,61200
42,61200
42,61200
42,63609
42,61200
42,61200
42,63764
42,63769
42,63855
42,61200
42,64008
42,64096
42,64118
42,64267
42,64322
42,61200
42,64558
42,64568
42,64624
42,61200
42,61200
42,64730
42,64795
42,65047
42,65076
42,65143
42,65438
42,61200
42,61200
42,61200
42,61200
43,61200
43,43458
43,61200
43,61200
43,61200
43,43892
43,44251
43,44268
43,44391
43,61200
43,61200
43,61200
43,61200
43,61200
43,44794
43,45074
43,45117
43,45167
43,61200
43,61200
43,45665
43,61200
43,45802
43,45909
43,45953
43,46135
43,46146
43,61200
43,61200
43,46874
43,47192
43,47318
43,61200
43,47726
43,61200
43,47874
43,61200
43,61200
43,61200
43,48110
43,48198
43,48257
43,61200
43,61200
43,48393
43,48678
43,61200
43,61200
43,48759
43,61200
43,61200
43,61200
43,49117
43,49133
43,61200
43,49372
43,61200
43,49498
43,61200
43,49641
43,61200
43,61200
43,49682
43,49865
43,61200
43,50331
43,50415
43,50432
43,50608
43,50660
43,50690
43,61200
43,50871
43,51036
43,51047
43,51236
43,51411
43,51428
43,51471
43,61200
43,51629
43,52294
43,61200
43,52583
43,52656
43,52940
43,52972
43,61200
43,61200
43,61200
43,53380
43,53509
43,53569
43,61200
43,54013
43,54237
43,61200
43,54269
43,54346
43,54368
43,61200
43,54533
43,54960
43,54975
43,54983
43,61200
43,61200
43,55285
43,61200
43,61200
43,56065
43,56115
43,56293
43,61200
43,61200
43,61200
43,61200
43,61200
43,56916
43,61200
43,61200
43,57147
43,61200
43,57300
43,57345
43,61200
43,57371
43,57387
43,57408
43,57427
43,57514
43,57722
43,61200
43,57771
43,61200
43,58001
43,58529
43,58590
43,61200
43,58693
43,61200
43,58972
43,61200
43,61200
43,61200
43,59315
43,59374
43,61200
43,61200
43,61200
43,60251
43,60496
43,61200
43,60612
43,60706
43,61200
43,60925
43,61100
43,61110
43,61247
43,61247
43,61353
43,61439
43,61607
43,61200
43,61200
43,62021
43,61200
43,62194
43,61200
43,62387
43,62516
43,61200
43,61200
43,61200
43,61200
43,62712
43,62757
43,62773
43,62915
43,63000
43,63042
43,63190
43,63314
43,63417
43,61200
43,61200
43,61200
43,63690
43,61200
43,61200
43,64015
43,64069
43,64195
43,61200
43,61200
43,64442
43,64445
43,64463
43,64509
43,64610
43,64623
43,64909
43,65086
43,65281
43,65344
43,61200
43,65537
43,65707
43,66046
43,61200
43,61200
43,61200
43,61200
43,61200
44,61200
44,61200
44,43522
44,61200
44,43822
44,61200
44,44051
44,44123
44,44139
44,44190
44,61200
44,44257
44,44342
44,61200
44,44555
44,44577
44,44640
44,44658
44,44725
44,61200
44,45052
44,61200
44,45203
44,61200
44,45249
44,45399
44,61200
44,45639
44,45653
44,61200
44,45795
44,45846
44,45915
44,61200
44,46235
44,46450
44,61200
44,46753
44,46804
44,46954
44,46964
44,47139
44,47188
44,47383
44,47566
44,47778
44,61200
44,61200
44,48120
44,61200
44,48320
44,61200
44,48457
44,48597
44,61200
44,48796
44,61200
44,49048
44,49163
44,61200
44,49251
44,49335
44,49345
44,49430
44,49700
44,49827
44,50000
44,50101
44,61200
44,50255
44,61200
44,50727
44,50909
44,61200
44,51324
44,51544
44,51873
44,51955
44,61200
44,61200
44,52431
44,52649
44,52988
44,61200
44,53157
44,53174
44,61200
44,61200
44,53509
44,53557
44,61200
44,61200
44,54013
44,54032
44,54310
44,54344
44,54503
44,61200
44,54765
44,54805
44,54990
44,55045
44,55052
44,55175
44,55369
44,61200
44,61200
44,61200
44,56052
44,56471
44,56499
44,61200
44,61200
44,57012
44,61200
44,57352
44,57397
44,57577
44,61200
44,57739
44,61200
44,57822
44,61200
44,61200
44,58108
44,58370
44,61200
44,58593
44,58693
44,58726
44,58804
44,59223
44,61200
44,61200
44,61200
44,59669
44,60117
44,60177
44,61200
44,61200
44,60410
44,61200
44,60443
44,60538
44,61200
44,61200
44,60920
44,61082
44,61108
44,61230
44,61200
44,61300
44,61325
44,61200
44,61200
44,61200
44,62060
44,62113
44,62166
44,61200
44,62248
44,62282
44,62587
44,62884
44,62895
44,61200
44,63297
44,63540
44,61200
44,63803
44,63804
44,63846
44,61200
44,61200
44,64070
44,61200
44,64351
44,64515
44,64841
44,64966
44,65123
44,65224
44,65236
44,61200
44,65491
44,65570
44,61200
44,61200
44,65877
44,65930
44,61200
44,61200
45,61200
45,43269
45,43270
45,43282
45,43505
45,43660
45,61200
45,61200
45,61200
45,43893
45,61200
45,44078
45,61200
45,44238
45,61200
45,61200
45,61200
45,61200
45,44796
45,45089
45,45118
45,45170
45,45691
45,45706
45,61200
45,61200
45,61200
45,45965
45,45989
45,61200
45,61200
45,61200
45,61200
45,46582
45,46643
45,61200
45,47114
45,47444
45,47568
45,48010
45,48059
45,48225
45,48422
45,48729
45,61200
45,49013
45,49233
45,61200
45,61200
45,49728
45,49831
45,61200
45,61200
45,50136
45,61200
45,61200
45,50670
45,50777
45,50857
45,50975
45,61200
45,51302
45,61200
45,51411
45,51443
45,61200
45,61200
45,51832
45,61200
45,61200
45,52910
45,52960
45,61200
45,53763
45,53765
45,53839
45,54297
45,54353
45,54480
45,54497
45,61200
45,54739
45,54765
45,54814
45,54920
45,54968
45,55186
45,55355
45,61200
45,61200
45,55661
45,55687
45,61200
45,55743
45,61200
45,55803
45,55905
45,55973
45,55990
45,61200
45,61200
45,61200
45,61200
45,56872
45,56995
45,57051
45,61200
45,57520
45,57546
45,61200
45,57761
45,57788
45,57838
45,61200
45,58126
45,61200
45,58306
45,61200
45,58490
45,61200
45,61200
45,58713
45,58893
45,58897
45,58935
45,59111
45,59211
45,59469
45,59552
45,59625
45,59815
45,61200
45,61200
45,60130
45,60214
45,60234
45,60324
45,60391
45,61200
45,60430
45,60487
45,60556
45,60672
45,61200
45,61222
45,61342
45,61494
45,61507
45,61573
45,61200
45,61200
45,62057
45,62072
45,62153
45,62191
45,61200
45,62364
45,62399
45,61200
45,62443
45,62482
45,61200
45,61200
45,62706
45,63217
45,63242
45,63399
45,63401
45,61200
45,63660
45,63668
45,63677
45,63969
45,61200
45,61200
45,64179
45,64252
45,64486
45,61200
45,64603
45,64831
45,64841
45,64850
45,64926
45,64963
45,61200
45,65572
45,61200
45,61200
45,61200
45,61200
45,61200
45,61200
45,61200
45,61200
46,61200
46,43260
46,43423
46,43487
46,43905
46,44095
46,44241
46,61200
46,61200
46,44521
46,61200
46,61200
46,44811
46,61200
46,45141
46,45355
46,45382
46,61200
46,45761
46,61200
46,45926
46,45979
46,46422
46,46427
46,46492
46,46592
46,46605
46,61200
46,61200
46,61200
46,61200
46,61200
46,47228
46,47279
46,47332
46,47359
46,47428
46,47646
46,61200
46,61200
46,47977
46,61200
46,48055
46,48258
46,61200
46,48360
46,48488
46,61200
46,48743
46,61200
46,49089
46,61200
46,49259
46,49314
46,49390
46,61200
46,61200
46,61200
46,61200
46,61200
46,49825
46,49937
46,49992
46,50091
46,50200
46,50244
46,50399
46,50524
46,50669
46,50729
46,50752
46,50800
46,51034
46,51264
46,51365
46,51466
46,51537
46,61200
46,51912
46,52186
46,52230
46,52297
46,52297
46,52323
46,52374
46,52940
46,61200
46,53195
46,61200
46,61200
46,53349
46,53464
46,53567
46,53634
46,53737
46,53794
46,61200
46,53879
46,53934
46,61200
46,54085
46,54271
46,61200
46,54412
46,61200
46,54456
46,54604
46,54639
46,61200
46,61200
46,54719
46,54836
46,54840
46,61200
46,54953
46,61200
46,54992
46,55021
46,55124
46,61200
46,55355
46,55519
46,55566
46,61200
46,61200
46,55800
46,61200
46,55866
46,61200
46,61200
46,55907
46,55992
46,56006
46,56033
46,56046
46,61200
46,56189
46,56269
46,56357
46,56468
46,56473
46,56513
46,61200
46,61200
46,56814
46,57044
46,61200
46,61200
46,57523
46,61200
46,57663
46,57802
46,61200
46,57893
46,61200
46,61200
46,58056
46,58087
46,58288
46,61200
46,58418
46,61200
46,58795
46,61200
46,59268
46,59348
46,61200
46,59689
46,59705
46,61200
46,61200
46,59962
46,59965
46,59986
46,60060
46,61200
46,61200
46,60501
46,60562
46,60819
46,61023
46,61050
46,61200
46,61177
46,61345
46,61382
46,61392
46,61412
46,61200
46,61200
46,61200
46,61696
46,61828
46,61916
46,61926
46,62112
46,61200
46,62626
46,62666
46,62722
46,62796
46,61200
46,62941
46,62962
46,63091
46,63193
46,63400
46,61200
46,61200
46,61200
46,61200
46,64019
46,61200
46,64328
46,64469
46,64945
46,65154
46,65238
46,65354
46,65607
46,65703
46,61200
46,61200
46,65749
46,65972
46,61200
46,61200
46,61200
46,61200
46,61200
47,61200
47,43408
47,61200
47,43838
47,44160
47,44281
47,44292
47,61200
47,44444
47,61200
47,44648
47,44903
47,61200
47,61200
47,61200
47,45218
47,45298
47,61200
47,61200
47,61200
47,45776
47,45810
47,61200
47,46186
47,46188
47,46501
47,46571
47,46579
47,61200
47,46908
47,46910
47,46933
47,47056
47,47088
47,47105
47,61200
47,61200
47,47194
47,47219
47,47291
47,47622
47,47627
47,61200
47,61200
47,47720
47,47737
47,47749
47,48059
47,48118
47,61200
47,48325
47,48363
47,61200
47,48520
47,48549
47,48777
47,48915
47,61200
47,61200
47,61200
47,61200
47,61200
47,50028
47,50112
47,50265
47,50409
47,61200
47,61200
47,50811
47,61200
47,51081
47,61200
47,51457
47,51525
47,51592
47,51930
47,52253
47,61200
47,52430
47,61200
47,52528
47,61200
47,61200
47,61200
47,53478
47,53498
47,53672
47,61200
47,53778
47,53778
47,53978
47,54160
47,54340
47,54515
47,54946
47,54967
47,55014
47,55384
47,55613
47,61200
47,55935
47,55977
47,56132
47,56163
47,56195
47,56420
47,61200
47,56430
47,56529
47,56536
47,56597
47,61200
47,56749
47,56753
47,61200
47,56959
47,57179
47,57392
47,57393
47,57429
47,57522
47,57597
47,61200
47,57860
47,57886
47,61200
47,57972
47,61200
47,58142
47,61200
47,58383
47,58717
47,61200
47,59038
47,61200
47,59237
47,59369
47,61200
47,59413
47,61200
47,59466
47,61200
47,59610
47,59674
47,59727
47,61200
47,61200
47,60131
47,61200
47,61200
47,60485
47,60595
47,61200
47,61371
47,61200
47,61741
47,61200
47,61200
47,61960
47,62104
47,62129
47,62147
47,61200
47,61200
47,61200
47,62630
47,62687
47,62820
47,62917
47,61200
47,61200
47,63324
47,63515
47,63614
47,63741
47,61200
47,61200
47,61200
47,63961
47,61200
47,61200
47,64161
47,64351
47,64370
47,64443
47,64564
47,64698
47,61200
47,64814
47,64821
47,64823
47,64879
47,61200
47,64951
47,64953
47,64990
47,65150
47,61200
47,65340
47,65444
47,61200
47,61200
47,61200
47,61200
47,61200
47,65953
47,65985
47,65998
47,61200
47,61200
47,61200
48,61200
48,61200
48,61200
48,43384
48,43395
48,61200
48,61200
48,61200
48,43733
48,43825
48,61200
48,43986
48,61200
48,44176
48,44466
48,61200
48,61200
48,61200
48,45275
48,45521
48,45561
48,61200
48,45856
48,61200
48,61200
48,61200
48,45982
48,61200
48,47295
48,47504
48,61200
48,61200
48,47847
48,47850
48,47983
48,48124
48,48146
48,61200
48,48846
48,48909
48,49075
48,61200
48,61200
48,61200
48,49429
48,61200
48,49580
48,61200
48,49972
48,61200
48,50090
48,61200
48,61200
48,50281
48,50283
48,50526
48,50704
48,61200
48,50739
48,50909
48,51049
48,51179
48,61200
48,61200
48,61200
48,51640
48,51645
48,51726
48,51769
48,51770
48,51808
48,61200
48,52188
48,52192
48,61200
48,52810
48,53176
48,53280
48,53448
48,53573
48,53694
48,53721
48,53933
48,61200
48,61200
48,54572
48,54667
48,55000
48,61200
48,61200
48,61200
48,55520
48,55583
48,55639
48,55791
48,55806
48,55812
48,56087
48,56130
48,61200
48,56518
48,56721
48,56783
48,56858
48,56903
48,61200
48,61200
48,57319
48,57553
48,57720
48,57743
48,57750
48,57760
48,57836
48,61200
48,58035
48,58185
48,61200
48,58616
48,58658
48,58859
48,59229
48,61200
48,59331
48,61200
48,59656
48,61200
48,61200
48,61200
48,60174
48,60343
48,60348
48,61200
48,60464
48,60466
48,61200
48,61200
48,61200
48,61200
48,60844
48,61200
48,61167
48,61200
48,61279
48,61279
48,61400
48,61453
48,61599
48,61665
48,61780
48,61200
48,61927
48,62141
48,61200
48,62439
48,62635
48,62658
48,62718
48,62737
48,62791
48,62862
48,61200
48,61200
48,63156
48,63245
48,63362
48,63472
48,61200
48,63748
48,61200
48,63897
48,63911
48,61200
48,63982
48,61200
48,64078
48,61200
48,64224
48,61200
48,61200
48,64462
48,61200
48,64638
48,64903
48,65099
48,65135
48,65231
48,65418
48,61200
48,61200
48,66024
48,61200
48,61200
48,61200
48,61200
49,61200
49,43451
49,43534
49,43574
49,43684
49,43760
49,43768
49,43818
49,43954
49,43992
49,44089
49,44112
49,61200
49,44595
49,44718
49,44849
49,61200
49,45012
49,45037
49,61200
49,45225
49,45361
49,61200
49,61200
49,45684
49,45732
49,45764
49,45943
49,46013
49,61200
49,46098
49,46232
49,46365
49,46386
49,46467
49,46565
49,46595
49,46852
49,61200
49,47042
49,61200
49,47066
49,47355
49,47378
49,47398
49,61200
49,47809
49,47823
49,47927
49,48173
49,48201
49,48363
49,48547
49,61200
49,49056
49,49117
49,49338
49,49441
49,49474
49,49610
49,49690
49,49793
49,61200
49,50046
49,50195
49,50356
49,50505
49,51208
49,61200
49,61200
49,51753
49,51987
49,52089
49,61200
49,52245
49,52263
49,52309
49,61200
49,52608
49,52721
49,52762
49,61200
49,52847
49,61200
49,61200
49,53078
49,53184
49,53239
49,61200
49,53494
49,53639
49,53770
49,61200
49,53842
49,61200
49,53970
49,54050
49,54119
49,61200
49,61200
49,54300
49,54344
49,54731
49,54734
49,61200
49,61200
49,55088
49,61200
49,61200
49,61200
49,55310
49,55351
49,61200
49,61200
49,61200
49,55743
49,61200
49,55844
49,55876
49,55927
49,55940
49,55950
49,55967
49,56024
49,56079
49,61200
49,56266
49,61200
49,56488
49,61200
49,56637
49,56768
49,61200
49,57220
49,61200
49,61200
49,61200
49,61200
49,61200
49,61200
49,61200
49,61200
49,57711
49,57719
49,61200
49,58229
49,58260
49,58293
49,58344
49,58422
49,58437
49,61200
49,61200
49,58927
49,59037
49,61200
49,61200
49,61200
49,59324
49,59350
49,59380
49,61200
49,61200
49,61200
49,60049
49,61200
49,61200
49,60702
49,60730
49,60762
49,60778
49,60793
49,61365
49,61200
49,61734
49,61896
49,61200
49,62343
49,62348
49,62392
49,61200
49,62732
49,62754
49,62853
49,62858
49,61200
49,61200
49,63334
49,61200
49,63692
49,61200
49,63872
49,64097
49,64200
49,64276
49,64331
49,64346
49,64432
49,61200
49,61200
49,61200
49,65045
49,65145
49,65154
49,65163
49,61200
49,65355
49,65403
49,61200
49,61200
49,65949
49,61200
49,61200
49,61200
49,61200
49,61200
50,61200
50,61200
50,43295
50,61200
50,43589
50,43642
50,43951
50,44024
50,61200
50,44072
50,44102
50,61200
50,44430
50,44512
50,44659
50,61200
50,44709
50,61200
50,44898
50,44914
50,44935
50,44945
50,45090
50,61200
50,45526
50,61200
50,45838
50,46160
50,46315
50,46354
50,46574
50,46586
50,61200
50,46878
50,61200
50,47197
50,47401
50,61200
50,61200
50,47491
50,61200
50,47842
50,47863
50,47879
50,48067
50,48088
50,61200
50,48304
50,61200
50,61200
50,61200
50,61200
50,48479
50,61200
50,48792
50,61200
50,48963
50,49062
50,61200
50,49284
50,49310
50,49322
50,49356
50,49753
50,61200
50,49932
50,61200
50,50225
50,61200
50,61200
50,50685
50,50840
50,61200
50,50864
50,50929
50,61200
50,51019
50,51113
50,61200
50,61200
50,51464
50,51844
50,61200
50,52065
50,52107
50,61200
50,52268
50,61200
50,52490
50,61200
50,52720
50,52956
50,61200
50,53104
50,61200
50,53239
50,61200
50,61200
50,53562
50,53621
50,61200
50,53740
50,53769
50,53784
50,61200
50,54333
50,61200
50,54517
50,61200
50,54826
50,55107
50,55234
50,55297
50,55513
50,55762
50,55780
50,55845
50,56099
50,56310
50,56324
50,56488
50,61200
50,57058
50,57071
50,57340
50,57351
50,57543
50,57608
50,61200
50,58086
50,58472
50,58474
50,61200
50,59019
50,59139
50,59143
50,61200
50,59439
50,61200
50,61200
50,61200
50,59665
50,61200
50,59808
50,59888
50,61200
50,60178
50,60199
50,60230
50,61200
50,61200
50,61200
50,61100
50,61200
50,61416
50,61200
50,61696
50,61744
50,61772
50,61865
50,62051
50,62367
50,61200
50,62534
50,63230
50,61200
50,63489
50,63550
50,63614
50,61200
50,61200
50,63768
50,61200
50,64222
50,61200
50,61200
50,64549
50,64593
50,61200
50,61200
50,65692
50,65835
50,65854
50,65857
50,65945
50,65975
50,66015
50,66037
50,61200
50,61200
50,61200
50,61200
51,61200
51,43336
51,43375
51,61200
51,43450
51,61200
51,61200
51,44128
51,44132
51,44535
51,44808
51,61200
51,45059
51,45107
51,45146
51,61200
51,61200
51,61200
51,61200
51,61200
51,45699
51,45773
51,45993
51,46039
51,46042
51,61200
51,46359
51,61200
51,61200
51,46636
51,46727
51,46795
51,46862
51,46970
51,46976
51,47011
51,47266
51,61200
51,61200
51,47543
51,61200
51,47881
51,47914
51,61200
51,48218
51,61200
51,48600
51,48773
51,61200
51,48807
51,61200
51,48989
51,61200
51,49117
51,61200
51,61200
51,49505
51,61200
51,61200
51,49800
51,61200
51,50241
51,61200
51,50496
51,50658
51,61200
51,50815
51,61200
51,61200
51,50954
51,50991
51,51037
51,51121
51,61200
51,51436
51,51508
51,51593
51,51796
51,51855
51,51867
51,52043
51,61200
51,61200
51,52134
51,52170
51,52652
51,52670
51,52825
51,53089
51,61200
51,61200
51,53181
51,53189
51,53209
51,61200
51,53485
51,53543
51,53573
51,53975
51,61200
51,54357
51,54414
51,54431
51,54473
51,61200
51,61200
51,55122
51,61200
51,61200
51,55505
51,61200
51,55724
51,55747
51,55800
51,56020
51,61200
51,56162
51,56208
51,56261
51,56288
51,61200
51,61200
51,56851
51,56907
51,61200
51,57612
51,61200
51,57790
51,61200
51,57979
51,58036
51,58143
51,58255
51,58283
51,58331
51,58343
51,61200
51,58586
51,61200
51,58677
51,58736
51,61200
51,61200
51,59007
51,59074
51,59091
51,59098
51,61200
51,59204
51,61200
51,59270
51,59420
51,59706
51,61200
51,60129
51,61200
51,60288
51,61200
51,61200
51,61202
51,61200
51,61483
51,61200
51,61620
51,61200
51,61200
51,61200
51,62132
51,62146
51,61200
51,61200
51,61200
51,61200
51,62813
51,61200
51,61200
51,63115
51,61200
51,61200
51,61200
51,64251
51,64290
51,64482
51,64556
51,64576
51,64684
51,64840
51,65190
51,65258
51,65358
51,61200
51,65860
51,65964
51,61200
51,61200
51,61200
52,61200
52,43321
52,61200
52,61200
52,43714
52,61200
52,43887
52,43900
52,43916
52,61200
52,61200
52,44085
52,44187
52,44245
52,44349
52,44480
52,61200
52,44802
52,44950
52,61200
52,44997
52,61200
52,61200
52,45317
52,61200
52,45755
52,45858
52,45889
52,45896
52,61200
52,61200
52,46237
52,61200
52,46491
52,46545
52,46674
52,46755
52,61200
52,61200
52,46983
52,61200
52,47041
52,61200
52,47211
52,47528
52,61200
52,47764
52,47782
52,47808
52,48082
52,61200
52,48243
52,48664
52,48678
52,48685
52,48704
52,48782
52,61200
52,49136
52,61200
52,61200
52,61200
52,61200
52,49783
52,50012
52,50417
52,61200
52,50750
52,50888
52,50892
52,51000
52,51256
52,61200
52,51500
52,61200
52,61200
52,61200
52,52212
52,52450
52,52473
52,61200
52,52600
52,61200
52,52715
52,61200
52,52980
52,53085
52,53268
52,53309
52,53424
52,53494
52,53653
52,53923
52,53966
52,54038
52,61200
52,54169
52,61200
52,54427
52,61200
52,54884
52,55170
52,55193
52,55193
52,55276
52,61200
52,55489
52,55498
52,61200
52,55625
52,61200
52,55770
52,55811
52,61200
52,61200
52,61200
52,55977
52,56131
52,56682
52,56875
52,57353
52,57410
52,57630
52,61200
52,57667
52,57776
52,61200
52,57898
52,61200
52,58083
52,58156
52,58319
52,58379
52,58740
52,61200
52,61200
52,59153
52,59180
52,61200
52,59369
52,61200
52,59476
52,61200
52,61200
52,61200
52,61200
52,60209
52,60252
52,60315
52,60400
52,61200
52,61200
52,60703
52,60806
52,61108
52,61226
52,61336
52,61200
52,61455
52,61459
52,61200
52,61673
52,61749
52,61832
52,61957
52,61200
52,61200
52,62222
52,62249
52,62377
52,62464
52,62509
52,61200
52,62738
52,61200
52,62966
52,62974
52,63174
52,63261
52,63385
52,63493
52,63619
52,63623
52,63654
52,63821
52,61200
52,63939
52,61200
52,64021
52,64071
52,64116
52,64192
52,64393
52,61200
52,61200
52,61200
52,65013
52,65098
52,61200
52,61200
52,61200
52,65467
52,65554
52,61200
52,61200
52,65707
52,65758
52,65984
52,61200
52,61200
53,61200
53,43320
53,43573
53,43609
53,43612
53,43801
53,61200
53,61200
53,43990
53,61200
53,61200
53,61200
53,44488
53,44527
53,44652
53,44740
53,44782
53,44836
53,61200
53,44931
53,45011
53,45135
53,45302
53,45531
53,61200
53,45941
53,61200
53,61200
53,61200
53,46535
53,46843
53,46978
53,46998
53,47134
53,61200
53,47425
53,47508
53,47587
53,47694
53,61200
53,47740
53,47943
53,48059
53,48329
53,61200
53,48529
53,48540
53,61200
53,48690
53,48774
53,48935
53,49059
53,49248
53,61200
53,49552
53,49611
53,61200
53,61200
53,50042
53,50068
53,50330
53,50359
53,50383
53,61200
53,50578
53,50686
53,50713
53,50920
53,50948
53,51059
53,51190
53,61200
53,51242
53,61200
53,51439
53,51483
53,61200
53,51612
53,51665
53,61200
53,51924
53,51932
53,51970
53,61200
53,61200
53,52312
53,52361
53,52411
53,61200
53,61200
53,52806
53,53076
53,53202
53,61200
53,61200
53,53796
53,53948
53,61200
53,54081
53,61200
53,54416
53,61200
53,54640
53,54925
53,55252
53,61200
53,55268
53,61200
53,55577
53,55705
53,61200
53,56165
53,61200
53,61200
53,61200
53,61200
53,56607
53,56687
53,61200
53,56882
53,61200
53,57266
53,57301
53,57347
53,57381
53,57540
53,57598
53,57658
53,57773
53,57850
53,58124
53,61200
53,58234
53,58461
53,61200
53,58841
53,58915
53,61200
53,59105
53,61200
53,59288
53,59292
53,59397
53,59560
53,59887
53,61200
53,60327
53,60680
53,60820
53,60927
53,61122
53,61163
53,61200
53,61318
53,61420
53,61605
53,61630
53,61684
53,61701
53,61200
53,61200
53,61998
53,61200
53,61200
53,62586
53,61200
53,62613
53,62634
53,61200
53,61200
53,61200
53,61200
53,63273
53,61200
53,61200
53,61200
53,61200
53,63789
53,63825
53,63826
53,61200
53,64102
53,64141
53,64246
53,64822
53,61200
53,61200
53,61200
53,61200
53,65379
53,65446
53,61200
53,61200
53,65835
53,65955
53,61200
53,61200
53,61200
53,61200
54,61200
54,43283
54,43372
54,61200
54,61200
54,43939
54,61200
54,61200
54,44204
54,61200
54,44477
54,44555
54,44580
54,61200
54,44911
54,44950
54,44967
54,45101
54,61200
54,61200
54,61200
54,61200
54,45318
54,61200
54,45438
54,45549
54,61200
54,45831
54,45995
54,46015
54,61200
54,46192
54,46233
54,61200
54,61200
54,46453
54,46462
54,61200
54,61200
54,46605
54,46702
54,46941
54,61200
54,47179
54,47210
54,47398
54,47541
54,61200
54,47637
54,47838
54,48059
54,48274
54,48551
54,61200
54,61200
54,48722
54,61200
54,61200
54,49038
54,61200
54,49165
54,61200
54,49397
54,49576
54,49589
54,49751
54,61200
54,61200
54,49855
54,61200
54,49978
54,50003
54,50625
54,61200
54,61200
54,51228
54,51473
54,61200
54,61200
54,61200
54,51910
54,52081
54,61200
54,61200
54,52382
54,52492
54,52566
54,61200
54,52638
54,52693
54,52925
54,61200
54,53152
54,53343
54,53348
54,61200
54,61200
54,61200
54,61200
54,53668
54,53722
54,61200
54,61200
54,54108
54,61200
54,54294
54,54409
54,54486
54,54745
54,61200
54,61200
54,55259
54,61200
54,55781
54,55786
54,61200
54,61200
54,61200
54,56057
54,56085
54,61200
54,61200
54,56202
54,61200
54,61200
54,56595
54,56895
54,57568
54,61200
54,57687
54,57959
54,58009
54,61200
54,61200
54,58259
54,58287
54,61200
54,61200
54,58746
54,61200
54,61200
54,61200
54,61200
54,59829
54,61200
54,61200
54,61200
54,60091
54,61200
54,61200
54,61200
54,60253
54,60302
54,60412
54,60592
54,60595
54,60664
54,61200
54,60771
54,61333
54,61380
54,61200
54,61471
54,61889
54,61889
54,62070
54,62168
54,62177
54,61200
54,62278
54,62325
54,62563
54,62573
54,62765
54,62791
54,62826
54,62847
54,63048
54,61200
54,63309
54,63414
54,61200
54,61200
54,64232
54,64510
54,64613
54,61200
54,61200
54,65051
54,65071
54,65200
54,61200
54,65437
54,61200
54,65656
54,61200
54,65942
54,61200
55,61200
55,43249
55,43341
55,61200
55,43529
55,43639
55,43815
55,61200
55,61200
55,61200
55,61200
55,61200
55,44649
55,44902
55,61200
55,45008
55,45131
55,61200
55,45306
55,61200
55,61200
55,45530
55,45539
55,61200
55,61200
55,61200
55,46250
55,61200
55,46418
55,61200
55,46674
55,46988
55,47036
55,47215
55,61200
55,47284
55,47301
55,47309
55,47331
55,47354
55,47424
55,61200
55,47536
55,61200
55,47576
55,47743
55,47885
55,48176
55,48268
55,61200
55,48450
55,61200
55,48515
55,48628
55,48656
55,61200
55,61200
55,48980
55,49369
55,61200
55,61200
55,61200
55,49962
55,50050
55,61200
55,50069
55,50152
55,50160
55,50379
55,50399
55,50818
55,50960
55,61200
55,51320
55,51411
55,51445
55,51537
55,51630
55,51642
55,51932
55,52185
55,52395
55,52552
55,52751
55,61200
55,53025
55,53048
55,53559
55,61200
55,61200
55,61200
55,61200
55,54046
55,61200
55,61200
55,61200
55,61200
55,61200
55,54472
55,54715
55,54957
55,55153
55,61200
55,61200
55,55335
55,61200
55,55431
55,55580
55,55633
55,61200
55,61200
55,61200
55,56847
55,61200
55,57237
55,57267
55,57370
55,61200
55,57547
55,57607
55,57740
55,57800
55,57819
55,57859
55,61200
55,58316
55,58373
55,61200
55,61200
55,61200
55,58636
55,61200
55,58784
55,59074
55,59078
55,61200
55,59299
55,61200
55,59494
55,59741
55,61200
55,59910
55,60063
55,60095
55,60125
55,61200
55,61200
55,61200
55,61200
55,61067
55,61094
55,61181
55,61200
55,61200
55,61200
55,61897
55,61200
55,62705
55,62717
55,62831
55,61200
55,61200
55,63314
55,63441
55,63675
55,63848
55,61200
55,63877
55,61200
55,61200
55,64144
55,61200
55,64309
55,61200
55,61200
55,61200
55,61200
55,64857
55,64981
55,61200
55,65086
55,65167
55,65246
55,65586
55,65652
55,61200
55,65786
55,61200
55,61200
55,65897
55,61200
55,61200
55,61200
56,61200
56,61200
56,43362
56,43802
56,43875
56,43901
56,61200
56,61200
56,44028
56,44031
56,44041
56,44127
56,44333
56,61200
56,61200
56,44454
56,44761
56,45177
56,61200
56,61200
56,45409
56,45507
56,45757
56,46261
56,61200
56,46472
56,61200
56,61200
56,61200
56,46903
56,47092
56,61200
56,61200
56,48182
56,48276
56,48464
56,48527
56,48719
56,48875
56,49142
56,49320
56,49437
56,49785
56,49881
56,61200
56,50252
56,61200
56,61200
56,50413
56,50476
56,50500
56,51052
56,51168
56,51278
56,61200
56,51442
56,51528
56,51614
56,51751
56,51830
56,61200
56,51904
56,61200
56,52118
56,52172
56,61200
56,52262
56,61200
56,61200
56,52362
56,52486
56,52508
56,61200
56,52719
56,61200
56,52951
56,53072
56,53174
56,53220
56,61200
56,61200
56,53723
56,53760
56,61200
56,53818
56,61200
56,53996
56,61200
56,54279
56,54283
56,54325
56,54447
56,61200
56,54483
56,54493
56,54701
56,61200
56,54785
56,54805
56,54871
56,54929
56,61200
56,55167
56,61200
56,55413
56,55429
56,55468
56,61200
56,55671
56,61200
56,61200
56,56314
56,56368
56,56414
56,56551
56,61200
56,56653
56,56706
56,56805
56,56919
56,57133
56,61200
56,61200
56,61200
56,61200
56,61200
56,58162
56,58188
56,61200
56,61200
56,58524
56,58550
56,58557
56,58875
56,58885
56,58912
56,61200
56,61200
56,59355
56,61200
56,59838
56,61200
56,61200
56,60052
56,60197
56,60215
56,60332
56,60350
56,60419
56,61200
56,60518
56,60566
56,61200
56,61200
56,61200
56,60762
56,60894
56,61200
56,61097
56,61732
56,61200
56,62080
56,62109
56,62236
56,62345
56,62384
56,62396
56,62402
56,62412
56,61200
56,62669
56,61200
56,63177
56,61200
56,63248
56,61200
56,61200
56,63266
56,63390
56,61200
56,63625
56,63704
56,63803
56,63868
56,63891
56,64143
56,64328
56,61200
56,64501
56,61200
56,64565
56,61200
56,61200
56,64904
56,61200
56,65087
56,61200
56,61200
56,61200
56,65598
56,65616
56,65707
56,65840
56,65948
56,61200
56,61200
57,61200
57,61200
57,43780
57,61200
57,61200
57,44110
57,44162
57,61200
57,44320
57,61200
57,44377
57,61200
57,44657
57,44662
57,61200
57,61200
57,44758
57,44851
57,44852
57,44905
57,61200
57,45091
57,45166
57,45336
57,45472
57,61200
57,45590
57,45683
57,61200
57,61200
57,61200
57,46109
57,46124
57,46284
57,46425
57,61200
57,61200
57,61200
57,61200
57,61200
57,46727
57,61200
57,61200
57,47224
57,47381
57,47506
57,61200
57,47748
57,47926
57,48392
57,48564
57,48851
57,48873
57,49039
57,61200
57,49534
57,49569
57,49770
57,61200
57,50026
57,61200
57,50303
57,50305
57,50350
57,50355
57,61200
57,50426
57,50507
57,50560
57,61200
57,50727
57,61200
57,61200
57,61200
57,61200
57,61200
57,51943
57,52317
57,52464
57,52760
57,52772
57,61200
57,61200
57,53084
57,53116
57,53162
57,53194
57,53342
57,53343
57,53359
57,53574
57,53719
57,53727
57,53891
57,54159
57,54206
57,54382
57,54511
57,61200
57,61200
57,55287
57,55398
57,61200
57,61200
57,55816
57,61200
57,61200
57,55988
57,61200
57,61200
57,56249
57,61200
57,56255
57,56588
57,61200
57,61200
57,56697
57,56737
57,56774
57,57003
57,57076
57,61200
57,61200
57,57305
57,57384
57,57491
57,57624
57,57628
57,57637
57,57642
57,57667
57,57772
57,57806
57,58094
57,58095
57,58364
57,61200
57,58447
57,58719
57,58907
57,61200
57,61200
57,59034
57,59080
57,59174
57,61200
57,59601
57,61200
57,59774
57,59825
57,59830
57,59837
57,59851
57,59895
57,59899
57,60174
57,60209
57,60383
57,61200
57,60759
57,60762
57,61200
57,61200
57,60957
57,61200
57,61200
57,61440
57,61457
57,61200
57,61200
57,61200
57,61200
57,61878
57,61982
57,61200
57,62288
57,62322
57,62336
57,62399
57,62451
57,62698
57,61200
57,61200
57,61200
57,64091
57,64217
57,61200
57,64354
57,61200
57,64414
57,61200
57,64565
57,64754
57,64835
57,61200
57,65250
57,61200
57,65430
57,61200
57,61200
57,65711
57,61200
57,61200
57,65946
57,65957
57,65960
57,65983
57,61200
57,61200
57,61200
57,61200
58,61200
58,43346
58,43423
58,61200
58,61200
58,43897
58,43912
58,61200
58,61200
58,44191
58,44192
58,61200
58,44394
58,61200
58,61200
58,45050
58,61200
58,61200
58,45121
58,61200
58,61200
58,45205
58,45244
58,45270
58,45455
58,45492
58,45604
58,61200
58,45810
58,61200
58,46109
58,46111
58,46232
58,61200
58,46297
58,61200
58,61200
58,46653
58,46906
58,61200
58,47215
58,61200
58,47248
58,47255
58,47305
58,61200
58,47436
58,47524
58,61200
58,47885
58,47905
58,47983
58,48222
58,48227
58,48262
58,48282
58,48536
58,48675
58,48723
58,61200
58,61200
58,49080
58,49119
58,49164
58,61200
58,61200
58,61200
58,49426
58,61200
58,49655
58,61200
58,61200
58,49779
58,61200
58,50024
58,61200
58,61200
58,61200
58,50404
58,61200
58,50482
58,50584
58,50603
58,61200
58,50655
58,50781
58,61200
58,50820
58,50851
58,61200
58,51121
58,51137
58,51360
58,51377
58,51460
58,51587
58,61200
58,52127
58,52265
58,61200
58,61200
58,52474
58,52476
58,61200
58,61200
58,52813
58,52935
58,61200
58,61200
58,53436
58,61200
58,61200
58,53760
58,53856
58,54007
58,61200
58,61200
58,61200
58,61200
58,54603
58,54639
58,54679
58,54686
58,55514
58,55703
58,61200
58,55963
58,61200
58,61200
58,61200
58,56748
58,61200
58,61200
58,56874
58,57074
58,57229
58,61200
58,61200
58,57500
58,57524
58,57558
58,57615
58,57693
58,61200
58,61200
58,58112
58,61200
58,58164
58,58196
58,61200
58,61200
58,61200
58,58604
58,58670
58,58719
58,61200
58,61200
58,59208
58,61200
58,61200
58,61200
58,59809
58,59952
58,61200
58,60079
58,60344
58,60350
58,61200
58,60450
58,60559
58,60944
58,61248
58,61200
58,61655
58,61700
58,61200
58,61880
58,61935
58,61200
58,61200
58,61200
58,62225
58,62303
58,62364
58,62366
58,62489
58,62848
58,63219
58,61200
58,61200
58,63389
58,63819
58,61200
58,61200
58,61200
58,63875
58,61200
58,64009
58,64137
58,64279
58,64566
58,64645
58,64830
58,64856
58,64874
58,64887
58,65073
58,61200
58,61200
58,65247
58,65410
58,61200
58,61200
59,61200
59,61200
59,43366
59,43478
59,43479
59,43485
59,43624
59,61200
59,61200
59,44071
59,44155
59,44158
59,44205
59,61200
59,61200
59,44368
59,44371
59,61200
59,61200
59,44737
59,44851
59,61200
59,45247
59,45273
59,61200
59,45455
59,45506
59,45896
59,46308
59,46343
59,46459
59,46592
59,61200
59,46661
59,46829
59,61200
59,47079
59,47087
59,61200
59,47270
59,61200
59,47388
59,47399
59,47412
59,47597
59,47639
59,61200
59,61200
59,61200
59,48067
59,48129
59,61200
59,48225
59,48271
59,61200
59,61200
59,48945
59,48951
59,48986
59,49170
59,49191
59,61200
59,49756
59,61200
59,61200
59,50141
59,61200
59,61200
59,61200
59,61200
59,50805
59,50821
59,50863
59,50884
59,50940
59,51047
59,51210
59,61200
59,51435
59,51457
59,61200
59,51686
59,61200
59,51767
59,51805
59,51896
59,52124
59,52139
59,52663
59,61200
59,61200
59,53320
59,53504
59,61200
59,54035
59,61200
59,54275
59,54979
59,61200
59,61200
59,55580
59,61200
59,55948
59,55999
59,61200
59,56238
59,56386
59,61200
59,56427
59,56451
59,56465
59,56620
59,56805
59,56821
59,61200
59,61200
59,57105
59,57187
59,57233
59,57277
59,61200
59,61200
59,57881
59,57984
59,58029
59,61200
59,58171
59,61200
59,61200
59,58816
59,61200
59,59046
59,59059
59,61200
59,59074
59,59127
59,59282
59,59331
59,61200
59,59452
59,59687
59,60079
59,60273
59,60284
59,61200
59,60401
59,60550
59,60576
59,60821
59,61223
59,61230
59,61200
59,61274
59,61343
59,61574
59,61746
59,61824
59,61200
59,62040
59,62094
59,62350
59,62473
59,62512
59,62562
59,62600
59,62923
59,63331
59,63363
59,63437
59,61200
59,63624
59,63658
59,63830
59,61200
59,64226
59,64346
59,61200
59,65050
59,65255
59,65355
59,65613
59,65723
59,65747
59,65801
59,65878
59,61200
59,61200
59,61200
60,61200
60,43367
60,61200
60,43524
60,43582
60,61200
60,61200
60,44308
60,61200
60,61200
60,61200
60,61200
60,44935
60,61200
60,45143
60,45178
60,61200
60,61200
60,61200
60,61200
60,45676
60,45867
60,45871
60,61200
60,45973
60,46102
60,46118
60,46524
60,61200
60,46817
60,47162
60,47292
60,47322
60,47443
60,61200
60,61200
60,61200
60,47839
60,47884
60,61200
60,61200
60,61200
60,48307
60,61200
60,48931
60,61200
60,61200
60,49281
60,49417
60,49903
60,49922
60,49933
60,61200
60,61200
60,50115
60,50204
60,50213
60,61200
60,61200
60,61200
60,50472
60,50585
60,50592
60,61200
60,50619
60,50830
60,50907
60,51092
60,61200
60,61200
60,61200
60,51632
60,61200
60,51712
60,61200
60,61200
60,52111
60,61200
60,52569
60,52937
60,61200
60,61200
60,53515
60,53560
60,61200
60,53807
60,53815
60,53996
60,54002
60,61200
60,61200
60,61200
60,54680
60,54830
60,55001
60,55142
60,61200
60,61200
60,61200
60,55623
60,55988
60,56008
60,56020
60,56256
60,56354
60,56386
60,56439
60,56460
60,61200
60,61200
60,56849
60,57235
60,57252
60,57291
60,61200
60,57573
60,57658
60,57718
60,57736
60,57793
60,57946
60,58022
60,61200
60,58273
60,61200
60,58531
60,58546
60,61200
60,58868
60,61200
60,59030
60,59070
60,61200
60,59435
60,59697
60,59780
60,60057
60,60200
60,61200
60,61200
60,61200
60,61013
60,61200
60,61320
60,61412
60,61200
60,61514
60,61200
60,61200
60,61846
60,61200
60,62140
60,61200
60,61200
60,61200
60,62315
60,61200
60,62515
60,62528
60,62554
60,62754
60,62783
60,62854
60,62879
60,61200
60,62934
60,61200
60,63222
60,61200
60,61200
60,63333
60,63627
60,61200
60,63879
60,63904
60,64031
60,61200
60,61200
60,64166
60,61200
60,64437
60,61200
60,64751
60,61200
60,65104
60,65105
60,65116
60,65160
60,61200
60,65281
60,61200
60,65982
60,66048
60,61200
60,61200
60,61200
61,61200
61,43258
61,61200
61,43513
61,43774
61,61200
61,43993
61,43994
61,44054
61,61200
61,44419
61,61200
61,44501
61,61200
61,61200
61,61200
61,44793
61,44947
61,45006
61,61200
61,45272
61,45460
61,45476
61,46192
61,46284
61,46288
61,61200
61,46561
61,46569
61,46590
61,46626
61,46683
61,47239
61,47371
61,47511
61,47541
61,47956
61,48125
61,48148
61,61200
61,48307
61,61200
61,48545
61,48705
61,48779
61,48789
61,61200
61,49143
61,61200
61,61200
61,49422
61,49544
61,61200
61,61200
61,61200
61,49787
61,61200
61,61200
61,61200
61,61200
61,61200
61,61200
61,50269
61,50299
61,50540
61,50626
61,61200
61,61200
61,61200
61,51194
61,51239
61,51348
61,61200
61,51546
61,61200
61,51842
61,52150
61,52406
61,52426
61,52819
61,61200
61,52918
61,53153
61,53223
61,61200
61,53267
61,53393
61,53408
61,61200
61,61200
61,53871
61,61200
61,61200
61,61200
61,54236
61,54510
61,54606
61,61200
61,61200
61,54775
61,54923
61,54989
61,61200
61,55045
61,61200
61,55397
61,61200
61,55525
61,55671
61,55832
61,61200
61,55942
61,55958
61,61200
61,56114
61,61200
61,56242
61,56343
61,56403
61,61200
61,57071
61,57173
61,57222
61,57336
61,57441
61,61200
61,57621
61,57729
61,57735
61,57743
61,57805
61,61200
61,57897
61,61200
61,58122
61,58229
61,61200
61,61200
61,58633
61,61200
61,59022
61,59142
61,59178
61,59195
61,61200
61,59498
61,61200
61,59678
61,59692
61,61200
61,60191
61,61200
61,60240
61,60309
61,60517
61,60604
61,61200
61,60984
61,61200
61,61209
61,61200
61,61542
61,61200
61,61200
61,61653
61,61200
61,61200
61,61200
61,62240
61,62376
61,62501
61,62530
61,62539
61,62575
61,62669
61,62674
61,62861
61,62914
61,63070
61,61200
61,63381
61,63405
61,63443
61,63631
61,61200
61,64024
61,61200
61,61200
61,61200
61,65034
61,61200
61,65187
61,61200
61,65343
61,65362
61,65651
61,61200
61,65802
61,65831
61,66035
61,61200
62,61200
62,61200
62,43340
62,61200
62,61200
62,43575
62,43710
62,43790
62,44017
62,44081
62,44086
62,44471
62,61200
62,44866
62,61200
62,45521
62,61200
62,45568
62,45626
62,45676
62,45705
62,46147
62,61200
62,46749
62,61200
62,46945
62,47189
62,47610
62,61200
62,61200
62,47827
62,47839
62,47888
62,48076
62,61200
62,48210
62,61200
62,61200
62,48350
62,48506
62,48597
62,61200
62,48637
62,48831
62,61200
62,49003
62,49184
62,49237
62,61200
62,49288
62,49323
62,61200
62,49638
62,49638
62,49646
62,49741
62,49818
62,49906
62,49950
62,61200
62,61200
62,50227
62,61200
62,51188
62,61200
62,61200
62,61200
62,51485
62,51529
62,51614
62,51655
62,51727
62,61200
62,61200
62,51806
62,51897
62,61200
62,61200
62,52392
62,52705
62,52757
62,61200
62,52806
62,61200
62,53143
62,53189
62,53528
62,53862
62,54106
62,54107
62,61200
62,54315
62,61200
62,61200
62,54905
62,61200
62,55018
62,55099
62,55415
62,55460
62,61200
62,55721
62,61200
62,55793
62,61200
62,61200
62,56557
62,56694
62,61200
62,57128
62,57153
62,57160
62,57269
62,57344
62,61200
62,61200
62,57578
62,57625
62,61200
62,61200
62,61200
62,58040
62,61200
62,61200
62,61200
62,58744
62,59098
62,59289
62,59500
62,61200
62,59561
62,61200
62,61200
62,59974
62,59991
62,61200
62,60252
62,60434
62,60551
62,60591
62,60683
62,60819
62,60950
62,61324
62,61369
62,61511
62,61886
62,62363
62,62392
62,61200
62,62427
62,61200
62,63174
62,63213
62,63257
62,61200
62,61200
62,63342
62,63548
62,63654
62,63694
62,61200
62,63893
62,63968
62,64089
62,64142
62,61200
62,64297
62,61200
62,64401
62,61200
62,64846
62,65063
62,65394
62,65398
62,65475
62,65547
62,65606
62,65776
62,61200
62,61200
62,61200
62,61200
62,61200
63,61200
63,44042
63,44077
63,61200
63,44221
63,44294
63,44423
63,61200
63,44512
63,44520
63,44521
63,61200
63,44632
63,61200
63,44680
63,44830
63,45119
63,45309
63,45360
63,61200
63,45418
63,45472
63,45479
63,45750
63,61200
63,46302
63,46330
63,61200
63,46563
63,46756
63,46787
63,46879
63,46901
63,47157
63,47226
63,47289
63,47399
63,61200
63,47836
63,48330
63,61200
63,48407
63,48429
63,61200
63,48787
63,48790
63,48871
63,49054
63,61200
63,61200
63,61200
63,61200
63,49288
63,61200
63,49603
63,50009
63,50271
63,61200
63,50428
63,50471
63,61200
63,50830
63,50841
63,50956
63,61200
63,61200
63,61200
63,61200
63,51369
63,51677
63,61200
63,61200
63,51880
63,61200
63,51907
63,52075
63,52128
63,52157
63,52297
63,61200
63,52309
63,61200
63,52600
63,52603
63,52725
63,52745
63,61200
63,52822
63,52865
63,52883
63,61200
63,61200
63,61200
63,61200
63,61200
63,53416
63,61200
63,61200
63,61200
63,53709
63,53914
63,61200
63,54319
63,54341
63,61200
63,54673
63,61200
63,55944
63,55957
63,56289
63,56402
63,56427
63,61200
63,56637
63,56721
63,61200
63,57243
63,57446
63,57464
63,61200
63,58177
63,61200
63,58210
63,58692
63,61200
63,58764
63,61200
63,58896
63,58979
63,59107
63,61200
63,61200
63,59599
63,61200
63,59827
63,59929
63,60244
63,61200
63,61200
63,60455
63,60539
63,60694
63,61200
63,61200
63,61076
63,61093
63,61097
63,61200
63,61597
63,61200
63,61781
63,61835
63,61866
63,61942
63,62073
63,62101
63,61200
63,61200
63,62191
63,61200
63,63035
63,61200
63,63193
63,63361
63,61200
63,61200
63,61200
63,63875
63,63913
63,63943
63,63955
63,64015
63,61200
63,64210
63,61200
63,64638
63,61200
63,64833
63,64918
63,65230
63,65475
63,65522
63,65717
63,65723
63,65781
63,61200
63,61200
63,61200
63,61200
63,61200
63,61200
63,61200
64,61200
64,61200
64,43501
64,61200
64,43622
64,43725
64,61200
64,43769
64,43957
64,43962
64,44010
64,61200
64,61200
64,44176
64,61200
64,44292
64,44310
64,61200
64,44673
64,61200
64,44920
64,45031
64,45068
64,45083
64,45525
64,45551
64,61200
64,61200
64,45770
64,61200
64,46026
64,61200
64,61200
64,46217
64,61200
64,46439
64,61200
64,46710
64,46924
64,46957
64,47046
64,47055
64,61200
64,47159
64,47223
64,47252
64,61200
64,47306
64,47326
64,47770
64,47787
64,47892
64,47898
64,48012
64,48233
64,48662
64,61200
64,48966
64,49132
64,49152
64,61200
64,61200
64,49667
64,61200
64,49740
64,61200
64,61200
64,61200
64,50032
64,50077
64,61200
64,50213
64,50330
64,50514
64,61200
64,50706
64,50881
64,51037
64,51087
64,51168
64,52149
64,61200
64,61200
64,61200
64,61200
64,53468
64,53673
64,53792
64,53979
64,54039
64,61200
64,54428
64,54447
64,54816
64,54935
64,61200
64,55485
64,55530
64,61200
64,55871
64,56142
64,56225
64,61200
64,56233
64,56354
64,56408
64,56811
64,61200
64,61200
64,61200
64,57307
64,61200
64,57411
64,61200
64,57646
64,61200
64,61200
64,58085
64,58124
64,58221
64,61200
64,61200
64,58372
64,58389
64,58390
64,58443
64,58505
64,58529
64,58619
64,58714
64,58785
64,58797
64,58822
64,58876
64,61200
64,59601
64,61200
64,61200
64,60309
64,60318
64,60383
64,60485
64,60755
64,60851
64,60927
64,61200
64,61053
64,61632
64,62027
64,61200
64,62137
64,62173
64,61200
64,62230
64,62263
64,61200
64,61200
64,61200
64,62650
64,62658
64,62701
64,62753
64,62860
64,61200
64,61200
64,61200
64,63396
64,61200
64,63581
64,63692
64,63764
64,61200
64,63817
64,63851
64,63862
64,61200
64,63965
64,61200
64,64006
64,64113
64,61200
64,61200
64,61200
64,64788
64,64867
64,64886
64,61200
64,65026
64,61200
64,61200
64,65628
64,61200
64,65860
64,65912
64,61200
64,65995
64,61200
64,61200
65,61200
65,43887
65,61200
65,43939
65,44042
65,61200
65,44613
65,45010
65,61200
65,45172
65,61200
65,61200
65,61200
65,61200
65,45835
65,45896
65,46162
65,46173
65,46475
65,46568
65,61200
65,46776
65,47015
65,47214
65,47347
65,61200
65,47502
65,47615
65,47863
65,48342
65,61200
65,48573
65,61200
65,61200
65,48704
65,61200
65,49034
65,49148
65,49257
65,61200
65,61200
65,61200
65,61200
65,49988
65,61200
65,61200
65,61200
65,50358
65,61200
65,61200
65,50521
65,61200
65,61200
65,61200
65,50821
65,61200
65,61200
65,51553
65,61200
65,51632
65,51663
65,61200
65,52128
65,52170
65,52223
65,52325
65,52370
65,61200
65,61200
65,53037
65,61200
65,61200
65,53188
65,53378
65,53457
65,53515
65,61200
65,53729
65,53760
65,61200
65,61200
65,54490
65,61200
65,61200
65,54847
65,61200
65,55122
65,55568
65,55691
65,61200
65,61200
65,56000
65,56015
65,61200
65,56134
65,56152
65,61200
65,56344
65,56349
65,56376
65,56417
65,56424
65,56605
65,56652
65,61200
65,56710
65,61200
65,61200
65,61200
65,57031
65,57093
65,61200
65,61200
65,57318
65,61200
65,57468
65,61200
65,61200
65,57788
65,57944
65,58052
65,61200
65,58177
65,61200
65,58796
65,58798
65,58813
65,58845
65,61200
65,61200
65,59049
65,61200
65,61200
65,59271
65,59313
65,59380
65,59445
65,61200
65,59632
65,59719
65,61200
65,60051
65,60129
65,61200
65,60234
65,60294
65,60660
65,60963
65,61200
65,61097
65,61200
65,61200
65,61200
65,61325
65,61200
65,61530
65,61975
65,62226
65,62267
65,62402
65,61200
65,62561
65,61200
65,61200
65,62693
65,62740
65,61200
65,63118
65,61200
65,63291
65,63378
65,63467
65,61200
65,61200
65,63709
65,63914
65,61200
65,61200
65,64101
65,61200
65,61200
65,64457
65,64540
65,64666
65,64793
65,61200
65,61200
65,65068
65,61200
65,61200
65,65508
65,61200
65,61200
65,65880
65,66021
65,66039
65,61200
65,61200
66,61200
66,43399
66,43465
66,43574
66,43596
66,43635
66,61200
66,43983
66,44027
66,61200
66,44231
66,44291
66,44334
66,44354
66,44604
66,44651
66,61200
66,44932
66,44939
66,61200
66,61200
66,61200
66,45515
66,61200
66,45651
66,61200
66,45983
66,46074
66,46265
66,61200
66,46302
66,61200
66,46584
66,46693
66,61200
66,46791
66,47129
66,61200
66,61200
66,47256
66,47281
66,61200
66,61200
66,47316
66,47323
66,61200
66,47931
66,47942
66,48070
66,61200
66,48269
66,61200
66,61200
66,61200
66,61200
66,48924
66,61200
66,61200
66,61200
66,61200
66,61200
66,49635
66,61200
66,49959
66,50041
66,50226
66,61200
66,50350
66,50505
66,50567
66,50858
66,50893
66,61200
66,61200
66,52013
66,52105
66,61200
66,61200
66,52625
66,52643
66,52860
66,61200
66,52964
66,53310
66,53432
66,53498
66,61200
66,61200
66,53596
66,53642
66,53867
66,54035
66,54385
66,54461
66,54732
66,54818
66,61200
66,55009
66,61200
66,61200
66,61200
66,55669
66,55942
66,56101
66,56315
66,61200
66,56400
66,56633
66,56832
66,56924
66,56955
66,57408
66,57458
66,57484
66,61200
66,57956
66,61200
66,58309
66,58340
66,58359
66,58584
66,58678
66,61200
66,58895
66,58953
66,58958
66,59089
66,59110
66,59156
66,61200
66,59290
66,59367
66,59445
66,61200
66,59839
66,59927
66,59990
66,60071
66,60118
66,60123
66,61200
66,61200
66,61200
66,61200
66,60908
66,61200
66,61044
66,61200
66,61200
66,61200
66,61200
66,61200
66,61200
66,61428
66,61496
66,61620
66,61631
66,61705
66,61744
66,61831
66,61842
66,61910
66,61200
66,62200
66,61200
66,62320
66,62556
66,62565
66,62635
66,63019
66,63035
66,61200
66,63264
66,61200
66,63605
66,63635
66,61200
66,63904
66,63998
66,64024
66,64080
66,64113
66,61200
66,61200
66,64414
66,64538
66,61200
66,64823
66,64883
66,64965
66,65140
66,61200
66,61200
66,65384
66,65611
66,61200
66,61200
66,61200
66,61200
67,61200
67,61200
67,43820
67,43825
67,61200
67,43955
67,44253
67,44428
67,44429
67,44612
67,61200
67,61200
67,61200
67,44827
67,61200
67,44980
67,61200
67,45005
67,61200
67,61200
67,46051
67,46052
67,46070
67,46141
67,61200
67,46663
67,46866
67,47013
67,47135
67,61200
67,61200
67,61200
67,47550
67,47721
67,47945
67,61200
67,61200
67,61200
67,61200
67,48373
67,48428
67,61200
67,61200
67,61200
67,48773
67,61200
67,49342
67,61200
67,49667
67,49673
67,61200
67,49685
67,49736
67,61200
67,50248
67,61200
67,61200
67,51505
67,51776
67,52028
67,61200
67,52311
67,61200
67,52825
67,52920
67,61200
67,61200
67,61200
67,53373
67,53488
67,61200
67,61200
67,61200
67,53777
67,53951
67,54367
67,61200
67,54535
67,54848
67,54864
67,61200
67,55072
67,55082
67,61200
67,55245
67,61200
67,61200
67,55611
67,55693
67,55828
67,55938
67,56042
67,56076
67,61200
67,61200
67,56844
67,56890
67,61200
67,61200
67,57484
67,61200
67,61200
67,57613
67,61200
67,61200
67,58589
67,58667
67,61200
67,59230
67,61200
67,59288
67,61200
67,61200
67,59518
67,61200
67,61200
67,59629
67,59730
67,61200
67,59890
67,59974
67,60004
67,60043
67,60141
67,60171
67,60334
67,61200
67,60532
67,61200
67,60748
67,60780
67,60861
67,61200
67,60949
67,61035
67,61200
67,61294
67,61200
67,61350
67,61529
67,61200
67,61567
67,61200
67,61200
67,61794
67,61871
67,61972
67,61200
67,62016
67,61200
67,62177
67,62249
67,62318
67,61200
67,61200
67,61200
67,62631
67,61200
67,62925
67,63166
67,63247
67,61200
67,63338
67,63417
67,63550
67,61200
67,64099
67,61200
67,64185
67,61200
67,64879
67,65029
67,65135
67,61200
67,65264
67,65330
67,61200
67,65419
67,61200
67,61200
67,66002
67,61200
67,61200
67,61200
68,61200
68,43339
68,61200
68,43457
68,43512
68,43520
68,43530
68,61200
68,43812
68,43838
68,61200
68,43850
68,43921
68,43934
68,43961
68,44311
68,61200
68,61200
68,44566
68,44588
68,61200
68,45034
68,61200
68,45627
68,45629
68,45898
68,61200
68,46203
68,46251
68,46382
68,61200
68,46517
68,46544
68,61200
68,46942
68,61200
68,47050
68,61200
68,47342
68,47346
68,47363
68,61200
68,61200
68,47805
68,47980
68,48099
68,61200
68,48553
68,48599
68,48629
68,48641
68,48690
68,48734
68,48912
68,48938
68,49044
68,49108
68,49135
68,49153
68,61200
68,49408
68,49442
68,49497
68,49564
68,49706
68,49799
68,49906
68,61200
68,50124
68,50206
68,61200
68,50483
68,50982
68,51009
68,51023
68,61200
68,61200
68,51555
68,51627
68,51820
68,61200
68,61200
68,52112
68,52231
68,61200
68,52576
68,61200
68,61200
68,53300
68,53348
68,61200
68,53459
68,53564
68,53881
68,61200
68,53961
68,53971
68,61200
68,54091
68,61200
68,61200
68,54474
68,54557
68,54689
68,61200
68,61200
68,54919
68,54978
68,55032
68,61200
68,61200
68,55505
68,61200
68,55710
68,61200
68,56416
68,56546
68,56679
68,56743
68,57015
68,57050
68,61200
68,57687
68,57839
68,58050
68,58117
68,58157
68,61200
68,61200
68,58269
68,61200
68,61200
68,58921
68,59003
68,59006
68,59057
68,61200
68,59354
68,59361
68,59366
68,59401
68,59548
68,59688
68,59693
68,61200
68,59922
68,59924
68,61200
68,61200
68,61200
68,60733
68,61200
68,61074
68,61148
68,61255
68,61359
68,61200
68,61418
68,61490
68,61200
68,61518
68,61577
68,61628
68,61641
68,61200
68,61684
68,61200
68,61200
68,61764
68,61200
68,61833
68,61200
68,62041
68,61200
68,62251
68,62479
68,61200
68,62672
68,62849
68,61200
68,62935
68,61200
68,63232
68,61200
68,63608
68,63744
68,61200
68,61200
68,64281
68,61200
68,64378
68,64485
68,61200
68,61200
68,64575
68,61200
68,61200
68,61200
68,65303
68,61200
68,65318
68,61200
68,65531
68,65627
68,61200
68,61200
68,61200
69,61200
69,43717
69,43896
69,61200
69,44272
69,44300
69,44922
69,61200
69,45103
69,45181
69,61200
69,61200
69,45509
69,61200
69,61200
69,61200
69,46327
69,46899
69,61200
69,61200
69,61200
69,47501
69,47524
69,47551
69,47624
69,47696
69,47927
69,48158
69,48176
69,48219
69,48483
69,48598
69,48686
69,61200
69,49020
69,61200
69,49242
69,49926
69,49977
69,49979
69,61200
69,50116
69,61200
69,61200
69,50916
69,50920
69,50923
69,61200
69,51193
69,61200
69,51316
69,51532
69,61200
69,51753
69,61200
69,52030
69,61200
69,52456
69,52468
69,52507
69,61200
69,52826
69,61200
69,61200
69,61200
69,61200
69,61200
69,53223
69,61200
69,53531
69,53591
69,61200
69,61200
69,61200
69,61200
69,61200
69,54463
69,61200
69,61200
69,54740
69,54750
69,61200
69,55029
69,55083
69,55113
69,55308
69,55450
69,61200
69,55720
69,61200
69,55895
69,55975
69,61200
69,56152
69,56182
69,56199
69,56293
69,56411
69,61200
69,56631
69,56670
69,61200
69,56979
69,61200
69,57220
69,57298
69,57455
69,61200
69,57788
69,57909
69,61200
69,61200
69,58133
69,61200
69,58400
69,58488
69,61200
69,58541
69,61200
69,58809
69,61200
69,61200
69,59182
69,61200
69,59310
69,61200
69,59460
69,61200
69,59593
69,59603
69,59669
69,59716
69,59787
69,59875
69,59885
69,60032
69,60044
69,61200
69,61200
69,60428
69,61200
69,60517
69,60894
69,60918
69,61200
69,61200
69,61012
69,61052
69,61200
69,61077
69,61116
69,61147
69,61178
69,61260
69,61303
69,61373
69,61700
69,61735
69,61872
69,61200
69,62210
69,62363
69,61200
69,62610
69,62628
69,62902
69,62928
69,62986
69,61200
69,63364
69,61200
69,61200
69,63904
69,61200
69,61200
69,61200
69,64588
69,64804
69,61200
69,65439
69,65754
69,61200
69,61200
69,61200
69,61200
70,61200
70,43239
70,61200
70,43646
70,61200
70,61200
70,61200
70,43771
70,43814
70,43840
70,44019
70,44048
70,61200
70,44113
70,44218
70,44507
70,44626
70,61200
70,44848
70,44915
70,45260
70,45281
70,45284
70,45399
70,45546
70,61200
70,45845
70,61200
70,61200
70,61200
70,46171
70,46232
70,61200
70,61200
70,46456
70,61200
70,46641
70,46663
70,61200
70,61200
70,61200
70,47503
70,61200
70,47652
70,61200
70,47674
70,47778
70,47950
70,47985
70,48026
70,48177
70,61200
70,48373
70,48395
70,61200
70,61200
70,48615
70,48699
70,48708
70,48711
70,61200
70,61200
70,49042
70,49232
70,49285
70,49314
70,61200
70,49445
70,49465
70,61200
70,49590
70,61200
70,49732
70,49771
70,49880
70,50085
70,50117
70,50138
70,50155
70,50376
70,50591
70,50686
70,50711
70,61200
70,50768
70,61200
70,61200
70,51170
70,51181
70,61200
70,51768
70,51833
70,51883
70,51931
70,61200
70,52543
70,61200
70,52567
70,61200
70,52687
70,52690
70,61200
70,52785
70,61200
70,61200
70,53032
70,61200
70,53116
70,61200
70,53184
70,53327
70,53429
70,61200
70,61200
70,53887
70,54011
70,61200
70,54499
70,54720
70,54753
70,61200
70,55234
70,55830
70,55925
70,56005
70,61200
70,61200
70,56270
70,61200
70,61200
70,56374
70,56431
70,56472
70,56483
70,61200
70,61200
70,61200
70,61200
70,57182
70,61200
70,57449
70,57491
70,57563
70,57605
70,61200
70,61200
70,57726
70,57770
70,57935
70,58200
70,58490
70,58529
70,58566
70,58664
70,59049
70,61200
70,59873
70,59887
70,61200
70,61200
70,61200
70,60104
70,60152
70,60269
70,60301
70,60364
70,61200
70,61200
70,61255
70,61273
70,61283
70,61328
70,61411
70,61200
70,61504
70,61200
70,61865
70,61882
70,61200
70,61957
70,62070
70,62162
70,62164
70,61200
70,62434
70,61200
70,62495
70,62682
70,62720
70,61200
70,63273
70,63513
70,63515
70,61200
70,61200
70,63758
70,61200
70,64203
70,64206
70,64253
70,64358
70,64897
70,61200
70,65287
70,61200
70,65640
70,65656
70,65661
70,65913
70,61200
70,61200
70,61200
70,61200
71,61200
71,43245
71,61200
71,61200
71,43371
71,61200
71,43420
71,43421
71,61200
71,61200
71,43532
71,43540
71,43787
71,61200
71,43851
71,61200
71,61200
71,61200
71,61200
71,43967
71,61200
71,61200
71,44447
71,61200
71,44717
71,44730
71,61200
71,44905
71,44908
71,44945
71,45105
71,61200
71,45170
71,61200
71,45229
71,45301
71,45323
71,45392
71,45709
71,61200
71,61200
71,45996
71,46258
71,61200
71,46442
71,46599
71,46889
71,46917
71,61200
71,61200
71,61200
71,61200
71,47511
71,47807
71,61200
71,47915
71,61200
71,48450
71,48536
71,61200
71,49170
71,49331
71,61200
71,49442
71,61200
71,49623
71,49732
71,49802
71,49859
71,61200
71,49997
71,50083
71,61200
71,61200
71,51084
71,61200
71,51279
71,51336
71,51340
71,61200
71,51696
71,51944
71,52357
71,52378
71,52516
71,61200
71,52682
71,52786
71,61200
71,52955
71,61200
71,53094
71,61200
71,53117
71,53195
71,53345
71,53563
71,53640
71,53685
71,61200
71,53720
71,61200
71,61200
71,54469
71,54600
71,61200
71,61200
71,61200
71,54870
71,54937
71,54978
71,55251
71,55346
71,55926
71,55961
71,56031
71,61200
71,61200
71,56341
71,56498
71,56638
71,56666
71,61200
71,56687
71,61200
71,56701
71,56819
71,56909
71,61200
71,61200
71,61200
71,61200
71,61200
71,61200
71,57436
71,57626
71,61200
71,61200
71,61200
71,57920
71,58067
71,58467
71,61200
71,61200
71,61200
71,61200
71,61200
71,59180
71,61200
71,59242
71,61200
71,59579
71,59615
71,61200
71,59755
71,59771
71,61200
71,61200
71,59895
71,59998
71,61200
71,61200
71,61200
71,60531
71,61200
71,61200
71,61200
71,60987
71,61173
71,61200
71,61497
71,61501
71,61809
71,61850
71,61958
71,61200
71,61200
71,62174
71,61200
71,62265
71,62283
71,62344
71,61200
71,61200
71,62515
71,62587
71,62842
71,62856
71,62927
71,63009
71,61200
71,63111
71,63157
71,61200
71,63419
71,61200
71,63861
71,63862
71,63921
71,63986
71,61200
71,64044
71,64162
71,61200
71,64341
71,61200
71,61200
71,61200
71,64794
71,64817
71,61200
71,65156
71,65172
71,65220
71,65459
71,61200
71,65629
71,65708
71,65786
71,65899
71,61200
71,61200
72,61200
72,61200
72,61200
72,43670
72,43864
72,43917
72,44148
72,44428
72,61200
72,44870
72,44956
72,61200
72,44978
72,61200
72,61200
72,45185
72,45190
72,61200
72,45436
72,45504
72,61200
72,45793
72,45801
72,45866
72,61200
72,45900
72,61200
72,46057
72,61200
72,61200
72,46423
72,46434
72,46493
72,46643
72,46864
72,47246
72,47553
72,61200
72,47707
72,47729
72,47753
72,47941
72,48037
72,48170
72,48258
72,61200
72,48472
72,61200
72,48612
72,48656
72,48737
72,61200
72,61200
72,49411
72,61200
72,61200
72,61200
72,61200
72,49700
72,61200
72,49780
72,49785
72,49865
72,49878
72,49946
72,61200
72,49999
72,50061
72,61200
72,61200
72,61200
72,50358
72,50485
72,50502
72,61200
72,61200
72,51076
72,61200
72,51432
72,61200
72,61200
72,61200
72,61200
72,52170
72,61200
72,61200
72,52912
72,61200
72,53214
72,53252
72,53263
72,53338
72,53533
72,53690
72,61200
72,53925
72,54150
72,54240
72,61200
72,54613
72,54678
72,61200
72,61200
72,54821
72,61200
72,54877
72,55031
72,61200
72,55183
72,55908
72,56052
72,56248
72,56302
72,56385
72,56491
72,61200
72,61200
72,57042
72,57095
72,57358
72,61200
72,61200
72,58182
72,58200
72,58346
72,58369
72,58611
72,61200
72,58769
72,61200
72,58897
72,61200
72,61200
72,61200
72,61200
72,59329
72,59348
72,59440
72,61200
72,59568
72,59729
72,59732
72,61200
72,59993
72,59996
72,60133
72,61200
72,61200
72,61200
72,60635
72,60699
72,60861
72,61213
72,61277
72,61278
72,61288
72,61200
72,61700
72,61200
72,61200
72,61922
72,61966
72,62033
72,61200
72,62324
72,61200
72,61200
72,61200
72,62748
72,61200
72,62833
72,63278
72,63356
72,63497
72,63671
72,63849
72,64060
72,64064
72,64120
72,64187
72,64379
72,61200
72,64675
72,61200
72,64871
72,64949
72,64959
72,65122
72,61200
72,61200
72,65375
72,61200
72,61200
72,61200
72,65846
72,61200
72,65967
72,66014
72,66040
72,61200
72,61200
73,61200
73,61200
73,43417
73,43444
73,43575
73,43642
73,61200
73,61200
73,44013
73,61200
73,61200
73,61200
73,44890
73,44892
73,45087
73,45287
73,45441
73,45514
73,45675
73,45715
73,61200
73,45793
73,45844
73,46008
73,46099
73,61200
73,46226
73,46237
73,61200
73,61200
73,46668
73,46671
73,46687
73,61200
73,47300
73,47698
73,47710
73,47719
73,61200
73,47947
73,48041
73,48444
73,48446
73,48470
73,48474
73,48557
73,61200
73,48644
73,48697
73,48822
73,48839
73,48858
73,48921
73,49062
73,49142
73,49315
73,61200
73,61200
73,61200
73,49709
73,61200
73,61200
73,49937
73,61200
73,50404
73,50668
73,50838
73,50882
73,61200
73,61200
73,61200
73,61200
73,61200
73,61200
73,61200
73,51854
73,51871
73,51874
73,51949
73,61200
73,52102
73,61200
73,52247
73,52324
73,61200
73,53265
73,53516
73,53768
73,53973
73,61200
73,61200
73,54154
73,61200
73,54593
73,54800
73,55108
73,61200
73,55298
73,55398
73,55416
73,55484
73,55676
73,55855
73,55975
73,56124
73,56224
73,56249
73,56295
73,61200
73,61200
73,56587
73,56788
73,61200
73,56856
73,61200
73,61200
73,61200
73,61200
73,61200
73,57500
73,57857
73,61200
73,58014
73,58172
73,61200
73,61200
73,61200
73,58720
73,61200
73,59033
73,61200
73,59205
73,59412
73,61200
73,60344
73,60794
73,60811
73,61118
73,61200
73,61269
73,61445
73,61456
73,61501
73,61590
73,61200
73,61200
73,61712
73,61200
73,61200
73,61200
73,62173
73,61200
73,61200
73,62369
73,62372
73,61200
73,62406
73,62486
73,61200
73,61200
73,62806
73,61200
73,62970
73,63134
73,61200
73,63327
73,63382
73,61200
73,63742
73,63912
73,63954
73,64138
73,64169
73,61200
73,64262
73,61200
73,61200
73,61200
73,61200
73,61200
73,65074
73,65353
73,65354
73,65492
73,61200
73,65747
73,65860
73,61200
73,61200
73,61200
73,61200
73,61200
73,61200
74,61200
74,61200
74,43580
74,61200
74,43836
74,61200
74,61200
74,61200
74,44146
74,44195
74,44528
74,44625
74,44723
74,44962
74,44987
74,61200
74,45526
74,45546
74,61200
74,45637
74,61200
74,61200
74,46100
74,46225
74,61200
74,46401
74,46418
74,46530
74,61200
74,61200
74,61200
74,46874
74,47222
74,61200
74,61200
74,61200
74,47716
74,47944
74,47984
74,48050
74,48071
74,48076
74,61200
74,61200
74,61200
74,48756
74,48777
74,48931
74,61200
74,61200
74,49534
74,49808
74,61200
74,61200
74,61200
74,50463
74,61200
74,50536
74,61200
74,50629
74,61200
74,50831
74,50870
74,50893
74,61200
74,51570
74,51629
74,61200
74,61200
74,61200
74,52068
74,52181
74,52224
74,61200
74,61200
74,61200
74,52465
74,52940
74,52948
74,61200
74,53739
74,61200
74,54131
74,61200
74,54205
74,61200
74,54419
74,54465
74,61200
74,61200
74,61200
74,54955
74,55140
74,55157
74,55159
74,61200
74,55251
74,55309
74,61200
74,55646
74,55675
74,61200
74,55959
74,56267
74,61200
74,61200
74,57072
74,61200
74,57374
74,61200
74,57476
74,57539
74,57703
74,57725
74,61200
74,58199
74,58485
74,58986
74,59047
74,59182
74,59239
74,61200
74,59393
74,61200
74,61200
74,61200
74,61200
74,59839
74,61200
74,61200
74,61200
74,59952
74,61200
74,61200
74,60285
74,60346
74,61200
74,60407
74,60526
74,61200
74,61200
74,60747
74,61200
74,60822
74,61200
74,61334
74,61200
74,61200
74,61772
74,61786
74,61921
74,61200
74,62201
74,62526
74,62680
74,62761
74,62832
74,62944
74,61200
74,63502
74,61200
74,63735
74,61200
74,63964
74,64050
74,61200
74,64592
74,64669
74,65050
74,65186
74,65235
74,65381
74,65408
74,65462
74,65648
74,65718
74,65893
74,65981
74,61200
74,61200
74,61200
75,61200
75,43233
75,61200
75,43534
75,61200
75,61200
75,61200
75,61200
75,43847
75,61200
75,43938
75,61200
75,43975
75,61200
75,61200
75,44281
75,44497
75,44667
75,44741
75,44875
75,45326
75,45441
75,45456
75,61200
75,61200
75,61200
75,45813
75,46108
75,61200
75,46193
75,61200
75,61200
75,47059
75,47067
75,61200
75,61200
75,61200
75,61200
75,47279
75,47385
75,47616
75,47659
75,61200
75,48331
75,61200
75,61200
75,61200
75,48602
75,61200
75,49168
75,49402
75,49427
75,61200
75,49716
75,49884
75,49894
75,61200
75,49922
75,61200
75,61200
75,61200
75,50641
75,50764
75,50835
75,50837
75,50899
75,61200
75,51193
75,51571
75,61200
75,61200
75,61200
75,61200
75,61200
75,52527
75,61200
75,52568
75,52578
75,61200
75,52633
75,61200
75,61200
75,52688
75,52688
75,52971
75,53122
75,53239
75,61200
75,53356
75,53369
75,53474
75,61200
75,53900
75,61200
75,54029
75,54154
75,54203
75,61200
75,54626
75,54751
75,54922
75,55020
75,61200
75,61200
75,61200
75,55527
75,61200
75,55601
75,55621
75,61200
75,55775
75,55830
75,55831
75,61200
75,61200
75,56037
75,56325
75,56573
75,56654
75,56667
75,61200
75,57328
75,57381
75,57618
75,57753
75,58079
75,58208
75,58346
75,61200
75,58422
75,61200
75,58861
75,58955
75,61200
75,59147
75,59370
75,59402
75,61200
75,59848
75,59909
75,59920
75,59989
75,61200
75,60151
75,60356
75,61200
75,61200
75,60644
75,60864
75,60947
75,60977
75,61200
75,61200
75,61970
75,61200
75,62098
75,61200
75,61200
75,61200
75,62366
75,62444
75,62493
75,62785
75,62992
75,63288
75,63431
75,63516
75,63544
75,61200
75,63943
75,64109
75,64131
75,64248
75,61200
75,64347
75,61200
75,61200
75,64661
75,64800
75,61200
75,61200
75,64973
75,61200
75,65046
75,61200
75,65115
75,61200
75,65150
75,65239
75,61200
75,65296
75,65696
75,61200
75,65731
75,65795
75,65835
75,61200
75,61200
75,61200
76,61200
76,43257
76,61200
76,43428
76,43555
76,61200
76,61200
76,61200
76,44669
76,44818
76,44847
76,61200
76,45309
76,45321
76,61200
76,45405
76,45434
76,45546
76,45658
76,45672
76,45673
76,45746
76,61200
76,45974
76,61200
76,61200
76,61200
76,46314
76,46421
76,46493
76,46645
76,46679
76,61200
76,47093
76,47135
76,47276
76,47481
76,47535
76,61200
76,61200
76,48107
76,61200
76,61200
76,48431
76,48433
76,48806
76,49082
76,61200
76,49488
76,61200
76,49524
76,61200
76,49607
76,61200
76,61200
76,49956
76,50029
76,50042
76,61200
76,50280
76,50337
76,50502
76,50572
76,61200
76,50665
76,50769
76,50780
76,61200
76,50858
76,61200
76,61200
76,51402
76,61200
76,61200
76,51780
76,61200
76,52184
76,61200
76,61200
76,52811
76,53144
76,53315
76,61200
76,53736
76,53833
76,53900
76,54041
76,54188
76,54294
76,54526
76,54630
76,61200
76,54972
76,55004
76,55039
76,61200
76,55670
76,55769
76,55848
76,56164
76,56345
76,56706
76,56896
76,56906
76,57345
76,57372
76,57499
76,58073
76,58132
76,58412
76,61200
76,61200
76,61200
76,58877
76,58970
76,61200
76,59283
76,59336
76,59355
76,61200
76,61200
76,59663
76,59912
76,61200
76,61200
76,61200
76,61200
76,61200
76,60699
76,60739
76,60754
76,61200
76,61190
76,61381
76,61200
76,61200
76,61200
76,61627
76,61881
76,61200
76,61200
76,61200
76,61200
76,62482
76,61200
76,61200
76,63110
76,63142
76,61200
76,61200
76,61200
76,63421
76,63859
76,63912
76,63945
76,63947
76,61200
76,64094
76,61200
76,64145
76,64332
76,64337
76,64346
76,64474
76,64484
76,61200
76,61200
76,64967
76,61200
76,65188
76,65330
76,65550
76,65652
76,61200
76,65750
76,65815
76,65828
76,65997
76,61200
76,61200
76,61200
77,61200
77,43224
77,43421
77,43623
77,43639
77,61200
77,43775
77,43783
77,61200
77,43855
77,43888
77,44214
77,61200
77,44497
77,61200
77,61200
77,61200
77,61200
77,44804
77,61200
77,45133
77,45210
77,45235
77,45262
77,45522
77,61200
77,45789
77,61200
77,61200
77,46286
77,46390
77,61200
77,61200
77,61200
77,47006
77,47098
77,47270
77,47345
77,47353
77,47740
77,61200
77,47905
77,47913
77,47964
77,48186
77,48220
77,61200
77,61200
77,61200
77,61200
77,61200
77,48692
77,61200
77,49008
77,61200
77,49242
77,49545
77,49817
77,49830
77,49885
77,61200
77,49958
77,50084
77,50111
77,50198
77,50282
77,61200
77,50514
77,50643
77,61200
77,50796
77,50796
77,50816
77,50895
77,61200
77,51560
77,51737
77,52019
77,52220
77,52226
77,52319
77,52403
77,61200
77,61200
77,61200
77,53026
77,61200
77,61200
77,53230
77,61200
77,61200
77,53398
77,53406
77,61200
77,53539
77,61200
77,53729
77,53752
77,53923
77,53985
77,54042
77,54076
77,61200
77,61200
77,61200
77,54236
77,61200
77,54391
77,61200
77,54522
77,61200
77,54622
77,61200
77,55183
77,61200
77,55296
77,61200
77,61200
77,61200
77,55698
77,55713
77,55766
77,61200
77,61200
77,56041
77,61200
77,61200
77,61200
77,61200
77,57074
77,57108
77,57141
77,61200
77,61200
77,57584
77,57615
77,57784
77,57918
77,57942
77,61200
77,61200
77,61200
77,58091
77,58163
77,61200
77,58397
77,61200
77,58522
77,58560
77,61200
77,61200
77,59087
77,59141
77,59247
77,61200
77,61200
77,59535
77,61200
77,61200
77,59818
77,59912
77,60024
77,60044
77,60449
77,60496
77,60881
77,60948
77,61200
77,60992
77,61093
77,61108
77,61200
77,61243
77,61200
77,61200
77,61558
77,61721
77,61200
77,61854
77,61965
77,62212
77,61200
77,62225
77,61200
77,62319
77,62462
77,61200
77,62712
77,61200
77,61200
77,63212
77,63226
77,61200
77,61200
77,63398
77,63816
77,61200
77,61200
77,64140
77,64198
77,61200
77,64376
77,61200
77,64388
77,64397
77,64452
77,61200
77,64476
77,64479
77,61200
77,61200
77,61200
77,64877
77,65102
77,65175
77,65192
77,61200
77,61200
77,65613
77,65924
77,61200
77,61200
77,61200
77,61200
77,61200
78,61200
78,61200
78,61200
78,43412
78,43425
78,43525
78,61200
78,44027
78,44406
78,61200
78,61200
78,44725
78,61200
78,45033
78,45213
78,45237
78,45247
78,45314
78,45338
78,45433
78,61200
78,45480
78,61200
78,61200
78,45665
78,45698
78,45866
78,45880
78,45890
78,45990
78,46353
78,46460
78,61200
78,47002
78,47044
78,47477
78,47504
78,47686
78,61200
78,61200
78,61200
78,61200
78,47972
78,48168
78,48287
78,48794
78,61200
78,49050
78,49284
78,49329
78,49461
78,61200
78,61200
78,50162
78,61200
78,61200
78,50596
78,50689
78,61200
78,50881
78,61200
78,61200
78,61200
78,61200
78,51246
78,51358
78,61200
78,61200
78,51837
78,51872
78,52102
78,61200
78,61200
78,52148
78,52174
78,52267
78,52279
78,52474
78,61200
78,52600
78,52648
78,61200
78,52705
78,52844
78,53132
78,53144
78,53201
78,53242
78,61200
78,61200
78,61200
78,61200
78,53873
78,61200
78,61200
78,61200
78,54910
78,54983
78,55122
78,61200
78,61200
78,55735
78,61200
78,61200
78,61200
78,61200
78,56298
78,61200
78,61200
78,61200
78,56628
78,56837
78,57208
78,61200
78,57438
78,57498
78,57565
78,57718
78,57869
78,57880
78,58149
78,58149
78,58166
78,61200
78,59174
78,59234
78,59291
78,59339
78,59382
78,59531
78,59592
78,59727
78,59738
78,59857
78,59879
78,59887
78,61200
78,61200
78,60124
78,61200
78,61200
78,60805
78,60829
78,61058
78,61105
78,61200
78,61298
78,61200
78,61200
78,61200
78,61200
78,62032
78,62236
78,62282
78,62311
78,62405
78,61200
78,62638
78,62662
78,62711
78,62782
78,62797
78,61200
78,63012
78,63106
78,63264
78,61200
78,63370
78,63446
78,63692
78,63723
78,61200
78,63866
78,61200
78,64063
78,64223
78,64349
78,64519
78,64544
78,64878
78,64993
78,65126
78,65274
78,61200
78,65517
78,65570
78,65587
78,65659
78,65679
78,65697
78,61200
78,65987
78,66045
78,61200
78,61200
78,61200
78,61200
78,61200
78,61200
79,61200
79,43218
79,43260
79,61200
79,61200
79,61200
79,43484
79,43571
79,61200
79,61200
79,61200
79,61200
79,61200
79,61200
79,44599
79,44646
79,61200
79,44729
79,61200
79,61200
79,61200
79,61200
79,61200
79,45336
79,45636
79,45750
79,45876
79,45900
79,45978
79,61200
79,46001
79,46038
79,46146
79,61200
79,46754
79,46825
79,61200
79,47484
79,61200
79,47599
79,61200
79,61200
79,48018
79,48081
79,48096
79,61200
79,48580
79,61200
79,48826
79,48952
79,49074
79,49148
79,49175
79,49217
79,61200
79,49403
79,61200
79,49731
79,61200
79,61200
79,50044
79,50160
79,50323
79,61200
79,61200
79,50649
79,61200
79,61200
79,51030
79,51118
79,51130
79,61200
79,51209
79,61200
79,61200
79,51647
79,61200
79,51829
79,51865
79,61200
79,52045
79,52046
79,52084
79,61200
79,52313
79,52443
79,52446
79,61200
79,52565
79,61200
79,52942
79,52949
79,53142
79,53218
79,53289
79,61200
79,53551
79,53670
79,53671
79,61200
79,53792
79,61200
79,54042
79,61200
79,61200
79,54189
79,54265
79,54297
79,54477
79,61200
79,54773
79,54916
79,55092
79,55163
79,61200
79,61200
79,55614
79,55657
79,61200
79,56009
79,56172
79,61200
79,61200
79,61200
79,56416
79,61200
79,56521
79,56541
79,61200
79,61200
79,56892
79,56924
79,61200
79,61200
79,61200
79,57271
79,57340
79,57465
79,57574
79,57670
79,61200
79,61200
79,61200
79,58146
79,58161
79,58176
79,61200
79,61200
79,58450
79,58488
79,58564
79,58787
79,61200
79,58834
79,58940
79,61200
79,61200
79,59263
79,59370
79,59388
79,61200
79,59483
79,59561
79,59771
79,59968
79,59983
79,61200
79,60405
79,60549
79,60976
79,61200
79,61114
79,61174
79,61195
79,61316
79,61200
79,61200
79,61200
79,61682
79,61200
79,61782
79,61200
79,61978
79,62002
79,62007
79,62178
79,62247
79,62254
79,62303
79,62320
79,62447
79,62542
79,61200
79,62646
79,62674
79,62814
79,62867
79,62880
79,62991
79,63021
79,61200
79,61200
79,63364
79,63428
79,63498
79,63642
79,61200
79,64129
79,64141
79,61200
79,64421
79,61200
79,64462
79,64502
79,64563
79,64642
79,61200
79,64887
79,64942
79,65007
79,65070
79,61200
79,61200
79,61200
79,65505
79,65761
79,65810
79,65821
79,61200
79,61200
79,61200
80,61200
80,43303
80,43308
80,43348
80,43442
80,43525
80,43912
80,44167
80,61200
80,44661
80,61200
80,61200
80,61200
80,44959
80,45231
80,61200
80,45332
80,45857
80,45978
80,45986
80,46008
80,46032
80,61200
80,61200
80,46302
80,61200
80,61200
80,46888
80,61200
80,61200
80,47162
80,47278
80,47410
80,47570
80,47721
80,61200
80,47877
80,47970
80,48325
80,61200
80,61200
80,61200
80,48962
80,49003
80,61200
80,61200
80,61200
80,61200
80,49310
80,61200
80,49370
80,49636
80,61200
80,49809
80,49852
80,50059
80,50075
80,50105
80,50152
80,50575
80,61200
80,50843
80,50904
80,61200
80,61200
80,61200
80,50959
80,61200
80,51437
80,51585
80,51665
80,51808
80,61200
80,61200
80,52759
80,61200
80,52981
80,53034
80,53045
80,61200
80,53135
80,53287
80,53366
80,53486
80,53501
80,53543
80,61200
80,53550
80,54157
80,61200
80,54342
80,61200
80,61200
80,61200
80,55150
80,55446
80,55778
80,55921
80,61200
80,56062
80,56082
80,56214
80,56268
80,61200
80,56584
80,56701
80,61200
80,61200
80,56946
80,61200
80,57004
80,57060
80,61200
80,57134
80,57137
80,57194
80,57269
80,61200
80,61200
80,57455
80,57527
80,57550
80,61200
80,57730
80,57909
80,57926
80,58044
80,61200
80,61200
80,61200
80,58634
80,61200
80,58721
80,58811
80,59003
80,61200
80,59293
80,59335
80,59585
80,61200
80,61200
80,59861
80,61200
80,59894
80,61200
80,60120
80,60296
80,60324
80,61200
80,60536
80,60785
80,60903
80,60911
80,61200
80,61132
80,61227
80,61315
80,61508
80,61558
80,61200
80,62160
80,62202
80,62215
80,62307
80,62312
80,62485
80,61200
80,61200
80,62878
80,62943
80,62950
80,63001
80,63258
80,63380
80,63495
80,63702
80,63810
80,63911
80,61200
80,64271
80,61200
80,64946
80,64976
80,61200
80,65003
80,65043
80,65172
80,65416
80,61200
80,65589
80,65633
80,61200
80,61200
80,65987
80,65991
80,61200
81,61200
81,43275
81,43450
81,43538
81,43698
81,61200
81,61200
81,43846
81,61200
81,44027
81,44184
81,44579
81,44683
81,44735
81,61200
81,44943
81,61200
81,61200
81,61200
81,61200
81,45457
81,45478
81,45486
81,45622
81,46140
81,61200
81,61200
81,61200
81,61200
81,47126
81,47397
81,47898
81,48162
81,48168
81,48183
81,48200
81,48334
81,61200
81,48524
81,61200
81,48571
81,61200
81,49060
81,49301
81,49306
81,49361
81,49705
81,49848
81,61200
81,61200
81,49945
81,61200
81,50309
81,50359
81,61200
81,50390
81,61200
81,50478
81,50505
81,50622
81,50670
81,61200
81,50937
81,51081
81,61200
81,61200
81,51200
81,51236
81,61200
81,51265
81,61200
81,51412
81,51463
81,51567
81,51735
81,61200
81,51868
81,61200
81,61200
81,61200
81,52455
81,52479
81,61200
81,61200
81,52731
81,52880
81,53245
81,53247
81,53266
81,53348
81,61200
81,53435
81,53520
81,61200
81,53751
81,53942
81,53950
81,54032
81,54044
81,61200
81,54154
81,54277
81,54286
81,61200
81,54320
81,54323
81,54327
81,54368
81,54409
81,54649
81,61200
81,54749
81,55077
81,61200
81,61200
81,61200
81,61200
81,56008
81,56019
81,61200
81,61200
81,56213
81,56218
81,56331
81,61200
81,56492
81,56513
81,56538
81,61200
81,57024
81,57151
81,57173
81,57242
81,61200
81,57726
81,57875
81,61200
81,57922
81,61200
81,58072
81,58274
81,61200
81,61200
81,58363
81,58424
81,61200
81,58622
81,58634
81,61200
81,59040
81,59089
81,61200
81,61200
81,61200
81,59288
81,59303
81,61200
81,59412
81,61200
81,61200
81,59679
81,59726
81,61200
81,61200
81,60037
81,60061
81,60251
81,61200
81,60472
81,60532
81,60577
81,61200
81,61200
81,61119
81,61200
81,61200
81,61395
81,61398
81,61458
81,61507
81,61669
81,61678
81,61200
81,61200
81,61200
81,62047
81,62180
81,61200
81,62272
81,62427
81,62451
81,61200
81,61200
81,61200
81,62836
81,63284
81,61200
81,61200
81,63463
81,63575
81,63660
81,61200
81,61200
81,64051
81,61200
81,64385
81,61200
81,64435
81,61200
81,61200
81,64691
81,64761
81,65087
81,65290
81,65391
81,65430
81,65647
81,61200
81,65813
81,65957
81,66032
81,61200
81,61200
82,61200
82,43356
82,61200
82,43773
82,43931
82,44347
82,44468
82,61200
82,44835
82,44955
82,44956
82,44958
82,61200
82,61200
82,61200
82,45121
82,45131
82,61200
82,61200
82,45590
82,45633
82,45676
82,45831
82,45899
82,46163
82,61200
82,61200
82,61200
82,46802
82,47029
82,61200
82,47329
82,61200
82,61200
82,47602
82,47613
82,61200
82,61200
82,47703
82,61200
82,48067
82,48080
82,48203
82,48418
82,61200
82,48982
82,49110
82,61200
82,61200
82,61200
82,49875
82,61200
82,61200
82,61200
82,50203
82,50232
82,50295
82,61200
82,61200
82,50549
82,51033
82,51065
82,51090
82,61200
82,61200
82,51402
82,51705
82,51726
82,51734
82,61200
82,51933
82,51993
82,52002
82,61200
82,61200
82,52193
82,61200
82,52506
82,52515
82,52598
82,52855
82,53073
82,53263
82,61200
82,53415
82,53575
82,53834
82,61200
82,54094
82,54095
82,54212
82,61200
82,61200
82,54712
82,61200
82,54862
82,61200
82,61200
82,55066
82,55328
82,55369
82,61200
82,61200
82,55710
82,55781
82,55796
82,55811
82,61200
82,61200
82,61200
82,61200
82,61200
82,61200
82,56757
82,56835
82,61200
82,56882
82,57251
82,61200
82,57507
82,57552
82,57576
82,61200
82,61200
82,58556
82,58662
82,58812
82,61200
82,58973
82,59045
82,59143
82,59279
82,59347
82,59376
82,59420
82,59609
82,59657
82,59833
82,60047
82,60163
82,60246
82,61200
82,60284
82,60685
82,60837
82,61200
82,60883
82,61200
82,61341
82,61362
82,61200
82,61505
82,61200
82,61624
82,61647
82,61857
82,62058
82,62101
82,62209
82,62319
82,62367
82,62467
82,62534
82,62541
82,62735
82,62812
82,63033
82,63051
82,63191
82,61200
82,63378
82,63391
82,61200
82,61200
82,61200
82,61200
82,61200
82,61200
82,64114
82,64118
82,61200
82,61200
82,61200
82,64355
82,64467
82,61200
82,64777
82,61200
82,64799
82,61200
82,61200
82,61200
82,65283
82,65319
82,61200
82,65594
82,65691
82,61200
82,66040
82,61200
83,61200
83,43349
83,61200
83,43714
83,43816
83,61200
83,43878
83,44044
83,44080
83,44364
83,44496
83,44667
83,44700
83,61200
83,61200
83,61200
83,45017
83,45104
83,45245
83,61200
83,45393
83,45448
83,45507
83,61200
83,61200
83,45910
83,61200
83,46245
83,61200
83,46818
83,46832
83,46860
83,46869
83,61200
83,61200
83,47274
83,47294
83,47406
83,47638
83,47758
83,61200
83,61200
83,61200
83,48023
83,48075
83,48205
83,61200
83,48350
83,48356
83,48595
83,61200
83,48724
83,48822
83,61200
83,49354
83,61200
83,61200
83,61200
83,49491
83,61200
83,49811
83,61200
83,49886
83,61200
83,50174
83,61200
83,50244
83,50316
83,61200
83,50760
83,50926
83,51118
83,61200
83,51304
83,51472
83,51533
83,61200
83,51921
83,51980
83,61200
83,52255
83,52275
83,52348
83,52414
83,61200
83,61200
83,53011
83,53167
83,53202
83,61200
83,53264
83,53272
83,53315
83,53629
83,53665
83,61200
83,61200
83,53969
83,61200
83,61200
83,54302
83,54333
83,61200
83,54576
83,61200
83,54875
83,61200
83,61200
83,55023
83,61200
83,55185
83,55299
83,55455
83,55849
83,61200
83,55966
83,56050
83,61200
83,56127
83,56201
83,56306
83,56342
83,61200
83,56894
83,56982
83,57092
83,61200
83,57191
83,57199
83,57226
83,61200
83,57340
83,57744
83,57913
83,61200
83,61200
83,58364
83,61200
83,61200
83,61200
83,58592
83,61200
83,58758
83,59174
83,59200
83,59393
83,59444
83,61200
83,61200
83,59520
83,61200
83,61200
83,60279
83,61200
83,61200
83,61200
83,60547
83,60727
83,60812
83,60912
83,61036
83,61117
83,61147
83,61200
83,61200
83,61419
83,61200
83,61604
83,61200
83,61200
83,62137
83,62284
83,61200
83,62518
83,62561
83,62564
83,62732
83,61200
83,62907
83,62978
83,62992
83,63155
83,61200
83,61200
83,61200
83,63554
83,63705
83,63802
83,61200
83,64246
83,64425
83,64464
83,61200
83,64913
83,65145
83,65266
83,65327
83,65463
83,61200
83,65903
83,61200
83,61200
84,61200
84,61200
84,43500
84,43589
84,43629
84,61200
84,61200
84,43885
84,43922
84,44204
84,44291
84,44410
84,61200
84,61200
84,44595
84,61200
84,61200
84,45231
84,45262
84,45313
84,45600
84,61200
84,45906
84,45961
84,46036
84,46036
84,46065
84,46166
84,61200
84,46412
84,46435
84,61200
84,61200
84,61200
84,46768
84,46817
84,61200
84,47227
84,47265
84,61200
84,47831
84,61200
84,47900
84,61200
84,61200
84,61200
84,61200
84,61200
84,48822
84,48983
84,49128
84,49174
84,49213
84,61200
84,49364
84,61200
84,49451
84,49678
84,49888
84,49963
84,61200
84,50351
84,50359
84,61200
84,50503
84,61200
84,50842
84,61200
84,51319
84,51332
84,51335
84,61200
84,61200
84,61200
84,61200
84,61200
84,61200
84,61200
84,52456
84,52554
84,52626
84,52733
84,53127
84,53429
84,61200
84,53710
84,53765
84,61200
84,61200
84,61200
84,54014
84,61200
84,54084
84,61200
84,54293
84,61200
84,54348
84,54416
84,54739
84,61200
84,61200
84,54995
84,61200
84,56166
84,56332
84,61200
84,56516
84,56753
84,61200
84,57030
84,57128
84,61200
84,57148
84,61200
84,57458
84,61200
84,57904
84,61200
84,61200
84,61200
84,61200
84,58404
84,58446
84,61200
84,58639
84,58865
84,58902
84,58906
84,58919
84,59235
84,59265
84,61200
84,61200
84,61200
84,60387
84,60595
84,60755
84,60776
84,60813
84,60938
84,61162
84,61200
84,61200
84,61438
84,61793
84,61897
84,62071
84,61200
84,61200
84,62479
84,62529
84,61200
84,63139
84,63312
84,63321
84,61200
84,63523
84,61200
84,63869
84,61200
84,64068
84,61200
84,61200
84,61200
84,64534
84,64630
84,61200
84,61200
84,61200
84,65025
84,61200
84,65179
84,65230
84,65274
84,65388
84,65467
84,65484
84,65495
84,65642
84,61200
84,65998
84,61200
84,66043
84,61200
84,61200
84,61200
84,61200
85,61200
85,43215
85,43325
85,43364
85,43472
85,61200
85,43688
85,61200
85,43792
85,43869
85,61200
85,44338
85,44339
85,44619
85,44877
85,44912
85,61200
85,45352
85,45465
85,45657
85,45873
85,45896
85,61200
85,61200
85,45987
85,46013
85,61200
85,46058
85,46064
85,46069
85,61200
85,61200
85,46180
85,61200
85,46442
85,61200
85,46826
85,46899
85,61200
85,61200
85,61200
85,47334
85,47392
85,47407
85,47430
85,47522
85,47897
85,47983
85,48032
85,48106
85,61200
85,48446
85,61200
85,48551
85,48598
85,61200
85,48834
85,49036
85,49083
85,49146
85,49161
85,61200
85,49368
85,61200
85,49492
85,61200
85,49528
85,49584
85,49632
85,61200
85,61200
85,49832
85,49998
85,50130
85,61200
85,61200
85,50305
85,50347
85,50378
85,50438
85,61200
85,50505
85,61200
85,50886
85,50904
85,51352
85,51697
85,51923
85,61200
85,51979
85,52088
85,52560
85,61200
85,53050
85,53088
85,53185
85,53309
85,53314
85,53401
85,53506
85,61200
85,53892
85,61200
85,53939
85,54094
85,61200
85,61200
85,54843
85,54844
85,54858
85,61200
85,61200
85,55720
85,61200
85,56188
85,56290
85,56586
85,56701
85,56797
85,56814
85,57071
85,61200
85,61200
85,61200
85,57609
85,61200
85,57792
85,57999
85,58012
85,61200
85,58380
85,58440
85,58478
85,61200
85,58505
85,58568
85,61200
85,58914
85,61200
85,61200
85,59029
85,59123
85,61200
85,59304
85,59436
85,61200
85,59550
85,61200
85,59704
85,59794
85,59822
85,61200
85,61200
85,61200
85,60545
85,60568
85,60774
85,60788
85,61200
85,60852
85,60906
85,60997
85,61200
85,61173
85,61200
85,61380
85,61505
85,61514
85,61200
85,61897
85,62006
85,62113
85,61200
85,62153
85,62190
85,62415
85,62581
85,62904
85,61200
85,61200
85,61200
85,61200
85,63020
85,63098
85,63286
85,61200
85,61200
85,63496
85,63715
85,61200
85,63809
85,63862
85,63992
85,64479
85,64554
85,64626
85,64704
85,64814
85,61200
85,64917
85,61200
85,61200
85,65845
85,61200
85,61200
85,61200
86,61200
86,43283
86,61200
86,43478
86,43515
86,43611
86,43666
86,61200
86,61200
86,43970
86,44032
86,44183
86,44429
86,44573
86,61200
86,61200
86,61200
86,61200
86,44803
86,44823
86,44850
86,61200
86,61200
86,45171
86,45184
86,45222
86,45303
86,45421
86,45480
86,61200
86,45770
86,45871
86,46125
86,46137
86,46274
86,61200
86,46514
86,61200
86,46718
86,61200
86,46968
86,61200
86,61200
86,61200
86,47241
86,47321
86,61200
86,47730
86,61200
86,48176
86,61200
86,61200
86,61200
86,61200
86,48515
86,48546
86,48631
86,48642
86,48778
86,61200
86,61200
86,61200
86,49353
86,49373
86,49391
86,61200
86,49446
86,61200
86,49529
86,49551
86,49846
86,49993
86,61200
86,50048
86,50096
86,50156
86,50191
86,50229
86,50337
86,61200
86,50350
86,61200
86,61200
86,61200
86,61200
86,51184
86,51219
86,51513
86,51563
86,51605
86,51815
86,61200
86,51981
86,52011
86,52054
86,61200
86,52303
86,52304
86,52323
86,61200
86,61200
86,61200
86,61200
86,53023
86,53060
86,53159
86,61200
86,53407
86,61200
86,61200
86,53599
86,53814
86,54130
86,54134
86,61200
86,61200
86,61200
86,54691
86,54709
86,54739
86,55105
86,55124
86,55130
86,55143
86,55200
86,61200
86,61200
86,61200
86,55797
86,61200
86,56075
86,56078
86,56215
86,61200
86,56285
86,56301
86,61200
86,56492
86,61200
86,61200
86,56703
86,56768
86,57015
86,57065
86,57077
86,57178
86,57193
86,57193
86,57264
86,57305
86,57372
86,61200
86,57593
86,61200
86,57685
86,57844
86,61200
86,57933
86,61200
86,58046
86,58298
86,58584
86,58769
86,59046
86,61200
86,59132
86,59658
86,59775
86,59866
86,59886
86,60176
86,60194
86,60219
86,60676
86,61200
86,60820
86,61031
86,61247
86,61361
86,61200
86,61650
86,61933
86,61989
86,62080
86,62279
86,62291
86,62294
86,61200
86,62379
86,62447
86,62814
86,62927
86,63105
86,63220
86,63252
86,61200
86,61200
86,63773
86,61200
86,64217
86,64298
86,61200
86,64445
86,64471
86,61200
86,64778
86,61200
86,65154
86,65199
86,65297
86,65314
86,61200
86,61200
86,65475
86,61200
86,65574
86,61200
86,65888
86,61200
86,61200
86,61200
87,61200
87,43272
87,61200
87,43396
87,43402
87,43510
87,43534
87,61200
87,61200
87,61200
87,61200
87,43918
87,44170
87,61200
87,61200
87,44354
87,44370
87,61200
87,61200
87,44709
87,44723
87,45236
87,45243
87,61200
87,45623
87,45647
87,45658
87,45723
87,61200
87,46165
87,61200
87,61200
87,61200
87,61200
87,61200
87,46736
87,46763
87,61200
87,47174
87,47276
87,61200
87,47964
87,48075
87,48176
87,48643
87,61200
87,61200
87,61200
87,48972
87,49195
87,61200
87,49257
87,49333
87,49435
87,49443
87,49602
87,61200
87,49856
87,49889
87,49938
87,50230
87,61200
87,50628
87,50771
87,50844
87,61200
87,51275
87,51490
87,61200
87,51546
87,51572
87,51578
87,61200
87,51664
87,51916
87,52097
87,52196
87,52500
87,52501
87,52547
87,52651
87,52824
87,61200
87,61200
87,53064
87,53127
87,53192
87,53323
87,61200
87,53390
87,53420
87,53540
87,54034
87,54071
87,54166
87,61200
87,54508
87,61200
87,54702
87,61200
87,61200
87,55045
87,55211
87,55239
87,61200
87,61200
87,55490
87,55539
87,55674
87,55800
87,55853
87,55922
87,56322
87,56336
87,61200
87,56502
87,56517
87,56645
87,61200
87,56851
87,56944
87,56962
87,57055
87,57104
87,57286
87,57321
87,61200
87,57496
87,57511
87,57524
87,57540
87,57803
87,57848
87,58007
87,61200
87,58178
87,61200
87,58592
87,59238
87,61200
87,59593
87,59598
87,61200
87,61200
87,61200
87,60031
87,60261
87,60300
87,61200
87,60375
87,61200
87,60621
87,61009
87,61103
87,61113
87,61200
87,61184
87,61200
87,61200
87,61267
87,61450
87,61200
87,61836
87,61890
87,61955
87,62007
87,62035
87,62048
87,62149
87,62272
87,62498
87,62628
87,61200
87,62740
87,62760
87,62890
87,63063
87,61200
87,61200
87,63376
87,61200
87,61200
87,63736
87,63748
87,61200
87,63918
87,63920
87,61200
87,61200
87,64160
87,65136
87,61200
87,65156
87,65162
87,61200
87,65315
87,65343
87,65645
87,65659
87,65778
87,61200
87,61200
87,61200
87,65872
87,65914
87,61200
87,61200
88,61200
88,43354
88,61200
88,43470
88,43843
88,61200
88,44009
88,61200
88,44168
88,61200
88,44230
88,44279
88,44367
88,61200
88,61200
88,61200
88,61200
88,61200
88,45470
88,61200
88,61200
88,61200
88,61200
88,46068
88,46080
88,61200
88,61200
88,61200
88,61200
88,46816
88,46856
88,61200
88,47295
88,47357
88,61200
88,47456
88,47614
88,47655
88,47678
88,47855
88,61200
88,47941
88,61200
88,61200
88,48131
88,61200
88,48538
88,48637
88,61200
88,61200
88,61200
88,49062
88,49149
88,49244
88,61200
88,61200
88,61200
88,49602
88,49624
88,49863
88,61200
88,49981
88,49998
88,61200
88,61200
88,50113
88,61200
88,50625
88,61200
88,50897
88,51104
88,51322
88,51429
88,61200
88,51634
88,51717
88,52111
88,52159
88,52330
88,52390
88,61200
88,61200
88,52631
88,61200
88,52933
88,61200
88,61200
88,53141
88,53155
88,61200
88,53173
88,53242
88,61200
88,53462
88,53623
88,53655
88,61200
88,61200
88,61200
88,54797
88,54910
88,54926
88,55147
88,61200
88,55532
88,61200
88,61200
88,61200
88,61200
88,61200
88,56376
88,56419
88,56629
88,56701
88,56716
88,61200
88,56839
88,57089
88,61200
88,61200
88,61200
88,57739
88,57837
88,57904
88,57905
88,57938
88,58031
88,58233
88,58266
88,61200
88,58495
88,58665
88,61200
88,58781
88,58813
88,61200
88,59390
88,59541
88,61200
88,59663
88,59778
88,59789
88,61200
88,61200
88,61200
88,60102
88,60170
88,60297
88,60379
88,60410
88,60634
88,61200
88,60703
88,60720
88,60721
88,60880
88,60935
88,61200
88,61059
88,61200
88,61200
88,61200
88,61398
88,61501
88,61200
88,61907
88,61200
88,62142
88,61200
88,61200
88,61200
88,61200
88,62903
88,63099
88,61200
88,63133
88,63177
88,63214
88,61200
88,63342
88,63396
88,63507
88,63596
88,63604
88,63655
88,63775
88,63825
88,63975
88,61200
88,64390
88,64398
88,61200
88,61200
88,61200
88,61200
88,64766
88,61200
88,65104
88,61200
88,65366
88,65382
88,65515
88,61200
89,61200
89,61200
89,43344
89,61200
89,61200
89,61200
89,61200
89,43674
89,43749
89,61200
89,43915
89,61200
89,61200
89,44250
89,44261
89,44453
89,44799
89,44884
89,44962
89,61200
89,61200
89,45173
89,45187
89,61200
89,61200
89,45590
89,45616
89,61200
89,45761
89,61200
89,45988
89,46169
89,46195
89,46389
89,46405
89,61200
89,46466
89,46493
89,46581
89,46654
89,46720
89,46766
89,46768
89,47074
89,47394
89,47458
89,61200
89,47676
89,61200
89,61200
89,47986
89,61200
89,48114
89,48144
89,48212
89,48235
89,61200
89,61200
89,61200
89,61200
89,48746
89,48752
89,48856
89,48918
89,49048
89,61200
89,49134
89,61200
89,49293
89,49348
89,61200
89,49681
89,61200
89,50055
89,61200
89,61200
89,50262
89,50311
89,50631
89,61200
89,61200
89,61200
89,50895
89,50982
89,61200
89,51117
89,51139
89,51165
89,61200
89,51258
89,51385
89,51565
89,51565
89,61200
89,51604
89,51687
89,51816
89,52109
89,61200
89,52156
89,61200
89,52261
89,52431
89,52545
89,52635
89,52677
89,61200
89,52917
89,53193
89,61200
89,61200
89,53584
89,53681
89,53745
89,53978
89,54227
89,54447
89,54622
89,61200
89,61200
89,61200
89,61200
89,55354
89,55379
89,55549
89,61200
89,55758
89,55834
89,55841
89,56057
89,56267
89,56407
89,56528
89,61200
89,56836
89,56842
89,56843
89,61200
89,56864
89,57148
89,57398
89,61200
89,61200
89,57920
89,61200
89,58258
89,61200
89,61200
89,61200
89,58765
89,61200
89,58859
89,59108
89,59651
89,61200
89,61200
89,59954
89,60002
89,60067
89,61200
89,60283
89,61200
89,61200
89,61200
89,60610
89,60675
89,60815
89,61100
89,61169
89,61200
89,61200
89,61437
89,61544
89,61606
89,61200
89,62020
89,62092
89,62096
89,61200
89,62213
89,62434
89,62515
89,61200
89,61200
89,62747
89,61200
89,62830
89,61200
89,61200
89,62998
89,63011
89,63051
89,63280
89,63459
89,63485
89,63660
89,61200
89,63900
89,61200
89,61200
89,61200
89,64612
89,64643
89,61200
89,64989
89,65032
89,61200
89,61200
89,65235
89,61200
89,61200
89,65409
89,65444
89,65486
89,61200
89,65750
89,61200
89,61200
89,61200
89,61200
90,61200
90,43274
90,43404
90,43453
90,61200
90,61200
90,43555
90,61200
90,61200
90,43812
90,43871
90,44039
90,61200
90,44247
90,61200
90,61200
90,61200
90,44545
90,44790
90,45299
90,61200
90,61200
90,45479
90,61200
90,45583
90,45703
90,45809
90,61200
90,45920
90,61200
90,61200
90,46046
90,61200
90,46221
90,46298
90,46387
90,46497
90,61200
90,61200
90,46997
90,47001
90,47468
90,47591
90,48271
90,61200
90,48358
90,48416
90,61200
90,48618
90,61200
90,48785
90,48986
90,49309
90,49349
90,61200
90,49514
90,49568
90,61200
90,61200
90,61200
90,49669
90,61200
90,49937
90,61200
90,61200
90,50236
90,61200
90,61200
90,50391
90,61200
90,61200
90,61200
90,61200
90,50682
90,50745
90,61200
90,50913
90,61200
90,51123
90,51818
90,61200
90,51960
90,52053
90,52083
90,61200
90,61200
90,52477
90,52514
90,52610
90,61200
90,52626
90,61200
90,61200
90,61200
90,53530
90,53546
90,53714
90,53914
90,54402
90,54409
90,54485
90,54711
90,54790
90,55023
90,55086
90,55325
90,55480
90,55507
90,61200
90,55625
90,55872
90,55880
90,55917
90,61200
90,56446
90,61200
90,61200
90,56926
90,57079
90,61200
90,61200
90,57531
90,61200
90,57687
90,57926
90,58050
90,58064
90,58157
90,58410
90,58516
90,58518
90,58673
90,61200
90,59287
90,59632
90,59633
90,61200
90,59745
90,61200
90,59943
90,61200
90,61200
90,60221
90,60435
90,60462
90,61200
90,61200
90,61112
90,61200
90,61200
90,61488
90,61852
90,61200
90,61200
90,62231
90,62241
90,62377
90,62480
90,62563
90,61200
90,62734
90,61200
90,63032
90,63169
90,63177
90,61200
90,63205
90,61200
90,61200
90,63714
90,63840
90,61200
90,64422
90,64522
90,64588
90,64621
90,64839
90,64990
90,61200
90,65311
90,61200
90,61200
90,61200
90,65857
90,65982
90,61200
90,61200
90,61200
90,61200
91,61200
91,61200
91,61200
91,43416
91,43506
91,61200
91,61200
91,44506
91,61200
91,44544
91,61200
91,44661
91,61200
91,44810
91,61200
91,45175
91,45275
91,45295
91,61200
91,45415
91,45505
91,61200
91,45866
91,61200
91,45908
91,61200
91,61200
91,46010
91,46105
91,46196
91,61200
91,46269
91,46330
91,46364
91,46542
91,61200
91,46927
91,61200
91,47260
91,61200
91,47489
91,61200
91,61200
91,48312
91,48637
91,61200
91,61200
91,61200
91,48921
91,61200
91,49262
91,49272
91,49314
91,49368
91,61200
91,49725
91,61200
91,49818
91,49842
91,49910
91,61200
91,50043
91,50388
91,50407
91,50749
91,50754
91,61200
91,61200
91,61200
91,51069
91,51100
91,51266
91,51450
91,61200
91,61200
91,51526
91,51543
91,51579
91,51580
91,61200
91,51939
91,51996
91,52090
91,52119
91,52196
91,52243
91,61200
91,52558
91,52632
91,52741
91,61200
91,52893
91,52948
91,53005
91,53024
91,53120
91,53277
91,61200
91,61200
91,53570
91,53685
91,61200
91,54204
91,54340
91,54343
91,54419
91,54474
91,54512
91,54719
91,61200
91,54980
91,54994
91,61200
91,61200
91,55112
91,61200
91,55258
91,61200
91,61200
91,55964
91,61200
91,61200
91,61200
91,61200
91,56554
91,61200
91,56816
91,61200
91,57034
91,61200
91,61200
91,57239
91,61200
91,61200
91,57897
91,61200
91,61200
91,58027
91,61200
91,58175
91,58232
91,58233
91,61200
91,61200
91,58654
91,61200
91,61200
91,61200
91,58871
91,58938
91,61200
91,58984
91,61200
91,59233
91,61200
91,59473
91,59489
91,59757
91,61200
91,59942
91,60008
91,60025
91,61200
91,60044
91,61200
91,60348
91,60503
91,60576
91,60635
91,61200
91,61200
91,61200
91,60883
91,61200
91,61185
91,61641
91,61200
91,62187
91,62190
91,62217
91,62298
91,62572
91,62573
91,62705
91,62724
91,62732
91,62803
91,61200
91,63010
91,63205
91,63368
91,63402
91,61200
91,63696
91,61200
91,63767
91,63805
91,63856
91,63924
91,63990
91,64037
91,61200
91,61200
91,61200
91,61200
91,64777
91,61200
91,64834
91,65178
91,65360
91,65426
91,61200
91,66051
91,61200
91,61200
91,61200
91,61200
92,61200
92,43464
92,43524
92,61200
92,43554
92,43699
92,43715
92,61200
92,61200
92,61200
92,44054
92,44097
92,44111
92,61200
92,44241
92,44656
92,44659
92,44661
92,44895
92,45019
92,61200
92,61200
92,45347
92,61200
92,45695
92,61200
92,61200
92,45903
92,45951
92,45968
92,46057
92,46221
92,46410
92,46574
92,46627
92,61200
92,46890
92,46953
92,61200
92,47039
92,47116
92,47130
92,47150
92,47222
92,47347
92,47521
92,47534
92,47774
92,47825
92,61200
92,47965
92,61200
92,61200
92,48270
92,61200
92,48681
92,48683
92,61200
92,48882
92,48886
92,61200
92,49101
92,61200
92,61200
92,49505
92,49597
92,49643
92,61200
92,49824
92,49942
92,50125
92,61200
92,50291
92,61200
92,61200
92,50454
92,50491
92,50985
92,51156
92,61200
92,51642
92,51765
92,51839
92,61200
92,52169
92,52291
92,61200
92,52559
92,52643
92,52914
92,61200
92,61200
92,61200
92,53748
92,61200
92,54455
92,54706
92,61200
92,61200
92,61200
92,54929
92,61200
92,55065
92,55256
92,61200
92,55565
92,55638
92,61200
92,61200
92,61200
92,55839
92,61200
92,61200
92,61200
92,61200
92,55993
92,56034
92,61200
92,56307
92,56400
92,61200
92,61200
92,56672
92,61200
92,61200
92,61200
92,57412
92,57416
92,57769
92,57845
92,61200
92,61200
92,57935
92,61200
92,58180
92,58351
92,58423
92,61200
92,61200
92,58772
92,59141
92,61200
92,59265
92,59307
92,59343
92,59657
92,61200
92,61200
92,61200
92,61200
92,61315
92,61726
92,61200
92,61748
92,61805
92,61918
92,61200
92,61200
92,61977
92,62105
92,61200
92,61200
92,62296
92,61200
92,61200
92,63031
92,63130
92,61200
92,61200
92,63355
92,61200
92,63488
92,63600
92,61200
92,63728
92,63748
92,63788
92,61200
92,61200
92,64239
92,64291
92,61200
92,61200
92,64704
92,61200
92,61200
92,64821
92,64909
92,61200
92,61200
92,65061
92,65245
92,65252
92,65272
92,65400
92,65420
92,65474
92,65669
92,65800
92,65838
92,61200
92,61200
92,61200
92,61200
93,61200
93,43245
93,43363
93,43368
93,61200
93,43625
93,61200
93,61200
93,43844
93,44065
93,61200
93,44147
93,61200
93,61200
93,44332
93,44408
93,61200
93,61200
93,61200
93,44629
93,61200
93,61200
93,44932
93,44973
93,61200
93,45292
93,45323
93,61200
93,45594
93,45600
93,45780
93,61200
93,61200
93,46031
93,46143
93,46236
93,46429
93,61200
93,46477
93,46647
93,61200
93,61200
93,46821
93,47155
93,47219
93,61200
93,47449
93,47650
93,47699
93,61200
93,48129
93,48179
93,61200
93,61200
93,48730
93,61200
93,48941
93,61200
93,49147
93,49256
93,61200
93,61200
93,49535
93,61200
93,49587
93,49696
93,49707
93,49752
93,61200
93,49855
93,49981
93,50007
93,50039
93,50077
93,61200
93,61200
93,50488
93,61200
93,50615
93,61200
93,50654
93,61200
93,50697
93,50729
93,61200
93,61200
93,51215
93,61200
93,61200
93,51337
93,51466
93,61200
93,61200
93,61200
93,61200
93,51727
93,51833
93,52031
93,61200
93,61200
93,61200
93,52294
93,52519
93,52608
93,61200
93,61200
93,61200
93,52842
93,52890
93,53003
93,53466
93,53840
93,53840
93,53913
93,61200
93,61200
93,61200
93,61200
93,54513
93,61200
93,54647
93,54778
93,54959
93,55117
93,61200
93,55563
93,55620
93,55703
93,55984
93,56075
93,61200
93,56113
93,56308
93,61200
93,61200
93,61200
93,56658
93,61200
93,57055
93,61200
93,57467
93,57675
93,57712
93,57772
93,57843
93,57890
93,57934
93,57957
93,58044
93,61200
93,58203
93,61200
93,58297
93,61200
93,58397
93,61200
93,58944
93,59012
93,61200
93,61200
93,59104
93,59360
93,61200
93,59437
93,59727
93,61200
93,61200
93,59897
93,60123
93,60593
93,60674
93,60690
93,60791
93,61200
93,61200
93,61140
93,61200
93,61436
93,61200
93,62030
93,62125
93,61200
93,61200
93,61200
93,61200
93,62468
93,62540
93,61200
93,62602
93,62681
93,62772
93,61200
93,62924
93,61200
93,63588
93,61200
93,63898
93,63910
93,64228
93,61200
93,64454
93,64494
93,64758
93,61200
93,65053
93,65118
93,65602
93,65875
93,65875
93,66030
93,61200
93,61200
94,61200
94,61200
94,43767
94,43904
94,44052
94,44219
94,44313
94,44430
94,61200
94,44503
94,44552
94,44584
94,44716
94,61200
94,44951
94,44959
94,61200
94,45016
94,45213
94,61200
94,61200
94,45547
94,46695
94,47089
94,47344
94,47390
94,47392
94,61200
94,61200
94,47954
94,61200
94,48238
94,61200
94,61200
94,48473
94,48491
94,61200
94,49008
94,49118
94,61200
94,49330
94,61200
94,61200
94,49449
94,61200
94,61200
94,61200
94,50608
94,50812
94,61200
94,61200
94,51297
94,61200
94,51347
94,51422
94,61200
94,61200
94,52161
94,52194
94,61200
94,52831
94,61200
94,61200
94,61200
94,53232
94,53458
94,61200
94,61200
94,61200
94,61200
94,61200
94,53850
94,53883
94,53978
94,54020
94,54043
94,54059
94,54211
94,54446
94,61200
94,54581
94,54795
94,61200
94,55133
94,55372
94,55712
94,61200
94,55963
94,61200
94,61200
94,61200
94,56177
94,56395
94,56458
94,56657
94,61200
94,61200
94,61200
94,57252
94,57328
94,57344
94,57435
94,57511
94,61200
94,57726
94,57729
94,61200
94,57956
94,61200
94,58092
94,58158
94,61200
94,58366
94,58433
94,58440
94,61200
94,58690
94,61200
94,61200
94,58980
94,59004
94,61200
94,59111
94,59164
94,59297
94,59367
94,59372
94,61200
94,61200
94,61200
94,61200
94,61200
94,61200
94,61200
94,60338
94,61200
94,60402
94,61200
94,61200
94,61200
94,61006
94,61433
94,61469
94,61612
94,61200
94,61928
94,62017
94,62119
94,61200
94,62292
94,61200
94,62430
94,62522
94,62880
94,62946
94,61200
94,61200
94,63095
94,63152
94,63187
94,61200
94,63568
94,63605
94,63688
94,61200
94,63785
94,63888
94,61200
94,64337
94,64456
94,61200
94,64816
94,61200
94,61200
94,65081
94,61200
94,65145
94,65241
94,65342
94,61200
94,65479
94,61200
94,61200
94,61200
94,61200
94,61200
95,61200
95,43453
95,61200
95,43783
95,43826
95,43944
95,44069
95,61200
95,44240
95,61200
95,44546
95,44641
95,61200
95,44848
95,61200
95,61200
95,45049
95,45228
95,61200
95,45296
95,45302
95,61200
95,61200
95,61200
95,45521
95,61200
95,45737
95,61200
95,61200
95,45873
95,45942
95,45961
95,46043
95,61200
95,46168
95,61200
95,46506
95,46547
95,61200
95,46875
95,46904
95,61200
95,47073
95,61200
95,47233
95,61200
95,47370
95,47373
95,61200
95,47478
95,47516
95,47561
95,47641
95,47774
95,47853
95,61200
95,48115
95,48120
95,61200
95,61200
95,61200
95,48619
95,61200
95,48829
95,61200
95,61200
95,49350
95,49381
95,49441
95,49513
95,61200
95,49576
95,61200
95,61200
95,61200
95,49878
95,61200
95,49940
95,61200
95,50005
95,61200
95,61200
95,50408
95,50414
95,50509
95,50520
95,50677
95,61200
95,61200
95,51279
95,51290
95,61200
95,61200
95,51853
95,52151
95,61200
95,52293
95,52313
95,61200
95,61200
95,52643
95,61200
95,61200
95,53037
95,53139
95,61200
95,53266
95,61200
95,61200
95,53780
95,53854
95,54075
95,54127
95,61200
95,54377
95,61200
95,61200
95,54860
95,61200
95,54923
95,61200
95,55392
95,55526
95,55550
95,55602
95,61200
95,61200
95,56400
95,56454
95,61200
95,56738
95,57036
95,61200
95,57136
95,57231
95,57240
95,57258
95,61200
95,57463
95,57500
95,57582
95,57593
95,57685
95,61200
95,57703
95,61200
95,57803
95,61200
95,61200
95,58054
95,58057
95,61200
95,58136
95,58187
95,61200
95,61200
95,58676
95,58695
95,61200
95,61200
95,58979
95,59192
95,61200
95,59260
95,61200
95,59478
95,59493
95,59493
95,61200
95,59680
95,59798
95,59911
95,60266
95,61200
95,60364
95,60386
95,60554
95,61200
95,60687
95,61200
95,61200
95,61200
95,61390
95,61200
95,61568
95,61572
95,61671
95,61200
95,61772
95,61773
95,61952
95,62291
95,61200
95,62350
95,62482
95,62677
95,61200
95,62780
95,62857
95,62876
95,61200
95,63104
95,63350
95,63422
95,63472
95,61200
95,63519
95,63582
95,63735
95,61200
95,61200
95,61200
95,61200
95,61200
95,61200
95,64796
95,64960
95,65120
95,65148
95,61200
95,61200
95,65269
95,65317
95,65355
95,61200
95,65677
95,65929
95,61200
95,61200
95,61200
95,61200
95,61200
96,61200
96,43242
96,61200
96,43321
96,43441
96,43575
96,43615
96,61200
96,61200
96,44020
96,44252
96,44365
96,61200
96,44513
96,61200
96,61200
96,44933
96,45162
96,45185
96,61200
96,45416
96,45488
96,45513
96,61200
96,61200
96,45579
96,45616
96,45678
96,46041
96,46116
96,46244
96,61200
96,61200
96,46767
96,61200
96,46859
96,46961
96,47123
96,47360
96,47380
96,61200
96,47418
96,61200
96,47642
96,61200
96,61200
96,61200
96,48026
96,61200
96,61200
96,48350
96,48452
96,48453
96,61200
96,48543
96,48591
96,48661
96,61200
96,61200
96,61200
96,48981
96,61200
96,49636
96,49750
96,49801
96,49989
96,50053
96,50174
96,50206
96,61200
96,61200
96,61200
96,50769
96,50806
96,50917
96,50954
96,51524
96,51654
96,51722
96,51821
96,51916
96,52108
96,52220
96,52392
96,61200
96,52437
96,61200
96,61200
96,61200
96,61200
96,52787
96,61200
96,61200
96,53100
96,53222
96,61200
96,53443
96,53546
96,53660
96,53683
96,53715
96,53775
96,54009
96,54014
96,54213
96,61200
96,54264
96,54321
96,54366
96,54382
96,54511
96,54619
96,54683
96,61200
96,61200
96,54781
96,54789
96,55012
96,61200
96,61200
96,55226
96,61200
96,55706
96,55874
96,56035
96,61200
96,56150
96,56460
96,56718
96,61200
96,56779
96,61200
96,56876
96,57059
96,57138
96,57502
96,57520
96,57601
96,58094
96,61200
96,58370
96,61200
96,58551
96,58623
96,61200
96,58714
96,61200
96,58910
96,59087
96,59214
96,61200
96,61200
96,59511
96,59672
96,59684
96,61200
96,59694
96,59825
96,59834
96,61200
96,60043
96,60083
96,60149
96,60283
96,60433
96,60487
96,61200
96,60819
96,61200
96,61200
96,61226
96,61304
96,61200
96,61546
96,61764
96,61200
96,61860
96,61985
96,61200
96,61200
96,61200
96,62472
96,62480
96,62486
96,62495
96,61200
96,62597
96,61200
96,61200
96,61200
96,61200
96,63820
96,61200
96,63909
96,63939
96,61200
96,64529
96,61200
96,64608
96,64801
96,61200
96,65052
96,65144
96,61200
96,61200
96,65297
96,65383
96,61200
96,65555
96,65616
96,61200
96,61200
96,61200
96,61200
96,61200
97,61200
97,61200
97,61200
97,61200
97,61200
97,61200
97,43656
97,61200
97,43883
97,43925
97,43971
97,44112
97,44123
97,61200
97,61200
97,44382
97,61200
97,44420
97,44443
97,61200
97,61200
97,61200
97,44817
97,44906
97,61200
97,45080
97,45376
97,45486
97,61200
97,45639
97,61200
97,61200
97,46129
97,61200
97,46226
97,46233
97,46368
97,46377
97,61200
97,61200
97,46659
97,61200
97,61200
97,46898
97,61200
97,47018
97,61200
97,61200
97,47269
97,61200
97,47400
97,47483
97,61200
97,61200
97,47709
97,61200
97,61200
97,47961
97,61200
97,48077
97,48121
97,61200
97,48348
97,48454
97,61200
97,48637
97,48719
97,61200
97,49000
97,49343
97,49396
97,49402
97,49540
97,61200
97,49903
97,49924
97,50052
97,50294
97,61200
97,50733
97,61200
97,61200
97,61200
97,51626
97,51679
97,61200
97,52172
97,61200
97,52452
97,52922
97,53062
97,61200
97,61200
97,53397
97,61200
97,53602
97,53687
97,53713
97,61200
97,53843
97,53854
97,61200
97,53876
97,53969
97,54417
97,61200
97,61200
97,55276
97,55700
97,55832
97,55907
97,55973
97,55978
97,55993
97,56254
97,61200
97,56274
97,56292
97,56318
97,61200
97,56382
97,61200
97,56593
97,61200
97,57075
97,61200
97,57235
97,57311
97,57358
97,61200
97,57656
97,57751
97,57769
97,57901
97,61200
97,58155
97,58258
97,61200
97,61200
97,61200
97,61200
97,61200
97,59044
97,61200
97,59059
97,59085
97,61200
97,59217
97,59642
97,61200
97,61200
97,59952
97,61200
97,61200
97,61200
97,60165
97,60167
97,61200
97,60799
97,61200
97,61016
97,61262
97,61200
97,61200
97,61716
97,61783
97,61200
97,61200
97,61200
97,61200
97,61200
97,61200
97,61200
97,62650
97,62665
97,61200
97,61200
97,61200
97,63202
97,63290
97,63300
97,61200
97,61200
97,63721
97,63766
97,63857
97,63951
97,61200
97,64146
97,64173
97,64196
97,61200
97,64702
97,65143
97,61200
97,61200
98,61200
98,43225
98,61200
98,43431
98,61200
98,61200
98,43639
98,61200
98,43741
98,43863
98,61200
98,44410
98,61200
98,44671
98,44809
98,44877
98,61200
98,61200
98,61200
98,45591
98,45718
98,45935
98,45967
98,46321
98,46485
98,46608
98,46660
98,46814
98,61200
98,46970
98,61200
98,61200
98,47479
98,61200
98,61200
98,61200
98,47957
98,47976
98,61200
98,61200
98,61200
98,61200
98,48753
98,48761
98,48761
98,61200
98,49215
98,49222
98,49341
98,61200
98,49386
98,61200
98,61200
98,61200
98,50070
98,50079
98,50096
98,61200
98,61200
98,61200
98,50601
98,50661
98,50883
98,50946
98,61200
98,51370
98,61200
98,51842
98,52368
98,52595
98,61200
98,61200
98,61200
98,61200
98,53256
98,53330
98,61200
98,61200
98,54071
98,54103
98,54129
98,61200
98,54435
98,54480
98,54579
98,54672
98,61200
98,54905
98,61200
98,61200
98,55189
98,55254
98,61200
98,61200
98,55554
98,61200
98,61200
98,55800
98,55974
98,61200
98,61200
98,56273
98,61200
98,61200
98,56635
98,56761
98,56763
98,61200
98,61200
98,57193
98,61200
98,57319
98,61200
98,61200
98,57685
98,61200
98,61200
98,57897
98,57920
98,61200
98,61200
98,61200
98,58165
98,58288
98,58421
98,58607
98,61200
98,61200
98,58772
98,59198
98,59223
98,59331
98,59442
98,61200
98,61200
98,60275
98,61200
98,60423
98,61200
98,61200
98,60748
98,60770
98,60780
98,60842
98,61086
98,61136
98,61200
98,61193
98,61194
98,61201
98,61464
98,61579
98,61660
98,61673
98,61917
98,61200
98,62669
98,62992
98,63158
98,63247
98,61200
98,63464
98,61200
98,63765
98,63786
98,61200
98,64124
98,64128
98,64192
98,64281
98,61200
98,61200
98,61200
98,64383
98,61200
98,64960
98,61200
98,61200
98,65369
98,65379
98,61200
98,65383
98,61200
98,61200
98,65570
98,61200
98,65706
98,61200
98,65808
98,65905
98,65995
98,61200
98,61200
98,61200
98,61200
98,61200
99,61200
99,61200
99,43332
99,43463
99,61200
99,61200
99,61200
99,61200
99,43898
99,61200
99,61200
99,44373
99,61200
99,61200
99,61200
99,45436
99,61200
99,61200
99,45816
99,45922
99,45924
99,61200
99,46094
99,61200
99,46299
99,46470
99,46567
99,46624
99,61200
99,47019
99,47234
99,61200
99,47276
99,47302
99,61200
99,48359
99,48471
99,61200
99,48672
99,61200
99,48948
99,49203
99,49365
99,49491
99,49525
99,49740
99,49947
99,49991
99,50174
99,50191
99,50250
99,61200
99,50768
99,50791
99,50842
99,51108
99,61200
99,51285
99,51354
99,51465
99,51530
99,51649
99,51689
99,51699
99,51711
99,51835
99,52378
99,52395
99,61200
99,52726
99,52770
99,52771
99,52874
99,52888
99,61200
99,61200
99,53139
99,53207
99,53417
99,61200
99,53713
99,61200
99,61200
99,61200
99,54176
99,54306
99,54322
99,54355
99,54415
99,54492
99,54699
99,54791
99,61200
99,55098
99,55119
99,55199
99,55337
99,55367
99,55369
99,55373
99,55383
99,61200
99,55626
99,61200
99,61200
99,61200
99,56117
99,61200
99,61200
99,61200
99,61200
99,61200
99,61200
99,57358
99,61200
99,61200
99,57808
99,57893
99,61200
99,58023
99,58028
99,61200
99,61200
99,58466
99,61200
99,58643
99,58924
99,59052
99,59315
99,59559
99,61200
99,61200
99,61200
99,60020
99,60087
99,60185
99,61200
99,60315
99,60470
99,61200
99,61200
99,60634
99,60696
99,61200
99,60882
99,61200
99,61200
99,61311
99,61377
99,61689
99,61200
99,61753
99,61755
99,61799
99,61200
99,61200
99,62150
99,61200
99,61200
99,61200
99,61200
99,61200
99,62671
99,62692
99,63053
99,61200
99,63550
99,63684
99,63723
99,61200
99,63959
99,61200
99,64525
99,64685
99,64742
99,61200
99,64772
99,61200
99,64886
99,61200
99,61200
99,64929
99,65232
99,61200
99,61200
99,61200
99,65577
99,65610
99,65741
99,66043
99,61200
99,61200
99,61200
99,61200
