replica,x,y
0,10000.0,10000.0
0,4714.951,4801.874
0,8844.421,10640.83
0,1433.197,1174.5919
0,9889.122,17830.635
0,17456.154,7662.481
0,2005.5073,10326.508
0,9963.75,18664.926
0,1307.9097,15028.511
0,17223.258,14388.657
0,6736.9766,16744.113
0,15789.592,3364.3057
0,14510.232,9925.871
0,6601.14,19471.055
0,11847.036,14779.468
0,4858.334,10112.518
0,10612.711,6037.9463
0,2263.7932,13086.18
0,10219.935,15956.094
0,11128.831,2687.7668
0,2218.4966,11096.407
0,16773.781,6731.4326
0,17799.258,10143.294
0,9867.884,9038.342
0,4533.063,8742.585
0,8180.2417,5460.2876
0,4841.6934,10078.076
0,4453.9116,7877.0444
0,16150.894,9460.601
0,3800.8528,19605.492
0,19003.787,6660.511
0,12447.42,19673.037
0,10582.466,6495.452
0,8323.751,14997.589
0,17564.168,7246.236
0,19427.758,1310.5466
0,5814.5244,2985.8596
0,3703.8088,16724.053
0,19457.19,13569.377
0,9941.711,19658.217
0,16023.528,7818.195
0,5174.4673,178.98094
0,10838.85,15245.153
0,13143.532,3295.649
0,14152.205,3835.4622
0,6293.6157,16107.407
0,5094.0635,12916.188
0,2983.3975,4483.5996
0,19508.893,11153.193
0,1703.4581,6627.3906
0,16897.34,14539.692
0,6620.752,17786.555
0,1421.7097,12461.53
0,9326.881,8744.491
0,12360.607,1337.0168
0,6031.153,9477.466
0,8847.427,11983.776
0,14256.3955,11133.788
0,6653.5547,13814.652
0,14675.16,16621.037
0,16010.311,7946.857
0,15182.651,4733.9736
0,8946.04,1147.2693
0,5319.8477,9925.695
0,3141.0535,15783.395
0,9024.979,15327.306
0,9935.829,19537.576
0,11402.118,18184.742
0,3925.8684,10591.006
0,3278.3955,17039.938
0,13641.451,423.95056
0,3473.6936,10981.839
0,19086.254,18727.932
0,11282.09,4204.1357
0,11209.407,14104.2
0,15334.752,15251.709
0,17722.408,3164.0742
0,8139.6196,10982.546
0,18369.193,8395.703
0,11664.001,14987.929
0,16327.504,3256.083
0,1608.9768,6545.4775
0,18509.428,11712.621
0,3392.3596,5236.284
0,16403.6,5120.95
0,3653.3123,1328.292
0,19355.408,18552.46
0,4670.7437,8849.249
0,6585.765,19630.54
0,4033.3582,9608.998
0,7809.9272,10315.781
0,2768.44,8609.623
0,2578.971,14432.668
0,11643.957,14700.244
0,12498.881,19377.97
0,17218.744,7280.6987
0,8688.025,10600.859
0,19661.316,3466.1462
0,18879.773,14307.448
0,7445.847,8617.123
0,6595.776,3019.94
0,19524.553,9615.879
0,5989.1626,16137.854
0,1371.6221,10929.086
0,9249.28,12629.772
0,1146.8453,664.49927
0,196.289,19168.781
0,16351.782,2075.3835
0,15698.479,3181.0056
0,16267.797,3772.6125
0,17304.316,13524.893
0,19000.96,11117.069
0,4648.4414,11968.37
0,13313.6875,464.40985
0,15354.196,15899.472
0,4492.376,14779.426
0,15882.161,6386.0205
0,14944.603,4281.7065
0,9582.758,12588.514
0,12286.291,2882.9814
0,12165.641,19107.95
0,2192.4934,13141.528
0,1207.7151,19293.65
0,9226.588,13516.667
0,8322.42,15178.405
0,6208.6396,19491.271
0,10889.097,8453.67
0,10206.932,3329.2202
0,13320.553,2238.6055
0,4562.769,1545.9117
0,1120.9207,10612.797
0,4592.946,4663.335
0,10405.89,11561.946
0,5592.5464,14485.036
0,18252.639,14569.079
0,15079.8545,2465.453
0,15644.466,12493.016
0,7197.138,5384.154
0,16443.219,7091.853
0,12040.387,14691.306
0,14372.806,3586.7798
0,11407.185,1153.5747
0,10976.279,18942.297
0,2613.9385,9178.38
0,4614.64,6054.537
0,12162.6045,8702.846
0,9693.56,12731.244
0,3495.855,7631.0605
0,16722.314,12653.57
0,17540.555,4746.093
0,17757.232,4746.7754
0,15494.476,16963.4
0,320.85114,13797.383
0,8859.656,15630.931
0,373.3496,2499.2175
0,17459.104,7615.8403
0,14349.442,19912.244
0,8917.062,13991.139
0,7124.3325,14561.826
0,9529.724,7541.838
0,16465.053,17799.48
0,928.0244,11685.168
0,8955.703,5641.979
0,18933.27,6190.252
0,14267.565,3762.144
0,3378.9478,1975.1387
0,18097.287,6503.095
0,5311.8657,19778.207
0,17714.482,5340.8203
0,19902.518,17746.686
0,17781.994,17371.732
0,2530.4983,9274.427
0,6917.437,5254.692
0,7335.053,737.5489
0,14698.86,8284.93
0,14556.767,10299.79
0,3280.7654,2684.9412
0,4984.104,14944.558
0,13580.006,3482.0508
0,3388.2153,15590.444
0,14166.608,6987.6006
0,15594.266,838.57806
0,12849.108,4224.935
0,5190.4604,12697.7295
0,4957.12,7595.333
0,14233.027,3097.1843
0,8259.014,15788.899
0,7828.961,14248.509
0,18089.025,5117.1895
1,10000.0,10000.0
1,14374.817,7628.575
1,18851.793,18909.441
1,13192.944,13414.634
1,13929.664,4560.095
1,10902.446,18780.736
1,8271.042,13066.241
1,11679.568,7573.3916
1,9438.585,2638.7778
1,9583.288,3628.0117
1,9584.756,19270.645
1,10074.648,11027.032
1,408.109,7497.0503
1,9839.04,52.96884
1,2435.4924,3498.0823
1,11696.456,5557.28
1,8398.37,6706.153
1,5017.946,1092.1796
1,3479.073,11978.528
1,6955.1206,8060.9004
1,14337.952,2728.2869
1,1440.1578,9630.754
1,9957.361,15792.224
1,1634.5319,17860.34
1,7149.629,19584.943
1,217.52623,13643.724
1,5953.6997,765.865
1,9697.322,13219.598
1,16264.37,1137.0214
1,9166.374,18858.559
1,15449.51,7420.877
1,7719.5264,2691.083
1,15326.593,560.1904
1,156.5781,12408.837
1,2564.3176,1561.8496
1,6041.1978,4071.1077
1,11179.534,10954.719
1,8726.05,2674.3337
1,8866.931,4995.8164
1,6116.0894,7959.1445
1,3404.9688,12756.667
1,8463.4,1498.4385
1,5740.8223,11144.695
1,4936.1973,14255.473
1,17661.273,14565.326
1,17192.557,15079.152
1,17599.21,15829.466
1,19025.328,16325.019
1,15140.001,2155.3323
1,6827.213,8065.043
1,1966.1902,15256.416
1,5815.6787,4474.1245
1,12539.508,11337.376
1,4965.7446,6998.5493
1,11385.359,4209.8057
1,3823.0532,8544.117
1,8529.672,14481.088
1,15139.793,446.4135
1,19774.94,14123.698
1,3124.4045,586.3297
1,18851.406,1528.9253
1,18897.58,4144.0386
1,13746.368,9324.778
1,9141.438,9543.194
1,14257.172,10993.074
1,11471.439,7275.145
1,11813.816,12505.804
1,15425.26,8107.3164
1,16376.655,9116.075
1,13029.657,12240.115
1,11101.1045,11637.9795
1,2118.5752,9096.494
1,11505.509,6213.5396
1,13570.777,8716.793
1,10627.744,9499.111
1,3537.435,3027.2246
1,4428.6436,10554.357
1,1743.4108,4474.6934
1,17724.078,14196.412
1,18544.979,1825.7521
1,12384.259,6182.488
1,13606.341,3404.6062
1,9475.472,852.98615
1,16957.393,12697.161
1,8821.874,16528.74
1,7412.8335,14344.573
1,10537.366,17012.97
1,6854.882,94.7437
1,6878.527,3137.0942
1,1914.5531,13965.695
1,13283.411,11241.371
1,16178.342,5573.563
1,11687.194,19060.738
1,15407.115,11338.22
1,2211.8398,15028.02
1,12183.31,6222.55
1,17841.908,188.80942
1,903.6211,4634.3657
1,543.904,9315.444
1,16717.988,4604.59
1,15452.001,19226.318
1,8152.333,16763.422
1,7400.211,6780.224
1,16030.301,7540.742
1,4405.177,12017.601
1,1631.5089,10290.41
1,11896.649,13041.895
1,14209.143,7583.292
1,11144.062,738.90533
1,1798.1968,10755.196
1,6430.981,18475.223
1,17660.623,16507.521
1,15470.075,19451.896
1,18685.873,10496.404
1,18433.992,1902.0659
1,1126.5999,13575.004
1,4425.6924,12600.692
1,6334.4453,3569.0815
1,12515.747,8591.988
1,15904.49,14272.557
1,5708.8545,3435.531
1,19497.975,13622.458
1,12763.338,18635.328
1,5291.4927,1796.3544
1,2398.9592,3600.8027
1,13759.244,3060.2554
1,7840.1597,18496.16
1,7768.631,16878.986
1,12079.182,7759.8647
1,271.88184,3595.9883
1,13096.424,1607.1357
1,16869.305,9335.207
1,14026.304,13368.681
1,4225.845,5816.22
1,877.1645,7441.0615
1,15790.696,17137.988
1,15104.331,13717.675
1,19558.014,2528.8052
1,16731.186,7601.816
1,5003.5674,10565.763
1,3024.3962,14950.645
1,3628.9634,18156.23
1,5116.177,5967.5474
1,14519.553,4078.747
1,18992.338,4634.4736
1,13409.727,13963.239
1,8194.8545,5901.484
1,7354.783,6668.909
1,4498.868,4868.734
1,8267.825,4288.217
1,18506.076,13219.831
1,13242.101,8562.342
1,9905.404,17351.225
1,6227.086,19451.254
1,14273.45,16391.201
1,9099.494,2724.6465
1,19557.031,15730.957
1,18427.986,16769.408
1,6522.2837,14242.131
1,13454.619,12159.882
1,562.8877,1768.9011
1,7856.582,16272.249
1,7483.288,10621.434
1,1689.518,3428.1653
1,12166.913,17045.988
1,19197.232,17460.06
1,12045.804,4323.058
1,5354.052,4051.3655
1,10888.844,4284.9297
1,9388.891,14651.7705
1,8986.838,16922.56
1,10654.195,18549.578
1,4011.949,16349.857
1,19742.44,11206.52
1,9784.663,16889.102
1,6383.8286,4632.389
1,14741.459,16663.283
1,1446.9731,8612.517
1,398.6712,643.3126
1,7014.8315,16284.205
1,2995.7136,8120.452
1,12615.478,13926.625
1,13466.623,19082.363
1,2071.95,9752.685
1,9132.8,6007.279
1,18065.742,19032.445
1,4161.2256,7592.1807
1,16374.549,17127.951
1,18624.146,3145.4695
2,10000.0,10000.0
2,5389.2134,10586.638
2,4243.7363,11532.973
2,13958.703,14041.087
2,13191.588,5252.384
2,9060.732,12052.414
2,14770.658,893.57086
2,9826.6,10169.235
2,15525.191,16363.793
2,4201.4033,19527.852
2,18549.584,956.2036
2,17330.852,7138.2495
2,15718.937,12130.559
2,10239.643,19424.771
2,10750.4,864.72235
2,12064.18,7205.846
2,13688.67,8801.108
2,19220.75,15562.91
2,15192.054,6500.901
2,10257.594,9027.29
2,10332.684,1483.5612
2,4492.8813,18204.35
2,19488.865,5574.011
2,14643.67,1149.2073
2,18943.168,7310.379
2,18612.51,15801.7705
2,9931.3545,613.9124
2,14420.926,17810.186
2,5870.282,7603.394
2,8158.54,13935.423
2,658.4666,4428.3574
2,3801.1436,5220.6978
2,2128.4941,5077.7607
2,5923.3374,16744.732
2,3620.0327,704.56274
2,4596.452,6352.84
2,14073.05,9673.682
2,16168.389,15968.153
2,2219.5059,6271.7773
2,18842.244,4561.332
2,15314.447,18334.236
2,3148.7202,18573.87
2,19844.648,15128.804
2,14894.053,11345.905
2,14577.524,10057.755
2,14762.641,18183.791
2,18031.645,15640.727
2,11308.79,14614.791
2,9747.622,14426.1
2,6396.277,10766.352
2,14200.296,1988.398
2,9251.61,9345.874
2,17755.135,6431.018
2,4767.439,5585.997
2,12397.808,17606.662
2,9806.418,15289.774
2,12907.736,3996.4102
2,228.76091,9271.251
2,16884.645,3414.4924
2,6042.2837,9356.294
2,3062.4333,5368.9897
2,12174.928,2320.768
2,14545.754,9859.608
2,14370.396,17876.52
2,17174.379,2279.0156
2,6721.6084,15816.925
2,11134.322,2853.9038
2,9098.078,2554.376
2,12058.342,14552.553
2,8024.1123,5480.044
2,3195.5583,408.8288
2,4276.5435,17480.172
2,319.89615,17747.193
2,16758.191,14860.73
2,9346.236,7466.6025
2,3036.552,4757.47
2,5857.315,5496.448
2,3662.1929,14881.159
2,2538.934,7862.793
2,12585.232,14568.155
2,10222.234,13666.052
2,9606.651,696.37036
2,17327.238,2692.6416
2,16872.502,11809.248
2,8825.165,10663.98
2,9296.587,16989.334
2,13027.487,18150.857
2,15381.765,19682.828
2,7220.154,527.43317
2,10756.799,14561.126
2,16330.543,13243.742
2,562.58014,17167.059
2,17390.523,10391.774
2,7956.2974,18111.121
2,2032.603,7920.9893
2,10014.7705,12736.941
2,2271.3157,19218.83
2,1086.1088,19633.227
2,10851.687,17642.107
2,13338.367,10676.199
2,11662.663,5315.452
2,10431.156,11506.492
2,9661.172,2430.3213
2,3089.3833,15162.3955
2,3106.8796,4968.6475
2,11251.222,19358.396
2,1721.726,19462.508
2,13328.952,18018.512
2,8142.312,9044.992
2,8014.106,16570.906
2,114.870674,12338.276
2,17911.457,7068.49
2,5001.064,19314.97
2,14512.64,8524.847
2,19392.062,8825.237
2,3218.6743,18063.445
2,2075.0576,15024.585
2,7465.8496,1701.2874
2,9707.959,7356.1465
2,13457.758,12575.029
2,11530.87,102.151726
2,16970.793,5298.6514
2,7348.025,12351.219
2,18257.002,15547.309
2,9561.16,8936.429
2,16379.901,8672.821
2,586.7677,17700.465
2,3058.8818,7271.6343
2,9248.886,109.38604
2,7624.7725,4140.5674
2,4092.3464,11715.275
2,352.7225,3738.5947
2,4854.6973,7516.683
2,4238.883,10772.889
2,17991.29,2813.2117
2,15844.846,16897.764
2,3634.4722,13959.423
2,17154.75,10615.731
2,10753.487,15862.08
2,13650.853,10418.987
2,7466.574,12666.764
2,12443.583,17816.527
2,3074.1855,15519.1045
2,2569.483,12445.562
2,330.00394,7905.5586
2,1740.3146,15292.697
2,905.85834,15558.868
2,15697.703,12368.731
2,13121.33,3956.8633
2,1344.1014,13711.191
2,5832.841,9187.743
2,8980.077,14615.526
2,7667.671,9900.464
2,17582.84,8114.813
2,9518.343,6217.691
2,12773.886,8961.569
2,2721.138,1798.7805
2,16596.008,19030.223
2,6882.983,12938.554
2,2571.559,18210.818
2,11555.884,10284.67
2,4315.5654,3289.6309
2,16596.13,2116.7466
2,13491.918,3974.2537
2,19848.44,7645.8447
2,1943.4478,18918.695
2,17654.256,11386.865
2,13055.678,17552.814
2,11199.288,16148.772
2,9936.74,3469.298
2,19404.72,7690.4053
2,401.87512,13186.16
2,10396.476,2222.645
2,13560.106,1463.542
2,3189.1125,9743.831
2,5442.117,8787.131
2,7048.17,7030.4316
2,93.94472,19849.41
2,12939.617,16290.123
2,11900.813,15208.368
2,906.5223,7329.6865
2,9018.659,18052.941
2,2342.76,12303.816
2,967.2623,16669.057
2,11698.294,13968.44
2,15309.679,19428.256
2,801.0738,13377.62
2,10628.625,16052.038
2,15885.702,3425.7144
2,14539.595,5511.5464
2,4078.55,19843.443
2,18760.932,2802.433
2,12358.85,1163.532
2,10657.936,13878.619
2,12280.559,5407.2285
2,7991.745,739.0902
2,10378.113,7639.173
2,1007.97766,10725.349
2,3156.3555,4617.305
2,11336.612,9029.324
2,15041.56,7903.1084
2,3892.1082,8365.65
2,19485.21,1995.4901
2,5775.2627,3677.7832
2,12337.91,19037.148
2,656.1358,19073.58
2,17087.88,19326.041
2,15928.891,18726.459
2,7071.898,16348.169
2,10022.215,17297.953
2,15439.77,18279.863
2,16919.328,18361.797
2,5882.8022,5650.921
2,9302.603,8763.361
2,3657.6763,16719.19
2,13649.029,13686.832
2,8526.529,18244.55
2,5334.89,13899.4375
2,15142.168,5985.5396
2,5840.007,17001.74
3,10000.0,10000.0
3,14337.836,3724.4978
3,6679.9194,5695.6177
3,16185.439,6870.7
3,19654.912,7044.0537
3,5233.035,5205.239
3,12772.481,6550.6475
3,3384.0142,9054.522
3,19374.172,8861.755
3,18724.508,1448.0289
3,5580.085,2515.7534
3,1651.0814,13933.274
3,8537.635,18654.336
3,9903.14,16721.299
3,4804.422,12771.744
3,10895.821,16128.88
3,9305.151,2357.5327
3,8368.121,7225.091
3,17748.746,840.8382
3,12685.657,5047.57
3,13988.774,19794.64
3,9170.449,12443.894
3,3300.5063,7729.6123
3,12248.397,1335.0359
3,12985.714,19890.676
3,17971.053,17561.725
3,3358.4868,7928.6777
3,4975.8154,7163.6777
3,18341.559,9004.011
3,15999.112,3134.6282
3,8354.674,4218.165
3,2753.2593,6960.865
3,572.64966,1966.9463
3,15566.949,11935.493
3,19286.885,18399.312
3,13087.863,237.6304
3,7331.502,12569.917
3,8048.3994,15864.842
3,15597.674,3730.5654
3,5330.8823,14783.224
3,11114.669,16987.578
3,2993.908,15680.651
3,5865.705,6266.054
3,14646.011,7982.1797
3,3563.912,1107.677
3,4308.275,10251.437
3,8907.99,19885.723
3,11607.425,13390.431
3,18701.916,2415.078
3,16368.164,2617.987
3,361.55246,7833.464
3,2850.927,18762.965
3,7014.675,16157.93
3,13642.923,2846.9463
3,15946.893,19147.857
3,11277.792,18840.705
3,1037.1401,19659.477
3,1404.2937,418.68106
3,3448.7166,6209.3535
3,11368.273,11097.817
3,6635.6826,6021.8936
3,2062.2844,12717.022
3,7114.301,17907.008
3,10892.037,18699.791
3,19786.549,15462.943
3,2955.5896,8750.732
3,1309.6754,4248.4907
3,7562.646,11596.419
3,572.7057,9763.017
3,19362.855,18640.816
3,9625.9375,2882.3447
3,7393.5146,2563.1765
3,13908.598,11456.749
3,124.60301,15927.408
3,12607.207,2350.742
3,4269.7915,1406.8099
3,17491.404,15849.433
3,19423.533,16029.562
3,6338.1094,8035.647
3,2549.6628,3170.1653
3,9414.369,5615.637
3,16105.324,8116.9097
3,8662.143,12146.976
3,18815.63,19556.756
3,7816.8696,9725.322
3,13626.984,5872.01
3,4392.1787,13078.435
3,19754.707,19359.807
3,4043.1194,6736.125
3,8176.869,9135.588
3,7726.1006,13357.622
3,9666.941,17095.814
3,11698.894,5272.5796
3,1929.9874,2523.93
3,16329.174,0.79599303
3,10309.999,7360.805
3,4354.1475,17670.799
3,8583.293,4311.0
3,8984.748,6503.074
3,2751.8818,196.47476
3,8823.3125,18909.31
3,4115.763,18799.594
3,16041.052,12970.806
3,14400.435,9274.75
3,19887.953,3738.72
3,14879.599,15418.545
3,8874.3125,4938.753
3,1282.2114,4299.3813
3,16942.775,2928.6982
3,19897.646,10294.508
3,19489.303,10185.461
3,10812.562,10077.133
3,19584.113,15896.914
3,8321.551,17355.64
3,6934.298,15755.465
3,17110.453,18112.42
3,5284.0674,5618.2524
3,6935.1255,4853.273
3,5788.346,16710.457
3,9602.565,5577.8823
3,6975.285,17191.76
3,2416.5627,1106.4546
3,12834.973,3230.1648
3,4080.0469,3929.1892
3,11897.835,3930.361
3,17850.994,18086.06
3,19847.479,4414.757
3,4838.677,15776.389
3,468.98038,1815.3682
3,15690.468,8550.182
3,19933.61,6449.6577
3,13517.419,15079.6455
3,19980.586,6320.8394
3,15756.309,12378.059
3,5336.031,1007.54297
3,13641.897,3134.107
3,5440.762,19196.021
3,17409.84,19164.475
3,14293.765,7035.416
3,3478.5757,17142.605
3,15805.705,16323.251
3,18581.855,14851.646
3,17622.295,10323.751
3,6170.442,13543.505
3,3553.1985,14913.037
3,10801.431,9326.234
3,1913.5421,6030.9385
3,18122.342,1782.0376
3,8348.533,8858.087
3,13930.001,16977.502
3,11009.123,2296.2903
3,9984.27,2981.816
3,1583.4672,19656.605
3,3976.233,10718.595
3,14302.339,19848.443
3,5886.967,10045.139
3,6914.0156,18487.727
3,9325.833,19731.742
3,11226.917,10196.877
3,10494.503,16000.807
3,11489.3955,1311.2872
3,2745.9736,14482.758
3,13133.586,18030.834
3,8859.4375,2115.7996
3,3065.0625,15021.736
3,5690.469,11926.938
3,11290.115,11356.429
3,4599.888,6356.8833
3,6930.2026,1175.168
3,432.014,1965.5369
3,12987.415,18654.488
3,8019.973,3314.4353
3,19835.764,13161.597
3,8142.709,11562.682
3,15293.121,12240.708
3,14197.363,2976.1147
3,9836.809,14714.114
3,12760.271,18367.81
3,18778.877,19466.281
3,9349.992,15160.929
3,1493.2742,2991.166
3,5691.637,669.2434
3,5508.9644,13759.368
3,14407.88,16729.592
3,15691.099,2095.3752
3,13664.567,8417.877
3,18351.105,11746.941
3,1154.5947,3988.4475
3,17171.852,11185.072
3,11237.804,9954.744
3,5132.618,18153.377
3,17388.559,8178.7676
3,9430.686,13753.939
3,3606.2908,10890.0
3,11313.499,13085.234
3,6199.8184,9475.922
3,13316.043,795.27106
3,12937.317,11261.122
3,19639.328,18924.047
3,13075.176,12257.569
3,813.9608,14580.53
3,19813.973,1276.5133
3,11868.225,19724.871
3,4717.208,4210.569
3,16039.18,16585.297
3,5209.707,6677.2324
3,3421.9128,17573.81
3,1839.0077,6299.578
3,15983.945,18260.861
3,3033.517,13041.415
3,17080.504,18973.287
4,10000.0,10000.0
4,3628.1538,8852.983
4,1581.2781,18329.758
4,11330.369,7129.4443
4,5018.7275,9584.805
4,14477.401,9478.301
4,13669.5625,17213.75
4,16908.016,8269.246
4,12284.7705,4002.936
4,4883.9307,1920.4741
4,8677.597,8616.896
4,2012.5831,12598.845
4,7022.629,2704.0488
4,5117.327,1037.5608
4,17477.459,18752.922
4,15550.121,5744.642
4,846.18115,19937.453
4,6293.224,288.4079
4,13599.518,14074.59
4,10446.705,543.4332
4,9672.799,13735.863
4,11566.503,2035.1508
4,11737.153,1007.339
4,6644.761,19461.727
4,10740.346,3605.8423
4,1578.8588,13612.199
4,6205.8164,16040.082
4,19392.498,3362.764
4,18435.002,4132.5767
4,14048.489,4486.2803
4,10612.169,207.2333
4,5961.9653,5275.9307
4,11078.533,14167.601
4,9736.065,2490.4246
4,18205.152,9533.096
4,10768.36,2904.9126
4,6858.33,18068.0
4,12696.73,18564.977
4,14507.889,1518.2997
4,19224.646,7453.3447
4,4631.744,7563.433
4,2336.82,9359.73
4,14269.022,14896.692
4,8030.0835,362.47574
4,3139.4653,15650.976
4,6752.904,14840.591
4,4620.7803,1911.1117
4,7012.779,5039.321
4,13288.488,5971.6396
4,18737.326,6149.6445
4,17114.832,16720.395
4,13166.15,8537.648
4,12904.228,1258.1935
4,1724.8115,2318.8845
4,11595.358,11614.024
4,371.87488,2267.1619
4,13981.951,19003.814
4,7422.0557,1393.9639
4,5758.6626,15871.554
4,13826.0625,7428.266
4,13292.847,2082.5034
4,2340.1167,17985.885
4,12943.69,18119.504
4,4289.9126,11667.934
4,4494.46,19666.676
4,18760.049,3453.896
4,5447.825,13978.559
4,6522.521,19179.002
4,15808.325,3392.9072
4,7522.953,11705.562
4,17230.89,5444.26
4,15790.665,1928.5669
4,4542.9194,19573.232
4,1246.2616,1740.7606
4,11290.1875,16808.88
4,10578.373,10957.88
4,973.05396,16211.84
4,15228.84,12332.279
4,10027.93,4871.792
4,3348.0396,978.767
4,1733.4506,15075.526
4,3524.4395,1102.4817
4,16562.453,260.7318
4,13270.115,5669.2886
4,19652.285,204.23459
4,8414.173,18717.484
4,14616.3125,19166.08
4,19233.896,18115.814
4,16618.7,9934.98
4,2788.497,2395.8315
4,12597.366,6229.8706
4,7675.0674,19878.041
4,15746.076,1827.838
4,9629.338,19670.697
4,4114.899,12.511362
4,4025.0984,14567.515
4,19096.078,8322.258
4,8077.6104,15817.875
4,8506.043,2956.522
4,19105.314,12382.978
4,4809.8267,11336.609
4,668.1312,10949.917
4,13452.646,284.33008
4,14803.584,17789.39
4,12740.019,258.69904
4,12360.632,1348.7399
4,1509.0052,19777.59
4,15711.981,2624.4666
4,1242.3428,4911.4097
4,15716.329,7959.8193
4,13503.132,14142.749
4,5395.923,8957.353
4,17223.717,1237.6464
4,5900.843,12561.571
4,13151.483,17141.574
4,17521.213,9845.625
4,15979.913,4277.778
4,7696.594,1797.7687
4,17996.531,4317.798
4,3260.2732,586.9758
4,16171.637,18140.326
4,4500.707,13236.38
4,4267.4155,17693.441
4,1818.914,18955.652
4,12726.367,13497.643
4,7265.4707,10399.093
4,6034.689,5789.696
4,19283.967,19554.232
4,4278.3623,12745.911
4,11115.898,19967.902
4,7843.205,4639.757
4,19919.768,12869.257
4,8886.641,12230.052
4,10731.2295,3736.3623
4,4522.6387,742.48004
4,14686.477,11292.0625
4,2149.6614,8454.87
4,5529.2217,10498.686
4,13809.89,13610.272
4,14191.495,1339.501
4,4093.8313,11727.173
4,6224.3843,13707.819
4,15372.865,13566.394
4,7788.0967,7542.3364
4,18027.117,17322.084
4,4283.015,11000.762
4,11121.255,8194.981
4,5564.47,14978.885
4,14158.497,19418.975
4,12608.233,8410.686
4,2937.388,13304.761
4,16085.008,6273.965
4,16489.568,16132.51
4,4527.3853,13637.542
4,951.7767,13944.928
4,15796.984,9915.881
4,11224.191,2259.0369
4,8490.921,796.08496
4,19338.197,1071.2739
4,4979.735,15117.685
4,9834.407,17230.508
4,7898.994,3350.5432
4,11704.205,4809.0034
4,9992.19,945.2915
4,11970.8545,3451.3909
4,2371.8315,1888.303
4,3237.4275,16744.596
4,15015.24,18434.674
4,18260.285,12076.309
4,17564.24,11198.886
4,18239.662,40.689953
4,18141.576,14303.492
4,4061.2356,7533.335
4,17176.232,12997.437
4,4817.5005,7923.377
4,16288.545,16452.9
4,5256.5986,18238.51
4,19649.752,1688.8009
4,16576.988,2394.3489
4,13370.54,3916.2627
4,16355.445,11614.281
4,3356.6494,6135.3374
4,3891.943,2724.6765
4,4126.1133,11010.899
4,1143.7533,6346.1787
5,10000.0,10000.0
5,18614.812,10442.416
5,7934.368,6620.2134
5,14454.93,11518.342
5,17609.936,6979.9614
5,593.61505,12588.326
5,15911.045,18928.434
5,13157.445,10497.927
5,12329.536,10087.449
5,14094.247,7641.1143
5,3435.41,18298.79
5,11593.03,12609.318
5,15364.96,16005.479
5,14477.874,17333.508
5,14137.244,15532.389
5,19075.848,16091.696
5,5886.8027,16040.75
5,5135.0386,1401.5385
5,5556.01,7860.8223
5,1200.6953,19108.61
5,4373.646,298.49588
5,1069.4878,12525.905
5,4493.1987,12404.068
5,11447.644,11398.728
5,18982.709,2820.5044
5,4741.5103,5617.77
5,9374.97,13317.705
5,13083.853,9086.8125
5,17702.338,2733.955
5,19210.379,11543.992
5,9338.704,1391.328
5,677.3344,18503.795
5,13145.301,5828.5254
5,2444.8242,12527.94
5,3464.4053,11717.009
5,12497.552,9583.966
5,7019.587,7785.1743
5,9859.822,13150.834
5,11763.8545,10479.854
5,15067.026,1046.802
5,6925.815,10704.284
5,4935.0967,14799.1875
5,4131.2534,12759.517
5,11568.455,3196.562
5,16438.17,2146.118
5,4856.8228,16706.262
5,8298.664,16375.078
5,399.77017,11699.424
5,1329.1497,3587.6077
5,18942.809,18280.635
5,15099.201,5927.5996
5,13266.115,19011.494
5,11952.291,15934.514
5,3252.5723,2157.3503
5,17052.328,3410.8796
5,4581.0303,2568.2278
5,12581.134,8202.831
5,9111.146,7089.796
5,7011.745,7041.019
5,8433.567,1070.3014
5,10525.852,15218.332
5,18353.56,18192.008
5,5139.994,3523.044
5,17052.518,17029.441
5,19595.145,5966.6606
5,5437.0337,7267.5776
5,4087.663,17792.154
5,4173.8105,13374.286
5,13930.264,19069.098
5,5223.0786,13157.858
5,15948.629,3740.1223
5,5352.118,7454.2847
5,17284.406,8283.265
5,4433.1353,16966.16
5,16479.32,4607.925
5,4589.6807,5229.9575
5,18557.855,10752.066
5,5521.873,1608.6476
5,11330.799,8735.604
5,10027.52,15235.093
5,19935.832,10504.811
5,7900.568,3340.8582
5,8091.1475,14573.114
5,15467.892,19930.316
5,15074.979,11040.563
5,9032.454,8498.739
5,18801.479,5844.1875
5,15422.856,1158.0249
5,19625.965,15437.642
5,208.37369,18008.238
5,9542.711,2926.5608
5,17936.633,7705.6816
5,10766.802,11567.308
5,9517.993,4238.0225
5,19311.557,18974.188
5,12994.309,6298.4897
5,18738.373,6721.545
5,9396.885,1277.51
5,16446.477,19439.742
5,5835.5767,19991.56
5,14241.019,18926.588
5,16811.596,19063.967
5,15420.474,9516.811
5,14546.345,15885.456
5,4224.0166,9841.115
5,12301.503,10236.436
5,14619.079,2520.2625
5,18749.824,13515.938
5,1767.7982,15804.876
5,12800.777,19090.328
5,11046.256,6774.6357
5,15840.901,6175.4185
5,19203.834,18001.6
5,5515.997,8130.7803
5,9677.912,13002.753
5,12619.17,16757.06
5,15049.65,2736.1758
5,1028.1813,16639.97
5,9214.498,17317.812
5,11354.318,16614.035
5,7284.679,5906.491
5,2652.5037,18741.842
5,7016.641,17038.01
5,11478.294,8302.457
5,14922.888,10533.733
5,19859.334,12472.803
5,5240.111,5087.2544
5,2025.9436,2382.4727
5,2752.82,1162.8639
5,15006.6875,17191.441
5,12637.237,13849.542
5,15775.632,10467.236
5,8052.8013,19844.96
5,10967.757,10835.56
5,1032.7917,8723.053
5,1364.7852,5517.4624
5,18979.5,5789.7817
5,15455.096,16510.035
5,15885.458,18039.537
5,16539.266,3450.6118
5,11106.9,15423.866
5,2653.9048,2889.4766
5,15131.133,7561.821
5,1049.904,9112.453
5,9198.8,2099.3313
5,18188.484,16602.543
5,407.39594,16571.87
5,1761.3845,16879.768
5,7403.0483,14729.736
5,15156.68,16383.963
5,17737.062,19189.54
5,11510.436,14288.222
5,16144.43,19219.115
5,7961.6143,3411.1877
5,19986.854,6515.7173
5,9497.313,7904.926
5,3613.7144,13636.733
5,8146.669,6454.7295
5,10593.282,7069.0957
5,3433.5637,4380.6294
5,962.999,2095.2654
5,8391.861,4756.0156
5,12264.733,19882.418
5,14693.582,18773.36
5,12859.632,3388.6624
5,5104.4614,10318.441
5,9742.566,19680.303
5,11724.294,5467.815
5,10310.404,69.04667
5,6251.552,8866.524
5,2631.3213,19741.953
5,2144.3623,369.20956
5,12852.566,9538.878
5,15572.925,6603.6084
5,17838.979,12940.444
5,8910.044,10308.512
5,14666.493,10584.915
5,3951.6091,345.02557
5,16655.44,8288.858
5,8729.235,4229.919
5,15013.056,13081.766
5,7965.468,72.7394
5,5742.739,191.86461
5,13506.055,19929.574
5,2703.7466,17677.709
5,15955.411,434.20114
5,16846.756,12351.541
5,2799.7825,213.65163
5,13098.675,15444.349
5,10448.356,10615.399
5,11580.198,1318.1615
5,19185.777,13216.131
5,9573.853,7229.4814
6,10000.0,10000.0
6,19337.816,2792.8591
6,17930.014,2082.7134
6,9336.026,11445.904
6,15888.348,11361.969
6,13545.59,6691.9077
6,9619.751,5461.864
6,13124.177,10775.166
6,6531.4375,4788.0566
6,5936.562,8433.056
6,13364.303,9259.193
6,3484.3613,17097.32
6,9158.442,16390.305
6,7453.4326,5796.3164
6,14117.1455,11088.617
6,1296.1447,15916.284
6,2949.3481,2838.6365
6,4678.7075,16229.183
6,12274.186,19547.32
6,14940.663,12750.94
6,6528.9653,17695.11
6,13725.679,14753.712
6,4162.926,5435.6675
6,3822.5715,7232.625
6,10714.903,4053.0222
6,5052.244,8700.435
6,663.2527,11115.054
6,7408.777,4851.7056
6,18900.463,2689.4375
6,1271.6482,16680.986
6,3761.9749,12858.496
6,11021.515,7287.841
6,18502.373,13817.132
6,10212.07,19138.582
6,3331.0059,300.14252
6,16253.048,1580.1187
6,16865.074,11582.283
6,3292.607,18407.312
6,9347.036,18257.348
6,7086.806,14521.859
6,5837.328,15999.738
6,13913.987,2229.1414
6,8535.478,18922.184
6,15961.751,7509.8755
6,17430.146,174.40538
6,3012.6018,12875.219
6,1989.2216,13239.275
6,7347.267,16493.154
6,12293.665,1436.942
6,3124.7761,3710.1565
6,16754.33,124.26927
6,2361.382,18281.883
6,6630.2993,4495.0547
6,12651.954,4463.428
6,8241.832,871.02795
6,17541.465,5771.96
6,14468.355,11380.807
6,11968.283,18821.72
6,14873.069,16935.94
6,13882.998,19937.547
6,15940.203,6386.3076
6,15182.077,3743.038
6,2540.9602,14036.762
6,16068.756,6936.8745
6,3263.6062,15177.865
6,12881.854,3261.8882
6,15900.562,4253.9106
6,17652.207,16482.832
6,8430.558,16322.379
6,9256.27,6930.3667
6,1621.516,10831.656
6,5876.59,13324.117
6,17976.076,1560.4456
6,10503.99,8354.139
6,4957.777,1870.3129
6,1605.4353,18624.082
6,5384.8154,7168.1587
6,2360.7383,3458.6824
6,3500.6694,17610.998
6,10385.348,17137.555
6,16403.629,14540.953
6,934.97943,17909.773
6,12430.995,7152.869
6,16141.0205,16186.253
6,7581.296,893.2053
6,19035.375,12251.935
6,19131.34,3984.5674
6,12355.12,800.8128
6,11702.264,13620.358
6,10462.01,15755.635
6,14672.124,18330.387
6,9830.3,3312.032
6,14415.924,17459.877
6,12880.972,19483.297
6,11777.226,1652.2192
6,2548.7307,5296.1323
6,14840.568,13280.464
6,5140.9214,17532.447
6,18356.992,16784.908
6,18139.484,12473.644
6,10546.754,16054.394
6,445.6092,18784.016
6,19043.77,5572.3975
6,5775.385,19541.213
6,7819.3555,8178.474
6,3068.5823,16879.156
6,80.621506,14722.029
6,18629.963,16508.09
6,19332.627,13714.815
6,3636.0015,12071.966
6,18158.63,3684.5789
6,17454.857,231.06729
6,2531.2932,11386.071
6,13124.853,8788.726
6,6994.404,3511.6616
6,11795.436,6758.557
6,262.91797,16124.676
6,13800.318,5691.4854
6,561.791,2634.3896
6,7120.4824,16586.611
6,12625.585,3602.105
6,3168.2349,17513.557
6,13412.891,5424.1245
6,2453.645,15545.358
6,19494.113,3919.5564
6,3217.7764,5602.349
6,15349.8,19032.14
6,5837.541,6583.552
6,11140.605,16929.133
6,14641.589,19205.744
6,11326.962,4316.341
6,1678.1794,5203.381
6,1006.7364,16048.962
6,8727.59,19837.516
6,3562.2742,8745.405
6,17385.975,8720.347
6,6569.108,5064.638
6,11260.352,12206.584
6,8558.89,19770.043
6,18078.53,9876.995
6,10380.216,2850.4692
6,18274.35,12823.513
6,13794.884,8032.443
6,3849.59,16723.385
6,7725.2637,7771.6743
6,18812.088,4678.1772
6,15083.019,282.37442
6,2187.3774,2677.7214
6,4119.7437,8801.896
6,4628.9775,18568.514
6,6045.9663,3290.81
6,7261.5146,3932.1702
6,11985.481,11813.108
6,11129.519,17047.43
6,4227.5176,3297.8894
6,7662.246,3981.4675
6,18630.367,504.62988
6,19338.615,906.696
6,6926.6465,6419.4985
6,9236.028,3894.7349
6,3627.9473,15833.357
6,6716.228,9943.163
7,10000.0,10000.0
7,3438.118,18166.39
7,5386.994,1887.5795
7,15196.094,12856.026
7,12746.052,15606.908
7,10096.441,18805.66
7,3726.2224,10951.834
7,7963.791,3404.8389
7,13721.826,14150.702
7,8774.768,6153.4233
7,991.456,19531.287
7,8119.9966,19734.84
7,2435.615,6639.6177
7,18085.13,1166.5502
7,15799.548,7449.6973
7,18445.818,572.8803
7,12253.095,6183.6475
7,13370.311,12269.374
7,4219.6855,11301.234
7,2283.363,12843.636
7,12478.817,10560.794
7,16671.215,3712.1104
7,19930.086,17351.803
7,13995.5,6926.168
7,2303.9866,1857.483
7,8940.429,773.1394
7,12030.049,245.80022
7,13111.137,6488.3467
7,4756.053,16408.176
7,2590.8147,11305.435
7,6553.037,10252.257
7,575.3386,4157.274
7,349.3676,17812.023
7,9580.589,19735.156
7,9153.162,7852.133
7,5882.2046,10368.021
7,4255.135,14158.508
7,1273.1633,1970.233
7,11340.594,11046.865
7,128.30371,9020.38
7,16347.173,18656.934
7,2080.3223,10768.914
7,3566.8672,84.0788
7,7928.5312,17980.02
7,19484.447,15718.646
7,14386.288,11695.551
7,1393.4524,11614.621
7,6315.386,38.53968
7,6350.4497,9173.29
7,4534.9297,1031.0927
7,9634.455,8894.12
7,11062.925,12197.163
7,5035.032,11391.408
7,11771.332,3887.8542
7,12709.526,2830.2097
7,8013.7666,503.25357
7,5636.0806,998.0972
7,5345.5854,7082.737
7,8922.051,1277.3617
7,12312.152,15837.617
7,19046.885,2952.8896
7,5870.54,10763.344
7,5815.8955,13672.491
7,2517.8948,12794.804
7,6107.198,19107.525
7,15374.804,367.22952
7,19971.553,9916.133
7,405.05765,1085.4506
7,6922.5386,14551.571
7,8892.906,10422.008
7,17709.658,6360.1675
7,5815.0127,4246.0044
7,19845.275,2382.8857
7,6650.677,3816.49
7,12355.629,11277.569
7,6738.127,17960.645
7,17586.398,18656.244
7,8813.337,7259.2896
7,19442.686,14648.541
7,4194.515,457.0568
7,1321.072,5316.5654
7,4563.906,16948.008
7,9363.768,6769.1475
7,13503.899,19872.848
7,217.78879,883.63617
7,937.0385,13951.829
7,5534.0405,19761.928
7,6895.751,18254.129
7,4467.2944,7814.7285
7,1271.1488,596.0502
7,3247.3706,6562.028
7,12898.492,533.399
7,15926.905,17055.982
7,3296.7578,1560.5427
7,18999.53,18447.709
7,18071.7,1995.6414
7,751.2734,4684.8794
7,7521.0176,2795.6575
7,4870.83,13621.627
7,3736.4841,8807.307
7,19504.082,14886.737
7,11761.401,8471.708
7,12879.929,3532.26
7,15582.762,13831.51
7,9558.713,13528.243
7,18575.48,4258.998
7,3719.2148,4727.382
7,745.2019,8697.689
7,18794.205,11702.586
7,9815.302,12567.671
7,9612.927,1749.1027
7,11132.877,13318.268
7,15676.176,1286.2944
7,6839.38,1106.5773
7,7001.794,5139.91
7,3221.5715,6087.9956
7,14689.875,2932.248
7,17413.572,14625.153
7,4179.203,8233.124
7,2909.9717,5748.2705
7,11145.154,10444.564
7,1273.3497,14024.468
7,18057.822,19555.959
7,9104.958,15826.08
7,5493.817,17417.635
7,3539.3303,7938.585
7,13236.859,2293.5588
7,7627.5967,15223.552
7,10594.527,7986.516
7,3598.4243,2315.0874
7,15974.972,12006.126
7,19552.807,15475.026
7,13484.238,9526.189
7,562.7174,16021.998
7,15028.342,10400.07
7,3026.5044,8148.282
7,2117.7668,2398.906
7,17840.814,7183.9688
7,6164.2065,2820.528
7,5611.135,14960.0
7,11813.935,15090.126
7,3921.668,1159.5767
7,12933.698,7067.8994
7,14153.431,11152.554
7,10782.539,17147.287
7,8436.58,8910.616
7,9001.553,11680.86
7,9314.49,13938.356
7,7661.071,13182.555
7,16334.768,9606.722
7,3726.0742,4810.627
7,19060.709,7639.745
7,289.97577,1284.0643
7,6638.3887,2992.6138
7,947.6639,6569.8687
7,9233.697,2248.362
7,3044.3047,4046.183
7,2090.7832,955.69617
7,727.37726,6652.3887
7,504.50275,11286.969
7,2046.0967,16041.398
7,3762.7317,18324.543
7,1410.2609,17642.436
7,8786.403,16050.281
7,19436.676,11001.613
7,4173.371,6289.114
7,6490.547,11827.401
7,8114.9375,19073.496
7,9072.149,7171.2393
7,14961.756,17020.963
7,19423.535,7722.5815
7,16251.822,7249.171
7,12921.285,12611.772
7,19161.48,7050.275
7,8163.8325,13552.476
7,2729.1592,6088.5474
7,18139.783,1414.1427
7,11926.143,18473.871
7,13571.721,1607.9923
7,15692.55,7853.6123
7,18567.848,2160.816
7,17648.824,3872.2395
7,10797.749,1047.4421
7,15708.343,6488.505
7,2556.5867,7046.461
7,5013.2036,8984.87
7,10944.4795,4617.062
7,2534.0513,11425.717
7,10070.801,6956.0796
7,2026.7535,12392.833
7,3090.8894,17938.709
7,8994.526,4846.8174
7,18719.113,1909.6248
7,7984.632,9698.949
7,30.290112,8121.8853
7,9730.095,11969.511
7,15331.357,11967.582
7,6533.2104,17568.807
7,11024.23,12333.947
7,11566.919,1379.1455
7,12642.46,86.38226
7,4881.6807,11386.635
7,10595.647,10051.596
7,10969.303,8453.591
7,12765.265,3123.4683
7,18608.955,10713.603
7,6206.5977,12077.674
7,819.80273,10398.704
7,7732.8438,18436.812
7,13843.597,11775.642
7,2067.6216,12925.565
7,14444.359,11369.394
7,15764.639,16369.088
7,13970.581,1402.6136
7,7926.2314,11820.321
7,2372.5957,17354.604
7,7676.5894,3987.612
7,957.70355,4684.9106
7,13706.01,7020.2705
7,15895.066,3797.22
7,17311.121,1687.6646
7,5080.852,5881.5493
7,12229.978,14401.15
7,18770.41,16154.601
7,18648.938,6654.463
7,5421.8813,9486.335
7,6803.55,8021.4067
8,10000.0,10000.0
8,9435.781,13351.14
8,15250.364,4226.1343
8,18786.662,7464.16
8,6262.9536,15380.976
8,2028.4165,7395.842
8,19200.24,4249.86
8,8102.5786,15325.303
8,1880.1765,16201.761
8,19778.287,4811.2812
8,10902.416,8005.729
8,2574.8416,11758.652
8,12414.589,9689.497
8,4854.9116,9349.355
8,9223.184,4967.7456
8,16172.621,3960.557
8,12828.782,9119.591
8,5812.882,5826.2305
8,13468.885,13419.631
8,15642.964,8049.047
8,7878.114,2714.5662
8,3217.9834,2037.2253
8,1498.6884,15372.619
8,6228.406,15448.014
8,11794.717,4258.7417
8,2949.4856,5412.8706
8,12719.952,8110.778
8,15671.995,3420.0054
8,13698.154,18636.373
8,11402.297,5879.9624
8,14670.39,16042.488
8,18456.572,16088.092
8,8928.765,12593.724
8,19507.455,8952.968
8,2318.6074,15179.38
8,1290.3071,3965.8936
8,13202.771,13736.975
8,6829.456,8711.095
8,3182.2449,10618.909
8,11333.805,15044.344
8,13860.744,5348.6807
8,16223.209,9916.167
8,15408.056,19671.455
8,14026.946,10204.763
8,14352.677,12087.188
8,8915.768,9844.749
8,3144.1885,14602.363
8,5281.884,9809.662
8,4237.4727,5800.008
8,3816.0024,12892.202
8,13840.631,10439.161
8,6113.42,9723.411
8,1402.1008,2406.5278
8,17922.12,15636.477
8,10225.879,19709.092
8,14521.85,6191.9883
8,10243.572,6723.334
8,8191.453,11029.751
8,73.0777,9558.537
8,526.5099,2382.5845
8,17731.35,7091.2124
8,3988.5708,2064.4968
8,2194.5767,2152.9448
8,128.2273,11986.245
8,6956.4536,15077.266
8,6715.0654,17265.742
8,12756.844,6129.5117
8,2961.3704,9525.207
8,5418.6963,12225.47
8,6873.37,8877.557
8,8847.195,16620.025
8,274.55255,14179.501
8,14080.871,4848.955
8,13076.255,11280.556
8,14302.041,6839.97
8,12512.253,19122.467
8,11472.228,6622.421
8,2407.3281,19631.168
8,18332.352,6957.5513
8,535.151,10415.712
8,13240.09,4516.183
8,16270.456,19915.512
8,13083.551,4101.821
8,19299.545,6795.134
8,13459.895,8849.577
8,11881.689,14741.435
8,3410.1619,19138.305
8,3077.1719,7559.8887
8,3701.4255,17136.992
8,1356.1272,9252.528
8,2011.2007,13389.759
8,1157.9161,6000.742
8,9999.26,1290.0773
8,5205.273,6899.078
8,7672.1016,18636.047
8,9987.289,19153.336
8,13923.095,18281.188
8,1041.6716,7934.3105
8,4622.1904,3170.6887
8,1704.9141,9275.64
8,1226.4077,6625.667
8,13611.028,5551.7397
8,1512.9753,10551.18
8,14583.278,18051.918
8,5653.0234,8312.77
8,1668.7181,7365.106
8,1083.1261,14217.943
8,2216.2656,5703.4634
8,18925.91,14314.67
8,15660.871,478.27014
8,373.1801,1987.1613
8,18197.174,17697.295
8,14939.754,12218.795
8,426.7174,8516.532
8,9459.14,19310.48
8,8298.055,15138.934
8,4152.195,4876.6807
8,15387.342,1073.3582
8,12346.303,9873.467
8,11867.444,16208.339
8,8035.4272,6718.5186
8,19625.06,11326.161
8,8260.814,12955.591
8,2668.2073,17356.092
8,4462.4707,16212.682
8,6454.4404,1180.01
8,11295.097,16174.12
8,953.6078,9587.705
8,12507.75,11237.908
8,7749.705,13063.013
8,17264.494,9243.907
8,17331.137,9686.789
8,9854.633,1906.923
8,449.3615,17916.178
8,9576.328,3560.723
8,7557.6387,9957.701
8,7485.3457,5070.0444
8,14955.689,17267.594
8,11133.352,3853.7007
8,11431.665,8606.463
8,17321.922,6696.708
8,1613.3142,18032.295
8,15970.42,14459.3955
8,18629.418,1040.5187
8,11356.233,16396.205
8,10308.203,17952.37
8,11794.404,15396.733
8,14892.877,11577.272
8,5310.448,14025.42
8,6235.004,9661.575
8,2608.4805,3906.3008
8,19672.38,18089.549
8,5749.1914,4814.8276
8,19708.76,10579.815
8,7776.487,1611.3972
8,7367.568,12678.066
8,10216.274,3593.4084
8,11131.498,12790.082
8,15077.445,12393.602
8,11107.912,13968.8125
8,6515.263,6869.351
8,8798.822,9157.984
8,9128.803,19887.312
8,6955.5684,8853.701
8,2071.478,7613.0674
8,9740.287,7510.2183
8,770.158,14241.83
8,16694.28,6995.755
8,12010.312,16637.607
8,13347.121,3314.9456
8,4585.466,1492.2502
8,5617.5366,10051.276
8,2765.318,14028.095
8,17800.973,3333.9922
8,15681.124,7536.565
8,6484.356,7202.4995
8,4824.6143,7931.3896
8,2332.5947,14364.843
8,13537.667,17447.398
8,16679.342,10494.762
8,19611.787,7612.0645
8,5683.6846,5486.02
8,14997.373,11606.796
8,3489.5981,10895.82
9,10000.0,10000.0
9,6507.579,12822.4
9,8780.805,5300.0166
9,455.05646,14763.622
9,6666.2896,16230.026
9,2081.5862,19807.742
9,9592.608,7749.712
9,5960.544,10146.829
9,13008.547,10439.274
9,12543.044,11305.309
9,15037.2,15869.119
9,2166.8037,10724.424
9,3084.614,9875.032
9,15552.975,18690.21
9,9248.159,17803.957
9,13360.421,15497.997
9,12784.884,374.14328
9,4954.7627,16896.836
9,6993.8877,9648.646
9,9173.983,19659.5
9,13549.082,896.3543
9,18114.74,2334.8518
9,18063.06,4188.8623
9,7118.2397,59.44338
9,2933.784,77.42605
9,11417.707,1717.8696
9,19947.248,9878.624
9,7941.646,12273.039
9,5832.4263,7169.518
9,15047.424,11120.761
9,14053.02,8155.04
9,10766.645,19660.594
9,1070.3245,5604.3203
9,18289.969,15221.234
9,3972.6548,13879.07
9,9433.297,16688.312
9,13769.418,9489.904
9,5200.55,5358.1885
9,19013.22,12775.911
9,4073.6377,6898.5854
9,6149.227,12778.609
9,18200.645,7742.573
9,8275.732,1662.8857
9,7197.0405,3345.768
9,8325.892,5577.308
9,13455.258,16142.749
9,11879.619,17563.725
9,18380.705,10971.602
9,10714.1,4579.7334
9,13819.946,5866.077
9,4676.2466,6576.6606
9,1278.6287,17854.75
9,18419.2,5718.806
9,6833.3916,8631.787
9,18718.24,1732.2042
9,6985.9526,4669.757
9,16219.874,15385.995
9,11424.494,3369.4827
9,5215.149,5003.149
9,19142.227,18838.4
9,12243.909,1141.7588
9,6632.569,18523.45
9,18740.564,1396.618
9,18083.1,6700.654
9,18137.77,14243.343
9,10287.255,9214.378
9,18167.387,198.53893
9,1433.3927,5523.2637
9,19137.393,5506.6094
9,7085.117,18384.162
9,13905.227,18246.586
9,14612.18,1393.1938
9,6229.7437,5244.3145
9,546.21124,9504.991
9,3452.2644,14053.075
9,13621.627,2770.834
9,14965.735,15251.594
9,6686.9624,19987.11
9,14184.161,4881.3604
9,14668.231,13559.637
9,1777.7815,12872.357
9,13713.193,5274.496
9,4822.402,13814.855
9,1278.1528,16881.19
9,10964.706,17768.768
9,17692.826,11783.341
9,8977.254,12570.866
9,9084.115,9730.829
9,4562.0425,2563.6992
9,14373.449,3211.7498
9,13987.444,13390.837
9,19780.756,7674.8853
9,3570.0142,3301.372
9,13330.83,12412.272
9,19636.004,10882.188
9,16372.054,16864.836
9,16439.398,7051.183
9,591.15796,6057.84
9,8775.029,2703.3503
9,8168.6733,15531.729
9,13148.757,10182.223
9,6085.449,15065.748
9,15306.159,9701.5
9,13450.81,16879.506
9,5829.6978,17854.727
9,8861.605,17812.33
9,5265.2617,15548.17
9,11119.411,13004.906
9,5399.2417,3960.4736
9,1856.7823,17460.328
9,5281.503,14213.366
9,999.9027,5404.7725
9,263.34814,4746.9233
9,16944.918,19147.203
9,15349.842,14876.645
9,10286.626,4465.834
9,1379.0288,695.5086
9,18323.773,5639.8877
9,2422.0203,13727.512
9,18118.7,4517.1943
9,12603.969,15910.884
9,19029.35,8068.626
9,17774.844,14576.581
9,12534.841,19403.098
9,6111.9404,8208.87
9,12198.177,6167.7163
9,829.15686,1672.0765
9,17681.637,16617.633
9,5948.032,1579.3616
9,7875.6704,16597.818
9,16745.74,5493.971
9,11880.672,13785.864
9,444.41782,19188.08
9,1133.0763,9389.473
9,14481.278,17796.623
9,17203.682,3204.812
9,18629.666,19868.748
9,12649.259,16079.104
9,18202.672,8869.389
9,5019.4136,9765.632
9,19072.006,14555.781
9,15588.096,18576.316
9,4377.185,2400.5425
9,18380.986,16324.096
9,18051.957,10708.919
9,15787.56,8596.499
9,10995.913,19089.281
9,10862.652,11962.67
9,17536.19,2650.5352
9,4178.2217,7898.95
9,13913.022,15009.491
9,4740.135,10365.096
9,17550.232,12810.016
9,10754.509,3981.4895
9,17619.107,17968.082
9,7140.987,6072.654
9,10943.0625,5741.6323
9,15158.732,16119.721
9,7294.434,11466.478
9,5431.293,10236.955
9,14341.85,12118.069
9,7048.562,10162.78
9,10756.138,15166.816
9,11303.935,10183.66
9,12756.318,10360.391
9,17296.688,2421.3472
9,3082.5107,15117.565
9,18271.734,7785.2573
9,15758.908,4441.219
9,6007.091,6238.4404
9,10740.965,13498.238
9,14518.906,11751.714
9,19956.383,4820.384
9,7779.4893,10131.043
9,16549.7,12948.084
9,14568.29,5656.9487
9,9595.253,16172.599
9,19574.994,17762.207
9,11383.839,13381.107
9,17131.516,9515.079
9,19398.629,8778.411
9,80.698906,13571.21
9,13317.1045,14305.692
9,10970.258,16718.451
9,8088.5674,17659.473
9,13034.738,10243.861
9,14966.015,2682.2122
9,7213.185,1474.9232
9,17955.672,17477.38
9,14230.333,19700.268
9,6541.0986,11501.138
9,3223.6323,3181.8462
9,5080.2476,11566.835
10,10000.0,10000.0
10,12001.444,6547.4795
10,10027.992,15488.089
10,872.7959,18983.203
10,661.6062,8774.987
10,9362.321,4529.1772
10,18447.625,14678.474
10,2039.2195,1564.6698
10,7052.545,4905.011
10,19794.174,4422.5
10,13644.823,14834.072
10,15977.795,14776.542
10,19158.441,9979.928
10,12358.693,16012.827
10,11301.564,19368.844
10,9214.554,1125.4998
10,9044.441,4302.883
10,6508.9087,2170.469
10,11097.962,8871.899
10,8063.1416,9864.83
10,1896.6758,11189.611
10,1651.6603,4067.827
10,5217.786,9839.804
10,3708.9585,10593.549
10,601.1016,14646.794
10,6678.8228,8397.514
10,8463.494,15354.11
10,6075.2227,1632.7844
10,559.6533,1285.4628
10,19883.918,15713.57
10,14306.858,3125.461
10,17478.615,2087.328
10,2641.004,6585.688
10,13479.947,14169.88
10,2237.4563,6551.056
10,17723.422,10691.747
10,12754.515,1339.6027
10,16530.006,14822.952
10,14164.16,11716.542
10,13832.03,19914.438
10,13393.699,5809.969
10,16950.148,15248.168
10,4709.494,4547.7773
10,4206.628,6.3401117
10,19701.314,3873.6436
10,18428.26,4147.287
10,19449.227,14895.761
10,15152.602,1589.3666
10,17953.236,18758.61
10,1031.7502,16405.24
10,12547.324,14588.836
10,12169.144,13486.232
10,3764.353,13017.167
10,5730.611,12665.352
10,13032.276,13731.949
10,4118.5654,7492.9526
10,10884.821,17166.953
10,9688.541,5848.122
10,13298.705,14978.059
10,8041.6006,15900.735
10,5669.5054,13591.274
10,2056.216,9954.482
10,8093.8755,16065.633
10,8373.079,7684.301
10,7197.9824,7547.1177
10,14546.549,14834.775
10,15835.036,13979.11
10,16088.864,18239.018
10,1017.1371,10560.764
10,13546.727,845.9583
10,19614.273,13423.894
10,14517.436,2896.336
10,2271.9124,4349.881
10,14354.2295,8926.123
10,18084.18,15436.829
10,8185.5303,255.63304
10,11374.146,12353.089
10,6764.49,3594.3042
10,18817.941,14239.01
10,13817.923,15564.543
10,8369.3125,551.0479
10,479.2676,6127.7876
10,17764.92,1167.4109
10,17997.021,13790.984
10,2634.883,8418.954
10,18364.941,7825.8027
10,7820.225,13021.671
10,16430.996,18614.55
10,658.0066,2829.62
10,5271.6436,2562.7957
10,18520.625,16599.457
10,19375.826,19278.65
10,5671.379,15464.02
10,13443.719,3833.5117
10,19488.377,2779.6604
10,16082.428,19248.805
10,10908.678,8850.305
10,7521.9043,12697.376
10,19238.963,16342.866
10,8218.351,13040.114
10,3854.8384,2643.0884
10,3274.3525,15977.513
10,9608.865,8018.4443
10,8345.34,5838.8936
10,1603.4543,5447.731
10,11191.111,8889.817
10,6879.3926,3262.5747
10,17791.135,13330.728
10,9849.148,14736.25
10,15207.342,12276.93
10,6601.949,12087.756
10,1047.7631,17810.455
10,10487.21,214.1038
10,17381.582,19006.846
10,3862.307,1201.3818
10,5274.3853,12543.261
10,3894.6423,9244.728
10,7139.47,9940.5625
10,19291.9,13375.665
10,16997.8,17464.174
10,5926.54,10220.127
10,8555.0,18237.281
10,10735.102,14034.58
10,2445.7456,16744.568
10,9940.97,6142.936
10,4423.9624,15312.253
10,19789.682,10002.112
10,19184.135,15178.154
10,14807.87,1606.5916
10,1901.7733,17660.18
10,19794.434,17674.36
10,1788.6531,15048.439
10,19839.207,8170.7935
10,11510.12,17435.666
10,9943.991,10144.757
10,7469.2153,16421.268
10,1279.9784,16154.772
10,3414.029,847.0175
10,14603.252,14977.057
10,7802.029,9986.733
10,2021.8259,10862.989
10,9784.43,10374.01
10,14770.009,12504.524
10,12296.789,18658.305
10,3437.5818,13633.052
10,4439.2114,8355.417
10,3248.1736,9827.745
10,13300.613,8439.619
10,2717.2834,14038.827
10,10115.431,6317.919
10,9216.8955,6153.0166
10,16015.904,19009.697
10,11809.884,821.7282
10,5706.2026,454.60757
10,14770.119,3746.3801
10,8081.2217,17040.0
10,15903.099,19926.666
10,9830.697,10013.61
10,5704.4673,5392.438
10,11396.426,5871.024
10,16548.16,4837.3545
10,8889.65,8985.619
10,7127.114,17187.43
10,19541.154,15286.705
10,14147.315,1830.4385
10,15397.242,11185.982
10,4294.6685,18265.053
10,3644.6255,17747.357
10,207.01529,6009.6406
10,7397.726,16414.31
10,8952.015,18091.104
10,9988.03,2486.4485
10,3088.6582,14005.925
10,13692.959,4239.226
10,3631.2993,17281.57
10,15039.049,15160.03
10,19738.805,14776.054
10,10716.251,2905.641
10,3742.7642,2185.814
10,15967.447,15878.935
10,3434.4954,18786.166
10,12689.537,18270.922
10,642.90704,19106.15
10,14147.291,1140.6968
10,14437.139,14046.826
10,7357.481,13466.142
10,2788.4502,15521.889
10,373.7221,13474.169
10,18067.209,2135.5312
10,8150.2407,9826.486
10,16630.426,19810.867
10,10465.708,3793.6787
10,10640.999,12069.35
10,3387.2341,11046.635
10,11831.162,9481.817
10,15012.412,15583.963
10,11402.095,11513.511
10,7376.674,9695.021
10,10332.54,14579.383
10,9026.298,5286.0796
10,11754.704,8238.065
10,19384.91,1398.853
10,5283.315,18683.664
10,10091.913,3145.936
10,9583.379,1330.5573
10,8915.419,19722.35
10,19797.457,15574.703
11,10000.0,10000.0
11,12946.23,5094.587
11,3881.1218,12049.604
11,6122.6626,16002.504
11,11066.3125,15683.626
11,303.59598,3802.722
11,18182.604,16188.866
11,6291.831,19068.746
11,10264.012,259.54578
11,11296.894,1591.9152
11,19684.627,18509.44
11,6022.8994,9037.584
11,8981.297,8637.49
11,6847.243,4167.6387
11,17922.45,6966.248
11,12847.629,972.58276
11,11299.108,19448.18
11,16822.318,10466.755
11,2983.4436,12481.372
11,19015.844,3341.5452
11,8355.534,807.67694
11,17372.855,7401.5264
11,7365.9624,12020.402
11,137.85965,8333.252
11,18480.412,12989.544
11,7618.739,10232.215
11,14353.173,3569.4775
11,19330.2,16396.006
11,17218.658,8655.116
11,16286.83,6939.2065
11,1221.5238,2562.1624
11,9040.221,2360.3428
11,10762.062,10275.3
11,17706.473,17408.135
11,2647.1104,11862.554
11,688.0478,12994.466
11,11824.309,7315.9155
11,17289.445,4277.4756
11,1287.8345,4328.6636
11,19469.064,17051.621
11,2460.8079,6687.442
11,4371.6797,6130.929
11,6497.8994,6491.727
11,10092.523,15617.174
11,14547.542,19004.297
11,18948.42,9461.429
11,1934.106,5634.1704
11,14332.052,17679.418
11,14971.923,9499.326
11,11098.59,2954.2148
11,8143.5923,13357.411
11,17593.068,801.31775
11,4223.169,3898.883
11,9029.148,5900.5566
11,1678.06,10879.296
11,16383.619,7202.9644
11,17296.518,6248.2104
11,9762.452,5128.422
11,7810.862,6163.071
11,10092.966,10348.671
11,5314.538,10914.051
11,11267.008,18054.662
11,4576.6646,18559.225
11,2705.106,3837.4062
11,5425.363,10419.673
11,2979.8577,5896.722
11,1232.9542,16978.934
11,12096.499,324.52542
11,10377.855,8315.745
11,13575.737,10738.1875
11,16870.266,14643.841
11,19362.24,3696.631
11,1233.2617,3361.7383
11,2557.4387,2519.6243
11,13042.439,1797.0682
11,17720.045,15156.84
11,13638.507,1983.8364
11,16860.713,12965.226
11,8697.289,18081.404
11,4059.2395,8046.9746
11,13244.832,17204.525
11,14858.013,994.91644
11,8779.079,7625.0195
11,19710.709,8227.053
11,8531.707,7356.8315
11,334.61707,12208.853
11,19994.21,4958.6577
11,268.13156,19481.494
11,226.90608,15964.95
11,449.4116,12371.418
11,2290.3062,16819.303
11,10450.712,16775.254
11,19825.771,9029.249
11,7543.636,13822.983
11,12362.306,9488.373
11,10264.891,18654.725
11,12811.201,18273.947
11,3036.0889,11257.252
11,5802.0044,14424.536
11,3126.1282,9040.223
11,5817.521,3729.9895
11,5209.019,13173.477
11,2024.8026,6593.4126
11,18224.396,14195.648
11,3015.0437,17633.691
11,3253.7769,57.540012
11,18186.123,841.1023
11,5431.711,3924.1191
11,3998.5178,5519.8013
11,1046.7714,184.62872
11,14404.655,3384.8684
11,2634.9736,11054.458
11,19714.191,8132.6675
11,8581.731,13620.865
11,6529.672,12181.847
11,5193.4473,6497.9297
11,10810.16,17601.123
11,19361.812,8806.73
11,5762.502,12658.094
11,10290.689,19032.904
11,8570.999,13182.888
11,15119.431,1743.8611
11,8099.1997,8353.791
11,5674.866,1025.5525
11,14920.942,6557.0264
11,14752.306,4068.67
11,231.4284,10775.796
11,1720.4692,18001.379
11,1054.2292,9254.377
11,19184.166,2993.9026
11,17289.465,15088.736
11,6706.8657,16723.076
11,1669.7517,15210.001
11,4503.781,8818.281
11,7448.433,10943.433
11,7168.8843,13889.065
11,4584.538,15699.0205
11,17366.76,8803.234
11,19150.158,14123.203
11,18497.443,3830.1895
11,34.15893,9037.498
11,4817.2007,13529.53
11,7327.701,13427.011
11,12079.611,3871.3247
11,969.5519,981.7719
11,17375.883,2907.713
11,2551.7527,7110.6807
11,3080.1187,4756.1675
11,12031.105,17897.15
11,894.47327,19890.1
11,12685.64,18141.13
11,2596.5503,10712.806
11,13137.332,11441.995
11,5491.957,10410.115
11,19644.559,1906.0728
11,12774.313,14424.915
11,17433.99,13445.443
11,9283.153,2498.0017
11,15052.785,13069.368
11,7010.27,10661.006
11,16116.841,13388.1875
11,6892.984,5635.9917
11,9492.283,11081.274
11,18123.414,17991.201
11,13531.871,12119.764
11,15998.883,19735.268
11,7004.72,4046.2866
11,2766.314,12828.837
11,9023.32,8192.668
11,3358.5254,10141.319
11,14878.15,5586.5225
11,2409.5527,11181.611
11,7571.8994,14694.01
11,51.435974,18276.457
11,11797.454,11212.772
11,13275.146,11010.551
11,6494.148,19854.6
11,2594.2341,6129.984
11,13160.871,16600.062
11,358.34586,4540.684
11,7520.292,11941.728
11,14261.717,7972.3516
11,3412.6528,11963.246
11,1736.9224,17284.066
11,16064.263,16493.898
11,9306.895,13869.81
11,3710.8665,1218.7917
11,17383.111,10804.241
11,11325.259,9249.606
11,4771.788,14067.872
11,894.7095,5637.192
11,10650.135,10977.301
11,14836.95,2306.58
11,3246.3245,15003.384
11,9509.294,4842.216
11,10163.194,17684.975
11,18010.793,5678.069
11,5847.0767,14665.835
11,14827.524,842.96967
12,10000.0,10000.0
12,4946.2427,12398.467
12,10842.926,12827.957
12,14870.712,7277.8857
12,6373.256,9860.684
12,7967.261,8568.751
12,5266.004,16340.959
12,3483.8914,15149.266
12,10717.787,3258.464
12,5773.9824,3459.5024
12,9617.835,4439.9155
12,17868.78,16883.428
12,18640.244,4270.5576
12,7756.222,12981.186
12,15157.445,2830.8228
12,15871.452,548.5652
12,4069.06,14011.912
12,12489.614,177.18704
12,2113.002,11883.825
12,7756.0054,15353.603
12,1706.6138,6722.451
12,15801.631,12724.795
12,7742.989,4115.733
12,9785.737,11613.416
12,14745.642,14556.928
12,15510.187,15953.794
12,15992.122,17987.678
12,7945.6445,7822.763
12,16493.824,7879.884
12,8759.413,9766.989
12,3363.2607,15982.216
12,14110.233,17692.389
12,2585.831,3570.6438
12,4912.8027,5680.1357
12,4417.1807,2984.3862
12,3732.3875,11084.249
12,3038.6545,12844.463
12,19266.969,17041.293
12,6458.665,12502.795
12,2558.2893,6649.5107
12,248.13734,9101.898
12,18925.57,2259.8047
12,16006.865,18315.236
12,14590.556,14706.879
12,16691.812,861.33344
12,11537.233,13310.573
12,8380.9375,14572.777
12,5460.999,1389.5471
12,8610.339,6654.414
12,3917.5684,8635.911
12,12348.427,2464.5745
12,826.7044,14857.663
12,8192.929,19686.693
12,17187.273,6242.9536
12,19215.705,13724.79
12,11576.252,18449.352
12,14334.29,3745.9753
12,15703.686,17471.346
12,13441.399,9481.31
12,7911.9775,4015.016
12,16723.957,5642.086
12,2603.7285,19073.223
12,9360.949,8463.599
12,10465.857,17382.281
12,6976.1353,13604.752
12,9933.061,14895.895
12,15866.132,3948.6375
12,8850.692,1287.8086
12,12930.289,8510.722
12,3070.236,6423.089
12,2600.657,3712.4407
12,2315.5151,16868.387
12,10724.31,8439.941
12,17400.92,12116.585
12,2390.7483,12819.004
12,7006.439,2407.022
12,11985.891,8659.183
12,19474.408,18880.752
12,4693.3096,310.96365
12,9155.376,9764.874
12,15770.183,5825.4844
12,11813.734,15955.715
12,11750.712,7920.514
12,804.5494,11456.555
12,14345.433,15761.715
12,3834.7644,15212.539
12,1405.2744,16629.793
12,16383.642,7433.338
12,8027.181,3036.7131
12,12735.516,13684.399
12,10168.842,16190.802
12,10784.618,9809.871
12,16185.069,6744.536
12,13105.829,13570.614
12,3055.4316,19942.002
12,591.87964,9089.421
12,10546.315,11928.117
12,12123.74,14417.434
12,11223.008,6922.4062
12,9025.545,17238.521
12,16810.54,16077.267
12,1038.8254,18760.236
12,14271.715,18071.459
12,14156.392,15794.255
12,1471.4028,2594.9685
12,19710.459,19176.299
12,17985.959,19113.27
12,13870.636,13202.821
12,5803.0884,1056.9424
12,12120.2705,17324.66
12,7899.35,3361.7666
12,9416.349,17111.422
12,13252.933,9057.185
12,14264.794,1399.3127
12,1557.5592,8277.342
12,7699.436,16216.51
12,6193.5444,13376.827
12,8551.348,19287.121
12,8435.047,13334.179
12,9750.74,15351.522
12,15231.552,14322.262
12,5423.1665,11815.425
12,8273.244,13531.862
12,19576.53,3183.3381
12,14862.215,8950.553
12,1866.2996,18860.53
12,9089.394,408.90762
12,15996.736,19144.703
12,8161.87,4770.01
12,14609.677,15460.236
12,7667.747,17648.314
12,206.25887,5029.721
12,5213.8325,10778.693
12,14557.365,3770.7856
12,8531.638,17639.87
12,2394.6907,1608.9363
12,15267.955,8616.065
12,14554.747,4411.003
12,12768.716,12887.704
12,17258.127,6245.365
12,11423.034,15948.536
12,8077.682,19516.215
12,11774.117,16574.05
12,11329.345,3745.0852
12,14083.571,4904.843
12,5469.432,8210.339
12,4839.472,1069.1898
12,317.95782,18011.355
12,13109.032,16312.604
12,3474.5366,15974.385
12,6609.147,5898.1235
12,2970.8022,14384.536
12,19650.586,14482.931
12,15885.866,4238.6636
12,11741.392,13261.955
12,11003.413,13386.806
12,2402.4595,2094.9153
12,9343.585,10946.435
12,9390.526,2852.8008
12,3746.98,4644.0645
12,12235.622,10814.041
12,2449.471,18723.033
12,10100.496,11591.929
12,14711.141,13789.378
12,2299.5847,9808.234
12,12363.046,12255.483
12,8537.515,2810.265
12,11424.717,19129.39
12,16642.555,11940.344
12,8232.498,4789.6924
12,437.0129,19334.387
12,12555.928,1909.6158
12,12998.189,16424.148
12,18721.838,16161.214
12,5936.4956,12644.137
12,7463.592,19541.016
12,14149.938,6903.689
12,11201.756,4459.7
12,7362.395,3151.22
12,8731.077,3758.5305
12,11859.334,3727.28
12,9011.184,656.18555
12,3010.1553,7147.7236
12,9802.223,19803.564
12,16240.324,1398.8481
12,6835.98,11562.343
12,5470.959,15909.48
12,19921.658,200.56718
12,15425.2,12377.717
12,18452.23,13210.394
12,13172.051,14202.438
12,11568.105,18226.496
12,9610.138,19864.137
12,14686.883,17666.988
12,9872.183,13809.454
12,6242.4355,7441.828
12,1109.4012,17938.709
12,5196.2793,5085.4663
12,10348.644,13677.902
12,3483.352,9340.958
12,201.81195,19728.592
12,13137.429,3210.3281
12,5620.7114,18499.084
12,12849.443,15645.629
12,5872.96,18587.238
12,10067.906,5642.0728
12,1196.2449,2794.0366
13,10000.0,10000.0
13,3412.543,12137.376
13,12548.033,16970.375
13,15142.485,6452.274
13,18379.99,4590.256
13,12580.602,459.00244
13,4927.391,1156.5625
13,19988.18,13085.966
13,5917.5806,1314.5237
13,9551.647,18841.05
13,8746.717,2557.6929
13,14838.062,16549.047
13,17936.504,12942.994
13,4006.139,6458.747
13,7192.148,3976.431
13,17106.648,380.6494
13,7070.471,9822.851
13,4445.6353,9561.862
13,6825.0425,15014.442
13,12730.77,11077.994
13,19982.912,950.45575
13,19929.629,3977.4373
13,3868.9731,11593.257
13,13355.155,2475.8108
13,13501.703,18377.902
13,8012.4077,13364.886
13,16130.276,7814.829
13,4368.3555,15397.553
13,3031.6487,18599.936
13,8649.039,3007.8499
13,9939.873,14806.108
13,8982.729,4251.6567
13,18655.324,3363.358
13,16955.857,14486.505
13,14303.69,6400.4937
13,16814.055,11755.087
13,2380.1738,4449.7456
13,3018.2397,18490.594
13,2087.0747,3967.6877
13,5940.085,14261.647
13,2203.162,14211.766
13,19497.791,4028.5808
13,10984.306,11178.141
13,4724.9937,18865.97
13,6505.852,7859.097
13,8500.948,14565.222
13,15149.976,13077.212
13,2553.5085,8180.59
13,10857.873,19649.572
13,16873.156,19550.156
13,19401.33,14391.576
13,7486.7344,544.14294
13,10468.978,1359.5286
13,8657.068,1311.9731
13,7226.684,18322.451
13,10506.166,4691.6816
13,3593.5398,9733.55
13,3963.0078,10722.558
13,11720.476,1017.0069
13,7682.462,17569.262
13,9041.021,15396.158
13,10768.179,6659.4844
13,9043.583,8597.766
13,3258.5452,1329.7817
13,9789.964,16200.188
13,12608.7705,9778.1455
13,17120.812,12598.8125
13,11764.834,6985.6006
13,4641.319,9043.862
13,11830.114,8395.862
13,4196.694,11999.306
13,7576.432,6158.94
13,3408.408,14497.172
13,14151.234,14914.733
13,19434.205,4020.8962
13,3682.2205,16721.098
13,9725.196,18484.275
13,17390.781,2689.2188
13,15426.041,9896.456
13,10855.45,3627.9722
13,2183.7954,18195.266
13,16230.467,15023.419
13,15588.964,8515.405
13,15828.76,19033.633
13,15881.905,4084.5403
13,16560.336,18421.445
13,18531.104,6585.709
13,11471.859,10342.398
13,3089.1611,4747.436
13,1960.928,19637.602
13,18202.857,17394.91
13,13611.046,18737.592
13,5448.889,13850.847
13,4908.455,13280.015
13,1498.5627,13219.513
13,19724.549,11005.171
13,12456.927,10952.889
13,18907.37,16650.88
13,3262.3167,13809.822
13,14883.993,11095.388
13,8635.093,18063.598
13,12687.899,4014.9329
13,17234.303,2261.3193
13,11130.299,9235.455
13,4563.125,9099.779
13,5158.688,18481.729
13,8694.109,19455.266
13,8235.852,16022.046
13,5143.297,14960.814
13,12279.953,1500.8223
13,8949.411,14559.5205
13,18694.723,9185.08
13,1060.6892,5092.5894
13,1421.1353,18375.832
13,5100.193,19870.184
13,19331.703,3454.5078
13,5643.3687,3691.6753
13,19763.025,19182.092
13,813.4675,12147.317
13,19582.74,574.1156
13,642.03406,4687.989
13,14050.922,5464.233
13,14455.617,5919.2456
13,3942.0938,11320.642
13,17778.557,8039.4277
13,11988.737,13955.856
13,17133.13,15164.421
13,18215.48,9954.11
13,4848.2495,9945.972
13,8825.73,3911.1355
13,8794.64,13345.545
13,15033.473,1140.329
13,5130.2734,11132.526
13,18172.967,1521.9395
13,15684.739,7265.5347
13,2767.0168,17472.033
13,1315.5237,6928.0244
13,8282.511,6809.383
13,16249.076,4501.3735
13,3043.3567,17732.654
13,14253.203,7180.9
13,91.8648,11682.349
13,16455.611,18181.883
13,18038.986,14127.929
13,149.96962,5464.4062
13,9007.49,17209.984
13,9644.446,779.44446
13,1429.2489,17537.879
13,7526.4307,11072.147
13,3313.0762,10558.263
13,5028.3057,703.76135
13,11326.438,15522.706
13,13219.376,3603.9067
13,15450.859,17575.307
13,6500.6133,15328.7
13,6729.6475,5342.192
13,378.3824,560.7669
13,6771.9404,11535.03
13,267.6557,19717.744
13,2587.669,14378.633
13,17873.436,8490.747
13,6744.4336,16577.938
13,17894.824,6.9968147
13,3199.1826,17669.322
13,19662.78,8946.461
13,9003.862,15474.91
13,9243.842,5468.332
13,918.5648,3981.691
13,9255.834,13001.61
13,6922.483,17970.227
13,774.8243,11445.18
13,1380.8035,12839.657
13,7126.2334,4022.748
13,16726.932,16189.088
13,11124.085,3275.4685
13,12818.712,1617.2739
13,13441.656,1498.0829
13,10910.897,7130.169
13,6887.8823,15190.583
13,7997.4585,17577.549
13,9906.474,8489.593
13,4608.923,15498.551
13,8672.638,16989.607
13,16668.645,11070.53
13,6752.9185,14569.619
13,4722.207,17048.39
13,947.79346,17077.95
13,10437.764,8794.925
13,9902.924,18342.062
13,9918.539,2397.0984
13,3609.461,18159.195
13,7579.1973,11970.682
13,15395.407,4600.019
13,18460.756,6498.9067
13,118.018585,14351.488
13,6973.098,7305.1978
13,16307.356,1482.2653
13,2809.7195,1233.7158
13,8579.226,9926.552
13,2962.6372,13532.991
13,9451.92,1685.8091
13,5211.6055,12402.776
13,8998.773,17795.787
13,4564.4336,9195.914
13,547.93066,4686.9624
14,10000.0,10000.0
14,2446.9023,11428.208
14,16587.62,16146.023
14,18092.303,19450.197
14,13462.997,8293.683
14,5643.136,8114.4497
14,14739.511,18784.414
14,888.6378,15489.703
14,15156.099,5688.7666
14,1372.6948,8101.3325
14,8518.229,19837.072
14,12575.519,7515.196
14,1941.4293,14273.094
14,3065.6821,15052.165
14,7088.488,8654.371
14,3118.83,5722.2603
14,8512.294,18827.58
14,6163.082,1864.7471
14,3967.2222,2782.72
14,18306.867,6113.0425
14,16796.367,19439.824
14,15914.969,1360.2524
14,6905.021,16417.525
14,8011.127,5107.569
14,14292.81,10806.946
14,2982.3726,10733.973
14,10913.5205,16214.113
14,3495.0605,6146.7646
14,4640.732,15698.882
14,15862.096,3997.4155
14,8989.001,2189.4258
14,14375.916,19781.783
14,682.585,15583.62
14,14337.51,18512.385
14,13137.606,10616.254
14,6762.003,1912.0636
14,9069.501,2882.7815
14,15264.898,19.87811
14,15926.116,18853.096
14,14332.694,18802.254
14,2877.344,1675.9874
14,5599.0566,1055.6294
14,17813.322,6190.3833
14,5387.8916,13134.264
14,19933.951,3810.2576
14,18033.941,4885.393
14,14075.893,3089.4866
14,15324.031,15124.836
14,19907.52,19982.297
14,4421.9307,5352.118
14,6099.4194,9716.534
14,14101.753,17483.385
14,9779.603,15475.285
14,12645.61,5831.6543
14,2091.2869,667.847
14,5065.098,19944.91
14,1485.4753,17275.068
14,19244.129,14740.419
14,18157.125,8752.956
14,10226.179,9392.196
14,3109.7158,7932.974
14,11769.634,6282.397
14,19753.523,14906.901
14,3772.0195,19248.732
14,11513.459,3418.872
14,4794.6167,8562.854
14,16379.269,2049.172
14,12372.133,4065.8816
14,18663.363,19620.402
14,12199.18,7909.0303
14,15426.541,4818.477
14,18153.373,694.125
14,19672.822,13652.11
14,14430.423,150.85263
14,19350.553,12867.017
14,11042.395,15276.2
14,5697.064,12963.389
14,3161.0522,15560.89
14,7176.0405,15279.503
14,6154.9453,8197.385
14,7763.5405,10351.25
14,15824.555,588.4099
14,16572.477,13601.329
14,16557.695,9404.764
14,6921.0347,19852.734
14,17724.066,15549.849
14,13416.27,10774.663
14,2043.7683,3033.0989
14,1122.6426,8636.678
14,12732.095,7541.2935
14,1466.1866,14216.299
14,7522.6543,9885.857
14,10209.419,18124.508
14,7247.2817,5154.8623
14,18242.678,15037.0
14,7534.521,19932.709
14,11902.517,3228.2534
14,11333.503,14225.273
14,17231.658,17717.807
14,1158.7833,10567.026
14,1534.3622,7276.443
14,7419.7456,17051.371
14,10891.92,16798.547
14,15661.508,2477.4705
14,12408.96,3102.4766
14,17574.717,631.4395
14,18521.969,13401.761
14,10590.944,2668.1682
14,6141.964,11519.885
14,19748.615,4513.8457
14,17308.088,7481.9175
14,17894.877,5618.704
14,17125.982,18781.432
14,3474.4663,2351.0017
14,13787.767,17233.182
14,1004.6986,16684.307
14,7317.1523,1687.6313
14,12995.585,19953.133
14,17579.115,17909.393
14,2104.0637,5911.6685
14,15250.697,5154.583
14,286.4989,10964.016
14,8312.224,16497.422
14,14682.558,17389.242
14,12040.409,7290.9233
14,10941.851,13077.564
14,6850.516,10340.148
14,7874.5024,11871.898
14,10013.674,10906.751
14,6386.6064,17960.873
14,2775.735,1425.3787
14,11011.044,762.75977
14,10212.98,9521.918
14,13562.611,15525.962
14,1840.9293,5525.573
14,10950.701,4605.941
14,12615.779,9915.415
14,19091.672,11779.105
14,18417.91,6271.288
14,1066.9814,7950.846
14,9596.514,17490.158
14,2092.2212,19322.389
14,9225.956,1792.0139
14,18202.557,4577.5894
14,15943.519,15096.403
14,6826.522,8519.964
14,14958.111,9885.515
14,11823.148,11462.654
14,15131.478,19734.078
14,11001.641,15266.682
14,5194.86,15211.518
14,10404.162,19538.965
14,18027.938,4563.768
14,17318.973,14312.083
14,11896.3125,12239.228
14,18170.93,2904.672
14,9738.353,18399.03
14,10498.653,15134.278
14,11790.262,3282.7341
14,5964.3535,5164.3623
14,12046.847,15175.77
14,4825.9517,5254.5234
14,13516.712,4588.0225
14,10314.05,10739.772
14,18609.018,8763.506
14,5223.4385,4618.395
14,10662.587,1159.7362
14,7497.8,3474.3376
14,19513.885,714.874
14,19124.246,8738.006
14,7655.642,12660.483
14,16868.607,19287.941
14,15504.049,10478.96
14,19253.436,5508.446
14,4803.585,16048.096
14,12762.502,19466.227
14,16794.076,11453.318
14,2650.7434,8243.036
14,5715.723,3291.1194
14,14299.519,15980.133
14,8522.5205,19764.18
14,18867.76,160.19217
14,6506.1216,5535.4956
14,1388.6852,10793.476
14,5820.4893,8790.092
14,5005.9756,11567.71
14,5418.0195,5337.5156
14,10832.156,13024.386
14,17430.508,13288.744
14,13371.02,26.128521
14,19830.646,17561.941
14,4907.898,10483.975
14,9763.737,18981.008
14,17742.887,12248.902
14,11481.152,17656.682
14,7123.917,13056.623
14,7228.466,9167.511
14,10297.682,18062.57
14,7710.4688,13779.088
14,19210.818,6412.9067
15,10000.0,10000.0
15,12483.054,17363.37
15,9274.279,14542.251
15,8802.518,13832.485
15,2725.4792,6356.2534
15,19898.875,1809.7455
15,14413.233,17222.91
15,17752.318,1216.008
15,6781.9585,10086.748
15,15166.499,3420.0286
15,6974.502,11573.638
15,6800.7515,3150.2405
15,10742.2705,3861.1624
15,6194.754,11535.021
15,11310.5625,2705.8784
15,649.9163,150.82214
15,4758.7534,17740.209
15,2033.3833,18443.44
15,1784.2539,266.91135
15,9462.582,19546.545
15,1515.78,3764.1533
15,9527.16,9000.571
15,1379.6832,8175.143
15,12830.223,13848.131
15,4117.1743,17084.959
15,12508.519,7792.6807
15,6871.742,14975.589
15,7560.579,12892.236
15,1224.0195,1886.6702
15,3012.7666,4243.1694
15,5126.781,2818.883
15,2020.2397,18359.463
15,9309.55,821.09436
15,4253.7305,6417.481
15,6514.9917,19019.1
15,18295.31,18011.252
15,11960.35,10704.284
15,9133.095,2547.845
15,10925.961,10899.339
15,18648.38,18504.24
15,8057.188,4039.6113
15,11297.675,18235.775
15,8969.203,10023.142
15,1587.6525,6702.682
15,16669.488,3180.3198
15,11176.048,12383.371
15,1804.3706,2446.601
15,10679.656,19708.242
15,4875.5566,3169.2205
15,10495.89,2160.019
15,7534.0674,8011.5195
15,18145.115,16282.085
15,7874.997,3569.6956
15,11298.205,12761.968
15,2676.3032,17046.707
15,7127.0537,1931.0503
15,13894.067,15447.736
15,11199.361,3987.715
15,10213.204,18799.06
15,13339.107,13719.331
15,17377.107,1430.7897
15,11642.939,1526.4647
15,2931.4487,6610.8804
15,3263.2776,13425.387
15,18344.268,18402.492
15,8931.771,16747.074
15,13391.543,17324.191
15,17087.414,13801.749
15,5916.7163,14894.084
15,4444.101,15097.394
15,4986.729,4823.201
15,17276.863,11779.646
15,5188.1626,12331.095
15,16380.018,524.50964
15,2080.1584,19035.492
15,8553.798,4736.9272
15,8859.401,317.688
15,14254.439,13311.4795
15,8324.01,16078.205
15,19631.605,19033.326
15,19790.568,16658.572
15,3745.7615,18588.613
15,4500.1455,14535.551
15,6825.4756,9490.881
15,19744.309,2753.2917
15,730.6445,6725.191
15,3067.466,19320.193
15,15420.647,14075.048
15,2108.8545,6410.0596
15,1647.0187,4203.0396
15,14036.089,13603.486
15,1141.7058,10990.573
15,19640.092,3320.724
15,2909.965,7317.1934
15,12250.296,6817.809
15,5478.228,7613.2637
15,16987.322,19828.807
15,5852.99,11835.889
15,9047.426,13703.746
15,11879.27,13193.1455
15,17679.834,5236.393
15,15569.338,12702.305
15,15792.48,8180.1553
15,18103.482,13947.724
15,17003.062,17157.957
15,9338.102,14673.678
15,231.38226,15676.332
15,17792.43,3482.4197
15,15909.458,6865.6416
15,3629.036,10003.634
15,9541.843,19245.59
15,10015.3125,5244.3306
15,12819.239,8908.7705
15,1337.081,15791.454
15,8443.058,16708.84
15,10101.176,6820.3174
15,12218.037,15006.872
15,8614.5205,13179.601
15,4288.25,7921.431
15,4035.1008,10553.819
15,4584.4517,10724.65
15,619.929,14127.202
15,12772.462,14272.193
15,17971.953,9212.664
15,19230.605,6056.7744
15,3173.2346,2091.5146
15,5451.9204,8135.333
15,19013.791,13517.182
15,12957.357,12703.327
15,17385.578,5638.748
15,10210.574,5614.069
15,11323.094,775.3838
15,12558.681,8422.004
15,6546.0425,5145.6504
15,1161.8531,9219.289
15,3506.7517,18551.258
15,12570.506,931.35046
15,16139.294,1664.7196
15,15932.411,10918.751
15,3042.9104,10612.295
15,9059.276,13823.575
15,19988.932,16994.412
15,3215.0706,2762.4563
15,17458.027,6282.689
15,4107.412,7736.503
15,4454.7915,15577.912
15,8456.792,12360.596
15,18567.363,18984.305
15,10135.72,3648.5374
15,8997.591,9028.024
15,4221.0825,7231.4175
15,19739.771,4367.5986
15,19287.441,13014.441
15,6399.9453,11587.419
15,16865.98,3735.1135
15,78.09258,5864.3564
15,13526.946,11051.924
15,379.84024,16844.975
15,2845.2102,4777.514
15,5324.4155,18625.93
15,11594.566,13377.217
15,8450.495,9600.131
15,7535.7666,720.50464
15,12349.622,10885.464
15,18370.186,5647.641
15,17687.182,14719.186
15,3135.6602,5312.6455
15,8425.139,10808.691
15,6167.298,10702.993
15,7537.3984,6483.3384
15,14581.909,11015.493
15,16977.58,1840.7823
15,14469.622,9513.411
15,97.5021,13692.709
15,7586.8784,5117.023
15,11029.07,7441.2686
15,8570.601,7158.834
15,10120.932,18863.225
15,6035.0054,17912.701
15,9293.73,10218.954
15,13293.089,9433.641
15,18411.08,7183.215
15,9192.259,12064.661
15,18121.77,19296.066
15,5788.6924,19755.736
15,4440.128,4925.617
15,8479.035,15420.952
15,17603.479,8937.12
15,9148.959,276.49323
15,19360.135,13167.174
15,4013.6501,16251.562
15,8950.163,10314.412
15,15230.989,11235.055
15,11171.652,5265.6606
15,13598.28,14083.969
15,11340.635,3504.1719
15,48.588528,1743.706
15,1401.08,6252.741
15,13522.83,3040.8345
15,6303.6323,17714.803
15,5965.035,16355.187
15,3518.4592,17673.838
15,10945.175,14392.677
16,10000.0,10000.0
16,7970.639,18292.217
16,10022.651,5534.552
16,4299.044,1242.7688
16,4185.1616,13460.036
16,8642.503,8530.87
16,14045.467,18700.51
16,7689.1636,15062.4
16,5061.7456,18554.992
16,15699.018,17372.191
16,18212.23,955.5217
16,5633.0425,14649.39
16,16905.61,1761.8972
16,1326.7485,14643.294
16,1593.7087,11585.664
16,335.10834,14688.224
16,7038.9897,15894.142
16,15104.541,15.423377
16,5215.267,687.70135
16,14136.963,19692.535
16,8217.399,15383.722
16,3887.6636,11463.158
16,6148.598,18374.99
16,12787.751,10863.859
16,11609.792,19468.51
16,7088.3223,19063.354
16,728.6087,97.63084
16,9620.267,19989.982
16,4610.93,10914.615
16,4198.401,8307.676
16,17399.803,9111.512
16,8760.017,15423.053
16,9248.145,9612.055
16,2667.9658,18974.303
16,152.72205,3035.933
16,9935.911,1492.431
16,1751.3446,7758.8257
16,18109.771,12307.781
16,1874.6593,10699.864
16,1783.5848,19583.195
16,3744.6716,18272.842
16,15474.515,14964.132
16,6574.181,9467.582
16,8608.099,1896.128
16,18931.969,13388.014
16,19991.816,1283.836
16,6055.86,10736.075
16,18544.871,18666.684
16,1618.1298,4321.631
16,14371.074,18767.791
16,6818.3726,17733.89
16,16911.74,12906.38
16,2917.3054,1306.8219
16,15197.123,19940.365
16,3591.4866,4877.56
16,6515.973,16100.567
16,4671.2256,14152.102
16,1838.8359,18487.533
16,6846.2397,15423.22
16,1294.8718,10602.319
16,18894.814,6952.378
16,18903.99,6754.464
16,8236.696,5327.6465
16,10098.356,10027.499
16,5908.6,9153.752
16,6701.621,19185.041
16,5080.098,6692.4062
16,15531.313,16820.785
16,17802.516,18321.623
16,17679.355,1048.511
16,5737.154,9803.638
16,17877.463,4647.5503
16,4640.908,3280.4019
16,18149.86,18382.861
16,1479.1934,3663.4785
16,4692.826,7801.397
16,18686.398,10574.789
16,6978.606,11984.144
16,16303.636,14313.049
16,6438.217,17599.373
16,605.46356,8711.474
16,6829.762,12699.334
16,14080.971,18602.658
16,15244.893,12785.287
16,19781.266,6450.7695
16,14851.47,1087.4983
16,1494.7461,14213.459
16,9007.55,2803.1838
16,485.46243,319.93118
16,1484.7863,2327.4497
16,15479.62,6908.287
16,6112.549,920.59436
16,8505.544,7366.4404
16,3050.0496,13216.88
16,13053.823,10553.795
16,12233.931,11749.376
16,14370.429,16924.322
16,2893.8787,10786.3545
16,17360.854,12032.323
16,337.6287,7144.2007
16,4745.7476,10451.136
16,15448.8545,2857.825
16,18167.889,5842.7188
16,18010.365,2728.1309
16,13433.532,10661.953
16,8641.694,5850.797
16,10373.368,4749.4766
16,2411.0916,16256.853
16,16847.932,1880.4296
16,16155.628,5901.6934
16,9423.264,763.06805
16,4539.6772,1470.8229
16,116.27085,13421.242
16,16602.275,904.18964
16,19841.14,18741.71
16,6977.807,7008.0537
16,2605.1438,8215.333
16,6508.148,17819.938
16,3332.664,5162.01
16,18294.162,1476.7485
16,1313.3722,5725.1396
16,15700.783,17.544413
16,4271.816,12117.347
16,9743.858,13036.585
16,250.71921,7784.963
16,249.91318,6741.3086
16,5586.6523,18203.557
16,12605.3955,3107.9146
16,17883.637,957.2664
16,1178.1456,13597.439
16,2887.8425,18183.23
16,4613.1562,19463.988
16,12129.127,1267.9552
16,15153.133,268.17184
16,13017.42,14924.084
16,3339.79,9737.887
16,17530.014,7463.2554
16,2848.9004,5263.182
16,8731.58,1735.4952
16,4257.7964,13875.734
16,2431.019,3224.0083
16,2105.6433,15083.149
16,16942.75,17404.81
16,18632.139,7846.85
16,6657.6655,6247.658
16,11621.797,10570.525
16,16612.271,3712.7183
16,14096.002,13668.677
16,3867.0593,11864.429
16,14961.139,2128.4055
16,9486.976,13478.643
16,7840.2217,19989.873
16,4818.798,15521.617
16,10584.681,3958.8276
16,18030.982,19844.436
16,2626.8086,14031.132
16,15975.133,15012.179
16,18905.908,551.42535
16,5596.9756,3191.432
16,13056.438,5782.522
16,3938.9429,14809.51
16,3494.577,6962.3296
16,15564.97,12628.137
16,4431.1035,17454.227
16,14722.0625,15313.783
16,18159.145,11203.643
16,9565.807,15395.457
16,18871.7,3035.0818
16,7258.59,12804.588
16,14412.685,2379.1287
16,10279.602,11319.9
16,14723.095,9481.367
16,14324.581,15442.069
16,19539.889,1759.1759
16,13002.552,8883.178
16,10467.963,6486.01
16,11026.398,17762.611
16,7873.407,6270.952
16,11762.597,4071.9177
16,4825.7583,9132.308
16,3188.511,19955.72
16,19608.43,16653.309
16,2779.26,17891.66
16,18740.402,728.8367
16,12526.183,5795.7964
16,16669.594,5619.264
16,14192.756,16505.709
16,9342.258,10359.413
16,8826.804,17457.434
16,7914.1455,1182.3466
16,3416.4568,9011.847
16,10764.064,1630.7887
16,1515.4418,11444.042
16,2900.571,10528.193
16,8836.538,870.7712
17,10000.0,10000.0
17,14014.088,19796.057
17,361.83368,18837.756
17,18926.092,3446.3672
17,5413.098,9070.627
17,9266.381,716.2775
17,12175.389,18197.674
17,16986.777,7467.6934
17,9907.656,18393.502
17,4525.3276,13441.935
17,17714.91,3516.4656
17,3515.8418,12510.77
17,6378.769,16791.621
17,6197.7354,14826.805
17,11484.205,8578.537
17,16502.912,8482.921
17,9985.591,14815.593
17,1912.143,2021.3738
17,16475.326,11021.27
17,10400.703,17973.812
17,2509.779,7443.462
17,7097.504,1087.6715
17,8403.582,6353.6836
17,11377.931,4847.225
17,7754.908,18120.03
17,5325.942,7044.768
17,3707.6409,1350.1906
17,18032.92,16825.203
17,220.41626,14960.482
17,10678.646,16994.77
17,1294.122,8093.9688
17,8998.129,8876.305
17,12079.1455,19044.22
17,14941.152,890.12946
17,19115.812,3492.6604
17,4198.2207,14441.144
17,18249.05,19306.777
17,11876.904,6451.8735
17,13242.762,4247.6445
17,12969.447,3110.1235
17,4629.933,11252.335
17,12025.416,7228.682
17,1369.9391,4102.183
17,19673.215,14924.245
17,614.2537,19137.533
17,1606.2836,5055.343
17,8774.517,6264.8076
17,19589.756,13472.41
17,2764.9783,4344.354
17,2159.3057,13636.044
17,4791.3647,5180.1245
17,6678.4927,13056.24
17,9624.16,19912.488
17,17293.215,8637.798
17,12430.402,16716.008
17,17926.955,9451.568
17,9443.869,18630.236
17,7007.311,8123.9805
17,2873.476,3087.7002
17,16013.819,310.14496
17,3339.5725,8486.42
17,6268.5044,7376.086
17,14921.183,4407.6587
17,7010.018,10452.264
17,11770.207,15570.302
17,13992.956,845.20264
17,11164.968,7980.878
17,3981.921,9984.862
17,232.5946,12673.596
17,5604.149,7717.033
17,19491.611,8398.702
17,151.90874,11558.282
17,7066.566,506.18094
17,17314.227,4947.8105
17,19434.006,18561.256
17,6435.343,13710.571
17,5346.7095,8522.436
17,15861.901,18733.564
17,15628.32,528.5541
17,548.8337,14866.668
17,16081.545,13865.292
17,12123.777,17256.645
17,9687.888,18985.23
17,17047.195,8050.3203
17,10801.398,14915.775
17,14602.785,3148.6707
17,16341.953,1769.0233
17,9955.994,475.11273
17,15663.655,8611.214
17,2637.949,7729.2817
17,14432.55,14619.013
17,19950.576,9970.56
17,15737.25,17482.191
17,4299.43,8294.068
17,19780.219,14229.643
17,17241.744,3342.4746
17,12107.532,1923.2184
17,8846.088,7873.191
17,13542.162,133.98167
17,13857.767,15359.494
17,14096.279,10234.276
17,11356.757,13841.79
17,8782.193,637.48083
17,13909.063,352.57782
17,12011.179,11424.256
17,12173.515,4008.1992
17,6056.946,13924.666
17,9780.282,15668.226
17,10559.618,5372.6255
17,17028.441,5841.0093
17,12279.795,15089.947
17,5248.0205,100.406624
17,2192.8052,938.84235
17,10680.349,11506.025
17,12043.298,7049.328
17,14555.377,4197.706
17,12951.016,15634.705
17,16736.754,5667.422
17,2183.3042,14049.363
17,3660.9707,1484.4076
17,17129.8,12319.953
17,1206.2167,8456.3125
17,8767.165,17180.578
17,12545.309,11012.834
17,15053.624,11107.822
17,2936.811,9066.554
17,17990.016,10171.247
17,12298.329,8604.88
17,4183.4937,10954.297
17,11436.492,14614.52
17,7933.2715,6213.908
17,12775.647,9707.999
17,3664.113,10031.578
17,14231.274,3309.9424
17,8538.303,13620.115
17,13382.466,1921.2653
17,10642.838,6206.848
17,587.87445,9030.154
17,3365.92,6677.0884
17,4886.215,3329.7114
17,1199.0612,19820.582
17,4180.2773,5778.8174
17,7296.8267,11833.035
17,19194.906,18170.607
17,4269.079,16571.604
17,15689.234,15045.26
17,15691.133,16693.15
17,17967.258,1410.1907
17,8578.1,13769.936
17,6669.5244,2325.7717
17,2860.6528,19933.326
17,14349.853,1115.3589
17,1700.8405,2922.2485
17,4994.1157,16279.896
17,3678.5513,19999.736
17,19533.127,468.9256
17,19252.465,9850.86
17,16149.59,10131.253
17,18333.33,9821.381
17,18873.346,14395.725
17,7285.871,6107.7056
17,15891.3545,14165.582
17,12815.566,2268.3728
17,10559.903,8482.743
17,19721.576,17468.2
17,5239.016,8418.674
17,9448.493,1731.2659
17,18799.287,15319.56
17,2145.8662,1370.6599
17,17622.736,6357.633
17,19410.713,17992.707
17,8142.051,16979.154
17,19754.088,5487.387
17,12018.942,2312.0945
17,680.54926,5557.03
17,11576.179,12824.172
17,17713.69,5034.7944
17,2722.6003,9891.249
17,2723.0051,3164.889
17,4194.772,13333.002
17,15358.67,16039.398
17,17203.645,17339.182
17,2958.782,19349.393
17,2576.1853,7569.305
17,13072.252,8006.6714
17,3080.1814,15686.021
17,8707.83,18057.379
17,18393.113,14322.085
17,11814.412,8988.52
17,12715.933,3185.587
17,18397.57,2865.763
17,12794.284,17377.48
17,12020.312,6444.433
17,10751.139,17454.492
17,4310.8794,19771.352
17,19702.277,12800.847
17,19603.05,10415.59
17,14902.885,8598.457
17,14490.425,4388.1216
17,14485.34,7489.9146
17,12247.675,10949.717
17,9490.944,1664.2648
17,12377.059,18612.533
17,18882.979,9471.128
17,16450.525,16307.758
17,2519.809,19915.07
18,10000.0,10000.0
18,6401.201,6263.2983
18,18550.752,1083.991
18,9729.426,3065.052
18,17484.42,12207.111
18,885.5982,373.81223
18,9646.729,12973.727
18,15928.751,13587.252
18,8222.005,1244.0612
18,17787.37,13010.152
18,6949.9727,4527.0835
18,11145.482,2660.229
18,19370.477,8475.072
18,4987.1064,17957.914
18,13186.057,3220.6294
18,8596.773,8185.78
18,14990.417,12034.437
18,17351.062,9103.077
18,1598.4121,17372.062
18,3799.4822,6470.663
18,5641.5967,6077.742
18,16482.688,13630.7705
18,19833.25,13844.524
18,11532.915,10289.788
18,4563.5024,11157.865
18,3015.3162,2444.3826
18,18398.438,13061.51
18,557.60925,13592.506
18,12297.242,7061.4014
18,443.16623,6806.5244
18,2635.427,6943.017
18,18035.977,2363.51
18,10519.39,15641.2705
18,16882.436,18676.607
18,15705.839,7022.4795
18,19218.832,13517.909
18,14508.967,11862.903
18,18484.785,8064.1055
18,286.3124,3099.454
18,16738.236,7889.25
18,19023.984,12428.108
18,12690.836,6240.974
18,9093.229,6724.886
18,11452.293,17933.928
18,1866.5953,4214.2417
18,7467.6396,1260.5947
18,3408.2244,6904.6675
18,9430.824,8447.128
18,4575.0317,12743.099
18,19057.496,18625.809
18,18788.414,19313.125
18,7960.0083,4926.403
18,11777.83,225.88069
18,5302.3535,6441.743
18,18396.824,17015.469
18,15178.041,11484.755
18,7785.53,10300.902
18,3901.2712,10065.781
18,15894.658,16028.519
18,15070.53,11367.953
18,17858.363,10280.579
18,9296.221,8784.435
18,18883.486,14135.436
18,5459.0195,1382.5538
18,11029.035,9400.57
18,14206.125,981.65546
18,7181.2847,5809.8877
18,13247.923,2482.512
18,5715.3335,8241.182
18,1280.199,6620.414
18,18317.297,14629.005
18,5739.13,19552.775
18,6697.3213,17984.133
18,268.84265,8416.397
18,9926.665,13635.228
18,2138.337,1227.9135
18,7369.289,67.48256
18,10852.147,5825.319
18,2752.775,4831.14
18,4533.2466,6495.031
18,4962.945,1004.6846
18,4963.385,11263.978
18,5664.738,2256.2583
18,16810.428,940.6319
18,18683.25,3077.263
18,15589.224,17861.479
18,4722.0977,3373.927
18,284.19772,1854.6024
18,7535.0845,15559.511
18,8023.0713,18720.213
18,7678.905,5968.3105
18,9027.763,17689.918
18,4407.693,7754.7383
18,1724.0872,2436.1057
18,7954.615,1495.298
18,5005.6035,12529.176
18,9347.364,8529.961
18,11155.879,14712.362
18,15849.539,2813.034
18,19406.385,414.48322
18,15767.174,10374.205
18,4601.383,9677.597
18,2894.5967,1844.1224
18,2238.5967,9019.806
18,497.82324,9746.728
18,5357.525,1994.5312
18,17983.514,4891.699
18,5930.2456,4693.2417
18,12307.207,1283.1191
18,10585.207,11006.228
18,11463.259,18646.951
18,2341.8037,11521.431
18,7340.9497,2681.334
18,8341.211,2424.32
18,9296.643,5385.599
18,18893.81,3719.5405
18,5801.1685,3137.1047
18,1325.1008,7225.4946
18,1196.2542,8912.956
18,3044.3303,5654.0166
18,13902.891,3074.17
18,5047.8115,178.36133
18,11162.326,15923.946
18,2979.272,2399.7295
18,1439.7811,15516.464
18,4075.2505,2858.8052
18,13753.104,10634.401
18,111.010376,16624.15
18,7110.97,12830.554
18,4561.174,7306.591
18,8672.418,16221.258
18,1194.6676,3915.1646
18,14441.35,6751.627
18,16708.379,12250.331
18,12570.028,13441.924
18,2374.2312,1527.0371
18,18685.389,17596.777
18,13600.011,14988.255
18,15153.404,13526.906
18,2879.9587,10413.771
18,14378.856,6073.2686
18,2046.0525,18404.979
18,757.2143,6586.2285
18,9880.851,18199.986
18,4216.101,11608.98
18,16912.547,12229.736
18,15155.891,12566.7705
18,19279.541,3203.4253
18,6844.789,9870.69
18,6727.297,19554.117
18,1748.9252,7912.908
18,1921.2277,5474.571
18,19741.58,7501.729
18,19114.143,17205.365
18,3218.0217,5380.136
18,19488.52,566.0729
18,11198.909,6851.5337
18,19298.553,857.738
18,16396.326,9761.803
18,2484.0222,13694.09
18,490.65646,3605.4734
18,4014.495,17231.008
18,9969.49,2938.4175
18,5649.8325,12414.527
18,17645.18,10204.719
18,13071.08,11616.18
18,15174.602,12487.005
18,6012.588,19267.604
18,6089.5977,8110.383
18,15356.309,15422.124
18,5537.1816,18233.768
18,14695.219,19325.387
18,17054.506,3242.0647
18,6722.2017,13968.274
18,7079.8516,1214.9249
18,1405.7015,15089.17
18,16046.764,15361.741
18,622.7156,14998.676
18,5468.7373,12197.393
18,7967.233,15436.481
18,632.15015,11187.619
18,11731.905,16354.387
18,12516.568,4877.052
18,1752.9124,9461.338
18,800.06146,13067.506
18,13842.907,15446.519
18,10706.145,9072.1
18,217.13054,11369.327
19,10000.0,10000.0
19,15695.17,18209.57
19,4608.7393,19940.22
19,8694.524,1994.2695
19,6495.323,3200.7922
19,10586.116,17123.271
19,17430.879,7456.0215
19,8925.431,18338.967
19,16752.979,16044.543
19,15486.158,10735.188
19,16584.002,16130.942
19,1996.5475,15382.985
19,1540.091,5194.984
19,14029.278,5479.694
19,9441.903,6182.0317
19,5032.619,18664.871
19,17894.771,13356.088
19,13118.915,8497.161
19,16733.451,10420.533
19,18740.938,6685.2026
19,6879.543,19293.838
19,8455.158,17759.023
19,12562.87,1248.299
19,14856.905,461.8701
19,11997.939,15264.464
19,17303.943,930.3428
19,7109.648,714.03064
19,16866.71,17981.123
19,11479.265,1461.4845
19,19931.91,16426.215
19,3912.237,1396.2554
19,127.71104,15302.973
19,15310.458,6728.131
19,5491.7144,19720.578
19,16601.836,11802.618
19,2808.485,15574.684
19,7359.2876,31.676773
19,10556.943,15736.2705
19,12162.28,513.8044
19,17164.627,2975.2415
19,8518.559,11491.785
19,14970.155,14883.975
19,7237.579,10185.053
19,792.6174,1743.1509
19,4792.6484,1004.3636
19,17273.438,2491.2024
19,12916.93,5222.9336
19,13661.811,12531.223
19,8811.073,5194.936
19,16859.256,3756.6025
19,790.7852,9779.838
19,8652.974,1167.3186
19,12009.859,14771.308
19,11670.138,9992.215
19,11083.481,5964.8037
19,14679.446,12337.64
19,2780.2717,10298.6875
19,18814.373,9678.374
19,9783.025,399.79333
19,13600.619,11661.262
19,15688.613,512.3483
19,11215.639,5620.3545
19,626.94324,18626.227
19,10409.679,7610.421
19,13152.398,4111.4014
19,3959.8987,12575.992
19,10533.102,19234.625
19,90.661835,6944.621
19,14003.102,3165.0864
19,1208.1895,3630.5432
19,14761.485,2828.659
19,1856.9452,8830.893
19,4322.199,19069.318
19,2918.351,613.3263
19,13138.216,4260.5703
19,5434.517,1100.352
19,14855.03,18745.262
19,4269.662,16954.148
19,7816.2817,15619.289
19,15093.285,1150.834
19,17947.928,13657.549
19,10258.42,14718.376
19,19248.51,7058.0405
19,7936.0513,1019.6298
19,9479.209,1937.4116
19,16538.557,4339.193
19,4976.402,6316.911
19,11960.878,17887.404
19,14784.221,14683.03
19,19653.826,7842.5684
19,17362.559,13729.711
19,15428.543,5652.788
19,12869.822,4088.6775
19,3525.6404,6330.0137
19,11974.299,15742.6
19,4290.9956,10451.235
19,9414.257,15234.347
19,6323.0864,15243.86
19,11284.592,8295.0625
19,1545.3984,7479.481
19,1772.1521,1875.8792
19,17947.873,6359.255
19,9832.148,5046.4277
19,1848.625,4037.8936
19,8426.719,11611.241
19,8370.203,3461.195
19,15678.216,16774.664
19,13552.044,10955.837
19,2406.9307,18871.7
19,1698.204,9745.1455
19,7578.404,12551.113
19,6117.391,11041.654
19,15231.194,14738.25
19,17007.943,6269.2993
19,19691.842,14316.029
19,15477.816,4854.3896
19,17437.324,15902.783
19,8480.476,7472.5737
19,10932.007,2328.5652
19,591.3895,1302.6915
19,16118.725,17367.76
19,17054.893,6757.1934
19,3791.8098,7480.077
19,19559.818,14686.783
19,13323.73,6876.6167
19,570.1182,10625.106
19,2753.57,18645.584
19,850.75714,13710.677
19,7178.532,12541.792
19,10492.721,2142.0796
19,15013.774,19058.463
19,9463.356,12786.905
19,6029.51,1136.3115
19,1575.6195,15950.105
19,4177.497,9812.828
19,8008.2827,1255.2084
19,17066.12,2968.8618
19,15979.485,2894.0728
19,13096.424,15631.988
19,4050.0496,15472.267
19,10629.434,5137.1113
19,13153.466,10214.515
19,5836.5854,7784.9194
19,19211.605,1688.435
19,16888.658,9921.1
19,9447.3,16170.275
19,6464.224,7064.0093
19,9214.6045,18601.459
19,8414.369,3706.534
19,9837.204,9949.078
19,4947.1123,19097.512
19,19608.953,11414.17
19,13970.838,16414.6
19,983.13226,3891.4155
19,6487.065,6650.983
19,10452.87,2456.9136
19,8036.6963,15052.021
19,13078.657,18667.621
19,10320.565,7756.41
19,19247.863,4452.877
19,4909.971,16095.234
19,18841.273,9488.591
19,104.02325,2359.224
19,7835.62,11727.296
19,10413.289,12171.78
19,6204.317,1220.573
19,5319.5234,11890.059
19,7933.868,5936.576
19,8375.446,13212.229
19,11282.214,14490.144
19,4233.4727,13240.382
19,15376.285,13401.515
19,11405.187,14043.249
19,2457.0906,9551.802
19,11622.883,19294.936
19,10226.04,19325.354
19,15529.812,2171.6943
19,8126.713,3004.0063
19,17457.56,19515.52
19,13629.76,4217.889
19,12464.21,17888.443
19,5045.7925,4761.2627
19,2908.0789,15266.834
19,9783.129,12118.89
19,12756.524,12699.249
19,18305.195,15172.254
19,3557.9597,11392.21
19,8414.456,14801.581
19,6529.8564,16624.06
19,3989.3557,6907.606
19,1376.752,10531.136
19,2635.639,15498.382
19,4794.1235,14561.077
19,5692.158,8322.839
19,14385.955,7251.594
19,3722.9966,13334.051
19,13870.763,15055.821
19,1212.0023,5854.7783
19,5300.399,18600.18
19,15922.432,8670.689
19,14673.169,10101.872
19,15088.83,13420.327
19,12656.733,5020.425
19,2939.3313,3888.4097
19,14243.032,18490.643
19,642.9905,18702.031
19,18761.023,12715.906
19,4540.084,5337.414
19,4764.2705,13134.545
19,9875.531,7773.088
19,11023.959,5634.9854
19,12421.261,14967.802
19,7660.7217,7623.032
19,964.50037,16708.318
19,1288.852,14500.498
20,10000.0,10000.0
20,7965.288,12699.13
20,11219.085,7631.9604
20,11521.682,18739.184
20,17812.74,6042.9214
20,15610.303,263.4117
20,11733.363,13491.896
20,4397.8027,2964.0056
20,7591.3594,13733.642
20,1298.0999,10589.677
20,4739.748,9341.103
20,8997.828,11700.519
20,6595.972,11541.13
20,10055.233,7651.829
20,19475.016,18269.758
20,3691.8967,1531.1068
20,13308.253,5606.898
20,10540.019,11918.885
20,4089.0684,3893.9163
20,14324.093,17114.582
20,15767.594,18168.12
20,10883.231,2381.2288
20,16601.273,3111.3093
20,2824.351,14622.198
20,7886.3467,11234.795
20,19488.596,17243.842
20,16423.592,13490.321
20,11336.601,15377.031
20,16882.262,2895.3113
20,10038.939,11416.021
20,8287.683,18659.166
20,19108.516,1246.9468
20,6332.362,3070.6787
20,19007.691,1789.7966
20,19388.695,12832.996
20,10194.07,3668.918
20,16286.374,3399.9912
20,4133.344,3360.3672
20,14916.074,6796.8804
20,6027.683,17018.223
20,8341.757,10136.189
20,14827.162,14202.147
20,1428.1042,3183.161
20,18256.666,6219.481
20,3102.5352,6759.437
20,5201.0967,13264.429
20,14345.762,9517.89
20,5743.3354,19207.068
20,8650.275,3279.2737
20,11881.167,12899.327
20,9295.722,1302.7278
20,1662.0941,411.76196
20,16844.39,13411.772
20,7787.764,12385.404
20,13331.305,18369.293
20,17902.18,5198.604
20,532.19666,15126.82
20,15909.288,11109.048
20,9545.195,10021.919
20,9332.833,1134.3966
20,1661.1761,10557.467
20,6546.171,5688.89
20,10196.547,17772.422
20,19706.275,14457.616
20,1848.5503,13179.1455
20,2459.1245,11436.554
20,14055.533,6667.196
20,7615.3936,17305.746
20,18672.041,2308.4573
20,17626.713,8401.696
20,17518.172,16854.969
20,17301.13,6745.4087
20,8658.103,2354.0776
20,8912.677,19684.932
20,1927.9067,9304.2295
20,11029.751,15713.371
20,10750.3125,18328.709
20,5944.36,967.4851
20,18216.533,14117.426
20,19261.424,16206.84
20,6941.767,17781.549
20,5730.367,1151.1443
20,5827.2603,10442.298
20,4972.343,2836.2617
20,5747.596,12348.923
20,16010.852,7081.212
20,1922.1823,12669.277
20,18944.84,2785.9177
20,11109.779,19408.451
20,4787.8677,17378.86
20,18363.53,7005.0483
20,18758.176,15921.338
20,6980.9453,10379.349
20,19649.977,7401.5586
20,1904.0405,4637.302
20,15068.536,5969.075
20,8872.919,6582.208
20,15397.687,18235.148
20,8867.192,15147.6455
20,19484.285,1276.5894
20,1450.6317,19749.102
20,15795.133,1588.7092
20,8851.66,11068.314
20,12387.371,5079.6426
20,1630.3706,3375.9702
20,3328.2097,7207.3403
20,14539.163,16835.834
20,19100.092,12277.087
20,2712.69,13126.389
20,18603.438,15500.689
20,7325.0474,6167.4243
20,14117.737,11446.03
20,18207.762,11824.349
20,8706.989,19470.82
20,8450.983,6222.8027
20,10150.344,16890.672
20,15851.19,16183.195
20,11999.846,4988.489
20,15526.541,10009.912
20,2638.7998,9542.382
20,14352.489,3767.9204
20,4371.1636,451.37335
20,15059.089,15237.295
20,13270.182,1293.5632
20,13758.924,8883.351
20,3398.0752,12628.8125
20,6815.1255,1683.6278
20,2046.5004,19082.176
20,19927.783,814.8237
20,4416.6587,15140.456
20,17848.568,19945.215
20,14831.076,9824.39
20,16335.88,2038.2128
20,9820.579,11095.149
20,2941.5098,19332.588
20,14484.62,14257.411
20,10439.143,9491.52
20,15761.049,9213.87
20,11256.538,10880.76
20,3556.2234,18103.56
20,12947.661,18780.63
20,9500.18,10616.429
20,12136.477,10340.309
20,4551.006,620.97455
20,1687.5089,2312.113
20,7178.909,17818.328
20,7701.7686,16411.137
20,10053.966,9677.801
20,18734.164,13418.627
20,18426.904,12980.951
20,9434.479,19121.914
20,4525.9854,15076.172
20,10656.011,14612.878
20,13266.552,8879.731
20,13166.363,13171.893
20,4700.233,9943.49
20,13797.556,12325.546
20,16678.885,14792.359
20,511.85175,17781.275
20,14142.554,2479.435
20,4958.925,1391.7056
20,1453.7218,15004.3125
20,10689.772,7106.6533
20,13049.545,18506.299
20,9020.764,15151.847
20,3258.0515,18840.008
20,14468.883,10103.779
20,11421.402,3995.1272
20,3045.3325,4798.7686
20,17930.809,18124.494
20,13725.323,17284.832
20,19281.24,13549.962
20,16101.875,18636.54
20,8250.832,16685.271
20,5617.277,10744.128
20,8864.785,5623.169
20,18558.82,4344.0493
20,12288.491,19100.664
20,210.74655,5934.907
20,18618.088,15540.38
20,14346.4795,459.0373
20,1633.4052,15523.412
20,13427.23,1327.1184
20,9946.884,10334.996
20,16646.885,1701.6736
20,6595.942,18060.184
20,7781.233,7837.542
20,15141.914,18615.844
20,8000.526,12504.179
20,15122.624,7603.6533
20,1491.4237,13276.833
20,4820.78,12157.48
20,1507.3813,9635.18
20,15877.107,13395.162
20,18448.877,8508.719
20,4221.26,3634.8801
20,19893.201,15832.068
20,8397.7705,18428.934
20,3457.839,19478.81
20,7727.751,3334.9558
20,12490.856,9269.72
20,5915.788,11816.005
21,10000.0,10000.0
21,14561.24,18428.2
21,8323.704,12536.388
21,2513.386,10214.477
21,11331.601,6918.441
21,19782.426,8675.866
21,19272.973,17761.053
21,7356.092,3020.4075
21,16350.593,12551.52
21,18406.426,3148.8894
21,13657.694,509.91498
21,3201.3008,4561.658
21,12838.284,7251.5645
21,1611.1609,6582.0347
21,19805.912,12794.934
21,8844.758,9196.019
21,12469.069,11516.877
21,15996.703,12656.562
21,11056.468,7104.06
21,5580.8716,6607.0264
21,16096.471,180.2897
21,17923.314,14693.966
21,7676.8467,6307.659
21,4172.3286,6830.776
21,758.78534,4436.928
21,12124.103,4358.1167
21,3607.783,9343.301
21,5493.05,1271.7002
21,14890.655,11072.127
21,2666.1943,5276.8745
21,4499.3525,7945.595
21,7695.229,12408.728
21,14534.787,8167.472
21,17097.832,2122.3462
21,8351.51,11828.04
21,8847.061,9705.253
21,5167.9106,18844.629
21,7865.5303,1467.5736
21,17233.525,4207.416
21,13915.282,9944.337
21,10811.57,6883.4937
21,18803.336,3765.116
21,5225.444,18014.09
21,17783.158,8561.889
21,4894.202,2889.706
21,12512.006,6068.9863
21,6329.261,4418.8984
21,13787.414,8020.123
21,3545.4766,15110.675
21,6629.731,18599.22
21,5929.329,15816.438
21,3310.8733,5177.166
21,445.8602,1513.6508
21,16364.531,13491.716
21,15111.812,1219.899
21,2591.0483,15258.663
21,14798.003,18512.18
21,16163.499,7949.201
21,14848.893,8712.585
21,1794.114,5854.7954
21,13608.333,1576.6918
21,17936.318,9495.574
21,10336.021,8272.763
21,18398.479,1489.588
21,8179.9976,272.88284
21,4053.3232,11833.962
21,17327.344,3855.9219
21,10371.682,13739.44
21,4087.2444,4562.6245
21,868.9293,19494.566
21,453.45792,17532.914
21,7310.801,12453.253
21,18078.908,17129.191
21,1508.7734,6784.5996
21,1006.4043,1933.2415
21,18614.309,1304.9669
21,12749.757,17206.299
21,943.15155,10771.677
21,16410.236,3755.3206
21,15986.373,8372.579
21,15725.831,19972.465
21,3963.3704,4209.433
21,959.91986,2279.6958
21,13558.146,2504.9507
21,8657.068,13139.381
21,14837.184,1167.5255
21,14505.968,14071.375
21,7917.097,3274.9219
21,18295.76,13505.505
21,15008.664,7615.403
21,5158.152,2260.1978
21,8651.65,19746.842
21,9517.176,8765.395
21,6403.182,9449.966
21,18548.576,5522.295
21,18598.842,15581.688
21,16727.41,12212.875
21,16522.307,7755.882
21,16506.836,1022.82025
21,13039.022,2076.7883
21,15261.738,12522.691
21,12411.235,11124.212
21,10710.418,11052.953
21,14320.64,9601.568
21,19279.154,11871.73
21,3391.2405,5861.059
21,10556.796,4446.6035
21,13319.05,18941.793
21,16133.776,5485.401
21,7657.585,10287.991
21,7343.383,3255.726
21,7958.897,3162.1404
21,5620.4126,14134.499
21,7482.815,7290.838
21,9331.234,11772.605
21,6769.6973,1344.5214
21,14574.152,6506.793
21,8147.112,7905.432
21,10868.379,9461.594
21,7343.562,2788.9849
21,9666.833,1278.7856
21,1266.0107,14447.444
21,18685.064,1111.8827
21,6433.9194,14977.135
21,18461.01,10816.573
21,13828.621,17516.389
21,4283.6714,5489.1533
21,3624.0515,9690.345
21,4356.599,1405.1083
21,13574.446,9124.628
21,19743.732,188.1514
21,18751.316,9942.525
21,4479.892,6385.72
21,5030.567,7687.0376
21,4207.7827,4506.962
21,1368.2433,7177.078
21,2290.4998,17056.725
21,424.8888,2344.321
21,9849.281,6765.714
21,6188.759,14135.867
21,14504.081,13662.882
21,14208.883,10141.418
21,12152.132,4606.2676
21,13933.241,19149.264
21,17815.11,4203.5806
21,1931.0813,11608.425
21,12891.394,18218.941
21,11525.895,430.1357
21,10756.567,9783.011
21,14673.821,4895.821
21,17083.576,19885.94
21,10198.605,12960.83
21,7488.209,17708.658
21,18852.025,7670.4805
21,19777.283,7529.842
21,16501.959,8182.1855
21,1200.8112,4942.114
21,14194.194,3894.598
21,7977.7886,17326.674
21,14346.222,12715.771
21,12063.689,16902.701
21,14649.196,1072.7935
21,12034.74,14979.886
21,5406.688,11477.493
21,11355.8,17472.238
21,16538.023,3719.2156
21,11730.774,5587.4307
21,15037.719,18564.92
21,6308.4116,9590.603
21,6519.167,19377.598
21,19190.215,4430.937
21,1470.5546,13656.757
21,1797.1787,13032.574
21,14770.296,2857.1033
21,9890.023,2120.6938
21,8960.508,5798.785
21,1349.1259,11799.616
21,2940.3132,18917.838
21,5717.9424,6347.443
21,13832.541,18135.588
21,5261.365,11649.064
21,14159.171,14627.099
21,2419.8818,9116.993
21,15597.645,13515.36
21,15647.798,16937.594
21,9994.355,5165.8843
21,17011.549,17310.643
21,4474.1733,10280.742
21,8369.761,8875.202
21,9609.128,13108.387
21,16217.413,525.76105
21,13528.624,14369.029
21,19174.324,203.8202
21,1662.1842,4955.7856
22,10000.0,10000.0
22,17304.34,5712.701
22,16161.452,13789.885
22,7040.426,1548.5874
22,2759.0916,357.00684
22,6383.12,8974.832
22,7816.393,15212.213
22,8800.611,14635.326
22,16776.244,11202.507
22,9895.1,890.96094
22,1950.1481,7294.1924
22,2291.491,4337.889
22,16760.664,18558.494
22,8349.331,10480.892
22,3012.392,14870.551
22,12224.647,5244.3867
22,19391.207,17827.223
22,890.4455,19152.889
22,8856.194,17382.035
22,6098.172,15904.867
22,2278.8062,17070.959
22,19271.578,6351.041
22,14383.421,9357.666
22,2738.8079,7393.3213
22,11278.136,1461.2046
22,19558.908,12664.081
22,18125.91,15294.278
22,11736.433,18986.969
22,8034.224,19324.5
22,5238.7544,17086.812
22,14686.076,1983.2186
22,11353.92,4949.606
22,9566.666,13673.744
22,9324.62,4092.167
22,18832.611,10479.368
22,3560.3872,6998.666
22,17993.951,6110.737
22,8004.525,1520.6873
22,5949.275,294.7168
22,12516.967,4812.022
22,6569.1733,12942.973
22,14485.385,12686.83
22,1335.1882,7816.267
22,633.0836,7630.3867
22,341.2612,16627.48
22,8926.034,18514.498
22,6580.4805,16320.112
22,14016.471,15076.842
22,12949.237,562.6823
22,10519.34,4340.56
22,9715.315,7429.269
22,15518.843,13873.341
22,3071.535,17021.229
22,10631.098,4028.071
22,5039.6104,8777.949
22,4205.4897,12975.961
22,18290.703,17908.357
22,16208.213,4408.663
22,7208.258,12111.264
22,19990.24,14650.958
22,11356.359,10599.19
22,19029.059,19874.166
22,6195.492,15597.089
22,11475.249,10417.215
22,12790.462,19142.63
22,13268.432,6766.393
22,16912.87,6874.322
22,16699.975,9822.607
22,3024.2236,7130.0454
22,12524.119,10352.881
22,3524.7786,7869.3467
22,5683.106,12990.009
22,1290.2411,19245.564
22,17975.494,4778.6885
22,7481.901,10448.651
22,2463.234,1741.5428
22,12196.382,8696.956
22,7450.3965,2318.4922
22,12010.099,3928.4575
22,8791.076,8126.734
22,17945.463,16598.375
22,14835.878,13300.739
22,11503.871,13129.384
22,15196.431,2184.635
22,963.8473,10536.093
22,8288.433,19785.02
22,15092.381,12300.184
22,4477.529,3915.7817
22,2919.6602,10921.987
22,6541.1807,7153.186
22,1607.8038,13352.657
22,14950.259,6999.3477
22,13204.428,2581.7656
22,2265.393,17419.137
22,10880.816,6788.9653
22,8424.251,2889.9517
22,18658.496,1561.687
22,18870.533,11316.316
22,9197.845,18758.217
22,12212.108,16638.209
22,1425.2881,6883.903
22,11364.924,3129.0234
22,12217.867,7322.777
22,5631.1587,2320.5747
22,16348.626,1727.7466
22,4952.214,5570.9863
22,1276.2423,6039.9644
22,851.57526,3870.7961
22,16495.94,14877.589
22,10984.075,741.21185
22,5102.5513,13629.724
22,18390.686,2972.1086
22,4072.916,10556.586
22,11835.74,9113.111
22,1925.4735,14878.236
22,5428.2324,2843.253
22,18543.96,4574.0703
22,11366.21,12584.423
22,8939.394,5230.785
22,15248.718,1758.6443
22,8989.431,5951.6904
22,12895.987,768.5692
22,12800.445,1998.8538
22,13924.872,6289.452
22,18692.201,11017.151
22,10637.513,18939.822
22,11678.485,16894.807
22,6611.572,11112.223
22,4302.419,19224.791
22,18419.21,7262.502
22,62.76772,4002.4265
22,13763.387,9646.305
22,4657.686,10418.847
22,19733.172,4015.7473
22,13168.734,4048.5369
22,12395.434,8309.117
22,17724.607,10430.599
22,15600.045,17591.363
22,11025.538,13800.8
22,16701.094,413.30328
22,19320.488,4740.8916
22,860.5354,4238.363
22,10685.855,4829.025
22,14551.21,12101.942
22,4819.1523,14822.638
22,1145.2649,6887.4033
22,16336.05,16547.225
22,15504.351,5833.2334
22,2863.4905,5575.478
22,4504.4727,16226.099
22,16918.992,3795.839
22,15431.207,797.1974
22,4494.392,6425.769
22,8752.655,7985.8354
22,16545.27,16318.029
22,9693.82,6486.4
22,13296.236,13386.471
22,4089.3662,12115.839
22,8436.187,5938.684
22,8820.182,2759.3933
22,10694.817,17859.777
22,3679.1013,4313.7466
22,16669.996,4831.796
22,15590.088,15584.855
22,4040.102,11216.0205
22,5938.6567,19807.117
22,10359.227,14286.263
22,12769.614,3031.6199
22,10149.304,7288.196
22,10936.807,5836.5957
22,17172.967,13333.753
22,1447.2179,3494.8118
22,16797.502,1086.602
22,4560.1646,17537.295
22,13970.331,8524.918
22,10946.885,7660.3276
22,8109.555,19284.893
22,7214.466,16481.277
22,3261.595,18461.215
22,3194.1245,8791.928
22,12447.8545,1398.0695
22,15049.287,18125.332
22,4924.3584,15219.491
22,7084.422,2294.1223
22,17896.045,18678.1
22,13128.01,567.9694
22,1401.365,1873.9968
22,2362.6465,8761.948
22,10719.736,8846.342
22,17641.834,17795.703
22,2015.1355,7985.524
22,13299.335,18486.865
22,992.3825,3695.2122
22,5694.931,18634.271
22,16493.975,1269.7327
22,16162.164,19098.533
22,14128.905,17751.9
22,800.9199,4084.1858
22,1676.9976,4707.533
22,2385.5369,19987.088
22,12603.415,19542.256
23,10000.0,10000.0
23,13317.795,144.52826
23,5220.27,11190.009
23,7794.633,13619.465
23,17094.416,17974.584
23,16869.527,16651.486
23,9719.241,16862.822
23,13243.458,8252.232
23,7634.0083,17165.033
23,7245.6353,9993.491
23,4729.419,1753.8226
23,10974.777,8407.726
23,10789.931,6340.3096
23,16092.545,4856.3135
23,8860.602,10542.23
23,4913.0396,11419.18
23,6727.623,13583.182
23,17991.139,12349.735
23,3917.4526,4870.708
23,17817.74,19819.416
23,8390.209,8708.493
23,13121.603,16044.149
23,10424.601,13285.942
23,15053.2295,14214.09
23,11329.921,12805.974
23,2394.6763,5711.5845
23,5748.637,12509.021
23,5001.1533,16309.105
23,12938.198,6889.487
23,16221.935,16113.388
23,6676.4736,2216.731
23,17287.041,17667.33
23,6107.643,10090.743
23,17358.916,1542.505
23,8623.403,552.8043
23,11205.968,10844.183
23,13052.833,16416.982
23,11641.507,15327.95
23,5888.8296,8940.09
23,16301.076,9926.605
23,14111.55,5675.466
23,3012.202,2747.066
23,12491.67,12366.861
23,5237.7505,11165.681
23,3647.594,3311.3115
23,11890.048,3998.2515
23,15566.885,5477.686
23,19610.0,8705.828
23,15382.874,17225.65
23,15055.712,10132.062
23,16566.268,8135.116
23,4322.268,15001.818
23,5955.631,13150.63
23,12817.576,19112.098
23,9699.919,10123.8
23,7066.6104,5235.3623
23,3999.7334,14353.239
23,3530.7424,3089.4229
23,7989.4614,4970.3345
23,8816.844,14260.979
23,14499.259,10245.762
23,19295.307,4900.735
23,7996.0146,19311.338
23,11384.525,7530.0283
23,6834.7144,8350.064
23,19978.338,13779.017
23,12035.515,11408.6875
23,5905.7114,18500.266
23,11938.329,16340.222
23,13377.499,14639.98
23,6524.275,12591.268
23,14432.685,18291.562
23,4340.591,18422.945
23,5578.762,3025.286
23,1293.3143,59.89359
23,7332.3037,19523.135
23,1466.1283,10763.064
23,18177.25,17267.084
23,1659.0192,10868.416
23,4694.2554,18093.45
23,3172.7566,16860.742
23,18811.432,7681.9155
23,4192.996,10038.882
23,9445.232,7130.5674
23,14759.263,1829.7343
23,12512.46,14309.842
23,7282.63,7983.094
23,10861.851,1364.0355
23,18881.916,13433.39
23,6560.742,6935.9277
23,17949.86,7212.3306
23,15448.06,13594.034
23,17614.799,1184.7993
23,4657.4814,16407.605
23,8743.926,3016.0818
23,14456.699,1266.1233
23,9152.889,9372.08
23,12662.432,3214.6453
23,15557.349,7394.344
23,3037.5237,4570.9966
23,12994.221,12219.057
23,6223.0015,2832.7485
23,97.062004,10537.764
23,932.85614,13114.772
23,7828.6616,230.56645
23,11149.995,3191.2043
23,12785.224,12412.539
23,19633.732,2159.146
23,14278.928,11106.091
23,980.79474,11376.445
23,16980.477,123.89789
23,19185.549,11736.772
23,7509.9673,8773.935
23,2422.2883,2906.821
23,3768.986,2136.694
23,19360.793,5774.851
23,8720.114,7367.4824
23,626.7093,11527.163
23,18905.74,2860.5845
23,11379.177,13957.952
23,14172.112,3931.087
23,13392.726,16242.043
23,13316.013,11767.875
23,12370.706,312.49338
23,12663.83,265.76532
23,2569.784,2992.9727
23,471.41998,3498.9558
23,10008.868,1458.0718
23,13147.12,4525.4736
23,13627.776,10464.026
23,1947.8866,13208.146
23,12380.961,1477.1061
23,6724.1646,11702.517
23,12336.049,6644.9
23,15079.938,8401.256
23,19553.994,759.11804
23,19442.197,12467.634
23,4908.493,10346.946
23,9079.711,15485.8
23,10213.064,19050.742
23,4741.0483,4171.4224
23,1633.8921,8707.4795
23,7975.301,16838.205
23,14885.332,18940.057
23,15186.011,8335.21
23,5700.4536,17852.592
23,12512.908,2193.4639
23,16762.4,6802.943
23,17102.7,8743.813
23,12927.733,13802.884
23,6831.783,6834.059
23,6872.859,6048.7026
23,5612.701,5212.27
23,9014.164,2524.9666
23,3545.1108,10901.248
23,3510.1897,8746.065
23,16857.885,10586.767
23,14762.945,8496.265
23,9630.58,15502.498
23,7367.6094,5739.212
23,7621.1094,6241.5312
23,11258.816,18855.99
23,5282.138,11636.426
23,8108.6733,14393.497
23,18090.117,4937.489
23,16102.78,19622.152
23,11195.868,19797.002
23,14664.6045,13111.55
23,5037.508,3700.917
23,3099.9685,14726.07
23,14475.969,2723.8506
23,14278.995,13365.31
23,15998.578,9176.297
23,2245.7703,1548.4874
23,8317.674,2676.5479
23,13923.786,10754.867
23,2972.3845,6722.1084
23,9667.235,4433.5127
23,17969.71,9993.109
24,10000.0,10000.0
24,12643.1875,11549.678
24,16049.857,19866.346
24,15750.124,12505.292
24,3323.396,15590.559
24,16718.254,6348.201
24,2587.9487,3531.1543
24,6793.89,11381.248
24,4156.5957,19780.46
24,11278.151,4797.6455
24,6371.95,3114.0132
24,8072.1626,4489.4297
24,11699.377,17347.178
24,4942.248,1106.3452
24,18896.064,14924.402
24,13378.051,4015.5383
24,15698.71,14529.273
24,5470.087,3805.457
24,6008.8936,12682.251
24,2752.379,3086.8545
24,8674.862,11475.1
24,17705.95,9494.377
24,16290.98,19536.754
24,1395.6196,312.99466
24,3436.568,15203.868
24,16138.084,7504.7266
24,424.39145,5221.465
24,11783.402,19106.965
24,6937.084,5756.967
24,17602.924,15648.264
24,275.12613,12109.396
24,9324.132,8722.117
24,1911.6923,11061.221
24,9243.58,13371.159
24,9304.6,3611.1665
24,8076.1714,17855.156
24,18791.186,12737.487
24,15187.715,3725.1404
24,10350.943,11106.011
24,12066.246,14903.236
24,7042.416,5713.519
24,19938.273,6128.7095
24,17629.783,3460.3477
24,1634.8562,12860.507
24,10461.937,2979.638
24,15500.39,7710.8755
24,2490.2852,9669.383
24,6403.8257,6058.401
24,13384.849,9909.458
24,1168.8787,18723.615
24,9924.884,17612.832
24,18263.842,16337.81
24,14689.855,4581.007
24,18974.984,5925.2773
24,15402.311,11497.948
24,12460.1,6771.1763
24,13159.898,12636.689
24,17897.54,15846.907
24,2265.2056,18491.193
24,1609.8524,15229.973
24,7892.653,310.61496
24,14977.056,12775.417
24,16875.98,11084.353
24,7863.6914,15150.1455
24,8176.4683,13846.879
24,14680.587,7897.0146
24,16743.746,1015.7237
24,820.2411,14050.975
24,1891.7942,16287.041
24,15702.636,23.905245
24,3008.6042,12229.681
24,13930.777,6395.9683
24,13846.393,5678.884
24,3918.4016,9137.834
24,19678.615,4936.179
24,9210.69,19760.46
24,19952.129,7195.3213
24,19914.822,13202.469
24,16134.266,1334.5664
24,13047.845,15363.026
24,7427.9907,10770.805
24,19694.604,19451.959
24,6633.3496,6006.921
24,8293.823,9579.137
24,10543.104,1801.2622
24,3814.7668,13940.68
24,15892.56,10570.028
24,3950.8638,552.8399
24,6815.511,6873.0454
24,13711.942,15532.999
24,16242.019,8578.896
24,14573.273,2975.4316
24,9825.494,5274.1943
24,6069.1304,2406.2192
24,15829.431,3286.1804
24,5627.131,19218.59
24,4532.8203,11202.901
24,8906.843,9608.405
24,17970.0,17009.834
24,11637.766,14832.823
24,17104.574,10413.013
24,8243.976,8222.026
24,11883.786,15823.829
24,10622.156,11632.786
24,2590.0708,5435.1743
24,7957.043,2644.5542
24,15004.734,7251.1323
24,820.8893,5329.812
24,1374.4067,10472.672
24,13608.693,11731.141
24,16229.6045,19778.164
24,12924.915,3925.8582
24,18011.277,6891.0273
24,9014.053,2684.121
24,1062.2913,12190.058
24,11504.639,11168.794
24,10915.527,3910.219
24,18107.736,8898.264
24,147.07706,19761.146
24,11586.295,15209.313
24,17062.84,17988.865
24,16209.506,3567.7183
24,3500.968,2928.7737
24,5094.372,3559.0312
24,8364.94,12044.212
24,13003.441,10767.996
24,9584.995,11199.156
24,13163.465,3263.3015
24,10498.768,3314.1658
24,12964.625,9107.141
24,1103.3337,14064.762
24,15991.383,19422.184
24,8117.3237,14678.505
24,13407.918,12214.267
24,11080.662,13455.818
24,12005.509,12071.168
24,5881.972,12016.188
24,18851.129,16646.316
24,13648.985,19024.607
24,18343.35,16504.836
24,15050.233,752.07794
24,15261.944,3519.2795
24,14606.623,3214.0662
24,10460.89,14713.189
24,9511.666,2650.0847
24,620.184,11996.938
24,16376.234,9138.004
24,5693.2637,7296.226
24,9436.589,18686.418
24,4170.1064,14891.565
24,5016.044,7983.735
24,1718.1615,5527.751
24,1350.6686,2023.8649
24,11632.766,16430.986
24,7843.008,19133.488
24,4937.542,4409.743
24,7165.88,5082.1323
24,16682.195,10636.105
24,18926.826,9062.222
24,11204.177,4690.255
24,15031.618,16900.375
24,19785.086,8130.8657
24,14330.377,4512.7056
24,17297.023,16314.377
24,2494.7122,2811.187
24,16728.016,2683.137
24,3526.3638,16287.227
24,3126.3044,8861.839
24,5048.7827,8523.491
24,16469.873,15363.208
24,2580.9763,1802.3336
24,4959.8945,1531.8776
24,5434.3516,18050.885
24,4534.9346,18555.729
24,6565.2812,7666.6753
24,14759.181,12478.578
24,7286.134,14991.433
24,6882.955,19687.137
24,9461.449,18931.027
24,14609.455,14334.338
24,4129.6655,19658.62
24,590.41565,17760.766
24,10487.8,2157.128
24,492.15073,5500.5107
24,11403.447,7285.1924
24,1623.4263,19055.246
24,2003.4554,18115.672
24,13910.368,5964.5117
24,4932.616,8812.393
24,15857.796,18221.314
24,4668.239,8970.629
24,12205.149,13702.263
24,13308.357,6523.8438
24,1103.4615,18626.39
24,4658.152,12196.225
24,8806.278,7110.6064
24,5061.827,9490.6455
24,19004.889,2865.807
24,15157.917,19230.78
24,5796.6934,12145.25
24,18208.766,9144.665
24,9213.377,4014.7698
25,10000.0,10000.0
25,18172.115,1028.5798
25,7046.164,9968.212
25,11951.229,3983.4607
25,16403.486,7264.1675
25,14093.354,12113.589
25,3876.881,398.27734
25,17014.617,15182.573
25,9513.968,1512.3793
25,1533.0979,5446.048
25,10515.666,11066.248
25,3181.7893,19416.08
25,5435.1997,8921.229
25,4062.6199,14218.6875
25,1554.7478,3940.7249
25,15515.12,13090.051
25,12629.678,125.6976
25,13202.702,5067.0635
25,10047.688,16466.873
25,1990.7261,7204.4507
25,5826.433,4474.197
25,8835.64,14711.261
25,2320.7573,1657.3492
25,14589.246,8351.547
25,12799.692,1751.2759
25,17655.83,15830.559
25,9997.094,14236.458
25,291.07455,7764.685
25,19890.588,12960.057
25,10497.324,13177.316
25,16482.197,9528.698
25,4773.5254,18157.43
25,18550.117,1453.4102
25,7136.574,18686.691
25,2269.2957,9749.737
25,9006.456,2933.6792
25,2335.4731,19899.932
25,11999.574,3739.2793
25,8947.445,14051.269
25,7702.3374,17100.889
25,7909.417,3049.1077
25,2212.0054,8773.234
25,6964.6826,1021.4327
25,1746.8066,15321.346
25,13292.732,5124.284
25,15405.265,17063.062
25,16068.222,11219.3
25,11143.26,14335.255
25,9835.067,1615.4702
25,15379.318,19071.854
25,4900.8096,11862.133
25,7422.2163,7104.448
25,1861.4534,16904.041
25,14686.814,5732.6025
25,2143.7168,11203.145
25,11124.551,13316.115
25,10200.005,9742.723
25,17701.11,201.56133
25,17807.96,7870.7896
25,10896.784,12083.932
25,16099.621,18968.844
25,17687.236,2592.3694
25,1397.8934,19598.34
25,5224.035,9727.801
25,18289.004,16022.766
25,19667.535,12597.592
25,19698.607,3170.049
25,6815.9253,17596.541
25,6020.474,4603.3613
25,17678.41,16637.955
25,8967.575,1910.8358
25,16851.432,15765.986
25,12813.768,9092.804
25,8529.179,11811.49
25,11425.826,13628.921
25,8680.073,709.75244
25,10836.666,13486.471
25,3200.0571,14318.392
25,8803.1,10888.836
25,15988.925,16197.304
25,16953.318,18134.025
25,8974.589,5730.249
25,14999.879,16858.492
25,10354.582,847.4451
25,14231.704,7147.2354
25,19740.637,16682.98
25,2738.5059,5284.093
25,16389.445,1356.306
25,1623.0077,17780.898
25,742.3426,10320.9
25,17380.746,516.76184
25,1237.7815,15922.458
25,5761.357,18219.8
25,9968.401,5977.31
25,3023.834,11193.636
25,1423.3519,1527.0282
25,466.69073,8141.056
25,8379.372,14481.786
25,16987.182,8707.01
25,15930.542,7425.711
25,5669.115,54.13934
25,6095.1343,15341.171
25,12283.116,6501.3877
25,5972.613,13648.631
25,18075.271,2731.7358
25,7158.219,16874.684
25,4454.249,15166.631
25,4800.355,13073.343
25,18666.594,6.6311746
25,18182.44,15259.705
25,728.6061,5504.118
25,8774.421,2442.1582
25,18546.283,13092.311
25,2420.5151,2547.6873
25,5854.128,3819.9807
25,15895.818,595.14764
25,13959.232,10082.308
25,18263.107,13293.043
25,11894.763,14872.098
25,19046.99,12591.784
25,10241.254,16916.383
25,6376.503,9175.987
25,18527.398,7790.183
25,3800.5645,18613.379
25,17190.385,12567.111
25,8738.706,5680.65
25,837.71716,7756.047
25,17705.08,17413.99
25,18284.799,11472.665
25,12679.265,17060.49
25,14495.273,10622.257
25,19423.182,9480.301
25,4209.2773,14672.111
25,5489.4126,17419.06
25,16049.129,12280.83
25,13923.665,6464.63
25,1132.563,12810.291
25,14100.873,3356.7786
25,9119.971,18993.973
25,11180.791,4014.547
25,4585.032,2461.6326
25,8885.8125,3655.5625
25,4693.0625,7439.2476
25,4261.9697,11654.132
25,5874.9316,13769.171
25,11775.86,16116.314
25,12390.166,8873.321
25,4572.2734,2377.7666
25,10436.327,14159.687
25,15971.939,912.5122
25,10847.348,13118.671
25,14331.11,17591.932
25,5836.069,874.2985
25,1252.0732,11697.454
25,18085.951,1880.9828
25,6574.018,6377.239
25,5850.8833,16751.709
25,17595.344,10256.484
25,7127.8022,17547.105
25,7731.0317,11815.408
25,9331.027,11100.142
25,19292.8,11096.11
25,15931.498,13669.145
25,11959.307,11886.339
25,10282.183,7274.8154
25,18349.883,17821.625
25,1054.3544,15207.36
25,11325.073,3308.8057
25,12768.361,1525.6161
25,2818.7632,141.97658
25,13446.745,7664.893
25,16560.39,5478.228
25,8512.22,14553.095
25,13321.797,15572.024
25,7293.2593,16128.473
25,19623.006,9965.471
25,18666.434,1771.4906
25,3244.4702,1997.757
25,17881.406,9795.49
25,2491.3005,16797.316
25,13207.977,2182.1133
25,18329.797,1504.5555
25,11607.841,16078.783
25,6985.138,16141.463
25,16560.479,11766.961
25,3221.9402,1119.4321
25,10963.027,13600.858
25,17237.533,19523.3
25,185.64713,880.45123
25,2758.815,13445.725
25,11963.854,17662.328
25,13561.948,8633.967
26,10000.0,10000.0
26,6542.3843,902.6483
26,1620.8586,8790.642
26,4994.1924,7730.9473
26,12371.358,4454.769
26,15973.18,16510.271
26,1589.0698,15957.213
26,10312.023,17991.365
26,13160.171,2410.734
26,10545.364,15779.607
26,4406.5815,5601.476
26,16390.678,13373.101
26,6363.568,9558.782
26,2243.0989,18434.799
26,18355.129,88.44449
26,10475.696,1891.7571
26,18708.71,7896.169
26,19731.996,17033.111
26,3781.1038,11691.447
26,12933.437,8731.467
26,1478.2804,5831.025
26,9921.024,9269.958
26,11585.943,6443.4106
26,10583.156,5399.784
26,18481.28,17952.342
26,16521.113,15843.029
26,10217.865,1275.3527
26,11401.285,14303.675
26,13952.097,5359.059
26,13615.917,4900.8022
26,7085.158,6902.8286
26,18691.44,11254.535
26,13365.609,7401.222
26,12404.088,9592.826
26,2180.5085,3950.5593
26,15920.427,19703.295
26,15936.343,15084.0
26,15993.73,5325.99
26,13314.425,15816.573
26,5140.3804,15178.099
26,5036.678,4735.356
26,16365.24,4007.2168
26,5427.9717,13246.991
26,13905.439,7188.13
26,12205.065,10687.048
26,182.56668,5990.4507
26,264.7305,135.82207
26,17723.26,4821.5522
26,17309.127,1996.0267
26,3092.6301,5031.4478
26,6298.581,17862.982
26,11265.424,2073.8708
26,18773.26,11104.002
26,17563.834,1194.3079
26,5310.791,599.4353
26,13130.084,16271.7295
26,15334.345,288.83234
26,10986.365,14314.996
26,19232.74,7532.045
26,14257.648,16037.075
26,14405.619,9863.175
26,994.95044,1761.55
26,481.00934,13160.57
26,9178.132,12812.166
26,6618.4355,18593.48
26,6210.9893,12753.264
26,14901.672,3752.6047
26,19671.27,3355.2163
26,3448.3376,14675.78
26,9652.469,220.25673
26,10076.214,17532.17
26,9243.807,7234.3174
26,10183.835,2062.025
26,14496.536,18475.18
26,4832.332,12463.813
26,16572.912,6282.8154
26,11537.567,1182.561
26,5240.1504,1146.111
26,3235.9487,19091.102
26,1789.7556,12403.676
26,3281.4163,2802.4968
26,3649.7012,10433.14
26,9551.687,15689.558
26,16096.99,12168.081
26,13817.947,16698.418
26,16598.668,5970.953
26,1813.4205,15381.92
26,8203.29,3749.3545
26,6670.4873,5397.465
26,6105.649,2796.1392
26,15861.868,3146.0205
26,7681.175,17757.684
26,17384.783,8334.261
26,19375.652,10438.164
26,7385.1133,12424.381
26,8566.601,2583.9417
26,9396.667,2415.0288
26,15452.283,17588.227
26,15375.753,14301.956
26,18377.982,7416.9893
26,9019.413,8158.5015
26,5849.168,2398.9585
26,11290.872,3900.635
26,3513.2517,7072.222
26,5868.498,19555.297
26,10174.828,17260.479
26,19777.258,623.93414
26,15685.884,16228.388
26,2798.4944,18052.6
26,14446.139,16890.422
26,14101.392,8038.695
26,12870.95,7041.3726
26,18681.742,17445.994
26,3028.2937,12201.56
26,14347.725,5668.6904
26,9740.075,9639.661
26,7188.227,15290.654
26,13237.188,15618.099
26,17690.992,10267.497
26,13024.7295,4351.8057
26,16575.54,2962.6704
26,5139.5273,1421.4592
26,642.46545,14313.455
26,14616.771,7651.508
26,12552.258,14234.473
26,9853.362,4594.595
26,19818.588,5693.3477
26,5992.259,11740.775
26,12754.862,16036.824
26,16150.187,17854.967
26,12434.661,15509.666
26,12077.471,6257.145
26,4079.3271,10072.794
26,7916.476,5307.672
26,1637.6658,6156.5503
26,11406.108,7462.846
26,4350.8125,15779.16
26,8451.255,11346.414
26,19491.223,3056.97
26,11656.565,5592.4424
26,14392.936,3413.5837
26,12362.301,10007.354
26,1349.8138,6591.071
26,15903.789,15626.03
26,14481.41,11683.416
26,5879.8345,1367.6395
26,11571.919,17351.955
26,10246.844,15007.115
26,16773.584,7772.243
26,11568.807,9815.798
26,9821.8,8566.289
26,8883.569,13701.297
26,14912.805,8683.2
26,16177.784,4838.619
26,5473.8193,17619.635
26,9929.688,13098.649
26,5574.0825,2649.0435
26,17130.46,16395.959
26,5292.714,18047.076
26,16612.312,13371.648
26,19804.549,14699.017
26,12108.567,6509.3374
26,11523.166,17845.559
26,14190.428,3912.3403
26,14622.427,6631.6436
26,12468.126,19254.809
26,9365.593,11812.334
26,15943.7,1417.4336
26,11991.6045,14379.27
26,13576.592,14399.297
26,882.365,19345.992
26,3323.9355,17194.21
26,9727.302,1734.6295
26,16415.94,14690.705
26,5116.7803,11055.507
26,11102.155,17419.646
26,16035.945,14128.711
26,16143.563,12021.7295
26,9371.699,14433.47
26,5502.509,7173.5693
26,10091.255,17149.795
26,3978.5867,3968.8472
26,7202.627,6194.099
26,16933.861,13796.056
26,5634.139,1672.541
27,10000.0,10000.0
27,17986.379,7631.813
27,1764.7556,15726.286
27,2845.0903,4679.5625
27,13514.97,2651.1914
27,18955.2,6272.2603
27,3089.2102,17727.904
27,16775.885,7686.843
27,7906.1113,5471.232
27,553.46173,3650.879
27,12982.847,19752.535
27,18508.852,5960.4395
27,7440.2383,16560.787
27,9951.564,19408.34
27,12218.935,1220.2349
27,19759.197,2285.155
27,14165.53,104.882324
27,357.82666,15910.388
27,14993.066,13591.348
27,18334.096,354.95523
27,1206.9962,7132.917
27,18994.727,18806.553
27,19279.873,10801.198
27,13370.803,14963.497
27,9537.896,34.418934
27,13862.918,14404.725
27,9846.633,5292.7583
27,50.253693,19614.03
27,16222.708,11953.326
27,13024.501,10961.582
27,6875.71,7246.8965
27,13841.359,6124.211
27,5284.066,15558.9
27,13743.779,3984.148
27,2592.8853,6473.059
27,9921.434,10945.501
27,15760.607,11844.956
27,7499.6895,17693.121
27,2002.1425,17560.969
27,105.56011,15384.024
27,15066.523,1353.4125
27,7307.606,8148.0366
27,16795.758,14644.473
27,18532.785,17866.248
27,9883.074,7044.6553
27,2160.9463,7951.311
27,17724.701,4395.3438
27,6351.21,19332.65
27,649.2655,262.45465
27,9803.351,5690.9873
27,12823.712,14198.985
27,12656.142,12535.47
27,17962.648,2440.591
27,10537.182,9034.266
27,14023.569,6917.0996
27,18360.129,6032.333
27,4630.527,804.874
27,16526.453,13566.555
27,16417.246,13370.432
27,6448.6987,14207.971
27,10437.526,14364.254
27,490.86676,6720.529
27,4572.2007,14869.569
27,6696.9175,12330.462
27,4355.4526,8714.555
27,19759.38,8820.033
27,8950.323,8638.115
27,4449.6807,548.2415
27,2463.5344,2638.8486
27,12574.908,15654.957
27,9316.911,14826.614
27,3228.4807,9922.385
27,19499.02,19652.488
27,15272.743,10271.101
27,3029.1394,17726.084
27,209.25858,10053.161
27,11967.148,10183.208
27,12665.333,18710.36
27,14200.293,6385.8213
27,15161.835,19155.111
27,12749.541,15019.7705
27,15774.123,15798.328
27,9995.167,13126.344
27,17529.176,3654.5535
27,19675.428,12205.018
27,9893.435,17458.664
27,12062.421,10160.461
27,7352.92,4090.4219
27,13162.11,12880.503
27,6178.834,7336.0913
27,6311.316,18380.44
27,6021.38,3972.7275
27,16121.018,11628.126
27,16876.9,16766.656
27,12776.216,5.656961
27,9429.475,17069.773
27,535.67444,16109.315
27,3010.0132,4410.722
27,5547.846,18639.074
27,249.85245,16422.54
27,4649.1787,13063.799
27,11469.363,8855.248
27,14459.218,17407.264
27,2332.046,18537.975
27,18513.49,11254.0625
27,3826.918,6339.435
27,8276.888,4676.997
27,1425.8483,1597.9489
27,14533.865,2749.2817
27,11549.398,1577.8438
27,16463.672,13000.2
27,7304.2153,12919.524
27,8084.6704,16615.47
27,11680.36,1051.768
27,8505.455,19292.58
27,12170.797,2661.5984
27,18288.285,11274.833
27,18522.656,189.4313
27,9854.606,15726.613
27,1931.5504,1661.3965
27,17018.738,1150.0122
27,12975.087,7826.32
27,12815.322,13438.307
27,11441.131,7816.709
27,17635.396,7203.6123
27,4235.4824,11424.986
27,4538.994,8914.479
27,19554.049,15054.623
27,11854.234,14027.906
27,16847.764,16512.352
27,5972.62,8999.616
27,8431.485,16340.731
27,12028.278,573.4866
27,4576.1123,12528.268
27,11738.707,19206.049
27,7966.573,784.05334
27,6150.433,12903.78
27,17325.121,2355.2844
27,7315.145,1387.9943
27,14061.1,3753.078
27,17652.484,16268.624
27,12659.924,19195.104
27,10025.166,18631.627
27,16879.18,16465.016
27,318.79153,18094.56
27,16469.656,17021.44
27,15239.862,12491.153
27,1411.5638,18322.963
27,11508.418,19370.47
27,13715.514,10448.022
27,17077.4,11365.165
27,18751.664,9947.711
27,17658.049,17128.938
27,10167.545,3641.08
27,7197.6597,13123.731
27,972.4352,2984.8638
27,6358.6133,16248.001
27,11716.932,15267.232
27,5762.5063,7018.62
27,10137.015,10886.784
27,9335.19,8749.467
27,9375.321,8099.8857
27,9857.896,8508.927
27,14657.345,8681.939
27,12631.146,16114.618
27,10629.491,9374.259
27,2681.106,2543.069
27,12330.578,5227.9814
27,8276.302,19719.396
27,2157.5925,14928.007
27,1765.5756,642.1129
27,10957.937,7089.085
27,10331.965,11847.406
27,18401.865,2741.312
27,6011.1025,2479.563
27,5675.3784,18482.465
27,14641.972,11281.356
27,16257.547,3522.5442
27,18621.281,9649.399
27,8136.822,14263.601
27,19353.31,5756.162
27,14428.477,11470.07
27,9424.348,46.542988
27,7916.052,7775.0312
27,19509.494,3910.5276
27,4685.7954,898.8152
27,8098.996,19353.994
27,7515.3394,17156.484
27,2140.4092,7820.4
27,9406.4795,4179.897
27,1502.9376,16831.957
27,5694.941,6743.6953
27,13062.6875,1048.4075
27,4791.771,2231.33
27,15504.043,6435.89
27,9874.463,10962.176
27,18818.742,9259.36
27,13856.397,7463.4785
27,10874.702,5666.4966
27,12974.144,13854.556
27,100.353,17040.41
27,13014.962,16209.538
27,9833.175,13037.684
28,10000.0,10000.0
28,14985.927,9077.827
28,15282.883,1579.099
28,699.7205,3651.1633
28,11964.177,14651.734
28,18348.783,15388.915
28,16384.113,8602.055
28,10316.06,2910.9111
28,17803.24,3689.1157
28,496.04874,1861.7825
28,4902.428,15672.341
28,181.67633,17654.127
28,3943.0505,5065.112
28,9266.412,10117.788
28,11612.012,8602.289
28,13203.957,19996.266
28,17277.861,2620.853
28,14534.411,17036.875
28,13254.249,17191.373
28,13251.784,13753.013
28,3654.4976,18119.973
28,4448.6997,15376.188
28,5099.681,16495.781
28,5629.6143,15059.136
28,6124.8643,10771.295
28,9696.867,14796.727
28,1462.4862,10570.349
28,12131.193,6405.272
28,695.9552,4164.4917
28,14795.175,16066.736
28,3456.1187,4920.0396
28,10237.8125,5545.0923
28,9746.378,6868.749
28,14576.392,2761.736
28,17479.398,14675.231
28,7935.58,9286.332
28,18559.898,3652.065
28,12482.732,3884.3887
28,12259.593,12399.563
28,16023.721,15025.044
28,3960.072,12553.283
28,2543.0212,10033.657
28,80.980354,6974.28
28,13665.337,18500.977
28,15331.824,14653.852
28,553.3692,2493.9226
28,4453.649,2119.4448
28,14097.658,526.2609
28,4392.484,17875.389
28,16808.303,10621.787
28,8859.314,19805.94
28,1319.8547,2834.4668
28,9077.212,8442.33
28,7524.0005,10643.93
28,83.69899,9528.673
28,10834.31,17307.096
28,15732.8,6090.656
28,1810.8395,2879.2065
28,5081.7856,15678.457
28,1932.0851,13684.536
28,5746.151,2087.6143
28,15781.127,18154.281
28,1385.5377,4281.912
28,10012.711,17420.648
28,6955.1953,17918.33
28,7825.714,9955.798
28,8957.204,16247.474
28,11526.43,19448.895
28,4621.949,5047.792
28,3963.3098,6863.936
28,4093.8972,19279.002
28,434.56354,15725.732
28,19094.832,15001.363
28,14904.902,1615.3998
28,14707.6455,13420.762
28,8215.994,8644.46
28,3033.668,2238.6782
28,35.72492,19081.299
28,17990.191,10550.927
28,17612.11,3840.6418
28,129.4224,10761.28
28,5989.428,6840.9805
28,7291.9385,15651.3125
28,8359.503,19215.861
28,2450.4192,7676.805
28,17055.152,7803.0933
28,7322.3,4708.6504
28,11765.036,13595.771
28,3975.739,8562.32
28,1895.358,18785.32
28,12659.801,9951.473
28,547.5129,5824.5796
28,13476.66,8902.526
28,10827.011,11985.785
28,8811.412,19675.912
28,4506.0884,10055.234
28,11098.537,3031.4263
28,6084.7437,12816.586
28,18528.447,2557.7273
28,2544.2983,11155.698
28,18279.947,11980.833
28,6490.0024,15084.143
28,10459.351,5048.606
28,16347.263,12242.939
28,16430.545,15517.857
28,778.303,5024.254
28,15629.445,12999.194
28,8955.346,18666.451
28,12579.303,19132.635
28,3687.587,12594.78
28,6977.3594,7947.391
28,17549.89,15758.372
28,1660.2324,6610.4546
28,14131.803,624.1738
28,709.9356,3650.9287
28,15636.846,5890.078
28,7478.6133,7522.0034
28,12507.295,10698.413
28,11116.992,14209.392
28,14148.297,11999.534
28,5612.5986,13947.598
28,15102.824,2685.1067
28,17265.205,11251.998
28,13854.412,4684.727
28,7558.8115,13369.955
28,2751.982,7172.35
28,3178.5732,4262.5664
28,17721.852,11185.821
28,10795.42,11589.651
28,11285.164,16867.418
28,5760.0264,15205.962
28,5060.9897,11526.877
28,13955.623,2616.6997
28,16563.178,4097.8984
28,9454.678,8051.3296
28,4237.0444,12037.585
28,8093.3037,13404.743
28,14782.033,11955.595
28,1311.4255,7004.997
28,14133.338,697.43915
28,5986.8047,19402.418
28,7256.571,11165.271
28,4208.3394,1257.9684
28,5015.7627,14852.192
28,33.851585,8516.523
28,749.33466,4035.2954
28,9161.33,6254.984
28,9401.256,10576.602
28,14378.835,7661.5776
28,16714.064,3542.503
28,19795.375,4711.504
28,1315.9713,4591.339
28,15700.068,7351.3726
28,13710.7705,13816.388
28,10970.564,15417.901
28,17226.34,8116.7856
28,15572.101,4705.7163
28,14804.162,9888.268
28,6299.7627,14721.516
28,16574.465,5968.2285
28,16605.58,3351.3958
28,11228.8545,12399.305
28,14870.685,13086.295
28,1579.1957,4413.5464
28,13765.775,2699.9004
28,4163.314,7608.9014
28,10550.816,18705.703
28,5077.5215,15836.525
28,9921.963,17281.121
28,15849.153,6199.4717
28,15718.612,11683.205
28,6613.004,19698.209
28,2670.4585,19161.082
28,7337.7456,11632.511
28,1492.3196,19511.32
28,12060.755,4991.4326
28,7805.4565,11497.755
28,9861.507,11795.456
28,6656.659,7484.5127
28,8109.7686,3671.6328
28,10218.632,11881.043
28,13981.216,12865.274
28,19925.268,19386.799
28,12187.012,3506.9739
28,7809.156,7236.4165
28,15786.966,17700.73
28,4869.459,1900.0513
28,2699.666,1962.0029
28,7218.667,11537.664
28,2251.2656,2407.5469
28,2224.485,81.8864
28,253.72581,14379.795
28,12171.576,15477.45
28,4853.311,4414.028
28,2397.3215,1498.2361
28,11517.902,6448.694
28,11210.863,339.65784
28,7919.636,5272.8076
28,7647.5537,8209.079
28,12470.544,16759.854
28,15763.366,16261.538
28,16738.248,11842.764
28,6994.7324,16247.321
28,14284.515,17833.016
28,11334.378,18585.46
28,17814.758,6136.485
28,16020.038,12713.44
29,10000.0,10000.0
29,17837.04,13835.072
29,745.4211,15051.032
29,5503.5215,17216.154
29,4544.087,8988.728
29,8285.977,11991.654
29,7874.752,15797.361
29,13092.762,2922.097
29,12206.33,3650.1877
29,3756.55,13836.465
29,10314.566,8510.179
29,16793.39,18950.557
29,2818.0808,9471.949
29,744.80096,9252.858
29,14932.612,18574.924
29,16124.303,5762.3647
29,12809.399,19764.352
29,17432.799,3790.8003
29,14341.327,19408.512
29,9753.301,7736.7646
29,5076.474,14657.144
29,17765.602,19104.133
29,12320.137,2127.624
29,18953.58,12691.477
29,15344.061,16930.096
29,8303.519,854.50336
29,6899.4204,5346.0264
29,19931.441,5520.7397
29,994.6351,3821.163
29,9812.963,9947.744
29,8348.234,10664.196
29,4950.8047,10449.837
29,14054.679,15319.366
29,131.07399,11577.191
29,11998.069,8769.774
29,4062.2024,13745.248
29,10727.497,10478.305
29,2993.015,6428.7603
29,2627.9666,3412.6567
29,9530.896,4673.3105
29,13261.592,9672.114
29,6638.509,2864.9805
29,8893.646,11104.874
29,1515.667,18931.562
29,14128.565,7236.7134
29,1402.2909,6736.526
29,18003.02,2799.8252
29,912.6714,4403.701
29,5464.0996,3893.8545
29,16525.016,5852.45
29,19493.766,7332.937
29,12097.412,6586.12
29,5247.5957,13431.463
29,13316.714,1559.7413
29,13097.094,11467.782
29,12056.042,4890.2974
29,19684.473,17015.37
29,16097.355,11111.834
29,1769.2872,17226.26
29,13604.651,14967.181
29,3795.0503,18356.191
29,16582.408,661.8411
29,528.06,6740.3564
29,63.584267,12567.832
29,18741.877,11158.512
29,9286.379,2215.9927
29,3385.3545,6979.03
29,8254.664,5763.802
29,19634.943,7050.948
29,1278.4001,782.67267
29,13538.546,18867.91
29,14846.31,5469.032
29,4163.1133,3206.4443
29,19967.74,15069.501
29,19216.861,7771.0522
29,14344.411,7522.838
29,6212.5737,6675.0625
29,18950.459,7909.637
29,17443.59,1893.7256
29,15201.753,18968.51
29,9735.641,16566.197
29,6650.3965,2588.2495
29,15908.707,13054.271
29,15235.241,3169.318
29,1962.7744,9903.491
29,2951.98,1924.3179
29,114.42361,13480.98
29,9698.404,15184.284
29,4406.8696,16006.798
29,15664.352,726.6739
29,2325.4697,18792.744
29,9756.158,4933.1455
29,17802.861,3301.1033
29,11710.237,3472.0269
29,71.328354,9614.687
29,8667.983,364.63986
29,7623.0317,16248.507
29,18365.238,89.4824
29,18796.123,5027.79
29,12227.586,3691.2195
29,9482.298,10047.262
29,19930.89,11225.712
29,10400.801,858.5306
29,25.424294,15580.159
29,10167.545,19876.412
29,17574.14,9498.606
29,3753.2195,3716.4607
29,15971.352,11398.642
29,10203.17,14468.117
29,7798.213,5012.1855
29,9815.267,10789.745
29,12872.44,19834.0
29,3881.9116,14909.25
29,5094.274,10156.383
29,7596.879,3330.8938
29,7778.4517,11172.49
29,11961.273,593.8364
29,14530.5,1133.878
29,9832.229,2770.8442
29,15178.619,10343.178
29,13.982518,1198.0614
29,9120.045,13092.237
29,16123.556,3211.9893
29,15151.155,3391.345
29,4418.603,19559.582
29,18170.068,7955.728
29,14392.109,1679.3303
29,931.2687,5931.8726
29,19687.506,16972.354
29,13104.102,4465.8022
29,12543.299,1092.7432
29,5686.579,1114.3296
29,10610.832,7831.306
29,2905.8894,7004.633
29,2184.271,7879.6104
29,4103.21,6669.2373
29,5854.5435,523.40564
29,16582.55,8891.874
29,15329.206,15000.584
29,17957.389,19526.426
29,1945.6387,8203.98
29,18391.736,16110.4375
29,7409.7437,18948.46
29,3541.8218,2253.781
29,19340.889,12540.446
29,12832.459,11820.849
29,14124.302,3615.3538
29,10542.046,12554.849
29,10173.556,3366.8164
29,16763.383,774.6946
29,15373.015,5464.0835
29,12646.124,3442.4714
29,17246.299,100.983635
29,16831.26,18453.984
29,7830.025,10738.333
29,13251.126,446.47134
29,6141.7954,8782.298
29,193.6245,18955.416
29,4276.722,18958.135
29,11501.636,11479.384
29,14558.604,18845.076
29,12035.28,17763.05
29,19655.654,8645.574
29,1194.5901,12039.635
29,5339.225,16996.285
29,3051.4277,14276.078
29,5959.3813,8541.54
29,9106.206,15338.484
29,14990.073,5217.982
29,6930.2627,4273.4976
29,222.54778,13504.612
29,6851.4126,13705.148
29,14909.528,18890.422
29,4869.5635,9835.492
29,11847.249,15639.349
29,3920.0176,12261.882
29,9494.498,4379.9863
29,5628.057,7476.965
29,7042.9746,8286.8545
29,4504.5015,2210.0957
29,12727.273,858.9973
29,4662.1934,3919.5012
30,10000.0,10000.0
30,16653.926,11823.982
30,4045.5225,18991.537
30,3476.5703,2762.8955
30,6106.523,4581.4077
30,13635.286,14689.706
30,19585.158,17646.67
30,3394.0254,13086.925
30,15281.916,15289.233
30,13517.221,2735.595
30,18466.342,4052.6707
30,6759.664,3150.0203
30,8240.284,10071.013
30,12648.758,15127.551
30,13671.856,13149.577
30,13358.179,11978.225
30,3184.418,5128.09
30,15928.948,7908.516
30,8890.249,1438.3418
30,15108.221,13367.985
30,5226.7505,9805.795
30,12333.452,5237.4136
30,11770.848,18112.283
30,19458.209,15596.155
30,11575.273,9428.14
30,3943.7363,19398.377
30,11270.305,9083.708
30,6094.061,11049.217
30,19727.607,5446.1523
30,5458.664,12429.388
30,7411.554,19998.652
30,13613.858,11329.3
30,9670.249,10653.344
30,2585.1982,658.27936
30,15027.132,1374.2231
30,2610.335,9680.351
30,1986.7123,10482.527
30,17369.816,18219.088
30,12458.198,18710.016
30,19300.793,8546.885
30,12163.627,1054.9578
30,1941.075,19806.965
30,7607.855,11959.77
30,19703.188,18606.236
30,3400.503,16233.199
30,17037.83,2716.8218
30,13722.118,6726.375
30,15381.43,18163.357
30,17164.488,3421.7642
30,4871.981,14595.813
30,1363.1022,4512.9536
30,6734.5547,17055.705
30,12615.923,8349.874
30,1670.9623,13222.152
30,982.3102,9738.611
30,17155.37,14651.456
30,14816.947,2746.42
30,3445.5925,9369.827
30,18123.986,14727.745
30,13396.577,2169.827
30,4967.945,16595.62
30,1614.0671,8826.484
30,7455.039,1429.23
30,4482.727,4266.0483
30,7155.4434,16580.74
30,11724.006,8813.248
30,16200.423,12996.994
30,503.97888,7451.457
30,18060.525,13572.633
30,1574.6924,10967.168
30,127.32196,486.23972
30,15292.415,17327.727
30,5642.2646,4016.0728
30,17439.8,7999.315
30,4470.4395,5235.3237
30,233.85046,9065.72
30,16281.059,6272.137
30,12089.797,2272.6267
30,2398.0947,9469.305
30,3282.8638,9144.936
30,2637.4365,6047.3677
30,6412.395,16455.494
30,12345.388,14761.102
30,6992.9023,7343.118
30,9368.028,13447.756
30,13199.523,4483.632
30,10220.619,18340.025
30,9814.845,4416.9727
30,4340.9575,3666.9636
30,881.18256,11394.823
30,18319.334,9935.296
30,19625.094,18116.44
30,15415.949,2232.217
30,1960.4972,13247.111
30,30.189829,7078.2705
30,19271.01,6720.8813
30,15989.023,4536.9834
30,14894.224,4949.557
30,13259.921,19179.021
30,18821.598,15418.33
30,10299.091,11528.505
30,808.0651,10243.137
30,5602.0723,15494.235
30,26.459938,12207.22
30,19622.361,950.7703
30,16778.32,16345.025
30,9175.211,17989.467
30,15279.457,10533.053
30,314.75427,10110.394
30,7040.7334,15822.207
30,5310.57,15131.803
30,8350.614,9644.573
30,12048.348,14369.798
30,958.18036,7031.663
30,8682.971,1710.5397
30,8780.375,8903.763
30,11018.056,8979.515
30,2593.048,6504.5273
30,14840.401,327.669
30,16306.427,19824.336
30,18290.709,18344.627
30,18748.873,14252.399
30,15351.08,15884.874
30,5505.8755,1922.8529
30,10299.329,13006.048
30,6718.177,9800.244
30,4436.047,5471.4517
30,2563.452,2421.221
30,11439.824,3673.7036
30,18252.969,1208.2705
30,6815.6875,10118.533
30,7956.4536,13635.446
30,1448.8589,1483.7277
30,15504.681,4287.77
30,15982.919,878.8704
30,9971.992,1989.8411
30,9967.081,14809.938
30,14024.257,18872.406
30,2805.7393,18194.156
30,13059.147,15943.784
30,5013.569,10232.46
30,9010.361,5299.6426
30,15019.075,19715.89
30,595.12994,16048.662
30,3805.4856,19997.314
30,8599.101,2898.5393
30,5128.14,461.77744
30,993.51587,9660.532
30,15422.624,5588.297
30,4421.2417,10570.373
30,17817.965,9600.031
30,521.78534,12216.036
30,19099.197,19207.887
30,13355.285,10530.403
30,13156.64,17212.15
30,6169.049,1033.0875
30,592.92426,918.42084
30,8125.688,4698.026
30,13421.516,16514.504
30,19262.842,11593.1875
30,4295.594,14205.353
30,17145.984,7129.2207
30,11476.035,4796.5767
30,17916.396,19770.549
30,6582.141,12285.327
30,16671.713,18056.236
30,13909.514,2970.169
30,8195.133,9032.04
30,19350.477,18947.459
30,17944.523,457.1648
30,2784.7615,10843.532
30,15435.907,14272.57
30,1994.029,19342.303
30,13201.586,2979.2976
30,2333.2888,2068.2996
30,8332.759,11043.519
30,2570.3057,7211.3584
30,5864.498,17257.416
30,16610.135,14949.198
30,17908.324,12942.467
30,1194.7509,16615.7
30,9440.16,10579.897
30,9836.872,3401.798
30,3803.0342,2903.916
31,10000.0,10000.0
31,5680.5396,14905.864
31,11933.712,10792.809
31,15023.029,4850.537
31,12047.052,7207.859
31,14601.424,9404.533
31,10301.785,11001.0205
31,6214.135,596.2686
31,19032.785,3075.4517
31,7011.38,5344.9497
31,8330.443,5897.169
31,10602.0,18758.28
31,17952.635,15831.824
31,18298.107,16090.292
31,4282.399,6396.9106
31,2080.62,2636.6965
31,10506.288,16679.115
31,2258.8394,16830.76
31,5935.7456,18425.604
31,8388.162,2536.7678
31,8524.705,12236.487
31,377.27267,5812.4355
31,19533.877,15831.192
31,6982.118,18294.873
31,13062.976,19652.154
31,5603.0645,6025.939
31,1665.9624,12020.144
31,7513.5376,18231.412
31,14645.368,12021.239
31,4832.978,7832.8867
31,1607.3998,18723.705
31,5014.225,390.79803
31,11264.678,14669.443
31,17048.709,10101.332
31,15762.88,18826.98
31,7906.002,3474.0806
31,10499.928,589.87115
31,6010.0376,19885.492
31,13849.852,9833.155
31,5543.8955,1129.221
31,14748.326,12486.726
31,11853.631,13439.945
31,10732.974,16892.828
31,17004.871,18420.176
31,19387.635,9960.819
31,13911.588,14543.167
31,15955.558,15100.744
31,15883.055,8047.3096
31,5882.6606,11938.929
31,8813.313,17487.572
31,2580.9478,4947.5913
31,15132.549,4468.726
31,4204.347,15721.87
31,16995.252,13698.93
31,17640.07,7851.0664
31,8169.801,11692.89
31,19074.52,2375.4858
31,14548.396,13951.846
31,12908.663,17613.947
31,9389.261,14375.996
31,16115.897,8100.377
31,149.02629,10401.407
31,16397.215,2608.8408
31,18736.932,16975.078
31,18098.812,14064.063
31,14012.551,6715.222
31,1865.8837,8603.406
31,15021.606,19939.725
31,13797.985,14545.341
31,662.7591,18786.441
31,16503.736,8642.245
31,19192.312,17827.566
31,751.1323,13843.782
31,1062.5326,885.9394
31,9886.264,13912.1455
31,13927.864,5671.0312
31,18148.688,4227.2407
31,7900.375,236.41267
31,17933.617,295.7866
31,13504.44,1400.91
31,509.2974,6153.039
31,9954.767,2790.1785
31,18475.264,14351.64
31,12254.604,7473.887
31,17510.334,13731.3125
31,747.53796,4319.043
31,16727.254,8301.1875
31,11394.193,3803.528
31,15113.491,11135.613
31,10146.674,18317.969
31,1181.8568,4924.5864
31,14658.692,975.6808
31,18772.887,2051.569
31,13939.029,5521.441
31,6401.572,19760.77
31,18474.607,13005.374
31,9164.836,3110.3232
31,7716.0156,1266.6798
31,12033.123,1411.9913
31,12011.243,446.7202
31,9692.167,16482.691
31,16359.016,861.3923
31,14218.253,694.4435
31,10283.895,19792.135
31,2344.14,8981.605
31,5141.506,412.161
31,12284.692,6441.935
31,8206.634,6119.951
31,7270.3145,13075.864
31,6895.4897,16812.637
31,773.64557,13692.653
31,6907.2144,13653.46
31,300.56717,19271.53
31,9495.568,3410.3247
31,3939.971,146.61844
31,6851.5117,6969.9824
31,7177.9434,851.2966
31,575.0624,4558.0933
31,5667.637,11536.674
31,745.31116,11462.104
31,18495.44,10764.656
31,5954.895,3347.4094
31,12225.884,6792.3604
31,9080.226,19525.475
31,14839.677,15667.187
31,19001.54,5271.1753
31,3818.2236,10615.235
31,14040.657,1466.8203
31,15036.656,9722.862
31,6095.1323,12272.545
31,16340.555,2980.485
31,9961.753,18733.758
31,16940.791,18472.783
31,1303.6567,19864.154
31,12408.569,17378.365
31,7452.1113,10126.773
31,3293.1758,7072.0063
31,15562.61,8931.633
31,1458.5302,10124.974
31,12820.849,7998.348
31,2074.6423,791.1674
31,9019.955,12287.371
31,7210.818,16388.465
31,923.57574,13548.803
31,12887.19,3800.0227
31,608.7881,15202.708
31,7936.1914,6254.3438
31,3074.2073,17709.992
31,13422.819,15183.416
31,19119.09,17526.484
31,9599.095,18757.912
31,12385.2,9674.426
31,1371.3312,10038.859
31,14289.923,19293.893
31,5448.422,12232.663
31,17876.236,16537.285
31,5915.8784,17798.791
31,19800.021,14816.486
31,6844.619,18097.322
31,14119.865,6873.3345
31,2482.4756,4373.314
31,6384.9595,7887.4062
31,3376.1228,17266.729
31,9371.726,18100.637
31,742.75446,4231.763
31,19400.47,1372.8915
31,15819.351,7355.2983
31,11120.842,9514.176
31,8361.318,12246.609
31,15034.182,16427.936
32,10000.0,10000.0
32,14906.23,7490.2925
32,6834.7314,6915.498
32,7377.563,6327.8257
32,18361.172,3860.3462
32,14595.659,15843.183
32,4010.2231,3047.5427
32,6068.7007,8994.781
32,8672.305,2981.8462
32,4952.8345,708.2486
32,5472.145,8112.5986
32,10322.694,2943.0112
32,7350.9937,18053.459
32,13919.256,5481.5317
32,18923.758,9321.337
32,9512.672,15764.501
32,7343.1514,2248.6873
32,14022.462,2249.4917
32,4644.4707,13670.913
32,17583.29,5684.247
32,18223.81,17912.85
32,19904.14,16538.596
32,11461.777,18883.244
32,4447.4883,10555.78
32,19315.342,11589.812
32,2793.582,10807.993
32,15177.257,3596.5437
32,1404.529,17690.164
32,9527.107,13977.433
32,11832.019,19548.46
32,4349.5327,2014.7471
32,7505.6104,5506.9663
32,7326.744,14271.926
32,13200.997,19937.783
32,11439.882,9329.756
32,18390.875,6693.4053
32,8454.742,10356.086
32,7476.158,10694.316
32,351.0851,13922.673
32,8920.327,2584.7368
32,9405.278,5619.8022
32,7677.5522,3343.215
32,15820.371,8873.289
32,14086.537,12852.25
32,2902.4087,17791.602
32,3884.9841,8141.0156
32,233.00629,4921.731
32,15569.331,10187.013
32,3587.7397,4659.0596
32,13984.301,8096.1675
32,19977.805,6141.0063
32,4698.8115,3629.2588
32,10260.781,8540.823
32,2702.423,278.26935
32,16881.04,11175.155
32,6595.854,17152.387
32,18767.068,14314.853
32,311.11545,14166.977
32,12095.156,19730.559
32,2385.6362,9543.322
32,13280.778,11171.301
32,3018.5088,12137.126
32,5855.575,19232.318
32,7243.6978,17474.582
32,9864.438,17681.451
32,6946.272,1064.6748
32,10315.06,662.8143
32,10043.656,7793.2344
32,5453.0845,4911.13
32,19337.63,8077.307
32,15839.374,1457.2139
32,10642.256,14420.574
32,5144.4937,15920.702
32,7316.179,6588.786
32,11518.966,18803.73
32,3715.7034,9906.175
32,2800.708,15184.427
32,3452.1829,8333.143
32,7556.562,552.7761
32,15519.864,258.78
32,7771.654,5990.1494
32,18439.262,12114.921
32,1062.826,11505.232
32,13239.584,13309.983
32,241.67061,4585.921
32,11769.472,15138.454
32,7429.1333,5011.093
32,8366.1045,11867.661
32,688.1339,11302.888
32,6290.4424,5360.621
32,10551.931,81.60799
32,19157.256,11153.181
32,12512.854,16728.875
32,18454.373,13049.963
32,3388.0078,1765.2722
32,11294.61,16553.064
32,7000.4995,15798.639
32,16629.104,4672.7476
32,11093.794,9105.64
32,11131.234,14269.157
32,14353.929,2724.0974
32,2608.262,19363.17
32,13359.224,18037.734
32,7803.363,6292.0757
32,13814.619,15274.282
32,152.73056,15324.405
32,11283.152,4128.262
32,8291.982,1537.1605
32,8536.039,9444.407
32,11886.78,1281.2178
32,6182.954,4921.6226
32,4270.4585,2594.163
32,11821.196,18574.203
32,15688.553,9956.757
32,5155.2124,2485.6074
32,14215.303,3123.4763
32,15739.579,19751.393
32,18797.71,15430.476
32,9917.876,2525.752
32,18944.898,14745.947
32,7980.379,19550.893
32,9024.877,19367.31
32,19715.547,13386.072
32,17665.822,17108.352
32,905.67426,7601.3813
32,5.4013367,6420.5312
32,17632.873,11784.779
32,75.93154,17057.201
32,3650.8726,4655.0674
32,12961.259,18208.648
32,8805.6,15685.727
32,5112.8813,5731.481
32,8576.551,8636.941
32,15591.675,14010.6875
32,18863.99,19902.97
32,11776.239,12891.095
32,15142.163,11272.589
32,13062.604,14485.21
32,11708.651,18917.855
32,7160.036,4761.446
32,1365.1979,7636.8364
32,14840.737,15740.408
32,5394.71,15660.602
32,8569.991,6414.835
32,2818.9338,17815.309
32,4189.91,14441.859
32,16153.256,6623.504
32,5779.822,8202.922
32,11710.33,9407.702
32,14270.36,6803.438
32,10048.97,19999.33
32,17841.533,1372.5149
32,10363.517,12330.744
32,57.675922,9449.2705
32,7502.0063,2667.3918
32,8050.928,10673.422
32,17661.12,15362.179
32,16077.21,15177.496
32,4909.245,12247.671
32,16755.71,16493.352
32,11139.741,11067.417
32,139.029,6017.2935
32,3321.9663,5469.7817
32,7217.9404,292.07684
32,3985.8784,18650.746
32,9391.2295,7216.131
32,7068.4824,11510.906
32,19442.352,15323.424
32,11850.026,12885.699
32,9466.386,14442.716
32,9019.188,13051.951
32,19240.814,16214.862
32,13006.226,12583.06
32,315.612,13800.553
32,16508.64,10934.181
32,4328.017,4688.392
32,6766.5757,5986.4062
32,3874.4307,19372.604
32,10060.536,8777.021
32,5393.863,16365.712
32,18775.303,6752.231
32,16677.824,14463.088
32,5625.164,19042.803
32,3278.986,11963.341
32,18727.264,5422.8823
32,10723.453,11769.36
32,1794.914,11393.577
32,10786.351,17454.186
32,3784.9192,1903.2301
32,8251.11,15091.331
32,918.3264,7285.8003
32,10381.097,15675.989
32,3567.1946,11094.103
32,12912.6,8210.645
32,11289.998,10369.181
32,11124.253,14535.525
32,11749.642,5967.24
32,17799.803,723.8218
32,19210.246,18861.012
32,7657.446,14293.891
32,17179.924,9692.521
32,4820.953,12976.3125
32,14070.944,7731.851
32,17802.113,3885.4333
32,2615.1633,8388.338
32,2244.0012,19158.135
32,4433.7456,8537.623
32,12793.356,17054.562
32,8826.704,19401.541
32,13582.252,15693.41
32,19531.588,260.20273
32,7035.422,1161.0151
32,1592.55,17509.395
32,11891.355,1119.2035
32,11129.409,13639.742
32,15871.696,7590.2207
32,417.73608,13161.985
32,563.34973,3347.689
32,8149.3364,18493.492
32,15349.767,15912.339
33,10000.0,10000.0
33,13184.893,15144.416
33,19334.854,2488.672
33,1970.0415,6887.4644
33,5460.9214,14261.366
33,1191.0516,4465.688
33,7969.8164,12327.364
33,7282.8613,11625.918
33,19753.158,13474.774
33,18831.588,6073.4653
33,5221.8535,3906.722
33,2777.688,13832.24
33,10666.049,19219.967
33,5455.79,7346.261
33,3687.7334,2187.2627
33,10965.796,2031.432
33,7150.2954,11568.852
33,2729.017,752.1079
33,8636.512,11994.146
33,13541.413,2957.952
33,19542.64,11413.373
33,19573.96,11780.803
33,18557.117,6647.908
33,4550.068,6325.7085
33,12038.792,16391.502
33,18024.852,9997.914
33,6188.2817,68.61337
33,10686.221,18081.576
33,12378.507,8330.159
33,14945.807,3961.4775
33,16605.354,12510.07
33,7727.7583,17017.758
33,5658.2773,16059.133
33,15280.386,13891.164
33,6161.9814,4793.511
33,19851.238,1716.6163
33,13772.376,1980.7068
33,1472.6492,6187.8496
33,6710.757,8348.345
33,14043.188,15545.18
33,1398.5852,17629.408
33,12116.603,19356.686
33,13976.07,17061.342
33,6527.571,13907.069
33,16918.816,19116.111
33,1962.6455,14522.697
33,2041.3413,12350.205
33,16068.14,12485.436
33,1839.133,2410.227
33,7630.0947,19733.967
33,8270.239,14500.639
33,14670.532,18500.61
33,1137.0198,3807.912
33,10598.949,13430.767
33,5845.0044,14769.386
33,236.16176,3469.3467
33,19346.672,5132.249
33,2032.2424,19642.629
33,14191.559,4639.5767
33,11806.09,706.00354
33,12634.432,7824.686
33,7560.6855,15346.957
33,9599.263,335.76266
33,15297.998,18093.297
33,19666.014,10748.777
33,11059.772,5930.259
33,13237.658,7114.0303
33,5895.0273,18528.88
33,12829.436,6292.44
33,7283.268,14258.725
33,17841.4,16734.057
33,15036.016,8051.8013
33,7225.7583,2546.2842
33,15861.441,1499.3689
33,8043.7515,10768.202
33,9668.432,19621.86
33,6028.0083,15269.561
33,14202.712,13457.843
33,4610.823,13900.657
33,8233.85,9634.829
33,4081.1213,17744.486
33,13248.724,9613.375
33,18001.523,18561.2
33,6116.906,15227.285
33,12977.748,9104.863
33,6800.882,19494.549
33,1381.7568,11023.037
33,328.07306,9336.345
33,12530.552,10261.358
33,13363.377,7596.7812
33,10774.553,1895.0575
33,11368.519,16984.064
33,13924.709,8787.672
33,15670.465,12192.979
33,17354.582,18916.168
33,6469.181,3515.7764
33,8103.3057,3363.2214
33,13803.152,3211.352
33,15155.973,3573.056
33,10460.21,4937.4805
33,6298.4956,12004.928
33,1266.216,9022.505
33,6758.0264,13377.815
33,3708.2258,10011.807
33,17864.451,10069.532
33,14311.096,18157.057
33,19632.047,8542.154
33,8877.048,3316.6812
33,15644.855,760.5596
33,19306.838,12593.192
33,14110.855,15342.475
33,10416.945,6139.5195
33,7259.542,7673.9097
33,1346.4391,12936.681
33,10362.127,13416.369
33,3932.1035,16861.514
33,14836.597,4479.1777
33,4295.8716,6017.638
33,3276.7842,15491.286
33,16365.621,19545.377
33,7408.483,16995.715
33,4756.2173,10144.651
33,15884.502,9429.332
33,11789.962,8190.9263
33,15683.918,127.86908
33,14532.47,7963.363
33,11375.027,10674.972
33,630.51434,7216.0454
33,7786.854,8778.066
33,16109.003,4019.1477
33,6930.2153,13384.734
33,3494.5212,15677.463
33,16311.489,2405.923
33,18176.855,18915.662
33,18155.33,6740.5835
33,4096.2036,14467.911
33,5100.7866,18036.146
33,15073.012,5923.9644
33,7940.1094,18138.059
33,3643.1775,10799.295
33,17632.732,13308.727
33,3155.969,9605.877
33,17323.715,18308.389
33,10763.188,16732.064
33,5933.229,2572.1448
33,18833.03,18640.162
33,6903.1016,5510.998
33,7497.6416,2189.9397
33,5681.0796,2834.3215
33,13302.555,14719.685
33,14714.012,724.6477
33,18319.064,14348.685
33,8329.22,16953.01
33,7663.2197,15723.066
33,13706.756,6112.182
33,3737.6428,14246.579
33,4181.4565,7779.1055
33,17379.541,17567.252
33,10414.226,1763.4918
33,7230.986,5038.7036
33,8382.186,4047.6814
33,9571.095,2684.3186
33,11943.767,10435.616
33,7521.603,17219.672
33,8294.685,8025.091
33,4995.825,4257.492
33,8788.989,7740.174
33,5090.4746,1013.42615
33,7490.8423,6669.6113
33,11248.1455,16001.342
33,17598.27,11656.519
33,12247.451,10909.049
33,19243.98,15122.551
33,12787.447,9971.783
33,19779.299,18922.21
33,1511.6323,4485.3315
33,3218.4146,18724.312
33,13164.291,19892.09
33,19154.838,9500.027
33,12564.321,3594.2969
33,10755.54,13924.483
33,15512.753,1549.6869
33,14566.3955,8258.867
33,15294.724,7992.0063
33,2336.0608,15884.81
33,4162.4585,2070.1855
33,4423.8364,18113.01
33,3619.4363,10280.911
33,12591.699,12205.783
33,2790.4507,16280.197
33,8038.872,4816.5674
33,898.0132,5813.421
33,3606.4497,19007.432
33,6889.2207,13337.432
33,19187.648,14107.687
33,11032.667,12005.06
33,3882.7124,10273.395
33,4160.0728,5079.761
33,260.7912,12112.371
33,14254.906,4188.292
33,96.74324,6594.8755
34,10000.0,10000.0
34,3203.9634,17612.195
34,6416.344,17921.326
34,9630.411,6775.7954
34,19176.428,8792.813
34,6431.723,17948.12
34,6781.771,3159.5066
34,5345.729,2249.783
34,13295.018,12530.84
34,19877.193,16616.963
34,12405.478,16410.947
34,1048.2336,8885.784
34,17286.438,2359.5305
34,12591.938,3224.351
34,1688.2925,2625.22
34,17198.1,2717.224
34,4228.5015,13108.949
34,17055.137,8154.65
34,1289.8617,9921.901
34,1653.0725,16618.459
34,19400.248,14418.973
34,8792.889,3004.084
34,15594.272,15209.282
34,4058.1787,18600.85
34,1520.9277,8868.215
34,9512.579,11142.721
34,10331.702,19003.438
34,12657.783,6521.6094
34,19807.736,1580.5477
34,2965.5298,300.9331
34,11271.987,19965.24
34,8210.964,11466.253
34,10239.05,9200.22
34,3143.4548,2046.332
34,586.16876,199.39606
34,19422.117,9350.126
34,1884.9685,16565.86
34,10245.333,3319.4648
34,11814.824,3421.4956
34,6031.1426,9985.351
34,8062.761,2943.1382
34,19381.969,4146.099
34,17532.826,11081.465
34,10089.362,19088.445
34,8984.493,1927.6643
34,9133.407,14756.24
34,433.4147,18372.29
34,6344.336,8812.731
34,2740.382,3907.8906
34,7037.0166,14757.379
34,2410.9636,5560.321
34,15875.521,18368.012
34,19759.932,5497.2495
34,7523.089,6986.034
34,17968.508,13734.38
34,5094.616,308.57364
34,9400.787,9758.202
34,17615.701,14346.424
34,2975.7603,1971.1982
34,144.31865,17568.967
34,14861.403,18889.977
34,11221.128,6146.4233
34,3315.2415,2869.756
34,14790.39,11128.047
34,7011.0254,18854.45
34,5111.303,18309.398
34,4171.967,5614.5273
34,6090.0938,18303.686
34,12718.626,18432.352
34,16505.137,9753.443
34,5134.435,11664.706
34,12111.376,8457.599
34,11608.938,18703.111
34,12722.105,19807.03
34,13282.624,4036.8098
34,10634.693,13149.309
34,7352.1313,5528.023
34,4028.552,5.100927
34,17960.36,9970.939
34,403.44153,8642.753
34,6527.305,16497.033
34,19278.303,2996.9949
34,6538.4434,16109.462
34,6620.5547,14642.79
34,5555.8022,3271.1504
34,2777.9814,1704.6923
34,4188.3315,15083.185
34,3363.4111,16650.166
34,6595.355,2071.8074
34,207.3378,6788.4595
34,1328.4996,14778.362
34,5337.428,6184.6323
34,19347.879,8684.466
34,7064.951,5514.362
34,3543.3152,502.5805
34,12021.516,4657.361
34,11601.601,9825.683
34,9144.948,1575.5597
34,18708.307,615.014
34,6034.256,7720.274
34,16166.566,7143.9546
34,8244.211,15643.789
34,1626.5162,16782.82
34,3661.771,11973.589
34,139.71251,5144.4487
34,5130.903,3591.899
34,18015.88,13866.05
34,18285.754,16216.637
34,492.90564,11071.577
34,10344.39,17335.115
34,8856.619,2352.6926
34,18158.717,14438.845
34,2453.3435,13919.349
34,16498.129,7243.868
34,11718.226,18251.266
34,4975.434,5045.545
34,19986.598,4664.891
34,2406.5178,10748.326
34,688.55273,12402.766
34,18633.25,2964.2932
34,10857.502,3466.9219
34,18622.78,12109.431
34,12729.675,3292.013
34,12477.452,17579.209
34,8488.025,9530.679
34,4684.598,6486.846
34,5393.574,16021.363
34,17419.086,14073.879
34,13153.433,17192.377
34,19259.387,12851.178
34,8219.556,2303.856
34,4496.456,6917.623
34,3421.3064,19217.475
34,10039.35,7421.016
34,6541.982,15834.929
34,158.95976,14483.168
34,3875.725,16895.174
34,15129.367,8143.6997
34,4431.1714,13266.456
34,8554.648,5881.2563
34,17886.627,7485.0454
34,16899.094,18677.2
34,12453.551,6334.905
34,2923.1223,15724.347
34,17188.633,5012.308
34,19161.088,15196.607
34,15705.59,3401.265
34,6397.7427,19061.908
34,8821.199,12949.109
34,242.02005,10429.597
34,6662.198,17245.037
34,7289.747,12797.445
34,14821.927,6498.1743
34,18077.55,5985.723
34,7438.0747,2632.8547
34,13420.564,4618.564
34,536.0498,14767.51
34,18850.088,13929.302
34,16090.783,18930.861
34,3189.2612,15359.001
34,19067.49,3771.0308
34,8432.749,11015.767
34,7294.512,14620.625
34,7923.7476,12171.036
34,3849.2656,6767.7583
34,5837.6904,11519.313
34,4672.636,3330.2495
34,16882.59,7534.0547
34,5033.6006,998.21747
34,3009.8303,259.41638
34,4831.826,10752.726
34,5210.425,14770.315
34,5298.4546,4136.6377
34,195.20787,13950.904
34,3333.481,6641.4453
34,9312.004,17177.068
34,15337.52,10216.77
34,8719.269,2233.369
34,18769.957,19246.709
34,4961.6934,6007.7754
34,11481.725,10128.77
34,3180.4915,8640.537
34,17806.684,9237.392
34,1688.3391,15450.998
34,17444.102,15630.501
34,17121.428,192.31299
35,10000.0,10000.0
35,9492.206,2758.9722
35,5354.913,12860.084
35,15423.915,16021.984
35,4244.579,11447.797
35,19530.54,6367.2466
35,8245.553,13186.781
35,18191.053,7961.4893
35,15937.389,9631.742
35,13133.382,132.95093
35,12574.343,5312.962
35,14291.733,12233.188
35,10347.427,8443.172
35,16847.53,144.75636
35,15577.345,6094.896
35,10367.904,12276.713
35,13931.729,12755.075
35,1147.6118,1826.7638
35,14851.734,14176.263
35,1141.4839,8036.5513
35,5085.569,9045.968
35,7771.4146,15358.705
35,10729.022,6666.1562
35,17622.375,18610.924
35,16825.484,18889.121
35,6964.5127,8718.524
35,11329.387,1914.3156
35,1582.5872,7502.8154
35,13465.944,5216.3447
35,3456.018,16474.486
35,3916.741,1716.035
35,17417.678,5745.3022
35,6383.9985,2664.1135
35,8141.551,3960.433
35,17360.467,4829.969
35,5436.3467,8278.681
35,15146.111,16436.457
35,6765.7344,13773.33
35,9606.144,16860.844
35,6495.7983,16587.559
35,6736.597,6247.684
35,4761.229,6083.1636
35,1401.7627,9995.597
35,12223.627,18521.264
35,5262.4688,3746.3618
35,7782.9146,1570.6201
35,14461.886,17201.822
35,9104.833,11965.573
35,5513.2334,14377.899
35,2834.976,15374.846
35,2391.7703,5977.4863
35,14430.636,19922.078
35,16514.236,2242.1418
35,8444.941,4595.0015
35,16704.469,16142.28
35,2450.005,2617.0552
35,12639.786,19422.627
35,7908.377,6371.8047
35,6125.991,18656.893
35,4129.699,2659.1885
35,17398.314,13446.547
35,14053.378,2112.0535
35,19652.777,3793.2021
35,15677.404,14576.438
35,19804.854,10968.548
35,18837.945,6290.048
35,11500.49,4225.0386
35,14769.262,1112.6289
35,16176.717,3779.326
35,18317.713,15539.33
35,3809.5117,5264.7964
35,10121.218,14430.6
35,17899.932,2008.1913
35,15513.554,2523.842
35,9810.867,6240.6646
35,4819.841,17622.748
35,4631.8096,2306.1501
35,13612.198,5602.4834
35,4592.51,2535.6968
35,5106.3823,8060.3735
35,9287.907,10672.643
35,16859.645,7902.458
35,1425.7489,16693.055
35,11494.7705,11161.553
35,11577.365,8124.8794
35,9718.093,6976.073
35,5822.936,9537.334
35,13591.689,10200.787
35,19716.264,6014.06
35,9915.327,9925.699
35,13639.411,12493.422
35,3310.1355,10712.006
35,15064.8545,9142.189
35,14716.717,16879.592
35,11466.256,11385.388
35,299.62845,493.74814
35,12039.15,10877.088
35,663.3678,15253.3955
35,14281.047,19619.86
35,19367.643,15053.378
35,11613.611,16702.826
35,17599.09,2775.248
35,13322.309,10431.257
35,4887.8906,5424.6367
35,18259.225,6161.0176
35,4137.5293,4750.483
35,18142.969,7475.498
35,8497.248,17813.438
35,11002.034,15399.824
35,258.59198,6929.881
35,2976.9238,7153.3174
35,13269.456,777.77716
35,249.48894,7159.837
35,12686.266,3669.6877
35,9619.127,12596.564
35,14312.448,14200.65
35,10428.0,15827.415
35,13569.946,14161.5
35,15568.339,5334.0615
35,1403.0415,16651.059
35,17454.35,1111.3116
35,17635.004,17429.516
35,2983.5867,11776.849
35,7406.0015,14401.14
35,12897.3955,19801.582
35,19235.209,11551.437
35,12531.427,9524.073
35,1718.0535,6235.421
35,12457.07,14137.697
35,6577.943,18016.691
35,7181.2563,2125.9302
35,808.7231,6359.2827
35,18380.629,13816.198
35,11269.92,12372.458
35,882.98846,8042.8237
35,17451.244,9288.227
35,4883.319,10526.817
35,10251.162,6513.3174
35,12289.124,7533.7534
35,12040.075,18121.98
35,75.94434,2707.8171
35,18784.115,12565.25
35,14798.115,19268.656
35,4489.6377,8136.018
35,4941.8276,10663.282
35,635.5109,15891.689
35,15022.1,4858.312
35,17033.33,12537.265
35,832.46277,12750.992
35,11403.821,11199.912
35,15276.777,236.8337
35,7710.7925,1802.5189
35,3471.9673,19657.754
35,16877.19,13915.374
35,19288.756,3286.0798
35,18122.15,17565.174
35,11298.82,12295.476
35,8500.81,4874.8306
35,1549.5039,9757.308
35,7253.462,5008.4653
35,6579.7827,2223.0442
35,7269.548,6609.406
35,1324.2557,416.5533
35,13207.974,4518.5894
35,11581.001,2444.1995
35,7874.0264,5840.6387
35,10612.43,1408.8689
35,16877.492,17800.553
35,9171.0205,4973.503
35,2121.2766,5266.416
35,17455.92,16363.8
35,8442.539,8470.278
35,16311.262,5562.2812
35,13476.423,8410.336
35,1110.691,13497.4795
35,2436.6887,5109.0156
35,8377.188,17304.947
35,4299.498,14904.395
35,11037.502,8489.966
35,4343.026,4233.451
35,4568.4595,14563.182
35,6485.303,13021.811
35,16678.578,11162.309
35,17410.268,12975.309
35,19962.361,1298.336
35,18396.898,10986.268
35,4719.397,1242.8717
35,14553.258,8647.408
35,11644.772,18046.96
35,4749.897,2263.246
35,17680.059,18897.465
35,9481.812,9779.312
35,389.56802,1591.4298
35,10706.426,4274.818
35,13710.3955,13092.978
35,8057.2705,14405.031
35,19351.033,1138.1472
35,8768.841,3185.5452
36,10000.0,10000.0
36,16344.435,11445.8
36,15700.22,3286.5642
36,435.1613,16136.773
36,13312.699,6900.267
36,11223.776,16961.848
36,3150.5781,18021.238
36,12915.077,8352.736
36,14533.009,19174.45
36,18504.012,7510.4873
36,13462.328,9958.4375
36,10876.395,7240.21
36,1485.3125,13695.294
36,8220.819,1338.7739
36,18248.959,3327.0842
36,11605.112,2231.263
36,3668.6047,9369.165
36,12374.169,5562.0356
36,1071.8502,19766.076
36,11917.582,9893.803
36,19830.703,18385.072
36,10939.467,17746.385
36,11116.677,132.02826
36,8609.908,12525.952
36,16617.85,7271.455
36,16078.997,15587.4795
36,7000.821,9584.551
36,987.2764,1197.5576
36,15150.707,8036.8613
36,4130.4263,7822.4272
36,2301.5786,237.68538
36,15657.551,17732.914
36,13893.53,6513.8853
36,1136.9086,4721.401
36,18556.885,4512.146
36,4356.875,19056.06
36,15893.007,5007.5093
36,6129.7114,15910.179
36,2854.1953,12578.891
36,7530.2754,5862.606
36,5020.406,1569.082
36,5254.02,17092.129
36,12376.493,15684.437
36,6713.4272,18146.36
36,13662.269,17975.781
36,293.35483,2717.8628
36,4531.9126,14762.08
36,5808.02,5210.1016
36,805.6028,6275.7617
36,12674.233,15985.034
36,2062.0383,19420.428
36,12644.955,9705.514
36,5726.2905,6891.843
36,3865.096,19356.893
36,13123.251,8054.127
36,10746.257,2010.8348
36,4029.5544,7870.96
36,3138.5264,3031.289
36,5491.449,2669.1155
36,19083.592,1864.5259
36,11569.407,8769.448
36,6783.33,12072.162
36,7078.772,18450.373
36,11913.4795,4846.965
36,9388.337,7197.531
36,10010.54,8978.509
36,1440.7703,2569.5898
36,7165.6777,17878.3
36,10202.913,197.93959
36,6905.716,3546.9602
36,7405.8867,11335.74
36,14202.002,4627.9277
36,13105.712,1256.7723
36,647.6944,19316.115
36,10349.73,12142.901
36,8424.169,19938.01
36,3941.5225,11238.826
36,13148.905,17141.332
36,4803.455,8673.9375
36,6522.271,2291.6719
36,19906.072,8334.588
36,9005.504,4651.0117
36,1241.2544,2973.1401
36,11699.642,10798.211
36,13678.139,12845.932
36,6202.2324,12277.1875
36,1619.7157,3740.792
36,304.01447,11773.596
36,16459.918,9791.827
36,9587.172,12757.037
36,11667.245,17313.97
36,4297.5645,1349.4618
36,15960.345,2942.7332
36,8353.906,4004.9084
36,7408.695,5487.952
36,15126.243,7455.761
36,3785.2104,3097.5156
36,19303.625,2612.678
36,12648.109,3996.407
36,12696.9,19957.799
36,7693.1025,14358.299
36,11536.793,16533.34
36,3432.7332,17399.678
36,4563.7285,10935.943
36,19827.514,3020.748
36,7391.7017,12716.275
36,12752.864,5809.9785
36,7354.898,12940.557
36,15766.198,13484.189
36,10822.989,8268.032
36,2761.5215,18694.795
36,10146.263,8853.768
36,7749.517,7664.9854
36,7432.1743,10411.527
36,3932.481,3934.5613
36,12887.416,4481.279
36,4061.6113,7884.512
36,13628.632,14572.439
36,6520.001,12541.433
36,12982.267,2735.2312
36,4181.0747,1726.7463
36,17602.06,13721.822
36,12654.226,4034.7917
36,14996.968,15468.771
36,14864.722,3121.3425
36,16958.658,7042.321
36,4529.4316,11659.279
36,18830.45,12746.481
36,7721.9136,11016.976
36,2526.9163,17339.037
36,7361.262,17064.025
36,16937.49,7656.7275
36,16789.979,6376.1
36,2118.1326,9057.437
36,6547.2217,18276.844
36,2890.4465,19239.969
36,9211.052,17283.365
36,550.54047,16169.816
36,12650.003,16957.602
36,6455.9707,2880.5737
36,2916.969,9772.1875
36,12707.419,5159.129
36,17208.123,5153.295
36,16914.857,15707.282
36,4133.867,11916.869
36,2043.6444,14801.311
36,11959.459,1281.529
36,19451.754,15911.703
36,3787.2742,3329.0044
36,19950.145,16400.385
36,13740.497,9707.423
36,13566.683,4710.801
36,10861.629,14592.66
36,8288.429,11501.409
36,5887.2153,18418.16
36,8747.367,9769.946
36,17484.283,9814.296
36,4128.911,2776.9817
36,14029.828,18633.799
36,19038.06,4636.1396
36,3719.806,7980.2974
36,10173.023,7023.5684
36,14682.735,7702.5864
36,14445.26,4252.0996
36,9897.734,3171.8865
36,19293.592,13027.925
36,12632.598,11700.719
36,13130.818,19984.17
36,18220.102,7215.654
36,3318.1943,10274.611
36,18635.08,12868.213
36,10643.752,8997.483
36,7312.5527,8076.564
36,11812.312,10356.623
36,8495.058,12793.275
36,2406.109,2011.1487
36,6388.4673,228.59038
36,5497.174,11453.591
36,19379.117,15224.295
36,19051.521,12221.885
36,2254.4624,19459.678
36,11796.329,16405.576
36,14331.763,5342.4595
36,3184.4568,16048.045
36,7077.1436,3128.9172
36,15217.006,6241.2476
36,13873.182,67.086365
36,3397.9568,13056.208
36,4970.653,16204.779
36,1772.3217,2157.2664
36,10646.58,12430.354
36,42.409035,11223.213
36,4039.1,18628.053
36,9626.265,38.601265
36,6184.3584,17771.486
36,7690.375,10676.477
36,19963.375,6207.467
36,9836.743,9829.972
36,8565.594,4259.3394
36,13468.202,2863.1345
36,17401.701,4153.2607
36,13754.715,8652.632
36,2548.7417,18615.69
36,4258.1294,10358.276
36,16978.61,11363.788
36,17014.195,985.1684
37,10000.0,10000.0
37,13238.091,16805.428
37,15421.517,5948.718
37,5990.318,19393.672
37,1320.5652,11490.593
37,10160.654,14662.665
37,148.84593,9729.165
37,448.24377,18157.965
37,14165.938,19921.45
37,6716.432,18586.777
37,14829.305,16099.325
37,19875.617,11616.342
37,5789.6177,10061.181
37,16957.037,17804.107
37,10677.863,6159.564
37,11010.749,14543.045
37,14663.294,19717.281
37,791.6302,19574.95
37,3882.9536,522.7839
37,5138.8174,1032.0914
37,7866.661,19796.73
37,8006.5757,9446.258
37,19825.53,18458.48
37,9915.413,3267.7646
37,13320.45,2721.6694
37,1037.4279,1226.6068
37,18946.36,92.431435
37,6492.56,12602.108
37,14822.546,8910.382
37,19566.568,7542.2305
37,12818.356,18492.457
37,10084.465,5690.5654
37,4044.5715,3479.6013
37,1550.6862,6867.714
37,7943.0186,11079.522
37,7128.367,7321.5337
37,1002.52673,7161.2583
37,3184.6514,9204.404
37,4771.2017,16006.912
37,19550.527,13124.253
37,5161.184,10924.732
37,631.38007,13654.562
37,5904.1577,16412.57
37,4689.2363,2846.3167
37,3499.0432,1807.1501
37,16864.156,6135.2686
37,5898.4136,1395.3372
37,10664.037,3750.7954
37,4477.232,6102.5986
37,11089.969,9977.873
37,18133.037,12026.957
37,9852.736,5415.6284
37,12931.159,15089.263
37,16536.324,11017.284
37,14846.934,17178.756
37,12109.305,4111.694
37,13091.518,15083.706
37,12451.674,10160.716
37,1139.1852,5067.5396
37,3478.4685,14688.23
37,16630.258,18985.76
37,1411.2515,3816.9797
37,438.0121,8329.837
37,12016.972,17832.033
37,12522.777,2482.8408
37,5981.859,19480.36
37,10422.675,5660.866
37,19229.566,5804.6943
37,1908.0403,15114.585
37,7509.1934,907.90063
37,10091.165,3513.048
37,13533.476,19686.615
37,18083.465,11200.918
37,14819.015,16881.258
37,2827.8564,9933.155
37,12154.218,14821.526
37,2621.9849,4475.6396
37,11207.684,9615.818
37,3926.364,19443.299
37,9190.547,5851.26
37,3103.8853,3804.2004
37,18885.97,1308.3871
37,5478.2295,16360.31
37,8445.526,2694.6216
37,13481.515,10453.481
37,9634.569,3884.8997
37,6111.3584,18287.045
37,2025.9912,12536.623
37,10638.68,9891.407
37,19667.068,18429.443
37,554.74445,14221.552
37,635.88025,18846.564
37,10130.847,3768.0244
37,16780.688,17829.85
37,19718.701,11684.673
37,10014.52,6673.503
37,9852.262,12964.326
37,18646.307,6029.712
37,13918.545,17272.777
37,13288.774,16781.229
37,12390.099,3034.1787
37,11431.0205,15829.042
37,12002.259,16421.633
37,16878.05,12357.288
37,11594.322,4569.024
37,6775.116,7499.228
37,14183.498,7451.5586
37,8751.01,1973.88
37,345.29773,15017.756
37,15829.98,5481.6426
37,15812.742,14514.403
37,14975.615,9956.212
37,11816.325,10966.945
37,2039.1578,9619.903
37,7754.316,4244.2617
37,7877.917,5980.447
37,18002.014,217.50958
37,7675.2188,15720.546
37,17621.568,2012.3887
37,14201.281,9806.734
37,15874.302,9266.146
37,3433.5425,13051.736
37,13198.48,7306.5923
37,12767.402,1998.0098
37,1698.0903,4539.305
37,6436.1035,11858.171
37,8816.489,4282.2363
37,1625.2365,13518.662
37,16700.64,4610.4043
37,9426.896,10888.185
37,17857.328,9498.688
37,743.5565,10.772349
37,19941.373,12161.846
37,657.2754,12926.736
37,18235.229,415.08096
37,10342.315,15707.994
37,4740.9946,4706.8394
37,1452.5013,10198.6
37,10070.42,12732.109
37,8414.917,6465.076
37,10527.402,12473.076
37,14826.048,16349.974
37,15600.0,9196.011
37,18279.182,2148.9016
37,15693.945,14197.946
37,16029.9375,4284.4756
37,1691.319,8265.457
37,6008.8037,14740.401
37,12259.035,8450.769
37,14008.208,9946.079
37,13047.49,13623.945
37,7452.3657,8672.081
37,9976.076,10464.24
37,320.60812,12459.493
37,14611.615,4701.861
37,12913.793,7082.8896
37,8762.402,17193.115
37,4119.1206,11582.554
37,3151.5645,939.9934
37,15176.769,7130.138
37,538.7871,14994.345
37,9315.226,12836.886
37,3520.097,15396.164
37,19321.475,6246.7964
37,9806.625,5928.935
37,10208.196,16949.77
37,2014.9423,6303.226
37,15374.19,6949.689
37,17800.326,5299.3896
37,8218.021,2666.8235
37,7801.617,17742.77
37,17024.799,11569.139
37,10595.003,418.77542
37,9314.635,12237.5
37,19044.734,356.56836
37,16721.672,10657.654
37,19640.973,3288.9424
37,9281.903,10369.533
37,2050.7969,12095.128
37,2819.0615,3649.0496
37,6107.227,4598.8623
37,5523.4673,5528.942
37,4186.5684,18646.535
37,19731.072,6359.4624
37,18515.926,15351.522
37,15976.847,11145.958
37,17746.21,5881.3877
37,10742.159,5727.0547
37,8884.618,16524.328
37,14483.852,2712.7495
37,8464.08,1272.9413
37,17303.566,10922.739
37,16472.207,16140.903
37,17901.129,17597.004
37,7243.513,16488.23
37,1236.998,11567.066
37,17364.607,2574.153
37,5942.3413,1039.5247
37,17789.902,4010.7449
37,9500.313,19189.363
37,9022.524,15367.336
37,13999.224,3941.883
37,16250.172,9064.931
37,1829.0884,6968.4277
37,8720.909,9121.646
37,12595.777,2807.6262
37,11174.654,4848.8145
37,11103.735,18646.19
37,7686.6714,19745.03
37,10992.852,16334.962
37,12945.992,10983.683
37,6931.518,19693.994
37,4270.202,2689.1
37,6334.7656,16191.326
37,2900.7002,11381.061
37,8698.668,3143.6077
37,15416.706,7643.6514
37,16635.336,1082.7721
38,10000.0,10000.0
38,17481.555,17484.676
38,1966.5269,5607.0093
38,19457.703,2949.881
38,19700.174,16523.744
38,4469.057,4676.789
38,19212.207,5105.3394
38,6444.665,8446.852
38,5346.9624,17543.34
38,11531.952,4210.0605
38,19362.768,11633.4795
38,1890.8107,16824.293
38,8380.02,14706.074
38,7296.4375,17192.953
38,11265.211,10564.521
38,12191.561,2722.6306
38,11445.652,11828.157
38,14818.94,12292.387
38,17337.723,5155.8926
38,3429.7385,17169.273
38,13100.529,14776.723
38,18308.041,12589.58
38,7363.1294,14744.94
38,1169.1067,15503.1875
38,18383.81,15059.634
38,11472.599,12078.213
38,15816.72,491.57828
38,3742.4673,9301.431
38,8843.471,8008.4
38,16562.945,11472.887
38,5023.912,9853.662
38,1716.7454,6394.5674
38,19528.482,1809.4142
38,10528.342,18306.744
38,9600.421,10700.99
38,2505.634,6273.8076
38,2854.701,14448.03
38,13836.283,19080.14
38,9124.367,14837.994
38,9214.653,18475.943
38,15747.242,1615.184
38,9684.478,3857.6604
38,1768.5076,14074.983
38,11130.386,17123.848
38,12835.527,2388.2803
38,8607.65,9961.515
38,5666.0176,7547.074
38,18956.11,16882.258
38,7978.1406,12472.868
38,5067.016,14142.677
38,15002.426,12382.46
38,15425.893,16811.943
38,18672.72,2355.3013
38,590.20996,2630.6504
38,14219.463,3720.1296
38,18872.984,9657.055
38,98.889885,379.0091
38,10316.226,8299.847
38,17165.87,7478.682
38,8212.659,2081.2427
38,6481.061,14826.133
38,10113.547,17062.299
38,17137.182,7608.745
38,5348.439,12350.561
38,5510.788,13649.104
38,5259.4653,9687.784
38,7948.6914,4190.6025
38,12335.747,5161.876
38,3077.664,14257.083
38,18631.277,10659.944
38,17152.795,17061.701
38,2198.9597,14006.878
38,8457.311,13687.882
38,18195.379,6680.6636
38,16723.578,18764.342
38,59.735783,3304.9224
38,10913.38,4900.087
38,17639.201,12524.876
38,4652.258,908.90405
38,15487.16,14215.101
38,11590.221,6973.0435
38,12482.503,1214.6692
38,15842.562,11667.666
38,14412.543,19846.035
38,4818.304,3130.747
38,14586.784,16352.296
38,7528.945,5517.4004
38,2749.7827,6603.123
38,18370.81,9682.3
38,9072.496,15321.789
38,9809.749,1251.0754
38,13331.246,15179.976
38,11163.04,9415.759
38,5348.5864,2856.9941
38,13753.981,8541.083
38,7116.6743,19985.867
38,17413.06,7001.7725
38,2218.366,3017.5562
38,6815.163,13586.845
38,14838.428,13461.533
38,16070.806,10479.656
38,18.059448,13076.535
38,15960.483,9128.906
38,12931.834,14436.826
38,18657.8,12196.913
38,8632.781,6265.6406
38,1200.056,2615.595
38,5358.6436,19113.3
38,810.5651,13873.443
38,9407.074,13820.585
38,18276.408,4486.2183
38,804.64813,6317.76
38,4274.635,13216.78
38,10123.845,6508.307
38,14507.344,6563.857
38,957.2538,7855.5474
38,657.077,1223.3391
38,11496.583,118.20691
38,5965.6704,3747.5132
38,4236.2764,14208.309
38,13399.768,3885.0598
38,3822.0493,6387.992
38,6656.0015,9465.302
38,19249.604,1424.3795
38,9457.869,1717.204
38,1256.3544,5397.6113
38,8426.458,10473.544
38,19319.586,9061.416
38,5730.251,11369.797
38,17742.646,3404.1724
38,7957.23,1492.9856
38,6786.059,15704.803
38,10412.187,15592.89
38,5352.703,1005.38293
38,452.6203,9708.161
38,6474.1914,6057.972
38,6531.5107,8466.578
38,228.51387,15774.602
38,10267.334,5745.2344
38,10225.496,9574.848
38,13903.419,17699.98
38,13879.639,14442.385
38,10599.824,12974.037
38,14466.897,17809.139
38,5794.5757,10122.539
38,5406.839,14220.176
38,2762.4048,16629.217
38,9728.862,14989.853
38,4202.65,4979.4316
38,18106.47,843.82184
38,12821.239,1335.3242
38,14876.896,15451.965
38,14373.07,16194.209
38,3201.488,34.91072
38,6475.13,3518.9668
38,12673.58,9078.934
38,8120.7266,771.1175
38,8693.99,8579.844
38,7874.718,700.9187
38,14874.566,4986.126
38,1826.0529,4440.9814
38,14281.0205,16592.06
38,10963.751,7194.06
38,18709.113,8268.077
38,10284.424,3678.9934
38,7912.698,11214.072
38,1661.9642,12677.779
38,1349.6697,693.43634
38,12976.84,11941.175
38,18601.586,10046.949
38,5057.92,7744.563
38,8356.603,10695.077
38,1710.553,18238.055
38,12217.016,10385.676
38,637.01276,1321.52
38,19725.31,1008.87787
38,7388.3906,4534.935
38,19979.627,6303.2817
38,9043.88,19764.129
38,19822.686,6163.478
38,8299.752,636.8947
38,8430.349,4083.219
38,6664.3857,3446.7966
38,5653.5957,9307.959
38,13085.955,15313.211
38,2898.551,13525.185
38,16586.785,4431.234
38,7121.9673,7861.4365
38,17954.438,1729.7635
38,16471.064,17821.686
38,7810.8135,6905.6665
38,5258.555,11231.204
38,3598.6797,15686.631
38,5867.8687,13967.406
38,14537.695,87.53224
38,725.24066,16663.342
38,15008.875,5827.7085
38,17980.088,14420.046
38,14406.16,11709.171
38,2427.5833,17579.236
38,6987.2856,4520.14
38,7218.517,9893.6
38,16692.797,15720.998
38,9828.5,13524.619
38,13711.628,18762.201
38,7742.8545,9867.607
38,10840.215,15535.641
38,2603.0686,12304.225
38,10302.277,19034.338
38,6957.2676,17407.84
38,13821.468,11879.719
38,16645.51,1285.8075
38,1178.3427,423.1597
38,6047.1494,13458.461
38,10803.479,17348.77
38,9703.715,15668.366
38,16857.422,3770.626
39,10000.0,10000.0
39,10974.129,1455.184
39,8097.6714,7632.558
39,11961.1,8162.9023
39,15782.148,15983.499
39,14833.605,7202.7856
39,15143.29,15731.665
39,12000.257,15854.441
39,579.56616,10069.425
39,1482.1603,6226.137
39,12840.271,9898.54
39,15493.839,19855.818
39,8130.367,3357.8904
39,12119.224,371.87173
39,10229.661,7398.593
39,7120.821,18804.186
39,8140.659,7320.672
39,2695.0312,16939.398
39,12811.146,10588.929
39,14573.583,1274.4368
39,13434.579,708.1588
39,6927.3574,8741.876
39,16225.697,3572.5918
39,13191.065,11327.689
39,16744.215,18288.451
39,11871.658,8149.3745
39,14398.502,9508.54
39,16561.062,5788.076
39,11527.59,4138.78
39,4581.62,12062.898
39,3300.175,10062.716
39,5184.679,6509.7573
39,12311.419,9319.906
39,1241.6703,18123.346
39,7667.172,2883.1643
39,735.12256,15964.985
39,14812.147,11379.975
39,14218.192,9321.225
39,14927.411,17193.738
39,10976.698,15173.666
39,2071.6245,16628.025
39,2328.2598,321.38266
39,12383.075,12589.67
39,11450.867,16025.815
39,7478.164,1258.5839
39,2036.1581,18375.34
39,4363.1616,10325.05
39,12650.3,13150.986
39,3787.0818,2785.849
39,17008.768,2320.0247
39,10949.48,5381.2354
39,11664.153,11625.501
39,18379.398,19439.521
39,18410.975,19516.576
39,4055.7114,4021.1787
39,18778.908,254.16948
39,15130.231,7305.662
39,12215.572,6193.7915
39,3605.999,6281.6304
39,16929.678,16542.889
39,11747.815,80.11721
39,9325.81,6687.849
39,777.2471,18748.238
39,3595.4182,17259.719
39,13074.3545,2218.6606
39,4075.0083,7155.915
39,6915.6914,11570.586
39,12309.108,14022.9375
39,13678.066,9069.704
39,17248.479,14159.018
39,4525.8154,14616.715
39,10457.748,1766.3164
39,3507.897,2250.727
39,16349.035,2937.1936
39,13502.424,1555.1984
39,10605.129,5564.355
39,18094.062,4771.541
39,10289.021,19420.441
39,2367.5422,14157.025
39,6953.136,2543.8035
39,11098.5205,19728.39
39,8791.785,14078.692
39,5985.594,12151.539
39,5229.2676,7668.4854
39,5788.849,19311.314
39,6748.752,4502.1196
39,1923.5712,14686.285
39,3097.9465,8381.127
39,9206.081,15516.591
39,16395.898,1199.2734
39,9052.772,13611.873
39,17738.955,3572.7715
39,10708.256,4923.1035
39,5666.7393,6353.326
39,11948.617,5486.0684
39,15714.009,1193.5243
39,5032.0117,6701.219
39,4735.985,2625.3628
39,15799.05,8136.052
39,18916.29,3236.3665
39,19901.57,18699.322
39,10425.605,3145.7583
39,6647.234,15858.98
39,3619.3564,18743.371
39,3126.9224,10105.155
39,848.98004,2138.0027
39,18281.043,2647.5642
39,10793.005,18823.332
39,536.7085,16778.604
39,15771.39,320.61298
39,19834.469,8242.64
39,15778.077,17825.885
39,1661.8353,7619.795
39,17918.275,9134.245
39,14531.178,19544.447
39,13791.987,6338.5547
39,8475.109,9519.304
39,845.3456,17077.229
39,19781.615,1780.1956
39,926.06213,14854.152
39,14289.656,272.7285
39,19400.514,19759.445
39,14233.537,15580.028
39,1698.3917,16462.639
39,13608.683,19783.436
39,2252.4785,4516.858
39,15380.475,11405.687
39,3532.3308,2189.584
39,18623.326,1395.4551
39,3163.9626,5814.901
39,6979.6816,14243.319
39,17821.531,16139.822
39,11304.33,17635.555
39,15026.119,9977.073
39,8737.356,15754.661
39,19397.5,11901.885
39,16262.622,19982.61
39,6010.1675,416.1555
39,15098.439,15029.785
39,164.99022,17275.95
39,19073.49,10572.267
39,3939.7922,19622.924
39,19556.7,8667.561
39,14793.637,19196.932
39,1141.7446,17167.363
39,6517.146,10968.539
39,529.41077,9395.752
39,11171.9,10572.226
39,3422.2795,10104.15
39,1162.1929,5161.562
39,13379.044,16949.703
39,6493.4155,16971.2
39,7643.8735,18705.549
39,5050.056,8758.674
39,18544.555,13827.292
39,6034.6616,12445.006
39,17271.418,13503.189
39,18879.355,4197.7725
39,13707.102,18501.463
39,16878.928,12294.414
39,17474.283,16881.549
39,13845.5205,1615.5836
39,19636.904,19711.475
39,11225.198,17674.842
39,19336.037,19745.715
39,11833.251,8079.0205
39,17903.564,1237.2513
39,5195.421,4637.39
39,10625.077,1033.467
39,6014.9844,18132.691
39,17420.037,5403.8774
39,11319.912,1257.3451
39,18819.102,6491.7007
39,18678.225,4126.3447
39,3651.974,3989.13
39,3418.6638,18781.66
39,5156.5654,14455.131
39,15699.944,13022.813
39,8835.322,12288.75
39,13432.311,14283.222
39,6179.017,4743.1235
39,887.6053,10491.044
39,4180.8794,13795.088
39,14499.265,9791.337
39,4585.5327,11230.385
39,3121.9893,18491.693
40,10000.0,10000.0
40,2187.805,4641.5576
40,342.52145,6782.6255
40,15282.677,15953.149
40,18074.625,10421.961
40,13412.162,9470.562
40,10296.726,4805.5845
40,14875.991,1283.8776
40,14790.601,16239.815
40,1273.259,11871.145
40,4938.0283,16969.709
40,17887.553,14027.633
40,11403.406,2532.398
40,5902.5156,9870.938
40,4970.8364,13779.004
40,2295.3533,406.9994
40,4732.8804,18565.693
40,19739.996,5258.7974
40,14339.711,17219.086
40,13706.072,1813.5272
40,11736.324,5828.421
40,10527.724,12978.937
40,15814.388,313.57324
40,17518.768,7327.3047
40,103.13049,2415.1973
40,14345.507,14289.209
40,11426.784,18298.21
40,3537.0698,13488.531
40,10129.136,12219.457
40,8726.249,17778.953
40,9555.436,14108.624
40,5002.6245,8615.756
40,16738.592,1065.1188
40,5625.141,14815.517
40,4680.767,9695.808
40,3274.9177,16735.248
40,14890.346,11032.278
40,19286.42,12324.96
40,18531.025,5217.5664
40,15090.917,6843.0063
40,14607.95,6102.271
40,7184.47,6432.5747
40,764.62683,15179.483
40,15017.636,8746.212
40,7920.5435,19598.863
40,17645.775,2684.2427
40,4399.28,11666.449
40,10453.156,12580.1
40,10649.102,13348.155
40,542.1458,16689.299
40,11961.77,1424.1202
40,8646.878,8541.005
40,3064.7856,2319.5464
40,11175.561,861.60834
40,18300.217,18623.488
40,9724.403,9701.598
40,14645.415,18783.727
40,6599.3223,9075.704
40,340.92392,13790.201
40,7265.5796,10526.4795
40,2931.3875,4315.01
40,10289.275,17653.26
40,11780.604,13252.79
40,8341.242,10122.325
40,7276.42,4074.2073
40,5917.801,3975.2908
40,15797.567,19650.268
40,10547.272,7472.9585
40,5486.7417,11820.261
40,9267.133,18876.139
40,15343.077,18419.637
40,9036.985,4548.43
40,16801.166,16789.4
40,12089.899,16657.959
40,12582.61,4222.2607
40,18257.002,4499.3037
40,18243.303,11825.629
40,469.38342,4598.4634
40,17887.352,15026.7
40,14660.982,6910.6157
40,3169.433,972.07135
40,10349.314,3159.7507
40,163.35663,853.66766
40,4648.82,3474.9302
40,11030.788,8948.391
40,6192.8574,17962.584
40,7831.995,12599.567
40,19914.1,12529.512
40,10857.149,2706.7852
40,12639.956,14474.272
40,7522.8726,4236.406
40,17236.777,7190.291
40,7953.298,2927.1035
40,4705.5005,975.5117
40,6286.511,7285.387
40,16107.64,17780.227
40,3123.2114,13961.031
40,3575.8352,124.3125
40,16546.541,8567.74
40,16509.31,9263.248
40,14323.045,5914.1724
40,9038.355,754.20557
40,19066.572,2154.028
40,877.75183,5985.3047
40,8825.374,10257.556
40,4965.2017,1519.5957
40,6389.8257,1387.3086
40,15617.293,8606.521
40,1193.6006,2338.0342
40,14433.699,11843.276
40,13991.35,2740.8093
40,11251.5205,4475.4
40,13344.248,17130.428
40,9356.849,17079.432
40,10400.766,2913.501
40,3334.5488,2593.5764
40,15243.19,10825.765
40,3672.2275,790.1908
40,12534.766,2613.8743
40,18056.809,13181.115
40,11245.125,9706.902
40,9533.849,15675.585
40,19908.469,10221.112
40,17769.432,14066.228
40,89.46242,2210.7563
40,808.4776,15094.921
40,7793.5264,13103.594
40,2277.672,15731.653
40,10201.744,19125.621
40,12329.8545,15612.782
40,5090.4585,15236.944
40,14019.867,104.880264
40,6443.5054,1670.1749
40,5391.677,2520.0635
40,5706.9443,16614.111
40,5264.177,18186.334
40,11985.469,5227.96
40,5259.155,13199.474
40,5910.4683,8903.544
40,12688.681,8957.627
40,11335.523,16810.346
40,18885.355,7703.146
40,9737.221,12975.427
40,16380.296,3436.9905
40,7943.705,713.91656
40,17843.479,13670.594
40,17901.418,1602.717
40,1985.4207,18265.514
40,14169.089,6028.6206
40,300.98166,15791.993
40,4351.3354,10920.675
40,13881.393,16107.588
40,11404.667,17206.748
40,13655.864,8209.188
40,9081.427,7249.2295
40,18438.752,12648.425
40,18812.586,11698.543
40,15093.773,8021.438
40,1163.9534,18082.662
40,13139.923,15870.129
40,174.99942,2700.879
40,16333.848,765.6582
40,3159.88,2815.1858
40,4263.98,12916.324
40,13047.867,14651.287
40,17238.293,2761.049
40,14259.976,3830.5383
40,3497.5479,14337.259
40,16117.414,7903.827
40,5379.411,8050.1567
40,14913.654,2445.4495
40,19777.56,13700.187
40,8627.575,4485.3696
40,1883.0808,11713.979
40,6461.8647,15164.252
40,16704.6,9979.14
40,17063.482,5195.557
40,7230.752,5725.863
40,9167.349,15209.464
40,1189.6348,16465.799
40,17597.873,14969.526
40,5656.5176,11376.587
40,4255.53,14365.67
40,16679.031,19502.008
40,12167.459,10694.201
40,4085.0393,19288.303
40,4567.578,12963.465
40,110.322174,6945.203
40,8784.809,13330.427
40,4201.3994,1871.3433
40,5361.0796,15549.681
40,13043.603,8588.288
41,10000.0,10000.0
41,536.9375,4323.4
41,10512.055,13665.218
41,15223.014,3877.7695
41,19277.12,225.65718
41,16620.023,19258.932
41,18071.13,5997.6797
41,18358.707,16739.977
41,242.14923,11848.608
41,838.8088,7452.2065
41,9691.37,9124.324
41,6313.0425,12986.9795
41,16732.678,13990.735
41,3171.2358,15145.609
41,12780.235,15836.6455
41,11320.015,16457.363
41,10127.645,2651.194
41,2596.2837,10056.474
41,8370.655,7114.223
41,5049.478,7873.348
41,4014.5771,5110.5264
41,12693.734,2621.0386
41,16841.223,17504.09
41,21.311172,16110.11
41,5470.0527,7537.804
41,11913.714,8502.636
41,2577.2307,12790.65
41,5999.59,1573.1484
41,19985.123,15630.525
41,3649.431,5922.0957
41,14984.716,5937.529
41,1666.1964,12877.544
41,1335.6072,15604.279
41,6402.3027,10715.05
41,18471.146,4634.338
41,7933.744,759.3002
41,1209.2935,10624.031
41,4541.5107,17886.408
41,19922.064,37.562813
41,16134.443,1380.3353
41,17615.186,2360.7212
41,15955.597,12251.663
41,2133.1304,2042.0385
41,103.531204,9659.693
41,15878.947,8314.176
41,5571.813,15411.507
41,8882.658,14804.847
41,8195.284,12155.112
41,19611.135,13830.466
41,5478.5967,17715.777
41,3744.293,2984.1775
41,15063.11,18756.861
41,17426.904,11490.817
41,9383.961,19419.984
41,11745.563,13036.298
41,12639.315,11893.005
41,2614.5212,8060.968
41,13918.373,19498.283
41,18958.906,17096.69
41,16934.729,5106.213
41,6831.4526,2314.2832
41,19983.707,13905.6875
41,6029.172,6121.6367
41,458.4224,2318.1892
41,12104.611,9352.591
41,11016.543,12153.594
41,15311.697,4392.3823
41,3656.2896,18199.521
41,16427.062,2339.8472
41,7574.614,18808.23
41,7970.4907,15120.936
41,9849.316,6172.4385
41,2470.879,10005.587
41,12893.599,18882.408
41,16329.373,8682.328
41,3500.31,5782.597
41,10113.8,3899.6077
41,17653.547,19.64867
41,7289.6694,12330.835
41,8139.2915,4616.6724
41,4174.086,19808.111
41,3810.1729,13801.967
41,19087.885,13498.78
41,3242.5947,11285.265
41,8745.954,2313.3667
41,4869.904,13135.754
41,17104.992,5134.5884
41,7039.3276,9462.431
41,7531.4175,17112.133
41,6505.4873,6057.564
41,13130.04,4555.262
41,1300.3826,2874.6704
41,17859.578,10985.878
41,1670.094,3282.8916
41,13077.234,16018.255
41,8399.771,3714.9336
41,7709.2446,13321.178
41,517.6376,18169.947
41,19939.865,15878.264
41,6128.472,4386.1147
41,957.0761,16744.281
41,6273.796,8433.492
41,13991.938,11497.459
41,5640.2446,16439.162
41,7474.0093,6189.1616
41,10725.992,3731.596
41,17171.799,16318.4
41,4654.0527,13720.863
41,1146.1489,4597.387
41,2774.478,18138.426
41,7221.24,12541.38
41,1164.1082,5594.3438
41,11828.79,9337.842
41,2618.6428,18394.703
41,9416.542,3195.509
41,15283.511,8730.882
41,6771.3735,19500.613
41,4103.074,1193.5497
41,17315.129,6143.1807
41,10153.23,10252.932
41,13508.889,9375.787
41,3307.6917,10799.059
41,8258.889,17531.473
41,18429.404,2224.6863
41,9411.079,6372.725
41,13654.834,12930.795
41,19038.818,9537.239
41,10570.482,17682.436
41,925.34076,1937.7991
41,7942.356,4590.4663
41,2112.2727,35.21547
41,7255.118,8790.783
41,2423.2627,6244.9746
41,345.55325,18435.674
41,4836.596,12871.321
41,5523.4336,726.40845
41,16148.232,16343.23
41,18097.488,19893.75
41,18356.955,10434.858
41,16255.709,14237.646
41,6968.3696,6769.281
41,2502.1375,14530.283
41,16604.914,9671.813
41,15490.991,8187.439
41,2045.6733,1659.2471
41,3043.6965,13782.536
41,19696.932,4853.5303
41,1905.8975,3072.0476
41,7446.2666,16229.594
41,7739.175,4575.9844
41,15667.144,2532.3027
41,2198.3894,938.68335
41,13487.034,11298.541
41,724.18176,14563.246
41,10110.061,13799.971
41,7141.4507,4397.7104
41,10488.014,19662.31
41,10382.538,17536.6
41,3888.0144,9858.743
41,7474.3823,409.85004
41,19256.4,13717.98
41,6887.742,9871.697
41,58.43187,4328.1406
41,7364.4043,16312.364
41,744.04095,2386.6587
41,4628.8745,340.19617
41,11571.239,4637.216
41,12547.418,18413.787
41,4305.582,1118.2352
41,17145.744,3791.071
41,12154.306,7505.171
41,16761.754,12369.432
41,15189.86,17087.486
41,15682.099,11170.255
41,10238.649,15661.775
41,13730.439,9978.018
41,1238.4875,16945.816
41,17466.42,14103.299
41,2251.4526,11909.385
41,1544.8096,3478.3872
41,8244.672,5457.2393
41,11702.351,17239.213
41,12325.791,12620.646
41,6949.5176,10755.263
41,12919.878,4271.451
41,12788.073,3524.179
41,14822.001,13341.703
41,3667.6448,9017.203
41,11311.843,2109.4722
41,11701.659,8180.3896
41,17598.98,14400.3955
41,12721.6045,7008.8745
41,19836.287,4887.107
41,13152.631,16177.455
41,18817.576,9870.147
41,2423.4775,11442.066
41,7869.969,16326.014
41,9407.919,10684.9375
41,17147.855,15326.557
41,11578.503,10154.038
41,19279.451,1846.5151
42,10000.0,10000.0
42,14525.963,10634.891
42,10988.1455,11344.71
42,12751.626,5989.021
42,6968.6465,19094.613
42,4237.2803,3423.8303
42,3993.5237,5691.517
42,5355.0854,12431.566
42,16944.814,807.10815
42,1337.7687,10577.206
42,14448.265,14061.756
42,7707.6455,12961.965
42,1802.7129,2372.2285
42,15917.68,2492.0679
42,10741.637,15686.667
42,5434.008,6129.2534
42,14089.014,18271.07
42,3636.3374,348.62427
42,14324.915,35.67183
42,172.54745,15224.148
42,10545.037,6158.482
42,17521.973,4547.159
42,16459.22,18398.312
42,7339.2046,6389.6826
42,5193.313,13941.67
42,19187.566,3879.0156
42,11954.556,6918.0684
42,4729.318,6752.5054
42,18915.863,19717.854
42,8625.138,13565.347
42,8864.694,239.66179
42,1865.2189,13806.3545
42,8859.159,11730.418
42,17124.896,13371.748
42,5688.203,4696.2656
42,12557.158,10508.489
42,1925.6584,4678.641
42,13517.634,8805.421
42,9849.482,3460.042
42,18526.342,14750.323
42,15484.55,15415.005
42,5926.132,3949.1985
42,6986.593,465.15112
42,11632.556,17942.342
42,3813.4905,17657.146
42,19227.627,14102.151
42,18763.115,16701.637
42,15271.743,5280.9233
42,12790.247,14581.347
42,10617.98,18574.336
42,13280.887,16846.035
42,18208.123,14491.44
42,17664.197,6868.8823
42,6487.7705,8802.896
42,16283.587,17951.977
42,9478.25,18101.393
42,11659.868,12712.506
42,975.0167,15091.462
42,19812.74,2915.1472
42,7821.4966,12908.002
42,19614.043,9553.714
42,2601.7488,6843.6533
42,11454.866,4905.1074
42,16580.502,3334.5564
42,19298.443,18676.371
42,10370.736,5067.8286
42,10529.9,16661.717
42,10659.568,13387.152
42,8063.137,12625.64
42,4085.9348,11524.59
42,2809.4404,2501.9417
42,3769.3037,10014.316
42,14114.885,4625.503
42,14174.406,1741.941
42,15298.965,4514.688
42,14775.888,19398.502
42,4736.241,12220.251
42,17983.744,11676.089
42,12908.387,9379.796
42,12930.505,12409.458
42,16849.082,8498.599
42,8913.539,10105.452
42,7174.4087,8952.101
42,7827.037,16531.506
42,9937.758,1479.252
42,17296.21,10148.784
42,637.71356,13004.55
42,1470.8632,7147.6045
42,13988.73,19756.705
42,8278.567,12975.961
42,4497.9624,13826.641
42,18601.666,433.5265
42,6456.191,7855.843
42,10126.348,13678.471
42,2256.7166,17622.08
42,18640.512,15154.486
42,7915.574,8568.4795
42,8715.85,1862.49
42,19614.752,10366.526
42,15207.475,5623.217
42,17443.58,3022.7778
42,14043.301,9856.751
42,8868.183,15207.1045
42,3327.706,5901.709
42,9658.677,10063.636
42,11853.424,18023.582
42,19338.428,102.8213
42,9286.5625,6886.6187
42,9016.378,10162.129
42,1120.3005,18661.658
42,1289.5028,14306.667
42,1226.5004,9686.2705
42,19807.652,11675.949
42,17273.55,12090.765
42,9000.554,15307.763
42,15489.795,4647.5063
42,9648.463,3543.327
42,18718.773,11579.677
42,17649.094,12418.975
42,8754.807,2464.1438
42,6005.3267,19903.377
42,4992.9375,374.85693
42,19942.406,3994.3137
42,18676.812,13400.049
42,3237.1426,18682.854
42,4828.3477,376.63058
42,7756.7334,4751.4565
42,14362.854,11438.461
42,1418.407,10592.416
42,5318.3604,11775.402
42,10900.679,16929.086
42,18986.342,145.69803
42,4004.88,5871.9434
42,17861.842,15875.791
42,13855.503,9680.291
42,14617.27,17319.324
42,2591.9756,19142.252
42,11851.862,4774.455
42,3624.922,14019.195
42,15532.087,5848.382
42,10986.443,19924.25
42,7157.3877,6488.574
42,17167.367,16459.752
42,18823.434,19495.299
42,8205.771,1334.8015
42,13250.217,2374.8113
42,1382.2954,19193.564
42,7741.7153,2854.46
42,17972.71,1549.399
42,7544.2036,13612.328
42,743.8759,10550.001
42,19208.402,11706.028
42,5969.0386,18824.414
42,10344.613,14392.466
42,14718.866,10594.943
42,10905.862,8051.447
42,3053.6665,14008.436
42,5038.5825,962.2598
42,17572.092,6440.376
42,17075.459,120.603264
42,15447.005,19446.168
42,2820.811,12000.808
42,16831.447,14069.778
42,8766.948,12685.487
42,19792.35,4117.5205
42,16476.273,1271.9001
42,13399.209,18045.275
42,18369.117,12777.545
42,17623.328,17473.445
42,13980.344,9151.401
42,1616.3318,8990.292
42,13938.98,17680.492
42,14855.721,17506.309
42,4871.562,17071.809
42,3262.9111,14648.989
42,1997.0901,1014.5981
42,17353.365,5279.954
42,17643.146,13940.908
42,18224.611,9229.295
42,16077.604,5336.876
42,12530.326,15244.788
42,16032.794,1889.3413
42,11382.817,13524.202
42,4303.9307,15136.935
42,5630.442,7730.0576
42,7360.192,4650.64
42,16855.5,777.281
42,7194.866,19092.355
42,3432.667,12249.587
42,116.5443,17686.256
42,17831.574,7233.588
42,7563.8164,9467.61
42,18763.73,9788.35
42,3418.826,17072.615
42,768.6054,5847.0815
42,17686.477,5358.8687
42,8595.381,6439.4023
42,11470.364,7985.889
42,4552.811,14027.226
42,3894.7043,17674.467
42,7214.5923,9452.741
42,15210.81,6722.7114
42,12115.577,6714.5625
42,18073.566,16518.031
42,14519.575,5730.385
42,15890.302,16890.135
43,10000.0,10000.0
43,2134.2126,9957.584
43,14653.774,17852.297
43,4209.705,12825.176
43,4945.9814,18672.732
43,15576.635,12635.877
43,17175.973,8840.982
43,16935.934,13669.644
43,2464.3704,5979.0283
43,11640.624,6404.244
43,4946.7334,14345.864
43,3827.1404,10644.148
43,5942.9824,12384.988
43,1520.2612,17894.41
43,14845.713,19221.926
43,14869.266,19865.055
43,2667.1257,11663.696
43,11923.92,279.7076
43,3592.0967,1761.952
43,17170.07,5207.315
43,15128.507,16179.187
43,5665.2583,5186.1436
43,11665.519,7873.7124
43,16744.184,2911.8323
43,2643.405,8327.724
43,10538.8955,12750.201
43,11706.017,4811.863
43,7537.8193,1898.3726
43,5413.805,15158.383
43,6437.867,6007.7534
43,8317.3955,2526.7568
43,18750.922,18748.648
43,15156.572,4795.7935
43,9997.068,7844.517
43,16383.946,9816.541
43,8662.507,1269.3502
43,3827.3708,4481.592
43,280.78406,18652.729
43,12329.935,6534.1313
43,8051.735,18614.148
43,2194.4253,9181.969
43,9347.655,9657.321
43,17374.69,3624.863
43,301.1124,2301.7437
43,17073.18,2189.8018
43,18100.832,9499.057
43,3823.6292,18590.805
43,10399.452,1448.8561
43,4035.3926,3909.2778
43,16809.59,16766.154
43,3776.7324,16473.523
43,14388.105,2026.968
43,17036.846,12345.917
43,15482.657,4118.22
43,8034.931,15964.495
43,12027.328,1936.551
43,7686.1646,5686.0005
43,17493.758,5789.439
43,7515.399,4843.957
43,14502.806,13779.568
43,17510.588,9164.02
43,4363.9834,18958.955
43,15665.336,14073.666
43,14065.223,18756.822
43,15126.515,3761.3745
43,8284.842,3426.8647
43,6693.562,16103.189
43,19637.865,19961.395
43,12670.745,4196.235
43,10534.826,5467.1333
43,19686.457,13368.804
43,8089.3013,1353.5771
43,16935.049,4485.9473
43,4527.3145,19855.617
43,11757.198,536.66583
43,13113.326,12916.017
43,18279.455,18543.291
43,15279.128,16352.839
43,184.47249,15842.666
43,13566.862,5179.84
43,2677.2065,470.65833
43,2574.941,14324.413
43,6974.451,2926.265
43,9457.54,1250.7844
43,11096.134,7502.938
43,12214.455,2229.9595
43,388.92163,6301.6025
43,6372.1846,1788.739
43,15334.4375,1305.0552
43,12056.232,2461.7961
43,9035.726,13696.405
43,19499.887,10149.744
43,5029.3027,1136.4631
43,19710.123,1613.9537
43,19129.371,18123.441
43,6470.151,15588.499
43,18578.346,12280.2705
43,7255.6133,8515.598
43,17621.4,12978.599
43,11065.946,5877.8667
43,264.2281,62.059315
43,10371.281,11660.773
43,11538.528,1054.7755
43,11574.822,1811.5741
43,6233.6626,15963.185
43,6733.8315,17611.635
43,7063.783,12849.732
43,16680.459,12460.839
43,14080.903,14076.01
43,6637.87,15327.281
43,236.32066,11361.143
43,8364.266,1021.09204
43,3287.0254,19140.492
43,2342.2375,6992.794
43,5328.404,8913.551
43,6.327145,6194.8867
43,9969.192,19926.021
43,18716.768,11846.049
43,15685.042,1178.0938
43,9201.452,16686.2
43,8337.068,18916.898
43,6356.1235,4432.4487
43,17234.238,19223.55
43,730.93146,19159.393
43,8726.861,8822.634
43,12975.165,11116.185
43,13419.147,10746.699
43,3650.689,12112.62
43,470.47015,1.502554
43,8933.925,10620.578
43,8859.166,18116.096
43,19050.957,11874.411
43,14052.969,4882.4824
43,17061.348,7200.2686
43,3995.6433,11506.436
43,16243.988,10666.203
43,16943.693,9451.653
43,12935.0625,10628.421
43,12843.338,19045.746
43,509.87845,9484.85
43,2805.602,18732.545
43,13683.753,3544.9556
43,11176.751,12917.264
43,18232.475,6935.8545
43,2256.8108,11992.083
43,4058.3562,13500.148
43,8076.286,2354.6765
43,737.5721,9760.969
43,16099.355,3254.848
43,5125.956,18446.176
43,11091.759,13954.077
43,5837.513,9017.345
43,12326.414,14533.214
43,10263.263,14646.934
43,3804.2551,3419.703
43,4243.6,5889.154
43,16824.299,19665.309
43,8803.61,7441.707
43,7338.4355,16493.203
43,134.60272,15767.787
43,6378.834,6401.683
43,17473.84,15713.261
43,11735.056,19582.008
43,19507.549,8232.913
43,7586.1304,17193.24
43,14295.621,14983.941
43,14918.603,13506.348
43,19584.379,8211.209
43,14522.092,14066.204
43,3583.9714,902.6402
43,1157.3555,11092.407
43,5280.225,4450.581
43,14370.629,2117.6194
43,10173.282,15579.359
43,5395.2964,1888.5966
43,18394.307,9248.675
43,17159.385,12700.267
43,14506.976,1695.2172
43,16604.629,7397.705
43,16929.252,8308.926
43,9402.616,14762.208
43,5654.158,19523.37
43,19804.9,8865.165
43,17835.736,4172.1504
43,17081.568,10063.365
43,6590.752,18223.195
43,17007.854,12269.634
43,6114.1367,6725.5786
43,6041.057,4478.355
43,9621.601,15310.771
43,2221.3005,1369.9984
43,12183.361,5185.956
43,14541.35,16480.809
43,9500.166,14570.953
43,6033.757,12804.453
43,9264.415,2218.6794
43,4045.5945,13888.01
43,10624.744,19142.232
43,15046.537,10780.453
43,5710.7617,19580.9
43,2351.5815,6570.3564
43,8059.9443,14371.087
43,9542.301,10734.238
43,6842.7495,18181.352
43,10642.185,17399.018
43,2346.3813,4017.3955
43,9128.541,10818.301
43,13636.738,19642.492
43,10559.76,10082.756
43,13682.865,4964.8115
43,8690.986,7239.207
43,5075.57,8413.792
43,2828.0369,5135.9277
43,15046.748,4885.9194
43,14114.147,19188.566
44,10000.0,10000.0
44,7968.927,6748.483
44,17764.58,7213.1475
44,4682.53,7098.6924
44,13665.071,15839.162
44,15994.231,8828.81
44,14838.118,1375.0596
44,14539.82,6529.7603
44,9116.711,13646.758
44,15554.587,2194.6992
44,4622.5005,15007.274
44,18448.535,17034.031
44,1829.2457,12536.59
44,3426.8813,12269.463
44,11705.932,19591.21
44,642.162,12962.835
44,13242.111,8368.467
44,3653.333,13194.009
44,3526.638,17209.377
44,3200.6606,6952.2163
44,12856.933,11865.013
44,13958.0205,12939.463
44,8923.211,3846.6072
44,451.6298,936.3516
44,10429.499,17339.875
44,12063.281,8753.798
44,12815.276,11516.077
44,1307.7919,10527.268
44,13990.903,18823.254
44,19613.373,16615.445
44,6321.0986,11775.035
44,15483.604,16713.828
44,17725.094,19372.158
44,2479.7053,14025.816
44,6977.3584,1229.168
44,14030.534,6206.397
44,4521.6245,15917.551
44,8440.537,15895.507
44,1442.492,1550.2238
44,12027.227,9930.947
44,14769.148,8107.3027
44,8141.837,7132.762
44,13361.561,6378.306
44,17167.102,672.7213
44,12405.68,5013.3545
44,11312.148,491.1402
44,658.07227,11858.28
44,4380.4453,5678.6226
44,16993.516,17937.764
44,8933.657,18669.164
44,10674.583,11561.023
44,4199.847,3803.418
44,3797.709,14003.947
44,15079.518,13292.575
44,10959.61,15704.062
44,9977.502,18119.178
44,14653.032,8224.276
44,11236.921,2979.2373
44,2393.3472,17998.945
44,4333.9224,13811.785
44,12332.385,8049.1763
44,2980.7515,18648.238
44,8854.056,17943.615
44,3331.3813,1723.7502
44,1510.276,19851.852
44,13483.416,3445.4465
44,16667.459,3947.6365
44,2846.6018,15091.537
44,3713.351,5482.5757
44,4253.3496,5179.0264
44,17519.086,16559.014
44,1968.5552,4713.3545
44,7150.4497,16457.854
44,8808.605,7088.0513
44,12153.66,17044.295
44,17290.389,15132.504
44,2771.6604,12711.15
44,5803.262,8641.921
44,19120.36,10384.386
44,17407.283,15971.213
44,6595.769,11757.965
44,7429.643,17252.262
44,7534.158,13004.046
44,12707.836,102.903854
44,14854.951,7030.149
44,18058.793,834.8616
44,6529.195,14547.761
44,17395.52,19168.926
44,13005.116,2300.134
44,5654.42,16273.072
44,7618.872,11057.817
44,12434.667,9166.698
44,19248.805,6299.631
44,14596.111,2387.1245
44,2186.0557,1484.7059
44,10294.866,15065.59
44,12555.451,10533.29
44,7028.073,10129.845
44,4523.8223,18758.38
44,12746.914,5272.505
44,14934.611,15190.188
44,15033.319,14397.033
44,7427.265,3151.5234
44,18703.307,1756.7529
44,14185.41,17385.383
44,17391.535,8451.349
44,11687.578,7508.9126
44,11238.084,737.0784
44,1746.9423,4733.8696
44,16675.094,1581.0043
44,15270.114,626.9643
44,16657.004,14859.288
44,5210.8276,7249.576
44,7995.4707,12714.486
44,15028.999,19760.99
44,15050.821,9263.904
44,11525.208,399.06296
44,16906.906,2235.9185
44,181.84966,12778.0
44,18070.871,9020.595
44,5935.442,17164.307
44,7824.186,6208.7407
44,16764.777,5886.433
44,14094.661,5903.364
44,14091.3545,19560.316
44,15828.503,3302.6138
44,18780.584,13117.266
44,2359.415,15078.056
44,1409.8329,3260.5789
44,19655.438,14794.206
44,13379.701,8686.468
44,2371.5813,16533.516
44,8793.665,9056.758
44,17792.244,18039.475
44,5873.748,19200.14
44,17722.36,15841.257
44,6402.59,16583.658
44,5334.623,13700.547
44,5628.2153,19533.355
44,6431.0156,13577.597
44,17503.54,14851.932
44,18030.246,1001.64386
44,18210.424,680.7342
44,19575.455,12955.869
44,14510.1875,14295.648
44,4960.8525,6505.157
44,11092.966,1835.7687
44,12318.992,3711.7346
44,11810.955,9047.12
44,14949.153,2802.9424
44,5088.2437,1919.471
44,16448.418,6361.2925
44,14012.728,10813.483
44,3222.1814,12294.196
44,15510.749,12586.01
44,4064.3438,18278.818
44,8913.038,238.39369
44,12905.049,7501.632
44,12869.203,5510.1587
44,9184.335,12227.327
44,5720.25,19868.477
44,16104.372,18114.408
44,4052.4646,4844.6865
44,6389.9136,16949.916
44,17401.193,15756.461
44,15407.239,9196.591
44,8853.877,12949.092
44,11290.778,6632.051
44,12427.463,3254.4023
44,14484.662,5383.072
44,1829.0345,6238.224
44,17755.336,4312.173
44,16129.653,11409.605
44,10645.769,14252.4795
44,17503.303,4616.275
44,16920.959,4973.5366
44,17916.547,11436.364
44,3487.702,9724.687
44,11006.5625,18851.879
44,4783.051,14137.222
44,5509.0293,13439.692
44,8497.317,16922.035
44,9043.884,7031.2188
44,11744.273,13348.942
44,19684.684,242.78561
44,17541.484,12052.617
44,17196.389,339.47495
44,9414.059,7478.679
44,3379.8142,18592.725
44,8632.925,9218.84
44,15443.843,3360.509
44,2321.9824,13015.085
45,10000.0,10000.0
45,199.09521,4791.837
45,10986.688,19946.666
45,5340.169,5265.8804
45,12303.07,15017.742
45,14238.706,13878.103
45,13992.122,13410.559
45,12192.482,18286.738
45,3509.3875,11793.742
45,15212.903,13578.842
45,1176.6383,9979.173
45,6422.222,3999.881
45,19142.488,15460.282
45,4601.261,4626.052
45,15173.3125,4644.9756
45,2042.7455,4816.1045
45,6970.125,18881.662
45,14237.901,14860.004
45,10249.131,14832.412
45,6278.4536,8940.416
45,19727.22,17266.799
45,5656.2466,4366.8164
45,499.24213,5860.859
45,9261.928,16111.826
45,18017.35,14254.738
45,10761.666,10916.945
45,10745.528,14439.772
45,18501.021,3244.4949
45,2103.4204,13289.459
45,5799.519,2010.1079
45,6216.6543,7724.5815
45,12226.318,14076.926
45,15305.262,11023.973
45,9428.337,2030.5819
45,5996.411,5925.235
45,14900.026,7290.567
45,3922.748,379.4306
45,1780.6134,10787.27
45,7379.956,17179.979
45,16259.949,5969.098
45,11436.626,12072.08
45,12314.95,13498.201
45,7909.849,8955.925
45,6412.7856,10313.488
45,5353.228,15407.336
45,5612.95,18963.846
45,15825.165,18561.24
45,18526.707,1532.6307
45,13369.272,16821.084
45,50.893982,14801.394
45,3685.593,329.83215
45,9076.258,19367.805
45,15333.576,442.91943
45,18595.186,4906.579
45,14627.214,4075.185
45,1860.3574,7143.513
45,12730.175,4737.852
45,4919.594,14953.605
45,9409.773,986.48926
45,11085.753,11450.026
45,16711.463,14.741479
45,9589.006,8250.089
45,9499.679,11795.929
45,15617.007,16247.687
45,16776.258,14779.667
45,4641.9707,18336.723
45,5951.9927,1392.4144
45,10599.717,9597.794
45,8058.845,6131.319
45,15569.613,11115.281
45,15858.044,6150.2974
45,11558.537,4379.9814
45,897.58307,16536.424
45,13919.927,7067.2075
45,18957.055,19229.012
45,10878.233,1438.649
45,11161.319,16958.463
45,8717.896,13865.875
45,11771.681,14055.68
45,1622.5597,10768.632
45,5072.8804,3960.0635
45,15871.476,3208.5098
45,46.433304,15581.882
45,14488.295,6565.0547
45,11040.458,2007.1444
45,4098.6885,17984.652
45,11243.215,2629.8445
45,9586.344,17488.855
45,10414.042,852.0319
45,7012.1,2737.9304
45,5217.112,8131.598
45,4323.282,15607.032
45,12302.63,9800.762
45,12010.256,10047.652
45,17183.775,17540.605
45,12261.573,11407.222
45,15324.247,6612.0083
45,14596.56,19390.611
45,8014.039,4406.6807
45,1207.7156,11532.409
45,11133.181,1593.3485
45,8576.059,12912.25
45,1777.8872,5869.885
45,9110.399,12140.9375
45,18020.29,10081.918
45,1312.934,17330.15
45,8328.339,4751.334
45,4902.6997,12370.734
45,15968.449,16235.266
45,18419.795,17579.094
45,5376.63,5981.9727
45,17683.719,13886.413
45,7069.84,471.23404
45,19967.846,6814.2705
45,18398.87,14523.1045
45,1959.61,15796.054
45,17382.184,13352.829
45,19047.18,8593.236
45,12898.135,17811.46
45,9340.784,19633.266
45,10475.814,1599.0598
45,4363.3384,5060.227
45,4333.7676,19989.627
45,134.76291,3490.6816
45,1899.1907,14285.662
45,18958.316,15161.4375
45,15651.76,8978.909
45,16484.46,12907.435
45,15183.118,15174.776
45,8641.726,18888.445
45,4654.101,5872.8633
45,7850.072,8853.177
45,1083.0917,13741.314
45,8258.117,18814.264
45,12754.813,3032.8562
45,4761.4883,11598.407
45,15995.636,1475.9025
45,2327.6433,8497.694
45,3869.7698,1313.034
45,1828.3806,16366.814
45,3484.177,6059.9463
45,17659.795,19056.97
45,14779.067,3906.2773
45,6968.2275,782.74493
45,5289.249,7900.7354
45,5787.688,19980.775
45,9960.0205,14228.754
45,15369.074,3081.5884
45,18776.16,6805.7583
45,19932.094,12692.791
45,7366.709,8241.893
45,1609.6798,19255.443
45,160.53758,232.77435
45,3661.2349,1111.5665
45,2763.0464,2225.4185
45,11989.484,6112.1465
45,6914.1045,4457.6855
45,10715.532,13242.768
45,7241.0073,19090.709
45,2463.2275,17315.191
45,5211.851,9593.066
45,3532.7607,11125.228
45,17954.656,11936.135
45,4028.664,17807.453
45,1257.7908,19089.355
45,5215.8237,13310.843
45,14780.075,19008.412
45,13455.644,15415.202
45,11641.99,17509.736
45,13273.466,7348.5312
45,15480.394,3580.5696
45,1248.2312,7177.961
45,16041.523,19407.045
45,15394.782,16810.09
45,5338.8696,17743.227
45,1702.1261,10937.866
45,5200.4233,419.9263
45,4343.767,15160.055
45,16328.913,13935.607
45,13276.377,15068.472
45,9540.612,14788.46
45,6455.9717,654.57196
45,8141.977,11329.758
45,7757.866,10806.916
45,14953.842,13681.293
45,4931.6665,12224.734
45,5887.8257,16409.236
45,3299.6067,9852.99
45,14187.765,7750.161
45,15546.616,15226.761
45,5092.62,1187.4629
45,10570.828,7347.433
45,3465.05,18735.932
45,18946.672,9428.372
45,15760.107,12022.353
46,10000.0,10000.0
46,15347.542,13239.748
46,10829.103,8659.279
46,10545.006,13724.137
46,10445.843,2710.211
46,4344.6396,9434.369
46,13433.476,12090.818
46,18170.707,15501.477
46,19887.148,11669.918
46,11923.49,3062.6638
46,8278.787,12701.915
46,13421.0205,11567.295
46,9104.803,7298.6997
46,12166.259,167.47342
46,8343.579,13685.734
46,12774.839,15834.468
46,11209.059,18530.037
46,10128.302,10022.132
46,4789.7393,2727.3923
46,1461.5304,11025.577
46,14054.651,10885.003
46,8408.077,13551.57
46,19816.297,9904.209
46,11351.85,19209.736
46,2384.8303,9339.975
46,1619.6517,12644.193
46,2718.3523,14205.44
46,7690.303,7486.876
46,1262.7294,13692.387
46,7847.6875,15157.849
46,13230.26,1902.5582
46,967.60144,12926.511
46,9481.158,18590.453
46,9991.416,3635.7173
46,4616.255,3604.1223
46,12403.198,1939.9932
46,6204.792,2840.048
46,5406.961,18889.674
46,16647.822,8647.7705
46,2246.8804,6570.0547
46,5352.764,8220.737
46,10087.311,7666.742
46,13398.453,13663.457
46,14780.588,2020.1545
46,13002.614,963.08136
46,3300.485,16973.713
46,466.1934,14720.196
46,5117.7764,7.9417067
46,18357.07,17498.133
46,19644.826,1105.1025
46,9863.613,8918.135
46,12824.842,1890.1788
46,13712.601,13557.893
46,12054.498,13585.592
46,15835.948,2617.9392
46,4571.29,9235.942
46,1843.8212,7498.219
46,7624.389,2414.2312
46,2073.3447,2083.176
46,19584.15,13409.148
46,9770.421,5410.3687
46,1559.4253,10877.93
46,19230.172,3682.6643
46,3317.0247,19972.42
46,6022.0166,13629.774
46,12656.99,6105.2075
46,16114.712,60.075348
46,5.1674356,16809.629
46,13181.895,22.741394
46,11640.017,16495.871
46,15084.921,321.48907
46,3786.193,4297.695
46,6914.5425,17368.863
46,1209.335,18491.951
46,15657.863,1375.1328
46,19046.336,3008.2505
46,1387.8451,3816.6804
46,6030.923,12450.488
46,11096.91,1178.0908
46,8149.5015,16364.499
46,6476.5234,18883.543
46,1168.242,2525.1882
46,9495.004,9030.498
46,14532.5625,3979.7986
46,14767.722,11264.0625
46,16392.492,16984.814
46,14408.825,6785.5664
46,6487.225,7616.0645
46,1100.5903,9178.141
46,17865.723,17035.635
46,10704.939,12158.006
46,5831.2407,16779.768
46,11735.011,4209.0737
46,17584.852,14110.778
46,4329.7266,14656.142
46,9428.175,3413.2102
46,14027.86,120.97526
46,15734.108,17740.395
46,16253.799,17214.182
46,11652.963,8892.583
46,13817.22,14482.966
46,5921.734,5740.618
46,9754.274,15399.082
46,576.39685,13519.261
46,19348.021,14167.132
46,19297.553,14983.618
46,12644.272,6273.6553
46,7767.467,19826.56
46,18989.832,12429.006
46,10771.277,7493.061
46,5632.563,12688.915
46,1546.0682,15198.626
46,18789.83,11546.463
46,6989.7866,4427.3433
46,4003.684,2045.2063
46,12724.133,4240.8584
46,3835.7197,7459.6416
46,3891.795,3245.144
46,6704.6157,11367.756
46,3639.049,1870.785
46,2173.2822,5376.371
46,5154.791,6856.9424
46,3360.998,5424.096
46,2826.5527,12118.698
46,6171.6997,19527.191
46,7680.044,4386.3013
46,2553.8274,1259.4943
46,242.29553,12286.73
46,775.2829,7663.267
46,8643.661,10349.517
46,6008.3877,567.0002
46,9700.759,17144.8
46,11843.884,15075.408
46,8540.254,13226.58
46,16799.521,11224.537
46,11126.668,4429.2817
46,19228.605,15006.098
46,10804.666,15565.573
46,1515.3763,14047.993
46,7307.589,3121.609
46,8551.268,16892.572
46,9442.726,16533.652
46,13385.719,15418.308
46,54.217224,1016.82263
46,11967.756,7487.6396
46,12973.741,10293.841
46,10874.03,14400.545
46,12616.486,4050.6094
46,4575.81,12338.937
46,18338.035,17699.297
46,15800.743,15929.533
46,9553.639,3335.128
46,5225.007,19907.725
46,16454.121,17782.137
46,6051.098,3207.272
46,832.646,6636.17
46,374.7252,12075.666
46,13651.771,1082.5409
46,2874.1467,12385.864
46,932.5318,2235.839
46,19916.803,10793.926
46,11035.399,11884.197
46,8938.089,19834.08
46,7579.412,10563.809
46,10929.711,18753.344
46,1277.3053,17352.875
46,6220.9326,15865.931
46,10882.436,6677.1475
46,15419.471,15875.838
46,1828.5399,8216.295
46,2805.3972,7666.299
46,10996.051,6814.9927
46,4427.792,5365.6084
46,16147.095,8701.659
46,18377.137,4594.879
46,19103.371,17736.12
46,2412.801,10298.17
46,11166.986,671.2174
46,14968.008,17225.568
46,2182.7327,4730.092
46,19006.836,12637.1045
46,4087.9592,5081.802
46,16918.65,16921.963
46,11545.52,19315.844
46,7323.712,9884.445
46,14806.51,5556.4277
46,6422.6567,3042.929
46,10503.906,19108.938
46,17860.074,14366.884
46,1638.8374,19049.693
46,15569.091,6659.8545
46,19480.473,19640.365
46,3809.1628,6247.6455
46,8110.664,12136.149
46,13159.574,9178.844
46,10492.904,4938.98
46,4139.032,13646.358
46,15793.706,17750.494
46,15558.801,4800.6294
46,7786.9053,19660.195
46,3557.1638,6712.6465
46,16483.684,8818.339
46,17450.436,1293.1989
46,7871.0557,7608.9966
46,3786.5881,4570.881
46,11283.981,19628.742
46,17343.496,15740.15
46,6661.393,2990.3848
46,9120.573,19214.164
46,7258.6387,5140.8364
46,11711.923,5248.467
46,15923.319,8190.1006
46,13141.647,10140.908
46,13360.466,4168.214
46,13577.183,12901.004
46,14406.764,5500.943
46,19615.352,2014.7563
46,12215.719,12311.592
46,10718.719,8347.14
46,13642.616,7734.2954
46,8051.98,18931.148
46,19347.19,7488.279
46,7538.369,17705.59
46,3136.0742,6866.188
46,3980.622,16563.432
46,3750.9595,11908.325
46,9629.605,4564.752
46,6548.991,6794.708
46,17932.092,9326.485
46,17970.72,7419.116
47,10000.0,10000.0
47,7435.9355,3636.2026
47,13168.727,12378.422
47,9885.473,12109.673
47,4098.7793,6144.915
47,4997.8125,6465.803
47,12769.398,6345.9453
47,10491.995,14565.463
47,16461.324,3922.9097
47,18976.19,5372.4272
47,19673.541,11684.166
47,17623.285,8699.002
47,6477.278,14190.832
47,19521.318,5900.896
47,1247.7133,331.4104
47,14150.988,15628.304
47,19371.713,14117.407
47,10231.882,7282.81
47,6724.1772,9539.175
47,6716.9736,751.43146
47,2780.1365,14708.068
47,6222.9507,8277.989
47,1385.3147,1637.6725
47,7977.016,19634.248
47,14193.189,12056.446
47,6619.6045,16509.553
47,18098.371,6130.818
47,18934.357,3694.3489
47,11986.291,10882.734
47,19937.498,18410.176
47,14576.489,10637.927
47,19451.244,15316.356
47,3823.3872,17011.035
47,15158.511,3865.0278
47,7791.3955,16521.156
47,4332.369,11242.225
47,6009.078,9182.919
47,921.2815,19167.533
47,1252.3654,9572.402
47,5498.387,3299.4785
47,2342.8247,16167.97
47,9578.116,3021.856
47,7414.179,19788.39
47,17258.033,19258.96
47,7039.227,2652.3198
47,19.56718,19037.26
47,9760.336,9020.658
47,2032.8658,4145.751
47,1169.2263,18609.46
47,11304.129,1658.6262
47,1750.883,11913.081
47,14663.541,7990.988
47,11636.107,15404.261
47,13819.494,14932.024
47,13202.5,7162.549
47,388.7588,5950.158
47,16833.643,11081.432
47,7080.406,22.002966
47,5457.075,5499.859
47,5255.357,6206.2964
47,18380.68,13411.817
47,13595.25,10683.493
47,18711.023,13921.644
47,17177.102,4228.3804
47,370.3232,7994.366
47,14619.164,18412.682
47,7400.9424,12977.756
47,5973.8857,6391.4844
47,16287.884,9602.993
47,11421.909,10716.075
47,18491.8,7337.511
47,5316.9976,10337.093
47,15247.064,5726.835
47,1316.3146,3174.5947
47,19516.316,3134.6184
47,12009.219,9502.736
47,18612.275,18708.057
47,19058.723,3153.25
47,12016.621,17528.76
47,5292.1104,11116.516
47,16850.934,15415.281
47,17619.4,3894.7095
47,18870.799,14592.08
47,5247.8174,2208.049
47,9423.254,18983.166
47,13141.535,15903.724
47,8899.802,14106.645
47,14674.875,3996.6553
47,19143.576,10464.327
47,13815.721,17806.035
47,6526.335,13145.03
47,19441.867,19828.725
47,4790.2666,10808.489
47,11915.793,13428.466
47,17615.988,8881.861
47,17511.125,2009.3877
47,15219.333,3759.5383
47,15928.163,17264.467
47,7759.913,3313.177
47,9154.36,8810.126
47,13887.014,8097.605
47,11704.685,11243.777
47,18267.908,10476.26
47,12523.536,5551.4717
47,2471.312,8891.766
47,17712.889,8199.463
47,10939.042,9806.436
47,1996.7009,18184.023
47,10703.689,18926.727
47,16381.804,19994.51
47,8621.146,8987.474
47,19941.004,10691.023
47,13034.18,11852.349
47,7313.576,9710.821
47,14012.111,19010.016
47,7301.125,3990.643
47,1676.1354,4609.3096
47,626.9763,15400.738
47,13577.601,14621.785
47,10700.056,11822.864
47,12645.471,15354.099
47,5023.639,15846.37
47,1255.7769,4752.8853
47,17461.863,18627.682
47,5350.361,1859.6086
47,18069.77,13530.127
47,4178.897,18501.064
47,18634.65,15465.587
47,7543.2007,17128.055
47,12834.537,14776.559
47,16741.186,4963.963
47,13420.129,15716.541
47,11479.122,11530.29
47,16427.309,2824.2246
47,2655.1914,12496.549
47,7019.305,6724.704
47,8439.511,926.8437
47,3679.06,7999.937
47,17767.273,15088.553
47,14452.904,10495.584
47,5549.602,10271.415
47,11308.955,301.68146
47,11756.173,2806.2886
47,5487.3057,9606.843
47,8084.7363,9015.303
47,11426.48,15784.828
47,65.446236,1442.3085
47,5430.923,16314.248
47,7985.896,5937.082
47,2508.8208,8777.528
47,14779.905,15032.239
47,18829.326,17586.832
47,7754.8203,2872.713
47,3504.2383,12670.431
47,7204.2935,10842.186
47,15551.46,15270.439
47,5809.1865,15392.203
47,5947.8423,17635.896
47,16392.744,7551.917
47,874.02423,9012.338
47,9116.203,4786.0034
47,14034.92,7201.893
47,16661.496,18585.58
47,16999.291,15807.781
47,1243.7936,5563.959
47,18922.027,10378.4
47,5008.102,7921.805
47,6233.4316,10170.904
47,6479.0415,1563.2102
47,6204.8257,11290.118
47,17069.664,3259.8423
47,19698.45,5902.075
47,2859.919,8253.855
47,10320.267,11764.414
47,5598.939,2199.862
47,11648.974,15650.207
47,2390.1753,17109.422
47,10204.805,18970.564
47,5502.331,841.9967
47,6766.628,8159.1313
47,4892.4067,17042.156
47,27.89875,19061.855
47,15886.815,5357.117
47,5105.0903,18008.314
47,245.26251,18705.22
47,16032.832,2920.5852
47,9631.865,7956.4395
47,17132.004,6723.8657
47,4363.64,11581.342
47,1202.8496,13655.808
47,18933.066,7961.51
47,8292.043,11943.827
47,16638.004,4618.1523
47,17506.943,10987.231
47,5076.0713,1320.3148
47,13170.994,11480.437
47,13801.185,11105.074
47,5936.415,12674.899
47,14466.762,8846.358
47,17288.664,7236.8755
47,14991.298,19000.79
47,15935.239,5844.049
47,10064.176,19832.777
47,8128.6953,5072.3394
47,1689.4214,12538.651
47,4938.702,5725.6934
47,6011.54,8964.864
47,11168.904,3227.3818
47,2099.0662,12807.022
47,2293.1018,7544.573
47,454.89175,1420.9957
48,10000.0,10000.0
48,909.9563,18692.867
48,14457.23,5888.592
48,5849.9277,7298.7534
48,2081.245,9532.26
48,12331.758,7512.1504
48,12394.711,18685.297
48,4139.241,14017.76
48,14369.34,17382.383
48,19231.338,14004.116
48,4865.8047,16826.354
48,10050.381,16227.56
48,8654.704,4818.262
48,13026.2,10744.263
48,150.244,19030.488
48,2352.6682,17022.336
48,15209.824,289.3981
48,4977.4336,17851.992
48,19033.537,7483.306
48,10644.195,15425.119
48,3552.8267,10658.983
48,6428.233,7033.214
48,12610.415,5477.4326
48,18113.816,5517.112
48,16037.941,18238.92
48,5313.3403,8855.818
48,19918.965,8769.587
48,16797.998,5715.571
48,8483.385,17069.867
48,1704.8295,1337.7959
48,3722.7988,16674.32
48,6576.7876,8395.79
48,15511.0625,14851.115
48,7549.7183,10575.695
48,17573.145,3050.7512
48,4189.0107,13703.618
48,4050.3416,3297.2097
48,19310.143,12536.282
48,12771.212,7338.8706
48,772.05304,9360.604
48,7374.806,684.079
48,18529.32,18227.729
48,14643.709,15933.026
48,18829.277,16007.348
48,1631.8386,6795.151
48,8495.15,12363.48
48,12059.925,14624.709
48,13278.311,16134.955
48,13776.924,5518.0054
48,9554.371,858.88257
48,15953.553,10591.122
48,3700.7556,10673.523
48,16909.223,10405.148
48,10264.367,19186.08
48,5659.526,19411.7
48,18557.502,4949.3877
48,11209.279,6279.8843
48,3024.8872,10544.337
48,6685.383,17651.729
48,9953.895,2770.304
48,3386.4453,16066.456
48,14709.252,14089.262
48,11552.405,7626.743
48,16237.021,7325.8223
48,15981.587,7477.568
48,13377.458,15590.527
48,11228.845,3554.8677
48,2116.3042,17856.887
48,19601.898,6067.543
48,1274.6362,17486.611
48,10558.522,18117.031
48,19207.445,10884.98
48,14060.037,13864.187
48,6484.876,8509.032
48,16050.794,369.34857
48,7076.8047,8916.765
48,7753.0146,5925.4004
48,16808.342,8501.1
48,14161.197,9383.458
48,5433.774,7273.364
48,3994.348,913.4346
48,2156.1357,11281.52
48,16405.06,3508.1694
48,7882.3813,565.8423
48,1104.8619,5080.9917
48,17945.232,7580.862
48,13431.708,13393.857
48,16312.95,7946.306
48,10688.981,14545.299
48,14534.271,15947.416
48,4084.6128,9719.61
48,2349.9128,18895.732
48,4555.885,13639.541
48,2797.7888,12049.25
48,7861.9893,9598.063
48,18931.293,2069.644
48,2825.7488,16989.355
48,7640.1504,12191.112
48,5059.6025,11394.377
48,9055.472,574.74457
48,7415.497,14749.386
48,5376.056,16304.516
48,12026.964,4551.34
48,13503.134,12864.9375
48,2540.7683,14631.158
48,5802.906,2565.0896
48,8368.835,102.77279
48,1056.8397,9404.613
48,8553.016,2985.1997
48,15598.852,9538.146
48,320.8149,13826.282
48,19445.156,15658.229
48,8726.751,17635.44
48,7384.4785,11340.657
48,10212.458,10971.821
48,9265.799,13920.361
48,13097.05,4963.41
48,1101.4154,18680.66
48,13750.28,4287.65
48,19371.518,145.50746
48,6789.6265,11658.953
48,8729.263,5260.9463
48,13185.485,12709.129
48,8375.565,17495.75
48,19566.523,2756.1006
48,10197.881,12168.108
48,18522.758,18775.969
48,8229.293,19033.48
48,1094.0092,74.07944
48,10090.753,12584.548
48,7303.8594,3624.3577
48,5158.6724,18507.83
48,17031.994,377.9134
48,19232.904,567.6443
48,6910.479,3914.6548
48,8017.3086,3096.7715
48,136.08542,13725.469
48,8753.885,13668.17
48,1246.9492,17059.021
48,2719.9724,737.13367
48,699.3635,1944.0955
48,8021.9624,12701.798
48,1772.1266,1004.17706
48,10794.264,18044.61
48,12233.862,19999.674
48,2648.3096,649.5468
48,15583.5205,5917.3086
48,14619.089,4194.3623
48,7033.204,11182.618
48,1589.9908,13586.829
48,16554.004,5491.04
48,11356.901,6400.993
48,15827.186,10607.153
48,16820.799,6556.9077
48,2434.96,17145.791
48,9818.147,7074.237
48,6645.954,10047.594
48,16206.81,2469.53
48,2693.7715,7144.6187
48,4739.009,15680.791
48,17212.207,2991.0315
48,3002.843,16862.975
48,2626.3257,2829.009
48,6097.9663,13624.779
48,3237.505,16214.287
48,10642.271,19044.248
48,1502.2003,7232.9355
48,4363.3955,3039.7244
48,19230.158,19950.14
48,1596.4513,19046.143
48,19021.26,9217.166
48,5018.7183,299.31683
48,4237.093,2733.7021
48,17684.818,15013.345
48,12980.327,2466.2793
48,5328.7964,12510.493
48,11506.722,3718.6458
48,17907.182,10108.374
48,2440.1384,6081.2812
48,2069.6506,7696.9995
48,595.3992,5759.496
48,18134.723,16933.67
48,12626.853,8767.939
48,685.4697,19749.908
48,14920.379,6659.177
48,2181.969,2557.1274
48,12584.286,18267.09
48,2647.1816,12096.652
48,18473.096,1015.4944
48,478.1748,8965.05
48,16974.66,5945.5625
48,12657.132,15260.474
48,2050.1177,10195.491
48,16306.05,10861.871
48,15418.643,3741.5051
49,10000.0,10000.0
49,13459.219,14722.297
49,8669.498,8575.786
49,15162.313,4282.58
49,81.496,4204.1846
49,1176.0215,781.20435
49,19597.707,7254.706
49,2859.4888,11846.894
49,16963.057,11674.866
49,6330.506,7652.3247
49,15679.089,7974.7715
49,13285.5205,12087.845
49,16498.984,4740.6294
49,6103.498,12275.283
49,19580.91,10758.269
49,5541.198,8774.615
49,5403.2285,15556.106
49,15597.5625,8165.9424
49,6675.266,10565.514
49,16457.66,13881.36
49,16682.688,7284.172
49,8602.37,10096.386
49,1116.099,18008.436
49,14469.555,853.7216
49,16768.533,6823.502
49,7177.973,18772.287
49,2485.6406,11244.984
49,17761.283,3056.8237
49,17287.9,3030.4202
49,17652.748,5983.204
49,15590.469,1109.6132
49,16737.02,9579.83
49,3652.82,12766.09
49,9847.284,12208.686
49,10866.007,3621.3953
49,485.42685,16662.725
49,13549.762,336.2328
49,14902.209,2036.2994
49,850.3114,17468.799
49,7129.0874,4997.633
49,4646.4097,13975.843
49,15054.903,15979.393
49,2211.3403,13125.93
49,14029.928,5760.571
49,5694.233,11325.421
49,9323.809,9564.317
49,13248.469,10009.382
49,12217.508,11394.683
49,8918.435,10680.008
49,14058.86,13400.862
49,12538.567,559.80145
49,9961.211,13220.714
49,19656.232,8005.583
49,762.3382,1556.4316
49,3707.2864,4714.5107
49,12506.566,14528.397
49,1638.3853,19970.697
49,12421.232,12509.773
49,6082.7046,627.3192
49,12660.938,14924.756
49,4974.7466,11558.551
49,14069.609,13427.483
49,8322.808,15891.343
49,14622.217,9504.831
49,17416.652,16255.891
49,19458.416,19326.844
49,7152.388,3483.5134
49,1779.5024,15564.49
49,6428.432,16441.316
49,15792.6455,12866.998
49,12925.256,7665.7305
49,16174.006,2119.8018
49,10133.988,160.44981
49,15194.097,15508.537
49,7502.094,15928.221
49,2842.8271,19171.445
49,6397.0815,756.45825
49,814.6329,8153.3506
49,9187.627,18238.326
49,15939.578,16546.125
49,2739.0823,4691.8364
49,10633.379,13030.526
49,16585.953,126.00887
49,905.0031,5705.9814
49,2938.4553,11459.721
49,11719.2295,869.45337
49,9084.875,3695.2947
49,19392.152,3843.1333
49,4526.95,5655.1206
49,14662.742,16173.6875
49,18503.066,14558.52
49,7781.0767,2128.1714
49,6615.2637,1148.9647
49,11090.431,10097.656
49,5131.7905,3394.2148
49,2513.6238,19372.07
49,13784.905,9679.484
49,1598.7052,3804.7964
49,8433.21,8594.414
49,16107.867,2291.4038
49,5796.2344,18665.447
49,9039.769,5404.336
49,5943.6436,15369.236
49,13920.305,2272.1633
49,5365.3027,12608.761
49,1778.0231,8284.974
49,4389.424,13290.443
49,18038.363,14986.037
49,15408.583,8726.679
49,9623.26,3268.5369
49,1983.8427,7127.2007
49,712.5281,4448.717
49,485.26608,11705.373
49,9112.138,4611.8657
49,8378.757,16347.9375
49,5359.881,14163.715
49,17432.28,5738.338
49,17410.572,19255.004
49,6976.506,13028.068
49,1131.5336,12730.234
49,5525.7617,14234.515
49,7305.27,3231.2375
49,3125.697,14577.233
49,13548.238,1902.1213
49,15101.328,3495.5786
49,16376.157,16599.992
49,10446.93,4902.509
49,6135.996,9892.179
49,3062.805,14657.517
49,19437.137,5276.067
49,18553.621,15671.557
49,19367.842,12921.949
49,11291.005,16721.492
49,10969.8,822.3399
49,2048.9644,3632.1052
49,1368.7616,1585.1376
49,2148.9324,84.24336
49,15900.102,15529.821
49,12916.07,14160.914
49,16543.078,13034.088
49,19465.018,18969.03
49,15365.501,17158.57
49,9506.533,592.3976
49,9251.572,13607.928
49,7159.494,15168.878
49,856.8635,3032.2056
49,8035.868,4852.519
49,1222.1593,9684.767
49,389.07693,2089.8955
49,1702.942,12753.301
49,11422.624,17897.828
49,12509.8545,10862.098
49,7533.3677,17988.291
49,16449.795,13933.59
49,17749.777,1888.2971
49,9146.477,7556.507
49,8759.925,9822.592
49,15566.868,9331.158
49,17907.848,3318.2097
49,961.71,1043.5402
49,17878.785,10338.639
49,9483.441,3484.7598
49,1455.0828,1383.5159
49,18216.28,11493.83
49,16266.383,15173.481
49,16377.167,16263.713
49,10862.609,5514.699
49,16936.668,3162.2659
49,13380.383,4807.671
49,19491.506,9706.166
49,2226.601,16624.535
49,16813.049,439.0994
49,9407.237,786.08563
49,3452.884,11542.788
49,8827.075,1216.7856
49,1789.274,18872.646
49,18590.23,17135.287
49,4510.6235,9733.339
49,16433.805,10737.082
49,6094.8696,3163.4084
49,17580.693,15082.119
49,14784.462,10388.692
49,18956.168,18653.562
49,10927.348,4333.0103
49,12519.043,2010.5946
49,17613.715,5453.9272
49,19147.76,1965.3162
49,6225.7925,303.45544
49,3235.5005,7169.664
49,16216.937,3838.7354
49,19589.55,11017.415
49,18923.836,9358.731
49,11310.961,8325.4
49,15658.809,8423.014
49,10092.904,844.6531
49,6532.746,6007.477
49,17485.451,16181.003
49,15384.752,9757.472
49,7748.641,9990.577
49,6992.7905,9861.53
49,18385.285,1112.8641
49,12733.281,3259.8894
49,9378.219,14195.593
49,17811.596,2860.7708
49,5989.391,3993.9114
49,7915.715,4824.5996
49,2832.4646,5421.3457
49,18963.639,19803.453
49,15677.393,13886.392
49,19698.225,8173.2256
49,15481.682,15574.801
49,321.82477,15222.173
49,13161.5205,9267.113
49,19644.29,9048.009
49,13463.846,744.861
49,18822.908,18011.734
50,10000.0,10000.0
50,10100.559,10132.641
50,9136.7705,13342.002
50,9012.437,902.4853
50,14944.202,11312.811
50,10727.213,11156.308
50,3514.6985,7802.319
50,3621.9312,3535.71
50,16494.287,10258.262
50,10525.787,6155.192
50,5611.758,11544.589
50,3329.586,17822.4
50,19390.076,13838.2295
50,6440.721,12586.957
50,16394.992,13712.743
50,13976.794,19438.64
50,16817.332,9437.272
50,11380.822,2730.6106
50,13330.512,19753.582
50,2549.8516,12896.239
50,18391.082,8844.755
50,8560.621,9731.711
50,16022.807,16483.299
50,12041.499,16307.817
50,12315.785,10484.593
50,10132.279,13953.98
50,5192.9253,14809.884
50,12871.284,1353.8878
50,16878.068,3247.4702
50,9786.581,19962.31
50,8280.229,15911.73
50,9051.4375,1975.9246
50,12525.157,7092.224
50,19967.459,1962.7589
50,1975.1975,8611.978
50,5595.8955,6259.279
50,9311.018,10051.138
50,6888.899,18413.61
50,8418.807,12374.261
50,9740.199,15343.493
50,13969.759,9813.478
50,14179.3125,5085.378
50,18594.797,8443.151
50,3500.5237,9314.881
50,12465.24,8503.386
50,13720.0205,13062.411
50,16667.24,3499.5208
50,2514.783,19244.7
50,5293.4023,8689.858
50,11567.774,17614.2
50,16136.1875,1458.1499
50,13314.72,2825.0083
50,6147.217,585.68463
50,631.30786,18774.615
50,15740.468,18442.47
50,6621.397,6688.109
50,12929.224,4082.8774
50,16791.223,5897.617
50,13313.675,13826.732
50,12516.538,89.72586
50,9238.422,15863.952
50,15618.105,1162.1256
50,10151.011,196.91739
50,2221.0327,10391.923
50,11565.409,14309.124
50,609.58,19932.527
50,17.434683,15992.139
50,10785.055,7866.1943
50,5870.1597,14568.143
50,18822.525,10089.804
50,3713.774,753.41547
50,18560.303,1959.2035
50,1350.6055,5449.809
50,9424.434,19239.574
50,11332.773,7556.8423
50,9456.172,17887.77
50,12078.364,16653.607
50,8071.3696,15413.628
50,1669.5349,18653.314
50,10449.921,15345.343
50,14757.1875,17589.396
50,7443.7285,8829.597
50,11468.047,923.2084
50,12357.338,522.11786
50,5895.7075,10536.211
50,5327.0435,16702.324
50,17486.957,9817.118
50,9247.136,18297.902
50,10129.774,19859.916
50,13240.238,9657.939
50,1213.1477,17450.867
50,10673.157,2192.4873
50,13781.027,13203.892
50,646.91895,14696.445
50,13387.526,6101.3887
50,14277.255,9677.156
50,5659.1694,15888.833
50,9690.247,16207.619
50,18622.693,5292.496
50,15846.537,10385.971
50,19146.38,18836.219
50,8742.582,3876.002
50,17461.707,18973.318
50,16891.133,1376.6505
50,15091.021,15687.372
50,1530.3091,8797.167
50,8431.136,14113.132
50,5387.2827,9118.3955
50,123.56413,18788.629
50,18577.174,12452.874
50,12485.434,12423.486
50,1862.1101,8350.188
50,18723.697,9303.277
50,11085.551,13243.335
50,8197.388,13770.26
50,5736.5547,19391.594
50,10821.082,3042.6714
50,7366.8657,3552.0776
50,13394.315,11919.076
50,2919.7432,15398.802
50,14.746413,18508.934
50,13721.253,2508.866
50,12576.608,12873.69
50,16448.213,6326.1396
50,1768.2272,10464.799
50,1632.3254,3456.038
50,3425.7244,17409.812
50,2385.712,14751.027
50,18832.75,882.7602
50,15938.073,19219.705
50,6113.2476,6817.2144
50,12785.92,3309.9888
50,15049.467,4190.432
50,7355.3926,15706.488
50,2482.055,776.2469
50,16781.744,6071.693
50,14321.613,1945.4087
50,6906.2935,12123.948
50,10041.879,6810.993
50,15494.729,2027.9487
50,14226.063,15380.246
50,5201.822,15785.466
50,15358.119,2978.4277
50,6419.8115,3321.296
50,8557.259,17986.771
50,11841.329,2221.749
50,18029.805,15592.498
50,2891.1228,9393.945
50,17541.469,5361.531
50,3255.9077,6698.251
50,19801.246,19949.506
50,15851.789,1763.951
50,17793.262,8030.3027
50,10117.534,14114.661
50,7337.9824,12809.368
50,9780.741,8622.832
50,12237.127,11427.558
50,3964.1248,7007.667
50,7615.05,10475.949
50,6626.6177,14555.176
50,6990.2534,13705.963
50,16869.824,4571.381
50,19170.418,15165.603
50,8937.535,10454.235
50,17833.732,9416.295
50,12864.223,13478.29
50,1529.7941,4200.3823
50,4610.682,19602.514
50,16843.482,17712.291
50,17656.486,10682.674
50,16428.441,4063.12
50,2707.4302,1422.6293
50,13976.548,12625.905
50,3983.4626,15449.991
50,5942.9077,9249.514
50,3441.4841,16451.928
50,7545.5854,4040.2446
50,13952.641,11513.547
50,5709.3374,19937.07
50,8663.827,15146.987
50,14515.72,10387.773
50,2288.1423,8035.0996
50,485.9624,16933.693
50,13686.902,5885.168
50,2989.2827,904.92737
50,18381.014,11605.404
50,7326.0215,2663.9001
50,19211.814,4055.9587
50,10539.928,5870.373
50,6018.039,16095.205
50,1528.6664,12240.376
50,7188.5483,19026.916
51,10000.0,10000.0
51,6578.942,18828.27
51,8563.201,830.71814
51,3829.8408,3480.1626
51,4224.107,12604.22
51,8869.322,11630.743
51,17380.932,13324.779
51,1707.7388,4220.1074
51,11664.467,4378.1255
51,8679.381,2443.4607
51,8711.021,8957.435
51,13991.008,13582.132
51,17173.795,14956.548
51,11130.28,7848.953
51,8248.924,1477.798
51,12937.886,3005.1218
51,19566.59,16767.607
51,12901.659,1289.8186
51,1828.8545,8866.869
51,3417.2446,3497.4885
51,9957.315,10111.395
51,15627.269,8511.949
51,11957.97,6627.491
51,18968.863,15282.561
51,14718.134,2563.2222
51,10489.694,14097.65
51,2638.6252,5357.7456
51,6689.3047,9180.778
51,2119.175,17254.785
51,18748.303,19549.207
51,13560.499,3488.302
51,11353.959,15279.412
51,19907.28,2989.1091
51,11867.269,1501.6567
51,9694.197,2143.8223
51,9121.63,15418.596
51,5587.7847,13060.492
51,851.60095,6937.6235
51,5567.147,9829.955
51,3385.387,13843.638
51,10048.251,1755.0634
51,1260.4675,10603.325
51,18495.084,14836.441
51,3923.4658,17754.758
51,1643.7087,9455.511
51,19810.203,9355.762
51,8178.6675,9031.746
51,11182.295,14905.416
51,13661.702,16052.367
51,12379.104,9778.167
51,14170.275,57.586266
51,2512.5828,3031.192
51,3499.1052,2560.6877
51,433.74863,10223.163
51,13076.943,16230.982
51,12728.515,8162.6646
51,18215.771,11389.851
51,15300.152,9668.699
51,11744.98,5296.791
51,4309.598,1447.9384
51,3209.5972,2819.3594
51,13752.844,935.4366
51,10455.7295,13431.419
51,17042.7,14327.3545
51,4240.9272,19825.44
51,19386.354,18547.244
51,5885.903,6463.4336
51,6870.789,14939.095
51,18400.42,14745.377
51,10467.253,18101.727
51,11901.634,9724.421
51,8050.779,6295.6313
51,13864.902,3006.8901
51,11801.122,2952.9463
51,2452.985,17864.611
51,8635.214,1848.2417
51,15947.829,19969.658
51,12430.982,18687.52
51,921.2614,1418.9838
51,7490.44,7203.429
51,15469.187,11215.282
51,1002.4528,16308.651
51,1555.8573,5877.974
51,4071.8357,11981.649
51,19053.95,12266.204
51,14774.27,19460.521
51,10292.923,6190.7
51,6802.766,8304.991
51,13880.63,13590.592
51,1722.0656,16617.62
51,3229.5415,13668.726
51,14173.72,2166.6882
51,13488.894,14468.237
51,17318.28,19046.982
51,16024.676,11334.748
51,6045.1772,8001.645
51,19774.28,589.02783
51,10542.119,9839.461
51,19766.746,7000.352
51,7931.5386,6577.6704
51,3096.8994,2352.1892
51,7809.332,3709.5024
51,719.2661,10097.364
51,4212.487,12820.253
51,9929.115,6474.315
51,1930.6014,7713.3896
51,11368.12,6756.5234
51,7696.6367,6616.8726
51,14323.535,4837.2285
51,10330.776,16117.118
51,13765.9,16092.834
51,9384.889,1515.0883
51,19208.883,9073.063
51,12540.655,4551.902
51,16147.914,17321.09
51,11951.982,3806.0627
51,10854.564,17146.902
51,8718.5625,8709.564
51,9638.929,17339.227
51,14637.321,15661.55
51,3163.3535,17799.396
51,11653.942,11535.867
51,15422.581,5794.0405
51,9979.942,15411.166
51,9938.92,17476.22
51,7067.304,16771.5
51,4096.591,12744.438
51,1394.0719,11413.978
51,11814.446,19065.209
51,8022.5264,14866.341
51,15364.964,18321.242
51,6529.72,16090.405
51,17368.033,15632.935
51,8778.573,17228.379
51,17491.967,12048.265
51,19442.3,7649.356
51,19182.39,12473.982
51,15065.263,15518.317
51,15150.974,18281.775
51,11009.681,15290.707
51,3446.29,4631.2793
51,7473.2236,17691.584
51,21.911306,12248.956
51,10358.337,5714.1094
51,5297.21,1525.5688
51,15967.925,3819.3848
51,3365.2466,19891.117
51,8577.76,1907.354
51,17631.926,11930.363
51,17565.615,18113.068
51,2899.0732,8875.936
51,7132.6733,10677.888
51,10618.317,4510.4546
51,12204.045,1387.612
51,15752.81,8128.594
51,5425.1445,6566.0464
51,4227.1074,19293.807
51,9380.406,12719.061
51,12696.048,274.43042
51,16722.398,574.61084
51,11570.99,5959.641
51,12250.4795,7409.092
51,12326.823,18966.14
51,3547.145,1022.08545
51,6018.419,4475.1333
51,14908.035,16787.4
51,8793.978,11385.165
51,6886.089,17641.084
51,7532.3525,5702.8604
51,2250.3271,6691.396
51,5791.4214,5387.0605
51,12502.192,8715.563
51,16561.586,17721.53
51,11289.977,11760.031
51,5062.0464,302.15518
51,11015.332,15501.32
51,13525.719,19684.57
51,5302.241,12493.761
51,18768.96,6383.7827
51,9761.662,11388.213
51,6922.4575,4294.065
51,10541.512,7822.367
51,19006.066,5488.7676
51,4973.259,10378.712
51,830.4605,8687.277
51,5393.676,8974.38
51,7302.937,8607.493
51,13912.672,16191.087
51,18888.598,421.49396
51,3390.4592,8355.111
51,16801.744,486.54523
51,1549.229,18744.664
51,4181.221,9530.769
51,11557.733,89.166985
51,15917.406,8197.228
51,5212.2686,15090.549
52,10000.0,10000.0
52,19004.229,11813.554
52,15805.382,18964.736
52,18631.941,11680.495
52,5991.18,609.0907
52,5708.8877,7331.8955
52,10454.857,10118.784
52,7489.8086,7532.848
52,6437.7363,10312.132
52,19361.846,8422.754
52,9494.611,14521.229
52,19330.92,18808.213
52,18175.152,8799.93
52,4641.8057,8748.756
52,7452.347,6267.458
52,248.55566,6156.5405
52,11690.075,1530.4274
52,11389.04,17269.754
52,9731.342,11999.379
52,19535.148,3570.833
52,6311.9814,2794.972
52,10088.384,5212.242
52,17399.15,6368.2495
52,15993.977,2735.4111
52,19995.441,9695.33
52,14769.363,16309.879
52,7108.46,3867.6196
52,2807.9397,10374.824
52,13448.282,17987.62
52,10483.596,15246.661
52,16350.466,3679.601
52,3653.5752,1549.9895
52,10510.883,15445.8545
52,16771.32,405.74646
52,15965.003,2535.207
52,13998.291,16542.252
52,9068.373,12881.241
52,3218.3647,3314.2043
52,10804.081,2487.0513
52,10973.392,13761.314
52,1943.829,6600.7236
52,9205.452,13042.882
52,1664.2609,17691.893
52,15726.467,2273.724
52,12137.715,10964.415
52,6764.71,1979.6576
52,5446.4624,2185.4678
52,14684.63,5728.519
52,12245.428,13089.823
52,7005.1924,14140.56
52,19965.959,3837.228
52,18994.793,5983.3833
52,4974.71,17978.006
52,3709.5322,8199.854
52,16948.824,4881.8438
52,11030.092,17941.29
52,4432.9707,9866.821
52,4135.428,11666.261
52,5419.3174,19107.18
52,3970.4883,7023.834
52,13581.058,17198.307
52,13210.962,19824.6
52,7491.4395,10049.628
52,1659.8422,3790.4792
52,1835.6367,2525.3625
52,17355.256,17914.562
52,9986.501,927.67535
52,10147.054,12427.425
52,14370.867,6128.2676
52,7865.13,13821.767
52,18795.6,15169.904
52,12.758636,19834.01
52,9324.132,8984.509
52,15092.114,18107.5
52,3035.263,1763.3612
52,11862.812,5640.2285
52,6207.0654,4363.055
52,12538.335,13819.707
52,15047.365,17415.287
52,9673.203,6728.139
52,12327.989,6566.946
52,16478.727,13974.249
52,15238.036,250.92236
52,12047.907,8193.139
52,7998.3394,5163.96
52,18465.273,71.80564
52,124.84305,6536.4185
52,1151.29,1955.7136
52,10955.16,6132.5645
52,14613.58,4813.8027
52,19961.95,9981.34
52,13042.909,4600.688
52,1973.8423,9929.686
52,9312.1,6912.852
52,19959.91,12896.415
52,19991.307,961.48505
52,12765.836,4268.419
52,15843.34,9337.052
52,11355.299,8557.264
52,9904.604,2526.1995
52,5902.4478,10178.141
52,8922.824,6112.506
52,13861.918,9706.048
52,5291.44,14904.415
52,16814.963,8117.842
52,2183.1484,11073.311
52,1681.5645,16678.06
52,10568.66,19395.592
52,17337.994,18318.072
52,17434.086,7524.37
52,2531.2954,8246.951
52,9999.876,9813.911
52,1065.2614,15083.017
52,4053.662,16128.487
52,3411.9656,19523.658
52,12447.1455,2384.4026
52,15096.268,8529.909
52,7106.1177,1549.7181
52,16365.18,4193.7705
52,3123.092,5273.8096
52,13918.54,4882.0483
52,15840.336,16968.898
52,6014.3247,201.70615
52,13503.537,16109.066
52,17926.982,11522.963
52,8322.824,13315.415
52,8621.074,8038.2285
52,14047.733,10232.855
52,8629.329,17415.512
52,1279.3417,10264.547
52,7077.0566,14880.106
52,10508.232,9813.206
52,2501.3064,19534.371
52,19479.275,11108.5625
52,18922.324,1932.2196
52,12430.694,1111.8965
52,5381.4434,9673.475
52,18224.246,6186.304
52,4467.974,1765.2361
52,5606.5815,18656.645
52,16795.607,3688.3643
52,9969.25,18153.797
52,612.9009,12898.8545
52,18041.828,2138.0227
52,2976.0483,4225.599
52,7288.1123,18218.303
52,12582.271,12150.447
52,15176.717,19383.234
52,9740.139,14329.553
52,11047.063,4987.0586
52,10305.321,4319.6475
52,2388.6423,17008.959
52,17533.305,5252.086
52,7060.2593,17653.555
52,15280.038,6464.6484
52,19185.281,17049.238
52,11636.951,10225.816
52,15717.595,4834.328
52,11617.967,17218.973
52,10812.4,8616.906
52,9809.448,1601.2626
52,18892.945,19736.605
52,1101.3279,11793.269
52,16523.078,18101.959
52,18138.016,13660.304
52,10964.539,5000.4043
52,9797.116,3309.3342
52,14363.857,14275.011
52,5231.5225,10825.747
52,19698.498,6407.378
52,17802.6,423.12814
52,15922.681,9176.599
52,8193.472,11254.963
52,1404.0717,4483.4385
52,12803.083,1044.186
52,16889.246,7698.81
52,10436.626,10165.827
52,15971.622,11203.035
52,1156.9502,5779.727
52,12395.172,1159.3046
52,10079.453,18552.264
52,394.05942,4031.1562
52,8176.0483,14864.823
52,865.5686,14529.194
52,18811.209,9694.085
52,13349.847,19973.031
52,17853.951,8208.549
52,2395.3286,12773.703
52,13863.861,219.82803
52,1116.7721,247.43323
52,17410.248,17003.08
52,9604.694,6025.0713
52,922.56366,7811.4053
52,1180.8046,16275.084
52,13767.6,5431.428
52,12947.806,16343.675
52,1877.1575,12413.198
52,18088.959,13933.194
52,8221.21,1535.2632
52,5282.5396,18598.389
52,16894.994,15742.326
52,11708.13,6168.8984
52,1601.564,4801.812
52,17790.525,6971.2544
52,5821.8594,18644.21
52,14002.065,4432.24
52,19743.611,11806.377
52,4128.5796,3478.7217
52,3758.6316,17226.938
52,12002.53,13838.32
53,10000.0,10000.0
53,15158.628,10839.627
53,17791.828,12593.117
53,3505.7212,12008.94
53,8194.029,9001.842
53,16322.407,11342.677
53,17213.57,15728.235
53,4271.063,7782.355
53,13001.041,12674.383
53,15833.682,9592.284
53,15629.762,14618.25
53,15006.35,3791.273
53,1762.6786,5344.5366
53,2999.7446,3384.5356
53,2849.4697,13375.47
53,7430.599,16261.118
53,245.62169,11275.048
53,12966.814,5421.2007
53,13499.189,2880.269
53,17580.857,8223.719
53,16798.592,7238.882
53,6381.2236,12223.504
53,5254.347,2242.6387
53,3977.2173,14928.959
53,9461.935,17615.695
53,18575.758,10920.919
53,12636.137,15998.12
53,12520.201,1749.2808
53,974.7446,14150.12
53,9120.96,11550.704
53,1822.6713,7307.9316
53,12775.727,13438.185
53,1480.0514,16065.457
53,10360.801,3409.9314
53,9534.449,14340.591
53,153.77156,720.31647
53,18854.477,11934.687
53,6914.214,11782.672
53,13564.764,558.53723
53,14385.03,16681.582
53,2239.6414,19058.855
53,17569.209,17954.521
53,15264.003,715.53815
53,12006.805,6598.0435
53,6203.0996,1662.4141
53,8016.5083,2288.947
53,17208.78,5044.627
53,9630.162,7903.6367
53,14426.154,9910.937
53,1044.6415,8090.317
53,1666.1243,6487.7324
53,15910.981,1539.3842
53,4521.508,8078.0654
53,776.94586,17700.188
53,8688.382,16463.414
53,2246.0059,18669.104
53,19072.98,19221.457
53,2687.1416,51.685966
53,220.0909,6180.5566
53,3164.3975,3305.3694
53,8065.703,14693.535
53,6898.5137,16625.123
53,18618.584,771.907
53,16746.879,6711.874
53,12421.999,9434.95
53,16523.098,10509.249
53,17026.184,3997.919
53,4244.0234,19177.244
53,2075.5427,10847.276
53,4604.55,1601.0597
53,19552.03,957.737
53,10455.478,8666.148
53,1410.2888,9407.468
53,7209.7974,16202.23
53,7748.955,16418.656
53,17506.115,7104.258
53,1501.2356,9809.071
53,15991.137,14533.931
53,19300.418,6402.1006
53,15280.313,15124.939
53,1368.844,9637.576
53,17166.098,13883.629
53,17964.375,10027.39
53,10107.738,682.5908
53,13458.47,3411.804
53,6883.263,14995.325
53,19992.123,15128.428
53,6255.339,11735.371
53,9340.706,14107.128
53,17900.012,16755.195
53,2595.9922,2397.7434
53,15328.387,16982.807
53,10318.705,17735.818
53,15105.6455,2585.7952
53,13801.183,17646.404
53,1705.4082,2948.4456
53,10077.188,3945.762
53,7284.0005,8428.504
53,9215.023,14016.707
53,7448.164,13885.396
53,9397.287,3702.3809
53,149.645,19617.293
53,17664.71,16490.873
53,5235.065,15608.788
53,2245.7468,1535.1157
53,14139.529,1617.5597
53,2953.3103,6846.116
53,6252.608,13036.009
53,19375.135,4080.0896
53,4847.926,19784.914
53,4447.4614,3690.863
53,16942.72,12075.77
53,3.678831,13264.07
53,11006.347,13636.068
53,12147.771,18697.354
53,17360.342,19870.107
53,6792.9556,7074.7744
53,2801.4421,6744.788
53,12858.387,13452.408
53,11657.282,19233.135
53,9736.017,11807.665
53,15652.719,7534.1997
53,13655.541,18661.201
53,13298.965,13951.015
53,13131.482,15474.686
53,6169.3643,8846.797
53,5760.0024,18461.15
53,18592.47,11729.967
53,16805.145,3575.0984
53,1638.9945,9916.29
53,1863.5187,7390.9644
53,8150.6094,4709.263
53,15814.01,8096.4233
53,16250.791,17109.13
53,13769.945,9865.934
53,16995.207,621.4932
53,15100.529,11046.021
53,2470.504,4194.103
53,260.22845,3005.9172
53,13852.439,16738.676
53,13005.509,12788.6455
53,6527.209,6981.1006
53,18726.914,4749.7275
53,196.88292,4308.9644
53,12174.565,11507.583
53,8495.016,1318.9802
53,6842.754,19706.932
53,11865.48,19776.598
53,4838.848,15273.795
53,17343.6,16539.398
53,12657.163,15199.283
53,10895.659,14642.7295
53,12719.767,880.2529
53,19051.455,18895.309
53,3758.1934,14825.091
53,1676.0431,17914.674
53,11428.162,18625.066
53,19884.293,13071.135
53,7921.23,14603.331
53,14426.552,11154.828
53,8357.916,4619.5625
53,19460.85,11557.954
53,11539.347,19594.586
53,19715.193,4.0650663
53,11297.688,8843.325
53,8081.065,3662.9358
53,18205.99,2762.394
53,5395.6055,8108.206
53,16087.438,4130.5947
53,853.82526,8486.989
53,19445.832,7895.392
53,17627.904,15157.885
53,12302.011,18188.955
53,9562.959,11435.338
53,4834.01,5071.0474
53,14490.555,1849.8984
53,19752.844,18859.3
53,1586.7875,6184.911
53,19801.43,17876.303
53,10856.603,4923.287
53,18434.695,6685.2085
53,14217.581,19248.076
53,10937.244,6919.216
53,8309.438,4485.621
53,8889.791,16679.867
53,12060.194,8076.84
53,8867.866,11909.889
53,2667.7627,87.24733
53,6996.5024,9742.143
53,1281.4467,8924.774
53,18356.88,13189.116
53,12788.1875,9538.029
53,3188.116,15922.057
53,17957.72,14748.201
53,11012.689,6848.424
53,10490.926,18390.178
53,10241.516,12701.639
53,16759.031,5810.0244
53,746.8197,1894.164
54,10000.0,10000.0
54,15104.486,16772.799
54,19973.822,13326.481
54,11929.401,8243.077
54,16926.916,13204.591
54,16205.679,1587.5446
54,10366.826,18387.918
54,14386.681,5436.3555
54,8280.608,19152.936
54,1277.7864,13028.128
54,226.54306,7502.5513
54,16672.643,13011.677
54,2101.1685,1729.104
54,13822.405,12445.259
54,2155.6274,10997.859
54,1941.7057,4646.2056
54,927.2537,16873.408
54,1280.9951,6054.479
54,7828.173,8040.7827
54,14254.814,16608.28
54,2106.6772,8886.642
54,3655.1091,8158.8257
54,8042.493,208.74045
54,11486.71,16281.425
54,11249.06,12524.885
54,10504.978,716.45605
54,6522.2427,3121.9028
54,10810.335,390.91708
54,6031.0557,16701.885
54,16208.92,17468.623
54,6306.235,2684.8406
54,6073.8784,2116.7993
54,2810.3608,906.694
54,14724.211,2301.5674
54,10239.047,12349.6045
54,2374.0862,13321.24
54,18200.557,5467.922
54,8025.8833,14042.6
54,10527.744,15670.626
54,16934.215,8075.7363
54,3146.526,9771.744
54,7247.205,16519.352
54,498.0536,6047.2334
54,18864.9,6151.96
54,13992.304,8957.177
54,9437.285,15630.841
54,14874.734,1846.1866
54,18803.31,8620.156
54,9633.669,8593.8
54,10308.463,19367.07
54,3357.1917,8240.8955
54,11789.775,7339.8184
54,19793.418,18672.426
54,16974.76,930.6764
54,3460.5571,4160.4663
54,17422.668,11092.597
54,4069.6,18996.334
54,8050.393,16747.525
54,17656.938,11686.047
54,3645.836,2382.6143
54,15152.568,19636.512
54,3882.1099,10901.373
54,19535.055,7491.4214
54,11919.507,6177.7314
54,18725.127,6373.092
54,13741.238,6850.517
54,4783.4023,10660.913
54,8438.975,630.8175
54,9640.395,12081.451
54,11078.905,9778.23
54,6392.085,17384.734
54,10831.24,16921.395
54,4697.1963,6811.4956
54,14874.513,7243.2114
54,16987.604,5782.79
54,11031.221,4921.1396
54,19152.904,8269.613
54,18267.727,10086.697
54,15469.118,14634.77
54,5834.8135,12389.691
54,15638.374,2125.3667
54,17353.75,19105.893
54,5826.905,16170.39
54,15947.8125,18064.986
54,17689.35,13312.027
54,6066.294,15634.222
54,19916.824,8262.709
54,9544.898,16055.501
54,14813.475,14804.717
54,1232.3527,15666.066
54,10761.337,5404.6523
54,4352.081,16696.508
54,1016.51196,8444.417
54,16364.725,4209.338
54,2844.6572,2874.9368
54,3853.7395,22.415365
54,5531.6157,5567.186
54,10437.857,8331.728
54,12162.05,5384.255
54,19312.627,1683.3484
54,16042.939,12932.072
54,13391.896,6504.5234
54,15538.736,12270.599
54,15158.981,518.8414
54,19976.271,8207.485
54,3331.3416,16280.388
54,4586.545,15964.339
54,13863.824,2552.4556
54,11254.465,10521.109
54,12229.84,9293.701
54,1534.5853,8710.787
54,10267.22,19662.322
54,18646.18,18774.62
54,18661.963,11077.851
54,10903.348,8690.853
54,9658.475,19937.69
54,8195.083,2795.2397
54,13003.01,18676.2
54,6717.337,6421.7866
54,19541.006,657.7179
54,5811.224,16472.656
54,9759.048,16580.14
54,10233.416,5826.9253
54,13400.485,15289.351
54,154.13916,10152.407
54,17195.53,9740.142
54,13573.713,7524.5273
54,11286.597,8825.136
54,6304.8594,3114.5857
54,4310.737,18295.227
54,10397.664,19696.309
54,2454.128,4485.8657
54,14875.704,9419.305
54,13094.392,17576.455
54,4181.0757,1104.8438
54,19912.451,14526.543
54,13999.839,644.71576
54,17002.012,8036.345
54,10688.97,19964.207
54,18903.246,12205.554
54,7229.3257,6376.8594
54,2681.9106,4793.1484
54,3917.79,9994.884
54,7067.0034,16486.225
54,16776.51,9927.99
54,18137.977,1300.171
54,1771.8088,19373.812
54,5771.1724,9587.538
54,6677.6465,8783.289
54,9887.474,4926.939
54,19594.268,9351.207
54,13999.031,5210.095
54,11398.064,6769.8687
54,364.5289,18499.037
54,12445.259,14813.059
54,9473.773,6449.708
54,3269.0637,16900.68
54,18115.93,15586.653
54,9810.746,3855.213
54,15369.33,10853.14
54,19239.56,7062.656
54,19260.818,3995.5002
54,5539.4116,6549.748
54,3120.002,5925.77
54,12779.399,15710.421
54,568.2929,18682.582
54,14368.467,4465.127
54,16799.693,1596.624
54,12464.832,18002.395
54,7532.6704,16448.758
54,16264.214,7161.312
54,9987.665,14323.731
54,17864.16,13868.273
54,6124.7837,12915.42
54,7452.9526,3159.5505
54,15828.572,4253.7773
54,12809.993,5116.152
54,14668.874,1636.6892
54,18114.916,9053.655
54,11355.573,19304.922
54,201.87651,18505.037
54,5759.388,16769.322
54,202.7308,6060.018
54,11037.915,5196.2637
54,3338.219,13020.095
54,12567.229,18611.574
54,12656.645,14005.097
54,5526.037,3327.4124
54,2195.057,4410.052
54,6097.319,9433.2705
54,18197.85,9406.523
54,6153.047,10382.413
54,13372.016,1206.536
54,18142.76,1379.3217
54,4650.739,12665.65
54,11917.49,14769.023
54,9193.345,15812.905
54,16475.38,10272.365
55,10000.0,10000.0
55,12997.299,9812.471
55,12538.814,7377.9727
55,2898.839,2167.1533
55,13553.746,8276.984
55,3145.5981,14902.271
55,11361.269,14388.511
55,17955.607,19642.91
55,2345.7048,19693.197
55,9982.09,5107.162
55,6166.91,11240.855
55,8837.918,15594.885
55,14489.472,18026.65
55,19897.135,9861.71
55,2870.8606,1256.465
55,14307.058,8205.49
55,16581.438,6778.9873
55,10143.163,10569.806
55,819.97296,8977.492
55,6457.3813,17750.797
55,14520.498,2895.4
55,11657.901,13794.21
55,7889.3423,15918.798
55,12130.998,4905.17
55,4333.1484,8353.771
55,207.60797,4036.7026
55,5739.1475,736.01715
55,18603.184,128.4829
55,7479.272,12311.177
55,1293.332,2825.6497
55,5385.3306,15847.163
55,18913.475,6052.1294
55,4040.5872,17912.816
55,18250.902,14345.142
55,16698.104,9995.516
55,10286.886,11684.531
55,1058.0823,10828.198
55,12568.6875,15948.294
55,4789.5044,4221.5444
55,8210.244,7759.9204
55,4612.767,8393.625
55,16537.398,9428.504
55,19857.43,19188.402
55,5837.3823,1123.493
55,14036.863,18534.088
55,17224.9,1389.4315
55,13261.3,16720.078
55,4866.0376,11123.76
55,14389.381,16082.791
55,5594.341,1510.4534
55,16592.475,14504.03
55,7507.064,162.75148
55,689.86066,1505.5874
55,13056.046,19466.97
55,4055.0242,15594.783
55,1421.8953,9600.219
55,14672.546,971.22736
55,13855.1045,17590.932
55,8684.101,12830.66
55,2976.6348,9636.656
55,3306.7363,5051.5063
55,13197.932,10924.127
55,6881.3076,5684.6865
55,14556.628,211.72609
55,7596.066,7334.086
55,18742.65,1143.0443
55,3907.3508,4879.361
55,18424.506,9690.467
55,17369.893,2327.3965
55,2582.4448,14764.149
55,17374.123,1464.8875
55,1326.8613,12452.573
55,9236.662,12291.466
55,3255.019,5220.748
55,15369.004,5601.6104
55,2883.3752,7649.2256
55,3235.532,837.6211
55,1911.1927,879.51184
55,2112.4934,2121.8547
55,18883.191,1423.9397
55,16237.724,8722.974
55,19442.072,1149.4617
55,5386.486,12609.11
55,19704.562,10546.237
55,16401.76,9235.605
55,1420.1536,12311.588
55,4659.7847,9226.855
55,8901.617,14680.542
55,1277.8363,11251.086
55,9404.873,8492.661
55,15731.201,15005.59
55,18990.414,17501.205
55,13380.017,2460.7107
55,15427.402,9159.926
55,5071.901,16297.215
55,7623.5586,19313.02
55,14543.586,6127.841
55,16865.637,2926.1416
55,18408.688,6286.072
55,9933.88,11009.936
55,6990.766,15774.195
55,3540.7595,3399.8523
55,7576.762,16818.428
55,6372.4287,16069.875
55,17208.695,2103.0037
55,15803.823,12005.205
55,11687.258,1168.2429
55,14184.22,17529.152
55,11419.409,3317.2732
55,13227.888,5856.1777
55,2630.3445,14238.162
55,628.9247,12018.221
55,2860.597,6604.98
55,7379.7534,14545.78
55,15669.269,14286.117
55,13725.255,7092.18
55,4792.7534,11339.713
55,11939.353,19703.01
55,19106.482,7340.8066
55,11546.191,16282.6
55,6529.598,5623.592
55,8843.316,17332.996
55,14350.72,18611.201
55,12258.342,9027.139
55,11532.483,11278.636
55,9802.028,14751.428
55,357.1243,12356.576
55,14351.612,8042.4805
55,9382.564,7282.118
55,2136.1782,18907.922
55,17172.752,13336.244
55,17264.03,19751.775
55,203.08658,614.3677
55,13170.37,1193.7043
55,19286.805,9742.262
55,9762.011,13942.631
55,13330.315,2580.1965
55,18500.742,10516.566
55,6776.5947,203.74167
55,9743.733,4645.8184
55,12584.308,1650.143
55,1909.9614,3395.3105
55,15226.476,5361.6113
55,3893.7742,1183.9008
55,13701.241,14826.679
55,5210.0547,9137.818
55,9737.903,12002.049
55,4725.938,5656.414
55,18284.248,307.2616
55,14924.352,3986.345
55,11078.364,15919.789
55,16528.156,13143.734
55,1839.5183,18125.82
55,12097.597,642.9809
55,3115.4956,2971.4446
55,9182.012,15204.758
55,7147.0977,15572.591
55,11552.518,15568.747
55,3812.9534,18847.6
55,7576.6562,4118.5503
55,8795.694,6352.714
55,14932.046,10574.204
55,16194.236,16881.67
55,11223.081,7715.115
55,19803.162,6877.9854
55,18018.322,19626.049
55,10910.081,8601.575
55,10508.179,668.1117
55,5548.259,9830.416
55,1906.0208,1735.7123
55,15911.718,17425.361
55,15044.962,18942.496
55,4142.8936,16910.36
55,16978.002,13361.482
55,7824.959,14338.443
55,11073.294,16627.773
55,3168.9966,13927.2295
55,4484.617,12549.022
55,13786.886,1767.7113
55,8649.979,7245.9146
55,18337.098,12984.702
55,1734.865,3935.2302
55,19721.646,14420.343
55,9592.145,12959.894
55,19874.654,16876.508
55,3092.7458,261.91772
55,8643.043,10335.006
55,6728.1665,17719.75
55,1581.0442,4038.6462
55,15703.445,4548.111
55,951.4075,4753.178
55,1828.5931,15880.964
55,14067.097,1166.0966
56,10000.0,10000.0
56,10096.261,18396.812
56,3341.9639,8807.636
56,19003.16,16578.492
56,2765.5664,8937.777
56,11964.767,10935.004
56,916.15186,2101.6824
56,8336.888,17986.87
56,12442.167,17488.875
56,7518.428,12481.39
56,17599.059,9335.386
56,5956.295,1615.2716
56,19233.434,1544.7461
56,7559.1875,1206.7463
56,16101.738,47.286816
56,9305.687,8355.04
56,14989.262,13182.977
56,15585.131,6475.398
56,10002.261,16404.633
56,7578.8564,5430.074
56,12598.253,9973.955
56,13446.479,264.093
56,9687.334,19676.938
56,8965.058,7572.42
56,12278.394,18464.062
56,7607.377,11538.189
56,5759.5728,12563.656
56,517.89984,4734.129
56,16381.519,13100.123
56,17254.057,10288.262
56,16224.505,8206.43
56,5791.919,1730.2275
56,15298.266,5729.206
56,3645.6216,170.21432
56,16373.388,10555.433
56,12463.04,14468.726
56,8999.045,16165.938
56,12342.961,16737.055
56,1173.6746,8490.637
56,16764.941,619.4269
56,17681.762,12237.369
56,1680.0546,1595.9553
56,5939.4966,6325.056
56,9473.417,2335.4321
56,6919.0825,2274.8557
56,2307.893,8730.014
56,2272.0444,17083.648
56,10107.941,888.1693
56,6210.7544,7391.223
56,3469.3271,16699.064
56,12220.074,12685.247
56,249.8426,16379.117
56,809.8346,2308.0432
56,4283.556,507.55917
56,6271.487,15257.329
56,13697.919,6859.0576
56,903.63055,12933.158
56,11746.501,327.79596
56,9148.803,266.20956
56,8874.829,4560.8623
56,6158.1685,3125.1816
56,1871.7799,19464.494
56,1598.6199,12945.264
56,10709.924,8520.761
56,11425.685,6570.9077
56,15634.274,11082.957
56,17516.219,4273.828
56,3759.8323,16848.814
56,1736.6158,7746.7627
56,3961.0957,17429.102
56,599.89905,13668.102
56,4985.9824,17437.709
56,19651.61,3065.0513
56,17296.33,4757.8867
56,823.90173,17301.84
56,12323.106,18092.3
56,10044.055,15141.315
56,13891.518,4446.9653
56,2272.65,233.53688
56,14866.653,18038.145
56,14480.552,1614.0303
56,5246.009,2851.0051
56,1870.2238,643.65094
56,5709.4507,10333.583
56,5180.976,12103.613
56,852.6735,2353.8838
56,14342.91,16766.219
56,2620.2253,1920.4601
56,1239.0966,17907.479
56,594.26184,4703.207
56,7449.574,6463.2944
56,2841.511,10227.262
56,15100.026,3548.336
56,4833.109,11264.882
56,19047.525,10399.164
56,4783.1865,13020.209
56,5082.85,19362.242
56,13772.627,15032.427
56,87.411476,18415.125
56,8817.366,2343.3088
56,4767.39,8500.131
56,14168.348,15491.166
56,1231.1368,14153.49
56,8037.9604,19490.621
56,3565.653,17335.426
56,7110.8335,10560.982
56,11321.484,10571.968
56,10805.8125,8981.886
56,6456.461,1341.3251
56,10191.114,11337.522
56,4892.2017,15311.237
56,6566.0903,16873.719
56,14601.375,18786.293
56,4167.1616,5830.1123
56,2414.825,13875.043
56,676.4297,18342.375
56,11695.622,8440.361
56,5421.1606,11775.739
56,8439.928,11461.506
56,17558.629,10907.235
56,10831.881,11043.608
56,1876.919,2877.793
56,6547.4756,8833.963
56,12185.28,18954.83
56,14070.437,4650.35
56,7012.938,12702.397
56,15311.12,5114.2163
56,17725.182,5460.772
56,18278.8,8302.622
56,9705.117,6986.6523
56,13649.361,5061.682
56,4668.7925,1291.7865
56,13098.559,11565.156
56,13502.383,6337.3286
56,8610.048,12648.389
56,10973.357,14988.143
56,8405.078,8456.09
56,16473.023,17535.607
56,18588.656,2117.4893
56,9385.81,4465.9863
56,5795.1606,8142.5225
56,11851.082,9435.512
56,17765.63,3267.7356
56,16370.546,1592.0665
56,13367.342,11815.269
56,15540.931,10690.258
56,236.84886,1025.2021
56,14329.007,19212.852
56,6853.548,15823.957
56,5074.391,11832.437
56,7333.2676,4835.848
56,7559.4497,12582.6455
56,14861.166,10739.722
56,3253.924,13588.839
56,2712.5198,19289.54
56,8742.415,4337.6953
56,3130.562,1607.281
56,19836.346,15988.662
56,14027.267,3508.7437
56,14206.439,14607.61
56,17359.002,19629.336
56,4346.0356,4217.3267
56,16286.998,7555.3994
56,10864.518,6530.205
56,6439.695,34.806454
56,16480.209,291.03876
56,4854.817,11184.638
56,14030.786,5736.818
56,6958.515,11452.463
56,1787.8743,11272.305
56,15657.102,11829.483
56,3688.0894,4994.3354
56,2244.1794,697.589
56,18441.848,5849.28
56,14271.357,2826.8452
56,17892.686,5512.359
56,9164.737,13628.068
56,7483.448,17831.195
56,11373.88,18793.668
56,10081.812,12381.994
56,13108.236,3237.6978
56,15065.065,16791.645
56,14357.736,19509.125
56,11585.901,12285.016
56,2905.0198,15231.214
56,2963.0054,2367.923
56,15582.294,7483.9595
56,7547.8833,14458.556
56,6357.1396,9250.503
56,18285.348,1400.1033
56,17642.354,15863.103
56,5026.2866,10866.116
56,8690.358,6251.0
56,14177.548,17632.812
56,13101.97,19289.533
56,5885.2935,9640.234
56,14019.292,12336.077
56,6703.451,17028.588
56,11090.523,14967.217
56,7826.25,1291.7524
56,14791.05,14480.503
56,3778.4988,15344.463
56,12832.416,12644.662
56,9004.136,11878.703
56,4296.745,17094.955
56,12678.416,9736.475
57,10000.0,10000.0
57,13774.031,16409.504
57,3382.6226,5057.0977
57,1964.9446,14360.032
57,15732.239,10240.644
57,11171.436,8277.598
57,17277.4,3944.7231
57,6207.3516,12169.794
57,6891.6753,13043.042
57,12103.041,16720.947
57,13752.293,12617.055
57,11453.238,16063.07
57,2269.5608,19696.186
57,5675.2925,14158.802
57,10638.159,16050.6045
57,13963.299,19783.064
57,9453.346,5470.4233
57,6875.558,16126.944
57,2688.742,19681.045
57,17094.318,8842.348
57,2028.9552,16678.936
57,5057.8535,2028.7577
57,14581.597,14928.119
57,3542.192,16245.784
57,2674.3076,10072.69
57,3195.2195,11769.36
57,1026.4742,4147.78
57,7422.167,14776.674
57,3628.852,12707.919
57,3662.7046,6409.616
57,2285.7297,13186.947
57,18957.236,7534.3286
57,9993.598,8807.518
57,11816.055,5632.687
57,2572.8044,14872.677
57,7927.456,5936.478
57,11577.516,7912.0933
57,8172.4146,16920.732
57,12654.31,15663.861
57,1909.4604,2917.7349
57,9797.861,5701.4385
57,10328.769,5187.9355
57,3580.9827,4822.8394
57,2363.2092,17419.422
57,15391.851,17013.475
57,16633.443,11491.017
57,10177.836,11297.312
57,18539.695,250.82414
57,10582.462,12316.161
57,15855.268,13684.423
57,18564.332,11384.166
57,5395.578,17080.762
57,4157.3335,2315.0505
57,12271.0205,56.892376
57,14873.324,15307.976
57,12307.077,1621.39
57,13351.109,19544.406
57,14475.428,17658.94
57,16113.523,4196.09
57,7457.2744,11377.164
57,13489.739,4398.2227
57,617.98566,6655.2764
57,15529.807,12106.56
57,538.6862,10241.111
57,12806.7705,10548.559
57,1616.8667,11921.268
57,10593.646,19881.635
57,13826.535,5724.597
57,12931.948,16.168114
57,325.5583,1989.9686
57,11300.697,386.48276
57,16942.75,17000.695
57,8860.606,19998.406
57,15785.984,751.0115
57,12516.212,9454.644
57,2237.7488,5625.458
57,9530.903,19614.18
57,1493.2917,9705.307
57,10517.534,7163.661
57,14232.0625,4472.301
57,9627.952,16513.012
57,17821.875,15838.341
57,18890.57,12135.135
57,16538.316,5029.4277
57,6651.6396,14840.355
57,14180.819,13022.588
57,16009.713,1047.435
57,2051.2903,19518.428
57,6305.181,7584.505
57,2561.104,1190.0856
57,9441.101,3553.553
57,6092.196,7421.9985
57,11428.148,1106.8088
57,196.63594,19218.04
57,11334.99,14331.082
57,9012.021,12590.733
57,12645.425,17361.053
57,18947.89,13735.718
57,19062.213,14738.123
57,8456.877,16207.98
57,14311.111,13081.093
57,13823.941,1126.8583
57,1545.9637,1321.9452
57,1304.2552,7534.1416
57,17733.908,8180.8374
57,5322.3643,18812.79
57,16721.04,785.64844
57,5587.576,6301.741
57,174.71742,18746.016
57,8466.694,17764.63
57,14314.776,345.38422
57,3423.9583,8426.853
57,8031.3184,4450.8237
57,2874.0527,14539.631
57,17658.479,10141.076
57,7441.523,5714.365
57,3030.048,14089.052
57,12045.206,11148.296
57,10103.291,8083.834
57,11157.599,18919.145
57,17595.47,7496.532
57,6855.383,13106.474
57,1557.5304,4446.7715
57,4406.852,3339.4128
57,19529.822,3700.4207
57,418.04648,1637.6726
57,1538.71,1629.645
57,14371.266,19035.557
57,799.0382,2824.3752
57,2326.151,7961.2114
57,4988.0527,14605.405
57,1405.181,10251.131
57,15853.86,539.2746
57,13298.347,4167.5938
57,13655.475,1961.0148
57,7237.095,3125.4165
57,3420.2007,889.9674
57,11793.018,6814.46
57,13564.8545,16049.939
57,14741.417,14005.506
57,9222.615,7103.152
57,13621.868,3669.7903
57,15863.588,63.3628
57,7749.2983,14304.595
57,26.84133,17249.299
57,14779.824,1307.2202
57,283.07913,1244.4708
57,15463.041,5523.4624
57,12257.294,5475.4087
57,17686.207,6036.187
57,6848.5723,1858.1012
57,6966.452,13640.6
57,18721.607,9127.804
57,13566.777,6524.9424
57,10077.348,15946.602
57,19206.344,2752.7595
57,5008.419,3372.0706
57,12676.793,13508.594
57,13071.813,10971.613
57,1769.1614,4936.285
57,14262.246,14041.083
57,7610.9805,10906.252
57,146.60658,1545.7728
57,13812.227,13260.866
57,13931.8545,14117.276
57,1430.7704,13555.653
57,15290.891,15321.194
57,16286.301,16485.035
57,17612.879,14295.194
57,11801.245,545.0375
57,3262.392,8330.958
57,14665.261,12283.0205
57,7174.292,14142.682
57,5099.487,13641.489
57,13110.532,5161.6963
57,16576.682,6745.55
57,15819.688,8895.031
57,11867.525,19391.893
57,12963.877,3419.9067
57,3586.8054,2309.1091
57,99.7408,11468.127
57,1150.4597,7659.639
57,2415.9448,8206.864
57,16746.082,13432.691
57,14484.77,11166.775
57,18579.564,17277.63
57,8300.746,8807.213
57,19589.63,15790.752
57,14389.697,4235.894
57,14987.779,203.88339
57,6629.466,7622.0625
57,6741.4326,8788.284
57,12637.059,10863.098
57,14599.522,15820.868
57,18329.867,17353.004
57,11265.785,11420.345
57,16464.82,6207.3184
57,180.28275,13115.72
57,10927.043,18228.361
57,6216.353,19547.957
57,19365.2,11089.022
57,5435.462,9987.798
57,13340.066,7762.1157
57,775.6511,291.212
57,8416.932,19965.02
57,5893.515,11277.913
57,4862.156,11084.659
57,8555.739,11788.718
57,5005.965,17054.64
57,15227.057,10092.774
57,2955.1497,5310.04
58,10000.0,10000.0
58,10661.002,4145.8926
58,12227.648,9918.42
58,10866.666,9584.708
58,16011.893,11758.424
58,12381.761,432.998
58,6415.531,5419.036
58,12895.152,17184.719
58,2427.925,14450.798
58,72.21863,2074.8098
58,13418.745,4342.732
58,9359.699,8384.627
58,11042.629,7287.2905
58,14637.668,7891.345
58,3872.4138,8116.3936
58,7270.331,8360.568
58,15410.837,7054.7925
58,15078.003,19342.113
58,9313.736,11243.062
58,10279.496,10011.214
58,18919.824,856.0079
58,7625.662,15905.3545
58,18143.938,5239.3667
58,19933.406,19060.635
58,11664.876,9403.717
58,6492.4556,384.0985
58,19561.506,527.8632
58,10618.302,18738.537
58,1809.4454,7841.0635
58,6468.8047,11214.974
58,10239.953,3329.6055
58,18017.508,11599.128
58,19300.348,15481.142
58,3731.6838,4808.726
58,10694.634,2258.448
58,1328.9445,19141.541
58,4938.292,17272.004
58,3534.3125,19298.436
58,10826.683,14612.941
58,2755.8286,12837.038
58,5990.9585,4731.873
58,12311.387,15264.9795
58,7176.1694,237.72925
58,6798.3867,14689.923
58,5856.4844,15374.371
58,5816.853,1426.1403
58,2539.0198,566.5044
58,6589.4194,5611.5728
58,10095.249,2174.8228
58,17192.023,12729.496
58,14158.595,8666.667
58,7977.9033,14268.763
58,12078.1,6269.9043
58,2399.5098,16507.703
58,4760.21,11021.601
58,7141.8765,2524.9194
58,7546.245,4961.937
58,10146.161,7224.831
58,12221.432,12925.019
58,18527.082,10045.869
58,10999.117,5127.9614
58,19258.58,7144.4766
58,2754.0598,12583.076
58,2096.5159,4628.3965
58,626.6941,6672.5435
58,7569.005,5194.63
58,15691.515,925.3089
58,5239.832,4163.2705
58,2090.0403,2479.2893
58,10445.353,10746.144
58,18.8733,14575.468
58,2693.2986,12905.205
58,2732.229,17164.715
58,3762.7056,19442.762
58,16892.553,3172.623
58,1535.0007,10662.125
58,6136.0093,6384.7334
58,7110.2407,394.61285
58,2878.8267,8371.719
58,16517.084,1662.3873
58,16655.385,4401.9106
58,5701.4517,19887.64
58,15899.417,16601.605
58,19218.79,8382.847
58,3521.3616,968.02625
58,10422.82,10855.935
58,757.71155,10531.651
58,9502.643,11893.274
58,13664.918,5831.858
58,5346.275,3912.6448
58,1193.3597,17100.18
58,1606.7954,13378.19
58,3458.0168,1389.5126
58,14078.892,5912.7095
58,9681.448,10769.385
58,1908.23,19370.924
58,2802.6274,11804.898
58,11378.346,14919.887
58,8208.854,7510.3975
58,14506.164,1054.1055
58,2768.3062,19757.314
58,17186.707,2768.3062
58,10928.555,36.86717
58,14810.6045,3121.7761
58,8428.807,2174.3555
58,10997.396,2286.131
58,6033.404,18923.41
58,17800.773,10981.335
58,11804.63,8190.79
58,16745.193,2241.8677
58,2223.27,12876.648
58,15161.098,3137.6265
58,4386.743,19286.115
58,19881.652,14702.844
58,2626.1133,594.4757
58,6934.9536,10782.509
58,10564.207,7486.234
58,16448.826,16841.15
58,368.5265,2685.3103
58,11717.795,6607.853
58,10338.346,3610.9712
58,19654.537,10824.157
58,18137.867,16252.217
58,3687.9172,8206.993
58,5512.642,13934.632
58,19717.781,8107.864
58,7189.745,6378.318
58,7864.4873,13150.891
58,2830.364,6054.5293
58,10034.316,18150.283
58,7470.1396,12864.994
58,14388.651,14206.749
58,18519.434,2370.433
58,7370.6226,9681.283
58,19423.908,6372.068
58,15316.717,16500.193
58,344.0272,18354.26
58,8177.7886,10377.84
58,17034.744,6773.2446
58,18649.988,5283.4834
58,6438.3477,11139.751
58,4677.2637,15285.189
58,2733.6206,6161.298
58,772.6008,2588.4724
58,1409.6713,13944.033
58,12898.398,18133.71
58,18214.787,4488.0103
58,13423.048,18830.818
58,9360.667,9105.897
58,19238.41,15114.964
58,12850.411,8762.748
58,8044.303,14700.651
58,3752.0266,11782.248
58,10725.05,7645.773
58,13886.496,6996.6733
58,9610.24,11334.559
58,9980.255,5306.2935
58,1539.8708,5016.703
58,8103.673,13598.317
58,14613.961,8981.483
58,18359.68,15921.871
58,10299.975,14769.802
58,2274.675,8698.589
58,6074.196,3755.5012
58,16402.787,5263.728
58,4619.2017,14178.242
58,4270.218,799.63916
58,11412.769,13575.676
58,10937.963,19449.271
58,13025.575,1374.4429
58,9395.446,1483.2148
58,18380.953,4266.5547
58,8888.739,616.6776
58,12272.124,18783.166
58,751.7521,13048.136
58,9633.853,17999.15
58,17816.596,14419.874
58,9247.016,1298.2681
58,8980.968,163.33919
58,12946.617,6773.732
58,15070.723,4082.199
58,1344.052,17368.633
58,14043.757,19684.18
58,5216.996,6900.859
58,538.4856,19363.254
58,358.60767,7935.709
58,12606.376,18643.365
58,14477.941,7763.293
58,17115.568,6037.794
58,15450.723,17584.371
58,2376.4421,5951.461
58,15500.375,13764.832
58,6881.749,4230.404
58,15822.693,1708.6849
58,11075.202,3796.7622
58,289.1156,14107.835
58,11193.16,11335.839
58,10630.776,14308.857
58,14371.869,1814.5546
58,7216.797,15528.523
58,4862.5024,13248.638
58,18590.217,11922.652
58,18073.242,2470.177
58,6268.4824,19873.367
58,3953.0098,12794.592
58,9481.187,9295.612
58,16071.6875,11158.043
58,16521.994,15507.102
58,8405.008,2910.4485
58,5430.46,8827.309
58,4457.181,15611.063
58,13775.696,19601.906
58,19648.666,7865.357
59,10000.0,10000.0
59,16245.035,15124.143
59,17850.16,12749.843
59,2728.7124,12979.737
59,3749.9888,139.61346
59,10437.838,944.91406
59,6454.8115,18662.275
59,16881.783,16937.193
59,5982.722,19408.31
59,10611.983,7842.5176
59,2821.5757,5064.4727
59,14756.628,17894.29
59,19262.842,13025.442
59,5809.77,8016.4463
59,18764.787,19992.375
59,801.1265,2837.422
59,2210.6724,4250.305
59,5337.634,17266.678
59,6711.0234,1770.5438
59,87.94461,8138.9214
59,18071.73,2700.349
59,19435.598,8931.06
59,1322.6985,18589.348
59,12641.836,5757.9014
59,18502.822,13195.29
59,7697.698,3516.7732
59,12218.613,19959.58
59,838.1837,17682.791
59,8941.315,4035.113
59,13854.237,19355.896
59,3577.9006,8637.946
59,18234.793,10923.231
59,11083.911,6211.7456
59,3674.227,15200.036
59,696.02,4862.824
59,19838.535,19754.412
59,13823.269,909.0013
59,15382.284,8342.079
59,14000.518,17890.344
59,18081.402,12256.148
59,40.51852,14404.058
59,17664.371,15210.643
59,3548.7527,3491.902
59,9157.162,2347.457
59,3427.603,468.98605
59,3009.1829,12777.423
59,2169.3184,18123.098
59,13301.362,12870.524
59,3488.3179,16943.033
59,3722.671,8491.611
59,10606.895,19671.238
59,19278.488,15837.623
59,2829.0164,12987.945
59,13320.036,1483.3431
59,6966.124,2349.7942
59,11645.097,8230.499
59,7720.453,3345.3936
59,16935.873,10510.423
59,3209.6597,13385.627
59,10632.721,18252.914
59,786.2024,17219.932
59,4511.69,12127.755
59,13672.556,1278.3223
59,6569.563,12373.93
59,5230.0464,18306.559
59,9906.721,328.9398
59,12279.968,11162.843
59,7619.4116,13295.873
59,12836.692,3228.7676
59,17945.469,19349.34
59,14985.49,17830.482
59,4057.3232,11492.938
59,14353.088,7588.574
59,7076.1694,4856.3105
59,6695.458,17875.307
59,8081.253,16283.392
59,4373.776,3586.0166
59,13482.661,16395.521
59,8943.325,17969.863
59,16668.95,16554.852
59,11504.806,3971.6018
59,888.16656,19518.459
59,2925.587,4945.0947
59,14404.482,15060.599
59,13459.573,4351.0107
59,438.36685,1165.9089
59,13867.391,14843.293
59,10890.144,4503.7803
59,536.8907,12578.853
59,8637.305,13612.175
59,6914.363,19626.26
59,19135.062,313.12283
59,7048.6504,19417.32
59,10659.244,227.01819
59,10036.701,100.097664
59,1234.8634,17381.982
59,16649.135,11348.476
59,10066.363,14493.044
59,5161.2993,5017.838
59,320.19052,2742.7993
59,3312.0854,9253.048
59,17135.57,15389.042
59,2206.6943,5168.391
59,14690.975,5405.3154
59,11760.8955,1433.7778
59,3889.3274,9402.617
59,19543.623,2190.5388
59,18682.7,16715.246
59,2213.9644,13874.881
59,16059.169,18587.715
59,11621.417,4661.841
59,14753.194,19027.441
59,18829.275,19621.527
59,11773.76,9453.704
59,3281.158,15581.343
59,16957.555,2391.2388
59,12780.107,11104.158
59,12063.379,9296.672
59,14257.058,7883.0894
59,18334.578,8253.042
59,3566.733,8261.673
59,6906.395,1573.6483
59,4619.194,14805.38
59,18221.234,6518.314
59,13934.559,13674.74
59,12666.384,7747.8867
59,3940.297,2807.483
59,14242.924,19423.883
59,16574.016,2066.6572
59,12246.388,19299.934
59,6757.107,157.67722
59,18846.355,1970.2128
59,3352.4824,3351.1543
59,3269.8474,7452.8594
59,7140.9673,8710.636
59,12527.306,11085.21
59,18891.72,2559.4521
59,3546.643,18590.422
59,5987.233,16016.253
59,9547.294,11471.794
59,49.293736,1518.019
59,8520.085,13068.882
59,15626.917,15930.333
59,2510.2239,18255.414
59,2535.0408,16.33053
59,15868.111,4095.9382
59,15168.461,13683.281
59,17675.635,18467.367
59,15159.789,6921.273
59,13770.528,12323.966
59,3819.8174,13962.878
59,10652.065,13364.395
59,5954.5957,4036.0095
59,18098.736,14492.99
59,7973.741,9602.46
59,11400.131,6713.53
59,3606.103,18316.225
59,14684.415,8699.038
59,10518.053,10320.703
59,8663.838,7907.748
59,3020.4192,12958.739
59,19793.512,17366.719
59,5509.613,9185.885
59,3779.2393,18341.393
59,8541.977,16064.554
59,1385.236,839.9037
59,18264.01,5163.76
59,1667.7511,5854.9375
59,985.4078,13499.981
59,12541.327,2109.7402
59,12208.734,5974.4624
59,980.8569,17804.604
59,9986.84,4825.009
59,8863.599,2219.9753
59,7540.0957,12552.079
59,9237.965,6265.349
59,13553.329,18161.076
59,17029.604,10415.576
59,9713.397,3871.2114
59,17475.494,14086.208
59,7990.0625,5990.728
59,14037.361,19159.475
59,122.417366,5723.4233
59,11143.209,7777.483
59,19628.676,10777.716
59,792.86743,9647.745
59,14213.505,19368.271
59,168.314,6299.18
60,10000.0,10000.0
60,104.440544,9731.038
60,13429.45,11125.556
60,18250.973,13512.741
60,6564.7866,7052.9062
60,4336.331,711.4758
60,9331.276,18044.258
60,7937.624,16471.84
60,13469.445,10496.651
60,9619.34,17385.07
60,7357.7046,1156.2174
60,11294.689,3289.038
60,18207.21,10260.462
60,2918.8713,1596.7806
60,6362.451,12558.158
60,3765.8281,1226.8741
60,2328.2195,10058.964
60,17504.31,11640.408
60,17372.703,17157.086
60,9780.227,5052.0117
60,11705.564,12953.301
60,15941.681,17490.23
60,7670.397,6013.901
60,12424.365,3640.8025
60,3732.2922,693.6576
60,5008.682,7402.558
60,19775.832,4240.635
60,2083.905,9737.063
60,17492.541,3110.785
60,284.73984,13417.051
60,11669.43,17372.748
60,16568.197,14544.204
60,7174.9766,19903.816
60,4915.8755,3074.619
60,8710.4375,7593.696
60,12958.168,6406.4453
60,11935.79,12709.214
60,16920.842,3205.213
60,12059.944,7404.9434
60,2888.7288,19587.82
60,1358.0846,14507.73
60,9113.8125,495.10458
60,12207.828,16199.9795
60,4112.2197,9287.305
60,8731.842,10304.249
60,9833.398,4461.6733
60,19316.656,14329.242
60,552.40564,10373.228
60,3479.8833,2329.085
60,15817.446,2981.3071
60,15350.082,9113.116
60,7311.6333,16696.936
60,12067.461,14555.727
60,5532.626,926.06226
60,16674.957,7780.964
60,16676.006,6748.356
60,3509.0347,11691.003
60,13970.632,1538.5833
60,14966.904,17217.807
60,8835.145,12391.986
60,12361.646,4579.5425
60,5249.926,8701.78
60,13000.057,8478.2295
60,13341.1045,7939.098
60,18197.117,12948.204
60,19268.098,5845.5273
60,2295.8228,1160.3901
60,15469.034,12045.502
60,2431.7932,13601.753
60,14174.494,11479.1045
60,13708.411,6046.892
60,5634.0117,16849.242
60,5732.478,5356.091
60,12264.039,3469.764
60,6316.9155,17448.137
60,2900.2788,13993.546
60,8520.028,15385.748
60,2316.292,6170.5103
60,6319.2485,6761.4893
60,14579.918,915.36334
60,13744.653,2544.926
60,7201.939,12055.053
60,14836.604,10929.354
60,6426.0537,4941.568
60,12244.293,7933.448
60,8090.5874,19883.81
60,12333.846,6194.8604
60,6470.939,11957.966
60,16431.67,12939.248
60,14303.265,4259.3833
60,13356.062,14829.454
60,15607.569,12694.246
60,19450.992,14158.719
60,17132.734,1806.7814
60,8139.636,786.81793
60,3091.6973,9564.677
60,10042.148,15246.765
60,10220.813,9391.125
60,19363.977,2856.908
60,5649.3267,554.2032
60,11511.31,14377.883
60,11842.7705,7453.9165
60,12197.63,7150.738
60,664.9157,12681.6455
60,11673.19,8488.498
60,1445.5508,9917.039
60,6448.978,11164.764
60,17125.691,11115.629
60,13497.193,11398.207
60,16894.299,3059.3977
60,18879.045,10134.015
60,13890.657,7728.3877
60,5605.26,801.8925
60,2637.935,19404.912
60,8193.469,16100.413
60,7700.076,19589.31
60,14903.722,11953.763
60,16482.586,15150.634
60,11695.813,4376.352
60,12873.745,19893.61
60,7987.167,3529.524
60,614.19165,17237.385
60,14427.583,7879.1294
60,6946.357,471.1194
60,7984.5737,13478.0625
60,5748.5312,10680.249
60,7833.6626,2379.3115
60,11806.262,14767.277
60,5881.61,14097.999
60,5075.571,18675.67
60,18957.953,480.71265
60,14083.446,2169.7766
60,3683.1028,6696.2827
60,9926.055,2346.4263
60,9145.502,4239.057
60,7099.5986,7974.65
60,18407.354,19929.588
60,14737.709,15617.471
60,964.97076,14988.467
60,3155.4282,6712.5557
60,15360.854,684.81104
60,15534.415,6326.683
60,6644.919,18737.615
60,498.8396,10101.818
60,5172.8154,9337.268
60,3474.3289,6674.908
60,14141.471,2943.0183
60,13901.9,683.04156
60,11712.537,2440.6123
60,16757.736,6441.761
60,9069.093,415.61124
60,19605.01,6366.3257
60,18891.305,6894.205
60,3408.2576,11676.819
60,18553.27,1429.8805
60,3595.109,4299.9814
60,1943.1448,4468.5654
60,13449.007,14532.831
60,7231.1445,2860.7341
60,11640.092,14520.032
60,7902.9453,2290.5837
60,9690.433,7455.125
60,16439.54,6287.62
60,19836.467,10995.631
60,19667.213,13142.897
60,15829.218,17998.05
60,11768.654,14175.171
60,6948.071,9985.563
60,4294.424,17632.148
60,1686.8292,17823.719
60,11986.45,3818.3489
60,4275.837,14661.238
60,4708.933,7978.687
60,2364.5264,18382.135
60,7420.8984,19571.207
60,4449.3096,13950.13
60,5206.7603,12143.721
60,16983.344,15619.51
60,8922.52,10487.185
60,4565.2515,10491.769
60,2878.8345,8073.991
60,12404.061,2415.1648
60,14749.368,5581.506
60,7403.912,11973.798
60,14039.065,7127.5835
60,15055.447,138.30565
60,11336.349,12358.343
60,5063.3037,15883.53
60,6437.4004,11759.98
60,8117.0723,11692.071
60,1671.4108,18412.057
60,5186.3403,19420.732
60,5841.3413,19261.326
60,16857.889,3235.7205
60,9285.682,17203.602
60,15758.567,10765.917
61,10000.0,10000.0
61,15333.835,17739.11
61,1285.3335,7904.0767
61,5665.1694,1838.4263
61,8884.773,9190.259
61,10033.902,1651.1443
61,505.4889,15955.998
61,16245.777,12086.608
61,9397.931,784.4597
61,8163.2397,13025.391
61,8077.266,14693.708
61,15026.313,14760.048
61,4543.2754,9878.724
61,15129.685,16891.582
61,5174.2134,5199.5117
61,8444.5625,1272.5044
61,5850.319,5238.474
61,8515.655,18778.943
61,15189.035,10212.515
61,7235.2827,7550.595
61,9037.295,5034.89
61,1131.5034,2659.3047
61,3209.4187,18268.473
61,11532.545,5390.38
61,11984.256,12698.547
61,18337.072,6360.9404
61,15387.081,11863.3125
61,17000.701,16101.717
61,17209.354,3205.947
61,11903.724,4686.4023
61,8402.98,7021.059
61,4486.4624,16737.936
61,11133.5205,8492.136
61,18919.97,19597.582
61,14529.981,17622.42
61,9126.499,8086.121
61,19355.318,13479.565
61,5139.4644,12127.428
61,18972.457,8145.38
61,11699.507,15047.034
61,87.17354,9331.28
61,17576.527,2606.2373
61,2264.4636,14296.478
61,9773.375,10454.921
61,4238.46,15329.824
61,15927.553,11532.9
61,11825.322,19585.652
61,1623.5018,9297.115
61,17496.441,11567.085
61,18137.865,7924.1543
61,11692.6455,11492.486
61,6763.8433,12391.023
61,15693.809,19484.838
61,10076.722,1456.9595
61,2262.7463,3354.3206
61,6230.766,19787.055
61,5052.5254,11668.703
61,9937.277,3524.7966
61,1100.4835,17582.52
61,502.4994,9212.982
61,14801.24,3420.9639
61,19232.793,775.8476
61,10153.009,15098.7295
61,6856.015,4781.879
61,10323.975,19934.8
61,2129.7236,7380.9097
61,2974.0586,5435.595
61,2757.87,11310.736
61,4321.9165,11641.098
61,13209.569,3020.7463
61,10984.546,5064.8047
61,2334.2974,6198.6377
61,10494.941,3348.3389
61,14579.308,8077.605
61,5248.03,3632.031
61,8848.291,15501.035
61,6841.245,4223.829
61,9658.07,2536.956
61,16196.226,15776.482
61,9675.863,19740.248
61,802.32605,9383.469
61,19165.084,2890.7725
61,19929.465,7707.323
61,7749.7017,4876.2363
61,11273.232,12754.458
61,6940.26,17189.979
61,16686.043,18417.514
61,10045.448,9623.436
61,14141.081,10360.909
61,15393.787,3395.5815
61,1559.7578,12946.28
61,7051.629,18520.166
61,2064.2776,6167.087
61,3759.3958,1410.013
61,18995.807,709.35626
61,10142.097,14630.442
61,8887.099,6327.541
61,2498.8086,12669.73
61,11654.478,5820.143
61,10118.885,12578.141
61,15571.97,1039.1387
61,14602.3955,6521.203
61,13120.144,7462.2466
61,3180.2468,2573.4363
61,9019.361,2952.9597
61,2248.5474,1363.6619
61,18479.275,18142.506
61,6165.173,9899.655
61,11446.003,3382.0103
61,17315.69,18664.479
61,110.1872,14976.566
61,13229.333,18058.371
61,19261.336,8164.0015
61,8617.285,11763.864
61,12817.22,4500.637
61,16838.943,17568.34
61,1551.0638,19913.826
61,10422.129,6513.193
61,6839.311,12826.073
61,3014.3462,4088.856
61,16068.212,10080.575
61,3460.793,232.7492
61,9080.169,15589.867
61,11182.396,13402.288
61,2361.7688,447.9418
61,7551.5146,6251.9277
61,4841.4053,7288.817
61,11832.064,3884.06
61,4202.9336,10742.458
61,17110.701,15589.655
61,13880.231,5598.6772
61,9646.421,5115.4297
61,4304.6406,9830.18
61,11614.186,11130.266
61,13708.941,2150.5903
61,4477.1714,7055.152
61,8252.474,3856.3557
61,5356.813,148.51782
61,14824.539,8809.858
61,2949.4956,1150.5073
61,6430.4824,1199.4779
61,5167.907,16883.564
61,182.19061,3583.763
61,14474.665,13215.704
61,18777.277,17525.922
61,10315.636,12447.768
61,13099.876,2672.3142
61,13718.457,15647.259
61,10175.669,10248.94
61,7495.709,17910.514
61,8522.223,8011.7344
61,11490.442,4194.135
61,3097.8762,18636.482
61,10937.985,17988.064
61,8132.993,17988.574
61,14100.584,9005.884
61,16045.695,19054.445
61,4512.33,6514.0693
61,698.81616,2734.566
61,12094.156,908.83405
61,17516.895,13419.627
61,13871.216,9395.838
61,12563.548,10767.15
61,5188.6997,5669.7495
61,1441.2429,14622.28
61,9967.371,17924.05
61,1185.5258,11253.233
61,15539.71,3714.7102
61,3684.3342,10323.745
61,4364.5293,3516.0903
61,12289.202,5912.701
61,19672.44,6283.5703
61,3017.3933,15725.358
61,3924.8086,6494.532
61,511.12137,19062.812
61,17006.984,9891.3125
61,17531.785,6580.938
61,16320.969,508.4681
61,10142.156,5906.5063
61,4889.019,2920.0808
61,1526.1464,13608.708
61,5723.4165,574.0931
61,11581.047,14832.559
61,3585.363,13813.877
61,2920.565,6792.2466
61,6511.708,13045.601
61,4689.3955,10106.191
61,2731.2793,4599.906
61,5185.037,2312.9321
61,11814.922,322.21082
61,19785.146,15337.808
61,16381.386,12384.713
61,8631.425,14114.373
61,1870.7986,17719.701
61,4684.4775,12066.087
61,17621.768,16029.315
61,19198.178,725.0492
61,3722.5757,16645.584
61,15709.167,11534.787
61,7055.4644,5218.1084
61,11922.805,12374.29
62,10000.0,10000.0
62,17646.162,15318.485
62,1757.9312,17837.87
62,9571.679,2177.5288
62,3932.1294,18745.256
62,2825.911,11113.285
62,1884.0726,15952.049
62,14295.479,13120.7705
62,15610.177,17897.06
62,5429.007,1050.602
62,5638.941,18905.92
62,12575.712,14101.427
62,17373.012,10365.706
62,392.51956,19514.133
62,8245.197,17097.283
62,5853.9395,1226.6064
62,3211.2144,3415.0842
62,7642.7197,15282.664
62,6285.3037,5640.1943
62,4492.2773,7044.473
62,13625.269,16766.959
62,2825.7634,6457.3584
62,8197.075,1752.5994
62,4957.972,1372.227
62,6673.949,2535.739
62,10290.557,15729.828
62,4206.968,14668.237
62,17601.656,3127.7485
62,10864.291,17752.447
62,16780.252,8173.398
62,2951.6714,16475.438
62,2738.5613,1463.3248
62,10560.268,15779.94
62,19626.275,18611.42
62,12359.05,9129.848
62,13195.779,12565.14
62,5580.992,12430.01
62,11203.086,10189.7705
62,873.0595,13331.333
62,3343.4358,9880.384
62,11022.811,10837.112
62,13954.722,17649.766
62,10111.178,2296.5989
62,11211.071,14894.944
62,18687.668,18848.234
62,6977.328,7237.583
62,18109.912,2522.7156
62,1880.577,14150.259
62,476.86905,19353.705
62,8461.25,13839.238
62,10068.858,13012.192
62,8550.956,15461.839
62,16500.436,19350.21
62,18137.299,14912.626
62,2739.6924,14068.78
62,9144.303,19656.824
62,1303.7225,14256.835
62,1154.5234,17355.633
62,4381.552,15123.908
62,14443.37,13368.719
62,18453.941,5595.134
62,16612.365,14339.218
62,7796.024,4659.585
62,15590.364,628.4483
62,9202.823,9686.94
62,933.729,17269.4
62,11841.305,15062.641
62,2919.6194,13897.204
62,3804.3218,18164.814
62,6351.09,15522.604
62,19113.357,6968.746
62,19162.629,18884.885
62,9379.347,6206.239
62,14048.444,3787.6604
62,11230.182,1317.6316
62,18283.098,19303.004
62,19657.566,4955.5547
62,6795.6885,4234.636
62,17031.184,17437.635
62,805.9309,8275.907
62,2149.5903,4244.07
62,16329.648,10404.598
62,9112.576,9255.389
62,8800.652,1809.8772
62,13840.8125,7870.3315
62,7669.587,7702.1943
62,15401.154,2042.1879
62,3219.8882,17600.842
62,9551.73,16007.842
62,11557.837,13601.123
62,16664.488,10025.818
62,158.99455,13972.706
62,5306.207,10917.141
62,12002.72,9340.609
62,14192.8545,4522.3823
62,35.37064,12384.485
62,3112.0288,13902.95
62,2597.1575,15606.619
62,17034.209,3103.933
62,18809.611,1126.2593
62,16686.24,7016.2734
62,8982.086,11760.972
62,2015.4247,15181.729
62,3145.6465,12720.597
62,12713.819,7552.002
62,19173.697,17605.21
62,15202.256,10957.419
62,5984.6167,19335.531
62,892.77,10280.808
62,13436.288,13621.548
62,18784.736,3575.581
62,2215.2095,2819.5803
62,13726.806,6625.201
62,4825.109,16163.801
62,15825.799,10218.651
62,11071.201,17601.582
62,14316.1,8140.2417
62,8736.836,7654.7417
62,3443.5269,7295.4526
62,9943.983,1576.526
62,8752.849,19335.361
62,11042.474,14683.898
62,4755.2153,8679.319
62,10260.708,6761.081
62,19876.377,8724.207
62,1884.3143,3207.341
62,13396.546,12472.181
62,1265.661,17949.9
62,16004.306,19471.705
62,10080.935,377.75647
62,13942.797,16011.778
62,15709.385,10275.261
62,11694.464,3616.6133
62,4299.0405,10588.216
62,11767.284,19126.934
62,520.63214,2124.51
62,10060.919,11427.368
62,18894.27,4078.672
62,6349.3506,17008.975
62,8231.476,7465.7373
62,14104.067,19390.68
62,11238.955,2031.1014
62,10573.616,15638.033
62,12553.298,14859.346
62,15952.016,12173.778
62,10117.258,4164.0273
62,8286.981,12694.368
62,918.44104,8452.433
62,3330.6064,1193.7875
62,4106.2,5091.312
62,610.8969,7052.362
62,13806.389,8729.002
62,5103.8228,17596.057
62,7054.09,1731.6311
62,11421.27,19864.354
62,14661.863,11145.998
62,1405.2512,7363.6406
62,7031.1475,14721.043
62,12149.678,13816.542
62,10783.683,1899.6901
62,14162.066,13790.658
62,2857.2014,13120.004
62,18745.916,9527.213
62,484.9377,11430.842
62,9337.823,1417.8976
62,14795.759,7680.646
62,2475.059,14845.407
62,621.1577,5204.335
62,19070.787,15389.144
62,5852.182,1855.5227
62,16135.996,6063.755
62,8463.843,951.8076
62,16363.262,19929.768
62,15202.283,5327.689
62,6360.708,6995.735
62,17989.559,15240.281
62,15110.134,12000.377
62,6268.1226,4670.3755
62,14813.389,10420.308
62,18297.512,15599.297
62,18681.87,954.61176
62,15124.605,13291.025
62,14155.401,6788.629
62,15921.042,485.8729
63,10000.0,10000.0
63,17189.334,5481.614
63,12354.344,3534.5818
63,860.1078,7836.77
63,9853.003,3687.9062
63,9314.96,17177.203
63,52.62865,4312.7676
63,12021.264,12475.504
63,8089.6147,18955.117
63,17579.691,8293.21
63,1411.3365,15012.66
63,7190.211,14551.319
63,9368.709,15005.469
63,3745.5986,18160.195
63,10523.447,9110.353
63,17021.244,2911.6467
63,6682.7354,7305.405
63,1717.0103,12180.424
63,6822.5156,1512.3584
63,10028.398,11041.967
63,19166.195,317.42438
63,6149.2407,7506.827
63,859.3793,10040.997
63,14601.817,12998.943
63,16202.901,12674.385
63,7601.337,16261.017
63,7195.6616,1946.3192
63,11940.71,15070.327
63,14563.87,7439.7163
63,13932.732,10083.382
63,3542.3928,7870.8926
63,14405.78,13217.159
63,3037.7922,14491.844
63,296.48798,14335.143
63,16547.902,6355.249
63,14789.158,19248.102
63,13856.795,14835.961
63,405.02454,13269.441
63,12573.493,7876.5615
63,14001.807,13743.725
63,5174.89,495.00372
63,8503.639,3628.9824
63,14282.81,18554.494
63,958.9798,9480.786
63,7782.8477,8275.256
63,1588.1171,9235.407
63,11270.123,16084.74
63,4773.2124,4584.3794
63,3723.003,10768.514
63,8010.981,329.45584
63,6439.789,2161.7148
63,1728.6833,4353.5938
63,9661.834,9470.885
63,3249.2256,18766.129
63,4142.695,13124.424
63,12826.28,5203.4585
63,12774.092,19981.783
63,323.37103,15225.106
63,10536.573,10985.355
63,11296.869,15910.34
63,4059.7185,536.2982
63,10020.388,9606.785
63,5383.868,15853.771
63,16302.53,11436.524
63,6060.686,10635.053
63,9804.859,2750.984
63,16581.998,7182.9575
63,8387.547,4184.5405
63,11894.007,1270.8307
63,9235.545,19482.86
63,9397.907,10543.474
63,8353.094,3747.8213
63,16490.545,14923.76
63,11584.544,4889.1245
63,12254.767,19136.559
63,13779.284,6725.456
63,4501.9385,7280.2495
63,11093.073,4284.2583
63,1815.2258,7978.7446
63,6094.2915,7874.542
63,17792.979,9618.783
63,3291.687,1675.7505
63,7481.6475,4681.628
63,14360.282,15443.512
63,5337.5483,7946.971
63,17265.92,4630.201
63,15445.037,10014.411
63,8109.8354,12305.434
63,19198.64,15017.611
63,4603.692,6457.9077
63,11506.333,6214.883
63,448.05368,15970.478
63,9307.537,347.4013
63,11708.533,1685.882
63,12898.973,11561.553
63,8200.479,16263.456
63,8580.886,11987.117
63,15594.021,9239.481
63,7294.508,3945.7517
63,17573.244,10277.9375
63,767.7191,466.30743
63,1238.9825,5311.2505
63,4807.3315,3366.6719
63,3458.2798,3253.9705
63,7680.862,14002.497
63,9947.2705,11657.474
63,8020.8794,10481.239
63,18386.785,19474.523
63,16438.262,2851.668
63,2030.9377,13162.361
63,12070.9,12203.747
63,1629.4052,12625.306
63,6768.78,7476.1587
63,11207.726,3549.1592
63,15157.875,7510.2993
63,9643.5,522.9051
63,7527.3057,11003.334
63,7800.9727,14623.052
63,12069.265,7753.4946
63,2441.6565,8361.343
63,10641.83,3860.6848
63,18033.855,4747.1045
63,13009.013,16988.857
63,11503.127,336.31836
63,19093.691,11202.12
63,3627.2,1687.6143
63,1140.076,17752.469
63,1950.9172,494.69415
63,18237.652,4331.6074
63,1844.7535,460.9862
63,919.70074,5430.5083
63,10306.866,17220.238
63,10940.437,5655.238
63,12847.152,4697.7197
63,625.34906,18394.357
63,5896.5747,12182.636
63,4492.747,9015.289
63,13235.396,1643.8721
63,15214.393,10264.335
63,15313.828,12041.073
63,6875.3677,17981.89
63,8558.055,18679.926
63,7986.9995,11903.096
63,13226.503,14698.42
63,7164.4507,18793.96
63,13535.025,5826.73
63,16820.748,6237.35
63,12454.723,8047.6074
63,18018.686,18998.557
63,16433.35,9978.29
63,6488.49,16387.3
63,14941.657,2720.748
63,19938.299,3573.211
63,3350.1348,14937.962
63,18858.275,9581.361
63,9183.118,622.15375
63,11412.037,7027.0186
63,18067.98,1593.6252
63,18050.715,18922.719
63,17406.586,18721.383
63,7848.02,14739.172
63,13566.96,7080.1416
63,5704.4287,16797.26
63,14263.844,11309.725
63,454.96927,10969.563
63,18747.533,3071.5935
63,9213.314,18253.992
63,19532.867,11032.105
63,12200.749,9181.611
63,16207.016,1452.6293
63,14814.67,8686.686
63,16649.195,1551.9707
63,4365.2114,3650.0186
63,19370.555,11647.414
63,10113.163,19367.658
63,12743.621,4514.333
63,16597.232,17030.09
63,10712.581,12267.218
63,8427.632,12000.823
63,12829.797,3229.7156
63,3224.3125,6709.883
63,17004.262,19272.262
63,16762.395,1887.8519
63,18238.104,4829.268
63,18431.357,1408.6237
63,8069.5845,15388.256
63,7537.0854,19935.55
63,7367.6475,7176.2935
63,14945.396,310.9255
63,11775.636,19613.555
63,9417.952,15918.438
63,4363.805,3931.526
64,10000.0,10000.0
64,9520.03,14.708999
64,10695.217,7669.684
64,12183.084,2336.0886
64,1483.34,12797.068
64,4305.362,4654.6406
64,18195.236,19216.271
64,19998.375,15414.5205
64,951.72504,3087.2559
64,3874.757,10624.414
64,4909.4746,2364.2405
64,1287.4924,8285.048
64,18252.41,5395.5615
64,17106.6,18880.924
64,144.52956,10573.398
64,2164.7031,1183.0219
64,18610.088,3165.3696
64,12032.125,6890.6426
64,15780.189,15572.23
64,13802.575,14999.131
64,16159.0625,1326.0092
64,11987.27,16702.01
64,9427.09,695.6015
64,2490.3723,13701.832
64,2781.78,14975.721
64,3472.5273,9648.279
64,2571.1409,16749.441
64,724.07434,19552.6
64,63.572853,1534.4968
64,10294.037,3727.8928
64,2111.619,15954.222
64,10388.256,15041.53
64,4065.583,11170.872
64,1134.688,5553.0522
64,3774.35,12003.766
64,12374.385,6208.5283
64,8099.3906,11157.878
64,19947.418,4239.7456
64,12878.123,17102.78
64,11775.759,9199.504
64,15016.895,10703.551
64,18368.428,7535.2075
64,2763.4407,7704.4434
64,6065.4717,12122.27
64,4618.5923,16512.89
64,15026.071,18591.125
64,15162.112,15960.775
64,6939.832,16704.115
64,2541.7551,14205.621
64,10421.584,17463.031
64,16185.35,9414.369
64,17996.203,2068.2065
64,1319.527,10449.649
64,4114.561,3944.4316
64,13336.174,12324.64
64,11386.632,14982.064
64,1789.0366,11737.807
64,8327.47,4621.7666
64,16354.314,9547.593
64,7328.6177,825.1988
64,11013.686,19009.791
64,14050.468,4201.176
64,2276.099,18575.932
64,11967.521,18108.855
64,18272.56,16082.458
64,14050.803,13258.21
64,13462.294,18008.162
64,14179.871,5292.294
64,3760.5034,490.4653
64,10288.648,6097.25
64,14836.308,13035.68
64,7202.098,10057.882
64,4664.8604,6484.5693
64,7235.9917,6448.141
64,1423.2101,2749.4119
64,19209.75,642.31635
64,10166.074,4755.3315
64,1129.6478,12610.765
64,15902.813,7708.998
64,6804.5884,10300.597
64,687.7028,8760.935
64,6458.8647,12771.013
64,9001.882,6429.543
64,17509.92,12488.431
64,4908.361,4055.9973
64,11064.459,8312.373
64,12463.223,1711.6382
64,16480.566,13682.966
64,2277.279,15795.486
64,3318.7139,19144.389
64,13642.303,5541.453
64,6079.3433,615.38513
64,18302.71,17909.936
64,6243.0796,11336.53
64,14065.99,19082.229
64,8590.139,10604.51
64,19636.125,11442.849
64,18461.578,1273.1499
64,17735.344,11050.643
64,4232.869,11954.112
64,11385.925,11064.336
64,8697.917,2430.6467
64,18804.45,6222.4106
64,3810.8882,9169.264
64,19831.004,5638.1196
64,13051.684,13034.975
64,19816.387,19429.605
64,12910.327,9498.642
64,18408.086,17443.36
64,1075.4348,8895.906
64,5519.0166,16615.625
64,5920.193,19417.234
64,18297.281,17463.348
64,1537.4443,14043.227
64,3253.5696,4616.1626
64,9268.704,12829.582
64,2090.3877,1694.2543
64,8040.0166,7790.252
64,13181.533,8108.9473
64,1689.8755,15306.596
64,4025.9927,4616.312
64,17667.227,15613.872
64,8365.777,15320.667
64,19382.166,5076.1294
64,8049.6714,10381.649
64,209.82774,13899.448
64,13099.683,18387.139
64,4642.3506,7113.9365
64,7202.8193,14671.213
64,11793.231,202.93872
64,7886.396,13997.991
64,2264.461,13926.174
64,13148.301,17228.543
64,15946.378,12784.162
64,4789.3677,17039.74
64,10904.311,10751.611
64,10264.229,2307.1062
64,4337.4956,5193.081
64,11103.585,15792.801
64,2735.472,13303.692
64,1759.1382,4966.719
64,17421.998,17891.346
64,1618.4698,13005.396
64,18126.559,2093.9087
64,10538.813,4748.635
64,1955.9897,11553.724
64,11995.266,9315.195
64,3615.5952,4808.0757
64,3490.5793,19118.62
64,2781.4097,19110.031
64,2441.3057,6514.731
64,5179.424,7094.5093
64,56.05209,1937.3824
64,4799.886,11143.81
64,12320.717,2732.1724
64,1658.6367,9528.89
64,5743.04,11734.768
64,17359.363,8604.953
64,937.02295,14779.97
64,13038.666,10611.693
64,3546.7986,19959.803
64,4079.9475,12228.368
64,7263.966,2682.1924
64,17389.293,11155.663
64,19793.658,1839.7952
64,4624.6533,15756.119
64,7827.1953,690.3307
64,3930.9285,8842.77
64,11832.839,18648.064
64,1931.6024,14798.352
64,803.26984,9467.561
64,4565.28,11204.804
64,5882.391,18286.918
64,11763.874,8024.7207
64,14066.99,19617.611
64,13682.175,111.48846
64,6505.9424,13794.251
64,4084.2002,10038.542
64,11193.815,565.8673
64,15317.433,19284.395
64,3928.8835,5527.1895
64,7600.1323,13402.113
64,562.4332,7683.0776
64,2565.7446,7416.674
64,13958.55,8706.029
64,9377.05,13349.586
64,3615.2751,10164.926
64,17896.473,3163.0342
64,16645.324,10943.782
64,5413.1934,9512.5
64,15013.501,7232.4497
64,7712.7046,13079.588
64,11170.422,3815.0337
64,1701.195,13631.844
64,13025.34,8800.855
64,15415.63,6236.336
64,11255.564,8914.598
64,15254.729,6467.3477
65,10000.0,10000.0
65,8302.702,3741.7734
65,2320.7375,2375.0288
65,7236.462,18539.654
65,17685.59,19953.459
65,13741.728,10295.821
65,15811.747,15722.529
65,1075.1704,784.4172
65,1834.3365,17379.053
65,10743.892,9008.457
65,15052.178,9673.351
65,4693.0522,5261.7227
65,18733.512,19830.799
65,2251.996,13427.61
65,14873.559,11814.553
65,15399.777,10072.825
65,3785.1743,2464.9138
65,2316.675,14214.058
65,7095.035,14472.986
65,2808.7048,9480.832
65,4493.435,7424.9683
65,8916.498,8031.259
65,6903.4346,14679.547
65,195.8832,13762.888
65,18826.79,7025.3745
65,14405.327,2686.1538
65,7785.1406,11165.798
65,18908.977,13238.679
65,1954.5879,971.6666
65,19952.2,17506.557
65,13913.131,9918.757
65,1781.3767,19062.85
65,7207.384,2595.302
65,15689.508,13099.379
65,10928.579,12924.907
65,8767.212,11144.665
65,7245.0723,4381.5947
65,604.3113,15976.948
65,9708.762,8328.713
65,8726.28,19961.008
65,15405.52,14256.238
65,13090.232,18169.92
65,15019.561,12897.153
65,9897.995,12942.42
65,17387.12,10576.771
65,9134.338,9256.991
65,3784.8,3751.3306
65,8477.612,804.84753
65,19025.654,17878.299
65,13805.921,16108.592
65,16564.623,14600.805
65,1844.171,9162.489
65,7188.595,1993.1764
65,15960.472,5231.9165
65,4741.723,1559.9658
65,15569.559,5947.8335
65,19206.627,11660.464
65,16507.152,4011.177
65,14219.172,1473.109
65,11849.128,7057.3613
65,17516.713,14870.418
65,9698.506,705.392
65,19721.516,4945.877
65,10112.051,12258.599
65,2079.194,4131.68
65,9869.471,12842.603
65,6380.3496,6137.557
65,10966.456,892.84644
65,14454.14,4750.7627
65,7658.703,11910.867
65,1993.407,6212.6343
65,18247.412,10611.911
65,12329.952,18343.693
65,6363.4824,10217.806
65,4860.0156,18051.479
65,13287.775,19503.525
65,2053.8152,7398.812
65,14696.328,11699.372
65,11378.587,1836.0273
65,18408.555,19043.64
65,19467.723,15137.708
65,16771.69,4632.6724
65,11008.826,13569.373
65,9381.229,7465.251
65,4383.1577,13223.546
65,17475.32,13006.657
65,10686.477,11897.35
65,3870.2861,8646.1455
65,7987.0693,7662.2764
65,13697.211,19843.344
65,14436.711,7860.883
65,11644.336,15052.542
65,9336.456,14540.439
65,12610.664,11126.07
65,9043.377,15339.651
65,17262.172,15497.722
65,6907.834,3336.186
65,3941.6147,2578.8823
65,2870.2007,9141.469
65,13257.181,10120.053
65,14138.109,11495.678
65,11060.939,9239.394
65,15965.027,18755.516
65,12905.4795,4072.1638
65,8944.289,16991.537
65,7530.458,15400.957
65,18474.674,2918.1338
65,16379.636,11448.267
65,6523.3467,14629.542
65,19725.998,16587.34
65,9786.478,5716.5054
65,14019.227,1372.6371
65,3187.3901,141.10153
65,1144.285,19298.895
65,14834.474,1204.5609
65,12662.266,9134.791
65,9804.451,14147.534
65,8976.392,4672.8945
65,3947.4373,4498.877
65,13026.143,8834.907
65,18548.246,9291.709
65,5607.9062,18740.094
65,1289.0256,3048.3965
65,7935.496,17921.506
65,12620.449,13895.498
65,19503.963,15203.976
65,2254.2385,15378.105
65,9512.659,14322.995
65,1963.494,2944.0984
65,12150.858,9345.952
65,11808.486,17223.225
65,8176.4365,2568.736
65,7261.9766,10874.09
65,19474.17,1883.47
65,5016.5283,15649.819
65,6924.1377,7325.701
65,2934.2493,16564.34
65,11885.616,15792.301
65,6459.927,716.9385
65,5045.013,18976.613
65,11965.067,6532.6353
65,8662.697,1309.4275
65,12046.442,1376.4265
65,11441.421,1050.0656
65,1062.7357,18134.451
65,5621.3,3838.83
65,1191.5194,13953.376
65,19515.229,18447.674
65,3786.4348,2448.4065
65,7875.8325,16478.244
65,8169.0396,4905.186
65,15889.179,5141.844
65,7915.1406,18994.94
65,17573.541,1725.343
65,18041.533,7945.3496
65,371.35736,6630.707
65,2475.5156,19020.574
65,13897.909,7224.6284
65,14343.262,9675.732
65,5027.963,11339.5625
65,7744.916,14659.219
65,288.93732,2239.91
65,2825.2722,19647.963
65,8876.026,11983.905
65,2341.3157,5287.1787
65,12629.311,6532.8237
65,9993.619,9050.72
65,4474.0376,17670.547
65,8364.865,17637.965
65,6962.949,7409.3706
65,19306.979,1304.3333
65,18813.885,2960.0762
65,8144.7153,5075.301
65,13503.415,1625.7886
65,12269.043,12201.07
65,12552.5205,12951.627
65,5312.558,5351.713
65,18731.777,6213.536
65,18839.115,3492.7278
65,15705.727,14034.165
65,18395.684,2185.736
65,18345.135,11707.722
65,7446.665,11636.001
65,1083.2416,2706.4
65,10623.286,8656.353
65,19415.455,12967.489
65,9131.956,11019.389
65,5384.831,7691.624
65,5768.055,4845.214
65,5559.2744,19160.373
65,19981.066,10451.341
65,15788.0205,11337.163
65,14285.812,3833.631
65,14774.573,2651.7417
65,13917.155,15113.73
65,19249.03,10775.278
65,18439.27,12471.851
65,14623.845,2052.64
66,10000.0,10000.0
66,11862.61,6178.227
66,4063.7227,5657.273
66,11129.383,1347.963
66,11239.239,1018.9432
66,9020.975,4691.546
66,7371.862,11057.76
66,1422.1791,12432.631
66,12011.487,11046.711
66,11550.53,16608.123
66,7056.5054,4083.5244
66,13346.833,14044.593
66,7095.843,7873.4956
66,12624.43,17222.068
66,2.6864884,17315.07
66,13282.259,7210.7876
66,292.73282,17660.043
66,4427.45,12496.166
66,15579.334,1046.0359
66,9422.01,5775.2773
66,16975.973,3704.164
66,16230.759,5176.493
66,3541.3171,5873.701
66,989.3522,2413.3035
66,17764.014,10622.808
66,4413.459,12464.496
66,14930.307,17770.373
66,12496.629,3070.0527
66,7644.931,15645.8955
66,16515.893,5083.4854
66,10993.45,8752.458
66,4379.502,446.54877
66,2395.4873,16819.443
66,16187.955,8940.368
66,4588.6304,1550.9291
66,19039.654,6439.191
66,4300.3545,13686.626
66,4542.9497,5267.395
66,11696.345,18362.678
66,4285.7803,17604.375
66,4848.779,5050.3066
66,461.85217,13006.7
66,15400.021,7533.644
66,19273.465,12138.871
66,19876.328,16533.896
66,6127.872,6551.9326
66,18750.34,5161.2197
66,5127.0728,18053.361
66,8668.603,9113.477
66,4886.431,11622.43
66,1162.9745,14136.415
66,16111.576,10065.888
66,12016.117,7090.5796
66,16706.209,2846.323
66,2857.6628,18526.684
66,10555.6,1360.8108
66,3770.694,17103.07
66,9661.117,19216.908
66,3747.1235,14273.536
66,1262.1599,309.25165
66,9621.251,7714.1294
66,11580.775,6607.235
66,1380.0477,19139.033
66,15820.9,12233.039
66,18638.314,10531.366
66,4369.687,16537.475
66,18821.53,8777.749
66,17136.797,16049.053
66,8462.437,8247.069
66,18491.625,6847.2017
66,2189.1306,5387.7334
66,14719.159,1430.5626
66,10919.278,2679.5483
66,8049.761,12335.745
66,8137.8066,17284.518
66,4038.5159,7802.6104
66,10542.457,10022.894
66,3215.6418,574.575
66,13468.511,15291.776
66,19791.764,12387.863
66,10550.991,13077.255
66,425.0647,15726.84
66,10751.018,14431.404
66,14066.671,5260.5933
66,12893.389,6815.672
66,11838.78,2593.2534
66,10597.448,13931.477
66,1871.1617,16955.29
66,12653.799,13457.774
66,14807.835,1001.2407
66,19358.627,10410.203
66,14678.556,6604.169
66,15672.575,4870.2676
66,10101.482,18846.422
66,1487.735,648.7676
66,16363.409,88.48846
66,328.4699,3794.5886
66,1686.3901,172.30342
66,3915.7812,4869.877
66,9728.614,13242.514
66,9138.146,2076.7932
66,4837.2944,2419.8562
66,137.69011,553.68585
66,6943.62,19815.732
66,15791.292,3073.0059
66,2469.3142,9107.402
66,8480.887,12495.108
66,1464.1135,16155.456
66,1442.2555,10815.774
66,5927.9985,18653.562
66,4187.959,8101.2036
66,17430.232,8463.004
66,1353.3174,1934.5879
66,15801.586,7457.018
66,17215.127,13328.026
66,14014.888,904.9379
66,14792.342,19966.135
66,2475.5193,4010.0066
66,18661.594,12086.093
66,17168.834,14395.987
66,8323.066,12852.694
66,6092.2554,3525.2932
66,2525.501,10743.609
66,12314.203,4887.395
66,304.48477,8457.374
66,19102.3,10123.83
66,6485.517,2187.2085
66,19014.69,1960.5964
66,13927.575,3394.1165
66,14464.412,11249.145
66,6878.33,3533.0327
66,18432.426,3951.6548
66,6331.17,17778.812
66,6882.958,5631.678
66,1516.349,14288.815
66,12829.352,7817.1562
66,5540.6274,17299.79
66,2488.124,6266.3076
66,14450.236,6569.663
66,15857.336,17720.426
66,18100.803,2225.699
66,3513.3674,6021.173
66,14005.07,17086.703
66,2903.528,3650.071
66,18036.44,36.477825
66,19720.05,2941.8098
66,14467.753,10809.448
66,17668.062,10213.03
66,16480.121,3954.4175
66,1723.3658,15688.638
66,6702.681,11259.866
66,18160.936,7509.238
66,11393.145,19922.01
66,17928.191,4957.6465
66,9127.654,2075.3389
66,17219.402,2430.347
66,4432.6094,15231.29
66,18168.537,17344.592
66,19047.691,2965.6396
66,11967.788,13290.934
66,4310.1616,17144.486
66,8503.935,3370.3416
66,13314.204,15343.063
66,8374.546,17360.006
66,7917.3047,14325.25
66,6216.2334,19306.352
66,2268.6926,6987.488
66,5623.45,13090.725
66,3825.751,19326.174
66,8685.928,17738.191
66,8882.065,6116.481
66,14213.794,14611.987
66,7032.3394,7948.196
66,2785.427,12041.064
66,8283.84,15934.762
66,17705.838,17629.512
66,13382.168,8039.3706
66,10939.844,6715.185
66,10845.113,10579.645
66,3995.366,11803.753
66,10716.602,11205.296
66,19412.705,4345.2476
66,16390.744,8722.026
66,16404.445,10455.54
66,1640.2588,13190.75
66,14882.305,4928.713
66,11306.938,17909.904
66,3682.359,8581.27
66,8888.962,1308.5897
66,14315.176,19507.604
66,8779.164,17888.984
66,3420.5803,7755.4897
66,18787.354,5990.18
66,6905.688,9576.561
66,17055.45,188.18587
66,10474.596,4352.445
66,16291.468,10117.937
66,4028.784,1369.5116
66,5896.033,7203.9546
67,10000.0,10000.0
67,14166.284,12433.245
67,1630.9235,11134.924
67,2509.2708,3834.9646
67,8412.359,16854.188
67,11377.505,27.729092
67,6251.491,14990.149
67,5018.844,11148.688
67,11658.65,11730.739
67,2302.0251,106.32453
67,15548.04,8882.287
67,8735.137,6930.6333
67,11275.016,19771.639
67,9054.788,9287.611
67,12630.046,10952.191
67,8977.708,1960.9602
67,4128.8545,9533.286
67,14293.418,10350.819
67,2736.237,18465.078
67,9439.3,8515.233
67,5570.396,335.16608
67,3376.7817,13235.543
67,12766.257,667.44836
67,2635.4792,1148.5051
67,6813.5264,12200.236
67,3208.7998,564.39343
67,19853.28,15270.536
67,10527.278,8463.57
67,6890.562,17304.436
67,12272.49,13137.057
67,2963.1038,8441.642
67,12212.736,11735.388
67,19168.18,2567.143
67,19003.17,13885.889
67,18688.047,7197.2554
67,17501.865,12252.388
67,10304.205,13599.899
67,5355.109,16296.879
67,4737.847,4504.4966
67,14084.103,4982.78
67,9177.736,10083.727
67,3387.5793,14238.303
67,15774.98,9757.805
67,4983.3447,15603.77
67,3982.9175,19838.88
67,11961.899,15296.091
67,11989.37,10642.236
67,2516.7114,16815.766
67,5515.2773,9516.349
67,10185.413,1618.7001
67,4524.9185,11386.816
67,12794.784,8218.291
67,6061.073,8353.767
67,13969.19,4817.82
67,12553.674,6158.455
67,3155.3586,15388.348
67,1292.199,6253.74
67,1788.0756,10217.173
67,5432.794,4325.441
67,10091.092,7087.941
67,14115.748,4046.8962
67,420.59833,13884.539
67,2501.93,5424.541
67,18515.332,13604.213
67,2654.3977,13337.907
67,12148.846,1446.166
67,7900.083,27.620544
67,11019.547,19280.223
67,16946.969,4939.423
67,9010.993,15858.44
67,7969.2603,19895.016
67,10144.555,4542.28
67,1560.2465,2265.1013
67,17912.637,5579.732
67,6081.1987,18988.457
67,6134.272,9836.349
67,938.35223,12210.606
67,4254.1577,7433.6714
67,16724.787,19565.188
67,4721.569,14716.671
67,10628.209,3292.5618
67,2010.8335,6401.427
67,8997.034,15992.878
67,60.263203,12630.554
67,9701.726,9144.195
67,19007.523,8143.7725
67,14153.092,4570.5654
67,5851.6143,9535.259
67,3797.7402,2685.6133
67,16707.059,6660.203
67,44.071827,15332.93
67,8354.819,15098.313
67,19912.846,1795.8889
67,9059.04,17161.12
67,17016.22,17155.422
67,3196.6262,13522.104
67,6796.9126,3064.6147
67,3852.0364,16457.38
67,11592.217,16865.85
67,18387.19,14699.867
67,870.49243,14441.597
67,9884.2,2680.9756
67,746.4192,4504.4683
67,9505.58,4991.438
67,14745.504,565.23047
67,12978.948,9592.876
67,16919.475,8631.635
67,12739.61,6639.4307
67,693.00275,5072.0586
67,9271.22,4849.8867
67,3317.2878,6585.7295
67,2438.942,6245.378
67,19120.525,12492.316
67,14590.56,18962.758
67,1879.243,4832.25
67,9659.31,18513.154
67,11754.859,5986.8223
67,11669.038,11749.481
67,14273.878,14725.252
67,1072.3472,9020.037
67,7684.769,2981.0156
67,14739.442,11735.468
67,4019.0127,5306.864
67,8872.74,15633.935
67,14428.392,12195.498
67,14183.223,59.70107
67,12675.842,19699.734
67,581.5031,12952.122
67,8967.586,10760.984
67,13590.073,6936.6997
67,5299.9966,3070.8093
67,5547.454,3350.699
67,17125.79,13214.184
67,9628.548,15071.528
67,6772.143,1219.7362
67,5707.08,17387.59
67,6101.513,919.3109
67,9882.999,7368.933
67,2691.2625,17741.498
67,16684.219,16254.532
67,2171.0933,2468.0374
67,11285.278,14700.281
67,19635.068,6115.6357
67,7726.46,10944.436
67,13847.502,9571.0205
67,989.02893,224.97664
67,6308.604,15999.644
67,14738.069,1596.4679
67,6156.0796,12216.574
67,16678.652,8604.011
67,7780.2925,9948.838
67,2318.8093,9259.919
67,6225.826,10987.514
67,19584.535,1940.2013
67,16785.05,13670.719
67,2963.28,4995.938
67,12677.067,3631.1338
67,16028.099,9867.351
67,7118.1226,15731.466
67,6728.1978,1437.0697
67,8632.535,13727.615
67,4556.0205,4748.6685
67,15778.037,5008.0566
67,7637.9507,11127.551
67,13744.814,11619.428
67,15892.103,1672.0103
67,10817.277,16955.113
67,1437.1306,11741.543
67,13447.963,14038.939
67,2869.4656,1327.2527
67,8211.145,9546.163
67,3573.09,10643.722
67,17252.895,6212.493
67,10421.445,10485.81
67,181.82732,6086.7124
67,16468.89,2999.9072
67,10897.365,4233.355
67,7979.146,8247.001
67,16442.729,13460.616
67,1124.833,4676.0576
67,17761.838,1025.0461
67,6165.965,19370.604
67,9120.919,917.22943
67,18343.916,17686.783
68,10000.0,10000.0
68,16703.7,15554.83
68,13313.948,17356.842
68,16938.729,82.42451
68,1352.7803,19935.102
68,6631.2,11351.973
68,2625.2349,18106.658
68,72.09738,7545.548
68,9118.742,10382.71
68,15613.0625,1797.6194
68,9870.989,5045.4995
68,19004.693,11839.609
68,7381.9355,3838.716
68,17944.125,13944.23
68,15940.769,13676.02
68,13144.574,19802.72
68,1.55004,12314.189
68,15603.571,10213.039
68,7535.2583,6171.3228
68,9712.004,11003.85
68,17024.518,13592.914
68,19082.572,14290.035
68,10405.267,16628.326
68,7040.1357,8234.627
68,10310.168,8718.591
68,16322.623,11656.159
68,770.478,13130.694
68,16007.963,19026.75
68,1229.2068,2923.27
68,19056.455,8270.582
68,10186.683,12000.159
68,366.9942,630.6604
68,1585.5455,6828.177
68,6005.1567,4473.8213
68,5750.843,7651.4355
68,6874.9756,19338.82
68,12678.916,3620.4458
68,15294.769,13969.446
68,15649.593,5049.0586
68,15449.128,16472.201
68,15666.747,4428.374
68,2839.106,7600.402
68,11924.87,1729.4072
68,11786.734,12020.583
68,11983.995,15072.546
68,17592.545,208.80063
68,12877.522,5254.2866
68,10348.726,14222.984
68,4067.288,654.06006
68,789.561,15473.465
68,19883.2,12508.901
68,8052.591,6243.6147
68,7990.036,2761.5889
68,9445.342,6197.4946
68,6174.2446,18923.36
68,8105.136,7464.4087
68,3496.5803,17426.533
68,10725.47,13529.483
68,9328.976,17224.033
68,11034.759,4820.139
68,16365.359,5415.359
68,910.5606,9094.555
68,19836.81,19714.832
68,5651.158,3978.3684
68,17983.482,5421.4316
68,15591.182,11221.933
68,8061.637,8069.8813
68,2930.8066,6067.1904
68,16070.42,7953.3945
68,4243.496,8244.262
68,17829.426,3251.575
68,3909.632,18233.734
68,959.11884,1884.0741
68,15974.39,17189.955
68,14117.061,16353.739
68,17705.549,7319.5596
68,12748.138,10545.197
68,18400.229,3307.929
68,4331.4263,15390.758
68,11148.765,1682.8527
68,11644.224,14302.703
68,2715.5325,4267.4546
68,8489.001,13563.423
68,8021.381,11838.411
68,3280.8528,13927.17
68,6848.9194,10537.872
68,5666.9844,17602.559
68,3763.2673,4926.0474
68,4070.6875,3317.668
68,12667.633,14883.265
68,14354.401,18084.557
68,5626.9146,11500.495
68,17968.574,9249.302
68,4929.533,10086.883
68,17342.492,6495.679
68,9143.525,3610.5454
68,5531.936,1613.4706
68,3558.701,1793.1746
68,9740.037,11513.417
68,12570.645,957.6298
68,9037.165,17429.303
68,3793.1963,11740.9795
68,18257.418,7698.392
68,14134.134,6712.302
68,15279.846,4075.3113
68,6757.872,3019.336
68,15227.446,14485.897
68,7434.8926,11158.498
68,373.88443,7197.8247
68,14326.645,19127.57
68,12768.989,216.95328
68,11161.235,8439.809
68,4355.527,8929.893
68,11785.639,2196.9558
68,7145.048,19449.207
68,12405.909,11904.268
68,10026.894,19028.727
68,5119.592,14027.652
68,18246.656,8541.335
68,13160.587,15238.668
68,6762.8647,13357.621
68,3088.9448,3364.267
68,631.90027,17298.639
68,4762.797,96.38616
68,1388.0588,17856.008
68,339.7199,14746.142
68,6607.4775,401.0162
68,8608.66,5463.3022
68,13222.485,10885.822
68,7503.4106,2916.4377
68,987.1439,16707.377
68,3769.6494,11911.844
68,1703.8721,10215.088
68,16389.541,19075.66
68,10155.43,19207.002
68,7874.5156,5324.232
68,16935.197,8066.331
68,17928.297,923.97864
68,2612.7957,16072.561
68,13086.761,13166.546
68,5604.6025,6748.0063
68,18367.367,15886.971
68,18076.93,8497.749
68,12474.403,8678.872
68,912.0305,12329.678
68,15665.799,12346.3125
68,12719.121,14265.661
68,1257.825,5397.951
68,14886.813,8056.8286
68,2943.6653,15922.452
68,18881.277,17169.188
68,15429.49,7562.856
68,7965.053,2039.0195
68,1503.0961,9897.947
68,213.59096,15132.604
68,5980.736,12295.318
68,18073.348,4434.743
68,7905.881,18593.693
68,6359.4873,11899.995
68,18169.006,17473.285
68,561.30096,951.93567
68,15167.188,10006.154
68,16387.77,19379.324
68,19058.125,17403.32
68,290.12656,7032.676
68,4672.7056,10315.58
68,11011.711,10580.536
68,8318.9,5264.3633
68,11105.398,10001.916
68,12392.478,10249.944
68,11608.822,14992.036
68,9648.555,15153.349
68,7440.1284,15267.163
68,1219.2196,16967.436
68,6632.6113,16543.656
68,17149.656,17043.186
68,11472.517,5197.235
68,4055.458,18358.574
68,12182.761,613.4182
68,7411.4097,18502.1
68,14371.608,17043.264
68,6857.2773,15189.119
68,3923.7712,10262.698
68,17546.414,1590.4226
68,10718.638,1268.5513
68,9472.362,8395.092
68,19473.826,5982.527
68,9415.257,2949.7378
68,14226.408,8992.215
68,6102.539,3572.6082
68,19237.875,3496.9077
68,13217.846,14946.091
68,15462.886,17935.217
68,19341.896,11589.346
68,1843.1635,13283.21
68,5817.6323,10934.19
68,15688.48,13109.925
68,4656.215,566.94135
68,3346.878,10537.979
68,2489.143,1806.1243
68,19441.238,17699.383
68,15482.758,226.3041
68,13508.485,5062.746
68,3482.4004,5781.3315
68,2475.7095,12460.131
68,11984.999,10574.956
68,5262.277,5822.0815
69,10000.0,10000.0
69,6252.259,12847.81
69,8408.751,8900.041
69,12738.804,482.57657
69,5162.388,12844.435
69,1798.7142,14228.945
69,12608.578,10692.563
69,3936.3025,5299.7227
69,5767.365,6621.417
69,17790.273,15846.432
69,5017.67,1659.9697
69,17782.557,10677.185
69,7243.3486,13797.704
69,18083.852,15444.016
69,10920.007,15180.748
69,2331.0906,6553.46
69,11671.06,4243.2676
69,6676.2656,11750.798
69,11403.423,10745.42
69,657.1258,12006.225
69,11748.922,1722.2223
69,13703.959,13575.105
69,17297.947,14155.273
69,17086.965,3831.609
69,8297.183,10168.708
69,16041.552,7273.493
69,6542.8643,1943.7139
69,9447.459,13090.687
69,7397.6787,19231.229
69,19516.877,4820.33
69,18586.742,17561.268
69,7579.2383,11162.75
69,16224.09,2318.8242
69,7091.7476,19159.75
69,15149.603,9724.914
69,19429.807,4489.0874
69,11617.402,3193.7473
69,1572.6035,17968.324
69,2205.1667,18053.205
69,9199.695,19549.059
69,3980.2368,11994.096
69,7577.857,5676.2896
69,7569.876,675.6214
69,12031.608,5017.8213
69,12779.225,18437.697
69,3187.7175,15551.078
69,9675.868,587.1818
69,3464.021,10572.5
69,2594.1772,3666.2153
69,5096.33,19874.62
69,1319.8923,13450.461
69,16734.496,10732.779
69,11502.645,14250.604
69,12260.652,3581.131
69,5369.4253,13713.15
69,5456.0957,2309.1838
69,2114.816,392.1346
69,12460.26,15546.672
69,896.9729,19054.166
69,17885.4,9779.15
69,6105.537,10889.043
69,16084.364,13786.81
69,9326.193,7971.493
69,3311.8435,7644.3394
69,16626.125,11879.452
69,543.2469,4226.4434
69,11859.123,17971.895
69,3802.536,8314.985
69,10129.516,11391.052
69,19381.57,12063.819
69,999.83826,17736.889
69,12403.804,424.92163
69,836.3936,8792.376
69,19032.828,6238.0933
69,15775.595,16964.059
69,17992.346,13685.093
69,18283.195,10382.294
69,6592.559,14562.615
69,18156.412,11318.425
69,19364.646,2228.261
69,207.58961,10414.32
69,6272.6875,1004.3021
69,13795.389,16057.973
69,14906.031,13172.9
69,521.5263,6668.8374
69,11000.796,16387.803
69,10734.86,6022.765
69,7110.612,4893.96
69,18941.482,10618.999
69,10483.762,3449.055
69,16759.623,16406.908
69,5443.0576,6782.0015
69,18952.805,8429.908
69,16980.86,15231.331
69,1897.8835,1881.2362
69,13685.288,8674.991
69,14726.357,3907.1648
69,6882.7837,16456.44
69,13012.487,3374.4058
69,19512.242,13788.09
69,19304.467,13226.116
69,4352.4575,14497.851
69,4936.458,2508.0083
69,12673.488,5987.9414
69,715.43243,6257.0254
69,8479.083,17299.43
69,17825.602,98.70201
69,17805.373,12109.626
69,3175.373,13850.892
69,14707.103,8237.138
69,2413.73,6462.6914
69,7403.644,4097.839
69,19388.598,12877.898
69,41.927074,18272.148
69,239.97783,6404.7466
69,903.5726,15661.874
69,19063.088,10653.678
69,15164.5205,4964.078
69,3114.1306,13618.37
69,13971.546,11930.995
69,10944.716,3338.0007
69,447.61954,656.85394
69,3743.993,9006.208
69,15709.222,11480.366
69,4403.4663,2007.9401
69,11922.191,14531.001
69,13330.306,12002.141
69,18834.756,19077.553
69,19207.969,6440.369
69,17114.197,18928.47
69,9162.655,14497.376
69,19731.328,18968.896
69,19893.443,10172.656
69,15720.415,16628.7
69,9196.297,9599.667
69,1415.882,18039.863
69,13618.64,7193.218
69,13824.072,9004.033
69,13012.712,2274.4126
69,7163.579,19034.027
69,2831.164,12234.193
69,1970.6835,19099.08
69,12947.72,16700.154
69,1641.6895,7785.7163
69,18080.572,2739.2358
69,5416.755,3244.0833
69,4644.5815,13071.697
69,440.8914,1325.3989
69,19597.91,5205.9893
69,10428.619,19566.018
69,15241.63,15317.771
69,6193.1025,15141.806
69,6515.4644,12476.423
69,8781.07,1050.7798
69,17289.771,4860.1055
69,11406.928,699.3515
69,18521.268,4765.8506
69,13558.873,1257.0118
69,13419.843,11537.754
69,987.71136,14290.6
69,5598.8413,18813.88
69,856.7572,18985.467
69,11144.391,14453.01
69,15834.6045,17115.541
69,4949.476,3110.064
69,9721.08,7769.235
69,1026.9583,17671.826
69,2962.9102,1144.0835
69,13883.903,18398.162
69,14995.565,14425.741
69,1737.8522,15314.382
69,14217.51,3934.446
69,2331.877,13917.059
69,16725.512,4932.853
69,19941.984,2653.681
69,205.75175,1480.7833
69,17010.75,18003.295
69,5891.9595,1399.9103
69,1353.294,4504.7344
69,4009.5317,969.62146
69,4155.1133,2046.6385
69,7031.6675,5748.041
69,17539.57,886.0287
69,15283.214,6660.4663
69,13514.173,10163.799
70,10000.0,10000.0
70,17481.953,14211.389
70,10635.446,15092.706
70,10055.335,3021.7627
70,15755.13,12406.638
70,6841.062,4354.9844
70,2533.787,16403.69
70,3853.2373,9827.093
70,4045.1672,9805.313
70,7490.043,3394.3447
70,5945.823,6732.3037
70,9350.479,13673.452
70,12405.669,2125.901
70,17727.668,6776.167
70,2820.774,12263.641
70,16970.604,4258.491
70,1276.4493,10947.705
70,10313.585,596.55115
70,2189.9624,11367.771
70,15098.189,6676.336
70,4167.6553,546.5921
70,10431.124,15296.475
70,6587.6885,4696.559
70,19436.12,12162.285
70,16803.547,378.95428
70,19884.639,14380.346
70,4431.9326,2580.014
70,7244.9185,6128.244
70,1080.4818,11461.989
70,1494.3401,10399.653
70,448.9159,1789.3335
70,1324.4137,19176.492
70,4593.668,421.84103
70,10326.916,3094.221
70,9909.541,2894.2075
70,14685.886,4790.6763
70,9757.843,1697.5392
70,19707.38,3212.2627
70,10197.343,8429.197
70,11815.044,12433.98
70,18526.705,2537.76
70,11424.83,2922.1602
70,18985.826,18880.771
70,5448.453,3019.3086
70,18363.455,2351.3
70,3944.9568,7984.906
70,1971.9438,11496.147
70,13029.548,16237.678
70,16402.059,6953.236
70,10388.451,13962.844
70,15379.673,17412.105
70,13569.646,781.7673
70,3111.4407,6914.3677
70,17070.88,13737.148
70,15251.917,11676.91
70,6968.3066,9633.246
70,5511.6763,463.1643
70,10422.855,12396.31
70,14389.056,10814.148
70,11440.052,12611.303
70,8946.557,15092.794
70,921.885,6201.4863
70,609.0652,12017.763
70,7113.642,13453.883
70,1107.3228,6423.976
70,12768.431,15298.242
70,3837.8687,13878.636
70,16038.733,1364.998
70,17976.613,12931.751
70,17393.732,11002.415
70,5375.624,10551.295
70,19873.527,2996.355
70,1567.7843,13049.528
70,19561.77,6961.243
70,6387.5503,5608.528
70,4872.758,7168.577
70,1707.8907,10794.334
70,3858.8276,8304.638
70,1834.5898,9529.414
70,17576.31,3506.6958
70,11896.59,3339.7937
70,15961.917,5251.6914
70,1981.9039,461.7493
70,15017.815,19113.21
70,120.625984,15497.3
70,4283.483,13039.209
70,4386.887,19229.514
70,2597.2751,3157.0266
70,14240.922,10881.802
70,2153.5393,9393.639
70,4262.7114,2843.41
70,19949.799,10779.397
70,12114.867,10327.267
70,4838.255,13602.281
70,8245.706,19167.33
70,4750.3164,12230.653
70,7911.9546,4914.4653
70,126.526955,9091.017
70,16605.38,11245.261
70,12439.705,9423.34
70,19960.785,19434.062
70,6449.66,17632.61
70,3274.1218,5843.2954
70,10596.951,12517.577
70,16757.271,3937.163
70,15095.74,14233.056
70,13297.174,18291.287
70,1719.0634,5527.992
70,7734.4697,5855.4663
70,11013.58,1286.9481
70,18331.578,13027.443
70,2480.144,11637.523
70,13111.249,5693.9126
70,17535.03,19254.12
70,9465.281,4550.797
70,460.07037,3638.3042
70,10270.317,1254.4087
70,17207.527,18711.178
70,7673.234,3090.1475
70,17185.7,2692.6584
70,12078.31,6119.0723
70,11477.22,6096.788
70,8802.687,16754.791
70,9777.326,8682.255
70,16312.186,6253.1704
70,1453.809,6024.178
70,19083.701,13952.302
70,13693.346,711.655
70,1283.4039,7518.5093
70,15064.359,17206.662
70,1910.2806,6428.274
70,557.9225,16974.527
70,7405.1406,7384.393
70,12921.972,9296.594
70,8297.988,9045.647
70,17183.064,14866.202
70,3220.0815,3525.3215
70,1384.27,11183.257
70,18057.234,15818.22
70,17693.143,6412.653
70,3386.9756,1817.7035
70,8223.847,5459.872
70,8175.2334,11578.695
70,10391.056,3252.7554
70,4995.702,17600.979
70,3311.3286,6214.058
70,4649.834,815.01373
70,3796.5557,14474.83
70,11562.281,13051.791
70,10663.861,13252.481
70,8868.415,12301.93
70,18703.697,9052.733
70,8356.885,9960.259
70,2042.6151,16860.555
70,11705.07,596.56635
70,16223.37,3738.557
70,7197.847,314.7474
70,3563.3372,8202.774
70,8390.397,9153.839
70,5076.6343,9772.74
70,3207.0386,16675.174
70,5158.745,11384.106
70,1438.5127,5590.0957
70,12829.716,15563.524
70,14895.302,9690.778
70,12746.954,6499.167
70,14399.714,16970.758
70,9445.594,7153.22
70,15350.79,16606.992
70,19454.402,3505.7832
70,16965.162,8228.1
70,17721.701,17326.963
70,9276.507,5869.023
70,4771.9346,13255.769
70,13063.377,2996.0928
70,16023.052,7293.7935
70,4765.4976,4715.928
70,13252.821,17468.078
70,7247.21,19515.766
70,4000.646,4746.8867
70,10448.873,11234.407
70,10547.845,4304.4077
70,14718.615,14582.952
70,15522.952,6229.3936
70,8417.893,19219.92
70,4452.864,16909.84
70,14484.833,7802.27
70,13765.631,8330.486
70,8436.805,6308.0376
70,18163.096,8048.988
70,12738.067,14537.696
70,14168.737,13416.783
70,14661.274,4283.191
70,12724.946,12364.391
70,6914.2056,5202.4233
70,9269.261,15816.567
70,18047.45,8983.955
70,5115.0713,17512.627
70,11915.618,3275.0024
70,11756.483,2523.0046
70,17017.4,5668.9526
70,5752.9272,16447.643
70,6204.4844,8940.747
70,1670.9213,13557.257
70,5856.9644,15007.257
70,5002.0464,18185.822
70,15551.315,4586.365
70,8138.7593,18221.484
70,18519.959,6218.133
70,8767.077,12198.232
70,14981.645,15649.806
70,19645.797,4849.4575
70,876.9076,12678.627
71,10000.0,10000.0
71,14814.476,13358.627
71,12741.036,15393.077
71,14774.499,2195.8218
71,4068.9902,14976.816
71,6423.5977,19809.496
71,19339.418,6510.888
71,5881.8184,18727.137
71,10900.675,17557.766
71,9758.378,15835.659
71,4228.531,8181.115
71,1532.2593,9983.247
71,9586.332,5419.695
71,16466.488,19154.414
71,4157.3105,3054.61
71,13485.477,6395.1255
71,4095.6401,5397.477
71,12993.194,8141.691
71,11323.889,15889.479
71,12762.822,15154.208
71,4429.7646,14099.66
71,15005.361,5526.5474
71,10461.657,2765.2761
71,3685.729,3053.5244
71,15869.078,1339.5399
71,5007.143,13535.779
71,215.07121,9198.725
71,15596.858,5225.5312
71,10081.746,19909.373
71,8195.275,11582.898
71,15499.193,7099.0415
71,3552.9968,17690.006
71,18786.334,12436.676
71,13710.598,17540.348
71,3409.3535,16267.946
71,9905.872,14635.895
71,13545.95,9969.457
71,3792.0125,11324.212
71,14651.322,13117.995
71,3685.0537,8298.511
71,18738.791,12201.684
71,19248.264,15414.6875
71,793.4588,96.41788
71,2383.1655,2434.429
71,785.29956,13881.1455
71,11994.96,5549.639
71,10930.559,8877.282
71,5779.479,18131.562
71,6024.445,14908.061
71,14846.672,8297.823
71,11038.878,19148.62
71,13688.22,11939.519
71,18149.576,3621.8528
71,10877.879,3715.9656
71,15532.029,8381.709
71,2545.6404,16567.104
71,192.70416,19042.877
71,10548.285,6882.1665
71,3886.4087,15686.559
71,17114.566,8825.277
71,952.962,17206.307
71,3918.313,11252.795
71,5028.425,3971.3428
71,10036.886,12014.093
71,17813.025,15289.0625
71,6715.613,4822.3022
71,14333.315,11554.045
71,16377.597,16063.972
71,7758.328,10405.643
71,8235.688,15424.724
71,1473.3573,12990.281
71,14224.018,7122.206
71,8986.435,15416.88
71,8346.577,6358.569
71,13091.638,13681.228
71,8263.809,6958.2285
71,16038.227,11283.428
71,11447.261,18004.65
71,10766.085,17964.666
71,16677.035,3098.684
71,19881.309,14475.092
71,17316.236,10989.269
71,4570.1733,10531.855
71,7634.6987,9574.1875
71,17736.998,3751.0012
71,5050.118,1639.7874
71,15749.042,1835.8317
71,5552.8823,8508.511
71,2894.6787,18174.51
71,9576.654,16265.439
71,9672.917,1364.5841
71,5159.5244,2863.2275
71,12290.632,18866.555
71,19384.328,16271.129
71,9456.496,12536.868
71,5872.8833,1071.0072
71,16307.9375,6139.834
71,2231.4397,873.8636
71,5453.917,253.32571
71,356.5359,12644.764
71,16636.4,14145.901
71,503.20517,7598.742
71,12033.8125,9055.909
71,15931.965,3264.2542
71,16263.638,5328.641
71,9505.16,11040.057
71,17165.482,19582.207
71,14644.059,12107.78
71,10604.013,4374.317
71,8259.152,8158.198
71,11527.354,14473.778
71,8811.482,9996.753
71,5589.201,16515.01
71,12068.722,1191.6635
71,18490.299,13173.203
71,17993.418,11589.724
71,12668.385,7576.2964
71,11652.152,18914.648
71,5355.0933,3892.1365
71,3363.245,7639.857
71,9670.766,4127.658
71,13971.4,10858.844
71,6625.851,11465.482
71,17666.879,2266.9053
71,8646.177,10480.194
71,12483.922,9987.159
71,634.6036,14725.244
71,10007.185,1103.9768
71,19842.83,14521.324
71,2512.6646,4135.1763
71,750.9761,12555.111
71,14134.168,16253.253
71,4929.1655,6977.59
71,10502.744,10089.143
71,14843.739,4467.488
71,8700.5625,1481.6785
71,16190.401,12640.173
71,2555.3464,704.76526
71,19630.078,329.83716
71,6178.7314,5813.4766
71,12221.97,16724.59
71,5885.475,4712.907
71,12796.116,11647.439
71,816.1356,1493.3954
71,10907.028,6545.918
71,10722.815,7241.77
71,7109.855,11117.066
71,10649.529,1623.865
71,12009.274,15620.628
71,19336.973,14331.224
71,1014.58105,5450.0073
71,4686.002,19059.637
71,7258.993,8909.795
71,16135.905,11240.028
71,1292.5498,12697.609
71,2041.1669,8961.331
71,5802.966,2987.6118
71,14113.034,9850.903
71,4958.4385,521.95526
71,9199.0,19178.379
71,14571.589,13680.693
71,16773.664,6937.5703
71,7434.799,15168.579
71,10925.73,14128.313
71,13445.464,922.29675
71,8808.176,1622.6862
71,14918.988,15386.94
71,19505.467,12846.8
71,17828.2,18536.71
71,19725.686,3800.9902
71,17822.523,7896.0205
71,5730.3906,3665.5164
71,2797.523,13065.029
71,1859.2732,5730.437
71,8825.747,2996.0059
71,4893.808,16991.54
71,7666.6816,14640.079
71,14878.657,11255.269
71,17884.436,14231.218
71,11196.245,7476.234
71,17946.17,13816.307
71,9494.414,16420.666
71,12899.065,793.9059
71,1718.6521,9365.087
71,9207.002,18140.94
71,15990.587,11075.912
71,15281.851,18084.115
71,3060.425,15362.282
71,17610.18,6763.4937
71,16582.752,11529.369
71,6284.0317,5428.0283
71,15132.502,18977.203
71,16914.76,16175.744
71,4173.5034,13807.256
71,11145.349,430.86603
71,728.4065,1965.3528
71,2433.3118,16278.75
71,4967.7456,9771.635
71,11224.238,15264.982
71,11681.33,5910.8604
71,18904.98,6922.066
71,15818.459,15743.777
71,6642.298,8078.282
71,3842.4587,2154.614
71,18658.25,13910.754
71,16736.096,3921.2761
71,9990.822,14908.925
71,7542.715,14159.704
71,9399.615,73.91495
71,19773.076,7462.5576
71,5817.642,1874.3759
71,3082.1594,9589.136
71,9344.301,11655.687
71,3088.8096,13274.243
71,8360.661,121.1681
71,7025.077,11639.839
71,8804.071,4299.289
71,4127.2124,14847.957
71,18305.576,10227.486
71,5756.0684,6864.112
71,8127.75,10013.254
71,15020.119,10702.52
72,10000.0,10000.0
72,17865.87,19225.408
72,2064.7236,18113.598
72,11473.628,1070.722
72,4203.3877,6786.4067
72,1646.6034,8317.208
72,7939.5356,19368.555
72,7619.545,6600.7676
72,2263.6768,15748.209
72,2433.7498,3749.2693
72,17043.79,4907.0957
72,11088.327,18360.385
72,3673.204,6394.5376
72,6521.5625,6349.891
72,17395.658,756.81885
72,9914.513,10464.273
72,18415.477,67.22413
72,4228.9033,11051.695
72,3961.7258,16193.515
72,8586.061,7698.3276
72,4903.0957,19810.3
72,19804.82,12751.057
72,9209.1455,6196.264
72,6091.4653,16924.168
72,15852.981,16430.852
72,4008.6653,7308.939
72,897.0907,17817.31
72,5888.9966,15012.453
72,6678.4424,9511.174
72,7872.1567,12305.221
72,15012.851,6337.3823
72,1004.0356,13705.681
72,8028.777,15749.3955
72,19206.209,6103.247
72,13865.364,9377.765
72,11007.861,13399.95
72,11404.677,17537.9
72,6313.5874,15576.559
72,17457.566,6004.417
72,10672.605,13986.595
72,12696.314,2503.9282
72,6919.622,213.36137
72,9943.004,7570.3184
72,17090.76,7233.9185
72,10389.662,1909.499
72,2115.8337,8360.051
72,8457.373,14410.697
72,16990.967,1142.0223
72,10869.4795,6142.5747
72,17505.291,6773.4937
72,4699.378,229.9313
72,261.65912,938.851
72,3367.495,9557.401
72,12536.582,442.606
72,2167.0989,16010.674
72,14647.803,16858.752
72,17155.424,5686.032
72,8598.169,13782.26
72,13793.794,10376.227
72,6439.525,16315.744
72,9924.707,2631.4727
72,2353.2996,15594.841
72,14655.458,685.3135
72,16940.402,14452.948
72,7976.6396,11584.54
72,9335.798,15408.207
72,9440.008,2491.4985
72,15412.16,3640.151
72,13307.088,11994.224
72,7999.6167,2983.115
72,1539.5964,2358.201
72,8133.543,18748.379
72,2638.409,3471.0542
72,7349.987,2982.7812
72,11920.167,15431.851
72,278.83667,7719.3467
72,8316.404,2534.729
72,15562.372,13998.732
72,11933.407,1991.5735
72,1602.0505,4391.6636
72,1247.3918,8037.415
72,12968.236,2859.2373
72,8663.918,9383.743
72,105.05887,5485.3447
72,5992.971,18352.896
72,3748.1047,875.62115
72,6805.899,15226.151
72,11095.699,2320.3823
72,10668.711,17296.18
72,7515.6475,17931.98
72,14738.428,15261.859
72,4999.1006,6445.6255
72,19581.055,7089.16
72,408.72128,19399.541
72,9289.266,16923.57
72,14131.275,9221.21
72,14160.563,1471.511
72,17432.66,4738.245
72,18450.014,7292.085
72,2010.355,16683.791
72,3095.901,12667.555
72,10130.236,19933.197
72,18133.36,1574.4116
72,10948.914,6209.2095
72,344.14716,13943.955
72,4644.023,3174.6814
72,8828.977,3982.2258
72,19497.125,14717.321
72,13642.738,5631.613
72,52.62085,1792.0729
72,4841.7637,18506.27
72,12515.521,16221.281
72,242.21223,9843.459
72,8646.202,15990.909
72,3573.9858,6303.062
72,19792.932,19936.318
72,12009.529,6512.18
72,8842.205,5399.6646
72,16497.123,17851.78
72,2967.5374,17460.2
72,3624.6372,5996.119
72,19146.941,2142.3086
72,14843.427,11328.067
72,4761.895,9589.476
72,9114.3125,11023.023
72,4887.694,47.4517
72,15887.427,8318.574
72,4179.928,15209.473
72,7827.5444,2237.9412
72,19887.068,13947.048
72,19975.582,1738.6354
72,9218.253,9144.46
72,16135.932,4301.913
72,8706.998,19207.777
72,14054.82,12367.33
72,1470.0857,14262.645
72,16540.703,12437.728
72,2790.5017,7432.258
72,6233.998,14591.7295
72,9124.176,5682.362
72,15605.515,16399.074
72,14324.637,10507.75
72,11463.617,4637.804
72,4159.025,10101.876
72,4986.0864,16216.102
72,3881.5996,19153.475
72,14808.776,19804.555
72,17616.113,19958.625
72,8204.126,708.1401
72,4212.6226,8424.348
72,14402.407,13265.951
72,4212.461,19998.777
72,9800.191,11572.9375
72,17032.762,6088.08
72,7611.4883,8963.637
72,4372.222,3861.0173
72,5070.0405,12194.031
72,5312.4404,6387.708
72,12652.35,15312.375
72,8719.303,16981.604
72,9759.506,4635.851
72,12441.497,2659.1638
72,5860.592,3324.7273
72,16985.955,817.6181
72,17419.082,12211.946
72,16983.178,10685.016
72,13438.694,2333.5686
72,14861.261,15106.859
72,12392.188,3199.2827
72,15052.587,5165.331
72,17931.168,18356.51
72,12076.924,14843.865
72,10184.812,13820.449
72,17599.195,16544.137
72,4332.4355,4453.0317
72,5930.159,3296.236
72,10983.69,12084.298
72,12560.858,7940.2183
72,12980.524,19096.725
72,9603.772,19202.375
72,19953.37,1200.3281
72,6783.0303,4115.0024
72,18466.906,624.0295
72,8655.464,19828.193
72,15517.454,11859.811
72,15568.822,17323.148
72,12384.958,8351.804
72,6288.4565,973.1387
72,9771.622,14454.881
72,16272.008,6666.527
72,10301.935,11636.861
72,7076.7676,11435.838
72,17033.432,3805.979
72,10926.046,16667.354
72,10988.794,13537.898
72,1319.7164,19477.973
72,6528.9478,12446.766
72,9842.841,15725.73
72,6127.0674,1590.2006
72,10333.272,12527.676
72,13385.771,10965.887
73,10000.0,10000.0
73,14833.401,10481.635
73,2193.5608,3866.7737
73,15076.536,418.96576
73,15850.126,9045.538
73,12184.883,13336.602
73,18086.83,2132.6577
73,3722.499,1862.3668
73,11335.472,13860.893
73,14452.021,6171.7515
73,4550.043,7425.664
73,4735.6484,1499.6193
73,16935.768,16094.682
73,8860.383,1029.651
73,19658.955,9410.661
73,12440.522,1163.8103
73,2399.4434,2390.8022
73,687.3471,12387.086
73,12620.7295,2753.924
73,402.94778,10969.987
73,1482.1478,3327.2954
73,15064.519,7198.455
73,16593.37,13421.9
73,1440.253,938.5175
73,3750.387,12796.898
73,9032.142,17339.932
73,19518.086,1199.8239
73,3214.6147,15940.044
73,9615.605,15581.333
73,17660.076,7667.7603
73,4890.756,17962.447
73,17378.86,8070.1567
73,15240.276,9148.558
73,15441.245,15546.498
73,329.07047,3001.8728
73,19262.938,16590.934
73,15155.9,7854.223
73,1583.6887,15496.832
73,16954.916,9305.943
73,17801.426,18192.467
73,19567.586,18398.93
73,5650.304,13533.1875
73,3141.6897,10295.067
73,13636.261,18103.045
73,16419.633,14867.724
73,1642.6189,5758.398
73,10841.419,19901.355
73,8899.666,17418.213
73,18959.389,143.21027
73,6010.0654,5728.7324
73,12086.705,14258.111
73,3201.0864,12087.97
73,460.99042,19451.69
73,8460.074,17629.322
73,4676.669,4282.649
73,19392.629,8230.343
73,15158.484,8365.776
73,5196.2495,4749.957
73,1334.8405,9324.626
73,13613.859,12580.8125
73,9947.227,17277.691
73,724.4505,12933.026
73,17145.855,16630.254
73,3628.6804,17150.268
73,5214.1533,3411.378
73,12700.593,8274.76
73,5505.524,19435.719
73,10897.218,18730.527
73,2101.8467,6674.816
73,2393.3557,12211.506
73,12129.019,15689.673
73,19051.332,13228.609
73,6419.7393,15038.406
73,5447.914,10872.326
73,955.1094,19642.695
73,8013.485,12117.646
73,10666.071,8052.9556
73,2457.0576,5795.7134
73,2149.4885,625.99664
73,10297.337,12059.664
73,10381.456,9560.759
73,2551.795,7700.0405
73,18607.57,12334.84
73,16730.914,887.7328
73,3016.146,3461.077
73,4230.3394,19156.875
73,16700.877,4322.37
73,16419.438,767.1354
73,14622.207,11846.524
73,5415.9688,222.42343
73,1085.2477,16264.145
73,19670.316,8138.5337
73,10146.275,18298.627
73,6496.555,358.73746
73,5931.4844,17890.465
73,12822.73,7686.177
73,14271.975,2087.698
73,6168.4316,11922.562
73,17306.316,14606.668
73,6722.2793,1547.8828
73,8271.348,429.04166
73,13587.318,8912.6455
73,11666.019,18610.943
73,7156.4644,12979.436
73,15753.902,17111.48
73,13002.6875,19326.527
73,8348.6455,9637.348
73,17777.055,9878.781
73,4321.2646,11196.547
73,6338.05,1970.0465
73,4293.2974,4068.7725
73,8700.815,8885.529
73,13654.223,18916.215
73,15809.077,10451.265
73,17703.803,9081.743
73,13743.783,17695.494
73,13326.888,19930.605
73,5824.5376,6547.8735
73,16041.367,14092.874
73,7387.3823,11453.642
73,11807.962,9510.449
73,8495.522,18048.791
73,16724.236,13412.033
73,2627.558,1836.8126
73,10447.406,12634.706
73,15489.14,14072.938
73,1028.0728,8316.96
73,2426.982,3029.2253
73,15121.675,9993.655
73,4396.5063,7492.75
73,2558.5867,9692.209
73,5377.938,2471.2168
73,7399.2627,10196.061
73,10606.843,277.85507
73,8465.289,15052.614
73,8480.986,3941.038
73,15854.138,6453.342
73,4641.0757,843.9439
73,5514.0493,8309.465
73,4279.886,11996.679
73,5672.3037,9375.342
73,4122.008,15341.484
73,7702.3594,14264.256
73,9067.376,1636.8839
73,1596.7174,9204.275
73,17001.154,7379.9775
73,17242.564,15325.939
73,12639.914,14878.147
73,16755.285,2021.2855
73,12976.661,17724.184
73,11822.702,15244.81
73,4155.7334,3454.5396
73,9844.557,5628.5547
73,10889.989,7841.719
73,7655.577,1147.5198
73,6330.024,10532.509
73,14507.855,795.5251
73,4141.586,10229.884
73,7355.905,18025.17
73,17235.045,13745.403
73,15674.602,8055.155
73,17356.32,14414.556
73,16584.975,3793.4277
73,2950.7925,8993.661
73,12616.67,15783.086
73,18713.059,12063.87
73,18419.32,19356.04
73,18268.852,14996.423
73,6618.499,19512.496
73,5635.124,17356.023
73,4551.5527,2387.7363
73,2578.0156,16955.36
73,2208.157,9715.297
73,4832.475,17375.791
73,2387.0747,17224.803
73,17877.666,18988.97
73,17962.469,8486.06
73,9703.315,11533.191
73,4274.1123,7722.937
73,11996.243,17481.883
73,5367.6406,4806.403
73,14828.19,11892.836
73,3578.5005,8389.424
73,137.27792,19316.29
73,421.79578,14664.413
73,13469.756,17192.963
73,13444.069,12983.606
73,5141.1284,10516.825
73,34.225567,1820.1891
73,16937.918,17857.86
73,4358.9746,1362.1552
73,9463.291,9338.498
73,17261.682,6442.9697
74,10000.0,10000.0
74,19156.166,1748.9738
74,6106.9756,7422.8223
74,8638.299,12543.835
74,4727.991,19462.885
74,17953.633,1376.727
74,4700.611,14958.786
74,16487.371,5252.566
74,7541.8857,13684.832
74,14064.637,6061.261
74,19670.291,9564.438
74,17908.422,12314.115
74,8448.661,4230.601
74,17185.59,18802.484
74,2789.1885,14174.205
74,13627.526,333.42944
74,2953.3877,13182.453
74,2810.0056,9839.481
74,5151.517,10442.114
74,7516.394,6062.9707
74,10410.393,12122.784
74,2301.4587,4264.724
74,10305.06,15287.34
74,10549.346,5700.904
74,14604.628,801.23755
74,5192.557,16593.113
74,2781.5544,9409.155
74,7426.464,5896.807
74,17176.47,19770.936
74,15563.013,17913.422
74,7717.359,5535.0312
74,9236.982,4844.6084
74,11590.54,2440.506
74,16461.201,17470.025
74,14842.014,4389.6206
74,13481.035,12341.051
74,12197.85,13531.804
74,12603.023,7977.7637
74,10181.138,2892.0884
74,19318.873,17931.963
74,8939.7295,10970.34
74,10718.109,19513.893
74,1997.319,5174.747
74,9474.912,12133.268
74,15090.289,9183.599
74,7990.061,6136.531
74,10014.446,8346.945
74,15793.204,7708.911
74,17741.62,17265.273
74,14126.029,8805.8545
74,1381.8451,2183.0178
74,17267.994,13097.199
74,9815.542,13834.504
74,10566.898,6793.408
74,14879.407,6995.568
74,19753.588,8064.482
74,15713.814,19136.867
74,7387.1543,6830.852
74,1654.8784,11260.852
74,11431.439,5483.8926
74,12302.04,9262.645
74,4033.2827,15214.523
74,5101.3857,17366.838
74,18609.414,18905.242
74,8505.846,5362.7153
74,883.4114,6254.278
74,10418.65,14855.091
74,18020.621,13560.931
74,7324.8213,11838.459
74,16734.812,8578.877
74,18127.838,3806.82
74,13573.816,10614.627
74,591.7671,13295.403
74,13377.6455,11250.476
74,15062.228,731.1256
74,4631.9653,18865.084
74,1668.4359,4498.4404
74,14391.12,16560.713
74,8895.929,16748.773
74,8000.4854,6154.185
74,10064.995,923.1803
74,12972.43,14364.778
74,14790.017,19497.203
74,13033.562,17722.623
74,3188.12,14328.928
74,9799.198,7084.581
74,16900.818,1653.0792
74,17739.67,8150.465
74,7526.2856,900.8294
74,10831.367,14203.233
74,18807.252,17913.793
74,692.52527,12455.449
74,2313.8794,9361.787
74,14351.343,14117.27
74,880.50146,766.92346
74,3516.568,1535.0874
74,6912.5425,13991.292
74,18596.197,11797.42
74,15655.57,7475.919
74,7379.861,18146.924
74,5748.625,17362.389
74,976.9528,14547.503
74,9916.961,8510.558
74,686.943,9572.612
74,2243.957,10250.818
74,9715.22,16898.83
74,5859.6436,1372.7988
74,19729.477,5931.8755
74,16809.48,5424.525
74,16221.809,13498.533
74,10608.493,6756.786
74,7615.8335,7073.151
74,11567.858,1202.8544
74,3468.2058,11166.037
74,13844.024,14386.6455
74,16774.854,9955.598
74,8686.135,654.8131
74,5924.732,19157.963
74,14637.46,11070.465
74,17694.152,13485.305
74,16442.697,16496.736
74,6525.5513,5897.21
74,814.0385,15923.857
74,4247.776,1140.8463
74,11931.666,2904.1135
74,3774.1606,8656.518
74,9201.867,15166.384
74,7987.3857,12132.884
74,5228.2446,255.47163
74,3829.18,10645.951
74,17432.938,15716.161
74,239.58243,12997.776
74,18710.984,9343.094
74,3658.8423,6511.681
74,15059.641,16618.549
74,1328.9884,9178.417
74,17392.777,8970.648
74,5995.6714,3050.3674
74,5484.1436,17369.084
74,18065.686,18668.139
74,385.12463,3131.1216
74,15534.58,9569.911
74,2852.1587,1074.1235
74,16214.064,9370.755
74,6149.828,8697.839
74,1367.7961,18430.05
74,13022.209,17967.084
74,6984.7427,14083.445
74,9273.368,14177.153
74,15977.891,19349.414
74,2201.2156,625.4877
74,6468.6206,3482.083
74,10597.413,14045.487
74,2265.9548,17011.62
74,8329.453,1728.6866
74,285.0851,16749.041
74,8433.034,8578.979
74,15586.474,4106.891
74,266.60477,16288.077
74,17719.45,18840.818
74,14703.399,18204.293
74,3649.7617,15744.182
74,4403.733,10492.538
74,18330.604,4676.3877
74,5135.158,3711.8137
74,8097.5586,18754.844
74,3933.4185,15010.399
74,9443.206,2828.0457
74,9175.396,18948.525
74,1150.6334,11644.123
74,1803.7388,15994.067
74,17403.172,2563.5823
74,8494.044,10795.143
74,9106.276,13542.6455
74,12874.716,14682.9
74,9884.808,14448.111
74,7824.012,16001.28
74,7231.0786,4107.214
74,19166.795,12694.25
74,11930.148,4034.3
74,16200.412,18102.83
75,10000.0,10000.0
75,14970.078,4604.781
75,1557.6118,420.57224
75,11945.586,15221.37
75,6253.6035,333.731
75,5167.0913,127.36962
75,5601.446,7281.2656
75,7896.937,4137.392
75,175.84125,7253.6514
75,12713.996,1471.8578
75,8402.884,163.28107
75,7188.635,8177.808
75,10825.754,15066.169
75,16167.779,10053.379
75,10050.601,12838.3545
75,4545.6646,4543.3774
75,14148.435,18403.846
75,9137.801,7027.862
75,6846.4097,10780.433
75,5462.267,5335.7437
75,2680.4011,18684.19
75,9282.754,16605.875
75,5688.374,15926.988
75,19652.586,2350.4734
75,10654.326,373.67926
75,8720.488,10088.061
75,13160.705,11323.643
75,5594.9683,11542.704
75,14744.322,3676.628
75,751.00305,11258.509
75,16910.992,15707.365
75,10111.259,6595.4873
75,2841.303,2640.2683
75,12956.276,6611.738
75,6242.149,11856.913
75,18526.652,17340.98
75,2450.7207,9052.138
75,6912.401,8573.443
75,14995.687,8917.885
75,15252.908,8366.782
75,17722.926,13902.302
75,9177.583,18904.77
75,1152.2909,4589.3135
75,12566.467,14821.707
75,18232.787,11279.054
75,14419.99,15946.0205
75,613.70917,10366.896
75,1285.508,14698.49
75,656.3349,16882.633
75,2598.308,14256.722
75,13437.624,18737.28
75,15652.188,5944.5376
75,18675.033,1560.8438
75,12100.509,3058.0256
75,5117.147,360.98227
75,6942.1396,4235.794
75,17779.637,2814.1624
75,2628.643,3053.102
75,4020.6426,18336.043
75,18947.006,10839.184
75,6168.123,9101.635
75,14332.825,18324.225
75,12237.757,11909.612
75,1501.5234,11425.77
75,19752.121,19919.812
75,15337.488,80.422714
75,13417.788,12782.667
75,8935.53,13064.9795
75,5922.047,5427.836
75,17567.518,2059.757
75,3012.8872,4217.3926
75,18543.871,10558.707
75,18411.738,2759.4617
75,12785.966,6981.4106
75,14367.778,11155.887
75,6026.8384,15920.093
75,5138.397,15302.959
75,15760.398,9145.012
75,63.295494,11219.499
75,8084.6206,19902.734
75,7188.746,688.9022
75,7433.4565,858.57794
75,2144.7053,6512.0747
75,9551.433,19326.596
75,1175.8679,11382.936
75,16317.016,7959.398
75,14019.86,7632.189
75,203.59474,16087.129
75,9380.09,17451.549
75,1703.8274,7778.204
75,10813.679,18158.797
75,6783.319,12168.143
75,6288.575,3690.2173
75,19686.494,9271.964
75,3008.4968,13177.785
75,5976.6436,17318.152
75,15388.915,12969.32
75,16774.71,3539.6248
75,1232.7867,14829.071
75,9894.714,9897.421
75,3822.7156,15309.832
75,4173.6616,6986.049
75,6789.577,7220.0693
75,4480.638,16822.45
75,17019.59,1360.3365
75,2966.1628,3815.7588
75,4049.3684,14581.238
75,3856.012,19403.158
75,18292.535,10760.657
75,17034.855,14340.404
75,695.26624,3380.6438
75,13394.06,16978.719
75,3999.1372,2865.6594
75,5246.902,1330.0173
75,2036.3356,3535.177
75,12612.569,2978.1614
75,4474.484,2241.8164
75,3935.1646,7001.0054
75,1208.7014,19176.305
75,10939.786,11225.654
75,6787.8604,13074.677
75,4317.6733,1145.3491
75,10969.574,19924.133
75,4877.9087,4726.8184
75,10778.002,13377.799
75,12874.795,13250.132
75,8045.031,2876.4102
75,16157.652,8464.403
75,11002.664,16787.826
75,14398.558,195.13045
75,18118.479,16656.836
75,6501.852,11721.183
75,19431.037,16858.195
75,17405.656,16454.295
75,19173.156,14652.902
75,13488.9375,7652.777
75,355.77634,15473.007
75,32.293335,4312.46
75,7292.29,10742.496
75,11186.587,15293.482
75,13254.425,17230.03
75,7401.936,7349.6807
75,16156.782,16337.504
75,18535.766,11631.2705
75,4621.4233,17081.947
75,3260.0337,18919.479
75,2123.8516,2483.3555
75,5804.279,71.02537
75,18080.148,5184.184
75,15076.45,7326.3013
75,13527.096,14089.197
75,16725.746,17551.889
75,10975.904,4207.2925
75,18620.0,11107.3125
75,6834.2275,7805.8164
75,13950.338,15521.397
75,6481.96,3315.7869
75,1965.3584,18752.166
75,14404.335,13244.323
75,14142.666,9416.942
75,1689.0836,6758.0713
75,16114.3955,5967.3047
75,14421.453,6190.639
75,15530.295,14164.703
75,3508.1902,8380.045
75,443.74472,9697.768
75,17807.625,18703.414
75,6269.2725,2345.6372
75,14366.518,10345.182
75,12533.394,2374.9502
75,8000.632,11894.9375
75,12660.638,18196.195
75,15668.438,18697.1
75,9048.238,10968.463
75,19634.703,12934.819
75,265.93118,4052.35
75,712.99255,7452.732
75,19112.965,1609.3083
75,5542.347,474.14273
75,14669.958,19396.293
75,7600.5293,14671.649
75,2440.714,10282.599
75,12770.674,7868.58
75,4641.8755,114.235504
75,9657.994,3494.023
75,13610.367,11699.494
75,14876.759,8446.392
75,4908.4937,17633.6
75,5049.68,1152.458
75,10498.109,13425.12
75,4509.6294,5763.053
75,17218.664,1134.7697
75,17779.303,11655.24
75,4514.039,5856.6553
75,2349.9324,7186.211
75,10308.729,9957.787
75,18403.951,479.47476
75,14817.844,14949.788
75,14729.494,12077.293
76,10000.0,10000.0
76,3355.2583,19812.97
76,16506.967,258.55627
76,4541.8467,10125.648
76,4563.2886,1276.4497
76,8714.983,6065.292
76,10073.5,9732.3955
76,11787.689,19273.213
76,10322.809,10217.315
76,13449.957,16117.85
76,8888.527,15048.83
76,1643.4556,2195.8306
76,4965.363,11625.669
76,1751.1149,488.23718
76,7636.9165,7712.8125
76,8853.588,18272.223
76,973.0556,6875.873
76,1765.2197,5523.9365
76,9978.541,11250.771
76,5723.3154,17903.205
76,7026.128,275.8578
76,15198.361,18244.967
76,4557.8457,13630.062
76,6504.0166,8719.883
76,6513.4194,11331.64
76,2603.7473,11480.27
76,1368.4803,9455.9375
76,5414.618,6153.8545
76,12617.348,19109.768
76,6595.6304,7544.9097
76,4482.8984,16723.79
76,3123.8567,11263.306
76,18676.098,188.53912
76,9912.467,2173.2915
76,574.38196,1944.1221
76,6445.0737,16788.285
76,6313.94,2901.0537
76,676.32983,253.99127
76,9379.354,103.29838
76,18140.234,9566.2295
76,17305.57,16802.951
76,18306.25,10348.086
76,3486.571,11950.034
76,11376.968,9269.825
76,3594.5215,11211.535
76,4653.457,6560.455
76,11544.221,13807.196
76,19706.418,19843.328
76,1912.1461,3163.2449
76,14244.339,2605.7734
76,8829.546,17517.908
76,17937.451,2067.3618
76,4700.089,12940.179
76,8700.837,11590.467
76,12974.524,10213.689
76,13965.618,18272.537
76,7831.635,18949.09
76,15891.213,9658.308
76,19350.256,16708.27
76,15240.631,18164.682
76,19720.86,6567.852
76,14911.58,10710.42
76,8531.132,11296.14
76,18668.385,18569.918
76,18194.045,15557.242
76,17763.184,13173.1045
76,2330.3374,8448.239
76,13254.369,11554.404
76,6837.3633,3045.6416
76,2408.7964,5607.095
76,19250.709,11602.648
76,16717.533,18013.809
76,6324.931,10657.987
76,11780.091,16717.494
76,9586.181,19292.021
76,18889.53,3850.018
76,4102.227,17040.912
76,14993.749,6445.182
76,17357.736,4144.2324
76,10554.806,14544.429
76,8358.017,12919.328
76,15976.526,10769.074
76,18982.758,11642.289
76,6674.4824,3165.5693
76,12504.033,1078.7782
76,9125.107,18140.56
76,17807.807,15414.812
76,6534.9634,18187.639
76,2312.6245,6764.862
76,1361.57,9574.247
76,560.39185,18751.812
76,14557.705,11942.863
76,19303.453,7403.2803
76,548.34607,19241.984
76,12369.2295,16326.856
76,2740.1172,17973.01
76,563.7629,3568.7002
76,12645.277,2177.7183
76,5938.0693,8437.239
76,4655.6895,12950.18
76,19251.826,7210.1587
76,10563.1045,16975.07
76,1744.7532,705.2465
76,10721.864,9962.308
76,18370.408,11443.214
76,8804.137,15877.914
76,9673.466,10839.318
76,9707.68,16497.225
76,13893.557,12412.815
76,12590.395,14583.578
76,16003.858,12346.186
76,19971.395,18171.71
76,7936.8013,2600.2852
76,8283.827,5917.983
76,12546.731,2824.1028
76,2907.359,18479.307
76,1876.0376,9958.311
76,9853.118,6490.7764
76,16852.895,12916.488
76,6528.0283,814.4028
76,12508.029,19654.635
76,16517.258,16501.447
76,12072.26,537.6123
76,8252.518,6649.463
76,15479.629,17099.344
76,18218.03,17204.254
76,472.99078,1351.0856
76,5909.244,10882.415
76,9132.919,2478.1145
76,14908.147,14963.054
76,1438.8633,15003.998
76,5370.3794,2342.0227
76,16442.025,6166.15
76,5523.6787,6921.099
76,8793.496,3825.8604
76,10905.08,577.2942
76,17088.229,6218.7773
76,762.95514,15101.84
76,10054.135,14384.224
76,15457.586,17653.877
76,7615.448,7039.946
76,4852.9214,10963.611
76,14886.161,5530.402
76,5568.0713,16846.754
76,2336.5645,15457.598
76,2336.2363,7104.662
76,18015.002,15636.24
76,6500.9,11710.064
76,7873.1255,6456.407
76,19012.537,15475.353
76,17525.197,6501.646
76,14517.133,5550.02
76,11747.441,12208.122
76,5195.643,3764.8345
76,5677.324,5843.415
76,12003.083,6373.9434
76,2510.9717,9285.441
76,2113.3948,10156.884
76,6939.3857,283.9058
76,10281.929,8553.426
76,14627.972,8368.159
76,4439.898,17206.059
76,4280.5176,6103.3623
76,13014.034,4673.106
76,5466.1104,5970.8037
76,4684.813,9931.6045
76,12647.598,5396.3203
76,12090.145,2399.711
76,10570.894,15322.522
76,6047.1543,16152.451
76,4617.3555,12049.275
76,5833.4204,2283.9312
76,14262.926,19288.809
76,18896.865,10999.057
76,16622.695,8182.3813
76,12198.163,7515.1113
76,7171.505,19116.146
76,6591.1445,2719.1206
76,16488.518,516.4465
76,14814.672,2578.6814
76,11892.812,18288.541
77,10000.0,10000.0
77,8314.584,7989.716
77,6590.866,15563.726
77,7576.643,3671.8745
77,19585.598,9057.9
77,12073.864,16030.396
77,6690.634,5249.305
77,17763.148,19831.188
77,14819.564,4025.8857
77,804.78644,10096.492
77,15652.191,8446.717
77,15394.413,3043.7466
77,18033.156,1490.4688
77,14462.923,1277.4438
77,10882.812,10124.584
77,8334.218,6404.8003
77,19671.414,377.59366
77,16406.814,11535.92
77,3380.217,14685.538
77,2972.4927,5582.8667
77,15515.388,19969.254
77,5856.3403,9802.011
77,8135.7676,10908.869
77,2015.0548,5281.96
77,5061.575,12582.493
77,3427.4094,348.15448
77,1997.051,19386.387
77,4216.938,6536.005
77,8824.227,19804.021
77,10867.425,17586.59
77,3171.5515,18075.508
77,9446.76,14358.828
77,1876.6584,4053.3591
77,13649.877,1597.3273
77,2416.846,14466.079
77,9162.499,8295.869
77,14508.017,12428.575
77,16703.742,1823.4448
77,7292.988,10390.823
77,18290.377,6836.2065
77,16829.586,18021.701
77,3981.1191,2479.4058
77,16180.42,11473.368
77,13774.964,11068.028
77,8819.97,17399.262
77,4503.382,412.36472
77,4768.2715,15462.222
77,17356.912,3414.2783
77,3831.4253,19030.037
77,15065.595,17509.463
77,7286.0674,11159.284
77,13717.304,1768.1028
77,14179.987,12046.925
77,11591.015,6182.444
77,15297.301,7629.6924
77,12980.612,15781.256
77,14342.142,8409.985
77,9682.402,16552.105
77,16890.396,14420.667
77,6664.509,13122.869
77,5954.834,3579.4238
77,10200.41,8732.556
77,6765.822,5147.602
77,16491.617,10589.208
77,11848.508,16471.178
77,6210.3496,3589.9866
77,7655.3975,12160.217
77,18691.158,16351.235
77,15864.761,4400.67
77,4642.699,11558.543
77,9511.993,19400.766
77,13785.056,15047.847
77,1410.0868,2456.6997
77,18670.24,19701.068
77,18336.125,6394.989
77,1923.2114,2891.7295
77,10164.25,1335.9811
77,14574.693,19943.797
77,19206.523,8213.857
77,10340.781,6373.9985
77,11437.829,19364.094
77,18527.105,19962.309
77,19436.729,18982.389
77,13988.226,11874.786
77,12906.586,19594.016
77,15167.914,1670.0571
77,17221.877,19985.799
77,14423.185,12755.57
77,18395.373,17429.035
77,16283.016,17375.68
77,18160.68,15882.326
77,2723.0476,18137.7
77,12197.989,6657.514
77,18286.238,9.375421
77,1879.0872,2657.3726
77,18954.184,10656.968
77,18676.705,15142.123
77,16204.716,19311.322
77,11361.421,9900.437
77,11081.303,19516.398
77,16281.1875,14101.912
77,11395.275,19738.736
77,9010.983,10938.937
77,18350.684,11840.015
77,19472.48,13578.601
77,4850.066,4615.1147
77,5609.7183,5546.954
77,8774.56,13920.078
77,7085.7866,2530.4358
77,3427.8857,11523.673
77,9648.071,19828.266
77,17571.934,5956.7266
77,17852.338,12004.358
77,5561.453,18703.701
77,14732.515,9798.483
77,1288.7819,16459.582
77,7328.073,14179.591
77,13176.915,1658.422
77,11770.571,18542.982
77,49.069984,8326.505
77,10077.498,14533.195
77,6780.12,9258.293
77,15909.5625,3657.5383
77,2041.6316,18447.984
77,10598.827,14457.685
77,3605.3906,7719.6465
77,14148.484,18388.48
77,13276.161,15293.607
77,10896.578,9760.613
77,10725.614,9249.337
77,18474.47,1886.0326
77,13479.264,10235.117
77,15560.998,6372.1074
77,18336.266,5166.5615
77,16067.886,5738.3115
77,5484.2363,14153.534
77,8043.709,1994.6482
77,11209.476,14841.46
77,5335.7964,19110.826
77,12572.472,3343.602
77,5744.634,19042.033
77,2549.6086,14897.885
77,3173.6191,16679.951
77,15814.176,18684.264
77,18311.992,15045.682
77,19025.354,4388.786
77,423.53494,793.6745
77,3999.264,5391.48
77,9979.145,17309.695
77,9409.101,5963.317
77,4822.577,3414.668
77,13419.765,11341.533
77,19056.379,7315.1807
77,3714.3948,9498.492
77,8280.342,12297.307
77,9947.728,15128.831
77,8420.548,14932.59
77,4510.1245,15343.983
77,694.52734,14646.458
77,12774.996,608.4305
77,4122.558,12639.641
77,8356.368,12007.818
77,14895.026,18402.299
77,10833.917,15555.27
77,1517.2543,18604.484
77,19530.707,1170.8116
77,12688.717,18764.193
77,6677.771,19876.85
77,8998.98,7021.505
77,14564.427,19383.291
77,7691.224,1233.4706
77,746.8989,17166.363
77,259.53052,2459.204
77,6490.79,18561.352
77,19666.88,2764.4258
77,10965.132,2564.5176
77,16170.054,4407.02
77,906.3795,18621.176
77,16865.98,2829.4858
77,9373.128,17572.678
77,8194.142,5181.13
77,4258.9824,113.02854
77,10444.678,2994.2063
77,3253.9954,11979.99
77,13712.933,3907.176
77,18837.51,18747.498
77,13097.81,9530.2295
77,11401.928,15662.714
77,17150.873,6385.87
77,15011.265,7636.163
77,843.22394,12262.166
77,19383.139,9145.375
77,5172.429,4186.132
77,13561.527,7398.81
77,12805.143,14945.968
77,580.7206,850.3151
77,16429.193,7588.07
77,1191.9302,3349.0867
77,4182.7793,699.5683
77,8932.438,18561.53
77,10233.093,3014.5981
77,1468.4832,11998.702
77,2924.4504,13394.755
77,9824.096,4410.5293
77,7190.919,13164.157
77,15755.771,5141.9565
77,14566.059,10300.816
77,15622.503,12936.316
77,9100.821,15004.556
77,17096.557,10501.96
77,15571.543,8292.117
77,14497.644,18124.82
77,3346.8562,11543.479
77,3753.5073,15563.457
77,12671.043,3818.4216
77,7915.91,2148.1594
77,4404.3735,2023.1926
77,1408.8607,14820.074
77,2850.9685,7508.916
77,18993.664,14767.841
77,2264.6902,147.08374
77,18677.543,5343.221
77,18229.533,17122.908
77,1220.0123,2604.6814
77,4971.1,6721.934
78,10000.0,10000.0
78,7082.572,15207.28
78,13465.955,19108.193
78,9218.268,16527.166
78,13482.158,8585.171
78,19588.324,6613.0913
78,10826.831,12623.334
78,6093.7197,5493.535
78,8812.322,15639.631
78,13078.235,14759.559
78,15700.008,313.50305
78,13424.507,16909.383
78,1437.4435,13262.092
78,24.69558,7435.956
78,3409.0083,16148.775
78,2638.6108,18741.822
78,8351.568,3541.4238
78,17736.56,13056.986
78,2407.5586,1964.6469
78,18015.062,6946.2134
78,9781.881,7756.448
78,16653.016,15447.692
78,5697.9146,14640.595
78,17834.338,6764.9365
78,912.8575,18321.506
78,17322.605,19897.77
78,11278.849,148.84718
78,13991.741,608.38965
78,9031.873,18737.06
78,7558.618,19106.24
78,11152.547,3136.2046
78,11218.286,18079.518
78,6778.104,11013.132
78,13882.251,16708.26
78,17131.049,13974.366
78,8262.322,7242.7104
78,1329.523,10664.567
78,13639.84,5406.6714
78,4595.462,7629.868
78,13044.227,6074.5894
78,7781.2783,14413.327
78,8250.098,13574.721
78,7100.2886,1731.2855
78,5190.2104,10103.934
78,11483.276,4349.331
78,15081.825,15666.297
78,9797.049,821.5561
78,8822.016,18790.957
78,15184.559,122.23148
78,16512.916,14505.258
78,5840.8154,3929.2632
78,9329.442,1731.226
78,18764.37,14110.756
78,2012.7975,18768.836
78,13707.022,1048.6105
78,2156.679,3676.5005
78,12826.796,11950.821
78,256.9028,16914.396
78,18970.322,17886.084
78,19617.527,297.99933
78,4410.159,13723.198
78,11721.245,18027.68
78,7739.8853,6737.2544
78,838.5096,17897.865
78,1526.8779,12657.699
78,11898.978,7956.118
78,12498.521,9154.85
78,3356.2312,13755.012
78,6738.9233,15295.671
78,5821.6045,509.0172
78,19652.78,10068.688
78,4453.255,3634.6218
78,6350.3354,9823.024
78,49.041885,5291.151
78,16818.893,16232.416
78,13379.892,968.2232
78,17131.092,13978.641
78,7584.3335,10528.75
78,8085.232,5998.5024
78,14521.647,10371.027
78,11073.843,11175.109
78,16251.191,7667.669
78,10030.293,14898.951
78,5716.7295,5904.594
78,15475.452,14868.363
78,5393.8975,3334.7185
78,8279.073,1717.1667
78,9369.79,5646.1426
78,6757.106,19228.916
78,15643.497,4377.2617
78,3635.0078,17835.5
78,248.14081,13455.3955
78,3198.781,4663.3545
78,14451.733,4671.888
78,11330.431,5469.781
78,10517.994,9077.154
78,14459.005,7130.0938
78,2988.7715,13332.447
78,14231.254,8070.976
78,8713.802,4368.1313
78,2576.7122,8966.355
78,11376.172,1081.0707
78,16696.799,9776.602
78,17782.14,15250.991
78,16438.04,11407.598
78,9435.972,4454.592
78,10467.89,4714.8335
78,8819.893,13846.664
78,5164.1646,17852.014
78,12748.514,17402.312
78,9290.292,14406.126
78,11798.163,13056.314
78,11096.455,10121.7295
78,5782.9375,6291.536
78,13153.961,18296.305
78,17332.055,4819.387
78,11644.392,12454.743
78,2896.6665,7162.4395
78,9467.157,340.1526
78,3603.0657,16810.55
78,666.3071,9924.28
78,11685.327,13561.963
78,1242.4011,6535.571
78,9279.902,6926.515
78,13560.305,6187.4614
78,1453.6616,7834.3735
78,9653.576,6485.561
78,3209.0496,8213.327
78,10871.397,4926.5596
78,2117.5469,2881.768
78,10598.849,441.09897
78,3236.439,4168.8535
78,6577.8784,16409.018
78,17532.33,1938.6104
78,4490.728,17100.506
78,12345.222,10316.374
78,4602.244,2827.3335
78,14386.852,5598.0454
78,16341.773,19609.477
78,9337.397,9722.367
78,6758.3267,18296.652
78,19610.473,1830.6383
78,17399.412,1362.5745
78,9576.532,15558.221
78,1072.0529,605.3213
78,469.99194,12609.09
78,12938.213,11249.947
78,14668.168,13848.563
78,4530.0845,12796.652
78,1080.2866,18672.098
78,816.0327,10530.154
78,10793.175,9637.934
78,13856.72,7795.6016
78,2384.4321,12095.65
78,13262.633,16070.832
78,13019.549,19480.951
78,18988.996,1214.9775
78,17715.762,6625.117
78,4918.2427,18985.463
78,3102.832,1986.9885
78,506.70438,17571.885
78,1317.8018,12549.213
78,8151.478,13420.394
78,12057.809,17110.22
78,19943.225,915.1272
78,13253.93,1573.1514
78,8230.031,13424.71
78,14410.159,379.7135
78,9777.034,4897.2783
78,14206.316,13492.053
78,15299.499,5507.6997
78,4099.4844,2330.7712
78,11778.82,9292.109
78,9653.353,2286.6228
78,11.640107,2001.9353
78,5478.699,17367.436
78,3418.417,11858.354
78,13543.15,13670.189
78,16003.285,15557.457
78,1644.1812,4998.7114
78,7771.5674,12119.702
78,18715.488,7395.156
78,6521.795,14057.737
78,9086.728,1957.9429
78,6442.669,13805.606
78,5917.891,5125.373
78,42.83635,14070.503
78,11120.126,13697.765
78,640.11096,19717.287
78,8281.298,1807.6123
78,17266.172,12388.395
78,12779.865,602.0927
78,14461.317,17081.83
78,3481.055,9126.417
78,9483.491,4452.0317
78,14463.692,8265.637
78,1901.1428,6735.057
78,12330.374,5143.41
78,7722.318,11086.083
79,10000.0,10000.0
79,8839.313,6594.6655
79,12504.13,3589.0154
79,4673.193,7688.76
79,19671.193,16993.57
79,13411.83,15042.96
79,17484.162,18147.154
79,19896.129,6338.3296
79,11736.414,7687.0547
79,10566.117,12063.23
79,6232.7554,3068.6987
79,16019.044,8872.627
79,1911.0183,7985.9375
79,14668.32,14843.255
79,16407.768,5675.315
79,9499.901,349.19217
79,18568.25,5306.627
79,1272.7946,7782.0435
79,1473.3783,13570.355
79,2846.6433,14414.365
79,9621.492,3710.352
79,16174.796,6753.557
79,5918.1807,1315.9727
79,8048.0264,14615.342
79,126.68777,3295.5938
79,19831.754,17434.352
79,5425.473,7531.1855
79,13510.753,10413.045
79,5976.3276,10112.513
79,5582.431,19996.03
79,8376.813,16560.102
79,3650.8018,11547.934
79,15641.793,5372.7583
79,19142.36,1972.0753
79,11820.2295,6206.443
79,4181.2686,9072.02
79,13212.527,3882.875
79,16684.61,3451.3252
79,16922.287,5379.142
79,1029.5824,13534.237
79,782.3844,10586.011
79,10701.566,3605.3816
79,951.17737,10232.18
79,17383.754,14836.483
79,5228.3013,13415.155
79,6423.219,14075.455
79,1198.9868,4402.8657
79,13732.586,17723.715
79,17784.639,15891.7295
79,3557.9753,12790.537
79,10681.259,12687.431
79,7418.8364,15173.755
79,18880.703,16311.809
79,11049.315,10513.576
79,10729.801,15607.3
79,2027.3313,18421.777
79,5020.8784,3558.5906
79,6851.1675,3953.6057
79,15788.021,7140.076
79,3943.0947,1971.1713
79,17990.006,2218.411
79,15682.8125,1408.6888
79,567.34686,16861.191
79,4542.248,14681.537
79,12267.762,10656.25
79,2827.719,13405.042
79,17969.135,6183.746
79,13787.898,4163.542
79,6868.3433,16070.767
79,13834.567,10209.487
79,3223.9678,10310.111
79,7368.486,13251.868
79,18698.527,156.82852
79,1185.5073,19429.307
79,18832.895,8722.49
79,5393.3926,5040.238
79,1683.8174,9478.349
79,4208.551,8789.551
79,18659.062,15314.419
79,19664.75,18667.229
79,6598.1104,15270.608
79,11310.616,2489.1626
79,342.74066,8747.374
79,7345.7256,7249.032
79,1693.8082,17146.012
79,6692.549,5720.371
79,2754.383,8031.8975
79,15379.054,6709.427
79,6813.898,12442.706
79,11499.446,10718.279
79,4235.584,1464.0394
79,11744.654,19614.57
79,16133.774,13426.226
79,16163.494,6520.5576
79,19515.963,10656.705
79,6668.333,19232.246
79,9276.191,6154.2227
79,11780.017,8386.877
79,13230.2705,6487.3296
79,15441.658,18663.713
79,11486.666,2961.4932
79,8075.936,19695.723
79,9165.504,2023.3718
79,15279.937,7763.508
79,15020.993,4635.446
79,6279.9116,12576.648
79,19795.115,846.44434
79,1544.0302,17244.857
79,11653.551,16171.812
79,11621.823,11306.716
79,7102.9883,553.00964
79,347.10876,18947.37
79,16143.064,7111.9014
79,112.5776,17419.713
79,17087.479,5068.083
79,8188.5537,12566.877
79,5935.47,14965.447
79,9171.115,14571.687
79,14587.152,17384.842
79,6049.044,12886.918
79,6394.9595,1932.7002
79,9645.019,2958.9941
79,19469.303,12375.815
79,19811.004,5004.502
79,21.01935,14422.21
79,17263.016,14715.025
79,16811.033,15873.131
79,1811.945,12533.094
79,15094.066,7288.6875
79,9082.399,911.349
79,10238.6875,10883.0
79,4970.848,9112.679
79,19967.18,5295.0356
79,14584.147,11390.502
79,4205.68,8861.496
79,3233.4734,9276.313
79,8189.742,10575.5
79,1686.2189,17976.344
79,17764.277,2416.7275
79,4234.7446,11529.855
79,17089.66,7808.747
79,10217.128,10729.965
79,4943.356,272.39386
79,6316.698,4572.1597
79,12403.13,16676.002
79,8504.106,17238.64
79,9662.165,16836.188
79,12181.428,12609.932
79,11063.689,7196.939
79,16101.819,13655.369
79,15781.001,8137.371
79,5743.216,6802.1387
79,14373.507,19801.729
79,15637.858,1787.6322
79,10307.538,17536.525
79,19759.273,15651.32
79,9607.351,5538.313
79,9090.023,1290.7703
79,2646.1091,19332.188
79,8194.16,12120.442
79,5655.5674,17652.732
79,14195.627,1557.9836
79,10243.601,11779.1455
79,1007.70844,14377.367
79,18693.21,8314.285
79,2365.5454,6145.825
79,9964.335,9291.842
79,10040.682,11752.31
79,3957.5146,15620.215
79,3892.2458,15557.395
79,18959.65,13001.052
79,4838.597,6311.734
79,11403.992,15715.545
79,19746.062,1895.8347
79,9641.82,16945.926
79,15074.409,8404.536
79,12740.442,11655.893
79,19173.312,4723.6914
79,4942.0024,5767.256
79,5894.1016,19968.396
79,2656.546,4891.7437
79,2500.5256,10413.604
79,13272.975,2084.1433
79,14703.929,14633.384
79,19057.203,15384.432
79,10007.044,5450.69
79,6469.983,14664.617
79,6101.2305,16178.61
79,18854.037,16133.615
79,1981.575,18643.453
79,3020.7166,6245.725
79,19946.021,17406.352
79,14798.446,9942.624
79,250.01906,19296.111
79,5308.8516,15750.403
79,6191.3335,8129.379
79,14203.789,3510.1738
79,16949.111,19913.25
79,10260.915,13136.688
79,13855.021,19705.367
79,13656.998,957.9344
79,19321.877,245.71315
79,5793.504,17545.22
79,15256.815,19134.32
79,14675.649,19458.844
79,2532.9429,2816.3545
79,13731.009,14734.158
79,11113.374,2575.3613
79,6664.5225,9608.7
79,14051.248,11458.761
79,18156.424,5455.188
79,77.18343,8701.334
79,6990.8154,4920.3257
79,19135.61,8266.676
79,2226.2485,18866.754
79,16274.637,3941.7214
79,17426.674,7447.7026
79,11674.105,4609.591
79,5445.992,3011.073
79,5720.378,17098.662
79,19627.803,4938.1963
79,17869.502,12361.779
79,12089.673,16896.062
79,14691.179,18721.867
79,9387.786,6072.8027
79,11167.556,4262.203
79,1043.3269,7947.1626
79,17495.29,3135.495
79,11832.657,15817.143
79,11659.702,3729.7595
79,13711.393,13519.529
80,10000.0,10000.0
80,19021.867,19218.4
80,9914.009,14073.678
80,17010.627,665.8719
80,1650.9937,2756.1387
80,3715.9553,14703.469
80,1023.87115,5658.1445
80,7766.6587,12510.469
80,17706.361,6288.9316
80,15379.131,2722.5522
80,4769.5737,19852.254
80,11758.423,2948.652
80,15146.626,13789.281
80,12659.075,15316.956
80,12913.947,6978.0454
80,19022.72,13045.812
80,386.756,1161.939
80,14796.164,146.7601
80,13795.242,14025.736
80,18207.822,1023.564
80,5768.2603,15830.163
80,17961.232,16562.205
80,18085.863,6031.1816
80,12144.35,12271.831
80,15041.995,13572.596
80,811.29895,7530.535
80,2110.8967,11845.332
80,10221.824,6198.556
80,7083.196,984.8075
80,1006.4803,2227.937
80,1089.1232,17789.396
80,4771.709,17247.84
80,11283.459,4586.3564
80,927.1196,19517.09
80,15098.2,539.2243
80,5425.5557,17786.662
80,6826.167,17285.113
80,8081.407,16896.855
80,12830.795,9095.064
80,8516.712,12641.312
80,13083.648,5496.4214
80,17407.275,12840.385
80,13009.824,18574.287
80,18003.29,1221.6399
80,17462.074,9739.435
80,7796.487,14727.318
80,16565.531,13584.029
80,7417.7617,563.443
80,2033.8344,17393.816
80,7796.397,5527.6094
80,16664.355,18396.652
80,3613.1772,1122.2101
80,1695.2025,8644.302
80,849.3647,16860.453
80,16813.992,11783.629
80,8824.874,8228.743
80,12558.935,9380.308
80,8779.944,14014.335
80,9977.228,19022.258
80,2815.4155,531.2669
80,11533.663,11990.424
80,18803.922,17523.662
80,13954.993,16511.314
80,18386.1,8212.482
80,9391.824,11988.523
80,13961.738,6475.81
80,2622.8726,17576.098
80,18957.969,12162.972
80,16084.889,19856.87
80,7456.185,16852.48
80,5466.3213,10696.319
80,18775.873,19365.707
80,8822.227,14191.199
80,10135.521,14478.853
80,5722.0234,6568.19
80,10286.255,8102.2764
80,13409.6,14990.151
80,13145.175,11808.438
80,1582.2288,758.3792
80,15241.726,5483.792
80,6134.918,13577.007
80,2639.6636,6176.894
80,7705.5713,19103.07
80,6656.7627,17873.576
80,19584.129,3872.7515
80,8165.272,10902.292
80,876.78516,19230.672
80,2656.2888,18763.115
80,16192.82,739.2395
80,17772.736,17061.781
80,3329.982,10839.147
80,12536.151,9406.009
80,12718.191,2754.5342
80,10577.852,9929.041
80,1683.0215,15546.113
80,1240.2338,9416.548
80,9190.345,3530.7007
80,16370.163,1171.5331
80,2778.9739,15338.87
80,6969.737,5882.314
80,12104.525,9060.795
80,6933.1284,17643.691
80,18250.602,10693.444
80,703.2639,6992.726
80,15222.159,6575.176
80,1189.8682,1499.6896
80,12400.138,16958.174
80,5156.1943,6596.0684
80,1182.6633,6612.943
80,7153.806,6997.201
80,12487.233,13555.099
80,1941.0994,8330.113
80,10230.822,17984.172
80,19963.367,2347.3254
80,12839.011,131.4418
80,14742.893,1088.3424
80,5996.881,16890.486
80,18792.367,18122.941
80,12143.083,18789.031
80,10380.109,13228.331
80,14444.868,18856.69
80,8370.162,12532.872
80,16848.271,10576.122
80,13614.642,17921.898
80,1661.6498,7323.283
80,168.06421,17155.777
80,6891.6304,9544.0625
80,9492.127,9044.394
80,14836.889,5144.0347
80,10992.649,7778.5205
80,19509.965,8583.337
80,3028.245,2968.3354
80,4093.6145,19366.398
80,16350.835,15399.899
80,18490.484,19258.826
80,2558.878,15324.71
80,2077.621,15169.44
80,16807.697,15172.339
80,7577.3853,12691.124
80,11134.093,17741.08
80,13057.357,6687.807
80,9767.173,17552.1
80,5503.215,10270.292
80,12841.087,5210.4365
80,6958.8896,7902.49
80,11925.807,11586.237
80,2458.978,1549.4799
80,19495.613,15398.725
80,2382.3506,5733.518
80,4028.7437,9402.469
80,61.775883,12329.065
80,19557.31,10774.98
80,6125.0,5427.8047
80,5555.508,8070.499
80,5867.0806,9272.41
80,10645.885,17389.14
80,18099.37,2336.7598
80,4490.3755,10367.623
80,15820.354,1460.7909
80,2127.6782,4047.5076
80,1179.0702,16095.388
80,16032.264,14495.018
80,1815.7404,9195.474
80,11036.994,3757.4595
80,12140.518,13770.146
80,11520.158,901.7523
80,11791.149,1843.2166
80,3088.1785,9264.869
80,5174.777,17993.549
80,16459.787,3665.9148
80,11430.117,3119.22
80,11224.6,17145.123
80,16925.645,4204.679
80,8863.558,18385.314
80,16007.23,11915.961
80,2809.5342,11990.293
80,16821.596,14855.91
80,5663.883,13139.872
80,11535.069,10538.486
80,8184.36,11840.396
80,2555.715,1242.8024
80,9834.582,13869.55
80,11700.133,10851.798
80,3018.1487,14332.591
80,5244.653,13252.414
80,3040.8416,18392.5
80,1388.5482,15887.774
80,13684.653,13271.776
80,9910.465,17367.662
80,13696.392,6703.35
80,6582.904,13260.244
80,6446.536,9096.844
80,13111.924,14237.678
80,7855.581,3311.1838
80,5496.8945,15435.32
80,6692.205,12102.156
81,10000.0,10000.0
81,18982.314,19961.127
81,18415.836,14055.669
81,538.6895,7595.518
81,302.44864,17038.422
81,19018.412,1836.2031
81,15764.143,2122.2878
81,7426.882,1797.7251
81,8415.171,14527.35
81,5884.47,6133.6455
81,9085.836,5107.035
81,16036.318,2498.1436
81,15658.855,18288.006
81,9573.866,13682.912
81,7574.889,18415.87
81,1160.7456,11314.697
81,2236.3096,13012.303
81,4635.1226,12112.212
81,14622.908,19585.428
81,164.69415,3981.941
81,2659.6528,6389.0503
81,4057.4106,11560.785
81,17266.383,1691.3998
81,3333.2861,6089.5986
81,4969.624,607.60077
81,3907.092,3112.898
81,8755.015,7990.6577
81,6276.2446,10954.836
81,18815.78,1052.9124
81,11446.283,6477.771
81,5402.5405,16975.914
81,5913.202,17473.926
81,19407.957,16465.287
81,10155.483,13495.587
81,17302.22,7843.277
81,3147.1523,3589.1497
81,16085.083,300.76135
81,11820.984,19718.676
81,12724.089,6738.3804
81,6693.44,14619.01
81,8416.869,13360.013
81,13600.783,15908.408
81,16929.816,1585.2051
81,9199.1,8059.1733
81,1116.1533,13875.864
81,13932.53,2362.4797
81,15370.97,19334.703
81,6785.018,5061.923
81,7812.2603,2894.2065
81,8108.209,5419.6675
81,5115.4966,16149.482
81,13094.507,9513.3
81,5690.452,17021.297
81,12475.947,4161.296
81,3907.6162,5959.272
81,321.2208,3226.7698
81,539.68524,14520.295
81,5813.8906,16146.952
81,17620.545,16490.34
81,18596.406,3620.936
81,3637.14,404.13812
81,18262.574,14491.116
81,1596.7744,13741.396
81,8092.8784,16239.912
81,851.2446,15813.274
81,8350.467,19339.531
81,9348.119,209.85896
81,16053.907,6707.252
81,18268.707,7759.924
81,6296.846,7039.966
81,18873.848,704.0487
81,8462.179,12405.4375
81,13031.565,11217.659
81,405.27075,7704.576
81,14558.797,4869.6035
81,2950.4106,3805.6846
81,1284.9075,15851.99
81,15261.04,3427.0166
81,1472.6858,17321.947
81,1887.7324,18526.355
81,4360.525,15219.962
81,6159.202,16035.527
81,15509.568,3271.972
81,12089.325,4582.793
81,10751.155,4898.712
81,2952.8242,16230.125
81,17015.85,11998.976
81,16988.604,5502.476
81,18478.256,505.33444
81,2675.5542,12326.773
81,11612.176,14104.137
81,11789.288,362.26718
81,14227.975,5638.4517
81,11065.454,10948.534
81,15134.036,10143.497
81,7237.3276,16191.23
81,19568.965,4824.826
81,6077.1333,1903.8015
81,155.79219,1735.4948
81,18118.303,11909.78
81,4037.63,13850.343
81,12026.703,10155.095
81,2375.3528,11338.797
81,14547.209,17892.877
81,2754.5266,11396.465
81,1897.8726,5620.647
81,10402.13,5588.6772
81,12761.937,8815.691
81,8209.895,3974.4072
81,2220.3218,3393.7896
81,10573.256,19160.01
81,9265.521,9913.6045
81,8210.115,17719.762
81,2413.3347,16973.49
81,6109.3594,12368.16
81,9489.022,17029.463
81,17583.41,12363.054
81,5519.5947,19549.494
81,19549.088,19982.062
81,4695.0317,7940.4194
81,19361.244,9190.3955
81,19734.533,1519.8253
81,10948.1045,19675.627
81,14270.065,15305.616
81,4125.759,18159.56
81,10881.867,16819.91
81,18509.008,18334.748
81,11484.237,18642.135
81,3469.135,10805.975
81,387.22177,17531.275
81,3590.7983,256.9707
81,87.98221,18849.396
81,16017.657,15789.485
81,14433.859,10042.72
81,9972.411,6026.571
81,5014.0093,5344.4604
81,2317.543,4713.657
81,8682.099,3048.904
81,17910.17,12345.303
81,15771.092,1592.0427
81,19812.906,10902.37
81,10471.225,832.64813
81,9489.065,19116.541
81,4514.78,4035.656
81,14152.922,18215.44
81,11745.733,13551.556
81,3613.4202,13033.851
81,19528.486,8203.403
81,4004.1182,3884.8674
81,2839.0603,15553.689
81,6640.448,5983.2075
81,14355.234,14823.017
81,7049.4565,1494.618
81,10945.277,3458.0776
81,19617.697,12744.15
81,6530.671,3206.0886
81,10266.893,5707.427
81,13423.92,5611.4116
81,10680.844,18954.857
81,1345.4377,1863.2344
81,4130.6914,11142.08
81,19114.709,2953.3235
81,10434.384,17914.59
81,11143.405,12869.626
81,6017.995,3206.592
81,14404.853,19016.178
81,17506.705,5081.9966
81,16500.828,5730.4243
81,1062.3435,10612.406
81,13851.946,15874.572
81,17436.89,17506.055
81,13369.283,11956.038
81,7321.381,9208.727
81,15900.42,12416.331
81,9118.6,2385.4453
81,10467.436,2993.356
81,3884.116,19285.78
81,10872.284,3677.2512
81,12147.922,18714.2
81,18182.303,11560.992
81,9359.377,19557.172
81,2467.9553,12097.305
81,1662.907,16906.04
81,17107.244,18709.547
81,7783.0176,11844.871
81,14464.542,6784.855
81,7485.1416,1230.4293
81,5911.748,7208.787
81,11018.319,18719.92
81,9064.361,11367.673
81,8848.892,3103.1033
81,18404.191,1761.5519
81,5626.4624,6198.35
81,795.3119,1621.9454
81,14323.576,5805.7505
81,15317.21,14443.31
81,16189.05,9531.318
81,7205.415,15532.895
81,13354.014,4676.168
81,10947.074,8197.365
81,13329.53,10865.652
81,1120.6581,8020.814
81,5863.7124,15863.145
81,18838.092,13131.933
81,912.70386,2248.4534
81,4661.0376,18687.3
81,1389.0397,18104.322
81,14534.318,18168.861
81,4813.2886,17206.07
81,18259.855,12131.225
81,3451.7776,14374.811
81,10345.411,4708.242
81,5024.998,14591.845
81,19091.541,7984.723
81,664.0662,4975.9707
81,834.59424,162.78197
81,9693.97,16598.15
81,7745.468,18175.1
81,790.9826,18763.615
81,1713.4423,6176.6045
81,2022.5964,9553.164
81,4707.546,14116.505
81,17157.06,3790.18
82,10000.0,10000.0
82,15418.266,11621.896
82,12415.39,16200.967
82,14596.81,9394.04
82,10301.439,19447.9
82,7732.375,5494.96
82,8611.146,11142.677
82,13942.572,8339.191
82,13143.924,16021.031
82,10220.972,16770.836
82,5449.1724,3203.4192
82,16925.072,8913.753
82,13831.169,1616.9272
82,19303.768,17440.072
82,9797.621,13712.597
82,5136.0405,7407.7417
82,9672.554,17760.357
82,9468.925,13746.401
82,12556.716,15731.519
82,4436.1074,6719.4087
82,9357.967,7972.1797
82,5534.5327,2141.938
82,16334.603,15115.919
82,14351.875,13224.735
82,16902.043,13466.894
82,16401.078,6754.1685
82,12162.711,9793.154
82,19537.232,7878.0884
82,5553.0815,7875.5083
82,9304.013,18895.809
82,10517.345,510.5216
82,13331.55,3849.3083
82,3711.8633,1998.7817
82,10705.093,8124.3047
82,2786.1328,3579.4846
82,4500.1855,19410.53
82,11564.541,15100.157
82,18768.635,11143.204
82,13163.187,5272.6743
82,15605.654,7418.879
82,19027.15,10044.669
82,13101.509,17445.865
82,17937.307,8497.967
82,9121.002,5257.0854
82,7659.729,1977.6945
82,1254.2598,103.76553
82,13058.866,10552.256
82,12154.201,12985.153
82,9147.782,18764.107
82,2724.7744,14844.209
82,1473.281,8068.202
82,4908.283,103.48689
82,679.3566,19456.648
82,7979.343,68.23443
82,4545.7666,12816.65
82,5032.6504,723.22144
82,6265.4644,8859.167
82,12377.584,16258.59
82,17871.617,19662.986
82,1168.3193,356.1263
82,18839.496,306.6658
82,19430.95,203.6375
82,2975.516,8845.936
82,12119.539,18440.846
82,15230.237,3644.228
82,9762.618,2476.0312
82,19166.297,7442.527
82,1041.8883,8203.332
82,6857.889,19888.803
82,8483.456,8697.072
82,19819.432,9182.0625
82,10085.023,902.17944
82,8384.204,13892.916
82,13919.421,12816.092
82,5795.5137,19086.19
82,4080.5728,17959.922
82,12884.543,8310.362
82,4520.7285,14380.099
82,8360.351,8217.68
82,8485.277,2054.7444
82,19538.742,9993.287
82,14654.089,708.86487
82,2359.2815,6238.6562
82,12468.358,8282.659
82,8800.532,951.2207
82,14915.669,11501.368
82,9596.758,2854.3225
82,13104.143,17656.441
82,18701.533,10211.557
82,7815.5767,14095.756
82,6135.629,11707.355
82,16533.168,3839.2708
82,16447.115,16455.096
82,1075.7186,255.42319
82,11655.089,2285.2046
82,18226.025,11024.135
82,18275.383,4883.4033
82,9766.926,18911.959
82,11919.857,13077.344
82,10323.157,2094.5767
82,16561.71,1453.9761
82,15811.97,17499.672
82,13700.155,9807.221
82,16422.877,19746.914
82,14176.519,1372.946
82,5877.155,15336.153
82,2700.7378,17313.521
82,12008.056,13070.082
82,6579.0073,854.9778
82,11778.402,6054.162
82,17100.184,11316.239
82,9969.927,16660.768
82,3650.5034,7691.315
82,12426.513,11842.077
82,8205.605,15536.972
82,12353.661,4608.8506
82,7153.712,1629.0596
82,11266.401,5477.107
82,1873.9956,12695.487
82,12331.188,15500.843
82,12700.752,8000.435
82,16350.353,17931.357
82,4748.8315,14727.546
82,12289.923,694.02386
82,3825.1777,2044.3047
82,8960.198,3409.5
82,1922.0585,19338.426
82,15814.793,1316.8369
82,15104.858,16519.734
82,12315.408,5280.0615
82,18110.482,17641.205
82,11924.593,15934.534
82,15554.285,16592.598
82,2052.7268,18914.11
82,17075.984,16601.67
82,13139.754,17098.918
82,2086.1885,7540.496
82,6546.502,12179.317
82,335.68036,3549.8484
82,13893.185,9973.09
82,3565.5815,252.81474
82,7879.902,12505.27
82,6635.503,2244.3027
82,3060.3582,5570.986
82,15403.895,6572.2974
82,11911.598,7769.9536
82,11588.383,16314.595
82,1842.9692,706.6589
82,13603.312,4937.4146
82,19008.854,2999.1306
82,19740.283,2360.607
82,5074.9893,14304.053
82,10016.769,12239.707
82,3540.3052,4505.173
82,19336.367,6856.4224
82,1989.7045,6907.259
82,9612.526,8556.346
82,6959.4272,11090.54
82,3804.5818,11239.741
82,11725.45,17525.906
82,9823.694,5576.232
82,7527.5244,7961.645
82,8859.136,4674.145
82,7862.128,15455.619
82,9056.564,10311.173
82,3948.071,8702.922
82,12761.802,2063.5486
82,14797.707,1351.2821
82,9444.974,588.8797
82,5042.9497,7687.309
82,97.750595,5785.903
82,11284.244,207.65147
82,11213.6045,16956.771
82,9798.73,15440.704
82,15280.549,15776.805
82,15762.446,9058.239
82,6737.877,11607.505
82,1009.9756,2755.59
82,19634.252,5742.07
82,19127.432,1644.2542
82,952.23663,13939.435
82,16966.012,3593.0
82,1867.0005,6261.2734
82,882.80927,17650.986
82,13108.44,15434.48
82,5733.262,714.9658
82,17406.293,14.123521
82,3568.8403,7745.163
82,7716.116,17929.854
82,16704.74,7863.1855
82,17881.73,13063.294
82,13076.974,13941.814
82,10185.893,6842.776
82,19906.844,933.785
82,10886.908,3808.477
82,16839.46,13470.625
82,18874.336,6414.439
82,6761.475,1652.515
82,6912.1826,2909.4639
82,5651.914,10055.485
83,10000.0,10000.0
83,12804.777,13608.163
83,9767.567,5115.56
83,6547.526,11419.19
83,11981.085,14461.502
83,13829.063,12097.256
83,14919.188,10818.803
83,10293.397,15118.901
83,576.1398,12767.359
83,19712.936,9322.6455
83,4007.6338,4654.8564
83,1595.2352,14938.998
83,19260.69,16491.223
83,12610.624,14683.9375
83,8825.995,3232.7764
83,19093.262,16661.871
83,14779.095,10589.953
83,8316.341,14107.718
83,15137.003,1973.0426
83,12358.97,3772.1504
83,13524.904,14835.781
83,16336.75,14546.867
83,11672.626,3321.8176
83,19621.838,2421.6326
83,7707.5776,12705.061
83,10542.178,16003.654
83,4946.124,15248.95
83,16126.623,12342.935
83,9558.508,6570.0986
83,2705.8599,9580.31
83,3388.0522,8437.212
83,14426.835,17440.973
83,12943.58,7516.521
83,9655.535,10415.128
83,18504.521,15757.721
83,14607.646,15603.219
83,10415.288,8112.427
83,13535.681,14201.836
83,10520.257,12954.008
83,8034.1914,8136.0815
83,13940.235,14866.566
83,12053.588,2292.4797
83,9624.464,3280.8298
83,7644.761,13359.854
83,14265.111,1593.0709
83,8644.722,13709.211
83,19649.3,17874.393
83,11175.171,14083.766
83,5785.3154,466.32773
83,3985.0227,6846.935
83,13717.064,18558.244
83,18831.883,18970.172
83,8781.492,2391.9526
83,6799.5586,11074.54
83,6691.073,51.32131
83,16968.273,19618.934
83,14777.527,11463.654
83,11667.349,18383.307
83,17928.441,7797.1543
83,3769.7483,4575.3755
83,13201.606,18899.648
83,5326.233,11633.502
83,7136.7285,8679.613
83,6348.88,17897.973
83,16215.614,12602.512
83,7082.2515,14893.916
83,18406.242,17215.133
83,6090.683,2521.8384
83,7912.408,9052.575
83,13156.9,12350.914
83,6956.252,9242.039
83,205.30194,19107.54
83,4734.338,6983.5923
83,12509.255,3502.2908
83,3031.6057,454.04388
83,17760.021,13025.594
83,6958.362,3396.5918
83,14801.097,12986.047
83,2103.5334,1531.6461
83,5986.7266,3455.0105
83,14987.236,9118.724
83,6769.069,11689.252
83,15551.722,19776.926
83,11561.364,17543.22
83,16577.451,18718.672
83,9563.097,5990.562
83,11130.085,2380.393
83,19756.791,14457.839
83,7363.968,4329.2686
83,2875.7964,9172.978
83,12614.587,12457.775
83,10893.564,15343.381
83,3721.5354,14236.588
83,2303.7957,9893.559
83,1448.6061,9301.181
83,6240.929,5039.5366
83,11188.46,19258.62
83,11702.392,5910.79
83,8573.809,13837.919
83,4229.9834,9635.049
83,18323.793,8873.614
83,3317.974,2786.1548
83,14711.761,1640.2568
83,13220.429,19731.584
83,5054.948,11962.206
83,13568.712,14171.481
83,8407.167,19473.193
83,19114.148,3566.0286
83,17823.766,2734.3428
83,5538.414,3775.8135
83,10339.0205,1445.8396
83,8021.07,1153.9545
83,4561.0454,32.36594
83,8178.574,19600.307
83,12951.629,16186.371
83,6142.4185,1786.551
83,11581.3545,739.82635
83,12964.404,16246.935
83,11494.248,2005.2843
83,3250.6255,16351.197
83,18571.574,4996.498
83,9180.31,4941.4595
83,6905.2563,11291.606
83,15517.7705,4835.6094
83,7650.53,15973.563
83,6075.4985,15502.121
83,10999.118,10048.446
83,2531.5723,10155.919
83,8235.343,19970.107
83,19350.2,3699.489
83,3947.3643,9527.413
83,1922.2097,14364.947
83,14032.854,3213.1077
83,2308.3386,18595.1
83,18914.344,2404.3945
83,1619.8928,2929.8643
83,6053.193,4113.515
83,13249.85,17149.277
83,4720.2983,18693.637
83,14899.494,8112.8936
83,16052.202,6877.9414
83,19467.709,6678.218
83,833.5885,2011.6632
83,8627.728,2715.399
83,1011.0634,5296.327
83,4752.4478,3495.1462
83,13248.623,13329.572
83,17121.068,2996.305
83,10062.13,1112.2787
83,12432.807,17972.736
83,16299.131,3790.6438
83,12749.857,16013.735
83,13768.245,6023.7827
83,2646.048,13651.362
83,2341.2212,7200.2637
83,7961.865,4280.3584
83,3503.1013,11021.977
83,10350.465,6512.341
83,18522.8,3054.32
83,16414.05,8718.047
83,10723.726,11071.848
83,2939.05,2169.734
83,17005.006,10224.243
83,9558.248,2599.382
83,14706.458,10805.191
83,10423.645,2904.7986
83,691.32355,8355.708
83,19452.922,15486.353
83,6050.4424,9565.752
83,13885.641,8777.842
83,16305.082,15217.486
83,15766.718,17515.559
83,17516.82,15970.192
83,18095.4,7315.425
83,16069.007,15273.604
83,9818.331,16663.86
83,9453.301,9354.059
83,15955.567,9874.578
83,19254.273,10386.894
83,10343.287,4311.237
83,2960.0835,9903.602
83,14804.146,15925.066
83,7257.517,2256.9744
83,18521.656,1147.31
83,2286.923,5560.065
83,7227.4556,17764.154
83,8129.687,8571.904
83,9684.816,3851.8965
83,19801.703,9872.389
83,17202.523,52.11779
83,19658.488,19752.668
83,5902.8965,15985.373
83,9629.643,15799.943
83,15050.634,8163.0503
83,258.88397,3072.3608
83,10277.749,3385.8118
83,15047.134,1872.0262
83,2339.9766,1754.0203
83,19680.719,3453.839
83,11981.885,14756.538
83,11477.791,10354.472
83,6867.797,16525.852
84,10000.0,10000.0
84,7429.753,1891.2937
84,9571.903,7558.833
84,5300.008,9384.367
84,7953.0396,1095.7274
84,12697.21,3954.8982
84,11136.564,3452.2327
84,14243.513,12817.624
84,18950.729,16503.336
84,3728.7427,9898.039
84,18432.172,13238.666
84,13474.816,1527.7452
84,7039.2485,15396.014
84,18821.664,13879.65
84,7370.357,11892.93
84,19618.45,4574.7734
84,12804.703,8149.7827
84,16911.867,14331.395
84,9772.722,723.5002
84,12203.956,6179.9204
84,6642.8623,11708.62
84,5471.59,5800.8735
84,18905.453,14507.853
84,3858.9805,8144.099
84,13131.207,11384.724
84,12320.788,5194.6665
84,4374.591,1257.1302
84,8573.987,2608.773
84,16269.738,12713.003
84,14635.113,15720.001
84,4769.9707,14111.992
84,7443.51,9284.794
84,2176.3381,2487.7317
84,9742.498,17830.955
84,4902.4834,126.443695
84,234.37468,4366.209
84,8641.412,18684.162
84,9726.271,3252.555
84,15515.511,9764.526
84,13875.017,16765.291
84,10283.978,5046.952
84,4061.939,4908.536
84,6836.133,7718.9697
84,3899.2983,15228.593
84,9553.062,15515.582
84,3045.1235,9150.299
84,15811.637,14399.281
84,2206.3557,2349.2922
84,18129.047,13825.507
84,2601.892,7445.9536
84,10747.58,5280.164
84,6495.6885,10570.75
84,668.0134,13849.212
84,12015.827,6233.2363
84,17486.94,7883.9956
84,17325.059,17793.344
84,14198.592,11111.911
84,13994.387,18785.594
84,11303.725,18047.963
84,11968.813,15857.124
84,17624.625,14760.061
84,2174.6067,1226.5187
84,16585.227,3105.4417
84,3892.8655,18352.67
84,3625.016,9982.373
84,3541.2173,5172.1387
84,11352.814,5858.9565
84,18800.57,10874.194
84,5371.6196,8650.474
84,2898.4646,8384.996
84,14383.587,10115.459
84,18922.709,9259.31
84,1683.3522,14327.081
84,13945.931,3940.2227
84,1387.0801,8867.694
84,1973.4252,16807.21
84,6950.007,756.13275
84,11505.644,10837.156
84,15649.665,9977.343
84,3525.98,6690.2
84,8585.536,6306.909
84,16188.033,19553.35
84,11429.671,15813.222
84,2021.1532,19720.693
84,11370.135,1347.5393
84,6931.5957,11201.313
84,9988.861,9415.044
84,13388.533,17332.826
84,8159.759,13928.471
84,4786.4106,478.4111
84,17126.469,13520.325
84,14785.023,8324.217
84,12513.242,10318.741
84,4197.172,8577.865
84,10800.495,6930.539
84,9182.371,1691.6217
84,11350.987,8239.281
84,5400.7095,16824.74
84,8195.025,3532.861
84,1509.7703,2204.779
84,15988.393,8451.249
84,15297.992,18141.688
84,8961.562,19895.225
84,10557.019,4862.21
84,1285.18,16668.139
84,10001.154,16495.775
84,17841.908,5475.4204
84,7265.908,5175.881
84,17274.008,16031.546
84,17207.44,12889.729
84,1937.8049,6702.3096
84,10403.015,913.2991
84,14447.73,18387.078
84,17293.582,7671.3633
84,8919.032,3837.2559
84,11025.567,13709.386
84,11364.175,12846.42
84,15507.691,3940.7449
84,11177.35,327.1592
84,17711.707,2333.9175
84,5772.958,3500.372
84,18981.451,16503.922
84,7242.541,7435.9106
84,16460.158,10307.258
84,12907.0,19447.78
84,19128.375,11112.079
84,3889.4648,18437.467
84,9491.896,5.862221
84,13828.764,12393.836
84,9856.21,12655.43
84,7190.067,6386.068
84,18980.242,17255.232
84,11509.31,16820.406
84,11516.259,11152.649
84,8321.624,9125.606
84,9038.981,9487.815
84,5617.233,17929.057
84,8694.833,3544.9832
84,7748.901,1282.3151
84,19187.2,1638.499
84,4393.1,8808.583
84,16370.713,13544.836
84,14671.148,11359.011
84,8221.921,13668.539
84,5981.5073,9735.971
84,17478.047,11571.927
84,7977.78,11413.552
84,6249.2393,14573.556
84,14929.182,17640.145
84,3458.1023,18830.469
84,15296.959,12907.414
84,19857.143,13234.787
84,83.01553,2694.4136
84,8562.445,15222.425
84,16511.717,936.5719
84,11916.043,11552.174
84,14068.186,8069.4585
84,14841.153,10151.254
84,19495.447,10425.426
84,2957.625,19272.342
84,1848.4059,71.734055
84,8810.038,13078.358
84,15519.794,16716.934
84,9046.844,15248.527
84,11575.374,15651.577
84,2353.199,4897.2334
84,6776.191,8866.318
84,3531.2817,11876.023
84,13249.448,5671.603
84,170.65121,13956.698
84,8439.728,3018.9126
84,13148.827,16429.623
84,1492.7826,16045.457
84,1446.7732,1608.2456
84,880.4699,17742.484
84,18914.918,3049.5183
84,13404.928,4809.1914
84,13025.838,1740.4207
84,921.94434,16961.48
84,19117.516,6448.5474
84,2324.4675,19876.62
84,9773.835,16556.574
84,11376.328,7665.2173
84,3818.1565,13333.723
84,19620.57,3765.1172
84,2023.8123,3486.9636
84,5595.021,11576.953
85,10000.0,10000.0
85,1204.832,7541.798
85,17854.889,13601.173
85,4433.5264,8499.332
85,6153.5054,7085.4517
85,8053.186,15759.9795
85,18950.848,15832.479
85,12540.04,6497.862
85,16342.043,4747.49
85,2571.2593,9523.594
85,12719.766,13253.967
85,10721.228,9935.268
85,16742.723,14657.994
85,12760.134,9805.568
85,19350.51,10588.877
85,6152.798,11393.95
85,13637.479,16325.811
85,18047.863,6815.7275
85,5827.818,16373.0625
85,7965.078,16888.676
85,5147.6826,3493.1248
85,4575.5938,2461.4067
85,9408.36,6878.501
85,1704.96,13941.056
85,3010.5166,14433.69
85,7940.1772,4756.8354
85,8318.767,14336.318
85,8207.623,19706.957
85,16788.664,3049.832
85,3894.4893,745.76825
85,12738.467,7447.3354
85,7731.8647,5173.4053
85,12481.617,16566.314
85,17005.744,11506.213
85,18121.844,14025.218
85,17615.004,3870.4768
85,16490.621,7596.3623
85,12948.317,15059.818
85,19113.865,676.02356
85,6038.899,5925.4263
85,4354.4043,12056.826
85,3600.809,5126.8384
85,19981.025,4872.305
85,5583.2324,14373.905
85,868.32697,16658.836
85,10627.059,11882.744
85,11791.709,5325.4204
85,19978.225,11576.433
85,15947.252,6436.833
85,8263.921,5659.735
85,12476.94,1055.5963
85,1123.3639,18676.754
85,14728.955,1015.4357
85,2477.7463,1715.0486
85,7743.448,9066.673
85,19100.844,16956.908
85,7743.9033,854.2407
85,13119.958,4373.333
85,8185.9873,16547.49
85,12009.265,9429.947
85,2590.2527,9164.536
85,7695.5513,2024.7625
85,4651.5854,18588.248
85,3406.803,19983.674
85,3061.1064,19410.463
85,5908.511,2304.0178
85,1745.3848,19410.834
85,19441.328,325.73517
85,15113.143,3148.027
85,15424.633,17630.02
85,12878.4,12102.324
85,7989.793,14350.672
85,5977.0063,2507.6667
85,17838.79,7538.92
85,6382.4062,11231.235
85,17345.389,16903.85
85,15161.45,1714.9817
85,2457.2573,16122.271
85,13516.608,1792.2092
85,14464.65,14829.717
85,19732.56,4765.4663
85,5242.9336,987.0697
85,10242.59,16677.49
85,9628.267,5403.25
85,15315.542,16019.652
85,3995.9512,5816.095
85,1747.4417,17642.031
85,13947.562,1976.0873
85,11831.8955,290.32492
85,2250.8845,9758.323
85,16951.588,2864.1707
85,18931.31,1588.0045
85,7053.2676,7689.1943
85,5713.9336,11874.551
85,4350.389,4263.1196
85,14660.872,13482.843
85,13805.0,10468.654
85,3449.935,16001.067
85,9462.036,18117.11
85,11007.017,12171.887
85,18810.477,6107.8115
85,8059.161,16717.742
85,3027.7334,16216.526
85,14548.612,12610.121
85,17564.73,8393.797
85,5154.855,18700.256
85,17222.459,6309.956
85,19679.588,13389.945
85,17671.576,16390.547
85,9614.793,10988.362
85,1563.4017,9865.791
85,13300.254,17413.62
85,8585.763,13054.664
85,2606.7622,16980.182
85,4973.456,7433.673
85,5251.825,1123.9307
85,2372.9573,8398.027
85,3728.692,7153.1826
85,4399.791,18930.61
85,6949.222,5723.5854
85,10488.51,1334.4152
85,2382.7285,275.68677
85,19836.744,1736.167
85,7296.4155,6788.704
85,13658.46,5493.353
85,13634.654,5753.092
85,19880.482,2607.2935
85,15713.793,18910.902
85,17474.965,1806.3613
85,16727.252,298.05576
85,6068.1206,17581.535
85,6982.841,3138.9785
85,8451.18,3836.9624
85,14009.22,2580.5205
85,4108.45,5102.837
85,13805.7,9481.116
85,4784.9624,6857.063
85,4198.334,7201.735
85,2818.8748,5815.127
85,3776.804,17406.72
85,1855.5076,16117.962
85,6896.906,13491.4795
85,16912.533,2647.0925
85,13397.911,4191.999
85,13920.143,9619.588
85,8312.173,8272.657
85,4681.5444,10334.621
85,18412.396,2751.8655
85,16636.123,10935.251
85,201.9795,8942.296
85,4792.132,7044.4917
85,4315.6577,12407.013
85,17896.684,4846.3237
85,6269.4175,17612.469
85,18503.168,1339.7701
85,15425.016,18054.068
85,2289.9133,11456.292
85,8404.5205,11096.7295
85,12025.713,9987.401
85,16431.42,795.2652
85,19126.896,15393.408
85,8428.622,18869.996
85,269.22342,4381.7417
85,12825.505,7192.2144
85,5053.0044,13833.223
85,3573.8784,18965.107
85,19839.807,12376.337
85,9217.935,16173.849
85,16146.844,9691.3545
85,14913.28,5660.346
85,13976.114,15347.953
85,3668.0527,16140.154
85,5302.8076,14944.674
85,15604.883,13420.985
85,751.8977,18846.424
85,3019.4788,14443.84
85,19438.326,7186.0703
85,3370.3418,9328.957
85,6294.6167,18861.357
85,15656.261,13566.216
85,10084.801,1252.3345
85,16317.298,17029.367
85,17080.967,8287.439
85,10358.628,3008.8137
85,7974.02,15021.756
85,19695.48,13344.056
85,16076.631,11162.379
85,6815.0967,8051.715
85,10533.255,17040.135
85,17714.541,14273.029
85,6645.458,19368.479
85,11132.021,15906.654
85,15471.374,18532.064
85,11607.685,18384.041
85,10868.672,1686.975
85,11630.215,11268.263
85,13837.622,10931.441
85,8652.879,910.5319
85,15923.458,10997.595
85,19574.922,3313.6182
85,14640.701,11788.134
85,3728.9329,4353.4214
85,1336.8961,3890.703
85,15937.297,1226.8801
85,10326.234,5342.156
85,15411.147,3249.4597
86,10000.0,10000.0
86,2175.749,1372.9734
86,13027.782,2760.875
86,18251.178,18508.46
86,18216.361,19803.266
86,18354.814,10790.626
86,3751.896,6959.038
86,12334.305,3791.5393
86,11304.571,1989.9111
86,15195.781,5725.4795
86,828.3733,18743.666
86,17146.03,8089.6367
86,2566.7551,11844.172
86,12742.498,18314.33
86,17267.674,18392.059
86,2186.9895,11776.404
86,16054.974,16346.301
86,12489.073,6958.75
86,7546.3726,13513.886
86,6515.559,18523.133
86,4877.102,6893.9365
86,16606.79,3498.577
86,5668.663,5762.4385
86,12509.296,16764.975
86,18316.533,4936.672
86,5747.706,12661.172
86,9471.803,6898.3438
86,7157.5903,12175.105
86,7838.848,5081.0615
86,11966.144,12556.451
86,19526.977,7481.204
86,18196.445,6443.226
86,12847.088,11071.705
86,3159.5864,4860.0615
86,6619.263,5286.49
86,16909.7,9061.003
86,8564.926,13806.84
86,10885.755,16142.637
86,603.4503,10831.894
86,5419.82,7627.0347
86,18050.94,17729.69
86,18425.248,6599.3613
86,244.89584,10922.188
86,6294.5,9242.432
86,17109.49,10210.88
86,14605.934,19705.314
86,6526.099,2951.3938
86,6178.2676,15953.901
86,339.68695,19709.016
86,15362.114,2956.479
86,13339.962,10052.216
86,119.30561,11518.424
86,8336.341,13939.922
86,1087.5051,5637.009
86,13226.146,16707.98
86,16064.431,14480.365
86,5543.9683,8631.311
86,2273.2693,19732.857
86,10261.017,3141.7148
86,16786.68,10173.911
86,16921.496,14601.53
86,4376.1797,908.9389
86,11823.461,12587.882
86,4894.053,17333.945
86,12899.617,1632.0427
86,19665.514,14200.187
86,8261.597,1893.9003
86,10738.406,9070.86
86,14088.605,11666.035
86,18285.504,38.423378
86,13687.32,17335.13
86,261.67548,9335.491
86,13451.388,5469.293
86,211.6299,9527.033
86,19847.326,16056.336
86,4199.7974,4787.0576
86,12190.807,17810.941
86,8496.473,3518.155
86,4822.493,14034.926
86,11055.09,14711.725
86,17867.404,7043.5073
86,14644.542,6693.4526
86,15986.442,16683.506
86,2573.6624,11490.407
86,7252.762,2995.4924
86,6914.5786,14564.627
86,14143.577,8522.099
86,4119.618,12380.987
86,8332.572,9247.739
86,15109.716,17637.67
86,1957.2373,2331.7236
86,9827.729,827.25104
86,4138.9316,3561.6072
86,14540.53,3644.2397
86,8180.282,8676.747
86,4331.9106,15247.504
86,8531.468,17798.932
86,3619.8762,11857.143
86,4320.487,18322.26
86,15650.696,4217.8735
86,16699.338,4358.606
86,11106.454,11182.8955
86,15608.614,13310.973
86,13622.1455,9080.691
86,19815.979,2211.4785
86,16173.758,19341.646
86,16470.58,232.66096
86,7155.7495,5317.2104
86,2852.7356,14746.653
86,9772.128,17495.025
86,6287.6,16769.58
86,18969.486,13094.453
86,10284.195,7043.8276
86,17384.818,3408.5605
86,17185.145,5633.074
86,5017.2915,255.47914
86,564.7171,14745.5
86,10533.304,17754.912
86,501.83923,15449.486
86,9441.177,4079.1008
86,14704.57,4053.7026
86,8563.671,17971.193
86,16659.57,8483.682
86,6892.023,963.52094
86,16786.842,17853.908
86,11582.426,14295.433
86,12212.356,13468.503
86,14025.8955,11525.754
86,19921.396,7364.0015
86,7573.0015,13680.967
86,10308.219,5406.482
86,6182.8887,15975.81
86,18583.24,7869.9956
86,6033.721,13966.254
86,13305.956,18739.475
86,870.87964,9857.588
86,16877.273,11480.357
86,2705.208,5837.181
86,7492.4766,16414.336
86,14329.666,16333.671
86,17842.492,2182.287
86,9108.336,7429.312
86,7696.2427,3728.9868
86,10256.24,14979.303
86,11268.525,1629.5928
86,511.59927,14162.825
86,10991.232,802.5065
86,16253.071,11409.849
86,15057.9795,13920.319
86,5391.9116,1632.097
86,185.44614,15255.143
86,7806.2886,14275.054
86,9387.338,14441.96
86,2040.4464,14558.086
86,3965.8281,8996.195
86,2335.9478,15142.398
86,5614.674,10224.867
86,646.61084,9090.277
86,11758.196,17014.238
86,13250.39,16847.14
86,17644.695,3243.264
86,17819.467,18079.357
86,4688.072,9110.378
86,15970.131,4964.439
86,13372.953,3164.1487
86,11427.502,4417.1772
86,9842.293,13049.222
86,8598.578,2198.8145
86,1358.0099,17650.49
86,17170.688,12583.279
86,7482.1406,10495.361
86,13655.24,7501.679
86,12079.761,8029.0493
86,14102.424,9213.323
86,6380.244,17131.701
86,9400.959,18024.506
86,4098.043,9096.73
86,14501.923,14176.341
86,12519.027,1730.1509
86,13466.844,15571.44
86,6890.832,16355.763
86,18131.006,4730.6187
86,5269.1987,12151.363
86,4035.0605,7570.6216
86,9914.682,3710.5244
86,3718.4673,12226.987
86,15892.214,17433.889
86,4559.059,6452.8525
86,8346.217,16310.152
86,7944.0586,17831.535
86,12180.125,6097.951
86,10803.486,7387.6367
86,6661.535,11683.94
86,19185.969,8885.876
86,8990.059,15611.153
86,14942.244,4037.4011
86,10090.8125,6867.464
86,14172.621,1083.8848
86,4035.032,14060.9795
86,8882.35,18647.812
86,770.1531,8224.945
86,13225.156,8886.28
86,15482.39,18644.736
86,13075.897,16717.463
86,13231.049,1325.8291
86,3386.5186,14990.154
86,5453.082,19373.59
86,19011.303,19247.348
86,8774.504,8487.543
86,15321.837,2226.0513
86,8119.1006,18930.58
86,2353.474,1617.0853
86,4858.7837,18997.781
86,1655.8597,15291.705
86,17996.207,17911.947
86,16325.121,7216.599
86,2447.4204,15203.275
86,10811.378,954.504
86,18777.295,113.289566
86,11145.374,6300.2705
86,5901.333,16768.951
87,10000.0,10000.0
87,9394.004,18628.695
87,14009.515,12682.836
87,4620.7026,7309.486
87,16312.24,4255.7095
87,2038.8055,7112.897
87,1339.0234,11599.728
87,2093.005,13455.621
87,5409.4556,9737.258
87,12791.089,14525.299
87,362.50287,4887.445
87,1584.9922,11092.543
87,12558.062,10871.101
87,3544.4807,577.8473
87,17552.223,14193.371
87,13704.456,11105.198
87,152.44942,14567.142
87,11928.812,12928.766
87,1368.1543,5718.6353
87,618.58734,17778.643
87,11102.978,10828.938
87,13378.306,6262.9917
87,7304.382,19540.662
87,7795.2925,3227.9607
87,5797.3896,15545.569
87,14752.277,1361.3815
87,9026.196,1314.6396
87,3199.232,19269.568
87,3904.3647,17137.416
87,8975.614,12435.88
87,7726.7188,10400.228
87,16608.791,8195.697
87,3247.9956,3787.0747
87,17601.586,10838.064
87,13235.058,4309.0815
87,136.47458,16980.73
87,624.1489,12131.673
87,5864.117,11860.477
87,12663.678,15002.597
87,18351.316,9915.173
87,15652.003,6604.856
87,2621.1013,19206.36
87,193.3234,3759.581
87,4093.7515,14038.151
87,8959.868,4106.6665
87,18660.596,4148.231
87,16727.564,3417.4473
87,13283.287,19429.016
87,14988.593,15281.123
87,1834.3672,7468.6807
87,1508.1846,1201.6959
87,19496.078,3992.559
87,18768.049,19034.688
87,15607.768,14217.033
87,17497.283,14145.879
87,17980.97,12446.79
87,14056.348,11536.088
87,961.2887,19579.74
87,19027.197,13410.017
87,12222.456,14007.983
87,19169.156,4225.348
87,2725.9019,14738.601
87,5570.674,4544.0957
87,5467.5576,3683.1707
87,8327.732,5879.019
87,12593.443,12931.15
87,8776.576,12939.266
87,2665.5112,5011.2676
87,11708.654,3112.7024
87,17761.443,5107.0454
87,2986.3691,6934.9395
87,18056.049,16529.42
87,15178.31,13330.989
87,13697.774,19741.312
87,14300.294,4326.0117
87,15225.966,12229.827
87,10402.794,13222.071
87,1516.7142,12117.492
87,1612.2845,8745.939
87,18885.457,16691.531
87,15568.497,16945.803
87,8547.253,7035.0835
87,7901.9805,1241.0204
87,13941.677,4835.4336
87,9438.984,15582.742
87,1026.5354,8082.01
87,2859.5789,8562.162
87,17536.13,7648.807
87,18344.572,10693.304
87,15052.2,7514.404
87,9201.635,11077.009
87,4862.624,17710.652
87,8840.612,17455.057
87,7052.8335,3109.678
87,8745.179,7068.2944
87,15437.365,1819.8822
87,13994.494,6036.65
87,18101.484,1104.153
87,5536.3716,18706.553
87,16179.034,19863.629
87,17289.23,1487.3505
87,16792.027,6533.2217
87,1736.0676,15180.511
87,10979.1875,12387.815
87,1255.2231,12969.192
87,42.30103,9567.39
87,13871.369,17534.047
87,10512.121,3689.2095
87,17778.795,10953.186
87,10347.747,1267.9147
87,15963.366,1620.9938
87,10929.235,836.9954
87,10293.403,8873.989
87,13589.517,12439.298
87,15925.877,8817.775
87,6508.18,8492.23
87,12455.394,12940.873
87,19113.602,5371.615
87,10573.457,7333.235
87,13373.951,7616.202
87,2981.3547,14457.677
87,6531.644,16319.624
87,15393.622,11127.394
87,9938.166,5401.409
87,2436.4739,6088.7896
87,14546.821,12622.995
87,2976.9475,3044.308
87,16910.646,7316.341
87,12699.95,3543.2947
87,8370.114,5413.7495
87,977.83545,5747.302
87,5098.373,7262.061
87,18809.365,15538.282
87,4144.918,5769.975
87,777.7607,1004.37897
87,7960.662,12805.693
87,7150.2495,13131.47
87,7598.633,11791.585
87,14932.76,4719.101
87,15075.166,6344.7188
87,14998.01,8219.802
87,5638.826,9161.929
87,9718.615,16080.932
87,17041.266,16475.76
87,45.836353,9118.727
87,11546.194,13116.527
87,8352.955,14314.903
87,10237.98,1052.7332
87,18647.457,4005.8994
87,805.1672,13315.704
87,14900.04,9386.197
87,313.74026,2979.802
87,4563.656,4472.672
87,4267.989,12131.408
87,561.7401,8673.984
87,971.007,1194.6412
87,13435.225,15263.891
87,16585.807,91.3767
87,14350.85,12307.971
87,12273.247,9503.614
87,1630.6914,15953.681
87,6213.6226,15521.837
87,17967.367,19628.723
87,11411.671,15911.602
87,14878.954,15568.646
87,58.7723,13878.143
87,18976.844,1772.7501
87,2897.947,19280.22
87,4874.6196,13616.023
87,8120.456,14947.771
87,7262.63,5297.7485
87,292.2885,1895.9597
87,11742.418,10743.637
87,16693.904,11985.169
87,10045.607,10714.728
87,11391.685,7535.4346
87,9473.909,3182.4675
87,2734.5542,11890.202
87,3702.0828,14730.109
87,12775.162,2109.574
87,12606.91,16742.127
87,7012.9907,11260.41
87,17586.025,2579.8762
87,10796.302,12645.38
87,10742.592,3848.4297
87,16202.075,7740.5923
87,19752.422,12023.74
87,9149.6,14192.517
87,14461.14,18323.947
87,12183.776,13572.016
87,10193.353,16914.91
87,12521.259,12822.158
87,16289.982,16584.678
87,12633.722,12981.784
87,14947.384,7785.637
87,10877.3955,7997.9355
87,6416.608,14531.375
87,14068.699,12074.414
87,3251.5916,18673.812
87,7827.394,4868.582
87,16173.237,7374.8525
87,4547.333,4122.9927
87,9414.929,16320.498
87,3299.5562,2695.3962
87,15350.857,11991.975
87,19487.074,9147.774
87,19101.379,1074.7323
88,10000.0,10000.0
88,170.67914,18119.865
88,9217.238,16215.672
88,7805.255,7336.386
88,12875.495,2184.3071
88,12869.903,19607.438
88,16062.728,9739.837
88,7254.1416,8607.014
88,18216.328,18503.324
88,4614.612,5801.367
88,12836.525,6412.9185
88,1969.6514,19834.932
88,18838.762,14610.039
88,6697.39,5120.2666
88,214.90825,12869.16
88,11273.8,8704.563
88,14021.074,12634.544
88,10680.387,13140.608
88,5898.759,11826.916
88,11078.736,5057.54
88,13335.396,11351.079
88,14820.422,4508.8735
88,6756.984,2714.694
88,8711.401,4795.5596
88,13320.782,17969.74
88,10068.333,15269.124
88,12981.995,9160.174
88,4771.6133,136.27513
88,17158.799,3899.4023
88,1114.3219,16524.666
88,2492.671,9901.713
88,6474.883,6953.4478
88,8425.739,9501.316
88,6350.664,9926.794
88,11977.45,14237.144
88,15972.82,10924.053
88,14168.706,17191.979
88,4448.9546,8898.238
88,12838.949,6706.8467
88,1073.677,9025.339
88,12409.883,2245.9475
88,6452.997,8939.594
88,6827.598,8136.0596
88,18850.344,16342.691
88,18804.61,19711.387
88,18243.129,19936.729
88,13233.229,8557.83
88,16259.59,5764.595
88,6852.8164,14143.616
88,1948.2391,10907.635
88,9774.375,18684.816
88,6698.6807,14481.655
88,7253.4585,14781.328
88,470.57367,18107.78
88,5910.9517,5825.92
88,17184.525,17498.709
88,8819.345,6255.966
88,8129.2104,12348.303
88,79.978775,6488.5957
88,3047.5017,8175.407
88,11788.851,14970.622
88,14715.379,9381.775
88,18042.842,6238.211
88,2640.536,18352.809
88,18838.365,7309.691
88,18066.746,1438.3058
88,6699.4946,12605.186
88,4511.313,16356.015
88,4409.0596,14346.175
88,12707.216,19258.463
88,19081.67,19330.348
88,18191.355,6295.11
88,19519.432,7.988917
88,14725.585,17437.24
88,3134.0686,20.355902
88,12777.286,10462.819
88,15723.765,7634.202
88,3592.789,19308.172
88,7653.6675,7272.374
88,11970.011,14259.93
88,10570.027,984.89716
88,2392.4985,3386.4258
88,4189.824,133.63632
88,14285.912,10990.583
88,5203.322,18828.248
88,5629.359,6215.466
88,12869.548,9985.707
88,15272.91,3383.8613
88,6712.6665,11023.086
88,13455.98,9854.497
88,16501.865,5842.527
88,10197.82,9783.675
88,9594.276,15912.198
88,634.02734,13372.938
88,9530.286,1729.236
88,18567.713,7425.1064
88,1811.2426,17325.768
88,16640.979,15980.374
88,2279.7554,18807.875
88,2949.412,1584.4238
88,19432.957,15422.322
88,11415.6045,15449.114
88,16230.732,19605.982
88,17908.223,16079.678
88,4193.888,14952.586
88,3389.333,13225.354
88,1435.8982,10076.827
88,7368.0024,950.54486
88,10574.369,18540.795
88,7553.3623,13773.322
88,11890.876,7517.3086
88,8489.243,4662.622
88,10934.83,17170.734
88,18978.225,3066.81
88,10438.438,3727.235
88,14829.261,15990.436
88,14500.746,850.70935
88,18354.172,13848.225
88,2326.5203,17455.994
88,638.31323,7127.537
88,18841.14,9405.325
88,19254.756,648.41986
88,6673.089,3401.1875
88,5580.9893,10667.258
88,8870.69,14452.206
88,10210.056,17592.207
88,969.0938,1401.1533
88,18495.775,18553.354
88,3016.7773,14060.118
88,4043.9856,5541.539
88,18975.588,3134.2163
88,11948.5205,3561.5635
88,5037.956,19301.682
88,14797.287,6632.6177
88,10092.477,3374.5452
88,17912.62,8540.314
88,2821.4897,4761.766
88,5957.5073,11698.903
88,8871.648,2390.139
88,1148.9225,287.59024
88,3225.8213,16954.398
88,5614.6133,12980.301
88,17171.8,13637.098
88,10596.95,5394.7236
88,2335.0044,12542.818
88,10314.575,19845.627
88,4384.177,9531.094
88,9605.371,16696.09
88,6001.4834,18688.982
88,14375.06,14064.391
88,12389.956,17872.2
88,13900.885,6466.032
88,1190.2222,7591.239
88,8243.029,4107.2935
88,3062.9666,9748.666
88,1019.3992,17363.607
88,7587.948,13055.955
88,12823.701,16956.361
88,11798.215,12170.986
88,14970.652,16673.986
88,12188.275,15967.306
88,13255.098,3159.6152
88,15352.369,9582.601
88,4406.461,12774.28
88,4524.6216,13186.942
88,18790.443,14138.22
88,18735.27,6790.6494
88,7521.808,3433.4163
88,8582.379,9152.025
88,8128.3813,9806.204
88,7298.811,187.66473
88,6226.362,13625.397
88,6887.4004,10504.057
88,4125.1714,17611.213
88,14346.417,5160.308
88,15570.359,4844.464
88,8317.945,5325.5947
88,9662.125,7735.871
88,8939.893,5559.6084
88,16415.547,5899.6216
88,10738.505,1016.6456
88,16483.318,6418.7324
88,11906.868,9718.554
88,12468.575,15995.432
88,12533.041,9028.097
88,12188.622,1570.3198
88,16062.833,8068.0674
88,14196.6455,1859.407
88,7207.649,15680.294
88,4815.791,18831.812
88,10115.811,19455.64
88,4516.1924,10479.553
88,2112.1606,13306.177
88,3342.4924,3308.741
88,1810.978,17925.316
88,14436.642,6494.4263
88,7119.5225,5903.849
88,18995.443,4203.138
88,15252.16,18467.459
88,4704.2812,9660.396
88,16173.478,12784.744
88,2212.5718,15805.386
88,7544.3335,11444.225
89,10000.0,10000.0
89,7939.67,13080.129
89,16266.56,8236.633
89,14597.841,3683.2349
89,8643.463,9432.626
89,18979.738,11050.038
89,565.083,8488.66
89,7707.9395,13530.469
89,11772.733,15905.05
89,8941.49,12174.708
89,11051.088,4823.0903
89,277.99155,9747.757
89,18698.344,5931.3276
89,1822.9225,9345.292
89,3867.97,18059.967
89,15698.538,11077.601
89,12523.639,7601.5615
89,11344.145,15431.997
89,13785.53,9958.232
89,3382.0742,3904.8916
89,6607.856,456.98895
89,14584.286,18241.11
89,505.03812,12673.089
89,8976.542,3570.98
89,6222.242,15126.7705
89,3544.6572,541.5911
89,18284.957,17587.078
89,16278.832,12496.6875
89,958.5358,16472.576
89,18663.549,6254.114
89,2222.8657,370.5993
89,10060.824,18035.967
89,7182.37,1044.533
89,419.73227,13206.269
89,16139.619,19206.137
89,8848.18,16278.28
89,6750.665,13571.371
89,3482.9158,11747.421
89,10480.291,6828.976
89,17766.998,19338.271
89,12403.583,14777.881
89,4632.9917,5166.91
89,13213.603,8827.715
89,16454.9,3668.759
89,5003.3164,3647.622
89,9885.56,9098.542
89,3825.4985,15660.483
89,4277.2236,8932.291
89,11786.044,4299.4487
89,2372.3118,10266.967
89,15416.457,19460.686
89,16266.818,10359.391
89,1872.6934,13874.381
89,19858.707,19475.264
89,14289.786,13454.223
89,16696.158,10717.282
89,6908.687,15921.642
89,9710.407,19471.402
89,9299.808,19290.658
89,863.1384,3221.8699
89,5288.8843,7514.4097
89,4477.836,19179.387
89,19523.44,14645.314
89,19750.125,12200.613
89,1818.1337,1736.253
89,275.0594,15741.724
89,2902.148,4058.2415
89,7318.678,3954.6885
89,18086.098,18200.28
89,13592.911,10511.059
89,16760.406,6790.888
89,14789.806,14762.171
89,11949.644,12436.316
89,7047.1245,12366.19
89,12204.461,15043.85
89,13239.452,15380.891
89,11551.785,17511.24
89,13438.934,17598.81
89,10351.527,2262.1716
89,6553.7773,4455.7314
89,14676.04,12153.109
89,6699.8335,18920.041
89,18099.896,2776.3008
89,2931.6162,1211.147
89,12322.973,18715.652
89,3490.6907,614.10486
89,12989.063,12040.31
89,15023.759,10301.168
89,6449.05,6389.6797
89,10593.124,3234.8599
89,3536.4258,18264.498
89,791.0868,15359.251
89,5279.673,19584.38
89,8051.854,4327.466
89,11047.209,14028.352
89,14069.32,15540.712
89,14857.569,18426.32
89,12366.413,19572.229
89,2802.544,8060.0117
89,18828.863,3743.876
89,17745.896,14693.561
89,7649.6055,18566.922
89,8322.491,6261.2793
89,14172.743,13099.698
89,15708.44,7321.587
89,13420.401,3084.0054
89,18533.658,5409.332
89,5444.4624,10165.544
89,17030.479,11226.789
89,9422.561,3912.9495
89,14110.023,7537.156
89,2212.8516,8437.973
89,18643.62,1154.0026
89,7836.933,102.76206
89,3595.9036,13840.416
89,19719.236,2938.7947
89,3841.168,7471.3643
89,9502.131,8914.349
89,1731.8513,19689.453
89,1375.9657,9823.303
89,14478.365,17312.998
89,16545.78,3916.5059
89,13407.0205,12404.023
89,13537.394,9541.382
89,15770.997,19324.217
89,7634.9175,433.1288
89,18099.094,18109.67
89,1390.228,6440.988
89,18518.902,1050.9156
89,6419.8096,2792.3735
89,11311.799,3898.754
89,14646.924,7599.486
89,16906.033,753.1953
89,12014.827,17982.732
89,13118.929,10012.798
89,2304.996,8258.651
89,16521.639,13620.073
89,19129.172,17111.643
89,8081.4204,18318.29
89,1134.0865,1697.3184
89,19040.203,8502.029
89,8464.343,15580.078
89,14545.3955,8627.715
89,9792.997,16823.234
89,1117.3513,7534.79
89,8495.618,4074.7036
89,11834.77,7061.706
89,16294.704,1629.0197
89,7824.334,8874.573
89,5543.837,3614.7217
89,14925.826,6209.9395
89,16885.436,4109.737
89,5103.9165,9543.99
89,19726.967,3221.3286
89,18607.39,12426.163
89,5096.419,12835.686
89,10247.191,13616.88
89,6151.5815,18550.816
89,9701.228,18213.94
89,14051.592,12229.736
89,6017.737,11892.237
89,18447.678,16634.148
89,2889.393,10714.53
89,11479.661,15790.416
89,12474.18,1428.8271
89,19940.188,3597.3428
89,5492.1343,9324.425
89,18608.45,5878.9575
89,6453.458,7953.533
89,1510.7501,17377.598
89,1695.2036,9094.509
89,7960.505,11406.267
89,11000.438,14490.958
89,17452.27,15347.486
89,3325.8083,12840.6875
89,10965.061,12536.116
89,15902.143,8211.428
89,6923.6772,5994.875
89,4877.726,6770.685
89,19380.273,4277.8887
89,4186.9326,8025.662
89,9365.1455,15125.394
89,18299.621,10651.686
89,11374.639,7432.4995
89,14791.986,6992.62
89,6331.765,16036.406
89,13840.853,5653.8965
89,8216.906,403.34546
89,18428.926,12927.733
89,2746.1038,2805.4382
89,16278.427,14340.869
89,17213.287,5364.1357
89,15791.6875,6137.5923
89,17074.57,15554.054
89,6594.4893,12127.564
89,18512.414,10567.874
89,15134.292,18742.02
89,10564.229,6192.0176
89,5690.4443,8189.854
89,13459.39,10093.496
89,4628.155,2523.6223
89,5864.5527,2832.9202
89,2826.0293,19776.986
89,6483.2173,9396.904
89,1588.9252,5552.0137
89,8261.048,134.77045
89,11214.256,12160.475
89,10084.859,10744.385
89,8287.837,5178.3706
89,2621.4119,4287.528
89,6845.3726,10983.342
89,1082.7946,1145.1584
89,6859.9644,16421.256
89,15053.59,7846.0933
89,5728.051,8765.614
89,15821.403,7886.295
89,5923.145,2636.9568
89,3962.0374,3298.101
89,19357.443,12460.124
89,6694.5776,1351.575
90,10000.0,10000.0
90,9483.308,17730.668
90,7262.234,837.72156
90,12879.041,12792.837
90,18541.27,5686.341
90,8868.476,5882.1973
90,3931.0452,13107.53
90,2171.5713,13465.098
90,9682.278,18267.447
90,677.35895,12533.945
90,17135.033,17186.166
90,5315.803,17516.525
90,18485.752,4558.3647
90,5247.8145,7269.057
90,9065.104,18174.234
90,13634.752,17289.613
90,2838.1462,19643.988
90,6068.9707,2.363582
90,18782.896,16180.9795
90,14759.879,19605.0
90,14338.887,19513.105
90,16354.977,8619.367
90,6459.0703,16140.687
90,7121.8525,12417.596
90,8401.477,8309.558
90,18648.805,12111.575
90,9611.686,16175.224
90,8979.654,17039.447
90,6361.769,13514.109
90,15211.089,5539.645
90,10415.701,14321.17
90,3882.096,5515.258
90,14270.248,5936.714
90,350.07065,7430.855
90,3811.5095,1710.9933
90,12759.583,16420.615
90,13183.765,19010.164
90,11630.942,13565.51
90,15428.519,14085.309
90,8740.64,18409.004
90,6237.8496,8022.3945
90,7000.433,13796.993
90,17031.725,6584.796
90,19902.238,16357.815
90,18208.686,983.8729
90,9027.755,15398.668
90,5404.003,9479.297
90,15020.87,14087.705
90,9661.982,8771.347
90,19462.338,2653.576
90,5476.611,17485.043
90,19616.445,16177.882
90,11138.215,8696.933
90,5893.423,19725.807
90,17167.746,10883.325
90,2668.7937,12942.515
90,2893.2905,18092.621
90,5784.3486,3646.8953
90,19905.715,9920.905
90,12084.291,3965.2249
90,3865.9675,5470.487
90,2066.8025,18744.1
90,5568.9473,19390.986
90,6006.489,17706.025
90,12099.375,17880.943
90,16529.936,6876.2075
90,10463.759,19349.04
90,11596.65,10724.048
90,18299.586,10868.895
90,8894.491,8512.052
90,11114.756,11015.016
90,5962.9346,17152.018
90,2299.526,11474.44
90,9450.645,16766.162
90,7720.2676,1019.1349
90,8128.375,15879.819
90,4325.174,7652.778
90,403.64505,7017.0425
90,9921.04,6814.124
90,16721.55,19068.217
90,2473.6218,3780.489
90,3879.7585,418.78162
90,18931.453,14164.467
90,18733.424,13668.846
90,11572.274,18241.445
90,16094.865,15296.732
90,15153.961,18578.105
90,1054.672,15558.771
90,10884.949,13837.076
90,17744.486,18603.129
90,2989.7334,15594.171
90,12945.779,10179.569
90,9584.852,16662.764
90,15670.944,9379.508
90,17387.967,6151.116
90,12480.187,5909.0273
90,8531.14,8217.157
90,845.275,8565.79
90,784.7717,7503.825
90,8674.193,7945.9834
90,16842.814,508.85532
90,15681.054,8073.8843
90,5093.9854,13347.399
90,18009.803,14692.627
90,12805.385,12807.981
90,9842.954,4295.997
90,11264.226,15859.105
90,3520.7517,6450.0854
90,289.76587,2641.7092
90,1353.542,11364.466
90,5222.458,10963.413
90,7759.2285,2580.4072
90,5834.014,10281.831
90,10445.483,8791.274
90,5380.2173,11079.393
90,10598.425,6299.515
90,5625.0933,7907.9487
90,14221.627,11286.519
90,3470.3071,3822.463
90,18751.17,15088.96
90,5402.617,2068.745
90,8194.504,3023.5715
90,17325.037,9034.745
90,11081.125,16907.664
90,15849.718,4676.548
90,279.05975,19389.484
90,19135.691,702.61456
90,7254.9272,16694.266
90,12489.862,4790.3354
90,16371.758,12733.774
90,9319.564,1264.8191
90,9042.067,19314.895
90,3338.4775,11453.062
90,8971.3125,1892.1761
90,7666.314,15050.659
90,11796.969,13685.977
90,10269.505,13081.515
90,4131.8926,13060.189
90,11805.876,2304.9785
90,4127.098,5042.375
90,12745.401,4970.609
90,17401.896,8049.0073
90,1017.56024,11089.381
90,5390.0103,13135.976
90,13396.987,2860.5212
90,3653.3538,2471.5068
90,13637.259,15601.1045
90,18400.463,17110.55
90,1533.566,7132.0063
90,2702.799,17655.01
90,7892.1655,17937.412
90,6209.0796,17501.55
90,7449.737,3488.588
90,7125.209,10605.749
90,17557.014,8116.828
90,12736.7295,10884.618
90,15602.867,7002.6675
90,5678.7617,510.16235
90,3579.226,10124.619
90,465.02692,14846.981
90,19102.299,13959.289
90,184.0882,13685.393
90,19115.738,19932.004
90,12611.962,11020.298
90,8791.686,6862.0674
90,5810.345,2650.885
90,8665.108,13103.482
90,16283.708,4112.494
90,15835.74,3469.523
90,14193.229,521.2164
90,9569.921,17239.365
90,19378.498,16671.93
90,7238.4707,5716.9976
90,14090.352,2545.041
90,1452.4729,17138.414
90,7792.1553,6059.1465
90,5013.5054,4045.3699
90,3547.6936,15230.196
90,11925.446,15985.916
90,10959.206,16511.047
90,568.8829,18019.39
90,8244.641,16376.119
90,2173.3464,18546.746
90,11311.694,2039.7373
90,18030.588,9612.43
90,9292.872,5118.6777
90,19586.738,8315.074
90,17579.094,17509.574
90,14744.226,6347.176
91,10000.0,10000.0
91,18542.11,5704.0137
91,13187.113,5466.5815
91,228.01851,7379.0337
91,8408.738,15894.075
91,1922.2886,1416.2548
91,3983.1636,1748.4442
91,6788.7397,17461.293
91,11497.209,10699.674
91,6839.708,8078.649
91,2734.246,8841.545
91,9002.029,13072.557
91,18318.496,4947.0522
91,1849.5348,1334.1102
91,18408.031,14929.263
91,15448.106,3144.0466
91,13418.361,18657.842
91,15226.603,4715.252
91,15113.406,17292.299
91,12672.757,9436.405
91,9201.379,6021.3613
91,8998.941,12696.17
91,3440.8823,12760.985
91,3580.703,19771.5
91,854.02765,19331.01
91,13621.718,13498.99
91,13390.981,2822.3264
91,13528.42,10731.896
91,2574.585,4918.966
91,5549.9194,9128.286
91,1843.0771,13375.3955
91,17019.15,18510.852
91,3629.4656,10533.572
91,1418.4978,4373.7056
91,7402.7437,11291.683
91,954.5903,8592.626
91,19565.02,16790.857
91,8763.675,13450.712
91,1373.3604,4552.2153
91,17944.432,12755.829
91,15285.217,8295.947
91,1477.0695,1748.1124
91,1273.225,12664.123
91,410.55817,15890.868
91,4696.877,565.1604
91,280.12747,1741.8951
91,19792.229,2506.3713
91,3933.075,9032.337
91,2520.206,15636.446
91,19447.965,9457.962
91,15368.819,1065.4478
91,16771.877,12688.848
91,2125.8594,14261.673
91,12733.879,2689.8076
91,4519.9585,7747.5835
91,8304.382,4298.008
91,5688.0186,1870.9739
91,6764.647,2067.6746
91,4572.2935,5239.053
91,11229.5205,17353.734
91,9074.937,4265.989
91,13721.443,557.97546
91,3944.3357,3593.5833
91,4272.556,9505.061
91,19143.508,3984.543
91,9150.068,17744.268
91,1547.0803,13681.432
91,5443.0293,8413.339
91,11257.267,17086.533
91,962.02313,10361.149
91,14912.09,5446.493
91,13119.47,16736.361
91,19960.168,17136.057
91,17838.125,17563.422
91,437.04385,16700.91
91,18118.783,4361.081
91,865.6479,2095.465
91,5495.8257,12162.245
91,6572.948,19538.074
91,15476.63,8934.101
91,5492.714,17830.738
91,5486.374,9565.697
91,5175.465,16416.64
91,5884.972,11255.923
91,13737.746,17689.09
91,5505.5757,564.6516
91,12881.398,4713.6445
91,6297.0425,17394.29
91,9737.542,11405.64
91,12239.366,19055.814
91,4482.5444,17982.623
91,9078.438,1028.523
91,9955.352,14785.894
91,10540.974,124.38914
91,14313.499,17055.896
91,11393.103,9115.421
91,11926.283,14116.057
91,15704.587,17624.309
91,19897.043,15910.775
91,19295.611,15979.572
91,1287.359,3871.1428
91,2701.9812,7829.758
91,11025.218,9428.257
91,13152.811,18605.633
91,10363.951,6909.4688
91,12641.845,19240.418
91,18027.162,10308.002
91,9689.218,1063.0227
91,14499.676,12449.54
91,1438.5548,6314.674
91,15701.509,5440.437
91,10027.973,6820.584
91,8358.167,9529.043
91,15724.096,2520.0664
91,7022.1313,19889.824
91,9353.46,18165.71
91,3880.6257,5333.7876
91,14088.539,2953.6956
91,15191.525,1067.823
91,18695.191,5255.0557
91,12168.244,771.47534
91,1905.9069,8539.607
91,13977.774,16830.996
91,18634.562,2810.8484
91,4988.9844,6571.3345
91,5104.593,7694.1587
91,998.1141,18638.385
91,8481.366,5826.851
91,14514.829,14855.414
91,13899.303,17974.379
91,6682.1953,18599.502
91,16992.928,2135.06
91,19399.875,1525.522
91,14357.239,19127.906
91,17930.701,18307.434
91,6960.842,11547.106
91,1739.3883,19004.502
91,11873.412,4376.3745
91,4635.7554,17079.143
91,579.8409,841.3561
91,10055.395,7705.746
91,6866.047,18805.447
91,510.5956,15875.056
91,17204.215,18990.764
91,11983.837,16561.67
91,3299.733,4000.7358
91,8789.446,19118.03
91,10066.191,11351.153
91,14113.033,19352.59
91,9654.678,18334.85
91,13846.539,17447.176
91,9242.884,9402.126
91,13696.953,11490.098
91,16311.014,12319.027
91,8916.403,12295.038
91,1649.6437,12678.773
91,14546.337,17786.684
91,10563.431,10962.106
91,1465.3282,17914.127
91,5724.741,7287.8306
91,10320.959,5217.089
91,1531.9896,2662.146
91,12518.909,2909.9844
91,18893.47,2339.4258
91,205.59251,2605.2505
91,2534.2346,16475.629
91,2151.7231,19457.91
91,860.494,19440.127
91,17758.51,8040.5054
91,2142.2383,6080.8877
91,12937.415,3481.3547
91,13229.899,13225.739
91,876.2942,12023.448
91,3964.4065,17255.266
91,7078.372,8315.908
91,221.47789,18774.703
91,4417.6934,6654.606
91,2558.8127,9364.306
91,4949.042,16859.652
91,18880.176,1216.4188
91,14438.355,18223.459
91,16618.48,2462.5918
91,9476.754,18173.691
91,8307.783,2612.8684
91,4628.9766,17461.04
91,11984.65,8487.499
91,9278.545,9474.564
91,2409.1882,17211.984
91,10920.6045,8759.798
91,11966.815,15793.45
91,6108.956,2761.8198
91,16811.096,15629.59
91,8820.078,10125.278
91,13253.591,8376.923
91,7830.8057,6676.9683
91,10635.338,9190.518
91,18648.77,7477.573
91,2933.7234,16933.223
91,10225.431,19912.072
91,11911.664,16355.108
91,15946.258,12815.671
91,15926.707,14531.113
91,15917.786,6807.0903
91,9328.457,10384.067
91,1854.812,13763.931
91,17273.84,8280.166
91,14435.158,2553.1946
91,8512.003,6113.3535
91,6863.1123,17479.125
91,10394.604,2271.5925
91,6066.137,4763.247
91,15847.53,12053.733
91,14572.774,7949.9565
91,18261.932,10020.935
91,8881.202,19803.934
91,17619.123,3783.355
91,12750.405,9413.932
92,10000.0,10000.0
92,1637.4508,15314.963
92,15160.778,4998.388
92,10353.017,11974.56
92,8584.536,9961.268
92,19723.328,4097.156
92,4317.529,12641.942
92,5000.7363,12613.991
92,19009.148,253.20906
92,19285.533,2751.3706
92,15925.75,939.2176
92,6402.838,3949.3562
92,1546.2968,5643.37
92,6195.6465,15435.478
92,14891.242,9588.829
92,12037.815,7309.813
92,8195.3955,4747.5786
92,3315.8481,15250.499
92,4635.2373,14814.246
92,3990.447,1315.3616
92,11224.894,9677.367
92,7370.778,1929.9176
92,18444.139,15633.594
92,1029.9092,5949.808
92,8767.387,18387.6
92,17703.797,4008.9927
92,2529.2795,7371.825
92,8886.369,6953.428
92,6041.066,5685.8726
92,14343.757,5356.938
92,1694.6141,10550.536
92,6420.654,8256.86
92,4053.6958,10605.212
92,2845.9646,2160.828
92,18157.283,3103.4067
92,1076.2909,8611.215
92,18217.35,18748.734
92,4384.729,15666.866
92,14754.082,19456.986
92,7209.0713,5787.8975
92,16354.233,13305.097
92,3106.5093,6010.1807
92,10394.205,13579.316
92,19971.916,14709.995
92,11604.908,15551.808
92,6699.2065,6189.7515
92,6110.403,8793.989
92,19374.598,9796.411
92,8117.736,12592.249
92,13497.638,17522.447
92,11247.219,11234.5
92,6277.188,4689.572
92,134.57863,281.6952
92,16988.842,8913.115
92,1680.1449,15488.371
92,3574.014,11724.247
92,18975.123,11415.206
92,2171.5051,2713.5452
92,7352.5933,5261.3184
92,8274.62,77.966896
92,15596.42,1122.8107
92,17018.59,19369.652
92,3042.8894,3094.1548
92,15557.669,1216.9229
92,11395.853,19163.79
92,10061.977,19348.768
92,11878.639,9298.487
92,5888.8687,11014.395
92,8914.888,12027.795
92,5229.9785,6429.019
92,17473.904,8167.337
92,5792.386,7623.9414
92,10506.133,2788.8616
92,10263.49,1710.9402
92,5877.675,4793.8096
92,10396.701,13877.747
92,6529.2344,16554.576
92,7729.5312,1599.6792
92,483.92468,19992.938
92,14978.266,5390.937
92,15254.515,3894.9656
92,14035.41,9502.507
92,13957.726,12417.312
92,2784.4846,10537.196
92,2240.399,17233.57
92,12036.445,8315.984
92,8252.132,7346.7783
92,14162.876,6802.285
92,7420.472,7201.4746
92,11506.027,14804.352
92,10454.86,14249.855
92,14119.928,1072.4866
92,500.6792,15.353014
92,4568.8135,409.73688
92,1258.8008,7333.4443
92,1813.9526,18825.094
92,11201.106,5318.5566
92,16178.341,13595.55
92,9882.985,9912.412
92,10338.47,11497.743
92,2074.465,12495.059
92,19923.072,18671.14
92,1194.0101,9580.558
92,2337.0447,6723.4287
92,7216.127,11244.285
92,1325.4708,11539.71
92,497.40594,4462.8354
92,9014.041,6022.749
92,18698.902,2863.7495
92,16796.418,8707.56
92,19234.125,15932.682
92,12497.119,6604.9434
92,14365.058,8707.958
92,521.67975,4780.9307
92,17224.895,4519.0107
92,19275.684,14663.754
92,1994.1178,4387.779
92,4833.3525,13146.767
92,2663.6487,13003.379
92,19433.695,15717.119
92,1093.3915,2666.545
92,2559.116,12465.969
92,6271.191,1557.0658
92,13895.277,11765.376
92,14669.066,9208.159
92,5410.1245,1070.6346
92,7986.4653,14489.014
92,15818.011,16144.914
92,5459.407,5915.336
92,18680.45,5441.4463
92,13264.331,17435.701
92,7891.2227,2836.1035
92,6642.66,1977.2463
92,48.623158,16602.537
92,14441.786,17574.314
92,9449.903,8180.9
92,17836.871,3608.5332
92,15146.132,9765.913
92,715.7684,11150.407
92,7895.4277,18190.43
92,5414.3657,1018.45905
92,11467.188,19067.627
92,9956.502,19252.9
92,10225.119,950.7001
92,15152.582,15544.339
92,8053.59,12078.547
92,9690.236,7930.9106
92,1467.389,16094.298
92,3905.9475,16261.6045
92,18885.047,3107.6587
92,4143.895,2116.5054
92,5950.7607,1007.9354
92,5408.9224,15967.695
92,18405.773,17462.637
92,18372.387,12246.498
92,3779.7805,12758.999
92,11156.13,16402.98
92,10646.906,6630.6787
92,17881.453,10172.518
92,42.861507,12220.384
92,14473.785,15738.642
92,19995.965,6471.005
92,1272.813,27.709827
92,3291.8206,15665.977
92,12096.194,18689.336
92,19718.213,13834.779
92,13613.22,17387.709
92,10696.807,7490.5435
92,13829.236,9972.661
92,7592.552,19491.514
92,16292.098,14586.279
92,13880.563,11053.004
92,1436.3707,18862.465
92,18838.346,19087.658
92,17952.371,16292.4375
92,15881.393,7291.971
92,19346.28,5252.464
92,8419.805,15979.67
92,1623.7101,15969.233
92,16908.693,12695.985
92,3377.77,12909.405
92,5207.1343,17206.014
92,16388.107,14038.953
92,1821.1814,2503.272
92,9883.351,11928.443
92,13926.148,3744.9392
92,17186.629,12340.186
92,16793.967,14310.492
92,6271.056,16605.984
92,7919.665,929.73566
92,15483.476,6984.185
92,15037.999,13260.862
92,13704.708,16672.004
92,8689.262,12258.138
92,2877.7295,3682.2275
92,12325.33,5875.645
92,15289.111,13860.913
92,13590.076,7969.559
92,1713.8412,16684.604
92,15172.097,7223.5347
92,10352.814,10315.821
92,581.4066,9977.832
92,16097.319,16339.5205
92,10738.374,6396.7964
93,10000.0,10000.0
93,13596.989,7551.994
93,13925.81,16379.921
93,6058.0264,15588.198
93,127.05876,3084.5403
93,12014.675,10286.086
93,4451.485,13813.66
93,164.75879,14727.49
93,5494.1504,11711.521
93,14129.4795,15439.834
93,12197.9795,7757.8975
93,5979.2246,2228.4746
93,10830.175,4744.529
93,8978.499,286.03012
93,13817.985,1102.735
93,7949.56,16257.12
93,10002.275,16978.775
93,15222.45,602.34283
93,18198.527,7023.216
93,4465.391,11492.039
93,14514.42,8063.0015
93,14769.071,9966.919
93,11768.599,5251.771
93,745.33276,11407.852
93,16783.541,6782.4307
93,9164.362,17331.834
93,2557.837,17969.81
93,71.56622,31.950796
93,15341.45,4488.2056
93,8960.921,13288.095
93,19250.771,8171.94
93,12764.017,5211.2837
93,4240.155,6222.2646
93,18073.291,7343.5913
93,19214.416,13523.688
93,1098.154,15117.901
93,4903.6655,16470.65
93,10530.421,11575.439
93,7478.5854,2267.4446
93,10497.874,7464.763
93,9201.935,17105.627
93,2804.8765,14251.585
93,15584.335,5925.5127
93,6859.7803,17963.91
93,10936.709,13823.247
93,9623.077,5121.97
93,1434.9218,6257.8667
93,8117.9106,170.06573
93,13186.609,3168.2354
93,17037.701,958.2267
93,11784.928,13424.957
93,2096.4575,18535.607
93,19536.63,8810.562
93,3320.2146,16917.738
93,19808.23,9666.253
93,892.4256,12467.753
93,16662.996,11419.564
93,18209.52,17938.275
93,19914.865,6563.994
93,2871.8826,11891.33
93,5459.365,16901.08
93,10380.487,11541.492
93,6127.652,19558.963
93,12090.909,19011.633
93,3152.9868,19322.26
93,295.22858,2955.6135
93,7778.2607,11530.239
93,10900.331,1801.1974
93,6164.135,3954.7026
93,2007.1663,13993.299
93,19651.803,5303.683
93,1877.8534,11756.045
93,11010.004,16396.318
93,7097.889,7875.862
93,5265.496,5925.372
93,9956.075,7928.9844
93,3055.1099,16594.297
93,10091.992,8874.302
93,1932.1326,3030.5073
93,14094.575,15895.091
93,926.91797,7927.4736
93,15477.409,13722.605
93,4070.3455,6667.0205
93,10871.754,345.97028
93,6828.686,12095.775
93,13325.142,17737.537
93,17986.83,2020.1288
93,15192.036,18423.088
93,3980.7646,12893.192
93,17397.451,18482.705
93,4036.8608,8832.289
93,8458.537,1722.7018
93,12494.406,14875.529
93,9829.583,11909.818
93,12301.894,14059.295
93,2875.5098,14533.893
93,16316.621,13169.276
93,2510.938,19420.303
93,5843.0894,15844.393
93,16379.669,9859.553
93,7301.415,8639.221
93,16970.912,827.2179
93,16113.874,9456.713
93,18699.23,3972.9937
93,19111.848,13482.325
93,11618.2705,17235.592
93,2115.339,3871.3975
93,11760.595,6026.061
93,1465.706,13413.469
93,10375.205,15756.105
93,18768.746,12148.888
93,18071.652,5429.4106
93,11126.911,12039.984
93,8137.568,317.54053
93,10907.628,7735.06
93,10459.788,2491.129
93,12717.523,7342.6987
93,14711.231,8529.286
93,7473.7427,413.25745
93,8614.858,6548.6606
93,5738.036,18648.379
93,4409.558,11175.43
93,2232.3682,5287.521
93,7373.3916,13633.198
93,17069.818,17080.266
93,13593.647,11924.567
93,12148.745,8893.1875
93,16031.445,14991.914
93,14552.717,15446.856
93,16337.393,8524.704
93,13918.723,1065.4009
93,4441.3228,15643.771
93,1260.4524,16007.241
93,2551.687,18590.016
93,12984.019,13558.351
93,3183.2153,10761.572
93,16673.99,12855.716
93,14836.492,10089.218
93,11623.369,10824.811
93,5248.927,2806.0896
93,9633.955,402.87314
93,18294.516,3455.3337
93,11290.262,8304.413
93,17224.54,15214.167
93,6571.0464,10627.463
93,12575.077,19105.178
93,2269.253,12182.434
93,15978.028,13587.547
93,15870.08,11818.865
93,19930.68,16887.15
93,2963.2214,12501.228
93,7354.12,14465.012
93,3069.5647,12593.611
93,15351.398,11073.911
93,10414.431,10149.268
93,5513.2275,3795.7603
93,10843.697,1556.6677
93,5692.508,5268.6787
93,13895.502,13913.764
93,14999.751,11469.806
93,1109.0709,14666.029
93,15122.068,18127.678
93,11080.987,11093.051
93,3726.2827,16133.588
93,2589.7153,3268.6829
93,13829.74,15739.798
93,1998.8351,9306.632
93,3838.9622,11991.396
93,1872.1786,3775.206
93,7282.256,10702.307
93,8941.95,16772.834
93,9423.457,17796.832
93,19665.969,13923.533
93,8796.729,19967.28
93,206.74834,13057.543
93,12953.483,4369.458
93,19447.893,6588.608
93,19834.547,16419.77
93,12136.717,13069.866
93,6300.423,7222.6313
93,14512.998,8235.471
93,11866.249,15127.727
93,5052.9556,668.4734
93,12231.392,5301.3857
93,12640.717,1140.3308
93,11607.604,5158.241
93,14442.688,18397.723
93,3961.1355,15410.033
93,9448.248,18926.914
93,19397.605,18600.537
93,1507.7753,16778.605
93,12854.731,18945.521
93,19956.25,11535.413
93,2904.3176,2789.1157
93,1112.2256,4670.412
93,10848.106,6225.5566
93,19742.562,750.14374
93,17098.457,13377.164
93,1176.9199,18678.988
93,11589.32,17618.031
93,9926.875,14883.348
93,18443.426,15231.119
93,19015.043,19678.145
93,1299.7457,1963.7797
93,13387.586,16851.299
93,19614.375,11674.997
93,10576.415,1599.9077
93,12070.106,17048.074
93,15491.451,17445.75
93,9496.237,7485.637
93,10236.604,7081.2925
93,3163.7068,19056.969
94,10000.0,10000.0
94,4557.6074,9798.923
94,11140.478,11396.056
94,8326.565,852.96466
94,6297.5757,16521.219
94,19207.293,10610.27
94,6235.6235,11735.797
94,8421.772,15203.216
94,10441.856,18806.318
94,1203.2913,8164.3247
94,492.37665,19256.541
94,8339.258,10615.332
94,8725.862,5545.089
94,13867.046,11051.536
94,14431.784,2495.6704
94,12274.862,12014.528
94,2675.5994,10118.857
94,2271.2917,10195.985
94,11374.695,10414.68
94,16207.914,11752.366
94,8033.2886,5411.9224
94,8552.335,1665.8698
94,15611.611,19608.277
94,14187.775,19364.691
94,8145.7505,579.74817
94,5657.334,9465.185
94,8610.002,10681.581
94,4591.6416,19833.318
94,2707.9004,10570.563
94,15881.406,15919.876
94,3394.3792,19912.832
94,2965.2815,17484.402
94,11431.338,15503.512
94,9215.438,9522.841
94,19409.145,5248.7905
94,8733.68,7278.214
94,16.94984,12438.079
94,16739.105,7638.535
94,3952.503,8615.975
94,4442.8506,1051.1127
94,9146.313,10149.177
94,16755.754,3170.741
94,10578.944,5592.586
94,8137.817,12730.556
94,1289.4915,9906.1875
94,17546.648,8010.918
94,4103.9087,2600.1602
94,10983.416,14210.7295
94,15056.6875,8088.9995
94,5142.3696,19377.361
94,11822.876,19757.584
94,10613.907,7048.229
94,7041.0215,6917.9565
94,11252.136,2605.7463
94,16009.037,3342.6628
94,5321.7114,8415.998
94,11708.535,4396.392
94,2123.7078,13812.222
94,4376.025,19648.625
94,3279.2046,11011.761
94,16680.922,14672.089
94,13500.19,17818.385
94,17140.336,18772.342
94,1149.1448,7208.817
94,8925.773,353.94263
94,12925.365,4634.3384
94,7369.456,680.4095
94,8554.689,11345.08
94,12847.006,89.70807
94,18527.85,264.01144
94,3155.004,13730.42
94,12020.967,6095.227
94,13297.16,17778.709
94,15241.871,6697.217
94,16663.52,13943.887
94,7012.009,2165.7773
94,8610.093,3581.0452
94,9129.675,17383.465
94,19650.355,5872.402
94,15441.873,2825.1067
94,5858.724,3044.5217
94,12869.504,13344.86
94,17585.48,18359.658
94,18863.342,4770.82
94,8799.398,15572.651
94,15651.252,4377.556
94,10422.132,14822.633
94,17958.865,4613.1953
94,274.57678,7600.461
94,13072.433,9242.6455
94,11819.402,9458.212
94,6636.0264,9859.649
94,7762.5684,14015.947
94,17783.379,10818.203
94,11193.692,4196.4624
94,9177.81,3202.5583
94,14934.033,11589.57
94,2376.538,13521.704
94,15734.833,18567.303
94,1622.5743,6572.3477
94,7668.159,11310.246
94,227.07254,13685.219
94,16524.838,17461.93
94,3234.6052,15730.029
94,15408.919,9257.044
94,554.5068,7350.6016
94,10543.021,17553.447
94,13411.58,17405.096
94,6824.443,19668.371
94,4535.7817,16843.617
94,4988.5195,9627.658
94,17453.566,11823.607
94,4827.327,2237.1433
94,19994.768,17340.488
94,1106.61,2979.9739
94,16549.549,18836.771
94,15996.963,9366.083
94,4871.878,16244.449
94,13976.343,13033.361
94,12214.316,5375.0986
94,4959.091,5737.1113
94,4155.764,222.92265
94,15685.119,10562.8955
94,11332.278,11660.611
94,2569.8096,14283.632
94,3318.5842,9702.983
94,14911.758,3613.3599
94,6428.0903,19785.719
94,13757.545,19062.943
94,6934.01,4244.2227
94,9056.5625,3627.4333
94,2804.807,7567.401
94,18207.297,10618.472
94,4067.0864,5151.333
94,12144.109,19729.244
94,15217.448,3904.679
94,18181.908,1283.8005
94,6330.101,2102.507
94,18756.346,18457.25
94,4454.2256,741.1836
94,13654.545,845.971
94,19118.213,17860.68
94,1885.3339,9961.602
94,11324.848,19273.207
94,14452.754,18478.648
94,12375.153,6452.7017
94,17592.88,256.06345
94,2784.9092,6520.325
94,11473.489,6504.1523
94,5289.879,9382.17
94,19330.02,4289.694
94,13160.182,5677.449
94,13258.498,7032.284
94,17485.818,4375.829
94,2920.2393,16801.135
94,5730.3574,15003.543
94,8378.334,67.08158
94,1840.0331,6864.9897
94,11765.993,16828.607
94,4446.9834,10289.073
94,551.6602,577.9031
94,19734.102,3429.608
94,4567.604,15816.578
94,16007.925,5507.169
94,19061.932,15922.774
94,2839.8508,19539.734
94,1952.1545,17272.105
94,14504.522,5345.966
94,7133.3506,18799.04
94,5443.665,13379.128
94,17321.291,9129.977
94,14668.145,15039.236
94,17687.637,8268.006
94,11857.047,11222.151
94,16235.475,6029.1343
94,7268.48,19280.572
94,17668.99,8808.77
94,9422.88,7356.948
94,13835.314,1799.7189
94,11898.72,15947.538
94,4396.001,13162.562
94,524.74347,659.7412
94,9913.724,7569.002
94,2315.057,12084.304
94,11155.444,9173.099
94,12433.49,15329.725
95,10000.0,10000.0
95,10332.117,12270.406
95,2429.0068,760.97577
95,6595.737,19089.045
95,14146.346,11170.258
95,3340.5754,13521.529
95,5492.861,14226.502
95,5924.422,884.03326
95,164.35748,14489.705
95,15179.563,9319.274
95,8894.201,4764.5454
95,1324.8488,17270.273
95,272.23175,9655.329
95,10107.915,8361.823
95,19998.521,53.869236
95,5589.467,2341.012
95,3328.1865,2193.313
95,19216.844,14793.014
95,1264.1346,7619.391
95,6646.6533,11452.917
95,19307.896,17392.232
95,16959.314,17098.654
95,19657.371,19884.154
95,14481.055,9010.214
95,3756.6797,19637.658
95,3434.59,2380.1848
95,3992.852,3979.126
95,17516.123,5874.5215
95,10293.142,1637.9261
95,5956.3486,8471.67
95,1414.2653,15731.962
95,12388.742,8224.919
95,5679.2627,8849.492
95,16746.453,2558.4539
95,996.00653,14507.815
95,9683.203,56.261395
95,17943.584,486.6025
95,12087.5625,19944.053
95,8161.809,4636.916
95,5085.404,3921.4011
95,4888.9414,13251.076
95,5513.833,4887.3403
95,9186.804,9209.353
95,19257.773,16584.021
95,6831.7217,10183.612
95,13048.461,19305.416
95,16330.431,17805.107
95,11851.078,11124.152
95,16935.39,8464.992
95,7058.5693,17691.357
95,7935.2676,3360.947
95,15665.885,15974.012
95,14342.503,10374.704
95,1370.4229,18216.828
95,3475.0688,3691.6387
95,14734.397,4382.613
95,10468.846,6910.05
95,7173.0547,5075.4907
95,17718.88,13413.79
95,251.73924,16765.496
95,14583.867,11689.876
95,6832.469,10733.668
95,15673.723,14304.945
95,19777.773,6031.394
95,5236.7344,6495.324
95,7333.315,5824.204
95,8851.809,149.67232
95,10335.657,6550.531
95,13088.669,13648.547
95,10462.666,6137.458
95,13510.435,3487.898
95,6898.6875,11717.804
95,7330.117,11203.03
95,11083.522,10157.528
95,16075.321,4492.304
95,9270.301,8480.163
95,16866.213,3133.2349
95,11128.957,19765.854
95,19648.238,2258.8894
95,12314.349,2308.9836
95,2553.2422,11121.318
95,18066.275,16700.791
95,9596.41,4217.223
95,15634.536,8029.3477
95,19907.64,19787.773
95,4421.0005,5290.0737
95,11424.204,7626.5376
95,9716.916,15164.176
95,1970.6964,17492.393
95,11920.89,13348.164
95,17861.928,7978.027
95,9201.791,14903.892
95,9912.281,3499.3494
95,15150.646,18496.277
95,992.1489,15582.941
95,2944.911,4370.666
95,19937.605,2425.8064
95,19698.09,12898.108
95,6351.49,13653.193
95,18051.373,7165.4595
95,17445.367,13832.287
95,4827.101,11258.918
95,3661.7559,15225.4
95,17822.834,7110.32
95,18893.418,12510.53
95,19498.861,10770.395
95,15090.736,1706.6432
95,6925.3164,15996.799
95,7151.5684,5696.336
95,4162.205,7258.284
95,17072.998,15699.2705
95,12140.192,10108.577
95,9440.05,5279.6797
95,5465.9727,3087.2966
95,16847.518,15027.712
95,5154.738,13647.597
95,18209.373,476.3682
95,5799.1826,12684.077
95,4383.723,8725.806
95,15517.0205,17047.709
95,10244.657,400.27554
95,11050.822,5056.216
95,10612.899,6836.0596
95,13044.555,11444.913
95,2096.9934,17420.908
95,6794.8013,18432.992
95,15312.759,3420.5872
95,12979.859,14345.891
95,6672.795,9808.617
95,14537.36,16683.7
95,12161.95,15981.163
95,1116.085,5711.849
95,15541.298,14408.104
95,13062.529,18191.71
95,9313.896,3854.9905
95,6481.003,2015.7173
95,9269.554,10073.954
95,12172.215,12057.771
95,12190.564,14913.056
95,9764.834,5923.0903
95,19719.8,18068.268
95,11230.66,19360.705
95,13610.044,48.9496
95,4960.0747,17908.654
95,7369.2163,7740.166
95,6375.37,6386.016
95,2848.0076,13256.453
95,2463.9229,3160.6934
95,12209.2705,14904.229
95,10866.63,5070.3696
95,138.77083,9045.451
95,14260.519,17494.06
95,7892.9233,7232.5474
95,14796.758,19688.469
95,13213.226,13348.986
95,15883.74,14282.44
95,4554.744,18905.273
95,5.4356527,2655.187
95,11223.948,9121.902
95,18934.125,15044.493
95,18766.021,9546.426
95,6377.7905,627.41296
95,15918.425,1970.2366
95,14936.052,7807.5874
95,4637.795,17509.186
95,11271.506,16176.746
95,18634.059,2588.8604
95,18103.305,14232.538
95,1257.3895,16958.426
95,19896.512,2341.664
95,16322.7295,121.76616
95,11506.2,2080.3083
95,12714.04,14641.482
95,1212.4478,3236.0688
95,13943.242,676.4465
95,4301.411,2129.4026
95,10278.945,418.60773
95,11242.233,8899.173
95,1602.2617,18063.832
95,385.79385,18701.172
95,12272.0625,18004.346
95,4270.782,5689.3726
95,4874.967,3854.6333
95,18352.146,19575.068
95,8447.793,327.16046
95,3072.618,5200.5537
95,9811.4375,10358.237
95,11796.125,11519.32
95,16661.605,18150.72
95,5283.168,15344.884
95,10937.635,15204.392
95,2102.6904,19270.912
95,17341.008,775.4848
95,18015.074,5551.161
95,17350.564,18415.63
95,16722.848,5770.1484
95,10944.021,668.952
95,6905.801,16386.465
95,7419.122,2036.251
95,19386.533,9958.989
95,2419.6992,17401.69
95,13516.216,12427.49
95,5337.6694,17461.402
95,16754.658,13560.585
95,8015.29,16768.066
95,10114.462,12786.898
95,17025.828,17867.959
95,5938.682,10968.074
95,15573.606,45.85532
95,8940.712,16728.725
95,4358.916,15020.72
95,13218.855,10160.651
95,1346.4609,8540.291
95,11902.537,15026.03
95,10743.456,16170.292
95,18002.533,3757.744
95,19860.463,15216.62
95,1706.1439,6460.4507
95,13118.95,17037.574
95,154.84592,6595.283
95,2096.1206,1945.9825
95,14971.466,13258.191
95,17150.502,10008.327
95,7374.813,2701.8828
95,10267.016,10224.347
95,19915.062,9363.261
95,8248.64,13542.617
95,15224.778,2722.5457
95,18690.227,12579.588
95,5309.601,14346.067
95,430.71643,3819.9568
95,14630.073,16443.49
96,10000.0,10000.0
96,10287.382,10907.34
96,1868.857,12714.909
96,12108.46,3490.2527
96,11906.555,5568.597
96,434.92728,5418.257
96,19155.174,3177.0405
96,5619.3096,13223.453
96,18018.998,16861.928
96,5415.2827,12169.788
96,10848.06,877.63446
96,17508.238,6193.3257
96,19071.09,6880.517
96,5925.217,4099.084
96,4634.619,17186.838
96,13833.839,1449.5267
96,13254.778,4951.7363
96,14064.383,3020.677
96,10778.504,15867.844
96,9860.241,14239.225
96,3607.574,2939.609
96,19885.305,5080.2817
96,11385.023,13764.008
96,8523.542,10625.702
96,10638.789,4500.4595
96,15677.876,5804.308
96,11599.6,16893.273
96,10765.646,12739.937
96,19307.58,11840.723
96,17647.14,10031.2295
96,7348.75,376.25873
96,17677.133,9066.495
96,12568.963,9700.597
96,16074.022,9166.269
96,2527.6387,12960.426
96,8821.359,9701.897
96,1537.6144,16674.357
96,9012.989,1812.5347
96,10460.982,12245.797
96,19548.637,13980.433
96,17445.688,10692.388
96,5209.359,7592.536
96,7862.376,4565.4395
96,5173.6836,16486.914
96,6142.3306,1734.5913
96,15728.718,16687.098
96,17797.53,4227.265
96,7057.547,782.5798
96,16393.928,15005.333
96,7821.54,4633.3936
96,10207.566,12900.604
96,9580.406,14094.12
96,8443.273,16100.068
96,4413.013,3837.3892
96,11546.548,16747.646
96,12253.669,877.7746
96,17337.184,18914.6
96,17848.457,5595.3657
96,22.707209,16995.105
96,7151.096,4317.0645
96,5858.082,17263.074
96,16416.006,1988.7975
96,18751.822,8369.874
96,6792.325,1467.8787
96,14546.417,5993.485
96,1337.4255,19970.76
96,18762.105,17047.828
96,12585.244,19269.945
96,14058.469,15944.804
96,723.03705,9160.016
96,15499.848,2214.2368
96,1075.9868,12257.198
96,18933.676,11779.353
96,8046.257,7682.7886
96,8497.99,4975.972
96,2892.4204,4261.379
96,12990.279,17684.14
96,19128.643,6954.279
96,8086.5903,3850.734
96,3617.059,2985.1016
96,14745.628,12811.879
96,5470.9414,19935.674
96,11001.933,8025.8594
96,12805.498,11764.156
96,12035.169,4531.0312
96,4049.9668,7605.373
96,19157.018,7875.005
96,8399.29,4421.996
96,9145.597,19808.703
96,10214.124,5230.514
96,222.24712,16093.385
96,3766.7478,4446.072
96,5497.5513,12849.103
96,13111.012,19617.049
96,7445.874,147.3015
96,3148.362,15574.622
96,7686.216,12833.467
96,13016.557,5597.6416
96,18558.32,10234.063
96,2101.7993,9249.748
96,15503.928,8599.764
96,17375.322,2079.077
96,5186.075,3532.9958
96,14009.488,1576.2456
96,4248.206,2494.8362
96,14774.362,13736.743
96,4959.0786,8805.273
96,451.56973,1388.5232
96,9398.357,16723.705
96,5091.2275,5676.6
96,17066.197,3802.801
96,19454.33,10683.028
96,16659.695,15438.53
96,9515.15,3764.7405
96,13684.233,13666.516
96,4410.4966,19177.543
96,113.08429,1807.2444
96,6585.225,1212.218
96,12304.281,8550.857
96,7187.025,11329.214
96,10139.181,12766.619
96,18563.16,2382.1946
96,13598.495,18043.143
96,12951.042,10074.19
96,7617.5635,15431.223
96,1297.7451,11950.649
96,7685.1724,19062.488
96,18571.008,11228.476
96,2810.98,10837.2705
96,14350.829,12002.767
96,18037.875,1789.5908
96,8321.306,5097.091
96,13504.483,1607.1351
96,17092.053,7393.763
96,9261.76,6383.906
96,5414.7593,4628.542
96,5077.4067,9533.901
96,14182.897,13559.012
96,12272.974,13079.083
96,18239.098,19238.938
96,4533.49,17328.592
96,2798.5425,17033.383
96,2496.5732,5739.837
96,9401.84,11979.662
96,4554.618,6862.0513
96,18676.744,15748.692
96,5322.8164,8458.321
96,18168.043,3726.018
96,8552.531,11455.659
96,18595.553,1751.8743
96,10733.17,19907.21
96,16883.486,5412.638
96,9324.478,4213.583
96,17330.38,7225.3213
96,6477.381,6618.053
96,7955.858,9759.368
96,883.0952,619.5978
96,4646.3774,17337.42
96,1153.8458,9107.574
96,11851.269,2007.1881
96,18555.672,18387.752
96,4346.412,533.1671
96,18825.574,13085.14
96,389.28534,11652.677
96,18488.412,242.76843
96,18144.305,16076.56
96,9239.388,8793.725
96,10284.263,15303.645
96,2849.0396,7541.6387
96,7980.368,19217.078
96,14117.0,1473.1167
96,14877.319,4446.047
96,10400.814,6973.7515
96,10119.6875,11616.781
96,5080.5137,8489.941
96,7319.965,381.99042
96,10660.884,5569.068
96,8840.58,6467.602
96,5555.5474,8901.88
96,11206.744,111.36238
96,17253.355,11000.253
96,17361.246,8365.036
96,9839.597,483.05698
96,3755.3936,9719.835
96,9180.631,17642.434
96,9093.22,12275.567
96,1644.1083,861.9593
96,2014.7758,955.98956
96,11137.355,16861.486
96,78.22723,19251.674
96,18767.656,3296.82
96,9974.205,2991.2537
96,7738.3535,17402.717
96,4325.2197,12014.753
96,16272.262,5081.0454
96,16269.057,18367.793
96,12670.209,5101.6406
96,13390.98,4556.8237
96,3266.0657,5718.217
96,8749.175,17778.951
96,13587.991,13879.372
96,8981.963,4816.028
96,4616.7876,19371.012
96,5848.492,1263.8782
96,5287.9263,10530.852
96,10931.459,11302.546
96,4759.702,11272.045
96,13498.232,12163.175
96,14208.009,1392.184
96,17773.752,5772.5176
96,17758.191,4980.421
96,16799.414,11670.42
96,3703.1772,13115.757
96,6428.541,10736.147
96,17786.703,12651.499
97,10000.0,10000.0
97,16609.28,7143.2085
97,8635.424,178.15837
97,15964.325,1406.1243
97,4391.5107,12826.047
97,11434.082,12877.898
97,15648.845,13703.936
97,1457.431,2174.8652
97,12564.843,10420.876
97,13915.301,5525.52
97,8955.015,15791.413
97,16232.242,11197.019
97,1941.4528,10125.371
97,10738.987,5864.5493
97,19602.672,5852.271
97,328.9052,14595.218
97,13829.864,15986.029
97,13052.096,16224.37
97,16197.661,9167.87
97,968.7244,9968.497
97,777.5867,9540.299
97,15659.323,14001.963
97,3100.121,15393.447
97,17201.771,14942.3955
97,9279.005,1205.3402
97,5340.069,11189.932
97,8022.143,18721.049
97,12413.137,1912.4144
97,8932.9795,7510.0176
97,2795.8215,8146.8955
97,9072.613,6386.775
97,11564.431,3969.676
97,2398.4517,16340.667
97,11509.517,9634.482
97,16336.854,18915.111
97,5123.9956,16716.393
97,14152.032,12400.901
97,1993.2267,7849.299
97,1720.4835,6809.5635
97,4062.965,16810.783
97,6107.028,4745.567
97,4573.303,2338.2341
97,10043.252,16273.128
97,2992.1035,3130.4976
97,12652.874,3952.8225
97,17058.658,6395.7246
97,15555.636,9164.231
97,7233.245,10310.086
97,14327.732,11412.112
97,17998.875,7124.6226
97,7061.038,18298.896
97,2805.0933,11074.158
97,15319.896,11686.071
97,17934.986,4200.9272
97,17208.998,576.47577
97,11804.921,12041.179
97,5385.423,16150.713
97,6149.1123,13659.416
97,2911.5793,2398.4736
97,12686.92,18642.361
97,2931.9915,19638.402
97,722.4702,19308.615
97,14672.947,11872.166
97,1782.8064,19724.99
97,3647.337,10134.933
97,10536.013,17490.941
97,9277.233,9317.491
97,16993.627,5331.8237
97,14815.71,15492.984
97,2578.5574,12020.989
97,6918.073,2243.3596
97,6128.289,10694.235
97,10034.13,18434.918
97,17607.717,12748.736
97,11351.403,2190.216
97,17109.574,15286.049
97,18831.406,4683.4604
97,1326.2709,13039.555
97,14390.345,530.5787
97,4077.2812,18789.598
97,19349.584,14952.85
97,10381.517,19216.496
97,4643.9946,9644.24
97,3082.2795,8989.054
97,7114.9995,15580.194
97,710.9776,16663.652
97,7426.6533,8231.089
97,12020.613,5475.6484
97,11729.215,9949.206
97,14798.934,17345.56
97,8671.452,15938.26
97,6656.7705,3359.8718
97,18395.105,1719.1447
97,19950.924,2501.2512
97,18994.697,10755.428
97,1826.536,1306.1747
97,3497.4028,15273.012
97,13583.881,9819.15
97,19193.121,19179.57
97,16911.264,8469.579
97,18099.096,16482.15
97,19687.121,4734.9443
97,7814.3535,623.5766
97,1558.3489,6960.4243
97,2878.5085,19573.691
97,2381.0957,4536.5977
97,511.86514,928.2485
97,4864.378,10964.004
97,3122.391,18053.652
97,8946.483,12155.833
97,8825.641,2139.9912
97,9347.815,6178.5054
97,12637.195,10116.859
97,19922.096,6620.615
97,3889.6897,1247.9581
97,17752.414,13721.344
97,7882.7734,2021.117
97,9365.124,11153.759
97,8385.85,19302.068
97,10635.094,15567.95
97,4202.5776,14211.711
97,8310.968,5303.493
97,2138.7925,604.58716
97,14365.971,4738.6177
97,17443.346,18479.812
97,7236.5977,1688.3541
97,15789.45,17429.607
97,15486.024,10554.114
97,9431.018,11944.286
97,19600.82,11828.81
97,13466.911,1065.5944
97,1789.7504,15069.947
97,4001.6333,19407.309
97,13507.921,322.88098
97,2989.1724,7191.913
97,19388.586,7585.251
97,6266.148,11351.706
97,8081.5186,5419.084
97,4104.0894,5510.6426
97,10583.548,2136.9626
97,8512.901,5124.0864
97,7010.3843,6254.9194
97,10644.553,1141.4304
97,7446.469,18316.467
97,9708.941,9802.603
97,17881.547,4827.575
97,3837.501,7504.742
97,7799.6504,16433.072
97,19392.242,3252.931
97,1114.473,7946.7505
97,14191.483,14323.91
97,2668.0808,4070.3486
97,2912.635,14675.769
97,17076.277,19323.73
97,16107.73,9478.767
97,4254.4683,19948.467
97,5016.777,18956.11
97,7923.326,63.211338
97,18636.166,14851.617
97,18289.477,10924.024
97,15611.715,14356.158
97,6574.03,19584.895
97,967.09216,8988.224
97,10572.421,4352.168
97,11333.959,1261.1594
97,1796.5024,7734.618
97,17612.83,6755.0054
97,1660.131,14843.273
97,13123.951,9930.2
97,12705.2,15887.32
97,13695.26,5745.6523
97,10550.059,12784.931
97,12408.805,3423.0693
97,16003.083,14551.193
97,15661.087,14781.866
97,16498.219,6958.5576
97,9438.762,8875.721
97,12903.782,10284.889
97,13283.196,7681.8706
97,4690.278,7269.843
97,15461.185,15767.748
97,14180.27,1745.9119
97,12801.693,11823.349
97,1315.8422,15698.831
97,11211.717,18939.555
97,12044.16,19033.676
97,19142.014,14585.123
97,1380.1023,1111.8612
97,5065.838,3260.8728
97,2908.9475,2524.553
97,16656.69,19229.115
97,14476.031,17785.963
97,17288.918,8876.759
97,17203.03,11311.112
97,1726.0878,11963.283
97,9751.13,1884.663
98,10000.0,10000.0
98,13436.514,13269.211
98,6792.706,8809.441
98,5542.6777,14184.393
98,1021.7991,5728.0723
98,18531.86,14793.373
98,6933.5034,14187.669
98,14198.498,3446.8362
98,17083.852,584.52423
98,13374.1875,2796.9888
98,16052.191,4568.615
98,5618.4946,16396.19
98,12305.495,18661.766
98,6596.6484,12874.528
98,14868.27,12602.364
98,6381.3564,8207.031
98,9768.579,1787.7831
98,17907.682,16591.64
98,1322.9786,15993.519
98,4747.1733,14765.026
98,15082.154,18341.525
98,11171.816,3479.5327
98,2924.835,1919.7106
98,17664.094,6510.0986
98,12092.558,1575.2904
98,17260.76,17621.072
98,2450.8079,16079.303
98,14423.414,13290.142
98,4700.0796,16488.451
98,8820.325,11849.458
98,3546.6377,3668.0857
98,15089.963,10319.909
98,8560.071,2774.1367
98,16799.719,12755.631
98,16147.24,16430.898
98,2618.844,12740.777
98,9071.604,2106.068
98,19301.285,9195.597
98,10027.471,9698.526
98,911.44714,1519.6613
98,102.26064,1809.4017
98,4763.1196,11156.923
98,17444.754,1788.6777
98,13997.096,18024.031
98,6797.9463,8239.387
98,16241.868,6578.465
98,8570.226,5100.1284
98,15542.945,838.1069
98,8542.3955,8056.697
98,11691.833,8202.426
98,11278.713,5525.524
98,9836.85,7014.9043
98,18702.074,12569.343
98,12796.166,3790.6829
98,16579.055,14779.974
98,19456.28,1983.7968
98,3708.5042,4715.491
98,16764.55,7822.225
98,4843.212,14848.864
98,6661.4146,19484.625
98,7773.8203,14411.17
98,2500.8167,4057.987
98,5275.033,1384.6205
98,14276.435,1103.0983
98,6991.26,15544.3125
98,3553.9883,12888.079
98,7370.6943,830.8594
98,2237.9983,5983.459
98,19571.186,12013.355
98,15118.784,7599.501
98,11944.096,17742.596
98,10235.584,6943.0503
98,8290.659,17930.082
98,11101.246,848.3588
98,3211.245,11862.663
98,913.5677,7195.1836
98,14430.122,10702.24
98,11151.4,10650.6455
98,17319.842,2474.7825
98,4656.522,15647.864
98,15147.081,6971.4985
98,13391.371,10130.869
98,12679.232,13917.545
98,15844.887,9004.145
98,6878.3994,7657.615
98,3220.2039,4314.6406
98,12911.833,4717.4614
98,1683.3359,6270.739
98,18972.96,7157.9263
98,12747.309,5054.459
98,431.50537,15555.178
98,15038.478,19784.193
98,17836.64,11298.589
98,12306.546,4185.799
98,14508.334,19289.2
98,17703.965,10182.543
98,9814.902,3845.956
98,5846.158,1872.574
98,2496.9475,13606.511
98,4755.656,8742.14
98,14229.577,4525.8066
98,6577.57,16568.26
98,10717.154,1283.5259
98,13220.217,867.36456
98,14419.462,9595.664
98,5645.422,1767.4191
98,14628.383,5712.6724
98,5528.627,17158.389
98,9560.634,4504.2593
98,493.5732,3496.254
98,18564.252,17360.121
98,12434.064,18428.672
98,15137.742,17578.455
98,3812.507,13982.411
98,10939.607,14692.661
98,19078.057,14667.586
98,19649.123,12845.675
98,17262.826,14185.643
98,3284.4194,7551.2676
98,8215.837,17626.607
98,15790.929,8603.897
98,9477.86,6609.5156
98,10529.476,3334.7869
98,19192.812,19962.371
98,1682.4814,11359.072
98,4702.1504,17859.656
98,11697.379,2848.1914
98,8616.587,131.83566
98,18672.055,12175.315
98,13707.304,13075.023
98,1597.6915,11845.117
98,17998.297,6932.1353
98,939.42096,10763.31
98,9629.72,9982.696
98,6909.2354,14589.139
98,5429.9487,12703.811
98,7792.9395,14242.324
98,74.85485,3724.908
98,18535.326,14475.602
98,15932.072,16840.207
98,19862.975,1544.0582
98,6733.57,11380.306
98,12001.812,4532.6597
98,3774.339,13644.379
98,11465.988,10277.277
98,8566.822,16740.71
98,3341.0547,15186.778
98,15513.259,584.4269
98,12796.346,7765.8945
98,19807.752,5594.882
98,14809.002,11598.15
98,1719.6686,921.6076
98,4597.8643,13694.724
98,18222.477,14464.309
98,11465.461,19392.695
98,2175.0068,17462.2
98,6966.3027,8678.149
98,8953.567,13495.383
98,10997.222,19048.227
98,5340.691,5963.4194
98,8296.667,17644.82
98,15781.196,10804.168
98,14670.822,15515.09
98,6864.0713,7854.5693
98,8141.7744,11216.487
98,10796.014,7536.23
98,15409.75,17207.922
98,5828.307,7234.6294
98,809.2872,5587.7183
98,9280.518,15310.857
98,17702.672,1508.2721
98,15073.275,1424.2914
98,2991.2827,8412.9375
98,18791.648,7210.574
98,17725.736,15340.045
98,18414.941,7274.0864
98,6644.26,5206.6333
98,17297.03,88.96601
98,455.0867,6077.935
98,939.17163,37.98541
98,12229.247,8028.501
98,10650.027,3463.1008
98,19815.3,4588.9165
98,18031.393,1929.7759
98,383.80927,10366.164
98,13491.275,6708.708
98,6974.6426,2432.3994
98,17416.842,1449.8745
98,14782.096,5375.612
98,355.4385,16825.928
98,718.8831,11618.821
98,14056.7,4423.938
98,15230.322,10532.636
98,8004.0083,9073.464
98,11617.194,13335.712
98,6776.9263,8377.399
99,10000.0,10000.0
99,16708.049,10257.6455
99,3063.13,11138.45
99,8060.1143,8749.747
99,2505.8894,7210.7554
99,8188.03,8189.2656
99,10540.175,18986.617
99,12598.6875,2875.5752
99,9787.813,17261.36
99,19566.477,11885.056
99,11976.135,2402.4224
99,11859.806,9314.039
99,8680.577,17740.506
99,17358.855,7390.0527
99,2130.4243,11281.872
99,6768.806,4526.529
99,2011.8696,9395.294
99,1803.5668,18450.404
99,6487.869,4492.5464
99,16228.824,3432.0151
99,12722.321,11688.094
99,2438.0012,18428.193
99,9683.009,14357.355
99,9960.392,17405.713
99,14802.095,6991.4214
99,3310.2634,15359.479
99,11499.853,12179.175
99,9335.071,18976.307
99,5556.3936,263.84412
99,16303.202,6936.061
99,13076.338,6713.3286
99,9749.942,5112.0146
99,7250.9297,12655.14
99,1372.0352,13587.633
99,7157.385,19408.713
99,3361.9817,326.5907
99,13398.525,11368.719
99,17435.082,8884.503
99,67.51277,14884.815
99,4833.895,19302.523
99,17476.389,6206.1636
99,6982.304,9121.531
99,5423.9443,97.88619
99,9851.705,19613.281
99,2760.7612,16246.007
99,4273.7505,7798.478
99,16796.42,13776.446
99,6860.593,17519.135
99,10905.046,14289.602
99,11437.301,10940.359
99,3037.6396,1056.1515
99,3877.1409,4293.965
99,3117.907,13760.376
99,12032.69,874.9406
99,969.7047,18938.062
99,4522.8984,18857.654
99,13399.884,18008.91
99,2500.328,7151.1147
99,6971.19,16325.038
99,19457.115,19052.422
99,19832.059,18953.756
99,6601.0493,19074.865
99,11577.799,6525.681
99,13149.894,14025.572
99,1945.2422,13151.525
99,16953.553,4309.245
99,17986.654,5221.29
99,15425.419,1374.8196
99,18973.432,15757.88
99,19421.055,6020.438
99,12031.351,10326.14
99,4162.24,9944.076
99,11436.781,17748.629
99,9226.945,15198.965
99,7879.8584,8262.575
99,2402.1042,18395.133
99,12641.035,7801.5874
99,16300.866,7283.7085
99,9110.268,2246.5476
99,6534.443,55.857853
99,16019.799,18447.166
99,19354.213,19082.115
99,16021.229,18408.197
99,884.24646,17435.617
99,12920.699,10775.938
99,11787.546,16985.184
99,4780.989,18339.344
99,8709.494,7031.591
99,2192.2158,10090.644
99,14776.674,7174.779
99,9304.877,10436.686
99,8961.008,5363.615
99,4862.569,18126.885
99,13267.904,4059.938
99,748.8906,5091.4346
99,18597.998,4478.561
99,15863.189,7274.0693
99,10348.299,810.59045
99,14148.73,1686.2567
99,18940.46,14493.97
99,11453.919,13742.765
99,6190.182,16413.742
99,8599.037,12155.453
99,7206.016,19117.164
99,8090.0757,13305.142
99,1969.2634,15998.489
99,10625.541,83.05643
99,14923.427,10824.387
99,16401.273,5099.1216
99,11738.849,8591.207
99,15496.441,13391.674
99,8966.765,5005.441
99,16161.196,3198.7974
99,2544.2769,7901.6396
99,19139.635,7916.972
99,19013.162,868.841
99,16351.644,680.1554
99,16683.031,2029.4778
99,5691.3433,11053.377
99,8121.7344,3526.0527
99,10952.485,215.28671
99,7039.755,17983.68
99,6528.8467,18278.264
99,5052.7124,4419.7236
99,7363.473,13789.667
99,12894.401,6002.6016
99,11000.692,17579.91
99,18836.55,13717.08
99,11429.261,12587.357
99,10949.069,6435.4287
99,14836.369,10225.3125
99,19887.193,14848.252
99,8881.617,4915.419
99,6375.106,7401.836
99,10865.746,16743.32
99,8890.533,19060.39
99,5176.451,18673.084
99,6691.26,12577.511
99,18823.604,1435.0714
99,17064.441,8783.064
99,14307.773,11665.676
99,7601.7114,18543.047
99,13794.0205,13147.857
99,14562.812,18771.623
99,11125.064,18779.916
99,19928.082,19683.168
99,15837.617,5770.8203
99,13180.336,10238.022
99,15560.191,10559.296
99,13260.431,4224.003
99,16423.562,15034.824
99,14350.85,18490.842
99,12331.516,11232.098
99,3083.8423,12948.3955
99,10346.478,5966.8477
99,10734.015,13506.557
99,1728.531,8113.0034
99,5866.884,18791.65
99,10528.249,2817.4136
99,18181.24,18741.21
99,14028.643,15970.628
99,11636.846,476.21518
99,6753.884,446.6077
99,11059.386,11960.574
99,712.8671,6169.7363
99,4899.301,7656.284
99,14938.314,2828.3716
99,17947.426,8326.528
99,7837.769,15918.973
99,13741.775,16356.3125
99,1514.7374,1378.2256
99,2620.9597,1766.8528
99,19210.355,433.35294
99,8972.646,1861.9343
99,5007.869,13711.305
99,5276.6104,16219.901
99,2324.3865,8466.981
99,13339.255,6816.6006
99,1881.5858,16548.486
99,7083.6523,13880.396
99,15889.214,18312.412
99,6081.7007,13643.524
99,2488.1147,4082.003
99,1644.8805,9165.2295
99,18579.828,1473.6066
99,6937.0474,7351.4863
99,16228.847,16287.808
99,6929.143,8344.381
99,11367.852,1109.7101
99,18767.357,19540.09
99,11213.789,10371.984
99,6842.311,8208.8955
99,18948.139,19222.668
99,13182.173,12976.059
