replica,ready_times
0,32400
0,32495
0,32788
0,32084
0,32160
0,33325
0,33339
0,33567
0,33639
0,33902
0,34056
0,34278
0,33412
0,34355
0,33656
0,34771
0,34984
0,34138
0,35164
0,34602
0,34662
0,35837
0,35886
0,35118
0,35174
0,36161
0,35266
0,36199
0,36336
0,35448
0,36474
0,36942
0,36155
0,36380
0,36477
0,37394
0,37413
0,37562
0,38148
0,38326
0,38457
0,38666
0,38716
0,37947
0,38869
0,38125
0,38271
0,39202
0,38421
0,39410
0,39542
0,39648
0,39696
0,39839
0,39934
0,40178
0,40265
0,39476
0,40720
0,40733
0,39957
0,40032
0,40963
0,40070
0,41039
0,40243
0,40506
0,40526
0,41899
0,41939
0,42059
0,42110
0,42239
0,41807
0,41871
0,41899
0,41999
0,43031
0,43198
0,42316
0,43224
0,43247
0,43550
0,42878
0,43796
0,43890
0,43978
0,44059
0,44105
0,43270
0,43537
0,44515
0,44658
0,44713
0,44727
0,43852
0,43920
0,45197
0,45203
0,45282
0,45295
0,45318
0,44576
0,45545
0,45658
0,44810
0,45866
0,45183
0,46134
0,46223
0,46466
0,45573
0,46624
0,46670
0,46701
0,46820
0,46978
0,47001
0,47115
0,46243
0,46440
0,47581
0,47829
0,47924
0,47964
0,48081
0,48089
0,48301
0,47437
0,48472
0,48653
0,48714
0,47836
0,48827
0,47977
0,48110
0,48210
0,49347
0,49379
0,49411
0,49441
0,48631
0,49819
0,50177
0,50188
0,49307
0,50347
0,50365
0,50973
0,51069
0,50278
0,51204
0,51246
0,51323
0,51600
0,51784
0,51157
0,52167
0,51286
0,52303
0,51625
0,51650
0,52551
0,51757
0,52781
0,52821
0,52829
0,51952
0,52030
0,53014
0,52190
0,52378
0,53354
0,52624
0,52760
0,53671
0,53723
0,52973
0,53017
0,53199
0,53387
0,54408
0,53882
0,53908
0,54051
0,54202
0,54318
0,54780
0,55242
1,32400
1,31610
1,31817
1,31887
1,32789
1,32231
1,33189
1,33195
1,33232
1,33271
1,32457
1,33385
1,33413
1,32549
1,33532
1,33610
1,33762
1,33841
1,32947
1,32985
1,33900
1,33128
1,34038
1,33156
1,34197
1,33307
1,33601
1,34925
1,34951
1,34951
1,35171
1,34504
1,34612
1,34666
1,35620
1,35670
1,35711
1,35738
1,34892
1,35916
1,35998
1,35456
1,36439
1,36463
1,35703
1,36608
1,35825
1,35910
1,36840
1,37292
1,37379
1,37536
1,36666
1,37613
1,36716
1,36861
1,37762
1,36910
1,37255
1,38253
1,38765
1,38856
1,38940
1,38941
1,39228
1,39263
1,39643
1,39659
1,39723
1,38897
1,40174
1,40190
1,40213
1,39391
1,40379
1,40799
1,39946
1,41347
1,41647
1,40792
1,41992
1,42039
1,42111
1,41269
1,42290
1,41533
1,42438
1,42479
1,41685
1,41935
1,42137
1,42159
1,43096
1,43389
1,42522
1,42564
1,43597
1,43712
1,43829
1,43944
1,44150
1,44155
1,44186
1,43529
1,43609
1,43842
1,43913
1,44210
1,44301
1,45212
1,45225
1,45429
1,44582
1,45570
1,45999
1,45150
1,45169
1,46137
1,46153
1,45742
1,46650
1,46656
1,46841
1,46850
1,46998
1,47023
1,47140
1,46389
1,47340
1,47390
1,47435
1,46934
1,47121
1,47378
1,48459
1,48536
1,48669
1,48694
1,47821
1,47887
1,49093
1,49353
1,49618
1,49910
1,49024
1,50043
1,50139
1,50250
1,50275
1,50459
1,50490
1,49625
1,50672
1,49865
1,49890
1,50008
1,51000
1,51078
1,50429
1,51390
1,50493
1,51718
1,51000
1,52186
1,51302
1,51588
1,51634
1,51837
1,53233
1,53463
1,52754
1,53674
1,52784
1,53701
1,53828
1,53934
1,53097
1,54009
1,54086
1,53277
1,53520
1,53616
1,54662
1,53852
1,54764
1,55057
1,55199
1,54369
1,54764
2,32400
2,32621
2,32766
2,32767
2,32824
2,32978
2,32137
2,32165
2,33089
2,32207
2,33115
2,33253
2,32428
2,32601
2,33523
2,33582
2,33586
2,33149
2,34069
2,33297
2,34289
2,34397
2,34398
2,34601
2,33712
2,33800
2,34014
2,34931
2,34126
2,35145
2,34448
2,35361
2,34468
2,35442
2,35451
2,35518
2,34656
2,35573
2,34687
2,34908
2,35852
2,35918
2,35939
2,35165
2,36071
2,36113
2,35334
2,36319
2,35576
2,36509
2,35788
2,36750
2,36824
2,37050
2,36253
2,36390
2,37307
2,36563
2,36598
2,36835
2,37883
2,37885
2,36994
2,37921
2,38029
2,37142
2,38077
2,38098
2,38157
2,38186
2,37648
2,38760
2,38816
2,38078
2,39012
2,38140
2,38180
2,39127
2,38237
2,39177
2,38284
2,38294
2,39380
2,38537
2,39690
2,38888
2,39853
2,39123
2,40099
2,40252
2,40265
2,39415
2,40368
2,39474
2,39489
2,40451
2,40544
2,40628
2,40631
2,40821
2,40079
2,40127
2,41069
2,40217
2,41136
2,41243
2,40391
2,40394
2,40411
2,41350
2,40860
2,41778
2,41136
2,41139
2,41159
2,42067
2,42146
2,42231
2,41341
2,41544
2,42513
2,42779
2,42793
2,41916
2,42016
2,43045
2,42170
2,42254
2,43198
2,42303
2,42906
2,44163
2,44275
2,44407
2,44427
2,44448
2,43795
2,44155
2,44317
2,44417
2,45322
2,44667
2,45816
2,45991
2,45096
2,46064
2,46078
2,46131
2,46209
2,46301
2,46356
2,45542
2,46551
2,46954
2,46233
2,46320
2,46565
2,46882
2,47805
2,47848
2,47939
2,47206
2,48112
2,47288
2,47297
2,48295
2,48431
2,48445
2,48459
2,48541
2,47652
2,48577
2,48826
2,48145
2,49123
2,48297
2,49218
2,49223
2,49572
2,49745
2,49819
2,49903
2,50052
2,50329
2,50358
2,50406
2,50536
2,50801
2,50830
2,50877
2,50888
2,50990
2,51298
2,51369
2,50599
2,51556
2,51631
2,51944
2,52106
2,52305
2,52306
2,51556
2,51733
2,51765
2,51980
2,53195
2,53381
2,53397
2,52669
2,53352
2,54283
2,54397
2,54550
2,54686
2,54713
2,55031
2,55151
2,54259
2,54723
2,54874
3,32400
3,32830
3,31954
3,33100
3,32396
3,33396
3,33458
3,33496
3,33538
3,33735
3,33829
3,33939
3,34216
3,34242
3,34426
3,34587
3,34753
3,33864
3,34964
3,34164
3,34198
3,35113
3,35512
3,35545
3,35578
3,34707
3,34868
3,34871
3,35807
3,34919
3,36092
3,35231
3,36336
3,36398
3,36630
3,35738
3,36699
3,35817
3,36748
3,36831
3,36260
3,37243
3,37461
3,37633
3,36744
3,37726
3,36877
3,37953
3,37983
3,38242
3,38261
3,37469
3,38693
3,37940
3,38846
3,38998
3,38378
3,38393
3,39498
3,39545
3,39558
3,39572
3,39648
3,39727
3,38880
3,38945
3,39848
3,39329
3,39443
3,40445
3,39810
3,40841
3,40039
3,40970
3,40972
3,40181
3,41126
3,41148
3,40437
3,41450
3,41450
3,41570
3,41721
3,41768
3,40909
3,41854
3,40983
3,41016
3,41923
3,42159
3,41393
3,41488
3,42480
3,43095
3,43275
3,42397
3,43342
3,42764
3,43783
3,43976
3,44010
3,44101
3,44312
3,44321
3,44399
3,44861
3,44900
3,44092
3,45086
3,44218
3,45397
3,45642
3,45688
3,45054
3,46020
3,45322
3,45411
3,46500
3,46553
3,46565
3,46694
3,45899
3,46892
3,47081
3,46214
3,47151
3,47312
3,46483
3,47516
3,47652
3,47672
3,46834
3,47739
3,48076
3,47246
3,48160
3,47310
3,47330
3,48263
3,47379
3,47572
3,47578
3,48519
3,48596
3,47907
3,48891
3,48919
3,49006
3,49169
3,49481
3,49511
3,48720
3,49704
3,49738
3,50018
3,50178
3,49455
3,50369
3,49525
3,50478
3,50498
3,50837
3,50840
3,50060
3,51046
3,51318
3,50431
3,50513
3,50713
3,51688
3,50856
3,51844
3,51134
3,52101
3,52122
3,51390
3,52343
3,52343
3,52358
3,52494
3,51941
3,52005
3,52015
3,52957
3,52089
3,53144
3,53231
3,53279
3,53412
3,53456
3,53522
3,53678
3,52826
3,53772
3,52924
3,52963
3,53221
3,53242
3,53283
3,54217
3,54229
3,53431
3,53468
3,53616
3,54646
3,54791
3,54222
3,54510
3,54578
3,54873
3,55128
4,32400
4,31621
4,31672
4,32157
4,33489
4,33185
4,34183
4,34216
4,33413
4,34314
4,34342
4,33803
4,34104
4,35115
4,34822
4,34898
4,36051
4,36091
4,36118
4,36133
4,36286
4,35416
4,35780
4,36795
4,36949
4,36955
4,37034
4,37127
4,37193
4,36434
4,36493
4,37713
4,36901
4,37814
4,38271
4,38370
4,38439
4,37574
4,38727
4,37959
4,38962
4,38510
4,39458
4,39504
4,39568
4,38695
4,38742
4,38744
4,39670
4,39678
4,39911
4,39077
4,40137
4,40269
4,39436
4,39601
4,40635
4,39735
4,40679
4,40714
4,40768
4,39978
4,40335
4,40521
4,41615
4,40803
4,40952
4,41973
4,42095
4,41278
4,41396
4,42364
4,42416
4,42485
4,42779
4,43192
4,43205
4,43231
4,42408
4,43353
4,42624
4,43599
4,43599
4,43797
4,43876
4,43898
4,44144
4,43256
4,44161
4,44267
4,44487
4,43679
4,44794
4,44805
4,44971
4,45057
4,45176
4,45259
4,44433
4,44459
4,45494
4,45501
4,45527
4,45539
4,45745
4,44882
4,45104
4,45385
4,45411
4,46416
4,46498
4,46603
4,45706
4,46668
4,45816
4,46730
4,46783
4,46939
4,47064
4,46191
4,47470
4,47625
4,46748
4,47800
4,47144
4,48075
4,47175
4,47527
4,47677
4,48649
4,48687
4,48036
4,49059
4,48207
4,49235
4,49246
4,49512
4,48710
4,48725
4,49660
4,48771
4,49727
4,48885
4,50174
4,49281
4,50185
4,49370
4,49475
4,49998
4,50900
4,51008
4,51043
4,51061
4,50433
4,51346
4,51467
4,51680
4,51933
4,51972
4,51349
4,52354
4,52386
4,52890
4,52014
4,52966
4,53113
4,53435
4,52538
4,53461
4,52596
4,52780
4,52882
4,53813
4,53974
4,53108
4,53221
4,54350
4,53464
4,53807
4,54078
4,55011
4,55251
4,54709
4,54752
4,54848
5,32400
5,31827
5,31928
5,32054
5,32977
5,32993
5,33677
5,32876
5,33015
5,33027
5,34057
5,34069
5,33201
5,34234
5,34261
5,34287
5,33420
5,34395
5,34719
5,34826
5,33945
5,35138
5,35244
5,35315
5,35578
5,35160
5,35320
5,36252
5,35375
5,35521
5,36621
5,35805
5,36033
5,37266
5,37321
5,36717
5,37683
5,37859
5,37875
5,37351
5,38714
5,38069
5,38075
5,38995
5,39125
5,38315
5,38347
5,39278
5,39288
5,39307
5,39352
5,39448
5,39525
5,39034
5,39939
5,40190
5,40380
5,40466
5,40506
5,39790
5,39819
5,40799
5,39940
5,39959
5,39994
5,41143
5,41182
5,41250
5,41382
5,41437
5,41550
5,40751
5,40905
5,42176
5,41276
5,42259
5,41394
5,41399
5,41642
5,42544
5,41659
5,42562
5,42841
5,42031
5,43008
5,43110
5,43374
5,42497
5,43633
5,42738
5,42818
5,43722
5,43762
5,42872
5,42965
5,43037
5,44048
5,44059
5,44088
5,43268
5,44343
5,43589
5,43705
5,44631
5,43883
5,44816
5,44854
5,44119
5,45067
5,45231
5,44357
5,45404
5,45483
5,45603
5,45701
5,45758
5,44967
5,45953
5,45066
5,45999
5,46062
5,45173
5,45212
5,46122
5,46223
5,45380
5,45442
5,46403
5,45521
5,46456
5,46457
5,45663
5,46673
5,46687
5,46698
5,46744
5,47030
5,47176
5,47238
5,47317
5,48259
5,48378
5,48728
5,48755
5,48767
5,49296
5,49305
5,48519
5,48531
5,49842
5,50009
5,50437
5,49594
5,50581
5,49849
5,50781
5,50176
5,51101
5,51516
5,50757
5,51673
5,51770
5,51883
5,51997
5,52030
5,52057
5,51183
5,52087
5,51217
5,51252
5,52275
5,52302
5,52368
5,52494
5,52755
5,53136
5,53329
5,53537
5,53688
5,54011
5,53124
5,54313
5,54318
5,53608
5,54917
5,54017
5,54031
5,54073
5,54105
5,54223
5,54383
5,54703
5,55036
6,32400
6,31505
6,31512
6,32414
6,31693
6,32717
6,32887
6,32953
6,32979
6,32996
6,33431
6,33463
6,33481
6,32681
6,32683
6,32692
6,32693
6,33717
6,33975
6,33181
6,34226
6,34869
6,34098
6,35330
6,34463
6,34525
6,35927
6,35990
6,35359
6,36553
6,36605
6,36644
6,36919
6,36965
6,37073
6,37222
6,37392
6,37493
6,37975
6,37372
6,37653
6,38780
6,39055
6,38628
6,38985
6,40011
6,39288
6,40205
6,39311
6,40362
6,40380
6,40560
6,40734
6,39858
6,39988
6,40899
6,41180
6,40299
6,41225
6,41340
6,40923
6,40957
6,41210
6,42207
6,42254
6,42348
6,42367
6,41651
6,41751
6,41768
6,41774
6,42951
6,42176
6,42245
6,43154
6,42328
6,43266
6,42585
6,42903
6,43009
6,44004
6,44016
6,43676
6,44632
6,44733
6,44131
6,45405
6,45530
6,44826
6,45734
6,45868
6,45041
6,45312
6,46258
6,46456
6,46616
6,46799
6,45910
6,46862
6,46934
6,46110
6,46118
6,46257
6,46324
6,46642
6,47625
6,47746
6,46949
6,47920
6,47983
6,48106
6,47427
6,48414
6,47940
6,48862
6,48873
6,48873
6,49180
6,48379
6,48396
6,48446
6,48484
6,49389
6,49872
6,50126
6,50231
6,49727
6,50766
6,50817
6,50037
6,50985
6,51214
6,50373
6,51352
6,50519
6,50540
6,50754
6,51663
6,50862
6,52100
6,51628
6,51652
6,52727
6,52815
6,51916
6,52909
6,53185
6,52410
6,53597
6,52920
6,53900
6,54077
6,54732
6,54866
6,54872
6,54016
6,55208
6,55223
6,54328
6,54732
6,54833
6,54968
7,32400
7,31576
7,31577
7,32692
7,31797
7,31909
7,32888
7,32012
7,32913
7,32066
7,33160
7,33241
7,32684
7,32715
7,32757
7,33663
7,33809
7,33111
7,34243
7,33623
7,34582
7,33898
7,33929
7,35044
7,35045
7,34173
7,34219
7,35233
7,34365
7,34600
7,35577
7,34717
7,35320
7,36287
7,35449
7,35483
7,35577
7,35768
7,35797
7,36753
7,36811
7,36867
7,36993
7,37075
7,37218
7,37437
7,36637
7,37784
7,36997
7,37058
7,38182
7,37331
7,38336
7,38724
7,38751
7,38826
7,38031
7,38932
7,39067
7,39324
7,38523
7,39601
7,38726
7,39666
7,39979
7,40138
7,39268
7,40199
7,39413
7,39443
7,40377
7,40494
7,40525
7,40655
7,39776
7,39861
7,40834
7,40062
7,40064
7,41065
7,41214
7,40354
7,41455
7,41693
7,41702
7,41023
7,41958
7,42116
7,41246
7,41296
7,42222
7,42446
7,41592
7,41704
7,42674
7,42698
7,41849
7,42759
7,41935
7,41959
7,43176
7,43502
7,43523
7,43827
7,42946
7,43887
7,43899
7,43086
7,44047
7,44188
7,44384
7,43809
7,44728
7,43947
7,44096
7,45107
7,45265
7,45328
7,44447
7,44490
7,45391
7,44493
7,45438
7,45461
7,44641
7,45653
7,44797
7,45727
7,44898
7,45876
7,45920
7,45226
7,45258
7,46185
7,45341
7,46731
7,46867
7,45973
7,47164
7,47214
7,46400
7,46495
7,47556
7,47606
7,47744
7,46855
7,46951
7,48323
7,48325
7,47451
7,48373
7,47574
7,48573
7,48573
7,48582
7,48600
7,48656
7,48805
7,48817
7,48892
7,48893
7,48090
7,49033
7,49236
7,49267
7,49325
7,48505
7,49417
7,49432
7,49564
7,49855
7,49046
7,50042
7,50173
7,50256
7,50499
7,49737
7,50764
7,49873
7,49936
7,49960
7,50006
7,50071
7,51025
7,50320
7,51241
7,51366
7,50478
7,50608
7,50695
7,51626
7,51650
7,50778
7,51700
7,51253
7,52157
7,52198
7,52221
7,51462
7,52416
7,51718
7,52680
7,51784
7,52832
7,52918
7,52216
7,53190
7,53375
7,53379
7,52607
7,52696
7,53702
7,53017
7,54062
7,53186
7,53504
7,54492
7,53753
7,53980
7,54944
7,55019
7,54156
7,55199
7,54625
7,54794
7,54905
7,54979
8,32400
8,32494
8,32552
8,32579
8,31735
8,32700
8,32853
8,33250
8,33280
8,32383
8,32423
8,33325
8,32452
8,33361
8,33376
8,33383
8,33618
8,33641
8,32989
8,33941
8,33153
8,34482
8,34495
8,33746
8,33756
8,34709
8,35490
8,35581
8,35615
8,35631
8,35656
8,34866
8,35816
8,35829
8,35964
8,35073
8,35076
8,35172
8,36080
8,36081
8,35284
8,36335
8,35616
8,36904
8,36909
8,36128
8,37076
8,36212
8,37312
8,37376
8,36590
8,36610
8,36886
8,36903
8,38023
8,38041
8,37154
8,37209
8,38265
8,37397
8,38510
8,37610
8,38759
8,38765
8,38952
8,38066
8,38091
8,39015
8,39230
8,38599
8,39653
8,38958
8,40212
8,39403
8,39640
8,40561
8,39866
8,40907
8,40067
8,40546
8,40614
8,41531
8,40851
8,41800
8,40906
8,41817
8,41852
8,41937
8,41161
8,42129
8,42304
8,42476
8,42490
8,42499
8,41613
8,42551
8,41782
8,42963
8,42231
8,42431
8,43408
8,42961
8,43865
8,44006
8,44427
8,43808
8,45277
8,45355
8,45510
8,44618
8,45830
8,46133
8,45507
8,46434
8,46441
8,46834
8,45939
8,47039
8,46271
8,47186
8,46369
8,47359
8,47553
8,46698
8,46872
8,47806
8,47914
8,48154
8,47398
8,48391
8,47621
8,48530
8,48554
8,48574
8,48821
8,48833
8,48099
8,49014
8,48147
8,48710
8,48871
8,49192
8,50228
8,50330
8,50510
8,50623
8,50686
8,50756
8,49995
8,51018
8,51077
8,51280
8,51410
8,50592
8,51510
8,51528
8,50653
8,50773
8,50845
8,51842
8,52032
8,51412
8,52423
8,52484
8,51827
8,52793
8,52831
8,52912
8,53023
8,52264
8,53412
8,52712
8,53647
8,52816
8,53249
8,54217
8,53364
8,53813
8,54930
8,54435
8,54502
8,54937
8,54944
8,55200
9,32400
9,32447
9,32800
9,32903
9,33011
9,33024
9,32166
9,33241
9,33250
9,33415
9,33453
9,33544
9,33587
9,33640
9,32833
9,33764
9,33048
9,34210
9,34465
9,34843
9,34874
9,34997
9,34138
9,34314
9,34405
9,35393
9,34494
9,35789
9,35036
9,36048
9,35179
9,36221
9,35350
9,36290
9,36451
9,36460
9,35910
9,35969
9,36895
9,36923
9,36135
9,37052
9,37136
9,37204
9,37247
9,37514
9,37612
9,37746
9,37764
9,36894
9,37810
9,38067
9,38199
9,38257
9,38364
9,38379
9,37619
9,38542
9,38632
9,38634
9,37931
9,38833
9,39073
9,39351
9,39533
9,39534
9,39624
9,39750
9,39969
9,40039
9,40068
9,40081
9,40097
9,40135
9,39287
9,40276
9,39513
9,40422
9,40527
9,40545
9,39656
9,40712
9,39902
9,40818
9,40935
9,40150
9,41108
9,41130
9,41131
9,40250
9,40565
9,40588
9,41684
9,41738
9,40936
9,41969
9,41159
9,42178
9,42502
9,41709
9,42857
9,42053
9,42204
9,42274
9,42430
9,42450
9,42462
9,43418
9,42622
9,42828
9,42851
9,43953
9,43466
9,44384
9,44463
9,44654
9,44731
9,43838
9,44825
9,44931
9,45094
9,45169
9,45217
9,45338
9,44632
9,44668
9,45598
9,44820
9,44836
9,45798
9,45089
9,45156
9,45548
9,45590
9,46010
9,46934
9,46948
9,47043
9,47337
9,47727
9,47786
9,46898
9,47942
9,48036
9,48125
9,48286
9,48381
9,48489
9,48658
9,48865
9,49011
9,48163
9,49283
9,49307
9,48490
9,49426
9,49438
9,49530
9,49558
9,50015
9,50240
9,50653
9,50028
9,51009
9,52224
9,51523
9,51639
9,52577
9,52809
9,52159
9,52273
9,52348
9,53286
9,53435
9,53642
9,53684
9,53694
9,52937
9,53846
9,53859
9,53199
9,54123
9,53238
9,53259
9,54437
9,55004
9,54301
9,54306
9,54430
9,54441
9,54493
9,54907
9,54978
10,32400
10,32444
10,31642
10,32667
10,32704
10,32757
10,31905
10,33071
10,33114
10,33284
10,32402
10,32475
10,33624
10,34052
10,34159
10,33535
10,33612
10,34547
10,34548
10,33653
10,33677
10,34780
10,34809
10,34816
10,34848
10,34144
10,34146
10,35134
10,35160
10,35871
10,35076
10,36148
10,35365
10,35477
10,35560
10,35753
10,35786
10,36704
10,36845
10,36986
10,37143
10,37182
10,37271
10,37396
10,37478
10,36580
10,37564
10,36771
10,36856
10,37818
10,37819
10,38013
10,37121
10,38082
10,38107
10,38196
10,38228
10,37329
10,38362
10,37782
10,37818
10,38723
10,37864
10,38993
10,39041
10,39103
10,38402
10,38460
10,38612
10,39522
10,39785
10,39790
10,38909
10,38917
10,39018
10,40162
10,40199
10,40443
10,40562
10,40840
10,40955
10,40058
10,41159
10,40328
10,40330
10,40353
10,41503
10,41937
10,42000
10,41105
10,42074
10,41222
10,41250
10,42199
10,42234
10,41336
10,42245
10,41490
10,42721
10,42799
10,42856
10,42122
10,43041
10,43316
10,43529
10,43538
10,42667
10,43652
10,43674
10,43901
10,43073
10,44106
10,44205
10,44520
10,44546
10,44596
10,44167
10,45485
10,44932
10,45903
10,45024
10,46051
10,46154
10,45416
10,46464
10,46518
10,45666
10,45776
10,45782
10,46831
10,46850
10,46885
10,46937
10,46953
10,47083
10,46295
10,47293
10,46453
10,46459
10,46527
10,46544
10,47511
10,47566
10,47589
10,46907
10,47051
10,48011
10,47139
10,48090
10,48096
10,48356
10,47488
10,47575
10,48500
10,48888
10,47991
10,48942
10,48981
10,49041
10,49077
10,48349
10,49274
10,48421
10,48630
10,48651
10,48675
10,49621
10,49888
10,49991
10,50132
10,50320
10,49449
10,49625
10,50615
10,50946
10,51052
10,51233
10,50361
10,51374
10,51468
10,50659
10,50667
10,51712
10,51266
10,51410
10,52536
10,51650
10,52605
10,52754
10,52939
10,53007
10,53169
10,53234
10,53265
10,52412
10,53397
10,53554
10,54206
10,54365
10,53474
10,54409
10,53767
10,54673
10,55082
10,54242
10,54788
10,55258
11,32400
11,32600
11,32670
11,31844
11,31996
11,32939
11,33002
11,32162
11,33112
11,33363
11,32506
11,32528
11,33430
11,32866
11,33929
11,33945
11,33376
11,33408
11,34431
11,34529
11,34649
11,34650
11,35165
11,34307
11,34403
11,35536
11,35594
11,34737
11,35693
11,34801
11,34881
11,35940
11,36232
11,35389
11,35501
11,36423
11,35816
11,35837
11,36879
11,35993
11,37004
11,37058
11,36275
11,37420
11,36693
11,37704
11,36978
11,37309
11,38260
11,38308
11,37689
11,37766
11,38817
11,37928
11,38846
11,37953
11,38032
11,39018
11,39169
11,38285
11,39495
11,39500
11,39731
11,39822
11,39031
11,40061
11,40199
11,40226
11,39566
11,40587
11,39718
11,39766
11,40796
11,39949
11,40991
11,40100
11,40212
11,40226
11,40389
11,40416
11,41323
11,41361
11,41614
11,41642
11,41666
11,41700
11,42340
11,41462
11,41516
11,42475
11,41659
11,41687
11,41689
11,41747
11,41758
11,41838
11,42812
11,43094
11,42337
11,42622
11,42760
11,43702
11,42986
11,43012
11,44279
11,43447
11,44475
11,43792
11,43892
11,44128
11,45207
11,45225
11,44638
11,45548
11,45602
11,45664
11,45701
11,45768
11,45064
11,46006
11,46091
11,45217
11,46121
11,46199
11,46417
11,45558
11,45732
11,45773
11,45804
11,46904
11,47029
11,46435
11,47541
11,46670
11,47008
11,47942
11,48056
11,48099
11,48199
11,47310
11,47719
11,47983
11,49077
11,48214
11,49337
11,49373
11,49477
11,49724
11,49744
11,48877
11,48948
11,50097
11,49328
11,49365
11,50363
11,49502
11,50486
11,50526
11,50557
11,50751
11,50113
11,50156
11,50208
11,51116
11,51227
11,51406
11,51490
11,51519
11,50669
11,50814
11,52078
11,51221
11,52127
11,51630
11,52549
11,51698
11,51802
11,52887
11,52887
11,52910
11,53038
11,53255
11,53467
11,53696
11,53865
11,53999
11,54192
11,53544
11,54622
11,54623
11,54636
11,53744
11,54816
11,55056
11,54298
11,54614
11,54904
11,54980
11,55078
12,32400
12,32482
12,32817
12,32901
12,32957
12,32978
12,32165
12,33100
12,32265
12,32340
12,32451
12,33485
12,33543
12,32678
12,32916
12,33827
12,33886
12,34008
12,34270
12,33625
12,33805
12,34817
12,33935
12,33958
12,34008
12,34925
12,34123
12,35024
12,35326
12,34624
12,35541
12,34782
12,35686
12,34815
12,36113
12,35683
12,36914
12,36205
12,37160
12,36336
12,37282
12,36389
12,37421
12,37453
12,37657
12,37758
12,36887
12,37995
12,37103
12,37195
12,38155
12,37382
12,38453
12,38459
12,38488
12,37693
12,39207
12,39271
12,39431
12,38601
12,39591
12,39638
12,38739
12,39684
12,38844
12,38925
12,39896
12,39101
12,40045
12,39146
12,40118
12,40242
12,40388
12,40483
12,40583
12,40592
12,40667
12,40845
12,41147
12,41229
12,41458
12,41560
12,41838
12,41979
12,41995
12,41218
12,42181
12,41323
12,42443
12,42627
12,42631
12,42696
12,42817
12,42857
12,42875
12,42331
12,43630
12,43645
12,42837
12,43761
12,43785
12,43115
12,44440
12,43592
12,44540
12,44661
12,44676
12,44793
12,44923
12,44995
12,45016
12,44211
12,45112
12,45210
12,45347
12,44469
12,44511
12,44550
12,45498
12,44622
12,45527
12,45698
12,45753
12,45845
12,44989
12,46001
12,46124
12,45231
12,46212
12,46305
12,45862
12,46795
12,47077
12,47123
12,47139
12,47274
12,46427
12,47386
12,47388
12,47423
12,46525
12,47555
12,47555
12,48084
12,47262
12,48195
12,48588
12,48653
12,48663
12,48066
12,49265
12,49280
12,49356
12,49420
12,48547
12,48839
12,49081
12,49099
12,49255
12,50237
12,49384
12,50359
12,49561
12,50511
12,49621
12,50779
12,50921
12,51007
12,51017
12,51057
12,51173
12,51246
12,50384
12,50390
12,51319
12,50582
12,51628
12,50755
12,52162
12,52187
12,52205
12,52319
12,52408
12,52678
12,52883
12,52073
12,52997
12,53012
12,52214
12,52296
12,53388
12,53528
12,53969
12,54028
12,53165
12,54134
12,54447
12,54472
12,54633
12,54684
12,53817
12,54746
12,54099
12,54636
12,54859
12,54985
12,55202
13,32400
13,31537
13,32521
13,31725
13,32763
13,32022
13,32962
13,33136
13,33333
13,33335
13,33508
13,33509
13,33600
13,33827
13,33005
13,33060
13,34500
13,34637
13,34882
13,35057
13,34253
13,35256
13,35405
13,35425
13,35483
13,35508
13,35687
13,35834
13,35922
13,36135
13,36338
13,36506
13,35664
13,36588
13,36589
13,36648
13,35771
13,35910
13,36820
13,35927
13,36994
13,36123
13,37139
13,37188
13,36328
13,37266
13,37499
13,37667
13,36927
13,37830
13,37159
13,38072
13,37419
13,38628
13,37731
13,38944
13,38068
13,38976
13,38223
13,39267
13,39292
13,38483
13,39533
13,38889
13,38979
13,39923
13,39171
13,40422
13,39711
13,40646
13,40647
13,40754
13,40839
13,40892
13,40213
13,41270
13,41503
13,41520
13,41797
13,41000
13,42036
13,42178
13,42187
13,42199
13,42253
13,42353
13,42478
13,41626
13,41642
13,41921
13,42965
13,43002
13,43005
13,43184
13,42559
13,43689
13,43136
13,43176
13,43266
13,44472
13,44511
13,44548
13,44797
13,44877
13,44961
13,44973
13,45167
13,45238
13,44550
13,45473
13,45544
13,45878
13,46051
13,45206
13,46122
13,46226
13,45381
13,46327
13,46418
13,46449
13,46469
13,46537
13,46554
13,45707
13,47341
13,47381
13,46773
13,47733
13,46909
13,46953
13,47221
13,48356
13,47751
13,48663
13,47991
13,48907
13,48909
13,48965
13,48988
13,49215
13,49226
13,48350
13,49280
13,49297
13,48405
13,49327
13,49406
13,49583
13,48970
13,49127
13,49189
13,50280
13,50537
13,50577
13,50582
13,50602
13,50742
13,49929
13,50016
13,50927
13,50125
13,50135
13,51074
13,50201
13,50299
13,51277
13,50388
13,51403
13,51477
13,50756
13,50802
13,51704
13,50889
13,51843
13,51863
13,51874
13,51959
13,52168
13,52239
13,52402
13,51663
13,51688
13,51830
13,52743
13,52751
13,51895
13,52894
13,52381
13,53353
13,52561
13,53506
13,53526
13,53550
13,52716
13,53989
13,53560
13,53622
13,54565
13,54688
13,53878
13,54047
13,54692
13,54707
13,54713
13,55002
14,32400
14,31578
14,32489
14,32629
14,32701
14,32811
14,31982
14,33099
14,32274
14,33347
14,32447
14,32466
14,33864
14,34021
14,34356
14,34368
14,34383
14,34824
14,33986
14,34142
14,35122
14,34478
14,35418
14,34559
14,35509
14,34644
14,34705
14,35787
14,35947
14,36080
14,35229
14,36712
14,36766
14,35899
14,36800
14,36103
14,37139
14,36474
14,36505
14,37411
14,37536
14,37542
14,37879
14,37896
14,37918
14,37924
14,37127
14,38078
14,38137
14,37305
14,37528
14,38458
14,38616
14,38727
14,38728
14,37867
14,38786
14,37948
14,39318
14,39333
14,38438
14,39658
14,39724
14,38844
14,38904
14,39805
14,38955
14,40085
14,40158
14,39306
14,40317
14,40319
14,40537
14,40751
14,40810
14,40866
14,40200
14,41288
14,40477
14,41418
14,40563
14,41464
14,41513
14,41531
14,41616
14,41632
14,41806
14,41847
14,42139
14,41668
14,41711
14,41987
14,42966
14,42066
14,43003
14,42352
14,43284
14,43466
14,43523
14,43575
14,42795
14,42830
14,43760
14,43795
14,43955
14,43971
14,43368
14,43373
14,43567
14,43864
14,44850
14,44874
14,44124
14,45025
14,44138
14,45165
14,45250
14,45376
14,44490
14,45418
14,45443
14,44543
14,45510
14,45611
14,44962
14,46060
14,45520
14,46454
14,46632
14,46667
14,46681
14,45917
14,46057
14,46995
14,47041
14,47062
14,47145
14,46424
14,47342
14,47351
14,47437
14,47540
14,46695
14,46846
14,46855
14,46982
14,47916
14,47077
14,47135
14,48060
14,47161
14,47195
14,47366
14,48448
14,47588
14,48517
14,47619
14,47687
14,47741
14,48797
14,48807
14,49040
14,49096
14,48525
14,49436
14,49934
14,50113
14,49214
14,50194
14,50195
14,50428
14,50529
14,50695
14,50785
14,50968
14,51187
14,50298
14,51494
14,51506
14,50610
14,51757
14,51771
14,51871
14,52058
14,52203
14,52331
14,51539
14,52471
14,51870
14,52081
14,52690
14,53643
14,53874
14,54171
14,53404
14,54338
14,53825
14,53968
14,54185
14,55128
15,32400
15,31516
15,32449
15,32550
15,32559
15,32670
15,32675
15,31862
15,32087
15,32099
15,32104
15,32294
15,32333
15,32417
15,33413
15,32624
15,33634
15,33663
15,33806
15,33909
15,33953
15,33222
15,33281
15,33291
15,34285
15,34320
15,33511
15,33780
15,34884
15,34002
15,35037
15,35094
15,35313
15,35468
15,34592
15,35613
15,35629
15,36173
15,36237
15,36347
15,36359
15,36367
15,36450
15,36718
15,35945
15,36870
15,35972
15,36330
15,36351
15,37506
15,36837
15,37961
15,38188
15,37361
15,37432
15,38374
15,37502
15,38427
15,37545
15,38622
15,37722
15,38970
15,38986
15,38280
15,39504
15,40031
15,39371
15,39415
15,40480
15,40601
15,39849
15,40951
15,40187
15,41166
15,40321
15,40366
15,40792
15,41771
15,41795
15,41864
15,41167
15,42070
15,41244
15,42204
15,42207
15,42257
15,42295
15,41435
15,41520
15,42732
15,41950
15,42917
15,43068
15,42173
15,43080
15,42302
15,43276
15,42486
15,42770
15,43041
15,43088
15,44078
15,44091
15,44231
15,44276
15,44357
15,43478
15,44435
15,43847
15,44775
15,44309
15,44528
15,44796
15,44903
15,46094
15,45296
15,45362
15,45505
15,46502
15,46534
15,45744
15,46654
15,46700
15,47008
15,47019
15,47060
15,47141
15,46493
15,46499
15,46574
15,46590
15,47550
15,47894
15,47128
15,48117
15,48206
15,47379
15,47419
15,48347
15,48379
15,48398
15,48537
15,47701
15,48731
15,47925
15,48905
15,48168
15,49192
15,49530
15,49726
15,49199
15,50209
15,50319
15,50345
15,50726
15,50001
15,50910
15,50030
15,51072
15,50193
15,51228
15,51250
15,51307
15,51512
15,51606
15,50910
15,51875
15,51946
15,52075
15,52076
15,51178
15,52228
15,51356
15,52446
15,52563
15,52876
15,52877
15,52957
15,53029
15,52193
15,52215
15,52220
15,52273
15,53198
15,52390
15,53430
15,52716
15,52831
15,53867
15,53905
15,54098
15,54191
15,54338
15,54382
15,54460
15,53722
15,54789
15,54822
15,54087
15,55089
15,54193
15,54212
15,55232
16,32400
16,32455
16,32489
16,32575
16,31737
16,31782
16,33063
16,32271
16,33426
16,32698
16,32792
16,32856
16,33848
16,33869
16,32971
16,33922
16,33933
16,34022
16,34099
16,34202
16,33313
16,34310
16,34545
16,33699
16,34660
16,33822
16,34860
16,34109
16,35381
16,35627
16,35820
16,35842
16,36123
16,35270
16,35349
16,35544
16,36619
16,35770
16,35793
16,35799
16,36802
16,37088
16,36257
16,37236
16,37330
16,37342
16,37422
16,36547
16,36561
16,36647
16,37721
16,37761
16,36910
16,37013
16,37915
16,38011
16,38066
16,38078
16,38087
16,38204
16,38406
16,38467
16,38556
16,38653
16,38780
16,38907
16,39159
16,39239
16,38341
16,38461
16,39675
16,39776
16,38912
16,39862
16,39896
16,40119
16,40345
16,39756
16,40730
16,39924
16,40878
16,41161
16,40261
16,40339
16,41275
16,40445
16,40464
16,41402
16,41456
16,41641
16,40820
16,41905
16,41968
16,41296
16,42295
16,42579
16,42621
16,41721
16,42736
16,42830
16,43043
16,43079
16,43426
16,42551
16,42552
16,44084
16,43214
16,44625
16,43910
16,44918
16,44204
16,44456
16,45622
16,45709
16,45912
16,45064
16,45973
16,46097
16,45376
16,46344
16,45456
16,46378
16,46399
16,45516
16,46539
16,46709
16,46886
16,47033
16,47054
16,46178
16,46191
16,46611
16,46775
16,47758
16,47209
16,48939
16,49147
16,48449
16,49375
16,49391
16,49659
16,48804
16,49810
16,49192
16,50097
16,49316
16,50281
16,49460
16,49556
16,50579
16,50687
16,50745
16,50925
16,50198
16,51180
16,50286
16,51204
16,51310
16,51349
16,51403
16,50734
16,50757
16,51800
16,51801
16,51961
16,51972
16,51193
16,52198
16,51344
16,52255
16,51397
16,52320
16,52532
16,52558
16,51680
16,52611
16,51979
16,53051
16,53111
16,53175
16,52325
16,53308
16,52519
16,53632
16,53686
16,53740
16,54139
16,54146
16,54510
16,53775
16,54802
16,53953
16,55056
16,54515
16,55093
17,32400
17,32438
17,32604
17,32633
17,32679
17,31800
17,32726
17,32810
17,32939
17,32288
17,33715
17,33835
17,32992
17,33939
17,34173
17,33367
17,33556
17,33596
17,34609
17,34611
17,34096
17,35018
17,35338
17,35413
17,34844
17,35885
17,35960
17,35977
17,35997
17,36159
17,35277
17,36227
17,35395
17,35561
17,36469
17,35598
17,36506
17,36551
17,36574
17,36794
17,37099
17,37189
17,36339
17,37246
17,37369
17,37377
17,37439
17,37481
17,37571
17,36852
17,37764
17,36944
17,37054
17,38006
17,38289
17,37483
17,38548
17,37921
17,38327
17,38364
17,39326
17,38860
17,38996
17,39027
17,39960
17,40083
17,40158
17,40359
17,40367
17,40497
17,40524
17,40605
17,40645
17,40663
17,40829
17,40095
17,40997
17,41151
17,40292
17,40294
17,41218
17,40703
17,41804
17,41844
17,41877
17,41949
17,42025
17,42519
17,42607
17,41907
17,42011
17,42033
17,42093
17,43102
17,42345
17,42566
17,42592
17,43510
17,42663
17,42713
17,43635
17,42824
17,43793
17,43068
17,43089
17,43117
17,43352
17,44473
17,43584
17,43632
17,43648
17,43685
17,44641
17,43765
17,43866
17,44769
17,44907
17,44940
17,44111
17,45020
17,44179
17,45124
17,45471
17,44771
17,44777
17,45735
17,45798
17,46133
17,45301
17,45637
17,46620
17,46715
17,46020
17,46107
17,47083
17,47306
17,47375
17,47386
17,47396
17,47509
17,47578
17,47769
17,47823
17,48037
17,48488
17,48641
17,48650
17,48765
17,48819
17,49497
17,49574
17,49762
17,50067
17,50301
17,49444
17,50546
17,50622
17,49761
17,49785
17,50884
17,49996
17,51014
17,51037
17,51143
17,50399
17,51402
17,50673
17,51636
17,52000
17,52139
17,52179
17,52210
17,52356
17,52586
17,51780
17,52704
17,52921
17,53040
17,53048
17,52258
17,53282
17,52537
17,53712
17,52946
17,53869
17,52974
17,54099
17,54362
17,53469
17,54406
17,53514
17,54438
17,54500
17,54679
17,54758
17,54809
17,53950
17,55009
17,55051
17,54275
17,55238
17,54363
17,54735
17,54764
17,55164
17,55248
18,32400
18,32427
18,31791
18,32909
18,32018
18,32038
18,32974
18,33001
18,32239
18,33159
18,32264
18,33229
18,32854
18,33001
18,33090
18,33113
18,33138
18,33194
18,34198
18,34538
18,34809
18,34913
18,34030
18,35151
18,35298
18,35333
18,35402
18,35516
18,34780
18,35755
18,36003
18,35510
18,36414
18,35668
18,36591
18,36601
18,36602
18,35975
18,37002
18,37200
18,36304
18,37228
18,37249
18,37281
18,36609
18,36866
18,38461
18,37586
18,37751
18,38759
18,38760
18,38904
18,39100
18,39264
18,39323
18,39364
18,39513
18,39642
18,39028
18,39935
18,40218
18,40317
18,40606
18,40010
18,41093
18,40227
18,41138
18,41259
18,40418
18,41543
18,41553
18,41700
18,41700
18,41874
18,40990
18,41908
18,41074
18,42035
18,42037
18,42105
18,41292
18,42222
18,42299
18,42307
18,41789
18,42176
18,43117
18,43242
18,43417
18,42633
18,43211
18,44407
18,44429
18,43603
18,44674
18,44743
18,45009
18,44164
18,44238
18,45420
18,44769
18,44779
18,44789
18,45757
18,45839
18,45924
18,45096
18,45254
18,46451
18,46476
18,45704
18,45890
18,45948
18,46928
18,46994
18,47070
18,47074
18,47267
18,47412
18,47909
18,47965
18,48106
18,48267
18,48566
18,48582
18,48594
18,49046
18,49357
18,48500
18,49414
18,49677
18,49792
18,50107
18,50163
18,50244
18,49381
18,49415
18,49494
18,49552
18,50498
18,49623
18,50756
18,50931
18,50976
18,50240
18,50253
18,51528
18,51538
18,50663
18,51589
18,51610
18,51614
18,51627
18,51714
18,50965
18,50978
18,51210
18,52375
18,52546
18,52578
18,51686
18,52607
18,52645
18,52706
18,51965
18,52985
18,52112
18,52115
18,53088
18,52522
18,53537
18,53576
18,53767
18,52954
18,52978
18,54065
18,54281
18,54510
18,54601
18,54647
18,53921
18,54870
18,53971
18,54873
18,54132
18,55165
18,54469
18,54843
19,32400
19,31595
19,32690
19,32002
19,33055
19,33187
19,32303
19,33395
19,33434
19,32719
19,33745
19,33827
19,32982
19,33191
19,33296
19,33336
19,33374
19,34299
19,34599
19,33728
19,33732
19,33917
19,33981
19,35234
19,34548
19,35569
19,35614
19,35831
19,34931
19,35012
19,35948
19,35253
19,36201
19,36395
19,35731
19,36648
19,35945
19,36948
19,37129
19,37137
19,37175
19,37188
19,37344
19,37359
19,37531
19,37682
19,37785
19,37815
19,36929
19,37876
19,38048
19,37233
19,37328
19,37524
19,37605
19,37701
19,38612
19,38661
19,38776
19,38194
19,39156
19,39245
19,39304
19,39483
19,38959
19,39005
19,39027
19,39938
19,39962
19,39132
19,39274
19,40208
19,40349
19,40425
19,40670
19,40738
19,40831
19,39970
19,40889
19,40986
19,41088
19,41262
19,40364
19,41278
19,40472
19,40752
19,41711
19,41956
19,41166
19,42067
19,41320
19,42343
19,42403
19,42507
19,42707
19,42722
19,41921
19,42869
19,43120
19,43153
19,43191
19,43213
19,42398
19,43319
19,42648
19,43595
19,43639
19,43662
19,44377
19,44563
19,44838
19,44863
19,44877
19,45068
19,44170
19,44246
19,44342
19,45577
19,44682
19,44790
19,46377
19,46660
19,47061
19,46256
19,46329
19,47399
19,47540
19,46735
19,47812
19,47853
19,48032
19,48106
19,47428
19,47543
19,47551
19,48561
19,48563
19,47813
19,48855
19,48956
19,49030
19,49074
19,49171
19,49200
19,49282
19,49297
19,49355
19,49376
19,49476
19,48610
19,49576
19,48678
19,48697
19,49807
19,49843
19,48983
19,49139
19,49194
19,50120
19,50320
19,50374
19,49662
19,49675
19,50643
19,50659
19,49939
19,50895
19,50969
19,51019
19,51027
19,51297
19,51333
19,50463
19,51543
19,50727
19,50775
19,51825
19,51825
19,51940
19,52082
19,51192
19,52483
19,52495
19,52584
19,52770
19,51950
19,53009
19,52136
19,52202
19,53180
19,53216
19,53302
19,52431
19,53376
19,53423
19,53423
19,53657
19,54212
19,54214
19,54332
19,54378
19,53489
19,54520
19,54576
19,53959
19,54888
19,55022
19,55046
19,55078
19,55082
19,55183
19,55245
19,54858
19,54860
19,55187
20,32400
20,31760
20,32666
20,32686
20,32215
20,33204
20,32360
20,33380
20,33528
20,32668
20,33648
20,33651
20,33008
20,34341
20,33441
20,33729
20,34819
20,34854
20,34897
20,34166
20,35067
20,35075
20,34185
20,34276
20,34478
20,34492
20,35451
20,35718
20,35888
20,35042
20,36051
20,36187
20,35372
20,36500
20,35828
20,36811
20,36169
20,37146
20,36342
20,36467
20,36601
20,37597
20,37650
20,37730
20,37761
20,36884
20,37898
20,38081
20,38124
20,37326
20,37483
20,37814
20,38767
20,37921
20,38070
20,38112
20,38255
20,39215
20,38531
20,39743
20,39817
20,39899
20,39012
20,39038
20,39083
20,40178
20,40562
20,41382
20,40608
20,41650
20,41794
20,41835
20,41838
20,41925
20,41927
20,41929
20,41978
20,41172
20,42130
20,42206
20,42208
20,42343
20,42654
20,42119
20,42121
20,43109
20,43130
20,43154
20,42271
20,42701
20,42722
20,42826
20,43898
20,43050
20,43186
20,43200
20,43223
20,44187
20,44237
20,43338
20,44243
20,43361
20,43866
20,43961
20,45021
20,45094
20,44200
20,44312
20,45350
20,44463
20,44512
20,45438
20,45505
20,44680
20,45677
20,45772
20,45915
20,45921
20,46630
20,46739
20,45962
20,46232
20,46282
20,46413
20,47503
20,46608
20,47517
20,47657
20,47713
20,47784
20,46906
20,47872
20,47936
20,48024
20,48298
20,47424
20,47610
20,48540
20,47778
20,48807
20,48087
20,49105
20,48462
20,48468
20,49369
20,49838
20,49060
20,50099
20,49293
20,50243
20,50259
20,49557
20,50505
20,49677
20,49743
20,49954
20,50858
20,51000
20,50514
20,51491
20,51656
20,51678
20,51817
20,51827
20,51839
20,52176
20,51386
20,52453
20,52454
20,52607
20,51746
20,51795
20,51863
20,52806
20,52816
20,51923
20,52847
20,53051
20,52167
20,53384
20,53433
20,53562
20,53579
20,52780
20,52819
20,53957
20,53975
20,53132
20,53156
20,53266
20,53350
20,54279
20,54306
20,54328
20,53665
20,53809
20,53870
20,54824
20,55037
20,55040
20,54622
20,55191
21,32400
21,31650
21,32888
21,33107
21,32339
21,32421
21,33469
21,33494
21,33607
21,33721
21,33726
21,32830
21,33806
21,33861
21,32974
21,32975
21,33917
21,34077
21,33344
21,34500
21,34510
21,33742
21,34678
21,35116
21,34279
21,35195
21,35264
21,34477
21,34498
21,34606
21,34712
21,35879
21,35932
21,36044
21,36077
21,35345
21,36295
21,37010
21,37093
21,36367
21,37539
21,37573
21,36734
21,36748
21,37771
21,37806
21,37001
21,38045
21,38071
21,37347
21,38256
21,38567
21,37699
21,38611
21,38628
21,38900
21,38018
21,38160
21,38385
21,38815
21,38816
21,39741
21,38862
21,38873
21,39872
21,39011
21,39093
21,40109
21,39391
21,39997
21,40175
21,41219
21,41351
21,40570
21,41549
21,41678
21,41722
21,41859
21,41915
21,42001
21,41105
21,42052
21,41166
21,42078
21,42120
21,42150
21,42641
21,42763
21,42776
21,42913
21,42956
21,42189
21,42210
21,43141
21,43169
21,42322
21,42418
21,42438
21,43456
21,43705
21,42980
21,44041
21,44107
21,43320
21,44231
21,44422
21,43577
21,43774
21,44766
21,44047
21,44950
21,45016
21,44176
21,45282
21,44469
21,44529
21,45482
21,44670
21,45779
21,45835
21,45839
21,45865
21,45882
21,46065
21,45246
21,46301
21,46312
21,46507
21,46566
21,45744
21,45781
21,46810
21,46855
21,46882
21,46981
21,47098
21,47151
21,46315
21,46594
21,46687
21,46804
21,47835
21,47064
21,48199
21,48274
21,48431
21,48491
21,48537
21,48635
21,48635
21,47946
21,48012
21,48944
21,48113
21,49022
21,48172
21,49132
21,48343
21,49353
21,49465
21,48690
21,49673
21,49769
21,49856
21,49064
21,50109
21,49465
21,49587
21,49619
21,50010
21,51030
21,51636
21,51174
21,51227
21,52203
21,51442
21,52539
21,53134
21,53159
21,53254
21,53305
21,52622
21,53891
21,53938
21,54335
21,53494
21,53569
21,54631
21,54729
21,54054
21,54244
21,54510
21,54974
21,55168
22,32400
22,32467
22,31775
22,31841
22,33069
22,33152
22,33335
22,32492
22,32550
22,33781
22,32889
22,33798
22,33888
22,33082
22,33109
22,33338
22,33353
22,34324
22,33489
22,34697
22,34999
22,35013
22,35111
22,34218
22,34301
22,35248
22,34445
22,35439
22,35447
22,35726
22,35761
22,36354
22,35525
22,36433
22,35550
22,36570
22,35691
22,35727
22,36721
22,36747
22,35967
22,35975
22,36105
22,37066
22,36379
22,37354
22,37446
22,37502
22,37738
22,37805
22,37865
22,37035
22,38114
22,37265
22,38167
22,37378
22,38572
22,38717
22,38806
22,37931
22,38111
22,39447
22,39455
22,39610
22,39670
22,39138
22,40089
22,40689
22,40042
22,40238
22,41143
22,41204
22,40402
22,41322
22,41400
22,41000
22,42411
22,42426
22,42610
22,42638
22,42649
22,41818
22,41872
22,42784
22,42880
22,42932
22,43021
22,42403
22,43405
22,42553
22,42571
22,42609
22,43620
22,43650
22,42790
22,44044
22,44137
22,44293
22,43478
22,44547
22,44716
22,44787
22,45054
22,45255
22,45455
22,45541
22,44656
22,44740
22,44921
22,46187
22,46293
22,46316
22,45518
22,45679
22,45818
22,47055
22,46163
22,47117
22,46231
22,47285
22,47299
22,47497
22,47607
22,47624
22,46773
22,47678
22,47684
22,47972
22,47977
22,47106
22,47242
22,48258
22,48350
22,47451
22,47469
22,48382
22,48459
22,48481
22,48521
22,48646
22,47747
22,48949
22,48953
22,49020
22,49112
22,49205
22,49354
22,48480
22,48821
22,48839
22,48846
22,49887
22,49926
22,49242
22,50150
22,49322
22,49334
22,50386
22,50496
22,50502
22,50552
22,50565
22,50693
22,49861
22,50822
22,50922
22,50970
22,51143
22,51254
22,50445
22,51555
22,51601
22,50872
22,52198
22,52207
22,52223
22,52249
22,52432
22,52560
22,52604
22,51880
22,53159
22,52282
22,52422
22,52473
22,53495
22,53591
22,53728
22,52938
22,54028
22,54051
22,54428
22,54558
22,53702
22,54884
22,54891
22,55142
22,54314
22,54398
22,54459
22,54546
23,32400
23,32513
23,32570
23,32638
23,32675
23,32237
23,33297
23,32467
23,33373
23,33477
23,32633
23,33893
23,34061
23,34289
23,34335
23,33448
23,33472
23,33515
23,34429
23,33564
23,34482
23,34520
23,34752
23,34766
23,34773
23,33919
23,34116
23,34201
23,34230
23,35225
23,34332
23,35241
23,34433
23,34681
23,35794
23,35035
23,35351
23,36290
23,36358
23,36399
23,36708
23,35911
23,36974
23,37092
23,37257
23,36376
23,36412
23,37332
23,37414
23,37426
23,37455
23,37522
23,36933
23,37845
23,37090
23,38284
23,38542
23,38561
23,37814
23,37831
23,38900
23,38916
23,38109
23,39064
23,39156
23,39334
23,39416
23,39596
23,40079
23,39217
23,40201
23,40231
23,39402
23,40306
23,40324
23,40370
23,40391
23,40547
23,40774
23,41373
23,41455
23,40703
23,40735
23,41807
23,40950
23,41852
23,41978
23,41079
23,42080
23,42167
23,41461
23,42381
23,42406
23,42484
23,42549
23,42708
23,42886
23,42002
23,42940
23,43641
23,43771
23,43804
23,42929
23,42980
23,42982
23,43965
23,43974
23,44338
23,43485
23,43636
23,44646
23,44929
23,45249
23,45358
23,44811
23,44960
23,46016
23,46309
23,46342
23,46419
23,46671
23,46891
23,47240
23,46820
23,47775
23,46961
23,47312
23,48331
23,48510
23,48659
23,47904
23,49378
23,49381
23,49416
23,49548
23,49638
23,49764
23,49764
23,48868
23,50208
23,50244
23,50376
23,50456
23,49885
23,51082
23,51104
23,51152
23,51204
23,51278
23,51363
23,51570
23,50702
23,51845
23,52091
23,51369
23,51413
23,52514
23,53009
23,53157
23,52331
23,53275
23,53397
23,52558
23,53459
23,52610
23,53542
23,53587
23,52777
23,52922
23,53868
23,53968
23,54303
23,54390
23,53505
23,53972
23,54346
23,55253
23,54727
23,55160
24,32400
24,31632
24,31717
24,31766
24,31786
24,32727
24,32030
24,32143
24,33088
24,32269
24,33186
24,33350
24,33436
24,32603
24,33574
24,32871
24,32880
24,33071
24,34159
24,34166
24,34299
24,33684
24,34606
24,34707
24,34742
24,33948
24,35342
24,35393
24,35432
24,35500
24,35677
24,34892
24,35913
24,35053
24,36011
24,35189
24,36180
24,35321
24,36362
24,35511
24,35574
24,36487
24,35633
24,35717
24,35830
24,37060
24,37095
24,37120
24,36464
24,36476
24,37482
24,37556
24,37585
24,37599
24,37820
24,36921
24,37919
24,37938
24,38030
24,38524
24,38543
24,38643
24,38682
24,38701
24,38737
24,38877
24,38003
24,38075
24,39033
24,38361
24,39360
24,39529
24,39741
24,39812
24,40406
24,40623
24,40961
24,40976
24,40236
24,40287
24,40409
24,41396
24,41466
24,41498
24,41543
24,41628
24,40972
24,41038
24,42160
24,42172
24,42189
24,41311
24,42271
24,42376
24,41523
24,42467
24,42597
24,42652
24,42661
24,42693
24,41902
24,42115
24,42223
24,43200
24,43562
24,43618
24,43834
24,42942
24,44206
24,44226
24,44300
24,44402
24,44445
24,44584
24,44687
24,44745
24,43865
24,43929
24,43930
24,45008
24,45176
24,45286
24,45518
24,44679
24,44786
24,45739
24,45930
24,46033
24,46359
24,45513
24,46416
24,46532
24,45632
24,46600
24,46735
24,46858
24,46901
24,46220
24,46420
24,46472
24,47756
24,47044
24,47071
24,47416
24,48339
24,47558
24,48126
24,49064
24,49208
24,49242
24,49347
24,49355
24,49429
24,49474
24,48750
24,49921
24,50298
24,50395
24,50410
24,50429
24,49532
24,49623
24,50572
24,50643
24,50720
24,50833
24,50108
24,50538
24,51507
24,50660
24,50814
24,50977
24,51941
24,51331
24,51569
24,52583
24,51760
24,52712
24,52755
24,52890
24,52915
24,53259
24,52445
24,53545
24,53675
24,53707
24,53721
24,53728
24,53111
24,54089
24,54415
24,54456
24,54494
24,53670
24,54641
24,55046
24,55149
24,54413
24,54759
24,54897
24,55206
24,55206
25,32400
25,32480
25,31650
25,31791
25,32759
25,32852
25,32854
25,32897
25,32927
25,33343
25,33586
25,33657
25,33682
25,33742
25,33996
25,34085
25,34237
25,34346
25,33484
25,34387
25,33713
25,34940
25,34220
25,35144
25,35180
25,34353
25,34409
25,35351
25,35365
25,35472
25,35474
25,34611
25,34686
25,35707
25,35810
25,35118
25,36044
25,36180
25,36486
25,35759
25,35767
25,36771
25,36147
25,37066
25,37113
25,36243
25,36474
25,36559
25,37464
25,36573
25,36657
25,36707
25,36746
25,37746
25,37834
25,37076
25,37114
25,38057
25,38456
25,38620
25,38646
25,38680
25,37895
25,38803
25,38993
25,39107
25,39163
25,39236
25,38546
25,39583
25,39895
25,39974
25,40116
25,40222
25,40447
25,39614
25,40658
25,40667
25,40742
25,40842
25,40235
25,41263
25,40529
25,40679
25,41629
25,41723
25,41860
25,41893
25,41939
25,41257
25,42197
25,42275
25,41446
25,41583
25,42708
25,42018
25,42934
25,43202
25,43212
25,42313
25,42494
25,43473
25,43752
25,43898
25,43915
25,44067
25,44515
25,45310
25,44603
25,45866
25,45866
25,44973
25,45920
25,45987
25,46035
25,45147
25,45649
25,46704
25,46363
25,46641
25,46652
25,46793
25,46862
25,46866
25,48088
25,47268
25,48236
25,48389
25,48452
25,47598
25,47629
25,48850
25,48013
25,48941
25,48281
25,49221
25,49413
25,49413
25,49615
25,49736
25,48902
25,49813
25,50219
25,49393
25,49438
25,50388
25,49515
25,50571
25,49703
25,50808
25,50867
25,50941
25,50091
25,50098
25,51159
25,51269
25,51329
25,50555
25,50631
25,50710
25,51813
25,50915
25,51217
25,52119
25,52150
25,52166
25,52255
25,52258
25,51523
25,52445
25,51626
25,52698
25,52865
25,52907
25,52923
25,52937
25,52547
25,52667
25,53686
25,52977
25,53945
25,54088
25,54237
25,53463
25,53495
25,53579
25,53686
25,53760
25,53864
25,54871
25,55184
25,55017
26,32400
26,31552
26,31638
26,31741
26,32668
26,32687
26,31865
26,32840
26,32073
26,32149
26,33307
26,33353
26,32521
26,33424
26,33480
26,34129
26,33247
26,34288
26,34525
26,34975
26,35227
26,34463
26,34494
26,35595
26,35613
26,34832
26,35741
26,35002
26,35050
26,35974
26,35995
26,36234
26,36312
26,36500
26,36542
26,35698
26,35766
26,35898
26,35968
26,36974
26,36124
26,36350
26,37571
26,36691
26,37676
26,37686
26,36787
26,37735
26,37783
26,37924
26,37174
26,37294
26,38524
26,38651
26,37797
26,38762
26,38962
26,39009
26,39012
26,39052
26,39389
26,39038
26,39955
26,40004
26,40081
26,39438
26,39482
26,39546
26,40557
26,39673
26,40824
26,40957
26,40963
26,40129
26,41187
26,41219
26,41233
26,40337
26,41288
26,41395
26,40596
26,41519
26,41715
26,41076
26,42009
26,42443
26,41725
26,41940
26,43009
26,42182
26,43420
26,42585
26,42645
26,43656
26,42777
26,43678
26,42852
26,43778
26,43965
26,43123
26,44211
26,44348
26,44427
26,44522
26,44612
26,43795
26,45141
26,44428
26,45358
26,45374
26,45652
26,45933
26,46040
26,45162
26,46064
26,46430
26,46445
26,46456
26,45587
26,45591
26,46640
26,46679
26,46743
26,45861
26,46932
26,47058
26,47260
26,47271
26,47304
26,47413
26,46536
26,47440
26,47056
26,48002
26,48015
26,48354
26,48615
26,48748
26,47889
26,48796
26,48978
26,48212
26,48380
26,48390
26,49351
26,48553
26,49540
26,49656
26,48788
26,49135
26,50146
26,50724
26,51220
26,50463
26,51447
26,51780
26,51803
26,51901
26,51934
26,51941
26,51420
26,52627
26,52767
26,52867
26,53177
26,53278
26,53286
26,52632
26,53543
26,52938
26,53846
26,53065
26,54173
26,53290
26,53464
26,53673
26,53691
26,54605
26,54715
26,54797
26,54988
26,55198
26,54336
26,54410
26,54831
27,32400
27,31507
27,32431
27,32434
27,32635
27,31938
27,32044
27,32946
27,32083
27,33015
27,33025
27,33543
27,33584
27,33608
27,32884
27,32906
27,34028
27,34270
27,33448
27,33455
27,34367
27,34390
27,33507
27,33724
27,34744
27,35015
27,35253
27,35254
27,35294
27,35357
27,35723
27,36117
27,36180
27,36289
27,36522
27,36562
27,36633
27,36652
27,35764
27,35845
27,36915
27,36082
27,37131
27,36656
27,37652
27,37667
27,38087
27,38110
27,38228
27,37506
27,37559
27,38467
27,38551
27,37821
27,38779
27,38840
27,37981
27,38008
27,38940
27,39100
27,39206
27,39243
27,39255
27,39380
27,39473
27,38599
27,38638
27,39662
27,39682
27,39695
27,38950
27,39117
27,40251
27,40282
27,40411
27,40494
27,40740
27,41038
27,41200
27,41228
27,41237
27,41321
27,41332
27,41347
27,41350
27,40576
27,41643
27,41783
27,41917
27,42258
27,41397
27,42570
27,42799
27,41913
27,41987
27,42083
27,42217
27,43133
27,42561
27,43525
27,42729
27,43130
27,44204
27,44230
27,44275
27,44306
27,44315
27,43533
27,43544
27,43640
27,44557
27,43662
27,44645
27,44870
27,44006
27,44159
27,45131
27,44238
27,45217
27,44405
27,45389
27,44523
27,44662
27,44961
27,45041
27,45080
27,45233
27,46195
27,45387
27,46533
27,46598
27,46601
27,46856
27,47058
27,47300
27,46502
27,47565
27,46835
27,47754
27,47791
27,47799
27,47857
27,47140
27,47390
27,47454
27,48386
27,48498
27,48574
27,47688
27,48657
27,47832
27,49197
27,49207
27,49305
27,49446
27,48647
27,48746
27,49687
27,49819
27,50050
27,49263
27,50166
27,49286
27,50234
27,49351
27,50362
27,49550
27,50471
27,50576
27,50805
27,50842
27,51572
27,50790
27,52046
27,52061
27,52229
27,52285
27,52056
27,52973
27,52086
27,52994
27,52147
27,53204
27,53288
27,52416
27,52447
27,53621
27,53645
27,53645
27,53739
27,52969
27,53968
27,54081
27,54453
27,53677
27,53770
27,54745
27,54960
27,54994
27,55185
27,55213
27,54819
27,54885
28,32400
28,31532
28,32587
28,32610
28,32738
28,32834
28,32944
28,33130
28,32338
28,33245
28,32576
28,32747
28,33653
28,33666
28,33668
28,32926
28,33858
28,33932
28,33074
28,34037
28,33257
28,34168
28,34181
28,34244
28,33352
28,34301
28,33551
28,33651
28,34688
28,33833
28,34769
28,34800
28,35003
28,34109
28,35011
28,35407
28,34538
28,35456
28,34647
28,35676
28,35707
28,35721
28,35727
28,35080
28,35109
28,35219
28,36319
28,36596
28,35730
28,36747
28,35849
28,37139
28,36440
28,36441
28,37567
28,37214
28,37410
28,37516
28,37711
28,38191
28,38371
28,39296
28,38540
28,39469
28,39608
28,38760
28,38884
28,38927
28,38993
28,39918
28,39987
28,40095
28,40096
28,40194
28,40261
28,40669
28,40753
28,40761
28,39910
28,40940
28,41016
28,41041
28,40206
28,41129
28,40274
28,40497
28,41844
28,42029
28,42114
28,42385
28,41617
28,41771
28,42802
28,42841
28,43110
28,42239
28,42346
28,43377
28,43379
28,42526
28,42690
28,42705
28,42879
28,43922
28,43227
28,44231
28,44492
28,44844
28,45031
28,45038
28,45114
28,44472
28,45635
28,44947
28,45910
28,45179
28,45255
28,46156
28,46427
28,46634
28,46652
28,45790
28,46715
28,45820
28,45898
28,46881
28,46072
28,46994
28,47079
28,46437
28,47382
28,47427
28,46630
28,47692
28,46795
28,47708
28,47862
28,46975
28,47881
28,48006
28,48352
28,48385
28,48424
28,47680
28,47781
28,47934
28,48937
28,48988
28,48198
28,48617
28,49518
28,48735
28,48876
28,49852
28,49857
28,49992
28,50179
28,49514
28,50938
28,51228
28,51246
28,50461
28,51433
28,50568
28,50823
28,51769
28,51778
28,50935
28,51960
28,51225
28,52325
28,52428
28,52457
28,51648
28,52907
28,52989
28,53138
28,53177
28,53241
28,53317
28,53474
28,52762
28,53789
28,53116
28,54089
28,53288
28,54231
28,53492
28,54427
28,54531
28,53655
28,54740
28,54745
28,53871
28,53922
28,54940
28,54957
28,54990
28,54991
28,54097
28,55068
28,54169
28,55242
28,54356
28,54621
28,54667
28,54737
29,32400
29,33190
29,32504
29,33415
29,32713
29,34366
29,34455
29,34592
29,34612
29,34756
29,34858
29,34006
29,35064
29,34172
29,35090
29,35435
29,35639
29,35695
29,35899
29,35954
29,36001
29,36054
29,35181
29,36156
29,36159
29,36194
29,36367
29,36414
29,36501
29,36092
29,37110
29,37202
29,37241
29,37406
29,37630
29,37656
29,36884
29,38310
29,38425
29,37586
29,37634
29,38660
29,38744
29,37926
29,38878
29,38920
29,38227
29,38230
29,39136
29,39193
29,38616
29,39973
29,39978
29,39096
29,39166
29,39183
29,40301
29,40310
29,39424
29,40471
29,40627
29,40018
29,40296
29,40600
29,41538
29,41708
29,41781
29,41826
29,40975
29,42475
29,41696
29,42683
29,42805
29,42158
29,43154
29,43403
29,43463
29,43692
29,42859
29,42931
29,43924
29,43059
29,44014
29,44339
29,43465
29,43553
29,43832
29,43858
29,45067
29,44492
29,45683
29,45691
29,44871
29,44943
29,45985
29,45208
29,45443
29,46435
29,45631
29,46565
29,46668
29,45774
29,45889
29,46923
29,46067
29,47007
29,47075
29,47325
29,47409
29,47585
29,47684
29,47705
29,47868
29,48041
29,48423
29,48447
29,48459
29,48511
29,47686
29,48594
29,47723
29,48654
29,47756
29,48779
29,48812
29,48824
29,47931
29,48968
29,48993
29,48138
29,48377
29,48483
29,49534
29,48638
29,49749
29,49926
29,49038
29,49106
29,50325
29,50331
29,50599
29,50214
29,51130
29,51355
29,51362
29,52139
29,52252
29,51393
29,52392
29,51671
29,52633
29,51762
29,52711
29,52729
29,53036
29,53065
29,53104
29,53250
29,52469
29,53524
29,53672
29,53830
29,53874
29,54043
29,54176
29,54243
29,53548
29,53621
29,53685
29,54620
29,53736
29,54671
29,54750
29,54772
29,54896
29,54916
29,55006
29,55077
29,54414
29,54540
29,54628
29,55115
30,32400
30,31508
30,32609
30,31776
30,32834
30,31960
30,32904
30,32916
30,32314
30,33291
30,32474
30,33484
30,33526
30,32626
30,33766
30,32893
30,34103
30,33224
30,34342
30,34453
30,34525
30,34566
30,33723
30,33775
30,34854
30,34122
30,34446
30,34499
30,34585
30,34736
30,34843
30,34986
30,35017
30,36195
30,36323
30,36325
30,36426
30,35548
30,36915
30,37043
30,37111
30,36664
30,36717
30,36723
30,37697
30,37830
30,37362
30,37487
30,38508
30,38669
30,38917
30,38036
30,39063
30,38736
30,39676
30,39713
30,39797
30,39815
30,39843
30,39890
30,40096
30,39247
30,39266
30,39362
30,40559
30,39688
30,39891
30,41013
30,41051
30,41418
30,41481
30,41712
30,41133
30,42215
30,42218
30,42296
30,42308
30,41448
30,41591
30,42556
30,42755
30,42845
30,42527
30,42640
30,43831
30,43863
30,43008
30,44062
30,43346
30,43371
30,44432
30,44435
30,44502
30,44555
30,44748
30,45108
30,45125
30,45181
30,45215
30,44417
30,44446
30,45347
30,45591
30,45904
30,46097
30,45198
30,46221
30,45391
30,45410
30,46449
30,46459
30,45784
30,46926
30,47213
30,47234
30,47420
30,46557
30,47542
30,47663
30,47699
30,47739
30,47771
30,47777
30,47983
30,48000
30,47116
30,48054
30,47246
30,48222
30,48354
30,48357
30,48689
30,47802
30,48707
30,48805
30,47911
30,47933
30,48879
30,48207
30,48339
30,49579
30,48716
30,49619
30,49026
30,49942
30,49077
30,50232
30,49612
30,49665
30,49770
30,49893
30,50049
30,50051
30,51030
30,51109
30,51233
30,50359
30,50425
30,51406
30,51452
30,50929
30,51188
30,52154
30,52269
30,51537
30,52456
30,51565
30,51785
30,52784
30,52994
30,52352
30,53265
30,53574
30,53578
30,52781
30,53059
30,53075
30,54311
30,54627
30,54853
30,54164
30,54881
30,54887
30,55203
31,32400
31,31621
31,32566
31,31673
31,32602
31,32015
31,32927
31,33218
31,32333
31,33273
31,33409
31,33465
31,33491
31,33604
31,32913
31,33004
31,33947
31,34014
31,34031
31,34328
31,34363
31,33505
31,33723
31,34859
31,34877
31,34899
31,35101
31,35256
31,35317
31,34473
31,35555
31,35918
31,35953
31,36022
31,36288
31,36864
31,37104
31,37484
31,37524
31,37706
31,37711
31,37740
31,37851
31,37919
31,38008
31,38091
31,38496
31,37777
31,38739
31,38019
31,38921
31,38212
31,39116
31,38627
31,39575
31,38703
31,39705
31,40228
31,40231
31,39514
31,39611
31,40030
31,41147
31,40276
31,41284
31,41326
31,41436
31,41563
31,41817
31,42152
31,41273
31,42445
31,42483
31,42677
31,42714
31,42089
31,42191
31,42205
31,42436
31,42508
31,42546
31,42888
31,43800
31,43010
31,43951
31,44051
31,44193
31,43300
31,43645
31,44877
31,45103
31,44269
31,44270
31,44275
31,45331
31,44620
31,45595
31,45625
31,45824
31,45926
31,45085
31,45154
31,46096
31,46131
31,45428
31,45690
31,46603
31,45733
31,46850
31,46008
31,46231
31,47191
31,47507
31,47600
31,47706
31,46819
31,46927
31,48038
31,48401
31,47520
31,48549
31,48661
31,47762
31,47824
31,49097
31,49239
31,49361
31,48910
31,50192
31,49398
31,50523
31,50779
31,50062
31,51243
31,51368
31,50607
31,51516
31,50631
31,51612
31,51617
31,50782
31,51023
31,51163
31,52236
31,51340
31,52456
31,51684
31,52705
31,51908
31,52810
31,53276
31,53312
31,53419
31,53455
31,53748
31,53783
31,52887
31,53285
31,53328
31,54350
31,53706
31,54668
31,53860
31,55036
31,55178
31,54396
31,54614
31,54805
31,54966
31,54973
32,32400
32,32435
32,31548
32,31604
32,32522
32,31649
32,32596
32,32726
32,32922
32,32970
32,33078
32,33180
32,33219
32,32320
32,33318
32,32431
32,32436
32,33342
32,33388
32,32538
32,33545
32,33595
32,33905
32,34023
32,34063
32,34340
32,34397
32,33515
32,33704
32,34607
32,33942
32,33972
32,34874
32,34263
32,34369
32,35510
32,35534
32,35569
32,35972
32,36029
32,36163
32,36173
32,35445
32,36411
32,36420
32,36609
32,36636
32,36743
32,36792
32,36827
32,36259
32,37265
32,37322
32,36457
32,37391
32,36519
32,37483
32,36619
32,36660
32,37586
32,36705
32,37774
32,37844
32,36947
32,37855
32,38092
32,37239
32,38306
32,38637
32,38656
32,38689
32,38026
32,39037
32,38295
32,39359
32,39387
32,38843
32,38977
32,39030
32,39034
32,40065
32,39369
32,39554
32,39664
32,40579
32,40717
32,39854
32,40755
32,40925
32,40067
32,41314
32,40427
32,40630
32,41617
32,41108
32,42030
32,41153
32,41272
32,41371
32,42358
32,42549
32,42620
32,41807
32,42727
32,42755
32,41871
32,41912
32,42141
32,43371
32,42498
32,42501
32,42525
32,42644
32,43750
32,42875
32,43794
32,43841
32,43867
32,43942
32,44172
32,43444
32,44418
32,43553
32,44514
32,43750
32,44663
32,43813
32,44733
32,43957
32,44015
32,45185
32,44298
32,44576
32,44622
32,45603
32,45678
32,45895
32,45137
32,45495
32,46408
32,46474
32,46507
32,45631
32,45639
32,45747
32,46724
32,45825
32,46756
32,46268
32,47268
32,46473
32,47571
32,47698
32,47821
32,47005
32,48350
32,47537
32,48655
32,48666
32,48804
32,48861
32,47976
32,48980
32,48994
32,49127
32,48262
32,48505
32,49425
32,49459
32,48665
32,49632
32,49732
32,48939
32,50223
32,50502
32,50562
32,50585
32,49690
32,50025
32,50110
32,51020
32,50308
32,50569
32,50792
32,50879
32,50882
32,52015
32,52081
32,52131
32,51367
32,52293
32,52323
32,51534
32,52569
32,51695
32,51716
32,52690
32,51830
32,52770
32,52795
32,53107
32,53143
32,52287
32,53195
32,53240
32,53448
32,53607
32,54259
32,53366
32,54306
32,54369
32,54481
32,54506
32,54627
32,53746
32,53760
32,54708
32,55065
32,54455
32,54811
33,32400
33,31560
33,32515
33,32723
33,31982
33,32055
33,33016
33,33027
33,33117
33,33161
33,33400
33,33472
33,33539
33,33718
33,33740
33,32988
33,34133
33,33283
33,34235
33,33580
33,33596
33,34500
33,34532
33,34829
33,35172
33,35339
33,35402
33,35596
33,35603
33,35667
33,35808
33,35957
33,35084
33,35091
33,36044
33,36050
33,35152
33,36225
33,35456
33,36574
33,37049
33,36211
33,37242
33,37489
33,37690
33,37803
33,37024
33,38031
33,38042
33,38125
33,38260
33,37400
33,38330
33,38363
33,38481
33,37668
33,38713
33,37865
33,38804
33,38891
33,38018
33,38199
33,39160
33,39194
33,38551
33,38765
33,38782
33,38855
33,38860
33,39818
33,39009
33,39141
33,40106
33,40111
33,40323
33,40491
33,40634
33,40905
33,41088
33,41116
33,41177
33,41214
33,41285
33,40393
33,40494
33,41435
33,41733
33,41152
33,41176
33,41260
33,41388
33,41501
33,41672
33,42576
33,42648
33,42656
33,42957
33,42057
33,43006
33,42324
33,42325
33,42504
33,43429
33,42563
33,42721
33,43784
33,43874
33,43923
33,43035
33,44074
33,44286
33,44455
33,43557
33,44458
33,43574
33,44566
33,44761
33,44814
33,45028
33,45118
33,45129
33,44241
33,44728
33,45904
33,46089
33,46090
33,45277
33,45452
33,46385
33,46492
33,46518
33,46761
33,46764
33,46802
33,46813
33,47073
33,46340
33,47264
33,47624
33,47858
33,48054
33,48302
33,47756
33,48935
33,48982
33,49027
33,49065
33,49123
33,49152
33,49310
33,49578
33,48804
33,49089
33,50059
33,50074
33,50126
33,50349
33,49629
33,50677
33,50855
33,50164
33,51193
33,51267
33,51290
33,51546
33,50843
33,51805
33,51834
33,51872
33,52076
33,52169
33,52215
33,52389
33,52397
33,52511
33,52789
33,53072
33,53166
33,52309
33,53571
33,52933
33,52962
33,53864
33,53968
33,54002
33,53147
33,54139
33,54160
33,53527
33,54484
33,54654
33,54659
33,54718
33,54789
33,53968
33,55062
33,55181
33,54309
33,54444
33,54825
33,55003
34,32400
34,32419
34,32663
34,32098
34,33103
34,32756
34,33746
34,34130
34,34144
34,34167
34,33281
34,34295
34,33424
34,34622
34,33758
34,34067
34,35371
34,34640
34,34719
34,34753
34,35705
34,34937
34,35878
34,34981
34,35149
34,35211
34,35231
34,36192
34,36234
34,35401
34,35443
34,35553
34,35587
34,35776
34,36736
34,36763
34,36874
34,36984
34,37082
34,36225
34,37159
34,37248
34,37353
34,37463
34,37752
34,37122
34,37146
34,37262
34,38298
34,37400
34,38364
34,38490
34,38619
34,37720
34,38662
34,38885
34,39064
34,38186
34,39236
34,39379
34,39767
34,39795
34,39917
34,39235
34,39325
34,40376
34,40483
34,40568
34,39766
34,40083
34,41153
34,41226
34,41424
34,41926
34,42075
34,41290
34,41328
34,42233
34,42476
34,41647
34,42558
34,42915
34,43311
34,42510
34,43418
34,43505
34,43566
34,42693
34,43595
34,43626
34,43643
34,43727
34,43769
34,43810
34,44013
34,44048
34,43255
34,43256
34,43303
34,44208
34,43313
34,44623
34,44666
34,43951
34,44937
34,44265
34,45450
34,44586
34,45522
34,45657
34,44992
34,46133
34,45437
34,45446
34,46389
34,46788
34,46811
34,45911
34,47133
34,46457
34,46527
34,47457
34,47652
34,46902
34,47865
34,47372
34,48302
34,47416
34,48366
34,48375
34,48413
34,48559
34,48643
34,48677
34,49072
34,48204
34,49238
34,48412
34,49371
34,49493
34,48699
34,48854
34,49276
34,50362
34,50365
34,50431
34,50473
34,50683
34,50742
34,50754
34,50040
34,50141
34,51115
34,51184
34,51518
34,51657
34,51776
34,51881
34,51260
34,52256
34,52270
34,52503
34,52613
34,51750
34,52659
34,52692
34,52046
34,52372
34,53732
34,54000
34,54205
34,54349
34,54419
34,53759
34,53796
34,54784
34,53919
34,54847
34,54910
34,54046
34,54973
34,55162
34,55232
34,54620
34,54975
34,55252
35,32400
35,31711
35,32706
35,31915
35,33184
35,33250
35,33294
35,33439
35,33697
35,33859
35,34100
35,34163
35,34197
35,34243
35,33392
35,34424
35,33914
35,35074
35,35202
35,35262
35,35269
35,35325
35,35332
35,35518
35,35564
35,34692
35,35658
35,34805
35,35706
35,34863
35,34981
35,35941
35,35074
35,35986
35,35299
35,36265
35,36285
35,36304
35,36333
35,35869
35,36886
35,36148
35,36429
35,37344
35,36492
35,37427
35,37435
35,36652
35,36946
35,37867
35,37877
35,37203
35,38151
35,37421
35,37519
35,38429
35,38444
35,38454
35,38586
35,38607
35,38073
35,39055
35,39375
35,38477
35,39651
35,39720
35,39747
35,38868
35,38923
35,39137
35,39352
35,39499
35,39536
35,40483
35,40517
35,40554
35,40658
35,39811
35,40784
35,40970
35,40995
35,41121
35,41193
35,41217
35,40339
35,40495
35,41396
35,41578
35,40689
35,41599
35,41776
35,40877
35,42046
35,42283
35,42567
35,41828
35,42919
35,43073
35,42264
35,42377
35,42674
35,42884
35,43856
35,43008
35,44062
35,43195
35,44301
35,44585
35,44590
35,43881
35,43940
35,44896
35,44919
35,45085
35,45209
35,45249
35,46044
35,46356
35,46455
35,46555
35,46574
35,45804
35,46749
35,46769
35,46929
35,47522
35,46634
35,47578
35,47619
35,46889
35,47872
35,47898
35,47959
35,47059
35,47093
35,48061
35,48482
35,47833
35,48828
35,47996
35,49088
35,49154
35,49343
35,49389
35,49571
35,49742
35,48877
35,49855
35,50017
35,50056
35,49263
35,50217
35,50359
35,50404
35,49813
35,50012
35,50950
35,51008
35,51635
35,51854
35,50960
35,51142
35,52225
35,52332
35,52379
35,52437
35,52448
35,52526
35,52604
35,52660
35,52759
35,52793
35,52144
35,53057
35,52173
35,53180
35,52536
35,52601
35,53668
35,53697
35,53748
35,52959
35,53934
35,54013
35,54018
35,54144
35,54206
35,54286
35,53422
35,54396
35,54407
35,54741
35,55083
35,55092
35,55245
35,54572
35,54726
35,54892
36,32400
36,32406
36,31584
36,32508
36,31653
36,32729
36,31924
36,32838
36,32851
36,32912
36,32134
36,33043
36,32250
36,33207
36,33365
36,32529
36,33455
36,33585
36,33709
36,33736
36,33743
36,33827
36,33175
36,33185
36,33255
36,34594
36,33851
36,33951
36,34892
36,34928
36,35013
36,35015
36,34751
36,35751
36,36262
36,36423
36,36467
36,36473
36,36525
36,36718
36,35885
36,36076
36,36993
36,37041
36,36219
36,37181
36,37200
36,36331
36,37338
36,37354
36,36455
36,37363
36,37366
36,37696
36,37743
36,37759
36,36961
36,37908
36,38160
36,38160
36,37288
36,38420
36,37816
36,38838
36,37978
36,38129
36,38140
36,39114
36,39117
36,38257
36,38480
36,38492
36,39439
36,38656
36,39740
36,38858
36,39922
36,39962
36,39976
36,40135
36,40144
36,40171
36,40207
36,40308
36,39495
36,39617
36,39896
36,39896
36,40058
36,41242
36,41363
36,40479
36,41511
36,41578
36,40689
36,41780
36,41012
36,41976
36,41223
36,42210
36,42315
36,42432
36,42472
36,42809
36,42821
36,41999
36,43204
36,42473
36,43550
36,43618
36,43032
36,44010
36,43133
36,44332
36,44360
36,44377
36,43496
36,43528
36,44687
36,44803
36,44838
36,45022
36,45311
36,45469
36,44599
36,45553
36,45642
36,44769
36,45918
36,45072
36,46055
36,45175
36,45269
36,45318
36,46613
36,46661
36,46829
36,46898
36,46112
36,46441
36,47447
36,47484
36,47593
36,47594
36,47652
36,47750
36,47257
36,48478
36,47607
36,47623
36,48742
36,48776
36,47982
36,48973
36,49260
36,48360
36,49343
36,49396
36,49642
36,49748
36,48908
36,50127
36,50189
36,50252
36,50317
36,50367
36,49579
36,49987
36,50965
36,51110
36,51150
36,51521
36,50711
36,51709
36,51749
36,52177
36,52325
36,52367
36,52400
36,51560
36,51575
36,52500
36,51682
36,52615
36,53074
36,53165
36,53224
36,52483
36,53460
36,52566
36,53525
36,53596
36,53708
36,52953
36,54059
36,54199
36,54393
36,53516
36,54456
36,54550
36,53695
36,54739
36,54836
36,54174
36,55110
36,55177
37,32400
37,31576
37,31651
37,31843
37,31885
37,32793
37,32049
37,33233
37,32413
37,33484
37,32673
37,33575
37,32728
37,33841
37,32988
37,34028
37,34028
37,34051
37,33210
37,33232
37,34188
37,33432
37,33436
37,34508
37,33695
37,34692
37,33849
37,34973
37,34979
37,34300
37,34529
37,35876
37,36029
37,36129
37,36159
37,36336
37,35436
37,35560
37,36695
37,36705
37,36227
37,36359
37,37478
37,36677
37,36696
37,37794
37,37893
37,37084
37,37348
37,38335
37,38359
37,37480
37,38575
37,37710
37,38704
37,37855
37,38969
37,38995
37,39048
37,38289
37,38310
37,38397
37,39449
37,39532
37,39591
37,39607
37,38758
37,39670
37,39676
37,39730
37,39750
37,38921
37,39917
37,39106
37,40081
37,40144
37,39315
37,40246
37,40277
37,39475
37,39751
37,39766
37,40997
37,41003
37,41111
37,41390
37,40499
37,41564
37,40722
37,41764
37,41904
37,41064
37,42010
37,41129
37,41243
37,42146
37,42366
37,42486
37,41655
37,42709
37,42743
37,42779
37,42194
37,42827
37,43768
37,42890
37,42982
37,43219
37,43531
37,44561
37,44636
37,44658
37,43761
37,44677
37,43872
37,44784
37,43923
37,44854
37,43964
37,44178
37,45431
37,45461
37,44567
37,45503
37,45848
37,45030
37,45935
37,45974
37,46030
37,45191
37,46198
37,46200
37,45354
37,46757
37,46852
37,46031
37,46083
37,46103
37,47302
37,46514
37,47433
37,47526
37,46711
37,47749
37,47795
37,47830
37,47897
37,47941
37,47485
37,48407
37,47605
37,48567
37,47689
37,49239
37,49390
37,49700
37,49734
37,49928
37,50086
37,50146
37,50238
37,50298
37,49429
37,50361
37,50404
37,50447
37,50534
37,50700
37,50835
37,50034
37,50196
37,51136
37,51349
37,50628
37,51690
37,50821
37,51904
37,51963
37,51986
37,52148
37,52203
37,52266
37,52304
37,52459
37,52509
37,52510
37,52634
37,51762
37,51836
37,52816
37,52939
37,52090
37,53201
37,53238
37,52426
37,52457
37,53522
37,53526
37,53572
37,53904
37,53226
37,54234
37,54380
37,54594
37,53697
37,53714
37,54653
37,54765
37,54955
37,54982
37,55005
37,54170
37,54214
37,54604
37,54709
37,54712
37,54826
37,55137
38,32400
38,32455
38,32548
38,32574
38,31769
38,32828
38,32903
38,32010
38,32917
38,33054
38,32159
38,33062
38,33068
38,33270
38,33346
38,32595
38,32613
38,32671
38,32780
38,32823
38,33838
38,33886
38,34188
38,33297
38,33600
38,34526
38,33688
38,34880
38,34245
38,35207
38,34329
38,34427
38,35437
38,34544
38,34652
38,35643
38,35664
38,35709
38,35050
38,35954
38,35099
38,35331
38,35611
38,36513
38,35718
38,36648
38,36903
38,36214
38,37132
38,36368
38,37294
38,37537
38,36703
38,36785
38,37719
38,36819
38,36931
38,37840
38,37062
38,38508
38,38878
38,38133
38,39036
38,38328
38,39378
38,39464
38,39563
38,39621
38,39747
38,38888
38,39946
38,39996
38,39265
38,40297
38,39521
38,40491
38,39607
38,40652
38,39816
38,39985
38,41194
38,41295
38,41573
38,41712
38,41944
38,41163
38,42125
38,42399
38,42529
38,42633
38,42643
38,42664
38,41881
38,41926
38,42837
38,43359
38,42860
38,43763
38,43797
38,43126
38,43177
38,43196
38,44248
38,43381
38,44342
38,44384
38,44441
38,44466
38,44609
38,43751
38,43796
38,44386
38,45509
38,45715
38,45080
38,46094
38,46135
38,45317
38,45544
38,45568
38,45698
38,46605
38,45773
38,46689
38,45867
38,47087
38,47174
38,47194
38,47273
38,46418
38,46485
38,47637
38,47742
38,47746
38,47900
38,47945
38,47976
38,47989
38,47308
38,48284
38,48346
38,48412
38,48423
38,48622
38,48682
38,47938
38,49052
38,49160
38,49321
38,48443
38,48512
38,48593
38,48653
38,48891
38,49969
38,49087
38,50026
38,49266
38,50182
38,49608
38,49632
38,49754
38,50708
38,50737
38,50790
38,49914
38,50889
38,51051
38,50227
38,51216
38,51226
38,51461
38,51672
38,50779
38,50813
38,50918
38,51947
38,51960
38,51083
38,52090
38,52168
38,52197
38,51484
38,52388
38,52444
38,51710
38,52664
38,52687
38,52718
38,52779
38,52836
38,52936
38,52942
38,52957
38,52986
38,52987
38,53116
38,52219
38,53217
38,53294
38,53411
38,53457
38,53747
38,53856
38,53040
38,53955
38,53985
38,53213
38,54224
38,54281
38,54284
38,54981
38,55173
38,54587
38,54680
38,55160
38,55233
39,32400
39,32596
39,32849
39,32114
39,32143
39,33290
39,33364
39,32539
39,33611
39,33765
39,33167
39,34131
39,34275
39,34326
39,34413
39,34558
39,33734
39,34666
39,33821
39,35244
39,35328
39,35359
39,35366
39,34487
39,36073
39,36098
39,36177
39,35388
39,35423
39,36399
39,36507
39,36706
39,36773
39,36774
39,36963
39,36967
39,36121
39,36289
39,37274
39,36430
39,36698
39,36835
39,37854
39,37047
39,37949
39,37127
39,38035
39,38056
39,38082
39,37257
39,38168
39,37304
39,38256
39,38260
39,38286
39,38299
39,38329
39,38348
39,38384
39,38523
39,37684
39,38627
39,38666
39,37998
39,38902
39,38919
39,38345
39,39280
39,38496
39,39791
39,39815
39,39923
39,40138
39,39262
39,40363
39,40513
39,39675
39,39688
39,40905
39,41245
39,41349
39,40462
39,40567
39,41541
39,41767
39,41825
39,41868
39,41154
39,41158
39,42094
39,41208
39,41324
39,42283
39,42445
39,41593
39,42562
39,42605
39,41793
39,42709
39,41882
39,42146
39,43325
39,43438
39,42559
39,43495
39,43720
39,42908
39,43994
39,44136
39,44147
39,43441
39,43509
39,44475
39,44483
39,44693
39,44833
39,44151
39,45079
39,45188
39,44553
39,45520
39,44772
39,45164
39,46152
39,46184
39,45517
39,45614
39,45792
39,46788
39,46079
39,46143
39,46286
39,46375
39,47309
39,47535
39,47800
39,46914
39,47917
39,47213
39,48126
39,48440
39,48922
39,49209
39,49410
39,49731
39,48878
39,48880
39,48951
39,48969
39,49971
39,50162
39,50180
39,50255
39,49409
39,50406
39,50464
39,49779
39,49940
39,50904
39,50008
39,51105
39,51365
39,52118
39,51348
39,51464
39,52371
39,51613
39,52715
39,53112
39,53339
39,53720
39,52865
39,52990
39,53901
39,53005
39,53013
39,54001
39,53316
39,54359
39,53908
39,55060
39,55123
39,54234
39,54493
39,54567
39,54749
40,32400
40,32538
40,32660
40,33007
40,32157
40,32196
40,32372
40,33275
40,33403
40,33461
40,33573
40,32781
40,33786
40,34057
40,34155
40,34247
40,33509
40,34566
40,34577
40,34915
40,34093
40,35016
40,34127
40,35109
40,34217
40,35231
40,35299
40,35340
40,34800
40,35821
40,35081
40,36051
40,36437
40,35851
40,36073
40,37006
40,37130
40,37246
40,37437
40,36654
40,37743
40,36982
40,36999
40,37912
40,38027
40,38114
40,38148
40,37275
40,38205
40,37353
40,38364
40,38438
40,37593
40,37640
40,38613
40,38003
40,38909
40,38424
40,38470
40,39386
40,39535
40,38688
40,39684
40,39708
40,39718
40,38819
40,39745
40,39884
40,39910
40,40108
40,40137
40,39299
40,39838
40,39869
40,40825
40,40850
40,40936
40,40047
40,41083
40,41367
40,41609
40,40858
40,41967
40,41318
40,42433
40,42480
40,42609
40,41821
40,42802
40,41927
40,41964
40,42950
40,42101
40,43168
40,43216
40,43290
40,43929
40,43165
40,44066
40,44210
40,43311
40,44404
40,44462
40,44473
40,44649
40,44723
40,44731
40,44843
40,44010
40,44354
40,44559
40,45474
40,46036
40,45165
40,46067
40,46074
40,46296
40,45426
40,45547
40,46456
40,46881
40,47084
40,47124
40,46224
40,47155
40,47157
40,46273
40,47175
40,47279
40,47353
40,46473
40,47404
40,47981
40,47090
40,48456
40,47725
40,48631
40,48657
40,47798
40,48861
40,48884
40,48004
40,48098
40,48111
40,49261
40,49410
40,49512
40,49512
40,49690
40,48858
40,48861
40,50105
40,49243
40,49533
40,50483
40,49758
40,49981
40,50889
40,50901
40,50174
40,51286
40,50443
40,50558
40,51620
40,51002
40,51943
40,52202
40,52469
40,52554
40,52741
40,51990
40,52051
40,52105
40,52230
40,53210
40,53501
40,53524
40,53640
40,52885
40,52961
40,53108
40,54097
40,53330
40,53390
40,54527
40,54635
40,54152
40,55174
40,54417
40,54467
40,54826
40,54949
41,32400
41,32533
41,32722
41,32853
41,32037
41,32076
41,32083
41,32412
41,33366
41,33586
41,32800
41,32853
41,32936
41,33889
41,34024
41,34038
41,33236
41,33261
41,34608
41,34745
41,34860
41,34193
41,35095
41,34202
41,35108
41,34317
41,34340
41,35266
41,35323
41,34627
41,34765
41,35715
41,35764
41,34974
41,35970
41,35980
41,35983
41,35985
41,36145
41,35302
41,35313
41,35439
41,36769
41,36811
41,36930
41,36077
41,37059
41,36305
41,37221
41,36330
41,36456
41,37514
41,37571
41,36837
41,37856
41,37052
41,37967
41,38036
41,37209
41,38347
41,37585
41,38663
41,38752
41,38883
41,38891
41,38382
41,39283
41,38425
41,38458
41,38602
41,39659
41,39700
41,39929
41,39364
41,39497
41,40451
41,39695
41,39699
41,40646
41,39832
41,40825
41,40926
41,40949
41,40080
41,41005
41,40144
41,40259
41,41367
41,40473
41,40623
41,41898
41,41134
41,42450
41,42545
41,42585
41,42617
41,41718
41,42741
41,42808
41,42949
41,43008
41,42275
41,43266
41,43429
41,43525
41,43940
41,43271
41,44275
41,44375
41,43620
41,44623
41,44649
41,44777
41,44195
41,44427
41,44487
41,44579
41,44695
41,46014
41,45543
41,46513
41,46517
41,45624
41,45628
41,46757
41,45896
41,46822
41,45956
41,46002
41,46073
41,46194
41,47199
41,47561
41,47607
41,46861
41,46871
41,47846
41,48181
41,48194
41,48250
41,48275
41,48418
41,48560
41,48636
41,47766
41,48743
41,48928
41,49034
41,48287
41,48351
41,48572
41,49529
41,48825
41,49803
41,49863
41,49054
41,49068
41,49069
41,49993
41,49146
41,49437
41,50343
41,50404
41,49551
41,50530
41,50654
41,50943
41,51018
41,51043
41,51257
41,51261
41,50391
41,51306
41,50488
41,51446
41,51555
41,51840
41,52025
41,52033
41,52151
41,51410
41,51869
41,51881
41,53084
41,52202
41,52365
41,52690
41,53675
41,52957
41,54196
41,53456
41,54429
41,53535
41,53651
41,54898
41,54903
41,55137
41,54433
41,54479
41,54793
41,54845
42,32400
42,31924
42,33008
42,33088
42,33137
42,33255
42,33378
42,32547
42,33449
42,32554
42,33457
42,33578
42,32746
42,32903
42,33251
42,33291
42,34269
42,34411
42,34413
42,34538
42,33639
42,33714
42,34664
42,33838
42,34835
42,34936
42,34087
42,34164
42,35176
42,35179
42,34284
42,35420
42,34617
42,36109
42,36130
42,36261
42,36881
42,36045
42,37104
42,37131
42,36368
42,36669
42,36678
42,37831
42,37019
42,38216
42,37339
42,37422
42,37525
42,38428
42,37560
42,37801
42,38741
42,37845
42,37879
42,37907
42,39164
42,39165
42,39240
42,39241
42,38393
42,39307
42,38469
42,39375
42,39398
42,39399
42,38552
42,38611
42,38627
42,39613
42,39637
42,38858
42,39767
42,39826
42,40008
42,40158
42,40170
42,39488
42,39501
42,40474
42,40594
42,40715
42,40085
42,41543
42,40793
42,40861
42,40878
42,41175
42,42488
42,41595
42,42497
42,42536
42,42544
42,42590
42,42850
42,42937
42,42080
42,43177
42,42506
42,42532
42,43464
42,43575
42,43584
42,42733
42,42792
42,42990
42,44266
42,43391
42,44456
42,44529
42,44581
42,44644
42,44687
42,44746
42,43896
42,43911
42,44132
42,45105
42,45222
42,45332
42,45491
42,44621
42,44622
42,44979
42,46113
42,45241
42,46406
42,46529
42,46558
42,46604
42,45721
42,46684
42,47000
42,46152
42,47075
42,47078
42,46277
42,46369
42,47409
42,46555
42,47578
42,46767
42,47673
42,47738
42,48000
42,48002
42,48076
42,48091
42,48157
42,47327
42,48252
42,48584
42,48769
42,48812
42,49218
42,49243
42,49265
42,49319
42,49511
42,49526
42,48702
42,49631
42,49100
42,49316
42,50243
42,50251
42,49366
42,49451
42,50409
42,49852
42,50042
42,50077
42,50101
42,51106
42,51415
42,51104
42,51468
42,51626
42,52809
42,52006
42,52025
42,52964
42,52969
42,53055
42,52156
42,53208
42,53296
42,53318
42,53467
42,53522
42,52709
42,53758
42,53768
42,53824
42,52966
42,52973
42,53930
42,53995
42,54247
42,54276
42,54343
42,54638
42,53884
42,54294
42,54367
42,55240
43,32400
43,32658
43,31834
43,31906
43,31937
43,33092
43,33451
43,33468
43,33591
43,32699
43,32715
43,32801
43,33001
43,33032
43,33994
43,34274
43,34317
43,34367
43,33649
43,33878
43,34865
43,34069
43,35002
43,35109
43,35153
43,35335
43,35346
43,34526
43,34992
43,36074
43,36392
43,36518
43,36006
43,36926
43,36096
43,37074
43,36313
43,36340
43,36390
43,37310
43,37398
43,37457
43,36605
43,36689
43,37593
43,37878
43,36979
43,36989
43,37959
43,37154
43,37363
43,37393
43,38317
43,38333
43,37464
43,38572
43,37769
43,38698
43,37913
43,38841
43,37941
43,37964
43,38882
43,39065
43,38622
43,39531
43,39615
43,39632
43,39808
43,39860
43,39890
43,39169
43,40071
43,40236
43,40247
43,40436
43,40611
43,40628
43,40671
43,39900
43,40829
43,41494
43,40633
43,41783
43,41856
43,42140
43,42172
43,41465
43,41532
43,41570
43,42580
43,42709
43,42769
43,41888
43,43213
43,43437
43,42567
43,43469
43,43546
43,43568
43,42700
43,43733
43,44160
43,44175
43,44183
43,43445
43,43514
43,44485
43,43904
43,44320
43,45265
43,45315
43,45493
43,44847
43,44878
43,45043
43,45136
43,45182
43,46116
43,45237
43,45403
43,46347
43,45523
43,46500
43,46545
43,45655
43,46571
43,46587
43,46608
43,46627
43,46714
43,46922
43,46043
43,46971
43,46285
43,47201
43,47729
43,47790
43,46903
43,47893
43,47092
43,48172
43,47430
43,47536
43,47551
43,48515
43,48574
43,47766
43,47766
43,48336
43,49451
43,49696
43,48907
43,49812
43,49906
43,49181
43,50125
43,50300
43,50310
43,50447
43,50447
43,50553
43,50639
43,50807
43,50035
43,50313
43,51221
43,50439
43,51394
43,50672
43,51587
43,51716
43,50837
43,50854
43,50875
43,50948
43,51912
43,51957
43,51973
43,52115
43,52200
43,52242
43,52390
43,52514
43,52617
43,51740
43,51907
43,51921
43,52890
43,52062
43,52131
43,53215
43,53269
43,53395
43,52509
43,52568
43,53642
43,53645
43,53663
43,53709
43,53810
43,53823
43,54109
43,54286
43,54481
43,54544
43,53662
43,54737
43,54907
43,55246
43,54555
43,54649
43,54699
43,55010
43,55182
44,32400
44,31745
44,32722
44,32085
44,33022
44,32265
44,33251
44,33323
44,33339
44,33390
44,32521
44,33457
44,33542
44,32646
44,33755
44,33777
44,33840
44,33858
44,33925
44,33154
44,34252
44,33364
44,34403
44,33543
44,34449
44,34599
44,33866
44,34839
44,34853
44,34004
44,34995
44,35046
44,35115
44,34317
44,35435
44,35650
44,34934
44,35953
44,36004
44,36154
44,36164
44,36339
44,36388
44,36583
44,36766
44,36978
44,36183
44,36212
44,37320
44,36422
44,37520
44,36729
44,37657
44,37797
44,36938
44,37996
44,37217
44,38248
44,38363
44,37515
44,38451
44,38535
44,38545
44,38630
44,38900
44,39027
44,39200
44,39301
44,38524
44,39455
44,38777
44,39927
44,40109
44,39510
44,40524
44,40744
44,41073
44,41155
44,40498
44,40713
44,41631
44,41849
44,42188
44,41381
44,42357
44,42374
44,41496
44,41563
44,42709
44,42757
44,42243
44,42296
44,43213
44,43232
44,43510
44,43544
44,43703
44,43055
44,43965
44,44005
44,44190
44,44245
44,44252
44,44375
44,44569
44,43740
44,43892
44,43919
44,45252
44,45671
44,45699
44,45224
44,45297
44,46212
44,45381
44,46552
44,46597
44,46777
44,45997
44,46939
44,46052
44,47022
44,46194
44,46217
44,47308
44,47570
44,46761
44,47793
44,47893
44,47926
44,48004
44,48423
44,47683
44,47684
44,47760
44,48869
44,49317
44,49377
44,48581
44,48640
44,49610
44,48720
44,49643
44,49738
44,48951
44,49198
44,50120
44,50282
44,50308
44,50430
44,49595
44,50500
44,50525
44,49644
44,49761
44,49962
44,51260
44,51313
44,51366
44,50526
44,51448
44,51482
44,51787
44,52084
44,52095
44,51295
44,52497
44,52740
44,52014
44,53003
44,53004
44,53046
44,52237
44,52237
44,53270
44,52377
44,53551
44,53715
44,54041
44,54166
44,54323
44,54424
44,54436
44,53665
44,54691
44,54770
44,54079
44,54175
44,55077
44,55130
44,54632
44,54722
45,32400
45,32469
45,32470
45,32482
45,32705
45,32860
45,31996
45,32108
45,32114
45,33093
45,32217
45,33278
45,32489
45,33438
45,32567
45,32924
45,32926
45,32986
45,33996
45,34289
45,34318
45,34370
45,34891
45,34906
45,34157
45,34193
45,34221
45,35165
45,35189
45,34358
45,34400
45,34635
45,34873
45,35782
45,35843
45,35355
45,36314
45,36644
45,36768
45,37210
45,37259
45,37425
45,37622
45,37929
45,37208
45,38213
45,38433
45,37827
45,37853
45,38928
45,39031
45,38267
45,38281
45,39336
45,38837
45,38906
45,39870
45,39977
45,40057
45,40175
45,39319
45,40502
45,39615
45,40611
45,40643
45,39842
45,40111
45,41032
45,41040
45,41145
45,42110
45,42160
45,41756
45,42963
45,42965
45,43039
45,43497
45,43553
45,43680
45,43697
45,42898
45,43939
45,43965
45,44014
45,44120
45,44168
45,44386
45,44555
45,43762
45,43824
45,44861
45,44887
45,44039
45,44943
45,44044
45,45003
45,45105
45,45173
45,45190
45,44492
45,44586
45,44700
45,44708
45,46072
45,46195
45,46251
45,45691
45,46720
45,46746
45,45869
45,46961
45,46988
45,47038
45,46347
45,47326
45,46569
45,47506
45,46771
45,47690
45,47000
45,47003
45,47913
45,48093
45,48097
45,48135
45,48311
45,48411
45,48669
45,48752
45,48825
45,49015
45,48132
45,48186
45,49330
45,49414
45,49434
45,49524
45,49591
45,48695
45,49630
45,49687
45,49756
45,49872
45,49005
45,50422
45,50542
45,50694
45,50707
45,50773
45,50123
45,50255
45,51257
45,51272
45,51353
45,51391
45,50585
45,51564
45,51599
45,50723
45,51643
45,51682
45,50811
45,50915
45,51906
45,52417
45,52442
45,52599
45,52601
45,51754
45,52860
45,52868
45,52877
45,53169
45,52313
45,52324
45,53379
45,53452
45,53686
45,52822
45,53803
45,54031
45,54041
45,54050
45,54126
45,54163
45,53524
45,54772
45,53915
45,54029
45,54173
45,54180
45,54660
45,54785
45,54808
45,55172
46,32400
46,32460
46,32623
46,32687
46,33105
46,33295
46,33441
46,32572
46,32766
46,33721
46,32865
46,33051
46,34011
46,33272
46,34341
46,34555
46,34582
46,33731
46,34961
46,34148
46,35126
46,35179
46,35622
46,35627
46,35692
46,35792
46,35805
46,34921
46,34945
46,34972
46,35173
46,35293
46,36428
46,36479
46,36532
46,36559
46,36628
46,36846
46,35957
46,36012
46,37177
46,36309
46,37255
46,37458
46,36608
46,37560
46,37688
46,37035
46,37943
46,37256
46,38289
46,37407
46,38459
46,38514
46,38590
46,37726
46,37782
46,37815
46,37828
46,37870
46,39025
46,39137
46,39192
46,39291
46,39400
46,39444
46,39599
46,39724
46,39869
46,39929
46,39952
46,40000
46,40234
46,40464
46,40565
46,40666
46,40737
46,40180
46,41112
46,41386
46,41430
46,41497
46,41497
46,41523
46,41574
46,42140
46,41341
46,42395
46,41543
46,41615
46,42549
46,42664
46,42767
46,42834
46,42937
46,42994
46,42105
46,43079
46,43134
46,42298
46,43285
46,43471
46,42586
46,43612
46,42719
46,43656
46,43804
46,43839
46,42975
46,42975
46,43919
46,44036
46,44040
46,43167
46,44153
46,43276
46,44192
46,44221
46,44324
46,43607
46,44555
46,44719
46,44766
46,43888
46,44054
46,45000
46,44138
46,45066
46,44180
46,44196
46,45107
46,45192
46,45206
46,45233
46,45246
46,44437
46,45389
46,45469
46,45557
46,45668
46,45673
46,45713
46,44864
46,45025
46,46014
46,46244
46,45542
46,45681
46,46723
46,45953
46,46863
46,47002
46,46122
46,47093
46,46254
46,46314
46,47256
46,47287
46,47488
46,46659
46,47618
46,46734
46,47995
46,47404
46,48468
46,48548
46,47865
46,48889
46,48905
46,48088
46,48244
46,49162
46,49165
46,49186
46,49260
46,48392
46,48418
46,49701
46,49762
46,50019
46,50223
46,50250
46,49425
46,50377
46,50545
46,50582
46,50592
46,50612
46,49829
46,49899
46,49921
46,50896
46,51028
46,51116
46,51126
46,51312
46,50693
46,51826
46,51866
46,51922
46,51996
46,51108
46,52141
46,52162
46,52291
46,52393
46,52600
46,51752
46,51830
46,51861
46,52134
46,53219
46,52606
46,53528
46,53669
46,54145
46,54354
46,54438
46,54554
46,54807
46,54903
46,54028
46,54041
46,54949
46,55172
46,54403
46,54471
46,54511
46,54558
46,55247
47,32400
47,32608
47,31732
47,33038
47,33360
47,33481
47,33492
47,32696
47,33644
47,32746
47,33848
47,34103
47,33251
47,33308
47,33395
47,34418
47,34498
47,33702
47,33848
47,33993
47,34976
47,35010
47,34403
47,35386
47,35388
47,35701
47,35771
47,35779
47,35082
47,36108
47,36110
47,36133
47,36256
47,36288
47,36305
47,35427
47,35482
47,36394
47,36419
47,36491
47,36822
47,36827
47,36007
47,36009
47,36920
47,36937
47,36949
47,37259
47,37318
47,36527
47,37525
47,37563
47,36802
47,37720
47,37749
47,37977
47,38115
47,37720
47,37736
47,37755
47,37949
47,37952
47,39228
47,39312
47,39465
47,39609
47,38856
47,39067
47,40011
47,39325
47,40281
47,39654
47,40657
47,40725
47,40792
47,41130
47,41453
47,40647
47,41630
47,40760
47,41728
47,40838
47,41064
47,41289
47,42678
47,42698
47,42872
47,41972
47,42978
47,42978
47,43178
47,43360
47,43540
47,43715
47,44146
47,44167
47,44214
47,44584
47,44813
47,43953
47,45135
47,45177
47,45332
47,45363
47,45395
47,45620
47,44725
47,45630
47,45729
47,45736
47,45797
47,44919
47,45949
47,45953
47,45192
47,46159
47,46379
47,46592
47,46593
47,46629
47,46722
47,46797
47,46153
47,47060
47,47086
47,46187
47,47172
47,46333
47,47342
47,46514
47,47583
47,47917
47,47132
47,48238
47,47491
47,48437
47,48569
47,47700
47,48613
47,47721
47,48666
47,47835
47,48810
47,48874
47,48927
47,48210
47,48250
47,49331
47,48454
47,48638
47,49685
47,49795
47,49077
47,50571
47,49763
47,50941
47,50090
47,50168
47,51160
47,51304
47,51329
47,51347
47,50466
47,50708
47,50818
47,51830
47,51887
47,52020
47,52117
47,51252
47,51490
47,52524
47,52715
47,52814
47,52941
47,52067
47,52121
47,52218
47,53161
47,52284
47,52444
47,53361
47,53551
47,53570
47,53643
47,53764
47,53898
47,53097
47,54014
47,54021
47,54023
47,54079
47,53224
47,54151
47,54153
47,54190
47,54350
47,53601
47,54540
47,54644
47,53954
47,53960
47,54057
47,54126
47,54159
47,55153
47,55185
47,55198
47,54604
47,54887
47,55179
48,32400
48,31523
48,31677
48,32584
48,32595
48,31735
48,31799
48,32000
48,32933
48,33025
48,32218
48,33186
48,32458
48,33376
48,33666
48,32892
48,32965
48,33272
48,34475
48,34721
48,34761
48,34150
48,35056
48,34166
48,34265
48,34269
48,35182
48,35429
48,36495
48,36704
48,35915
48,36047
48,37047
48,37050
48,37183
48,37324
48,37346
48,36817
48,38046
48,38109
48,38275
48,37389
48,37452
48,37589
48,38629
48,37748
48,38780
48,38102
48,39172
48,38275
48,39290
48,38560
48,38566
48,39481
48,39483
48,39726
48,39904
48,39015
48,39939
48,40109
48,40249
48,40379
48,39527
48,39566
48,39791
48,40840
48,40845
48,40926
48,40969
48,40970
48,41008
48,40134
48,41388
48,41392
48,40548
48,42010
48,42376
48,42480
48,42648
48,42773
48,42894
48,42921
48,43133
48,42613
48,42695
48,43772
48,43867
48,44200
48,43461
48,43532
48,43690
48,44720
48,44783
48,44839
48,44991
48,45006
48,45012
48,45287
48,45330
48,44559
48,45718
48,45921
48,45983
48,46058
48,46103
48,45302
48,45355
48,46519
48,46753
48,46920
48,46943
48,46950
48,46960
48,47036
48,46158
48,47235
48,47385
48,46822
48,47816
48,47858
48,48059
48,48429
48,47622
48,48531
48,47891
48,48856
48,48198
48,48235
48,48364
48,49374
48,49543
48,49548
48,48757
48,49664
48,49666
48,48766
48,48958
48,49049
48,49067
48,50044
48,49223
48,50367
48,49576
48,50479
48,50479
48,50600
48,50653
48,50799
48,50865
48,50980
48,50176
48,51127
48,51341
48,50723
48,51639
48,51835
48,51858
48,51918
48,51937
48,51991
48,52062
48,51322
48,51455
48,52356
48,52445
48,52562
48,52672
48,51932
48,52948
48,52115
48,53097
48,53111
48,52278
48,53182
48,52336
48,53278
48,52439
48,53424
48,52547
48,52632
48,53662
48,52873
48,53838
48,54103
48,54299
48,54335
48,54431
48,54618
48,54028
48,54240
48,55224
48,54396
48,54630
48,54777
48,54780
49,32400
49,32651
49,32734
49,32774
49,32884
49,32960
49,32968
49,33018
49,33154
49,33192
49,33289
49,33312
49,32835
49,33795
49,33918
49,34049
49,33204
49,34212
49,34237
49,33372
49,34425
49,34561
49,33761
49,33927
49,34884
49,34932
49,34964
49,35143
49,35213
49,34355
49,35298
49,35432
49,35565
49,35586
49,35667
49,35765
49,35795
49,36052
49,35191
49,36242
49,35350
49,36266
49,36555
49,36578
49,36598
49,35923
49,37009
49,37023
49,37127
49,37373
49,37401
49,37563
49,37747
49,37251
49,38256
49,38317
49,38538
49,38641
49,38674
49,38810
49,38890
49,38993
49,38265
49,39246
49,39395
49,39556
49,39705
49,40408
49,39615
49,39983
49,40953
49,41187
49,41289
49,40478
49,41445
49,41463
49,41509
49,40799
49,41808
49,41921
49,41962
49,41091
49,42047
49,41283
49,41363
49,42278
49,42384
49,42439
49,41728
49,42694
49,42839
49,42970
49,42131
49,43042
49,42239
49,43170
49,43250
49,43319
49,42514
49,42541
49,43500
49,43544
49,43931
49,43934
49,43092
49,43152
49,44288
49,43391
49,43548
49,43570
49,44510
49,44551
49,43680
49,43814
49,43894
49,44943
49,44106
49,45044
49,45076
49,45127
49,45140
49,45150
49,45167
49,45224
49,45279
49,44531
49,45466
49,44605
49,45688
49,44901
49,45837
49,45968
49,45189
49,46420
49,45535
49,45553
49,45576
49,45681
49,45835
49,45849
49,45865
49,45917
49,46911
49,46919
49,46151
49,47429
49,47460
49,47493
49,47544
49,47622
49,47637
49,47045
49,47215
49,48127
49,48237
49,47520
49,47522
49,47544
49,48524
49,48550
49,48580
49,47872
49,47956
49,48226
49,49249
49,48621
49,48850
49,49902
49,49930
49,49962
49,49978
49,49993
49,50565
49,49881
49,50934
49,51096
49,50502
49,51543
49,51548
49,51592
49,50848
49,51932
49,51954
49,52053
49,52058
49,51356
49,51464
49,52534
49,51949
49,52892
49,52119
49,53072
49,53297
49,53400
49,53476
49,53531
49,53546
49,53632
49,52917
49,53042
49,53254
49,54245
49,54345
49,54354
49,54363
49,53622
49,54555
49,54603
49,53920
49,54153
49,55149
49,54279
49,54356
49,54419
49,55210
49,55217
50,32400
50,31513
50,32495
50,31615
50,32789
50,32842
50,33151
50,33224
50,32333
50,33272
50,33302
50,32548
50,33630
50,33712
50,33859
50,32995
50,33909
50,33111
50,34098
50,34114
50,34135
50,34145
50,34290
50,33484
50,34726
50,33985
50,35038
50,35360
50,35515
50,35554
50,35774
50,35786
50,35115
50,36078
50,35205
50,36397
50,36601
50,35707
50,35750
50,36691
50,35834
50,37042
50,37063
50,37079
50,37267
50,37288
50,36392
50,37504
50,36746
50,36749
50,36771
50,36776
50,37679
50,37026
50,37992
50,37242
50,38163
50,38262
50,37427
50,38484
50,38510
50,38522
50,38556
50,38953
50,38094
50,39132
50,38442
50,39425
50,38741
50,38839
50,39885
50,40040
50,39147
50,40064
50,40129
50,39309
50,40219
50,40313
50,39585
50,39628
50,40664
50,41044
50,40303
50,41265
50,41307
50,40496
50,41468
50,40747
50,41690
50,40993
50,41920
50,42156
50,41341
50,42304
50,41476
50,42439
50,41803
50,41822
50,42762
50,42821
50,42020
50,42940
50,42969
50,42984
50,42560
50,43533
50,42676
50,43717
50,43045
50,44026
50,44307
50,44434
50,44497
50,44713
50,44962
50,44980
50,45045
50,45299
50,45510
50,45524
50,45688
50,44999
50,46258
50,46271
50,46540
50,46551
50,46743
50,46808
50,46191
50,47286
50,47672
50,47674
50,46778
50,48219
50,48339
50,48343
50,47560
50,48639
50,47756
50,47851
50,47876
50,48865
50,48044
50,49008
50,49088
50,48201
50,49378
50,49399
50,49430
50,48757
50,48925
50,49135
50,50300
50,49705
50,50616
50,49864
50,50896
50,50944
50,50972
50,51065
50,51251
50,51567
50,50765
50,51734
50,52430
50,51566
50,52689
50,52750
50,52814
50,52018
50,52045
50,52968
50,52191
50,53422
50,52777
50,52788
50,53749
50,53793
50,52936
50,52955
50,54892
50,55035
50,55054
50,55057
50,55145
50,55175
50,55215
50,55237
50,54371
50,54565
50,54930
50,55135
51,32400
51,32536
51,32575
51,31688
51,32650
51,31979
51,32086
51,33328
51,33332
51,33735
51,34008
51,33111
51,34259
51,34307
51,34346
51,33476
51,33565
51,33835
51,33955
51,33997
51,34899
51,34973
51,35193
51,35239
51,35242
51,34656
51,35559
51,34821
51,34854
51,35836
51,35927
51,35995
51,36062
51,36170
51,36176
51,36211
51,36466
51,35743
51,35786
51,36743
51,36106
51,37081
51,37114
51,36383
51,37418
51,36678
51,37800
51,37973
51,37103
51,38007
51,37201
51,38189
51,37334
51,38317
51,37468
51,37690
51,38705
51,37865
51,38065
51,39000
51,38526
51,39441
51,38596
51,39696
51,39858
51,39073
51,40015
51,39154
51,39201
51,40154
51,40191
51,40237
51,40321
51,39516
51,40636
51,40708
51,40793
51,40996
51,41055
51,41067
51,41243
51,40404
51,40411
51,41334
51,41370
51,41852
51,41870
51,42025
51,42289
51,41457
51,41465
51,42381
51,42389
51,42409
51,41587
51,42685
51,42743
51,42773
51,43175
51,42395
51,43557
51,43614
51,43631
51,43673
51,42937
51,43192
51,44322
51,43652
51,43668
51,44705
51,43995
51,44924
51,44947
51,45000
51,45220
51,44341
51,45362
51,45408
51,45461
51,45488
51,45060
51,45072
51,46051
51,46107
51,45821
51,46812
51,46050
51,46990
51,46144
51,47179
51,47236
51,47343
51,47455
51,47483
51,47531
51,47543
51,46839
51,47786
51,46973
51,47877
51,47936
51,47296
51,47297
51,48207
51,48274
51,48291
51,48298
51,47481
51,48404
51,47548
51,48470
51,48620
51,48906
51,48140
51,49329
51,48582
51,49488
51,48663
51,48693
51,50402
51,49581
51,50683
51,49813
51,50820
51,50023
51,50139
51,50308
51,51332
51,51346
51,50570
51,50600
51,50615
51,50720
51,52013
51,51158
51,51318
51,52315
51,51734
51,52052
51,52209
51,53451
51,53490
51,53682
51,53756
51,53776
51,53884
51,54040
51,54390
51,54458
51,54558
51,54053
51,55060
51,55164
51,54621
51,55121
51,55243
52,32400
52,32521
52,31678
52,32009
52,32914
52,32085
52,33087
52,33100
52,33116
52,32319
52,32363
52,33285
52,33387
52,33445
52,33549
52,33680
52,33001
52,34002
52,34150
52,33296
52,34197
52,33371
52,33576
52,34517
52,33926
52,34955
52,35058
52,35089
52,35096
52,34246
52,34398
52,35437
52,34611
52,35691
52,35745
52,35874
52,35955
52,35137
52,35237
52,36183
52,35303
52,36241
52,35503
52,36411
52,36728
52,35952
52,36964
52,36982
52,37008
52,37282
52,36539
52,37443
52,37864
52,37878
52,37885
52,37904
52,37982
52,37141
52,38336
52,37466
52,37573
52,37998
52,38007
52,38983
52,39212
52,39617
52,39023
52,39950
52,40088
52,40092
52,40200
52,40456
52,39784
52,40700
52,40042
52,40137
52,40441
52,41412
52,41650
52,41673
52,40817
52,41800
52,40968
52,41915
52,41228
52,42180
52,42285
52,42468
52,42509
52,42624
52,42694
52,42853
52,43123
52,43166
52,43238
52,42431
52,43369
52,42547
52,43627
52,42825
52,44084
52,44370
52,44393
52,44393
52,44476
52,43628
52,44689
52,44698
52,43818
52,44825
52,43977
52,44970
52,45011
52,44118
52,44172
52,44270
52,45177
52,45331
52,45882
52,46075
52,46553
52,46610
52,46830
52,45941
52,46867
52,46976
52,46150
52,47098
52,46297
52,47283
52,47356
52,47519
52,47579
52,47940
52,47118
52,47314
52,48353
52,48380
52,47619
52,48569
52,47744
52,48676
52,47829
52,48206
52,48385
52,48499
52,49409
52,49452
52,49515
52,49600
52,48859
52,48897
52,49903
52,50006
52,50308
52,50426
52,50536
52,49752
52,50655
52,50659
52,49798
52,50873
52,50949
52,51032
52,51157
52,50322
52,50510
52,51422
52,51449
52,51577
52,51664
52,51709
52,50988
52,51938
52,51168
52,52166
52,52174
52,52374
52,52461
52,52585
52,52693
52,52819
52,52823
52,52854
52,53021
52,52215
52,53139
52,52278
52,53221
52,53271
52,53316
52,53392
52,53593
52,52952
52,53048
52,53166
52,54213
52,54298
52,53499
52,53659
52,53750
52,54667
52,54754
52,53902
52,53911
52,54907
52,54958
52,55184
52,54363
52,55043
53,32400
53,32520
53,32773
53,32809
53,32812
53,33001
53,32207
53,32281
53,33190
53,32478
53,32585
53,32616
53,33688
53,33727
53,33852
53,33940
53,33982
53,34036
53,33198
53,34131
53,34211
53,34335
53,34502
53,34731
53,33848
53,35141
53,34589
53,34786
53,34799
53,35735
53,36043
53,36178
53,36198
53,36334
53,35723
53,36625
53,36708
53,36787
53,36894
53,36004
53,36940
53,37143
53,37259
53,37529
53,36648
53,37729
53,37740
53,36930
53,37890
53,37974
53,38135
53,38259
53,38448
53,37728
53,38752
53,38811
53,38010
53,38214
53,39242
53,39268
53,39530
53,39559
53,39583
53,38783
53,39778
53,39886
53,39913
53,40120
53,40148
53,40259
53,40390
53,39523
53,40442
53,39662
53,40639
53,40683
53,39787
53,40812
53,40865
53,40157
53,41124
53,41132
53,41170
53,40533
53,40581
53,41512
53,41561
53,41611
53,40744
53,41051
53,42006
53,42276
53,42402
53,41577
53,41634
53,42996
53,43148
53,42252
53,43281
53,42562
53,43616
53,42815
53,43840
53,44125
53,44452
53,43562
53,44468
53,43569
53,44777
53,44905
53,44206
53,45365
53,44552
53,44562
53,44564
53,44591
53,45807
53,45887
53,45030
53,46082
53,45524
53,46466
53,46501
53,46547
53,46581
53,46740
53,46798
53,46858
53,46973
53,47050
53,47324
53,46446
53,47434
53,47661
53,46887
53,48041
53,48115
53,47275
53,48305
53,47474
53,48488
53,48492
53,48597
53,48760
53,49087
53,48402
53,49527
53,49880
53,50020
53,50127
53,50322
53,50363
53,49521
53,50518
53,50620
53,50805
53,50830
53,50884
53,50901
53,50003
53,50241
53,51198
53,50690
53,50830
53,51786
53,50907
53,51813
53,51834
53,51059
53,51359
53,51428
53,51438
53,52473
53,51703
53,51773
53,51990
53,52077
53,52989
53,53025
53,53026
53,52351
53,53302
53,53341
53,53446
53,54022
53,53124
53,53345
53,53568
53,53610
53,54579
53,54646
53,53969
53,54076
53,55035
53,55155
53,54260
53,54403
53,54596
53,54795
54,32400
54,32483
54,32572
54,31811
54,32160
54,33139
54,32415
54,32457
54,33404
54,32761
54,33677
54,33755
54,33780
54,33165
54,34111
54,34150
54,34167
54,34301
54,33479
54,33502
54,33549
54,33557
54,34518
54,33652
54,34638
54,34749
54,33977
54,35031
54,35195
54,35215
54,34368
54,35392
54,35433
54,34573
54,34658
54,35653
54,35662
54,34794
54,34832
54,35805
54,35902
54,36141
54,35426
54,36379
54,36410
54,36598
54,36741
54,35919
54,36837
54,37038
54,37259
54,37474
54,37751
54,36911
54,36919
54,37922
54,37029
54,37293
54,38238
54,37415
54,38365
54,37593
54,38597
54,38776
54,38789
54,38951
54,38075
54,38106
54,39055
54,38266
54,39178
54,39203
54,39825
54,39255
54,39276
54,40428
54,40673
54,39965
54,40029
54,40077
54,41110
54,41281
54,40401
54,40640
54,41582
54,41692
54,41766
54,40880
54,41838
54,41893
54,42125
54,41274
54,42352
54,42543
54,42548
54,41700
54,41806
54,41915
54,41967
54,42868
54,42922
54,42310
54,42368
54,43308
54,42509
54,43494
54,43609
54,43686
54,43945
54,43361
54,43517
54,44459
54,43813
54,44981
54,44986
54,44216
54,44302
54,44355
54,45257
54,45285
54,44427
54,44471
54,45402
54,44583
54,44589
54,45795
54,46095
54,46768
54,45972
54,46887
54,47159
54,47209
54,46379
54,46381
54,47459
54,47487
54,46821
54,46838
54,47946
54,47182
54,47356
54,47766
54,47975
54,49029
54,48184
54,48284
54,48292
54,49291
54,48431
54,48458
54,48478
54,49453
54,49502
54,49612
54,49792
54,49795
54,49864
54,49058
54,49971
54,50533
54,50580
54,49754
54,50671
54,51089
54,51089
54,51270
54,51368
54,51377
54,50561
54,51478
54,51525
54,51763
54,51773
54,51965
54,51991
54,52026
54,52047
54,52248
54,51368
54,52509
54,52614
54,51839
54,51960
54,53432
54,53710
54,53813
54,53140
54,53317
54,54251
54,54271
54,54400
54,53587
54,54637
54,53863
54,54856
54,54089
54,55142
54,54607
55,32400
55,32449
55,32541
55,31701
55,32729
55,32839
55,33015
55,32340
55,32622
55,32650
55,32723
55,32849
55,33849
55,34102
55,33290
55,34208
55,34331
55,33542
55,34506
55,33618
55,33736
55,34730
55,34739
55,34080
55,34117
55,34170
55,35450
55,34603
55,35618
55,34773
55,35874
55,36188
55,36236
55,36415
55,35562
55,36484
55,36501
55,36509
55,36531
55,36554
55,36624
55,35732
55,36736
55,35864
55,36776
55,36943
55,37085
55,37376
55,37468
55,36628
55,37650
55,36780
55,37715
55,37828
55,37856
55,37019
55,37234
55,38180
55,38569
55,37911
55,37931
55,37971
55,39162
55,39250
55,38360
55,39269
55,39352
55,39360
55,39579
55,39599
55,40018
55,40160
55,39499
55,40520
55,40611
55,40645
55,40737
55,40830
55,40842
55,41132
55,41385
55,41595
55,41752
55,41951
55,41201
55,42225
55,42248
55,42759
55,41859
55,41946
55,42247
55,42290
55,43246
55,42396
55,42410
55,42485
55,42551
55,42718
55,43672
55,43915
55,44157
55,44353
55,43585
55,43606
55,44535
55,43696
55,44631
55,44780
55,44833
55,44064
55,44601
55,44759
55,46047
55,45252
55,46437
55,46467
55,46570
55,45768
55,46747
55,46807
55,46940
55,47000
55,47019
55,47059
55,46610
55,47516
55,47573
55,46869
55,46887
55,46928
55,47836
55,47043
55,47984
55,48274
55,48278
55,47524
55,48499
55,47642
55,48694
55,48941
55,48115
55,49110
55,49263
55,49295
55,49325
55,48467
55,48507
55,48598
55,48644
55,50267
55,50294
55,50381
55,49807
55,49819
55,49999
55,51097
55,50711
55,51905
55,51917
55,52031
55,51245
55,51336
55,52514
55,52641
55,52875
55,53048
55,52167
55,53077
55,52298
55,52394
55,53344
55,52523
55,53509
55,52665
55,52974
55,52984
55,53146
55,54057
55,54181
55,53381
55,54286
55,54367
55,54446
55,54786
55,54852
55,54030
55,54986
55,54116
55,54191
55,55097
55,54373
55,55114
55,55232
56,32400
56,31607
56,32562
56,33002
56,33075
56,33101
56,32218
56,32307
56,33228
56,33231
56,33241
56,33327
56,33533
56,32669
56,32671
56,33654
56,33961
56,34377
56,33537
56,33658
56,34609
56,34707
56,34957
56,35461
56,34588
56,35672
56,35045
56,35115
56,35131
56,36103
56,36292
56,35481
56,35984
56,37382
56,37476
56,37664
56,37727
56,37919
56,38075
56,38342
56,38520
56,38637
56,38985
56,39081
56,38355
56,39452
56,38585
56,38702
56,39613
56,39676
56,39700
56,40252
56,40368
56,40478
56,39584
56,40642
56,40728
56,40814
56,40951
56,41030
56,40163
56,41104
56,40225
56,41318
56,41372
56,40533
56,41462
56,40573
56,40609
56,41562
56,41686
56,41708
56,41007
56,41919
56,41144
56,42151
56,42272
56,42374
56,42420
56,41738
56,41837
56,42923
56,42960
56,42084
56,43018
56,42141
56,43196
56,42378
56,43479
56,43483
56,43525
56,43647
56,42760
56,43683
56,43693
56,43901
56,43068
56,43985
56,44005
56,44071
56,44129
56,43300
56,44367
56,43652
56,44613
56,44629
56,44668
56,43801
56,44871
56,44283
56,44315
56,45514
56,45568
56,45614
56,45751
56,44887
56,45853
56,45906
56,46005
56,46119
56,46333
56,45923
56,46002
56,46080
56,46237
56,46292
56,47362
56,47388
56,46735
56,46798
56,47724
56,47750
56,47757
56,48075
56,48085
56,48112
56,47243
56,47578
56,48555
56,47919
56,49038
56,48288
56,48330
56,49252
56,49397
56,49415
56,49532
56,49550
56,49619
56,48740
56,49718
56,49766
56,48937
56,49010
56,49053
56,49962
56,50094
56,49303
56,50297
56,50932
56,50085
56,51280
56,51309
56,51436
56,51545
56,51584
56,51596
56,51602
56,51612
56,50721
56,51869
56,51386
56,52377
56,51507
56,52448
56,51548
56,51551
56,52466
56,52590
56,51886
56,52825
56,52904
56,53003
56,53068
56,53091
56,53343
56,53528
56,52640
56,53701
56,52859
56,53765
56,52923
56,53032
56,54104
56,53243
56,54287
56,53459
56,53684
56,53889
56,54798
56,54816
56,54907
56,55040
56,55148
56,55131
56,55237
57,32400
57,31836
57,32980
57,32120
57,32378
57,33310
57,33362
57,32519
57,33520
57,32651
57,33577
57,32680
57,33857
57,33862
57,32966
57,33021
57,33958
57,34051
57,34052
57,34105
57,33277
57,34291
57,34366
57,34536
57,34672
57,33837
57,34790
57,34883
57,34016
57,34053
57,34343
57,35309
57,35324
57,35484
57,35625
57,34746
57,34763
57,34782
57,34784
57,34816
57,35927
57,35192
57,35491
57,36424
57,36581
57,36706
57,35841
57,36948
57,37126
57,37592
57,37764
57,38051
57,38073
57,38239
57,37688
57,38734
57,38769
57,38970
57,38251
57,39226
57,38438
57,39503
57,39505
57,39550
57,39555
57,38682
57,39626
57,39707
57,39760
57,38909
57,39927
57,39309
57,39820
57,40010
57,40058
57,40101
57,41143
57,41517
57,41664
57,41960
57,41972
57,41182
57,41294
57,42284
57,42316
57,42362
57,42394
57,42542
57,42543
57,42559
57,42774
57,42919
57,42927
57,43091
57,43359
57,43406
57,43582
57,43711
57,43227
57,43317
57,44487
57,44598
57,43861
57,43931
57,45016
57,44157
57,44182
57,45188
57,44400
57,44420
57,45449
57,44554
57,45455
57,45788
57,44931
57,44985
57,45897
57,45937
57,45974
57,46203
57,46276
57,45388
57,45499
57,46505
57,46584
57,46691
57,46824
57,46828
57,46837
57,46842
57,46867
57,46972
57,47006
57,47294
57,47295
57,47564
57,46717
57,47647
57,47919
57,48107
57,47226
57,47252
57,48234
57,48280
57,48374
57,47503
57,48801
57,47963
57,48974
57,49025
57,49030
57,49037
57,49051
57,49095
57,49099
57,49374
57,49409
57,49583
57,48809
57,49959
57,49962
57,49227
57,49241
57,50157
57,49352
57,49457
57,50640
57,50657
57,49811
57,49930
57,50030
57,50105
57,51078
57,51182
57,50382
57,51488
57,51522
57,51536
57,51599
57,51651
57,51898
57,51244
57,51528
57,52229
57,53291
57,53417
57,52598
57,53554
57,52689
57,53614
57,52859
57,53765
57,53954
57,54035
57,53277
57,54450
57,53584
57,54630
57,53769
57,53886
57,54911
57,54015
57,54019
57,55146
57,55157
57,55160
57,55183
57,54493
57,54730
57,54771
57,55037
58,32400
58,32546
58,32623
58,32069
58,32119
58,33097
58,33112
58,32366
58,32422
58,33391
58,33392
58,32652
58,33594
58,32787
58,33288
58,34250
58,33364
58,33384
58,34321
58,33433
58,33488
58,34405
58,34444
58,34470
58,34655
58,34692
58,34804
58,34060
58,35010
58,34242
58,35309
58,35311
58,35432
58,34536
58,35497
58,34911
58,34921
58,35853
58,36106
58,35460
58,36415
58,35541
58,36448
58,36455
58,36505
58,35612
58,36636
58,36724
58,35949
58,37085
58,37105
58,37183
58,37422
58,37427
58,37462
58,37482
58,37736
58,37875
58,37923
58,37176
58,37368
58,38280
58,38319
58,38364
58,37588
58,37678
58,37711
58,38626
58,37931
58,38855
58,37987
58,38005
58,38979
58,38085
58,39224
58,38440
58,38632
58,38666
58,39604
58,38755
58,39682
58,39784
58,39803
58,38952
58,39855
58,39981
58,39096
58,40020
58,40051
58,39288
58,40321
58,40337
58,40560
58,40577
58,40660
58,40787
58,40326
58,41327
58,41465
58,40731
58,40742
58,41674
58,41676
58,40956
58,41019
58,42013
58,42135
58,41299
58,41578
58,42636
58,41920
58,41953
58,42960
58,43056
58,43207
58,42832
58,42866
58,42874
58,42897
58,43803
58,43839
58,43879
58,43886
58,44714
58,44903
58,44128
58,45163
58,44398
58,44626
58,45013
58,45948
58,45142
58,45169
58,46074
58,46274
58,46429
58,45591
58,45747
58,46700
58,46724
58,46758
58,46815
58,46893
58,46286
58,46410
58,47312
58,46438
58,47364
58,47396
58,46815
58,46818
58,46866
58,47804
58,47870
58,47919
58,47108
58,47222
58,48408
58,47604
58,47662
58,47729
58,49009
58,49152
58,48288
58,49279
58,49544
58,49550
58,48715
58,49650
58,49759
58,50144
58,50448
58,49586
58,50855
58,50900
58,50081
58,51080
58,51135
58,50243
58,50392
58,50435
58,51425
58,51503
58,51564
58,51566
58,51689
58,52048
58,52419
58,51525
58,51620
58,52589
58,53019
58,52134
58,52136
58,52170
58,53075
58,52215
58,53209
58,53337
58,53479
58,53766
58,53845
58,54030
58,54056
58,54074
58,54087
58,54273
58,53417
58,53544
58,54447
58,54610
58,53827
58,53833
59,32400
59,31567
59,32566
59,32678
59,32679
59,32685
59,32824
59,32120
59,32300
59,33271
59,33355
59,33358
59,33405
59,32565
59,32580
59,33568
59,33571
59,32681
59,32723
59,33937
59,34051
59,33169
59,34447
59,34473
59,33583
59,34655
59,34706
59,35096
59,35508
59,35543
59,35659
59,35792
59,34902
59,35861
59,36029
59,35235
59,36279
59,36287
59,35426
59,36470
59,35682
59,36588
59,36599
59,36612
59,36797
59,36839
59,36069
59,36164
59,36254
59,37267
59,37329
59,36442
59,37425
59,37471
59,36778
59,36884
59,38145
59,38151
59,38186
59,38370
59,38391
59,37849
59,38956
59,38182
59,38303
59,39341
59,38515
59,38520
59,38525
59,39033
59,40005
59,40021
59,40063
59,40084
59,40140
59,40247
59,40410
59,39669
59,40635
59,40657
59,39975
59,40886
59,40035
59,40967
59,41005
59,41096
59,41324
59,41339
59,41863
59,41244
59,41269
59,42520
59,42704
59,42265
59,43235
59,42470
59,43475
59,44179
59,43602
59,43656
59,44780
59,44102
59,45148
59,45199
59,44528
59,45438
59,45586
59,44712
59,45627
59,45651
59,45665
59,45820
59,46005
59,46021
59,45193
59,45361
59,46305
59,46387
59,46433
59,46477
59,45703
59,45748
59,47081
59,47184
59,47229
59,46418
59,47371
59,46994
59,47020
59,48016
59,47311
59,48246
59,48259
59,47364
59,48274
59,48327
59,48482
59,48531
59,47660
59,48652
59,48887
59,49279
59,49473
59,49484
59,48654
59,49601
59,49750
59,49776
59,50021
59,50423
59,50430
59,49562
59,50474
59,50543
59,50774
59,50946
59,51024
59,50239
59,51240
59,51294
59,51550
59,51673
59,51712
59,51762
59,51800
59,52123
59,52531
59,52563
59,52637
59,51845
59,52824
59,52858
59,53030
59,52468
59,53426
59,53546
59,53200
59,54250
59,54455
59,54555
59,54813
59,54923
59,54947
59,55001
59,55078
59,54698
59,54910
59,55008
60,32400
60,32567
60,31823
60,32724
60,32782
60,32294
60,32403
60,33508
60,32672
60,32672
60,32922
60,32972
60,34135
60,33305
60,34343
60,34378
60,33639
60,33716
60,33900
60,33971
60,34876
60,35067
60,35071
60,34237
60,35173
60,35302
60,35318
60,35724
60,35054
60,36017
60,36362
60,36492
60,36522
60,36643
60,35873
60,35888
60,36003
60,37039
60,37084
60,36206
60,36344
60,36451
60,37507
60,36849
60,38131
60,37242
60,37359
60,38481
60,38617
60,39103
60,39122
60,39133
60,38286
60,38412
60,39315
60,39404
60,39413
60,38657
60,38665
60,38728
60,39672
60,39785
60,39792
60,38917
60,39819
60,40030
60,40107
60,40292
60,39615
60,39648
60,39788
60,40832
60,39969
60,40912
60,40081
60,40311
60,41311
60,40434
60,41769
60,42137
60,41314
60,41621
60,42715
60,42760
60,41980
60,43007
60,43015
60,43196
60,43202
60,42595
60,42678
60,42846
60,43880
60,44030
60,44201
60,44342
60,43519
60,43663
60,43877
60,44823
60,45188
60,45208
60,45220
60,45456
60,45554
60,45586
60,45639
60,45660
60,44966
60,45033
60,46049
60,46435
60,46452
60,46491
60,45717
60,46773
60,46858
60,46918
60,46936
60,46993
60,47146
60,47222
60,46446
60,47473
60,46715
60,47731
60,47746
60,47081
60,48068
60,47253
60,48230
60,48270
60,47469
60,48635
60,48897
60,48980
60,49257
60,49400
60,48629
60,49020
60,49087
60,50213
60,49585
60,50520
60,50612
60,49731
60,50714
60,49920
60,50066
60,51046
60,50266
60,51340
60,50561
60,50570
60,50609
60,51515
60,50752
60,51715
60,51728
60,51754
60,51954
60,51983
60,52054
60,52079
60,51185
60,52134
60,51476
60,52422
60,51579
60,51598
60,52533
60,52827
60,52105
60,53079
60,53104
60,53231
60,52346
60,52351
60,53366
60,52685
60,53637
60,52786
60,53951
60,53219
60,54304
60,54305
60,54316
60,54360
60,53568
60,54481
60,53752
60,55182
60,55248
60,54685
60,54836
60,55042
61,32400
61,32458
61,31776
61,32713
61,32974
61,32272
61,33193
61,33194
61,33254
61,32639
61,33619
61,32794
61,33701
61,32827
61,32962
61,33017
61,33993
61,34147
61,34206
61,33487
61,34472
61,34660
61,34676
61,35392
61,35484
61,35488
61,34707
61,35761
61,35769
61,35790
61,35826
61,35883
61,36439
61,36571
61,36711
61,36741
61,37156
61,37325
61,37348
61,36504
61,37507
61,36822
61,37745
61,37905
61,37979
61,37989
61,37225
61,38343
61,37619
61,37638
61,38622
61,38744
61,37849
61,37903
61,38051
61,38987
61,38134
61,38305
61,38310
61,38346
61,38420
61,38525
61,39469
61,39499
61,39740
61,39826
61,38999
61,39369
61,39433
61,40394
61,40439
61,40548
61,39724
61,40746
61,40117
61,41042
61,41350
61,41606
61,41626
61,42019
61,41147
61,42118
61,42353
61,42423
61,41560
61,42467
61,42593
61,42608
61,41757
61,41876
61,43071
61,42267
61,42306
61,42507
61,43436
61,43710
61,43806
61,42931
61,42992
61,43975
61,44123
61,44189
61,43291
61,44245
61,43529
61,44597
61,43766
61,44725
61,44871
61,45032
61,44222
61,45142
61,45158
61,44276
61,45314
61,44520
61,45442
61,45543
61,45603
61,45028
61,46271
61,46373
61,46422
61,46536
61,46641
61,45877
61,46821
61,46929
61,46935
61,46943
61,47005
61,46127
61,47097
61,46240
61,47322
61,47429
61,46774
61,46853
61,47833
61,47129
61,48222
61,48342
61,48378
61,48395
61,47678
61,48698
61,47907
61,48878
61,48892
61,48006
61,49391
61,48496
61,49440
61,49509
61,49717
61,49804
61,49151
61,50184
61,49285
61,50409
61,49790
61,50742
61,49846
61,49860
61,50853
61,50197
61,50489
61,50529
61,51440
61,51576
61,51701
61,51730
61,51739
61,51775
61,51869
61,51874
61,52061
61,52114
61,52270
61,51656
61,52581
61,52605
61,52643
61,52831
61,52301
61,53224
61,52556
61,52923
61,53224
61,54234
61,53345
61,54387
61,53626
61,54543
61,54562
61,54851
61,54014
61,55002
61,55031
61,55235
61,54700
62,32400
62,31508
62,32540
62,31667
62,31763
62,32775
62,32910
62,32990
62,33217
62,33281
62,33286
62,33671
62,33017
62,34066
62,33558
62,34721
62,33865
62,34768
62,34826
62,34876
62,34905
62,35347
62,34824
62,35949
62,35090
62,36145
62,36389
62,36810
62,35919
62,36085
62,37027
62,37039
62,37088
62,37276
62,36398
62,37410
62,36569
62,36643
62,37550
62,37706
62,37797
62,36927
62,37837
62,38031
62,37223
62,38203
62,38384
62,38437
62,37560
62,38488
62,38523
62,37825
62,38838
62,38838
62,38846
62,38941
62,39018
62,39106
62,39150
62,38329
62,38477
62,39427
62,38970
62,40388
62,39514
62,39641
62,39749
62,40685
62,40729
62,40814
62,40855
62,40927
62,40077
62,40094
62,41006
62,41097
62,40397
62,40419
62,41592
62,41905
62,41957
62,41087
62,42006
62,41132
62,42343
62,42389
62,42728
62,43062
62,43306
62,43307
62,42495
62,43515
62,42919
62,43122
62,44105
62,43269
62,44218
62,44299
62,44615
62,44660
62,43802
62,44921
62,44028
62,44993
62,44606
62,44740
62,45757
62,45894
62,45088
62,46328
62,46353
62,46360
62,46469
62,46544
62,45770
62,45853
62,46778
62,46825
62,46146
62,46200
62,46267
62,47240
62,46553
62,46995
62,46997
62,47944
62,48298
62,48489
62,48700
62,47819
62,48761
62,47926
62,47944
62,49174
62,49191
62,48510
62,49452
62,49634
62,49751
62,49791
62,49883
62,50019
62,50150
62,50524
62,50569
62,50711
62,51086
62,51563
62,51592
62,50693
62,51627
62,51430
62,52374
62,52413
62,52457
62,51578
62,51584
62,52542
62,52748
62,52854
62,52894
62,52098
62,53093
62,53168
62,53289
62,53342
62,52532
62,53497
62,52640
62,53601
62,53064
62,54046
62,54263
62,54594
62,54598
62,54675
62,54747
62,54806
62,54976
62,54148
62,54542
62,54724
62,54879
62,54977
63,32400
63,33242
63,33277
63,32486
63,33421
63,33494
63,33623
63,32725
63,33712
63,33720
63,33721
63,32862
63,33832
63,32933
63,33880
63,34030
63,34319
63,34509
63,34560
63,33691
63,34618
63,34672
63,34679
63,34950
63,34558
63,35502
63,35530
63,34773
63,35763
63,35956
63,35987
63,36079
63,36101
63,36357
63,36426
63,36489
63,36599
63,35953
63,37036
63,37530
63,36691
63,37607
63,37629
63,36953
63,37987
63,37990
63,38071
63,38254
63,37425
63,37448
63,37466
63,37504
63,38488
63,37776
63,38803
63,39209
63,39471
63,38676
63,39628
63,39671
63,38960
63,40030
63,40041
63,40156
63,39487
63,39624
63,39642
63,39650
63,40569
63,40877
63,40016
63,40179
63,41080
63,40188
63,41107
63,41275
63,41328
63,41357
63,41497
63,40601
63,41509
63,40740
63,41800
63,41803
63,41925
63,41945
63,41066
63,42022
63,42065
63,42083
63,41204
63,41206
63,41351
63,41565
63,41711
63,42616
63,41830
63,41918
63,41986
63,42909
63,43114
63,42230
63,43519
63,43541
63,42745
63,43873
63,43736
63,45144
63,45157
63,45489
63,45602
63,45627
63,44730
63,45837
63,45921
63,45498
63,46443
63,46646
63,46664
63,46315
63,47377
63,46496
63,47410
63,47892
63,46998
63,47964
63,47157
63,48096
63,48179
63,48307
63,47551
63,47689
63,48799
63,47918
63,49027
63,49129
63,49444
63,48598
63,48754
63,49655
63,49739
63,49894
63,49011
63,49285
63,50276
63,50293
63,50297
63,49582
63,50797
63,50046
63,50981
63,51035
63,51066
63,51142
63,51273
63,51301
63,50431
63,50481
63,51391
63,50706
63,52235
63,51358
63,52393
63,52561
63,51687
63,51731
63,51821
63,53075
63,53113
63,53143
63,53155
63,53215
63,52420
63,53410
63,52723
63,53838
63,52988
63,54033
63,54118
63,54430
63,54675
63,54722
63,54917
63,54923
63,54981
63,54103
63,54239
63,54859
63,54883
63,54939
63,55112
63,55152
64,32400
64,31570
64,32701
64,31831
64,32822
64,32925
64,32060
64,32969
64,33157
64,33162
64,33210
64,32333
64,32467
64,33376
64,32486
64,33492
64,33510
64,32672
64,33873
64,33172
64,34120
64,34231
64,34268
64,34283
64,34725
64,34751
64,33966
64,34038
64,34970
64,34112
64,35226
64,34357
64,34492
64,35417
64,34683
64,35639
64,34992
64,35910
64,36124
64,36157
64,36246
64,36255
64,35393
64,36359
64,36423
64,36452
64,35592
64,36506
64,36526
64,36970
64,36987
64,37092
64,37098
64,37212
64,37433
64,37862
64,37000
64,38166
64,38332
64,38352
64,37603
64,37954
64,38867
64,38032
64,38940
64,38076
64,38142
64,38235
64,39232
64,39277
64,38441
64,39413
64,39530
64,39714
64,39002
64,39906
64,40081
64,40237
64,40287
64,40368
64,41349
64,40521
64,41059
64,41306
64,41426
64,42668
64,42873
64,42992
64,43179
64,43239
64,42398
64,43628
64,43647
64,44016
64,44135
64,43725
64,44685
64,44730
64,44104
64,45071
64,45342
64,45425
64,44528
64,45433
64,45554
64,45608
64,46011
64,45308
64,45519
64,45598
64,46507
64,45686
64,46611
64,45845
64,46846
64,46029
64,46085
64,47285
64,47324
64,47421
64,46580
64,46628
64,47572
64,47589
64,47590
64,47643
64,47705
64,47729
64,47819
64,47914
64,47985
64,47997
64,48022
64,48076
64,47721
64,48801
64,47970
64,47974
64,49509
64,49518
64,49583
64,49685
64,49955
64,50051
64,50127
64,49231
64,50253
64,50832
64,51227
64,50425
64,51337
64,51373
64,50473
64,51430
64,51463
64,50611
64,50662
64,50736
64,51850
64,51858
64,51901
64,51953
64,52060
64,51450
64,51495
64,51618
64,52596
64,51745
64,52781
64,52892
64,52964
64,52088
64,53017
64,53051
64,53062
64,52178
64,53165
64,52275
64,53206
64,53313
64,52864
64,52936
64,53003
64,53988
64,54067
64,54086
64,53235
64,54226
64,53461
64,53642
64,54828
64,54071
64,55060
64,55112
64,54259
64,55195
64,54309
64,54631
65,32400
65,33087
65,32188
65,33139
65,33242
65,32773
65,33813
65,34210
65,33313
65,34372
65,33678
65,33690
65,33691
65,33761
65,35035
65,35096
65,35362
65,35373
65,35675
65,35768
65,34871
65,35976
65,36215
65,36414
65,36547
65,35711
65,36702
65,36815
65,37063
65,37542
65,36861
65,37773
65,36962
65,36980
65,37904
65,37272
65,38234
65,38348
65,38457
65,37710
65,37793
65,37866
65,38199
65,39188
65,38308
65,38392
65,38456
65,39558
65,38772
65,38791
65,39721
65,38968
65,39001
65,39067
65,40021
65,39411
65,39743
65,40753
65,39891
65,40832
65,40863
65,40013
65,41328
65,41370
65,41423
65,41525
65,41570
65,40753
65,41322
65,42237
65,41400
65,41422
65,42388
65,42578
65,42657
65,42715
65,41858
65,42929
65,42960
65,42083
65,42174
65,43690
65,42901
65,43101
65,44047
65,43175
65,44322
65,44768
65,44891
65,44174
65,44242
65,45200
65,45215
65,44375
65,45334
65,45352
65,44550
65,45544
65,45549
65,45576
65,45617
65,45624
65,45805
65,45852
65,44955
65,45910
65,45044
65,45221
65,45330
65,46231
65,46293
65,45500
65,45564
65,46518
65,45643
65,46668
65,45797
65,45937
65,46988
65,47144
65,47252
65,46403
65,47377
65,47060
65,47996
65,47998
65,48013
65,48045
65,47154
65,47321
65,48249
65,47406
65,47541
65,48471
65,48513
65,48580
65,48645
65,47751
65,48832
65,48919
65,48118
65,49251
65,49329
65,48485
65,49434
65,49494
65,49860
65,50163
65,49389
65,50297
65,49426
65,49503
65,49585
65,50525
65,49682
65,50730
65,51175
65,51426
65,51467
65,51602
65,50840
65,51761
65,50960
65,50977
65,51893
65,51940
65,51167
65,52318
65,51480
65,52491
65,52578
65,52667
65,51864
65,51870
65,52909
65,53114
65,52351
65,52398
65,53301
65,52553
65,52585
65,53657
65,53740
65,53866
65,53993
65,53251
65,53265
65,54268
65,53444
65,53602
65,54708
65,54054
65,54097
65,55080
65,55221
65,55239
65,54867
65,55084
66,32400
66,32599
66,32665
66,32774
66,32796
66,32835
66,32106
66,33183
66,33227
66,32471
66,33431
66,33491
66,33534
66,33554
66,33804
66,33851
66,33100
66,34132
66,34139
66,33607
66,33635
66,33735
66,34715
66,33820
66,34851
66,34234
66,35183
66,35274
66,35465
66,34576
66,35502
66,34838
66,35784
66,35893
66,35011
66,35991
66,36329
66,35455
66,35484
66,36456
66,36481
66,35598
66,35603
66,36516
66,36523
66,36068
66,37131
66,37142
66,37270
66,36413
66,37469
66,36766
66,36776
66,36947
66,37205
66,38124
66,37397
66,37578
66,37620
66,37726
66,37826
66,38835
66,38212
66,39159
66,39241
66,39426
66,38580
66,39550
66,39705
66,39767
66,40058
66,40093
66,39215
66,39395
66,41213
66,41305
66,40440
66,40684
66,41825
66,41843
66,42060
66,41161
66,42164
66,42510
66,42632
66,42698
66,41799
66,41835
66,42796
66,42842
66,43067
66,43235
66,43585
66,43661
66,43932
66,44018
66,43239
66,44209
66,43347
66,43597
66,43608
66,44869
66,45142
66,45301
66,45515
66,44682
66,45600
66,45833
66,46032
66,46124
66,46155
66,46608
66,46658
66,46684
66,46137
66,47156
66,46578
66,47509
66,47540
66,47559
66,47784
66,47878
66,47167
66,48095
66,48153
66,48158
66,48289
66,48310
66,48356
66,47505
66,48490
66,48567
66,48645
66,48114
66,49039
66,49127
66,49190
66,49271
66,49318
66,49323
66,48880
66,48907
66,49078
66,49136
66,50108
66,49315
66,50244
66,49386
66,49423
66,49432
66,49498
66,49583
66,49653
66,50628
66,50696
66,50820
66,50831
66,50905
66,50944
66,51031
66,51042
66,51110
66,50227
66,51400
66,50541
66,51520
66,51756
66,51765
66,51835
66,52219
66,52235
66,51545
66,52464
66,51646
66,52805
66,52835
66,52013
66,53104
66,53198
66,53224
66,53280
66,53313
66,52569
66,52623
66,53614
66,53738
66,53047
66,54023
66,54083
66,54165
66,54340
66,53443
66,53459
66,54584
66,54811
66,54031
66,54247
66,54373
66,54944
67,32400
67,31536
67,33020
67,33025
67,32195
67,33155
67,33453
67,33628
67,33629
67,33812
67,32999
67,33022
67,33061
67,34027
67,33192
67,34180
67,33303
67,34205
67,33459
67,34142
67,35251
67,35252
67,35270
67,35341
67,34698
67,35863
67,36066
67,36213
67,36335
67,35563
67,35647
67,35778
67,36750
67,36921
67,37145
67,36260
67,36376
67,36435
67,36498
67,37573
67,37628
67,36781
67,36884
67,36951
67,37973
67,37393
67,38542
67,37730
67,38867
67,38873
67,37976
67,38885
67,38936
67,38298
67,39448
67,38700
67,39405
67,40705
67,40976
67,41228
67,40456
67,41511
67,40757
67,42025
67,42120
67,41401
67,41560
67,41605
67,42573
67,42688
67,41810
67,41860
67,41948
67,42977
67,43151
67,43567
67,42733
67,43735
67,44048
67,44064
67,43192
67,44272
67,44282
67,43466
67,44445
67,43595
67,43714
67,44811
67,44893
67,45028
67,45138
67,45242
67,45276
67,44486
67,44655
67,46044
67,46090
67,45512
67,45664
67,46684
67,45796
67,45828
67,46813
67,46427
67,46739
67,47789
67,47867
67,47416
67,48430
67,47587
67,48488
67,47612
67,47669
67,48718
67,47837
67,47855
67,48829
67,48930
67,48110
67,49090
67,49174
67,49204
67,49243
67,49341
67,49371
67,49534
67,48647
67,49732
67,48847
67,49948
67,49980
67,50061
67,49205
67,50149
67,50235
67,49562
67,50494
67,49629
67,50550
67,50729
67,49845
67,50767
67,49953
67,49978
67,50994
67,51071
67,51172
67,50279
67,51216
67,50359
67,51377
67,51449
67,51518
67,50676
67,50775
67,50875
67,51831
67,51003
67,52125
67,52366
67,52447
67,51624
67,52538
67,52617
67,52750
67,52369
67,53299
67,52400
67,53385
67,52880
67,54079
67,54229
67,54335
67,53445
67,54464
67,54530
67,53707
67,54619
67,53845
67,54224
67,55202
67,54317
67,54649
67,54893
68,32400
68,32539
68,31642
68,32657
68,32712
68,32720
68,32730
68,31973
68,33012
68,33038
68,32146
68,33050
68,33121
68,33134
68,33161
68,33511
68,32782
68,32815
68,33766
68,33788
68,33081
68,34234
68,33704
68,34827
68,34829
68,35098
68,34356
68,35403
68,35451
68,35582
68,34722
68,35717
68,35744
68,35029
68,36142
68,35334
68,36250
68,35381
68,36542
68,36546
68,36563
68,35761
68,35971
68,37005
68,37180
68,37299
68,36726
68,37753
68,37799
68,37829
68,37841
68,37890
68,37934
68,38112
68,38138
68,38244
68,38308
68,38335
68,38353
68,37565
68,38608
68,38642
68,38697
68,38764
68,38906
68,38999
68,39106
68,38275
68,39324
68,39406
68,38680
68,39683
68,40182
68,40209
68,40223
68,39686
68,39699
68,40755
68,40827
68,41020
68,40205
68,40222
68,41312
68,41431
68,40839
68,41776
68,40976
68,40983
68,42500
68,42548
68,41648
68,42659
68,42764
68,43081
68,42182
68,43161
68,43171
68,42303
68,43291
68,42530
68,42535
68,43674
68,43757
68,43889
68,42997
68,43024
68,44119
68,44178
68,44232
68,43377
68,43377
68,44705
68,43850
68,44910
68,44705
68,45616
68,45746
68,45879
68,45943
68,46215
68,46250
68,45514
68,46887
68,47039
68,47250
68,47317
68,47357
68,46489
68,46506
68,47469
68,47091
68,47161
68,48121
68,48203
68,48206
68,48257
68,47421
68,48554
68,48561
68,48566
68,48601
68,48748
68,48888
68,48893
68,48171
68,49122
68,49124
68,48503
68,48898
68,49019
68,49933
68,49142
68,50274
68,50348
68,50455
68,50559
68,49669
68,50618
68,50690
68,49813
68,50718
68,50777
68,50828
68,50841
68,49942
68,50884
68,50004
68,50047
68,50964
68,50105
68,51033
68,50205
68,51241
68,50524
68,51451
68,51679
68,50855
68,51872
68,52049
68,51227
68,52135
68,51485
68,52432
68,51855
68,52808
68,52944
68,52406
68,52461
68,53481
68,52606
68,53578
68,53685
68,52824
68,52874
68,53775
68,53104
68,53215
68,53284
68,54503
68,53616
68,54518
68,53786
68,54731
68,54827
68,54476
68,54515
68,54599
69,32400
69,32917
69,33096
69,32483
69,33472
69,33500
69,34122
69,33389
69,34303
69,34381
69,33642
69,33730
69,34709
69,33915
69,34200
69,34495
69,35527
69,36099
69,35468
69,35510
69,35598
69,36701
69,36724
69,36751
69,36824
69,36896
69,37127
69,37358
69,37376
69,37419
69,37683
69,37798
69,37886
69,36990
69,38220
69,37432
69,38442
69,39126
69,39177
69,39179
69,38284
69,39316
69,38987
69,39033
69,40116
69,40120
69,40123
69,39231
69,40393
69,39559
69,40516
69,40732
69,39881
69,40953
69,40231
69,41230
69,40655
69,41656
69,41668
69,41707
69,41022
69,42026
69,41126
69,41208
69,41294
69,41409
69,41442
69,42423
69,41619
69,42731
69,42791
69,41938
69,42260
69,42421
69,42723
69,42743
69,43663
69,42919
69,43016
69,43940
69,43950
69,43112
69,44229
69,44283
69,44313
69,44508
69,44650
69,43777
69,44920
69,44086
69,45095
69,45175
69,44436
69,45352
69,45382
69,45399
69,45493
69,45611
69,44844
69,45831
69,45870
69,45000
69,46179
69,45366
69,46420
69,46498
69,46655
69,45902
69,46988
69,47109
69,46215
69,46242
69,47333
69,46529
69,47600
69,47688
69,46817
69,47741
69,46875
69,48009
69,47227
69,47326
69,48382
69,47525
69,48510
69,47610
69,48660
69,47877
69,48793
69,48803
69,48869
69,48916
69,48987
69,49075
69,49085
69,49232
69,49244
69,48392
69,48591
69,49628
69,48757
69,49717
69,50094
69,50118
69,49218
69,49222
69,50212
69,50252
69,49352
69,50277
69,50316
69,50347
69,50378
69,50460
69,50503
69,50573
69,50900
69,50935
69,51072
69,50333
69,51410
69,51563
69,50817
69,51810
69,51828
69,52102
69,52128
69,52186
69,51534
69,52564
69,51913
69,51977
69,53104
69,52321
69,52429
69,52647
69,53788
69,54004
69,53556
69,54639
69,54954
69,54358
69,54546
69,54584
69,55004
70,32400
70,32439
70,31872
70,32846
70,31960
70,32040
70,32065
70,32971
70,33014
70,33040
70,33219
70,33248
70,32353
70,33313
70,33418
70,33707
70,33826
70,32931
70,34048
70,34115
70,34460
70,34481
70,34484
70,34599
70,34746
70,33904
70,35045
70,34185
70,34278
70,34283
70,35371
70,35432
70,34659
70,34732
70,35656
70,34870
70,35841
70,35863
70,35024
70,35199
70,35481
70,36703
70,35833
70,36852
70,35963
70,36874
70,36978
70,37150
70,37185
70,37226
70,37377
70,36540
70,37573
70,37595
70,36818
70,36866
70,37815
70,37899
70,37908
70,37911
70,37114
70,37333
70,38242
70,38432
70,38485
70,38514
70,37630
70,38645
70,38665
70,37814
70,38790
70,38007
70,38932
70,38971
70,39080
70,39285
70,39317
70,39338
70,39355
70,39576
70,39791
70,39886
70,39911
70,39035
70,39968
70,39339
70,39436
70,40370
70,40381
70,39668
70,40968
70,41033
70,41083
70,41131
70,40310
70,41743
70,40847
70,41767
70,40981
70,41887
70,41890
70,41057
70,41985
70,41174
70,41314
70,42232
70,41396
70,42316
70,41436
70,42384
70,42527
70,42629
70,41974
70,42037
70,43087
70,43211
70,42436
70,43699
70,43920
70,43953
70,43259
70,44434
70,45030
70,45125
70,45205
70,44382
70,44529
70,45470
70,44590
70,44594
70,45574
70,45631
70,45672
70,45683
70,44801
70,44907
70,45149
70,45230
70,46382
70,45499
70,46649
70,46691
70,46763
70,46805
70,45978
70,46023
70,46926
70,46970
70,47135
70,47400
70,47690
70,47729
70,47766
70,47864
70,48249
70,47563
70,49073
70,49087
70,48254
70,48359
70,48378
70,49304
70,49352
70,49469
70,49501
70,49564
70,48746
70,49381
70,50455
70,50473
70,50483
70,50528
70,50611
70,49794
70,50704
70,49845
70,51065
70,51082
70,50202
70,51157
70,51270
70,51362
70,51364
70,50516
70,51634
70,50784
70,51695
70,51882
70,51920
70,51357
70,52473
70,52713
70,52715
70,51950
70,51962
70,52958
70,52407
70,53403
70,53406
70,53453
70,53558
70,54097
70,53516
70,54487
70,53857
70,54840
70,54856
70,54861
70,55113
70,54262
70,54512
70,54649
70,54750
71,32400
71,32445
71,31601
71,31629
71,32571
71,31687
71,32620
71,32621
71,31735
71,31746
71,32732
71,32740
71,32987
71,32088
71,33051
71,32167
71,32177
71,32208
71,32239
71,33167
71,32387
71,32598
71,33647
71,32841
71,33917
71,33930
71,33093
71,34105
71,34108
71,34145
71,34305
71,33457
71,34370
71,33504
71,34429
71,34501
71,34523
71,34592
71,34909
71,34138
71,34267
71,35196
71,35458
71,34571
71,35642
71,35799
71,36089
71,36117
71,35284
71,35285
71,35656
71,35788
71,36711
71,37007
71,36205
71,37115
71,36566
71,37650
71,37736
71,37220
71,38370
71,38531
71,37714
71,38642
71,37781
71,38823
71,38932
71,39002
71,39059
71,38180
71,39197
71,39283
71,38413
71,39062
71,40284
71,39448
71,40479
71,40536
71,40540
71,39977
71,40896
71,41144
71,41557
71,41578
71,41716
71,40954
71,41882
71,41986
71,41142
71,42155
71,41372
71,42294
71,41400
71,42317
71,42395
71,42545
71,42763
71,42840
71,42885
71,42006
71,42920
71,42475
71,42523
71,43669
71,43800
71,42957
71,43013
71,43022
71,44070
71,44137
71,44178
71,44451
71,44546
71,45126
71,45161
71,45231
71,44365
71,44396
71,45541
71,45698
71,45838
71,45866
71,44974
71,45887
71,44988
71,45901
71,46019
71,46109
71,45220
71,45334
71,45502
71,45507
71,45607
71,45651
71,46636
71,46826
71,46078
71,46152
71,46191
71,47120
71,47267
71,47667
71,46791
71,46884
71,47051
71,47074
71,47114
71,48380
71,47530
71,48442
71,47835
71,48779
71,48815
71,48028
71,48955
71,48971
71,48127
71,48148
71,49095
71,49198
71,48457
71,48707
71,48807
71,49731
71,49066
71,49139
71,49175
71,50187
71,50373
71,49646
71,50697
71,50701
71,51009
71,51050
71,51158
71,50262
71,50452
71,51374
71,50476
71,51465
71,51483
71,51544
71,50718
71,50729
71,51715
71,51787
71,52042
71,52056
71,52127
71,52209
71,51374
71,52311
71,52357
71,51605
71,52619
71,51877
71,53061
71,53062
71,53121
71,53186
71,52335
71,53244
71,53362
71,52612
71,53541
71,52800
71,52831
71,53092
71,53994
71,54017
71,53374
71,54356
71,54372
71,54420
71,54659
71,53880
71,54829
71,54908
71,54986
71,55099
71,54345
71,54573
72,32400
72,31559
72,31775
72,32870
72,33064
72,33117
72,33348
72,33628
72,32931
72,34070
72,34156
72,33268
72,34178
72,33325
72,33411
72,34385
72,34390
72,33512
72,34636
72,34704
72,33947
72,34993
72,35001
72,35066
72,34172
72,35100
72,34266
72,35257
72,34402
72,34583
72,35623
72,35634
72,35693
72,35843
72,36064
72,36446
72,36753
72,35866
72,36907
72,36929
72,36953
72,37141
72,37237
72,37370
72,37458
72,36575
72,37672
72,36889
72,37812
72,37856
72,37937
72,37156
72,37361
72,38611
72,37719
72,37724
72,37780
72,37993
72,38900
72,38031
72,38980
72,38985
72,39065
72,39078
72,39146
72,38280
72,39199
72,39261
72,38386
72,38395
72,38545
72,39558
72,39685
72,39702
72,38876
72,38880
72,40276
72,39723
72,40632
72,39790
72,39826
72,40110
72,40404
72,41370
72,40864
72,41197
72,42112
72,41501
72,42414
72,42452
72,42463
72,42538
72,42733
72,42890
72,42194
72,43125
72,43350
72,43440
72,42630
72,43813
72,43878
72,43015
72,43056
72,44021
72,43142
72,44077
72,44231
72,43470
72,44383
72,45108
72,45252
72,45448
72,45502
72,45585
72,45691
72,45235
72,45235
72,46242
72,46295
72,46558
72,46071
72,46470
72,47382
72,47400
72,47546
72,47569
72,47811
72,47034
72,47969
72,47133
72,48097
72,47249
72,47483
72,47592
72,47610
72,48529
72,48548
72,48640
72,47838
72,48768
72,48929
72,48932
72,48233
72,49193
72,49196
72,49333
72,48484
72,48557
72,48672
72,49835
72,49899
72,50061
72,50413
72,50477
72,50478
72,50488
72,49900
72,50900
72,50022
72,50135
72,51122
72,51166
72,51233
72,50484
72,51524
72,50662
72,50814
72,50858
72,51948
72,51097
72,52033
72,52478
72,52556
72,52697
72,52871
72,53049
72,53260
72,53264
72,53320
72,53387
72,53579
72,52949
72,53875
72,53053
72,54071
72,54149
72,54159
72,54322
72,53473
72,53663
72,54575
72,53844
72,53972
72,54095
72,55046
72,54253
72,55167
72,55214
72,55240
72,54392
72,54582
73,32400
73,31636
73,32617
73,32644
73,32775
73,32842
73,32090
73,32239
73,33213
73,32994
73,33044
73,33175
73,34090
73,34092
73,34287
73,34487
73,34641
73,34714
73,34875
73,34915
73,34036
73,34993
73,35044
73,35208
73,35299
73,34464
73,35426
73,35437
73,34641
73,34961
73,35868
73,35871
73,35887
73,35446
73,36500
73,36898
73,36910
73,36919
73,36027
73,37147
73,37241
73,37644
73,37646
73,37670
73,37674
73,37757
73,36858
73,37844
73,37897
73,38022
73,38039
73,38058
73,38121
73,38262
73,38342
73,38515
73,37660
73,37787
73,37847
73,38909
73,38011
73,38080
73,39137
73,38292
73,39604
73,39868
73,40038
73,40082
73,39192
73,39551
73,39642
73,39738
73,39831
73,39947
73,40075
73,41054
73,41071
73,41074
73,41149
73,40276
73,41302
73,40505
73,41447
73,41524
73,41105
73,42465
73,42716
73,42968
73,43173
73,42333
73,42360
73,43354
73,42831
73,43793
73,44000
73,44308
73,43521
73,44498
73,44598
73,44616
73,44684
73,44876
73,45055
73,45175
73,45324
73,45424
73,45449
73,45495
73,44645
73,44745
73,45787
73,45988
73,45140
73,46056
73,45183
73,45304
73,45329
73,45462
73,45509
73,46700
73,47057
73,46291
73,47214
73,47372
73,46485
73,46566
73,46818
73,47920
73,47260
73,48233
73,47380
73,48405
73,48612
73,48077
73,49544
73,49994
73,50011
73,50318
73,49555
73,50469
73,50645
73,50656
73,50701
73,50790
73,50002
73,50003
73,50912
73,50108
73,50124
73,50240
73,51373
73,50573
73,50641
73,51569
73,51572
73,50705
73,51606
73,51686
73,50789
73,50862
73,52006
73,51109
73,52170
73,52334
73,51618
73,52527
73,52582
73,51897
73,52942
73,53112
73,53154
73,53338
73,53369
73,52477
73,53462
73,52655
73,52866
73,53178
73,53234
73,53349
73,54274
73,54553
73,54554
73,54692
73,53977
73,54947
73,55060
73,54580
73,54633
73,54670
73,54702
73,55186
73,55221
74,32400
74,31751
74,32780
74,31951
74,33036
74,32287
74,32312
74,32316
74,33346
74,33395
74,33728
74,33825
74,33923
74,34162
74,34187
74,33753
74,34726
74,34746
74,33932
74,34837
74,34016
74,34067
74,35300
74,35425
74,34578
74,35601
74,35618
74,35730
74,34938
74,35109
74,35164
74,36074
74,36422
74,35854
74,35994
74,36008
74,36916
74,37144
74,37184
74,37250
74,37271
74,37276
74,36726
74,36853
74,36993
74,37956
74,37977
74,38131
74,37328
74,37706
74,38734
74,39008
74,38255
74,38268
74,38363
74,39663
74,38792
74,39736
74,38842
74,39829
74,38989
74,40031
74,40070
74,40093
74,39838
74,40770
74,40829
74,39951
74,40099
74,40300
74,41268
74,41381
74,41424
74,40608
74,40634
74,40731
74,41665
74,42140
74,42148
74,41492
74,42939
74,42203
74,43331
74,42485
74,43405
74,42714
74,43619
74,43665
74,42790
74,42850
74,42965
74,44155
74,44340
74,44357
74,44359
74,43470
74,44451
74,44509
74,43882
74,44846
74,44875
74,44217
74,45159
74,45467
74,44799
74,45120
74,46272
74,45549
74,46574
74,45705
74,46676
74,46739
74,46903
74,46925
74,46351
74,47399
74,47685
74,48186
74,48247
74,48382
74,48439
74,47649
74,48593
74,47775
74,47883
74,47957
74,48121
74,49039
74,48141
74,48153
74,48157
74,49152
74,48368
74,48421
74,49485
74,49546
74,48662
74,49607
74,49726
74,48953
74,49001
74,49947
74,49066
74,50022
74,49583
74,50534
74,49646
74,49833
74,50972
74,50986
74,51121
74,50250
74,51401
74,51726
74,51880
74,51961
74,52032
74,52144
74,51611
74,52702
74,51848
74,52935
74,52069
74,53164
74,53250
74,52379
74,53792
74,53869
74,54250
74,54386
74,54435
74,54581
74,54608
74,54662
74,54848
74,54918
74,55093
74,55181
74,54549
74,54885
74,54896
75,32400
75,32433
75,31585
75,32734
75,31838
75,31942
75,31998
75,32041
75,33047
75,32205
75,33138
75,32257
75,33175
75,32319
75,32544
75,33481
75,33697
75,33867
75,33941
75,34075
75,34526
75,34641
75,34656
75,33848
75,33867
75,33978
75,35013
75,35308
75,34457
75,35393
75,34557
75,35121
75,36259
75,36267
75,35368
75,35374
75,35444
75,35542
75,36479
75,36585
75,36816
75,36859
75,36284
75,37531
75,36649
75,36688
75,36885
75,37802
75,37308
75,38368
75,38602
75,38627
75,37817
75,38916
75,39084
75,39094
75,38195
75,39122
75,38419
75,38424
75,38807
75,39841
75,39964
75,40035
75,40037
75,40099
75,39302
75,40393
75,40771
75,40133
75,40247
75,40253
75,40385
75,40817
75,41727
75,40847
75,41768
75,41778
75,40899
75,41833
75,40950
75,40982
75,41888
75,41888
75,42171
75,42322
75,42439
75,41626
75,42556
75,42569
75,42674
75,42175
75,43100
75,42234
75,43229
75,43354
75,43403
75,42707
75,43826
75,43951
75,44122
75,44220
75,43415
75,43423
75,43512
75,44727
75,43836
75,44801
75,44821
75,43972
75,44975
75,45030
75,45031
75,44186
75,44215
75,45237
75,45525
75,45773
75,45854
75,45867
75,45224
75,46528
75,46581
75,46818
75,46953
75,47279
75,47408
75,47546
75,46671
75,47622
75,46965
75,48061
75,48155
75,47311
75,48347
75,48570
75,48602
75,47799
75,49048
75,49109
75,49120
75,49189
75,48342
75,49351
75,49556
75,48784
75,48885
75,49844
75,50064
75,50147
75,50177
75,49649
75,49739
75,51170
75,50389
75,51298
75,50458
75,50593
75,50606
75,51566
75,51644
75,51693
75,51985
75,52192
75,52488
75,52631
75,52716
75,52744
75,52090
75,53143
75,53309
75,53331
75,53448
75,52635
75,53547
75,52681
75,52696
75,53861
75,54000
75,53150
75,53266
75,54173
75,53310
75,54246
75,53356
75,54315
75,53441
75,54350
75,54439
75,53547
75,54496
75,54896
75,54006
75,54931
75,54995
75,55035
75,54469
75,55019
75,55182
76,32400
76,32457
76,31569
76,32628
76,32755
76,32065
76,32303
76,32406
76,33869
76,34018
76,34047
76,33597
76,34509
76,34521
76,33625
76,34605
76,34634
76,34746
76,34858
76,34872
76,34873
76,34946
76,34205
76,35174
76,34305
76,34412
76,34580
76,35514
76,35621
76,35693
76,35845
76,35879
76,35215
76,36293
76,36335
76,36476
76,36681
76,36735
76,35915
76,36136
76,37307
76,36636
76,36669
76,37631
76,37633
76,38006
76,38282
76,37405
76,38688
76,37811
76,38724
76,37874
76,38807
76,38019
76,38066
76,39156
76,39229
76,39242
76,38577
76,39480
76,39537
76,39702
76,39772
76,38903
76,39865
76,39969
76,39980
76,39129
76,40058
76,39456
76,39593
76,40602
76,39785
76,39812
76,40980
76,40234
76,41384
76,40517
76,40727
76,42011
76,42344
76,42515
76,41801
76,42936
76,43033
76,43100
76,43241
76,43388
76,43494
76,43726
76,43830
76,43060
76,44172
76,44204
76,44239
76,43593
76,44870
76,44969
76,45048
76,45364
76,45545
76,45906
76,46096
76,46106
76,46545
76,46572
76,46699
76,47273
76,47332
76,47612
76,46859
76,47059
76,47153
76,48077
76,48170
76,47411
76,48483
76,48536
76,48555
76,47775
76,47936
76,48863
76,49112
76,48344
76,48399
76,48594
76,48881
76,48888
76,49899
76,49939
76,49954
76,49192
76,50390
76,50581
76,49689
76,49808
76,49825
76,50827
76,51081
76,50313
76,50339
76,50626
76,50731
76,51682
76,51110
76,51197
76,52310
76,52342
76,51549
76,51549
76,51563
76,52621
76,53059
76,53112
76,53145
76,53147
76,52257
76,53294
76,52429
76,53345
76,53532
76,53537
76,53546
76,53674
76,53684
76,52881
76,53250
76,54167
76,53293
76,54388
76,54530
76,54750
76,54852
76,54030
76,54950
76,55015
76,55028
76,55197
76,54608
76,54958
76,55088
77,32400
77,32424
77,32621
77,32823
77,32839
77,31988
77,32975
77,32983
77,32120
77,33055
77,33088
77,33414
77,32538
77,33697
77,32822
77,32886
77,32919
77,32957
77,34004
77,33346
77,34333
77,34410
77,34435
77,34462
77,34722
77,33999
77,34989
77,34450
77,34451
77,35486
77,35590
77,34690
77,34850
77,35162
77,36206
77,36298
77,36470
77,36545
77,36553
77,36940
77,36198
77,37105
77,37113
77,37164
77,37386
77,37420
77,36563
77,36753
77,36754
77,36915
77,36967
77,37892
77,37121
77,38208
77,37417
77,38442
77,38745
77,39017
77,39030
77,39085
77,38212
77,39158
77,39284
77,39311
77,39398
77,39482
77,38649
77,39714
77,39843
77,38944
77,39996
77,39996
77,40016
77,40095
77,39856
77,40760
77,40937
77,41219
77,41420
77,41426
77,41519
77,41603
77,40715
77,40947
77,41269
77,42226
77,41358
77,41390
77,42430
77,41582
77,41626
77,42598
77,42606
77,41772
77,42739
77,41994
77,42929
77,42952
77,43123
77,43185
77,43242
77,43276
77,42406
77,42498
77,42529
77,43436
77,42559
77,43591
77,42731
77,43722
77,42823
77,43822
77,43387
77,44383
77,43497
77,44496
77,43672
77,43724
77,43802
77,44898
77,44913
77,44966
77,44225
77,44316
77,45241
77,44463
77,44578
77,45098
77,45101
77,46274
77,46308
77,46341
77,45506
77,45536
77,46784
77,46815
77,46984
77,47118
77,47142
77,46307
77,46323
77,46325
77,47291
77,47363
77,46639
77,47597
77,46718
77,47722
77,47760
77,46974
77,47117
77,48287
77,48341
77,48447
77,47609
77,47816
77,48735
77,47935
77,48000
77,49018
77,49112
77,49224
77,49244
77,49649
77,49696
77,50081
77,50148
77,49258
77,50192
77,50293
77,50308
77,49485
77,50443
77,49558
77,49598
77,50758
77,50921
77,50115
77,51054
77,51165
77,51412
77,50521
77,51425
77,50585
77,51519
77,51662
77,50808
77,51912
77,51026
77,51466
77,52412
77,52426
77,51591
77,51662
77,52598
77,53016
77,52257
77,52344
77,53340
77,53398
77,52594
77,53576
77,52686
77,53588
77,53597
77,53652
77,52758
77,53676
77,53679
77,52993
77,53101
77,53152
77,54077
77,54302
77,54375
77,54392
77,53548
77,53675
77,54813
77,55124
77,54346
77,54714
77,54972
77,55116
77,55143
78,32400
78,31608
78,31610
78,32612
78,32625
78,32725
78,32117
78,33227
78,33606
78,32796
78,32811
78,33925
78,33204
78,34233
78,34413
78,34437
78,34447
78,34514
78,34538
78,34633
78,33778
78,34680
78,33915
78,33946
78,34865
78,34898
78,35066
78,35080
78,35090
78,35190
78,35553
78,35660
78,35059
78,36202
78,36244
78,36677
78,36704
78,36886
78,35999
78,36100
78,36112
78,36180
78,37172
78,37368
78,37487
78,37994
78,37123
78,38250
78,38484
78,38529
78,38661
78,38113
78,38191
78,39362
78,38743
78,38812
78,39796
78,39889
78,39004
78,40081
78,39315
78,39318
78,39363
78,39383
78,40446
78,40558
78,39865
78,40079
78,41037
78,41072
78,41302
78,40418
78,40419
78,41348
78,41374
78,41467
78,41479
78,41674
78,40859
78,41800
78,41848
78,40964
78,41905
78,42044
78,42332
78,42344
78,42401
78,42442
78,41554
78,41733
78,41879
78,42092
78,43073
78,42246
78,42751
78,42968
78,44110
78,44183
78,44322
78,43747
78,43839
78,44935
78,44131
78,44300
78,44413
78,44453
78,45498
78,44602
78,44685
78,44915
78,45828
78,46037
78,46408
78,45517
78,46638
78,46698
78,46765
78,46918
78,47069
78,47080
78,47349
78,47349
78,47366
78,47356
78,48374
78,48434
78,48491
78,48539
78,48582
78,48731
78,48792
78,48927
78,48938
78,49057
78,49079
78,49087
78,48308
78,48386
78,49324
78,48807
78,48839
78,50005
78,50029
78,50258
78,50305
78,49475
78,50498
78,49664
78,49827
78,49854
78,50080
78,51232
78,51436
78,51482
78,51511
78,51605
78,50769
78,51838
78,51862
78,51911
78,51982
78,51997
78,51239
78,52212
78,52306
78,52464
78,51644
78,52570
78,52646
78,52892
78,52923
78,52148
78,53066
78,52206
78,53263
78,53423
78,53549
78,53719
78,53744
78,54078
78,54193
78,54326
78,54474
78,53715
78,54717
78,54770
78,54787
78,54859
78,54879
78,54897
78,54008
78,55187
78,55245
78,54355
78,54699
78,54709
78,54869
78,54870
78,55110
79,32400
79,32418
79,32460
79,31581
79,31610
79,31742
79,32684
79,32771
79,32171
79,32265
79,32294
79,32416
79,32434
79,32821
79,33799
79,33846
79,32959
79,33929
79,33157
79,33187
79,33225
79,33504
79,33507
79,34536
79,34836
79,34950
79,35076
79,35100
79,35178
79,34298
79,35201
79,35238
79,35346
79,34731
79,35954
79,36025
79,35503
79,36684
79,35833
79,36799
79,36048
79,36225
79,37218
79,37281
79,37296
79,36557
79,37780
79,36882
79,38026
79,38152
79,38274
79,38348
79,38375
79,38417
79,37657
79,38603
79,37972
79,38931
79,38146
79,38221
79,39244
79,39360
79,39523
79,38851
79,38920
79,39849
79,39091
79,39293
79,40230
79,40318
79,40330
79,39503
79,40409
79,39829
79,39944
79,40847
79,39960
79,41029
79,41065
79,40207
79,41245
79,41246
79,41284
79,40418
79,41513
79,41643
79,41646
79,40760
79,41765
79,41077
79,42142
79,42149
79,42342
79,42418
79,42489
79,41754
79,42751
79,42870
79,42871
79,41972
79,42992
79,42168
79,43242
79,42349
79,42454
79,43389
79,43465
79,43497
79,43677
79,42853
79,43973
79,44116
79,44292
79,44363
79,43508
79,43796
79,44814
79,44857
79,44286
79,45209
79,45372
79,44519
79,44602
79,44638
79,45616
79,44719
79,45721
79,45741
79,44923
79,45107
79,46092
79,46124
79,45225
79,45237
79,45419
79,46471
79,46540
79,46665
79,46774
79,46870
79,46230
79,46414
79,46423
79,47346
79,47361
79,47376
79,46542
79,46607
79,47650
79,47688
79,47764
79,47987
79,47127
79,48034
79,48140
79,47337
79,47453
79,48463
79,48570
79,48588
79,47757
79,48683
79,48761
79,48971
79,49168
79,49183
79,48642
79,49605
79,49749
79,50176
79,49369
79,50314
79,50374
79,50395
79,50516
79,49643
79,49732
79,49877
79,50882
79,49994
79,50982
79,50197
79,51178
79,51202
79,51207
79,51378
79,51447
79,51454
79,51503
79,51520
79,51647
79,51742
79,50932
79,51846
79,51874
79,52014
79,52067
79,52080
79,52191
79,52221
79,51555
79,51585
79,52564
79,52628
79,52698
79,52842
79,52392
79,53329
79,53341
79,52467
79,53621
79,52758
79,53662
79,53702
79,53763
79,53842
79,53013
79,54087
79,54142
79,54207
79,54270
79,53393
79,53527
79,53595
79,54705
79,54961
79,55010
79,55021
79,54754
79,54803
79,55145
80,32400
80,32503
80,32508
80,32548
80,32642
80,32725
80,33112
80,33367
80,32941
80,33861
80,33066
80,33153
80,33221
80,34159
80,34431
80,33599
80,34532
80,35057
80,35178
80,35186
80,35208
80,35232
80,34374
80,34478
80,35502
80,34890
80,34924
80,36088
80,35225
80,35349
80,36362
80,36478
80,36610
80,36770
80,36921
80,36125
80,37077
80,37170
80,37525
80,36798
80,37075
80,37203
80,38162
80,38203
80,37314
80,37340
80,37490
80,37490
80,38510
80,37653
80,38570
80,38836
80,38106
80,39009
80,39052
80,39259
80,39275
80,39305
80,39352
80,39775
80,39069
80,40043
80,40104
80,39215
80,39251
80,39253
80,40159
80,39645
80,40637
80,40785
80,40865
80,41008
80,40823
80,40958
80,41959
80,41212
80,42181
80,42234
80,42245
80,41354
80,42335
80,42487
80,42566
80,42686
80,42701
80,42743
80,41846
80,42750
80,43357
80,42581
80,43542
80,42797
80,43333
80,43373
80,44350
80,44646
80,44978
80,45121
80,44330
80,45262
80,45282
80,45414
80,45468
80,44586
80,45784
80,45901
80,45208
80,45221
80,46146
80,45251
80,46204
80,46260
80,45424
80,46334
80,46337
80,46394
80,46469
80,45618
80,45717
80,46655
80,46727
80,46750
80,45972
80,46930
80,47109
80,47126
80,47244
80,46455
80,46565
80,46746
80,47834
80,46983
80,47921
80,48011
80,48203
80,47323
80,48493
80,48535
80,48785
80,48005
80,48091
80,49061
80,48192
80,49094
80,48258
80,49320
80,49496
80,49524
80,48699
80,49736
80,49985
80,50103
80,50111
80,49419
80,50332
80,50427
80,50515
80,50708
80,50758
80,49860
80,51360
80,51402
80,51415
80,51507
80,51512
80,51685
80,50910
80,51135
80,52078
80,52143
80,52150
80,52201
80,52458
80,52580
80,52695
80,52902
80,53010
80,53111
80,52519
80,53471
80,52924
80,54146
80,54176
80,53296
80,54203
80,54243
80,54372
80,54616
80,53827
80,54789
80,54833
80,54008
80,54200
80,55187
80,55191
80,54621
81,32400
81,32475
81,32650
81,32738
81,32898
81,32099
81,32110
81,33046
81,32274
81,33227
81,33384
81,33779
81,33883
81,33935
81,33204
81,34143
81,33291
81,33453
81,33483
81,33492
81,34657
81,34678
81,34686
81,34822
81,35340
81,34530
81,34570
81,34682
81,35228
81,36326
81,36597
81,37098
81,37362
81,37368
81,37383
81,37400
81,37534
81,36634
81,37724
81,36869
81,37771
81,37357
81,38260
81,38501
81,38506
81,38561
81,38905
81,39048
81,38237
81,38243
81,39145
81,38297
81,39509
81,39559
81,38659
81,39590
81,38738
81,39678
81,39705
81,39822
81,39870
81,38975
81,40137
81,40281
81,39440
81,39486
81,40400
81,40436
81,39549
81,40465
81,39578
81,40612
81,40663
81,40767
81,40935
81,40102
81,41068
81,40211
81,40389
81,40598
81,41655
81,41679
81,40820
81,40921
81,41931
81,42080
81,42445
81,42447
81,42466
81,42548
81,41661
81,42635
81,42720
81,42002
81,42951
81,43142
81,43150
81,43232
81,43244
81,42452
81,43354
81,43477
81,43486
81,42614
81,43520
81,43523
81,43527
81,43568
81,43609
81,43849
81,42984
81,43949
81,44277
81,43762
81,43769
81,44031
81,44117
81,45208
81,45219
81,44377
81,44412
81,45413
81,45418
81,45531
81,44763
81,45692
81,45713
81,45738
81,44956
81,46224
81,46351
81,46373
81,46442
81,46013
81,46926
81,47075
81,46209
81,47122
81,46353
81,47272
81,47474
81,46609
81,46633
81,47563
81,47624
81,46880
81,47822
81,47834
81,47116
81,48240
81,48289
81,47389
81,47413
81,47540
81,48488
81,48503
81,47646
81,48612
81,47787
81,47923
81,48879
81,48926
81,48183
81,48231
81,49237
81,49261
81,49451
81,48567
81,49672
81,49732
81,49777
81,49171
81,49409
81,50319
81,49535
81,49668
81,50595
81,50598
81,50658
81,50707
81,50869
81,50878
81,50173
81,50217
81,50252
81,51247
81,51380
81,50523
81,51472
81,51627
81,51651
81,50763
81,50807
81,50844
81,52036
81,52484
81,51678
81,51711
81,52663
81,52775
81,52860
81,52150
81,52155
81,53251
81,52606
81,53585
81,52728
81,53635
81,52746
81,52906
81,53891
81,53961
81,54287
81,54490
81,54591
81,54630
81,54847
81,54088
81,55013
81,55157
81,55232
81,55222
81,55244
82,32400
82,32556
82,32043
82,32973
82,33131
82,33547
82,33668
82,32896
82,34035
82,34155
82,34156
82,34158
82,33285
82,33352
82,33408
82,34321
82,34331
82,33646
82,33883
82,34790
82,34833
82,34876
82,35031
82,35099
82,35363
82,34621
82,34694
82,34916
82,36002
82,36229
82,35615
82,36529
82,35847
82,35849
82,36802
82,36813
82,35965
82,35985
82,36903
82,36224
82,37267
82,37280
82,37403
82,37618
82,37091
82,38182
82,38310
82,37726
82,37868
82,37922
82,39075
82,38235
82,38241
82,38261
82,39403
82,39432
82,39495
82,38668
82,38777
82,39749
82,40233
82,40265
82,40290
82,39459
82,39473
82,40602
82,40905
82,40926
82,40934
82,40198
82,41133
82,41193
82,41202
82,40324
82,40367
82,41393
82,40698
82,41706
82,41715
82,41798
82,42055
82,42273
82,42463
82,41591
82,42615
82,42775
82,43034
82,42256
82,43294
82,43295
82,43412
82,42557
82,42888
82,43912
82,43037
82,44062
82,43195
82,43346
82,44266
82,44528
82,44569
82,43734
82,43781
82,44910
82,44981
82,44996
82,45011
82,44171
82,44196
82,44232
82,44627
82,44792
82,44908
82,45957
82,46035
82,45159
82,46082
82,46451
82,45791
82,46707
82,46752
82,46776
82,45934
82,46663
82,47756
82,47862
82,48012
82,47156
82,48173
82,48245
82,48343
82,48479
82,48547
82,48576
82,48620
82,48809
82,48857
82,49033
82,49247
82,49363
82,49446
82,48561
82,49484
82,49885
82,50037
82,49157
82,50083
82,49377
82,50541
82,50562
82,49795
82,50705
82,49832
82,50824
82,50847
82,51057
82,51258
82,51301
82,51409
82,51519
82,51567
82,51667
82,51734
82,51741
82,51935
82,52012
82,52233
82,52251
82,52391
82,51674
82,52578
82,52591
82,51699
82,51864
82,52099
82,52298
82,52323
82,52403
82,53314
82,53318
82,52473
82,52602
82,52630
82,53555
82,53667
82,53022
82,53977
82,53095
82,53999
82,53171
82,53384
82,53398
82,54483
82,54519
82,53639
82,54794
82,54891
82,54194
82,55240
82,54660
83,32400
83,32549
83,31889
83,32914
83,33016
83,32158
83,33078
83,33244
83,33280
83,33564
83,33696
83,33867
83,33900
83,33201
83,33203
83,33227
83,34217
83,34304
83,34445
83,33555
83,34593
83,34648
83,34707
83,33848
83,34160
83,35110
83,34481
83,35445
83,34799
83,36018
83,36032
83,36060
83,36069
83,35387
83,35413
83,36474
83,36494
83,36606
83,36838
83,36958
83,36145
83,36238
83,36297
83,37223
83,37275
83,37405
83,36636
83,37550
83,37556
83,37795
83,36927
83,37924
83,38022
83,37569
83,38554
83,37747
83,37775
83,37784
83,38691
83,37851
83,39011
83,38139
83,39086
83,38273
83,39374
83,38541
83,39444
83,39516
83,39011
83,39960
83,40126
83,40318
83,39587
83,40504
83,40672
83,40733
83,39841
83,41121
83,41180
83,40363
83,41455
83,41475
83,41548
83,41614
83,40757
83,41296
83,42211
83,42367
83,42402
83,41544
83,42464
83,42472
83,42515
83,42829
83,42865
83,41992
83,42141
83,43169
83,42326
83,42523
83,43502
83,43533
83,42640
83,43776
83,43076
83,44075
83,43244
83,43288
83,44223
83,43352
83,44385
83,44499
83,44655
83,45049
83,44187
83,45166
83,45250
83,44388
83,45327
83,45401
83,45506
83,45542
83,44882
83,46094
83,46182
83,46292
83,45400
83,46391
83,46399
83,46426
83,45596
83,46540
83,46944
83,47113
83,46503
83,46657
83,47564
83,46677
83,46712
83,46741
83,47792
83,46921
83,47958
83,48374
83,48400
83,48593
83,48644
83,47747
83,47789
83,48720
83,48445
83,48495
83,49479
83,48690
83,48710
83,48720
83,49747
83,49927
83,50012
83,50112
83,50236
83,50317
83,50347
83,49458
83,49633
83,50619
83,49814
83,50804
83,50047
83,50327
83,51337
83,51484
83,50609
83,51718
83,51761
83,51764
83,51932
83,51160
83,52107
83,52178
83,52192
83,52355
83,51571
83,51686
83,51792
83,52754
83,52905
83,53002
83,52184
83,53446
83,53625
83,53664
83,52952
83,54113
83,54345
83,54466
83,54527
83,54663
83,54145
83,55103
83,55092
83,55168
84,32400
84,31737
84,32700
84,32789
84,32829
84,31988
84,32086
84,33085
84,33122
84,33404
84,33491
84,33610
84,32791
84,32863
84,33795
84,33208
84,33444
84,34431
84,34462
84,34513
84,34800
84,34166
84,35106
84,35161
84,35236
84,35236
84,35265
84,35366
84,34580
84,35612
84,35635
84,34746
84,34782
84,34843
84,35968
84,36017
84,35452
84,36427
84,36465
84,35706
84,37031
84,36177
84,37100
84,36481
84,36685
84,36705
84,36711
84,36917
84,38022
84,38183
84,38328
84,38374
84,38413
84,37542
84,38564
84,37666
84,38651
84,38878
84,39088
84,39163
84,38281
84,39551
84,39559
84,38705
84,39703
84,38811
84,40042
84,39369
84,40519
84,40532
84,40535
84,39979
84,40007
84,40116
84,40121
84,40337
84,40434
84,40482
84,41656
84,41754
84,41826
84,41933
84,42327
84,42629
84,41915
84,42910
84,42965
84,42141
84,42169
84,42258
84,43214
84,42359
84,43284
84,42563
84,43493
84,42641
84,43548
84,43616
84,43939
84,43096
84,43138
84,44195
84,44107
84,45366
84,45532
84,44695
84,45716
84,45953
84,45140
84,46230
84,46328
84,45442
84,46348
84,45492
84,46658
84,45907
84,47104
84,46306
84,46608
84,46658
84,46689
84,47604
84,47646
84,46911
84,47839
84,48065
84,48102
84,48106
84,48119
84,48435
84,48465
84,47943
84,48195
84,48549
84,49587
84,49795
84,49955
84,49976
84,50013
84,50138
84,50362
84,49477
84,49480
84,50638
84,50993
84,51097
84,51271
84,50469
84,50605
84,51679
84,51729
84,51303
84,52339
84,52512
84,52521
84,51752
84,52723
84,52130
84,53069
84,52255
84,53268
84,52461
84,52540
84,52589
84,53734
84,53830
84,53202
84,53207
84,53234
84,54225
84,53354
84,54379
84,54430
84,54474
84,54588
84,54667
84,54684
84,54695
84,54842
84,54222
84,55198
84,54341
84,55243
84,54532
84,54566
84,54586
84,55089
85,32400
85,32415
85,32525
85,32564
85,32672
85,31931
85,32888
85,32056
85,32992
85,33069
85,32419
85,33538
85,33539
85,33819
85,34077
85,34112
85,33621
85,34552
85,34665
85,34857
85,35073
85,35096
85,34234
85,34281
85,35187
85,35213
85,34316
85,35258
85,35264
85,35269
85,34447
85,34458
85,35380
85,34573
85,35642
85,35015
85,36026
85,36099
85,35464
85,35527
85,35549
85,36534
85,36592
85,36607
85,36630
85,36722
85,37097
85,37183
85,37232
85,37306
85,36639
85,37646
85,36838
85,37751
85,37798
85,37129
85,38034
85,38236
85,38283
85,38346
85,38361
85,37549
85,38568
85,37776
85,38692
85,37808
85,38728
85,38784
85,38832
85,37955
85,38007
85,39032
85,39198
85,39330
85,38462
85,38481
85,39505
85,39547
85,39578
85,39638
85,38740
85,39705
85,39106
85,40086
85,40104
85,40552
85,40897
85,41123
85,40256
85,41179
85,41288
85,41760
85,41059
85,42250
85,42288
85,42385
85,42509
85,42514
85,42601
85,42706
85,41877
85,43092
85,42216
85,43139
85,43294
85,42474
85,42884
85,44043
85,44044
85,44058
85,43572
85,43849
85,44920
85,44274
85,45388
85,45490
85,45786
85,45901
85,45997
85,46014
85,46271
85,45700
85,45707
85,45845
85,46809
85,45928
85,46992
85,47199
85,47212
85,46580
85,47580
85,47640
85,47678
85,46791
85,47705
85,47768
85,47057
85,48114
85,47252
85,47328
85,48229
85,48323
85,47579
85,48504
85,48636
85,47741
85,48750
85,47968
85,48904
85,48994
85,49022
85,48441
85,48675
85,48807
85,49745
85,49768
85,49974
85,49988
85,49148
85,50052
85,50106
85,50197
85,49384
85,50373
85,49536
85,50580
85,50705
85,50714
85,50140
85,51097
85,51206
85,51313
85,50428
85,51353
85,51390
85,51615
85,51781
85,52104
85,51229
85,51249
85,51264
85,51266
85,52220
85,52298
85,52486
85,51597
85,51727
85,52696
85,52915
85,52038
85,53009
85,53062
85,53192
85,53679
85,53754
85,53826
85,53904
85,54014
85,53160
85,54117
85,53546
85,54123
85,55045
85,54397
85,54439
85,54660
86,32400
86,32483
86,31626
86,32678
86,32715
86,32811
86,32866
86,32026
86,32059
86,33170
86,33232
86,33383
86,33629
86,33773
86,32967
86,33007
86,33063
86,33072
86,34003
86,34023
86,34050
86,33151
86,33214
86,34371
86,34384
86,34422
86,34503
86,34621
86,34680
86,33949
86,34970
86,35071
86,35325
86,35337
86,35474
86,34811
86,35714
86,34956
86,35918
86,35127
86,36168
86,35285
86,35364
86,35475
86,36441
86,36521
86,35773
86,36930
86,36282
86,37376
86,36517
86,36553
86,36667
86,36694
86,37715
86,37746
86,37831
86,37842
86,37978
86,37137
86,37212
86,37353
86,38553
86,38573
86,38591
86,37730
86,38646
86,37781
86,38729
86,38751
86,39046
86,39193
86,38335
86,39248
86,39296
86,39356
86,39391
86,39429
86,39537
86,38643
86,39550
86,38736
86,39015
86,39202
86,39406
86,40384
86,40419
86,40713
86,40763
86,40805
86,41015
86,40198
86,41181
86,41211
86,41254
86,40428
86,41503
86,41504
86,41523
86,40662
86,40981
86,41160
86,41210
86,42223
86,42260
86,42359
86,41599
86,42607
86,41751
86,41865
86,42799
86,43014
86,43330
86,43334
86,42732
86,42748
86,42874
86,43891
86,43909
86,43939
86,44305
86,44324
86,44330
86,44343
86,44400
86,43663
86,43916
86,44009
86,44997
86,44172
86,45275
86,45278
86,45415
86,44541
86,45485
86,45501
86,44702
86,45692
86,44919
86,44997
86,45903
86,45968
86,46215
86,46265
86,46277
86,46378
86,46393
86,46393
86,46464
86,46505
86,46572
86,45676
86,46793
86,45940
86,46885
86,47044
86,46208
86,47133
86,46328
86,47246
86,47498
86,47784
86,47969
86,48246
86,47389
86,48332
86,48858
86,48975
86,49066
86,49086
86,49376
86,49394
86,49419
86,49876
86,49056
86,50020
86,50231
86,50447
86,50561
86,49759
86,50850
86,51133
86,51189
86,51280
86,51479
86,51491
86,51494
86,50626
86,51579
86,51647
86,52014
86,52127
86,52305
86,52420
86,52452
86,51759
86,51810
86,52973
86,52403
86,53417
86,53498
86,52731
86,53645
86,53671
86,52998
86,53978
86,53232
86,54354
86,54399
86,54497
86,54514
86,53713
86,53758
86,54675
86,53832
86,54774
86,53886
86,55088
86,54730
86,54746
86,54992
87,32400
87,32472
87,31690
87,32596
87,32602
87,32710
87,32734
87,31880
87,31962
87,32054
87,32135
87,33118
87,33370
87,32566
87,32597
87,33554
87,33570
87,32780
87,32872
87,33909
87,33923
87,34436
87,34443
87,33798
87,34823
87,34847
87,34858
87,34923
87,34407
87,35365
87,34467
87,34648
87,34707
87,34805
87,34880
87,35936
87,35963
87,35316
87,36374
87,36476
87,35947
87,37164
87,37275
87,37376
87,37843
87,36966
87,37150
87,37152
87,38172
87,38395
87,37517
87,38457
87,38533
87,38635
87,38643
87,38802
87,38007
87,39056
87,39089
87,39138
87,39430
87,38611
87,39828
87,39971
87,40044
87,39305
87,40475
87,40690
87,39797
87,40746
87,40772
87,40778
87,39951
87,40864
87,41116
87,41297
87,41396
87,41700
87,41701
87,41747
87,41851
87,42024
87,41145
87,41253
87,42264
87,42327
87,42392
87,42523
87,41624
87,42590
87,42620
87,42740
87,43234
87,43271
87,43366
87,42800
87,43708
87,42974
87,43902
87,43032
87,43124
87,44245
87,44411
87,44439
87,43553
87,43554
87,44690
87,44739
87,44874
87,45000
87,45053
87,45122
87,45522
87,45536
87,44770
87,45702
87,45717
87,45845
87,45119
87,46051
87,46144
87,46162
87,46255
87,46304
87,46486
87,46521
87,45654
87,46696
87,46711
87,46724
87,46740
87,47003
87,47048
87,47207
87,46474
87,47378
87,46609
87,47792
87,48438
87,47686
87,48793
87,48798
87,47927
87,48095
87,48257
87,49231
87,49461
87,49500
87,48618
87,49575
87,48915
87,49821
87,50209
87,50303
87,50313
87,49464
87,50384
87,49495
87,49534
87,50467
87,50650
87,49783
87,51036
87,51090
87,51155
87,51207
87,51235
87,51248
87,51349
87,51472
87,51698
87,51828
87,50939
87,51940
87,51960
87,52090
87,52263
87,51553
87,51555
87,52576
87,51702
87,52028
87,52936
87,52948
87,52178
87,53118
87,53120
87,52296
87,52402
87,53360
87,54336
87,53441
87,54356
87,54362
87,53500
87,54515
87,54543
87,54845
87,54859
87,54978
87,54089
87,54116
87,54120
87,55072
87,55114
87,54276
87,55185
88,32400
88,32554
88,31728
88,32670
88,33043
88,32280
88,33209
88,32367
88,33368
88,32482
88,33430
88,33479
88,33567
88,32686
88,32899
88,33062
88,33486
88,33745
88,34670
88,33777
88,34198
88,34276
88,34358
88,35268
88,35280
88,34417
88,34524
88,34681
88,35011
88,36016
88,36056
88,35358
88,36495
88,36557
88,35731
88,36656
88,36814
88,36855
88,36878
88,37055
88,36158
88,37141
88,36295
88,36339
88,37331
88,36647
88,37738
88,37837
88,36945
88,37033
88,37342
88,38262
88,38349
88,38444
88,37637
88,37642
88,37877
88,38802
88,38824
88,39063
88,38215
88,39181
88,39198
88,38315
88,38397
88,39313
88,38747
88,39825
88,39088
88,40097
88,40304
88,40522
88,40629
88,39771
88,40834
88,40917
88,41311
88,41359
88,41530
88,41590
88,40769
88,40823
88,41831
88,40962
88,42133
88,41238
88,41329
88,42341
88,42355
88,41465
88,42373
88,42442
88,41626
88,42662
88,42823
88,42855
88,42149
88,42164
88,42592
88,43997
88,44110
88,44126
88,44347
88,43661
88,44732
88,43869
88,44354
88,44555
88,44600
88,44675
88,45576
88,45619
88,45829
88,45901
88,45916
88,45127
88,46039
88,46289
88,45411
88,45662
88,45797
88,46939
88,47037
88,47104
88,47105
88,47138
88,47231
88,47433
88,47466
88,46701
88,47695
88,47865
88,47004
88,47981
88,48013
88,47333
88,48590
88,48741
88,47842
88,48863
88,48978
88,48989
88,48090
88,48171
88,48283
88,49302
88,49370
88,49497
88,49579
88,49610
88,49834
88,48999
88,49903
88,49920
88,49921
88,50080
88,50135
88,49343
88,50259
88,49445
88,49494
88,49617
88,50598
88,50701
88,50058
88,51107
88,50340
88,51342
88,50611
88,50652
88,50854
88,51005
88,52103
88,52299
88,51422
88,52333
88,52377
88,52414
88,51580
88,52542
88,52596
88,52707
88,52796
88,52804
88,52855
88,52975
88,53025
88,53175
88,52332
88,53590
88,53598
88,52708
88,52745
88,52961
88,53055
88,53966
88,53227
88,54304
88,53527
88,54566
88,54582
88,54715
88,55228
89,32400
89,31548
89,32544
89,31655
89,31859
89,31893
89,31918
89,32874
89,32949
89,32136
89,33115
89,32328
89,32486
89,33450
89,33461
89,33653
89,33999
89,34084
89,34162
89,33262
89,33396
89,34373
89,34387
89,33784
89,33806
89,34790
89,34816
89,34048
89,34961
89,34112
89,35188
89,35369
89,35395
89,35589
89,35605
89,34758
89,35666
89,35693
89,35781
89,35854
89,35920
89,35966
89,35968
89,36274
89,36594
89,36658
89,35826
89,36876
89,36119
89,36149
89,37186
89,36331
89,37314
89,37344
89,37412
89,37435
89,36702
89,36742
89,36877
89,37039
89,37946
89,37952
89,38056
89,38118
89,38248
89,37360
89,38334
89,37546
89,38493
89,38548
89,37666
89,38881
89,38291
89,39255
89,38379
89,38381
89,39462
89,39511
89,39831
89,38943
89,39072
89,39185
89,40095
89,40182
89,39304
89,40317
89,40339
89,40365
89,39557
89,40458
89,40585
89,40765
89,40765
89,39896
89,40804
89,40887
89,41016
89,41309
89,40439
89,41356
89,40485
89,41461
89,41631
89,41745
89,41835
89,41877
89,41004
89,42117
89,42393
89,41817
89,41824
89,42784
89,42881
89,42945
89,43178
89,43427
89,43647
89,43822
89,42977
89,42985
89,43370
89,43473
89,44554
89,44579
89,44749
89,43916
89,44958
89,45034
89,45041
89,45257
89,45467
89,45607
89,45728
89,44982
89,46036
89,46042
89,46043
89,45151
89,46064
89,46348
89,46598
89,45966
89,46078
89,47120
89,46501
89,47458
89,46891
89,47022
89,47023
89,47965
89,47098
89,48059
89,48308
89,48851
89,47962
89,48017
89,49154
89,49202
89,49267
89,48463
89,49483
89,48587
89,48623
89,48871
89,49810
89,49875
89,50015
89,50300
89,50369
89,49513
89,49700
89,50637
89,50744
89,50806
89,50242
89,51220
89,51292
89,51296
89,50508
89,51413
89,51634
89,51715
89,50870
89,51024
89,51947
89,51119
89,52030
89,51138
89,51152
89,52198
89,52211
89,52251
89,52480
89,52659
89,52685
89,52860
89,52067
89,53100
89,52441
89,52473
89,52872
89,53812
89,53843
89,53005
89,54189
89,54232
89,53358
89,53512
89,54435
89,53552
89,53613
89,54609
89,54644
89,54686
89,53806
89,54950
89,54164
89,54302
89,54394
89,54742
90,32400
90,32474
90,32604
90,32653
90,31781
90,31843
90,32755
90,32034
90,32063
90,33012
90,33071
90,33239
90,32542
90,33447
90,32584
90,32659
90,32799
90,33745
90,33990
90,34499
90,33602
90,33735
90,34679
90,33868
90,34783
90,34903
90,35009
90,34165
90,35120
90,34310
90,34343
90,35246
90,34450
90,35421
90,35498
90,35587
90,35697
90,34909
90,35288
90,36197
90,36201
90,36668
90,36791
90,37471
90,36585
90,37558
90,37616
90,36792
90,37818
90,36951
90,37985
90,38186
90,38509
90,38549
90,37742
90,38714
90,38768
90,37892
90,37894
90,37898
90,38869
90,38093
90,39137
90,38359
90,38436
90,39436
90,38542
90,38633
90,39591
90,38697
90,38726
90,38727
90,38788
90,39882
90,39945
90,39073
90,40113
90,39310
90,40323
90,41018
90,40235
90,41160
90,41253
90,41283
90,40696
90,40718
90,41677
90,41714
90,41810
90,40913
90,41826
90,41343
90,41428
90,41784
90,42730
90,42746
90,42914
90,43114
90,43602
90,43609
90,43685
90,43911
90,43990
90,44223
90,44286
90,44525
90,44680
90,44707
90,43914
90,44825
90,45072
90,45080
90,45117
90,44520
90,45646
90,45179
90,45180
90,46126
90,46279
90,45525
90,45617
90,46731
90,45934
90,46887
90,47126
90,47250
90,47264
90,47357
90,47610
90,47716
90,47718
90,47873
90,47199
90,48487
90,48832
90,48833
90,48036
90,48945
90,48141
90,49143
90,48283
90,48418
90,49421
90,49635
90,49662
90,48776
90,49154
90,50312
90,49615
90,49693
90,50688
90,51052
90,50283
90,50353
90,51431
90,51441
90,51577
90,51680
90,51763
90,50937
90,51934
90,51106
90,52232
90,52369
90,52377
90,51481
90,52405
90,51653
90,51881
90,52914
90,53040
90,52196
90,53622
90,53722
90,53788
90,53821
90,54039
90,54190
90,53336
90,54511
90,53906
90,54093
90,54143
90,55057
90,55182
90,54285
90,54468
90,55196
90,55248
91,32400
91,31538
91,31592
91,32616
91,32706
91,32714
91,32748
91,33706
91,32811
91,33744
91,32859
91,33861
91,33017
91,34010
91,33353
91,34375
91,34475
91,34495
91,33610
91,34615
91,34705
91,34015
91,35066
91,34197
91,35108
91,34227
91,34234
91,35210
91,35305
91,35396
91,34508
91,35469
91,35530
91,35564
91,35742
91,34941
91,36127
91,35312
91,36460
91,35573
91,36689
91,35847
91,36351
91,37512
91,37837
91,36964
91,37002
91,37041
91,38121
91,37255
91,38462
91,38472
91,38514
91,38568
91,38010
91,38925
91,38027
91,39018
91,39042
91,39110
91,38267
91,39243
91,39588
91,39607
91,39949
91,39954
91,39163
91,39209
91,39231
91,40269
91,40300
91,40466
91,40650
91,39753
91,39799
91,40726
91,40743
91,40779
91,40780
91,40131
91,41139
91,41196
91,41290
91,41319
91,41396
91,41443
91,40801
91,41758
91,41832
91,41941
91,41045
91,42093
91,42148
91,42205
91,42224
91,42320
91,42477
91,41628
91,41635
91,42770
91,42885
91,42377
91,43404
91,43540
91,43543
91,43619
91,43674
91,43712
91,43919
91,43093
91,44180
91,44194
91,43312
91,43373
91,44312
91,43444
91,44458
91,43814
91,43862
91,45164
91,44498
91,44653
91,44733
91,44777
91,45754
91,44914
91,46016
91,45232
91,46234
91,45429
91,45462
91,46439
91,45560
91,45573
91,47097
91,46213
91,46216
91,47227
91,46350
91,47375
91,47432
91,47433
91,46841
91,46922
91,47854
91,46995
91,47060
91,47142
91,48071
91,48138
91,47265
91,48184
91,47408
91,48433
91,47772
91,48673
91,48689
91,48957
91,48092
91,49142
91,49208
91,49225
91,48338
91,49244
91,48358
91,49548
91,49703
91,49776
91,49835
91,49031
91,49065
91,49134
91,50083
91,49242
91,50385
91,50841
91,50355
91,51387
91,51390
91,51417
91,51498
91,51772
91,51773
91,51905
91,51924
91,51932
91,52003
91,51132
91,52210
91,52405
91,52568
91,52602
91,51875
91,52896
91,52037
91,52967
91,53005
91,53056
91,53124
91,53190
91,53237
91,52751
91,52890
91,52903
91,53072
91,53977
91,53108
91,54034
91,54378
91,54560
91,54626
91,54154
91,55251
91,54459
91,54467
91,54663
91,54880
92,32400
92,32664
92,32724
92,31837
92,32754
92,32899
92,32915
92,32230
92,32256
92,32324
92,33254
92,33297
92,33311
92,32535
92,33441
92,33856
92,33859
92,33861
92,34095
92,34219
92,33496
92,33619
92,34547
92,33917
92,34895
92,34062
92,34079
92,35103
92,35151
92,35168
92,35257
92,35421
92,35610
92,35774
92,35827
92,35001
92,36090
92,36153
92,35315
92,36239
92,36316
92,36330
92,36350
92,36422
92,36547
92,36721
92,36734
92,36974
92,37025
92,36227
92,37165
92,36405
92,36485
92,37470
92,36671
92,37881
92,37883
92,37005
92,38082
92,38086
92,37189
92,38301
92,37546
92,37630
92,38705
92,38797
92,38843
92,37983
92,39024
92,39142
92,39325
92,38504
92,39491
92,38621
92,38644
92,39654
92,39691
92,40185
92,40356
92,39884
92,40842
92,40965
92,41039
92,40231
92,41369
92,41491
92,40803
92,41759
92,41843
92,42114
92,41291
92,41868
92,41868
92,42948
92,42524
92,43655
92,43906
92,43098
92,43111
92,43179
92,44129
92,43258
92,44265
92,44456
92,43621
92,44765
92,44838
92,43946
92,43951
92,44121
92,45039
92,44139
92,44146
92,44203
92,44232
92,45193
92,45234
92,44596
92,45507
92,45600
92,44724
92,44938
92,45872
92,45173
92,45215
92,45315
92,46612
92,46616
92,46969
92,47045
92,46190
92,46230
92,47135
92,46273
92,47380
92,47551
92,47623
92,46876
92,46965
92,47972
92,48341
92,47498
92,48465
92,48507
92,48543
92,48857
92,48204
92,48237
92,48886
92,49450
92,50515
92,50926
92,50030
92,50948
92,51005
92,51118
92,50238
92,50250
92,51177
92,51305
92,50495
92,50556
92,51496
92,50736
92,51234
92,52231
92,52330
92,51621
92,51623
92,52555
92,51687
92,52688
92,52800
92,51954
92,52928
92,52948
92,52988
92,52227
92,52329
92,53439
92,53491
92,52778
92,52857
92,53904
92,53023
92,53086
92,54021
92,54109
92,53281
92,53321
92,54261
92,54445
92,54452
92,54472
92,54600
92,54620
92,54674
92,54869
92,55000
92,55038
92,54292
92,54661
92,54687
92,54948
93,32400
93,32445
93,32563
93,32568
93,31805
93,32825
93,31949
93,32113
93,33044
93,33265
93,32439
93,33347
93,32531
93,32565
93,33532
93,33608
93,32754
93,32898
93,32904
93,33829
93,33023
93,33099
93,34132
93,34173
93,33399
93,34492
93,34523
93,33663
93,34794
93,34800
93,34980
93,34186
93,34309
93,35231
93,35343
93,35436
93,35629
93,34772
93,35677
93,35847
93,34965
93,35076
93,36021
93,36355
93,36419
93,35637
93,36649
93,36850
93,36899
93,36399
93,37329
93,37379
93,36610
93,36710
93,37930
93,37224
93,38141
93,37414
93,38347
93,38456
93,37705
93,37714
93,38735
93,37837
93,38787
93,38896
93,38907
93,38952
93,38077
93,39055
93,39181
93,39207
93,39239
93,39277
93,38590
93,38715
93,39688
93,38903
93,39815
93,38919
93,39854
93,38983
93,39897
93,39929
93,39213
93,39277
93,40415
93,39519
93,39632
93,40537
93,40666
93,39810
93,39827
93,39852
93,39910
93,40927
93,41033
93,41231
93,40364
93,40421
93,40447
93,41494
93,41719
93,41808
93,41041
93,41076
93,41124
93,42042
93,42090
93,42203
93,42666
93,43040
93,43040
93,43113
93,42232
93,42481
93,42567
93,42808
93,43713
93,42942
93,43847
93,43978
93,44159
93,44317
93,43557
93,44763
93,44820
93,44903
93,45184
93,45275
93,44395
93,45313
93,45508
93,44613
93,44659
93,44847
93,45858
93,45249
93,46255
93,45637
93,46667
93,46875
93,46912
93,46972
93,47043
93,47090
93,47134
93,47157
93,47244
93,46490
93,47403
93,46549
93,47497
93,46628
93,47597
93,47162
93,48144
93,48212
93,47344
93,47373
93,48304
93,48560
93,47692
93,48637
93,48927
93,48060
93,48144
93,49097
93,49323
93,49793
93,49874
93,49890
93,49991
93,49238
93,49295
93,50340
93,49614
93,50636
93,50257
93,51230
93,51325
93,50427
93,50704
93,50743
93,50767
93,51668
93,51740
93,50859
93,51802
93,51881
93,51972
93,51200
93,52124
93,51843
93,52788
93,52046
93,53098
93,53110
93,53428
93,52584
93,53654
93,53694
93,53958
93,53232
93,54253
93,54318
93,54802
93,55075
93,55075
93,55230
93,54762
93,54937
94,32400
94,31841
94,32967
94,33104
94,33252
94,33419
94,33513
94,33630
94,32761
94,33703
94,33752
94,33784
94,33916
94,33025
94,34151
94,34159
94,33264
94,34216
94,34413
94,33641
94,33720
94,34747
94,35895
94,36289
94,36544
94,36590
94,36592
94,35718
94,36183
94,37154
94,36375
94,37438
94,36677
94,36725
94,37673
94,37691
94,37136
94,38208
94,38318
94,37449
94,38530
94,37709
94,37743
94,38649
94,37905
94,37968
94,38390
94,39808
94,40012
94,39124
94,39511
94,40497
94,39605
94,40547
94,40622
94,39728
94,40132
94,41361
94,41394
94,40832
94,42031
94,41482
94,41488
94,41503
94,42432
94,42658
94,41945
94,41983
94,42062
94,42062
94,42093
94,43050
94,43083
94,43178
94,43220
94,43243
94,43259
94,43411
94,43646
94,42792
94,43781
94,43995
94,43296
94,44333
94,44572
94,44912
94,44247
94,45163
94,44325
94,44349
94,44363
94,45377
94,45595
94,45658
94,45857
94,45180
94,45312
94,45352
94,46452
94,46528
94,46544
94,46635
94,46711
94,45844
94,46926
94,46929
94,46246
94,47156
94,46371
94,47292
94,47358
94,46519
94,47566
94,47633
94,47640
94,46891
94,47890
94,47086
94,47269
94,48180
94,48204
94,47330
94,48311
94,48364
94,48497
94,48567
94,48572
94,47864
94,48009
94,48052
94,48184
94,48186
94,48383
94,48600
94,49538
94,48679
94,49602
94,48742
94,49178
94,49277
94,50206
94,50633
94,50669
94,50812
94,49971
94,51128
94,51217
94,51319
94,50457
94,51492
94,50651
94,51630
94,51722
94,52080
94,52146
94,51246
94,51264
94,52295
94,52352
94,52387
94,51498
94,52768
94,52805
94,52888
94,52048
94,52985
94,53088
94,52344
94,53537
94,53656
94,53078
94,54016
94,53177
94,53315
94,54281
94,53402
94,54345
94,54441
94,54542
94,53650
94,54679
94,53999
94,54121
94,54222
94,54763
94,54825
95,32400
95,32653
95,31997
95,32983
95,33026
95,33144
95,33269
95,32431
95,33440
95,32821
95,33746
95,33841
95,33085
95,34048
95,33253
95,33316
95,34249
95,34428
95,33534
95,34496
95,34502
95,33614
95,33685
95,33755
95,34721
95,34013
95,34937
95,34058
95,34154
95,35073
95,35142
95,35161
95,35243
95,34371
95,35368
95,34535
95,35706
95,35747
95,35001
95,36075
95,36104
95,35343
95,36273
95,35423
95,36433
95,35617
95,36570
95,36573
95,35709
95,36678
95,36716
95,36761
95,36841
95,36974
95,37053
95,36196
95,37315
95,37320
95,36492
95,36857
95,36858
95,37819
95,37005
95,38029
95,37278
95,37290
95,38550
95,38581
95,38641
95,38713
95,37819
95,38776
95,37982
95,38072
95,38164
95,39078
95,38182
95,39140
95,38283
95,39205
95,38445
95,38671
95,39608
95,39614
95,39709
95,39720
95,39877
95,39064
95,39196
95,40479
95,40490
95,39680
95,40075
95,41053
95,41351
95,40520
95,41493
95,41513
95,40747
95,40804
95,41843
95,40965
95,41207
95,42237
95,42339
95,41537
95,42466
95,42007
95,42064
95,42980
95,43054
95,43275
95,43327
95,42630
95,43577
95,42771
95,43070
95,44060
95,43177
95,44123
95,43570
95,44592
95,44726
95,44750
95,44802
95,43926
95,44679
95,45600
95,45654
95,44849
95,45938
95,46236
95,45408
95,46336
95,46431
95,46440
95,46458
95,45691
95,46663
95,46700
95,46782
95,46793
95,46885
95,45991
95,46903
95,46008
95,47003
95,46214
95,46319
95,47254
95,47257
95,46412
95,47336
95,47387
95,46619
95,46809
95,47876
95,47895
95,47129
95,47132
95,48179
95,48392
95,47492
95,48460
95,47691
95,48678
95,48693
95,48693
95,47898
95,48880
95,48998
95,49111
95,49466
95,48603
95,49564
95,49586
95,49754
95,48880
95,49887
95,49059
95,49325
95,49604
95,50590
95,49828
95,50768
95,50772
95,50871
95,49982
95,50972
95,50973
95,51152
95,51491
95,50606
95,51550
95,51682
95,51877
95,50979
95,51980
95,52057
95,52076
95,51177
95,52304
95,52550
95,52622
95,52672
95,51786
95,52719
95,52782
95,52935
95,52117
95,52144
95,52260
95,52306
95,52416
95,52437
95,53996
95,54160
95,54320
95,54348
95,53450
95,53568
95,54469
95,54517
95,54555
95,53740
95,54877
95,55129
95,54784
95,54951
95,54962
95,55003
95,55124
96,32400
96,32442
96,31589
96,32521
96,32641
96,32775
96,32815
96,32088
96,32146
96,33220
96,33452
96,33565
96,32765
96,33713
96,32967
96,33035
96,34133
96,34362
96,34385
96,33603
96,34616
96,34688
96,34713
96,33816
96,33848
96,34779
96,34816
96,34878
96,35241
96,35316
96,35444
96,34662
96,35038
96,35967
96,35102
96,36059
96,36161
96,36323
96,36560
96,36580
96,35686
96,36618
96,35829
96,36842
96,35964
96,36142
96,36294
96,37226
96,36476
96,36563
96,37550
96,37652
96,37653
96,36788
96,37743
96,37791
96,37861
96,37044
96,37063
96,37097
96,38181
96,37772
96,38836
96,38950
96,39001
96,39189
96,39253
96,39374
96,39406
96,38547
96,38806
96,39046
96,39969
96,40006
96,40117
96,40154
96,40724
96,40854
96,40922
96,41021
96,41116
96,41308
96,41420
96,41592
96,40722
96,41637
96,40762
96,40795
96,40945
96,41011
96,41987
96,41105
96,41261
96,42300
96,42422
96,41544
96,42643
96,42746
96,42860
96,42883
96,42915
96,42975
96,43209
96,43214
96,43413
96,42548
96,43464
96,43521
96,43566
96,43582
96,43711
96,43819
96,43883
96,43011
96,43067
96,43981
96,43989
96,44212
96,43319
96,43488
96,44426
96,43805
96,44906
96,45074
96,45235
96,44449
96,45350
96,45660
96,45918
96,45062
96,45979
96,45085
96,46076
96,46259
96,46338
96,46702
96,46720
96,46801
96,47294
96,46510
96,47570
96,46828
96,47751
96,47823
96,46924
96,47914
96,47095
96,48110
96,48287
96,48414
96,47647
96,47700
96,48711
96,48872
96,48884
96,47988
96,48894
96,49025
96,49034
96,48323
96,49243
96,49283
96,49349
96,49483
96,49633
96,49687
96,49002
96,50019
96,49320
96,49465
96,50426
96,50504
96,49842
96,50746
96,50964
96,50072
96,51060
96,51185
96,50452
96,50567
96,50686
96,51672
96,51680
96,51686
96,51695
96,50874
96,51797
96,51539
96,52032
96,52041
96,52097
96,53020
96,52184
96,53109
96,53139
96,52253
96,53729
96,52886
96,53808
96,54001
96,53243
96,54252
96,54344
96,53518
96,53557
96,54497
96,54583
96,53829
96,54755
96,54816
96,54193
96,54228
96,54547
96,54960
96,55171
97,32400
97,31612
97,31632
97,31725
97,31760
97,31861
97,32856
97,32094
97,33083
97,33125
97,33171
97,33312
97,33323
97,32569
97,32627
97,33582
97,32689
97,33620
97,33643
97,32819
97,32994
97,33083
97,34017
97,34106
97,33217
97,34280
97,34576
97,34686
97,33926
97,34839
97,33952
97,34231
97,35329
97,34513
97,35426
97,35433
97,35568
97,35577
97,34711
97,34929
97,35859
97,35092
97,35109
97,36098
97,35291
97,36218
97,35385
97,35548
97,36469
97,35659
97,36600
97,36683
97,35836
97,35908
97,36909
97,36215
97,36257
97,37161
97,36341
97,37277
97,37321
97,36431
97,37548
97,37654
97,36778
97,37837
97,37919
97,37101
97,38200
97,38543
97,38596
97,38602
97,38740
97,38037
97,39103
97,39124
97,39252
97,39494
97,38627
97,39933
97,39578
97,39841
97,39906
97,40826
97,40879
97,40213
97,41372
97,40649
97,41652
97,42122
97,42262
97,41580
97,41596
97,42597
97,41895
97,42802
97,42887
97,42913
97,42039
97,43043
97,43054
97,42160
97,43076
97,43169
97,43617
97,42855
97,43128
97,44476
97,44900
97,45032
97,45107
97,45173
97,45178
97,45193
97,45454
97,44573
97,45474
97,45492
97,45518
97,44622
97,45582
97,44806
97,45793
97,45287
97,46275
97,45509
97,46435
97,46511
97,46558
97,45905
97,46856
97,46951
97,46969
97,47101
97,46411
97,47355
97,47458
97,46579
97,46680
97,46937
97,47023
97,47145
97,48244
97,47349
97,48259
97,48285
97,47468
97,48417
97,48842
97,47982
97,48046
97,49152
97,48261
97,48270
97,48408
97,49365
97,49367
97,48829
97,49999
97,49196
97,50216
97,50462
97,49590
97,50010
97,50916
97,50983
97,50108
97,50543
97,50591
97,50617
97,50678
97,50704
97,50809
97,51850
97,51865
97,50992
97,51406
97,51447
97,52402
97,52490
97,52500
97,51764
97,51786
97,52921
97,52966
97,53057
97,53151
97,52352
97,53346
97,53373
97,53396
97,52644
97,53902
97,54343
97,54150
97,54847
98,32400
98,32425
98,31724
98,32631
98,31840
98,31869
98,32839
98,32011
98,32941
98,33063
98,32244
98,33610
98,32850
98,33871
98,34009
98,34077
98,33324
98,33332
98,33888
98,34791
98,34918
98,35135
98,35167
98,35521
98,35685
98,35808
98,35860
98,36014
98,35189
98,36170
98,35285
98,35536
98,36679
98,35922
98,36035
98,36053
98,37157
98,37176
98,36529
98,36908
98,36988
98,37041
98,37953
98,37961
98,37961
98,37357
98,38415
98,38422
98,38541
98,37650
98,38586
98,37782
98,38003
98,38285
98,39270
98,39279
98,39296
98,38670
98,38684
98,38827
98,39801
98,39861
98,40083
98,40146
98,39268
98,40570
98,40109
98,41042
98,41568
98,41795
98,41015
98,41213
98,41328
98,41479
98,42456
98,42530
98,41843
98,42049
98,43271
98,43303
98,43329
98,42664
98,43635
98,43680
98,43779
98,43872
98,43110
98,44105
98,43266
98,43405
98,44389
98,44454
98,43598
98,43727
98,44754
98,43881
98,43906
98,45000
98,45174
98,44356
98,44475
98,45473
98,44677
98,44924
98,45835
98,45961
98,45963
98,45252
98,45387
98,46393
98,45493
98,46519
98,45695
98,45701
98,46885
98,46069
98,46183
98,47097
98,47120
98,46226
98,46377
98,46422
98,47365
98,47488
98,47621
98,47807
98,46996
98,47009
98,47972
98,48398
98,48423
98,48531
98,48642
98,48229
98,48437
98,49475
98,48619
98,49623
98,48889
98,48907
98,49948
98,49970
98,49980
98,50042
98,50286
98,50336
98,49472
98,50393
98,50394
98,50401
98,50664
98,50779
98,50860
98,50873
98,51117
98,50909
98,51869
98,52192
98,52358
98,52447
98,51600
98,52664
98,51901
98,52965
98,52986
98,52120
98,53324
98,53328
98,53392
98,53481
98,52635
98,52643
98,52654
98,53583
98,53035
98,54160
98,53437
98,53558
98,54569
98,54579
98,53682
98,54583
98,53759
98,53765
98,54770
98,53872
98,54906
98,54048
98,55008
98,55105
98,55195
98,54508
98,54621
98,54683
98,54704
98,55216
99,32400
99,31620
99,32532
99,32663
99,31769
99,31816
99,31847
99,32044
99,33098
99,32436
99,32642
99,33573
99,32949
99,33413
99,33653
99,34636
99,33819
99,33900
99,35016
99,35122
99,35124
99,34258
99,35294
99,34491
99,35499
99,35670
99,35767
99,35824
99,35148
99,36219
99,36434
99,35548
99,36476
99,36502
99,36048
99,37559
99,37671
99,36778
99,37872
99,37237
99,38148
99,38403
99,38565
99,38691
99,38725
99,38940
99,39147
99,39191
99,39374
99,39391
99,39450
99,38639
99,39968
99,39991
99,40042
99,40308
99,39581
99,40485
99,40554
99,40665
99,40730
99,40849
99,40889
99,40899
99,40911
99,41035
99,41578
99,41595
99,40768
99,41926
99,41970
99,41971
99,42074
99,42088
99,41188
99,41317
99,42339
99,42407
99,42617
99,41728
99,42913
99,42050
99,42103
99,42436
99,43376
99,43506
99,43522
99,43555
99,43615
99,43692
99,43899
99,43991
99,43321
99,44298
99,44319
99,44399
99,44537
99,44567
99,44569
99,44573
99,44583
99,43840
99,44826
99,43935
99,44060
99,44337
99,45317
99,44554
99,44565
99,45051
99,45134
99,45484
99,45532
99,46558
99,45733
99,45870
99,47008
99,47093
99,46304
99,47223
99,47228
99,46386
99,46698
99,47666
99,46800
99,47843
99,48124
99,48252
99,48515
99,48759
99,48076
99,48202
99,48238
99,49220
99,49287
99,49385
99,48574
99,49515
99,49670
99,48798
99,48819
99,49834
99,49896
99,49024
99,50082
99,49331
99,49445
99,50511
99,50577
99,50889
99,49999
99,50953
99,50955
99,50999
99,50360
99,50431
99,51350
99,50705
99,50787
99,50834
99,50857
99,50866
99,51871
99,51892
99,52253
99,51603
99,52750
99,52884
99,52923
99,52042
99,53159
99,52756
99,53725
99,53885
99,53942
99,53069
99,53972
99,53091
99,54086
99,53188
99,53199
99,54129
99,54432
99,53708
99,53829
99,53867
99,54777
99,54810
99,54941
99,55243
99,54556
99,54790
99,54946
99,54959
