instancia;replica;tour_id;vehicle;trip;n_customers_tour;tour_duration_sec;tour_duration_min;tour_duration_hours;total_travel_time_sec;total_distance_km;total_profit;departure_time_from_depot;return_to_depot_time
4;0;I4_R0_V0_T16;0;16;4;7106;118,4333333;1,973888889;4095;28,41334961;6;34327;41433
4;0;I4_R0_V0_T24;0;24;13;6325;105,4166667;1,756944444;3985;27,62297266;21;41808;48133
4;0;I4_R0_V0_T27;0;27;20;7088;118,1333333;1,968888889;3488;24,15219922;36;48133;55221
4;0;I4_R0_V0_T64;0;64;13;5833;97,21666667;1,620277778;3493;24,19965039;22;55232;61065
4;0;I4_R0_V1_T16;1;16;14;8265;137,75;2,295833333;5586;38,74566797;20;38311;46576
4;0;I4_R0_V1_T37;1;37;7;3955;65,91666667;1,098611111;2695;18,68283203;13;46595;50550
4;0;I4_R0_V1_T53;1;53;25;10311;171,85;2,864166667;5811;40,26869116;41;50764;61075
4;0;I4_R0_V2_T32;2;32;6;5265;87,75;1,4625;4185;29,02884961;9;34976;40241
4;0;I4_R0_V2_T63;2;63;10;5458;90,96666667;1,516111111;3658;25,35891699;17;40812;46270
4;0;I4_R0_V2_T71;2;71;15;7124;118,7333333;1,978888889;4424;30,66794336;27;46270;53394
4;0;I4_R0_V2_T184;2;184;16;7793;129,8833333;2,164722222;4913;34,0594375;24;53394;61187
4;1;I4_R1_V0_T20;0;20;4;5952;99,2;1,653333333;5232;36,3143512;6;34073;40025
4;1;I4_R1_V0_T22;0;22;8;4887;81,45;1,3575;3447;23,89889063;15;40295;45182
4;1;I4_R1_V0_T63;0;63;19;9387;156,45;2,6075;5967;41,3683374;34;45182;54569
4;1;I4_R1_V0_T199;0;199;17;6600;110;1,833333333;3540;24,51123242;27;54569;61169
4;1;I4_R1_V1_T57;1;57;2;2647;44,11666667;0,735277778;2287;15,87348438;4;38233;40880
4;1;I4_R1_V1_T72;1;72;5;3043;50,71666667;0,845277778;2143;14,85446875;8;41055;44098
4;1;I4_R1_V1_T100;1;100;21;9073;151,2166667;2,520277778;5293;36,68404297;38;44098;53171
4;1;I4_R1_V1_T203;1;203;16;7885;131,4166667;2,190277778;5005;34,69366577;27;53171;61056
4;1;I4_R1_V2_T5;2;5;4;5017;83,61666667;1,393611111;4297;29,82158154;6;36106;41123
4;1;I4_R1_V2_T6;2;6;5;3411;56,85;0,9475;2511;17,41475391;8;41628;45039
4;1;I4_R1_V2_T51;2;51;23;9432;157,2;2,62;5292;36,68713965;41;45039;54471
4;1;I4_R1_V2_T56;2;56;17;6561;109,35;1,8225;3501;24,23650488;25;54471;61032
4;2;I4_R2_V0_T12;0;12;7;5918;98,63333333;1,643888889;4658;32,32724316;12;36118;42036
4;2;I4_R2_V0_T26;0;26;9;3918;65,3;1,088333333;2298;15,93133008;13;42036;45954
4;2;I4_R2_V0_T38;0;38;14;6283;104,7166667;1,745277778;3763;26,0748877;23;45954;52237
4;2;I4_R2_V0_T67;0;67;19;8722;145,3666667;2,422777778;5260;36,46719922;29;52237;60959
4;2;I4_R2_V1_T6;1;6;4;3364;56,06666667;0,934444444;2644;18,34376172;7;35623;38987
4;2;I4_R2_V1_T29;1;29;14;6707;111,7833333;1,863055556;4187;29,02141748;21;39017;45724
4;2;I4_R2_V1_T30;1;30;15;7071;117,85;1,964166667;4371;30,29993164;25;45724;52795
4;2;I4_R2_V1_T165;1;165;17;8387;139,7833333;2,329722222;5327;36,93599609;31;52795;61182
4;2;I4_R2_V2_T9;2;9;7;6713;111,8833333;1,864722222;4207;29,19504053;12;37191;43904
4;2;I4_R2_V2_T17;2;17;12;4903;81,71666667;1,361944444;2743;18,997875;19;43904;48807
4;2;I4_R2_V2_T47;2;47;13;6369;106,15;1,769166667;4029;27,9316958;24;48807;55176
4;2;I4_R2_V2_T71;2;71;14;6001;100,0166667;1,666944444;3481;24,13108789;26;55176;61177
4;3;I4_R3_V0_T0;0;0;4;6192;103,2;1,72;4731;32,83692578;7;35660;41852
4;3;I4_R3_V0_T7;0;7;13;6717;111,95;1,865833333;4377;30,33306885;21;41852;48569
4;3;I4_R3_V0_T23;0;23;15;6647;110,7833333;1,846388889;3877;26,8650332;27;48569;55216
4;3;I4_R3_V0_T253;0;253;12;5945;99,08333333;1,651388889;3785;26,2269248;22;55216;61161
4;3;I4_R3_V1_T8;1;8;6;5182;86,36666667;1,439444444;4102;28,47147461;11;34455;39637
4;3;I4_R3_V1_T12;1;12;8;5651;94,18333333;1,569722222;4147;28,77745801;13;39637;45288
4;3;I4_R3_V1_T38;1;38;20;8823;147,05;2,450833333;5223;36,1985332;37;45295;54118
4;3;I4_R3_V1_T160;1;160;15;6993;116,55;1,9425;4293;29,76392041;25;54118;61111
4;3;I4_R3_V2_T77;2;77;7;5684;94,73333333;1,578888889;4424;30,69376025;11;38123;43807
4;3;I4_R3_V2_T93;2;93;14;6796;113,2666667;1,887777778;4276;29,64924756;25;44400;51196
4;3;I4_R3_V2_T293;2;293;23;9754;162,5666667;2,709444444;5614;38,8896748;34;51315;61069
4;4;I4_R4_V0_T47;0;47;16;9143;152,3833333;2,539722222;5314;36,83364258;25;35603;44746
4;4;I4_R4_V0_T99;0;99;16;7701;128,35;2,139166667;4821;33,42758398;28;44831;52532
4;4;I4_R4_V0_T162;0;162;18;7254;120,9;2,015;3961;27,43777832;26;52532;59786
4;4;I4_R4_V0_T185;0;185;1;970;16,16666667;0,269444444;790;5,484079102;2;59786;60756
4;4;I4_R4_V1_T95;1;95;4;5889;98,15;1,635833333;4505;31,26899561;6;32693;38582
4;4;I4_R4_V1_T162;1;162;10;5327;88,78333333;1,479722222;3527;24,45190869;18;40081;45408
4;4;I4_R4_V1_T204;1;204;24;10680;178;2,966666667;6310;43,74232178;41;45408;56088
4;4;I4_R4_V1_T232;1;232;13;4919;81,98333333;1,366388889;2579;17,8583418;24;56088;61007
4;4;I4_R4_V2_T0;2;0;12;7226;120,4333333;2,007222222;5066;35,13371729;19;37235;44461
4;4;I4_R4_V2_T7;2;7;23;9480;158;2,633333333;5340;36,99699707;41;44461;53941
4;4;I4_R4_V2_T84;2;84;17;7254;120,9;2,015;4194;29,07286914;27;53941;61195
4;5;I4_R5_V0_T113;0;113;2;4403;73,38333333;1,223055556;4043;28,06785941;2;32400;36803
4;5;I4_R5_V0_T194;0;194;9;6389;106,4833333;1,774722222;4769;33,0843053;17;38172;44561
4;5;I4_R5_V0_T210;0;210;23;9357;155,95;2,599166667;5217;36,14179199;33;44561;53918
4;5;I4_R5_V0_T272;0;272;18;7145;119,0833333;1,984722222;3905;27,06386719;28;54036;61181
4;5;I4_R5_V1_T13;1;13;1;4088;68,13333333;1,135555556;3908;27,13543945;1;32400;36488
4;5;I4_R5_V1_T16;1;16;7;4448;74,13333333;1,235555556;3188;22,11058594;10;36488;40936
4;5;I4_R5_V1_T59;1;59;7;3836;63,93333333;1,065555556;2576;17,86944336;14;41404;45240
4;5;I4_R5_V1_T118;1;118;12;5951;99,18333333;1,653055556;3791;26,28106836;21;45240;51191
4;5;I4_R5_V1_T225;1;225;19;8378;139,6333333;2,327222222;4958;34,35902539;29;51191;59569
4;5;I4_R5_V1_T226;1;226;3;1526;25,43333333;0,423888889;986;6,843404297;5;59569;61095
4;5;I4_R5_V2_T19;2;19;6;4754;79,23333333;1,320555556;3674;25,48730469;12;36672;41426
4;5;I4_R5_V2_T25;2;25;18;7984;133,0666667;2,217777778;4744;32,88507959;32;41764;49748
4;5;I4_R5_V2_T76;2;76;19;7416;123,6;2,06;3996;27,66992773;33;49825;57241
4;5;I4_R5_V2_T83;2;83;8;3909;65,15;1,085833333;2469;17,11619434;14;57241;61150
4;6;I4_R6_V0_T0;0;0;8;4557;75,95;1,265833333;3117;21,62905469;16;42803;47360
4;6;I4_R6_V0_T1;0;1;17;7830;130,5;2,175;4770;33,05814453;30;47360;55190
4;6;I4_R6_V0_T135;0;135;13;5894;98,23333333;1,637222222;3554;24,63112109;21;55190;61084
4;6;I4_R6_V1_T80;1;80;3;3374;56,23333333;0,937222222;2834;19,66284961;6;34533;37907
4;6;I4_R6_V1_T93;1;93;7;4986;83,1;1,385;3726;25,84176709;12;37907;42893
4;6;I4_R6_V1_T165;1;165;16;7821;130,35;2,1725;4941;34,26400781;23;42893;50714
4;6;I4_R6_V1_T227;1;227;10;4943;82,38333333;1,373055556;3143;21,79397168;16;50714;55657
4;6;I4_R6_V1_T245;1;245;15;5538;92,3;1,538333333;2838;19,65749609;21;55657;61195
4;6;I4_R6_V2_T35;2;35;1;1716;28,6;0,476666667;1536;10,66535547;1;32400;34116
4;6;I4_R6_V2_T41;2;41;9;7832;130,5333333;2,175555556;6212;43,10665771;13;34931;42763
4;6;I4_R6_V2_T53;2;53;13;6306;105,1;1,751666667;3966;27,49641504;19;42763;49069
4;6;I4_R6_V2_T91;2;91;17;6719;111,9833333;1,866388889;3659;25,3355957;30;49164;55883
4;6;I4_R6_V2_T229;2;229;10;5313;88,55;1,475833333;3513;24,36985547;17;55883;61196
4;7;I4_R7_V0_T4;0;4;2;7036;117,2666667;1,954444444;3695;25,6424541;2;32400;39436
4;7;I4_R7_V0_T24;0;24;9;5511;91,85;1,530833333;3891;26,98231055;17;39436;44947
4;7;I4_R7_V0_T70;0;70;19;8694;144,9;2,415;5274;36,57370361;29;44947;53641
4;7;I4_R7_V0_T105;0;105;16;7537;125,6166667;2,093611111;4657;32,28733594;30;53641;61178
4;7;I4_R7_V1_T13;1;13;11;8890;148,1666667;2,469444444;6556;45,47836426;15;35427;44317
4;7;I4_R7_V1_T45;1;45;24;10396;173,2666667;2,887777778;6076;42,11258325;40;44657;55053
4;7;I4_R7_V1_T57;1;57;16;6140;102,3333333;1,705555556;3260;22,57287402;24;55053;61193
4;7;I4_R7_V2_T58;2;58;1;4188;69,8;1,163333333;3228;22,41576221;1;32400;36588
4;7;I4_R7_V2_T60;2;60;5;3135;52,25;0,870833333;2235;15,49647461;10;37701;40836
4;7;I4_R7_V2_T69;2;69;12;6276;104,6;1,743333333;4116;28,53026514;18;41549;47825
4;7;I4_R7_V2_T125;2;125;14;6085;101,4166667;1,690277778;3565;24,70031836;24;47825;53910
4;7;I4_R7_V2_T184;2;184;17;7159;119,3166667;1,988611111;4099;28,41315039;26;54035;61194
4;8;I4_R8_V0_T87;0;87;5;4655;77,58333333;1,293055556;3755;26,05599219;8;37163;41818
4;8;I4_R8_V0_T130;0;130;7;4650;77,5;1,291666667;3390;23,5104458;12;42421;47071
4;8;I4_R8_V0_T139;0;139;17;7232;120,5333333;2,008888889;4172;28,90795801;32;47071;54303
4;8;I4_R8_V0_T146;0;146;16;6767;112,7833333;1,879722222;3887;26,94291602;28;54303;61070
4;8;I4_R8_V1_T100;1;100;8;5379;89,65;1,494166667;3939;27,31397656;15;36502;41881
4;8;I4_R8_V1_T124;1;124;8;5026;83,76666667;1,396111111;3586;24,87028223;13;41933;46959
4;8;I4_R8_V1_T153;1;153;18;7300;121,6666667;2,027777778;4060;28,13414453;30;46970;54270
4;8;I4_R8_V1_T169;1;169;15;6837;113,95;1,899166667;4137;28,67687061;23;54270;61107
4;8;I4_R8_V2_T3;2;3;1;8631;143,85;2,3975;1868;12,96165625;1;32400;41031
4;8;I4_R8_V2_T21;2;21;9;5368;89,46666667;1,491111111;3748;25,99541016;17;41371;46739
4;8;I4_R8_V2_T39;2;39;19;7329;122,15;2,035833333;3909;27,09644531;35;47211;54540
4;8;I4_R8_V2_T89;2;89;15;6522;108,7;1,811666667;3822;26,48012939;24;54540;61062
4;9;I4_R9_V0_T3;0;3;9;5256;87,6;1,46;3625;25,13469141;13;36545;41801
4;9;I4_R9_V0_T45;0;45;12;6418;106,9666667;1,782777778;4258;29,51590234;18;41844;48262
4;9;I4_R9_V0_T58;0;58;17;7205;120,0833333;2,001388889;4145;28,72250879;32;48426;55631
4;9;I4_R9_V0_T135;0;135;10;5405;90,08333333;1,501388889;3605;25,00383594;15;55631;61036
4;9;I4_R9_V1_T21;1;21;4;4501;75,01666667;1,250277778;3781;26,24306274;7;37671;42172
4;9;I4_R9_V1_T87;1;87;10;4807;80,11666667;1,335277778;3007;20,85198047;17;42172;46979
4;9;I4_R9_V1_T210;1;210;21;7845;130,75;2,179166667;3716;25,73374219;34;46984;54829
4;9;I4_R9_V1_T214;1;214;14;6333;105,55;1,759166667;3813;26,4275918;23;54829;61162
4;9;I4_R9_V2_T23;2;23;8;5943;99,05;1,650833333;4503;31,23719727;13;37789;43732
4;9;I4_R9_V2_T114;2;114;22;8886;148,1;2,468333333;4926;34,14325586;36;44605;53491
4;9;I4_R9_V2_T225;2;225;19;7640;127,3333333;2,122222222;4220;29,23150977;31;53491;61131
4;10;I4_R10_V0_T82;0;82;7;6250;104,1666667;1,736111111;4910;34,07818359;7;32400;38650
4;10;I4_R10_V0_T87;0;87;4;2513;41,88333333;0,698055556;1793;12,44262109;6;38650;41163
4;10;I4_R10_V0_T95;0;95;15;8068;134,4666667;2,241111111;5368;37,23078809;24;41822;49890
4;10;I4_R10_V0_T96;0;96;14;6563;109,3833333;1,823055556;4043;28,02806201;24;49890;56453
4;10;I4_R10_V0_T180;0;180;10;4621;77,01666667;1,283611111;2821;19,55678027;19;56453;61074
4;10;I4_R10_V1_T50;1;50;6;4764;79,4;1,323333333;3087;21,41911426;8;32960;37724
4;10;I4_R10_V1_T54;1;54;4;4145;69,08333333;1,151388889;3316;23,02043799;7;38177;42322
4;10;I4_R10_V1_T107;1;107;8;4767;79,45;1,324166667;3327;23,07043896;16;42322;47089
4;10;I4_R10_V1_T180;1;180;18;7391;123,1833333;2,053055556;4151;28,74929297;30;47089;54480
4;10;I4_R10_V1_T197;1;197;14;6718;111,9666667;1,866111111;4198;29,10858203;26;54480;61198
4;10;I4_R10_V2_T24;2;24;3;4742;79,03333333;1,317222222;4202;29,16507007;4;34865;39607
4;10;I4_R10_V2_T33;2;33;18;8126;135,4333333;2,257222222;4886;33,87025391;26;39607;47733
4;10;I4_R10_V2_T39;2;39;10;4519;75,31666667;1,255277778;2719;18,84603125;18;47733;52252
4;10;I4_R10_V2_T182;2;182;19;8772;146,2;2,436666667;5352;37,0846853;27;52252;61024
4;11;I4_R11_V0_T14;0;14;1;2856;47,6;0,793333333;2676;18,58159766;2;32648;35504
4;11;I4_R11_V0_T18;0;18;3;3858;64,3;1,071666667;3318;23,02817871;6;37877;41735
4;11;I4_R11_V0_T47;0;47;9;5976;99,6;1,66;4356;30,22339648;15;41792;47768
4;11;I4_R11_V0_T153;0;153;17;7442;124,0333333;2,067222222;4382;30,36466992;32;47768;55210
4;11;I4_R11_V0_T157;0;157;14;5781;96,35;1,605833333;3261;22,58196875;23;55210;60991
4;11;I4_R11_V1_T7;1;7;8;4610;76,83333333;1,280555556;3170;21,99268945;13;37286;41896
4;11;I4_R11_V1_T9;1;9;8;4723;78,71666667;1,311944444;3256;22,58651563;13;42142;46865
4;11;I4_R11_V1_T19;1;19;13;6291;104,85;1,7475;3951;27,38087891;23;46865;53156
4;11;I4_R11_V1_T21;1;21;20;7667;127,7833333;2,129722222;4067;28,17071875;33;53211;60878
4;11;I4_R11_V2_T106;2;106;14;9856;164,2666667;2,737777778;7336;50,88368481;19;35705;45561
4;11;I4_R11_V2_T128;2;128;2;1316;21,93333333;0,365555556;956;6,636914063;4;45561;46877
4;11;I4_R11_V2_T142;2;142;17;6558;109,3;1,821666667;3498;24,22094336;28;46877;53435
4;11;I4_R11_V2_T149;2;149;17;7581;126,35;2,105833333;4521;31,3388042;31;53435;61016
4;12;I4_R12_V0_T0;0;0;15;8039;133,9833333;2,233055556;5339;37,01750635;25;37147;45186
4;12;I4_R12_V0_T6;0;6;23;8995;149,9166667;2,498611111;4855;33,62220898;39;45186;54181
4;12;I4_R12_V0_T50;0;50;17;6951;115,85;1,930833333;3891;26,96189648;32;54181;61132
4;12;I4_R12_V1_T35;1;35;4;6420;107;1,783333333;5700;39,57450781;5;33355;39775
4;12;I4_R12_V1_T90;1;90;9;6111;101,85;1,6975;4491;31,15818738;16;41594;47705
4;12;I4_R12_V1_T169;1;169;17;7673;127,8833333;2,131388889;4613;31,97104688;31;47705;55378
4;12;I4_R12_V1_T170;1;170;14;5763;96,05;1,600833333;3243;22,47367773;21;55378;61141
4;12;I4_R12_V2_T84;2;84;1;4692;78,2;1,303333333;4512;31,32269629;1;32400;37092
4;12;I4_R12_V2_T145;2;145;15;8252;137,5333333;2,292222222;4652;32,25136328;22;37988;46240
4;12;I4_R12_V2_T195;2;195;18;7881;131,35;2,189166667;4641;32,15402271;30;46240;54121
4;12;I4_R12_V2_T220;2;220;13;7049;117,4833333;1,958055556;4709;32,66911963;22;54121;61170
4;13;I4_R13_V0_T2;0;2;10;6807;113,45;1,890833333;5007;34,74153857;15;36002;42809
4;13;I4_R13_V0_T12;0;12;11;6027;100,45;1,674166667;4047;28,06021899;19;43401;49428
4;13;I4_R13_V0_T184;0;184;13;5415;90,25;1,504166667;3075;21,29120703;23;49428;54843
4;13;I4_R13_V0_T258;0;258;16;6302;105,0333333;1,750555556;3422;23,69514062;30;54843;61145
4;13;I4_R13_V1_T27;1;27;2;4722;78,7;1,311666667;3700;25,68286865;3;33088;37810
4;13;I4_R13_V1_T28;1;28;11;5435;90,58333333;1,509722222;3455;23,94950195;19;38381;43816
4;13;I4_R13_V1_T160;1;160;16;7788;129,8;2,163333333;4908;34,01780469;30;43816;51604
4;13;I4_R13_V1_T280;1;280;23;9130;152,1666667;2,536111111;4990;34,56110742;36;51687;60817
4;13;I4_R13_V2_T9;2;9;5;5487;91,45;1,524166667;4587;31,83481055;9;35416;40903
4;13;I4_R13_V2_T17;2;17;9;5535;92,25;1,5375;3915;27,15975122;16;40946;46481
4;13;I4_R13_V2_T31;2;31;16;6516;108,6;1,81;3636;25,1887207;26;46481;52997
4;13;I4_R13_V2_T38;2;38;20;7994;133,2333333;2,220555556;4394;30,47006396;31;52997;60991
4;14;I4_R14_V0_T6;0;6;2;3321;55,35;0,9225;2961;20,55425586;2;32400;35721
4;14;I4_R14_V0_T22;0;22;1;2182;36,36666667;0,606111111;2002;13,90093066;2;35763;37945
4;14;I4_R14_V0_T25;0;25;8;4796;79,93333333;1,332222222;3043;21,09446289;11;38173;42969
4;14;I4_R14_V0_T75;0;75;6;3507;58,45;0,974166667;2427;16,83100195;11;43125;46632
4;14;I4_R14_V0_T156;0;156;22;8550;142,5;2,375;4590;31,77109375;38;46632;55182
4;14;I4_R14_V0_T178;0;178;12;5958;99,3;1,655;3798;26,33795703;21;55182;61140
4;14;I4_R14_V1_T9;1;9;3;3671;61,18333333;1,019722222;3131;21,73613721;6;36719;40390
4;14;I4_R14_V1_T46;1;46;10;6423;107,05;1,784166667;4623;32,06971143;16;40528;46951
4;14;I4_R14_V1_T94;1;94;17;7604;126,7333333;2,112222222;4544;31,49145068;31;46951;54555
4;14;I4_R14_V1_T216;1;216;14;6490;108,1666667;1,802777778;3970;27,52583008;22;54591;61081
4;14;I4_R14_V2_T0;2;0;9;6628;110,4666667;1,841111111;5008;34,73707935;14;36406;43034
4;14;I4_R14_V2_T35;2;35;13;6762;112,7;1,878333333;4422;30,66697314;26;43415;50177
4;14;I4_R14_V2_T73;2;73;11;5062;84,36666667;1,406111111;3082;21,3645918;20;50177;55239
4;14;I4_R14_V2_T167;2;167;10;5922;98,7;1,645;4122;28,58949805;17;55239;61161
4;15;I4_R15_V0_T26;0;26;3;4961;82,68333333;1,378055556;4421;30,69211694;5;33981;38942
4;15;I4_R15_V0_T62;0;62;11;7184;119,7333333;1,995555556;4899;33,9798457;18;39712;46896
4;15;I4_R15_V0_T170;0;170;17;8136;135,6;2,26;5076;35,18815527;33;46896;55032
4;15;I4_R15_V0_T273;0;273;12;6138;102,3;1,705;3978;27,57076221;22;55032;61170
4;15;I4_R15_V1_T24;1;24;13;8883;148,05;2,4675;6543;45,39154297;22;37517;46400
4;15;I4_R15_V1_T46;1;46;16;7838;130,6333333;2,177222222;4958;34,36751465;27;46431;54269
4;15;I4_R15_V1_T47;1;47;18;6843;114,05;1,900833333;3603;24,95928516;31;54269;61112
4;15;I4_R15_V2_T23;2;23;5;3937;65,61666667;1,093611111;3037;21,06352832;10;36629;40566
4;15;I4_R15_V2_T39;2;39;11;6888;114,8;1,913333333;4662;32,32006885;18;40566;47454
4;15;I4_R15_V2_T40;2;40;16;7103;118,3833333;1,973055556;4223;29,26774072;28;47551;54654
4;15;I4_R15_V2_T73;2;73;17;6332;105,5333333;1,758888889;3272;22,66375;25;54654;60986
4;16;I4_R16_V0_T0;0;0;6;5790;96,5;1,608333333;4710;32,67979175;10;35923;41713
4;16;I4_R16_V0_T6;0;6;1;1192;19,86666667;0,331111111;1012;7,015342773;2;41713;42905
4;16;I4_R16_V0_T39;0;39;9;4655;77,58333333;1,293055556;3035;21,03793164;16;42944;47599
4;16;I4_R16_V0_T116;0;116;23;8435;140,5833333;2,343055556;4295;29,7466875;37;47599;56034
4;16;I4_R16_V0_T233;0;233;8;5097;84,95;1,415833333;3657;25,36912207;16;56034;61131
4;16;I4_R16_V1_T33;1;33;5;4406;73,43333333;1,223888889;3506;24,32679004;8;36340;40746
4;16;I4_R16_V1_T60;1;60;9;5207;86,78333333;1,446388889;3587;24,86852539;16;40746;45953
4;16;I4_R16_V1_T70;1;70;23;9177;152,95;2,549166667;5037;34,90310327;40;45953;55130
4;16;I4_R16_V1_T80;1;80;12;5906;98,43333333;1,640555556;3746;25,96923926;21;55154;61060
4;16;I4_R16_V2_T21;2;21;13;7698;128,3;2,138333333;5358;37,16374219;22;37285;44983
4;16;I4_R16_V2_T87;2;87;16;7603;126,7166667;2,111944444;4723;32,74496875;29;44983;52586
4;16;I4_R16_V2_T94;2;94;19;8383;139,7166667;2,328611111;4963;34,37927344;30;52586;60969
4;17;I4_R17_V0_T3;0;3;5;5618;93,63333333;1,560555556;4718;32,74197876;8;34403;40021
4;17;I4_R17_V0_T14;0;14;10;5668;94,46666667;1,574444444;3868;26,81898242;16;40483;46151
4;17;I4_R17_V0_T76;0;76;19;7732;128,8666667;2,147777778;4312;29,87874902;31;46521;54253
4;17;I4_R17_V0_T113;0;113;13;6786;113,1;1,885;4446;30,83041602;23;54369;61155
4;17;I4_R17_V1_T0;1;0;9;6767;112,7833333;1,879722222;5147;35,71139941;16;34934;41701
4;17;I4_R17_V1_T47;1;47;11;6359;105,9833333;1,766388889;4379;30,37215039;20;41877;48236
4;17;I4_R17_V1_T65;1;65;13;5829;97,15;1,619166667;3489;24,17573633;24;48236;54065
4;17;I4_R17_V1_T120;1;120;15;7100;118,3333333;1,972222222;4400;30,50884717;26;54065;61165
4;17;I4_R17_V2_T41;2;41;11;7110;118,5;1,975;5093;35,3284458;13;36021;43131
4;17;I4_R17_V2_T44;2;44;8;3686;61,43333333;1,023888889;2246;15,5667793;14;43644;47330
4;17;I4_R17_V2_T64;2;64;19;7897;131,6166667;2,193611111;4477;31,0176499;33;47330;55227
4;17;I4_R17_V2_T89;2;89;12;5875;97,91666667;1,631944444;3715;25,74523828;21;55227;61102
4;18;I4_R18_V0_T1;0;1;12;6480;108;1,8;4320;29,94794922;21;41930;48410
4;18;I4_R18_V0_T3;0;3;16;6923;115,3833333;1,923055556;4043;28,01591992;23;48681;55604
4;18;I4_R18_V0_T115;0;115;12;5535;92,25;1,5375;3375;23,39601855;22;55604;61139
4;18;I4_R18_V1_T139;1;139;10;6701;111,6833333;1,861388889;4901;34,00645264;13;37064;43765
4;18;I4_R18_V1_T159;1;159;23;9491;158,1833333;2,636388889;5351;37,07323047;35;44921;54412
4;18;I4_R18_V1_T166;1;166;15;6785;113,0833333;1,884722222;4085;28,3140376;24;54412;61197
4;18;I4_R18_V2_T18;2;18;12;7008;116,8;1,946666667;4848;33,6141897;19;37866;44874
4;18;I4_R18_V2_T21;2;21;15;7024;117,0666667;1,951111111;4324;29,97205103;25;45158;52182
4;18;I4_R18_V2_T265;2;265;21;9005;150,0833333;2,501388889;5225;36,21035156;35;52182;61187
4;19;I4_R19_V0_T1;0;1;4;6318;105,3;1,755;5598;38,86153735;5;34029;40347
4;19;I4_R19_V0_T57;0;57;9;5972;99,53333333;1,658888889;4352;30,18994971;17;41076;47048
4;19;I4_R19_V0_T71;0;71;19;8561;142,6833333;2,378055556;5141;35,63493213;33;47048;55609
4;19;I4_R19_V0_T185;0;185;11;5444;90,73333333;1,512222222;3464;24,00675195;20;55609;61053
4;19;I4_R19_V1_T15;1;15;5;4829;80,48333333;1,341388889;3929;27,26716797;8;37564;42393
4;19;I4_R19_V1_T44;1;44;10;4943;82,38333333;1,373055556;3143;21,78337451;18;42393;47336
4;19;I4_R19_V1_T108;1;108;27;10589;176,4833333;2,941388889;5729;39,66913599;42;47367;57956
4;19;I4_R19_V1_T159;1;159;6;3209;53,48333333;0,891388889;2129;14,76355273;10;57956;61165
4;19;I4_R19_V2_T9;2;9;1;3831;63,85;1,064166667;3214;22,31900684;1;32400;36231
4;19;I4_R19_V2_T38;2;38;4;3746;62,43333333;1,040555556;3026;20,99016553;7;39309;43055
4;19;I4_R19_V2_T90;2;90;19;8149;135,8166667;2,263611111;4729;32,75380859;35;43810;51959
4;19;I4_R19_V2_T101;2;101;23;9091;151,5166667;2,525277778;4951;34,2830498;37;51959;61050
4;20;I4_R20_V0_T11;0;11;4;3964;66,06666667;1,101111111;3244;22,51185938;7;36223;40187
4;20;I4_R20_V0_T46;0;46;8;5310;88,5;1,475;3870;26,84561523;14;40187;45497
4;20;I4_R20_V0_T96;0;96;20;9008;150,1333333;2,502222222;5408;37,47994482;37;45547;54555
4;20;I4_R20_V0_T203;0;203;14;6550;109,1666667;1,819444444;4030;27,9318335;23;54555;61105
4;20;I4_R20_V1_T20;1;20;6;5256;87,6;1,46;4176;28,97765234;11;37045;42301
4;20;I4_R20_V1_T44;1;44;14;6295;104,9166667;1,748611111;3751;25,9877373;22;42301;48596
4;20;I4_R20_V1_T163;1;163;19;7205;120,0833333;2,001388889;3785;26,21529883;33;48596;55801
4;20;I4_R20_V1_T184;1;184;12;5192;86,53333333;1,442222222;3032;21,01438379;19;55801;60993
4;20;I4_R20_V2_T14;2;14;1;2362;39,36666667;0,656111111;2182;15,14916016;1;32400;34762
4;20;I4_R20_V2_T25;2;25;9;6298;104,9666667;1,749444444;4678;32,45021533;13;37416;43714
4;20;I4_R20_V2_T33;2;33;12;5444;90,73333333;1,512222222;3284;22,76911914;21;43714;49158
4;20;I4_R20_V2_T98;2;98;24;8972;149,5333333;2,492222222;4652;32,22651563;42;49171;58143
4;20;I4_R20_V2_T119;2;119;5;2956;49,26666667;0,821111111;2056;14,26504688;8;58143;61099
4;21;I4_R21_V0_T14;0;14;9;6759;112,65;1,8775;5139;35,65232593;15;35523;42282
4;21;I4_R21_V0_T64;0;64;7;4411;73,51666667;1,225277778;3117;21,6129873;12;42282;46693
4;21;I4_R21_V0_T222;0;222;18;7770;129,5;2,158333333;4530;31,39074854;29;46701;54471
4;21;I4_R21_V0_T275;0;275;13;6642;110,7;1,845;4302;29,82280957;24;54503;61145
4;21;I4_R21_V1_T7;1;7;7;5467;91,11666667;1,518611111;4207;29,18194629;11;34842;40309
4;21;I4_R21_V1_T32;1;32;4;4214;70,23333333;1,170555556;3494;24,24207422;7;40309;44523
4;21;I4_R21_V1_T38;1;38;9;5244;87,4;1,456666667;3624;25,12278223;17;44717;49961
4;21;I4_R21_V1_T192;1;192;30;11085;184,75;3,079166667;5685;39,38594531;43;49961;61046
4;21;I4_R21_V2_T6;2;6;5;8180;136,3333333;2,272222222;4881;33,8757561;6;32873;41053
4;21;I4_R21_V2_T13;2;13;12;6437;107,2833333;1,788055556;4277;29,64023242;20;41053;47490
4;21;I4_R21_V2_T40;2;40;20;8197;136,6166667;2,276944444;4597;31,83875;38;47512;55709
4;21;I4_R21_V2_T52;2;52;12;5420;90,33333333;1,505555556;3260;22,59566504;20;55709;61129
4;22;I4_R22_V0_T10;0;10;6;4634;77,23333333;1,287222222;3554;24,65827881;9;37852;42486
4;22;I4_R22_V0_T43;0;43;16;6904;115,0666667;1,917777778;4024;27,88578418;29;42486;49390
4;22;I4_R22_V0_T59;0;59;16;7643;127,3833333;2,123055556;4763;33,01662891;28;49390;57033
4;22;I4_R22_V0_T85;0;85;7;4145;69,08333333;1,151388889;2885;20,00720703;12;57033;61178
4;22;I4_R22_V1_T43;1;43;1;2957;49,28333333;0,821388889;2326;16,14574609;1;32400;35357
4;22;I4_R22_V1_T53;1;53;11;8254;137,5666667;2,292777778;4836;33,54330908;16;37916;46170
4;22;I4_R22_V1_T60;1;60;19;7906;131,7666667;2,196111111;4486;31,09405273;31;46349;54255
4;22;I4_R22_V1_T82;1;82;14;6817;113,6166667;1,893611111;4297;29,78978955;23;54383;61200
4;22;I4_R22_V2_T4;2;4;12;7392;123,2;2,053333333;5232;36,28979687;19;37156;44548
4;22;I4_R22_V2_T12;2;12;20;9279;154,65;2,5775;5679;39,35412964;35;44687;53966
4;22;I4_R22_V2_T42;2;42;16;7136;118,9333333;1,982222222;4256;29,49096387;28;54041;61177
4;23;I4_R23_V0_T8;0;8;1;3640;60,66666667;1,011111111;3460;24,02321729;2;33017;36657
4;23;I4_R23_V0_T103;0;103;5;5359;89,31666667;1,488611111;3885;26,95338574;8;36804;42163
4;23;I4_R23_V0_T140;0;140;9;5715;95,25;1,5875;4095;28,39977637;15;42520;48235
4;23;I4_R23_V0_T152;0;152;15;6780;113;1,883333333;4080;28,28008008;26;48235;55015
4;23;I4_R23_V0_T162;0;162;12;6095;101,5833333;1,693055556;3935;27,28120117;22;55032;61127
4;23;I4_R23_V1_T35;1;35;5;5610;93,5;1,558333333;3966;27,52620508;7;33613;39223
4;23;I4_R23_V1_T40;1;40;7;6174;102,9;1,715;4914;34,09643359;11;39477;45651
4;23;I4_R23_V1_T89;1;89;18;7615;126,9166667;2,115277778;4375;30,30752051;27;45747;53362
4;23;I4_R23_V1_T101;1;101;13;7758;129,3;2,155;5418;37,56873242;25;53362;61120
4;23;I4_R23_V2_T7;2;7;4;4375;72,91666667;1,215277778;3655;25,36169531;6;35722;40097
4;23;I4_R23_V2_T23;2;23;10;6348;105,8;1,763333333;4548;31,54057446;17;40347;46695
4;23;I4_R23_V2_T26;2;26;20;7912;131,8666667;2,197777778;4312;29,86976904;33;46695;54607
4;23;I4_R23_V2_T133;2;133;17;6320;105,3333333;1,755555556;3260;22,57648926;27;54607;60927
4;24;I4_R24_V0_T43;0;43;4;5300;88,33333333;1,472222222;4580;31,78660645;5;36042;41342
4;24;I4_R24_V0_T67;0;67;13;7093;118,2166667;1,970277778;4753;32,95834033;20;41397;48490
4;24;I4_R24_V0_T72;0;72;9;4640;77,33333333;1,288888889;3020;20,93737793;15;48578;53218
4;24;I4_R24_V0_T151;0;151;20;7879;131,3166667;2,188611111;4279;29,63621875;34;53218;61097
4;24;I4_R24_V1_T5;1;5;13;7021;117,0166667;1,950277778;4152;28,80096875;22;37993;45014
4;24;I4_R24_V1_T56;1;56;9;5010;83,5;1,391666667;3390;23,50270801;18;45014;50024
4;24;I4_R24_V1_T151;1;151;24;11096;184,9333333;3,082222222;6696;46,41861621;39;50024;61120
4;24;I4_R24_V2_T38;2;38;17;10404;173,4;2,89;7010;48,61786426;24;37436;47840
4;24;I4_R24_V2_T54;2;54;13;5969;99,48333333;1,658055556;3629;25,15431445;22;47922;53891
4;24;I4_R24_V2_T58;2;58;17;7134;118,9;1,981666667;4074;28,22148145;29;54033;61167
4;25;I4_R25_V0_T45;0;45;8;7245;120,75;2,0125;5805;40,27838672;12;35273;42518
4;25;I4_R25_V0_T55;0;55;8;4678;77,96666667;1,299444444;3238;22,45153125;15;42996;47674
4;25;I4_R25_V0_T95;0;95;17;7221;120,35;2,005833333;4161;28,82596191;27;47674;54895
4;25;I4_R25_V0_T116;0;116;12;6208;103,4666667;1,724444444;4048;28,06035986;20;54895;61103
4;25;I4_R25_V1_T50;1;50;14;8638;143,9666667;2,399444444;6118;42,43092285;24;37383;46021
4;25;I4_R25_V1_T80;1;80;15;7243;120,7166667;2,011944444;4543;31,48179687;26;46271;53514
4;25;I4_R25_V1_T255;1;255;18;7601;126,6833333;2,111388889;4361;30,20786426;30;53514;61115
4;25;I4_R25_V2_T29;2;29;1;4466;74,43333333;1,240555556;4286;29,7612915;2;32628;37094
4;25;I4_R25_V2_T48;2;48;11;6232;103,8666667;1,731111111;4252;29,49602148;17;37169;43401
4;25;I4_R25_V2_T55;2;55;20;9517;158,6166667;2,643611111;5917;41,01543994;36;43401;52918
4;25;I4_R25_V2_T65;2;65;19;8253;137,55;2,2925;4833;33,50175928;30;52918;61171
4;26;I4_R26_V0_T1;0;1;3;4117;68,61666667;1,143611111;3577;24,82746924;6;35974;40091
4;26;I4_R26_V0_T22;0;22;3;3012;50,2;0,836666667;2472;17,15215234;6;40091;43103
4;26;I4_R26_V0_T29;0;29;13;5605;93,41666667;1,556944444;3265;22,60774316;24;43412;49017
4;26;I4_R26_V0_T52;0;52;15;5570;92,83333333;1,547222222;2870;19,86123926;25;49017;54587
4;26;I4_R26_V0_T55;0;55;15;6591;109,85;1,830833333;3891;26,97051855;27;54587;61178
4;26;I4_R26_V1_T12;1;12;10;7027;117,1166667;1,951944444;4651;32,25862207;16;36737;43764
4;26;I4_R26_V1_T117;1;117;18;7284;121,4;2,023333333;4044;28,02114746;29;43764;51048
4;26;I4_R26_V1_T154;1;154;20;8566;142,7666667;2,379444444;4966;34,40449487;39;51048;59614
4;26;I4_R26_V1_T211;1;211;2;1408;23,46666667;0,391111111;1048;7,276958008;3;59614;61022
4;26;I4_R26_V2_T31;2;31;7;8573;142,8833333;2,381388889;3960;27,47838135;10;34833;43406
4;26;I4_R26_V2_T82;2;82;5;2932;48,86666667;0,814444444;2032;14,08543359;8;43531;46463
4;26;I4_R26_V2_T94;2;94;17;7111;118,5166667;1,975277778;4051;28,06084375;31;46463;53574
4;26;I4_R26_V2_T287;2;287;18;7439;123,9833333;2,066388889;4199;29,08470898;30;53574;61013
4;27;I4_R27_V0_T40;0;40;9;5390;89,83333333;1,497222222;3770;26,13913428;18;40424;45814
4;27;I4_R27_V0_T74;0;74;22;8350;139,1666667;2,319444444;4349;30,11945898;33;45882;54232
4;27;I4_R27_V0_T254;0;254;15;6629;110,4833333;1,841388889;3929;27,24616406;27;54466;61095
4;27;I4_R27_V1_T24;1;24;7;5283;88,05;1,4675;4023;27,909604;12;37104;42387
4;27;I4_R27_V1_T62;1;62;15;7149;119,15;1,985833333;4449;30,83885059;25;42961;50110
4;27;I4_R27_V1_T90;1;90;14;5282;88,03333333;1,467222222;2762;19,12459766;21;50110;55392
4;27;I4_R27_V1_T115;1;115;12;5557;92,61666667;1,543611111;3397;23,55343652;22;55392;60949
4;27;I4_R27_V2_T7;2;7;6;5290;88,16666667;1,469444444;3556;24,67541797;9;35710;41000
4;27;I4_R27_V2_T18;2;18;9;4869;81,15;1,3525;3249;22,52225195;16;41552;46421
4;27;I4_R27_V2_T50;2;50;10;5665;94,41666667;1,573611111;3865;26,800125;18;46447;52112
4;27;I4_R27_V2_T51;2;51;18;8898;148,3;2,471666667;5658;39,23493115;30;52112;61010
4;28;I4_R28_V0_T6;0;6;6;8583;143,05;2,384166667;7503;52,08125391;9;33277;41860
4;28;I4_R28_V0_T11;0;11;7;5241;87,35;1,455833333;3981;27,61966846;14;41899;47140
4;28;I4_R28_V0_T13;0;13;24;8750;145,8333333;2,430555556;4430;30,66624023;40;47140;55890
4;28;I4_R28_V0_T26;0;26;11;5214;86,9;1,448333333;3234;22,41739844;19;55890;61104
4;28;I4_R28_V1_T25;1;25;6;5144;85,73333333;1,428888889;3804;26,38776855;9;36411;41555
4;28;I4_R28_V1_T28;1;28;12;5979;99,65;1,660833333;3819;26,46526953;22;41555;47534
4;28;I4_R28_V1_T35;1;35;13;6522;108,7;1,811666667;4136;28,67643994;21;47534;54056
4;28;I4_R28_V1_T37;1;37;17;7144;119,0666667;1,984444444;4084;28,29242969;29;54056;61200
4;28;I4_R28_V2_T0;2;0;1;1938;32,3;0,538333333;1758;12,19606055;1;32400;34338
4;28;I4_R28_V2_T125;2;125;8;4396;73,26666667;1,221111111;2764;19,15977832;12;38016;42412
4;28;I4_R28_V2_T130;2;130;22;11147;185,7833333;3,096388889;7187;49,83343176;35;42520;53667
4;28;I4_R28_V2_T182;2;182;14;6877;114,6166667;1,910277778;4357;30,20836377;22;53903;60780
4;29;I4_R29_V0_T0;0;0;14;6765;112,75;1,879166667;4209;29,16776563;22;40617;47382
4;29;I4_R29_V0_T9;0;9;21;8279;137,9833333;2,299722222;4499;31,16953223;34;47382;55661
4;29;I4_R29_V0_T16;0;16;13;5534;92,23333333;1,537222222;3194;22,14171484;23;55661;61195
4;29;I4_R29_V1_T7;1;7;5;6066;101,1;1,685;4295;29,8083291;6;33082;39148
4;29;I4_R29_V1_T12;1;12;17;7042;117,3666667;1,956111111;3982;27,591125;25;39148;46190
4;29;I4_R29_V1_T34;1;34;11;4536;75,6;1,26;2556;17,7128916;20;46190;50726
4;29;I4_R29_V1_T60;1;60;22;10296;171,6;2,86;6336;43,92264313;35;50726;61022
4;29;I4_R29_V2_T42;2;42;2;2415;40,25;0,670833333;2055;14,25552246;3;34174;36589
4;29;I4_R29_V2_T65;2;65;9;6543;109,05;1,8175;4923;34,16108008;15;37206;43749
4;29;I4_R29_V2_T105;2;105;15;6875;114,5833333;1,909722222;4175;28,93909277;28;43749;50624
4;29;I4_R29_V2_T117;2;117;10;4355;72,58333333;1,209722222;2555;17,69748633;17;50624;54979
4;29;I4_R29_V2_T127;2;127;14;6035;100,5833333;1,676388889;3515;24,37043213;23;54979;61014
4;30;I4_R30_V0_T7;0;7;7;6246;104,1;1,735;4986;34,59609448;10;33167;39413
4;30;I4_R30_V0_T11;0;11;19;8346;139,1;2,318333333;4926;34,16051465;30;39413;47759
4;30;I4_R30_V0_T24;0;24;20;8200;136,6666667;2,277777778;4600;31,87449414;32;47946;56146
4;30;I4_R30_V0_T49;0;49;9;4937;82,28333333;1,371388889;3317;22,99407471;16;56146;61083
4;30;I4_R30_V1_T37;1;37;5;5347;89,11666667;1,485277778;3288;22,82105957;9;34139;39486
4;30;I4_R30_V1_T98;1;98;14;6660;111;1,85;4140;28,69270117;23;40630;47290
4;30;I4_R30_V1_T111;1;111;12;6448;107,4666667;1,791111111;4288;29,72732227;23;47290;53738
4;30;I4_R30_V1_T177;1;177;17;7385;123,0833333;2,051388889;4325;29,97034961;26;53738;61123
4;30;I4_R30_V2_T2;2;2;11;9037;150,6166667;2,510277778;5336;37,01579883;17;36900;45937
4;30;I4_R30_V2_T3;2;3;19;7914;131,9;2,198333333;4494;31,1407627;33;46242;54156
4;30;I4_R30_V2_T184;2;184;18;6989;116,4833333;1,941388889;3749;25,96249414;35;54194;61183
4;31;I4_R31_V0_T0;0;0;2;3148;52,46666667;0,874444444;2623;18,20590625;2;32400;35548
4;31;I4_R31_V0_T5;0;5;7;5322;88,7;1,478333333;4062;28,17722998;12;36383;41705
4;31;I4_R31_V0_T8;0;8;10;6104;101,7333333;1,695555556;4304;29,85110791;19;42197;48301
4;31;I4_R31_V0_T62;0;62;11;5564;92,73333333;1,545555556;3584;24,85444336;21;48301;53865
4;31;I4_R31_V0_T70;0;70;17;7322;122,0333333;2,033888889;4262;29,51615186;28;53865;61187
4;31;I4_R31_V1_T48;1;48;8;5724;95,4;1,59;4284;29,71961328;15;36177;41901
4;31;I4_R31_V1_T71;1;71;13;5705;95,08333333;1,584722222;3365;23,30544141;21;42248;47953
4;31;I4_R31_V1_T198;1;198;27;10728;178,8;2,98;5868;40,63673486;49;47953;58681
4;31;I4_R31_V1_T259;1;259;3;2344;39,06666667;0,651111111;1804;12,51433887;5;58681;61025
4;31;I4_R31_V2_T41;2;41;6;4810;80,16666667;1,336111111;3730;25,87192969;10;34801;39611
4;31;I4_R31_V2_T89;2;89;16;7264;121,0666667;2,017777778;4384;30,37926953;25;40158;47422
4;31;I4_R31_V2_T163;2;163;21;7781;129,6833333;2,161388889;4001;27,71348438;39;47526;55307
4;31;I4_R31_V2_T189;2;189;14;5850;97,5;1,625;3330;23,08053809;26;55307;61157
4;32;I4_R32_V0_T2;0;2;1;3736;62,26666667;1,037777778;3556;24,69050146;2;33145;36881
4;32;I4_R32_V0_T29;0;29;6;4707;78,45;1,3075;3627;25,15678906;11;37421;42128
4;32;I4_R32_V0_T186;0;186;11;6193;103,2166667;1,720277778;4213;29,20654395;19;42553;48746
4;32;I4_R32_V0_T234;0;234;13;5992;99,86666667;1,664444444;3652;25,3117168;25;48746;54738
4;32;I4_R32_V0_T253;0;253;14;6332;105,5333333;1,758888889;3812;26,41675684;26;54742;61074
4;32;I4_R32_V1_T47;1;47;9;7464;124,4;2,073333333;5109;35,43674805;14;35541;43005
4;32;I4_R32_V1_T54;1;54;24;11015;183,5833333;3,059722222;6695;46,40401953;37;43282;54297
4;32;I4_R32_V1_T97;1;97;15;6796;113,2666667;1,887777778;4096;28,38467139;28;54297;61093
4;32;I4_R32_V2_T0;2;0;5;4747;79,11666667;1,318611111;3847;26,70088672;8;35400;40147
4;32;I4_R32_V2_T14;2;14;11;6097;101,6166667;1,693611111;4092;28,37963086;18;40147;46244
4;32;I4_R32_V2_T36;2;36;20;9139;152,3166667;2,538611111;5539;38,39309668;34;46244;55383
4;32;I4_R32_V2_T252;2;252;15;5783;96,38333333;1,606388889;3083;21,35541406;28;55383;61166
4;33;I4_R33_V0_T66;0;66;4;4320;72;1,2;3600;24,98433301;7;36856;41176
4;33;I4_R33_V0_T99;0;99;11;6214;103,5666667;1,726111111;4234;29,35170313;17;41205;47419
4;33;I4_R33_V0_T184;0;184;10;6125;102,0833333;1,701388889;4325;29,9989292;20;47419;53544
4;33;I4_R33_V0_T214;0;214;15;7378;122,9666667;2,049444444;4678;32,4300752;26;53544;60922
4;33;I4_R33_V1_T16;1;16;5;4992;83,2;1,386666667;4092;28,39969043;9;36449;41441
4;33;I4_R33_V1_T48;1;48;12;5614;93,56666667;1,559444444;3454;23,93875781;21;41588;47202
4;33;I4_R33_V1_T73;1;73;17;7298;121,6333333;2,027222222;4238;29,36810742;32;47502;54800
4;33;I4_R33_V1_T89;1;89;13;6361;106,0166667;1,766944444;4021;27,88234473;18;54800;61161
4;33;I4_R33_V2_T19;2;19;2;3966;66,1;1,101666667;3606;25,03567578;3;34067;38033
4;33;I4_R33_V2_T22;2;22;8;5260;87,66666667;1,461111111;3820;26,50578125;15;38060;43320
4;33;I4_R33_V2_T74;2;74;11;6089;101,4833333;1,691388889;4109;28,4801106;20;43320;49409
4;33;I4_R33_V2_T174;2;174;16;7015;116,9166667;1,948611111;4135;28,65205859;28;49409;56424
4;33;I4_R33_V2_T176;2;176;9;4679;77,98333333;1,299722222;3059;21,2050918;15;56424;61103
4;34;I4_R34_V0_T11;0;11;10;7833;130,55;2,175833333;6033;41,85792554;16;36629;44462
4;34;I4_R34_V0_T13;0;13;18;8310;138,5;2,308333333;5070;35,15123389;32;44548;52858
4;34;I4_R34_V0_T23;0;23;21;8198;136,6333333;2,277222222;4418;30,60408984;30;52858;61056
4;34;I4_R34_V1_T16;1;16;5;6259;104,3166667;1,738611111;5359;37,20124512;9;35087;41346
4;34;I4_R34_V1_T62;1;62;11;6246;104,1;1,735;4266;29,57446094;21;41346;47592
4;34;I4_R34_V1_T91;1;91;15;6049;100,8166667;1,680277778;3349;23,19846777;28;47604;53653
4;34;I4_R34_V1_T97;1;97;15;7165;119,4166667;1,990277778;4465;30,93264844;24;53653;60818
4;34;I4_R34_V2_T22;2;22;6;8198;136,6333333;2,277222222;4386;30,43666602;8;32588;40786
4;34;I4_R34_V2_T67;2;67;11;6378;106,3;1,771666667;4398;30,49989404;19;40786;47164
4;34;I4_R34_V2_T74;2;74;18;7218;120,3;2,005;3978;27,5605791;32;47164;54382
4;34;I4_R34_V2_T88;2;88;18;6759;112,65;1,8775;3519;24,37463867;30;54382;61141
4;35;I4_R35_V0_T2;0;2;7;5825;97,08333333;1,618055556;4497;31,20489343;10;34274;40099
4;35;I4_R35_V0_T6;0;6;13;6020;100,3333333;1,672222222;3680;25,50056006;23;40099;46119
4;35;I4_R35_V0_T13;0;13;21;9100;151,6666667;2,527777778;5320;36,86204736;32;46119;55219
4;35;I4_R35_V0_T172;0;172;11;5927;98,78333333;1,646388889;3947;27,36733398;19;55219;61146
4;35;I4_R35_V1_T23;1;23;1;2508;41,8;0,696666667;1844;12,79288672;1;32400;34908
4;35;I4_R35_V1_T76;1;76;7;4712;78,53333333;1,308888889;3452;23,94999023;11;35576;40288
4;35;I4_R35_V1_T87;1;87;8;4535;75,58333333;1,259722222;3095;21,46354883;13;40288;44823
4;35;I4_R35_V1_T187;1;187;21;8911;148,5166667;2,475277778;5131;35,54914124;36;44823;53734
4;35;I4_R35_V1_T208;1;208;19;7303;121,7166667;2,028611111;3883;26,89146582;28;53824;61127
4;35;I4_R35_V2_T74;2;74;5;4887;81,45;1,3575;3987;27,66882861;7;33616;38503
4;35;I4_R35_V2_T79;2;79;6;4411;73,51666667;1,225277778;3331;23,10983496;9;38503;42914
4;35;I4_R35_V2_T123;2;123;13;5976;99,6;1,66;3636;25,21096484;25;42914;48890
4;35;I4_R35_V2_T146;2;146;20;7668;127,8;2,13;4068;28,18591309;30;48890;56558
4;35;I4_R35_V2_T159;2;159;10;4638;77,3;1,288333333;2838;19,67819141;15;56558;61196
4;36;I4_R36_V0_T1;0;1;2;2163;36,05;0,600833333;1803;12,50752344;4;33285;35448
4;36;I4_R36_V0_T4;0;4;7;5275;87,91666667;1,465277778;4015;27,85347754;12;35547;40822
4;36;I4_R36_V0_T19;0;19;10;6008;100,1333333;1,668888889;4208;29,1838916;16;40841;46849
4;36;I4_R36_V0_T108;0;108;17;8086;134,7666667;2,246111111;5026;34,84516846;28;46849;54935
4;36;I4_R36_V0_T206;0;206;13;6238;103,9666667;1,732777778;3898;27,0089873;22;54935;61173
4;36;I4_R36_V1_T17;1;17;1;2346;39,1;0,651666667;2166;15,0363418;1;32400;34746
4;36;I4_R36_V1_T21;1;21;1;3112;51,86666667;0,864444444;2932;20,35442529;1;34746;37858
4;36;I4_R36_V1_T26;1;26;3;2743;45,71666667;0,761944444;2203;15,28523828;5;37858;40601
4;36;I4_R36_V1_T38;1;38;7;4279;71,31666667;1,188611111;3019;20,93402734;14;40601;44880
4;36;I4_R36_V1_T101;1;101;22;8689;144,8166667;2,413611111;4729;32,77562793;36;44880;53569
4;36;I4_R36_V1_T108;1;108;16;7577;126,2833333;2,104722222;4697;32,5622041;26;53569;61146
4;36;I4_R36_V2_T3;2;3;7;5625;93,75;1,5625;4365;30,27751172;11;35925;41550
4;36;I4_R36_V2_T38;2;38;8;5341;89,01666667;1,483611111;3901;27,05821094;16;41550;46891
4;36;I4_R36_V2_T150;2;150;17;7387;123,1166667;2,051944444;4327;29,97292212;29;46891;54278
4;36;I4_R36_V2_T277;2;277;13;6825;113,75;1,895833333;4485;31,10032227;21;54278;61103
4;37;I4_R37_V0_T18;0;18;12;6831;113,85;1,8975;4671;32,39598633;17;36358;43189
4;37;I4_R37_V0_T26;0;26;10;5444;90,73333333;1,512222222;3644;25,27001123;18;43541;48985
4;37;I4_R37_V0_T38;0;38;17;6810;113,5;1,891666667;3750;25,97821094;27;48985;55795
4;37;I4_R37_V0_T164;0;164;9;5324;88,73333333;1,478888889;3704;25,69629541;15;55795;61119
4;37;I4_R37_V1_T50;1;50;1;2326;38,76666667;0,646111111;2146;14,89967188;2;35358;37684
4;37;I4_R37_V1_T55;1;55;10;5530;92,16666667;1,536111111;3730;25,8603291;18;38570;44100
4;37;I4_R37_V1_T65;1;65;10;5559;92,65;1,544166667;3759;26,05878149;19;44100;49659
4;37;I4_R37_V1_T147;1;147;9;5124;85,4;1,423333333;3504;24,30405957;16;49659;54783
4;37;I4_R37_V1_T175;1;175;15;6027;100,45;1,674166667;3327;23,05622656;24;54783;60810
4;37;I4_R37_V2_T48;2;48;7;5801;96,68333333;1,611388889;4541;31,51506885;12;34784;40585
4;37;I4_R37_V2_T50;2;50;6;4232;70,53333333;1,175555556;3152;21,85865625;11;40842;45074
4;37;I4_R37_V2_T82;2;82;19;8136;135,6;2,26;4716;32,68270996;35;45074;53210
4;37;I4_R37_V2_T190;2;190;18;7917;131,95;2,199166667;4677;32,42517334;28;53229;61146
4;38;I4_R38_V0_T74;0;74;7;5903;98,38333333;1,639722222;4614;32,0097085;10;37846;43749
4;38;I4_R38_V0_T163;0;163;11;5982;99,7;1,661666667;4002;27,76270654;19;43749;49731
4;38;I4_R38_V0_T206;0;206;12;5138;85,63333333;1,427222222;2978;20,62599414;23;49780;54918
4;38;I4_R38_V0_T263;0;263;16;6185;103,0833333;1,718055556;3305;22,87874219;27;54965;61150
4;38;I4_R38_V1_T21;1;21;1;3481;58,01666667;0,966944444;2880;19,98783643;1;32400;35881
4;38;I4_R38_V1_T31;1;31;8;6095;101,5833333;1,693055556;4655;32,29787891;12;38104;44199
4;38;I4_R38_V1_T48;1;48;17;7399;123,3166667;2,055277778;4339;30,06149023;30;44244;51643
4;38;I4_R38_V1_T77;1;77;19;9087;151,45;2,524166667;5667;39,29884839;32;51774;60861
4;38;I4_R38_V2_T41;2;41;8;5719;95,31666667;1,588611111;4279;29,68475293;15;37377;43096
4;38;I4_R38_V2_T43;2;43;9;4222;70,36666667;1,172777778;2602;18,03959863;16;43096;47318
4;38;I4_R38_V2_T135;2;135;17;7259;120,9833333;2,016388889;4199;29,10229199;32;47318;54577
4;38;I4_R38_V2_T236;2;236;14;6433;107,2166667;1,786944444;3913;27,11802197;23;54577;61010
4;39;I4_R39_V0_T31;0;31;8;6585;109,75;1,829166667;4224;29,3053584;12;35726;42311
4;39;I4_R39_V0_T53;0;53;11;6228;103,8;1,73;4248;29,4516084;18;42359;48587
4;39;I4_R39_V0_T64;0;64;15;6527;108,7833333;1,813055556;3827;26,52321387;25;48587;55114
4;39;I4_R39_V0_T94;0;94;11;6016;100,2666667;1,671111111;4036;27,9953938;20;55114;61130
4;39;I4_R39_V1_T27;1;27;7;8677;144,6166667;2,410277778;4462;30,9615332;9;33380;42057
4;39;I4_R39_V1_T48;1;48;4;3407;56,78333333;0,946388889;2687;18,64867383;6;42057;45464
4;39;I4_R39_V1_T75;1;75;21;8830;147,1666667;2,452777778;5050;35,00169385;36;46080;54910
4;39;I4_R39_V1_T135;1;135;15;6055;100,9166667;1,681944444;3355;23,23568945;25;54910;60965
4;39;I4_R39_V2_T6;2;6;11;6387;106,45;1,774166667;4300;29,82771875;16;38033;44420
4;39;I4_R39_V2_T101;2;101;15;5956;99,26666667;1,654444444;3256;22,55972168;28;44420;50376
4;39;I4_R39_V2_T106;2;106;10;5437;90,61666667;1,510277778;3637;25,21325049;19;50376;55813
4;39;I4_R39_V2_T265;2;265;13;5213;86,88333333;1,448055556;2873;19,89855664;21;55813;61026
4;40;I4_R40_V0_T3;0;3;9;6371;106,1833333;1,769722222;4751;32,9615293;15;34797;41168
4;40;I4_R40_V0_T17;0;17;6;4916;81,93333333;1,365555556;3689;25,5997168;11;41168;46084
4;40;I4_R40_V0_T21;0;21;20;8323;138,7166667;2,311944444;4697;32,54453223;34;46084;54407
4;40;I4_R40_V0_T52;0;52;15;6775;112,9166667;1,881944444;4075;28,24938037;27;54407;61182
4;40;I4_R40_V1_T31;1;31;4;4401;73,35;1,2225;3681;25,54034717;7;35954;40355
4;40;I4_R40_V1_T109;1;109;14;6937;115,6166667;1,926944444;4417;30,62035059;23;40606;47543
4;40;I4_R40_V1_T142;1;142;23;9152;152,5333333;2,542222222;5012;34,69953418;41;47543;56695
4;40;I4_R40_V1_T293;1;293;6;4236;70,6;1,176666667;3156;21,89727197;11;56695;60931
4;40;I4_R40_V2_T1;2;1;1;3173;52,88333333;0,881388889;2750;19,084375;1;32400;35573
4;40;I4_R40_V2_T24;2;24;6;4546;75,76666667;1,262777778;3466;24,04426904;8;35573;40119
4;40;I4_R40_V2_T37;2;37;7;4702;78,36666667;1,306111111;3442;23,87494531;12;40939;45641
4;40;I4_R40_V2_T40;2;40;19;7205;120,0833333;2,001388889;3785;26,22628125;31;45641;52846
4;40;I4_R40_V2_T41;2;41;17;8258;137,6333333;2,293888889;5198;36,04341284;29;52846;61104
4;41;I4_R41_V0_T18;0;18;2;2815;46,91666667;0,781944444;1459;10,1248418;3;32634;35449
4;41;I4_R41_V0_T21;0;21;6;4470;74,5;1,241666667;3390;23,51825586;11;35918;40388
4;41;I4_R41_V0_T46;0;46;4;3689;61,48333333;1,024722222;2969;20,60022656;8;41014;44703
4;41;I4_R41_V0_T106;0;106;13;5495;91,58333333;1,526388889;3155;21,8690957;21;44934;50429
4;41;I4_R41_V0_T237;0;237;25;10551;175,85;2,930833333;6051;41,9366897;40;50562;61113
4;41;I4_R41_V1_T9;1;9;3;4114;68,56666667;1,142777778;3574;24,80374268;5;32758;36872
4;41;I4_R41_V1_T19;1;19;4;4476;74,6;1,243333333;3756;26,06472607;7;36872;41348
4;41;I4_R41_V1_T35;1;35;3;2770;46,16666667;0,769444444;2230;15,46846484;6;41348;44118
4;41;I4_R41_V1_T73;1;73;9;5304;88,4;1,473333333;3684;25,54605884;16;44118;49422
4;41;I4_R41_V1_T82;1;82;11;6281;104,6833333;1,744722222;4301;29,82396973;21;49463;55744
4;41;I4_R41_V1_T124;1;124;13;5455;90,91666667;1,515277778;3115;21,6009043;22;55744;61199
4;41;I4_R41_V2_T10;2;10;4;4996;83,26666667;1,387777778;4276;29,67553418;8;34678;39674
4;41;I4_R41_V2_T23;2;23;3;2803;46,71666667;0,778611111;2263;15,7009873;6;39691;42494
4;41;I4_R41_V2_T41;2;41;4;2273;37,88333333;0,631388889;1553;10,76938086;8;42630;44903
4;41;I4_R41_V2_T53;2;53;16;5931;98,85;1,6475;3051;21,1094873;26;44903;50834
4;41;I4_R41_V2_T202;2;202;8;4055;67,58333333;1,126388889;2615;18,14018359;13;50834;54889
4;41;I4_R41_V2_T207;2;207;16;6275;104,5833333;1,743055556;3395;23,51421191;27;54889;61164
4;42;I4_R42_V0_T42;0;42;5;6082;101,3666667;1,689444444;4896;33,98229199;7;35573;41655
4;42;I4_R42_V0_T51;0;51;6;4758;79,3;1,321666667;3678;25,52238477;11;41891;46649
4;42;I4_R42_V0_T58;0;58;18;7336;122,2666667;2,037777778;4096;28,36406055;33;46798;54134
4;42;I4_R42_V0_T285;0;285;18;6861;114,35;1,905833333;3621;25,08354785;30;54269;61130
4;42;I4_R42_V1_T35;1;35;1;3640;60,66666667;1,011111111;3460;24,02387598;2;33561;37201
4;42;I4_R42_V1_T43;1;43;5;2941;49,01666667;0,816944444;2041;14,1553125;9;39468;42409
4;42;I4_R42_V1_T51;1;51;9;5158;85,96666667;1,432777778;3538;24,53541846;14;42488;47646
4;42;I4_R42_V1_T87;1;87;11;5912;98,53333333;1,642222222;3932;27,26654541;19;47646;53558
4;42;I4_R42_V1_T105;1;105;16;7564;126,0666667;2,101111111;4684;32,47765625;26;53558;61122
4;42;I4_R42_V2_T37;2;37;16;9091;151,5166667;2,525277778;5878;40,76238477;23;36706;45797
4;42;I4_R42_V2_T83;2;83;13;5558;92,63333333;1,543888889;3161;21,89971484;23;45797;51355
4;42;I4_R42_V2_T97;2;97;18;7674;127,9;2,131666667;4434;30,72810645;33;51355;59029
4;42;I4_R42_V2_T298;2;298;3;2100;35;0,583333333;1560;10,81841211;5;59029;61129
4;43;I4_R43_V0_T20;0;20;3;3694;61,56666667;1,026111111;2427;16,84574219;5;37305;40999
4;43;I4_R43_V0_T37;0;37;13;6110;101,8333333;1,697222222;3770;26,13663672;22;41445;47555
4;43;I4_R43_V0_T71;0;71;15;5733;95,55;1,5925;3033;20,99668652;28;47555;53288
4;43;I4_R43_V0_T190;0;190;19;7801;130,0166667;2,166944444;4381;30,36921777;34;53363;61164
4;43;I4_R43_V1_T11;1;11;7;4324;72,06666667;1,201111111;2817;19,52717773;11;37238;41562
4;43;I4_R43_V1_T102;1;102;6;3882;64,7;1,078333333;2802;19,43192969;12;41566;45448
4;43;I4_R43_V1_T108;1;108;21;8920;148,6666667;2,477777778;5140;35,61374805;34;45609;54529
4;43;I4_R43_V1_T163;1;163;15;6567;109,45;1,824166667;3867;26,79414795;21;54529;61096
4;43;I4_R43_V2_T60;2;60;7;4996;83,26666667;1,387777778;3736;25,92340527;12;37983;42979
4;43;I4_R43_V2_T87;2;87;19;10138;168,9666667;2,816111111;6718;46,57970947;32;43510;53648
4;43;I4_R43_V2_T125;2;125;16;7333;122,2166667;2,036944444;4453;30,86764063;28;53648;60981
4;44;I4_R44_V0_T6;0;6;2;4740;79;1,316666667;4380;30,40152051;4;36496;41236
4;44;I4_R44_V0_T26;0;26;9;5268;87,8;1,463333333;3637;25,22947607;13;41236;46504
4;44;I4_R44_V0_T37;0;37;15;7542;125,7;2,095;4842;33,57972949;29;46504;54046
4;44;I4_R44_V0_T102;0;102;1;1112;18,53333333;0,308888889;932;6,471853516;2;54046;55158
4;44;I4_R44_V0_T208;0;208;12;6007;100,1166667;1,668611111;3847;26,66161426;20;55158;61165
4;44;I4_R44_V1_T0;1;0;5;5453;90,88333333;1,514722222;4014;27,85091699;7;33803;39256
4;44;I4_R44_V1_T7;1;7;13;7294;121,5666667;2,026111111;4954;34,34685156;22;39354;46648
4;44;I4_R44_V1_T102;1;102;19;7535;125,5833333;2,093055556;4115;28,494125;30;46752;54287
4;44;I4_R44_V1_T134;1;134;17;6892;114,8666667;1,914444444;3832;26,54308789;32;54287;61179
4;44;I4_R44_V2_T23;2;23;4;2586;43,1;0,718333333;1866;12,9448623;7;34385;36971
4;44;I4_R44_V2_T36;2;36;4;4007;66,78333333;1,113055556;3287;22,81721289;6;38213;42220
4;44;I4_R44_V2_T53;2;53;8;5302;88,36666667;1,472777778;3862;26,78894238;12;42220;47522
4;44;I4_R44_V2_T111;2;111;18;9265;154,4166667;2,573611111;6025;41,76854443;33;47522;56787
4;44;I4_R44_V2_T129;2;129;8;4327;72,11666667;1,201944444;2887;20,0219375;13;56787;61114
4;45;I4_R45_V0_T0;0;0;3;4019;66,98333333;1,116388889;3479;24,14528906;3;32400;36419
4;45;I4_R45_V0_T51;0;51;4;5716;95,26666667;1,587777778;4996;34,68259772;7;36440;42156
4;45;I4_R45_V0_T56;0;56;7;5037;83,95;1,399166667;3777;26,19687891;11;42156;47193
4;45;I4_R45_V0_T75;0;75;22;8243;137,3833333;2,289722222;4283;29,65844922;38;47193;55436
4;45;I4_R45_V0_T136;0;136;13;5682;94,7;1,578333333;3342;23,15224805;24;55436;61118
4;45;I4_R45_V1_T8;1;8;1;3734;62,23333333;1,037222222;3554;24,6774082;1;32400;36134
4;45;I4_R45_V1_T75;1;75;5;4432;73,86666667;1,231111111;3532;24,51415576;6;36844;41276
4;45;I4_R45_V1_T95;1;95;6;4737;78,95;1,315833333;3657;25,36763281;11;41276;46013
4;45;I4_R45_V1_T155;1;155;7;4534;75,56666667;1,259444444;3274;22,7059668;13;46013;50547
4;45;I4_R45_V1_T211;1;211;16;7031;117,1833333;1,953055556;4151;28,76670996;28;50547;57578
4;45;I4_R45_V1_T299;1;299;6;3614;60,23333333;1,003888889;2534;17,57480078;11;57578;61192
4;45;I4_R45_V2_T23;2;23;4;5306;88,43333333;1,473888889;3960;27,4851416;4;32400;37706
4;45;I4_R45_V2_T63;2;63;9;5226;87,1;1,451666667;3559;24,68131689;14;38005;43231
4;45;I4_R45_V2_T102;2;102;3;2239;37,31666667;0,621944444;1699;11,78207422;6;43362;45601
4;45;I4_R45_V2_T117;2;117;19;8723;145,3833333;2,423055556;5303;36,75598047;32;45601;54324
4;45;I4_R45_V2_T167;2;167;13;6766;112,7666667;1,879444444;4426;30,67841211;20;54324;61090
4;46;I4_R46_V0_T23;0;23;5;7459;124,3166667;2,071944444;6559;45,52291699;8;35244;42703
4;46;I4_R46_V0_T31;0;31;9;4846;80,76666667;1,346111111;3226;22,37966309;17;42703;47549
4;46;I4_R46_V0_T156;0;156;15;7219;120,3166667;2,005277778;4519;31,31270898;26;47549;54768
4;46;I4_R46_V0_T166;0;166;12;6177;102,95;1,715833333;4017;27,86500635;19;54908;61085
4;46;I4_R46_V1_T10;1;10;5;5522;92,03333333;1,533888889;4622;32,07413232;10;37767;43289
4;46;I4_R46_V1_T70;1;70;7;4367;72,78333333;1,213055556;3107;21,54638623;13;43289;47656
4;46;I4_R46_V1_T126;1;126;16;5807;96,78333333;1,613055556;2927;20,26660156;29;47656;53463
4;46;I4_R46_V1_T249;1;249;20;7588;126,4666667;2,107777778;3988;27,62711035;34;53463;61051
4;46;I4_R46_V2_T24;2;24;2;3216;53,6;0,893333333;2856;19,82957422;4;36873;40089
4;46;I4_R46_V2_T27;2;27;10;5167;86,11666667;1,435277778;3367;23,34284766;14;40089;45256
4;46;I4_R46_V2_T83;2;83;17;6716;111,9333333;1,865555556;3656;25,32857813;29;45448;52164
4;46;I4_R46_V2_T224;2;224;23;8887;148,1166667;2,468611111;4747;32,88235107;35;52229;61116
4;47;I4_R47_V0_T3;0;3;9;7233;120,55;2,009166667;4746;32,92036426;13;35925;43158
4;47;I4_R47_V0_T176;0;176;10;4972;82,86666667;1,381111111;3172;21,99124219;17;43173;48145
4;47;I4_R47_V0_T199;0;199;18;6483;108,05;1,800833333;3243;22,46180664;28;48145;54628
4;47;I4_R47_V0_T236;0;236;15;6555;109,25;1,820833333;3855;26,71629297;25;54628;61183
4;47;I4_R47_V1_T24;1;24;2;3758;62,63333333;1,043888889;3065;21,27006836;3;33846;37604
4;47;I4_R47_V1_T32;1;32;13;6662;111,0333333;1,850555556;4322;29,97231738;22;38381;45043
4;47;I4_R47_V1_T33;1;33;17;7401;123,35;2,055833333;4323;29,96638525;29;45043;52444
4;47;I4_R47_V1_T34;1;34;21;8697;144,95;2,415833333;4917;34,07258936;36;52444;61141
4;47;I4_R47_V2_T23;2;23;10;6032;100,5333333;1,675555556;4232;29,36639355;17;38453;44485
4;47;I4_R47_V2_T86;2;86;13;6198;103,3;1,721666667;3858;26,76036084;22;44485;50683
4;47;I4_R47_V2_T96;2;96;28;10511;175,1833333;2,919722222;5471;37,88706836;43;50683;61194
4;48;I4_R48_V0_T0;0;0;13;8398;139,9666667;2,332777778;6058;42,02663184;18;38129;46527
4;48;I4_R48_V0_T4;0;4;18;7344;122,4;2,04;4104;28,43462939;32;46537;53881
4;48;I4_R48_V0_T9;0;9;16;6838;113,9666667;1,899444444;3958;27,41760547;28;54197;61035
4;48;I4_R48_V1_T12;1;12;6;4851;80,85;1,3475;3771;26,15291211;7;36511;41362
4;48;I4_R48_V1_T37;1;37;12;6884;114,7333333;1,912222222;4724;32,76375659;20;41587;48471
4;48;I4_R48_V1_T50;1;50;15;6329;105,4833333;1,758055556;3629;25,14422266;28;48471;54800
4;48;I4_R48_V1_T57;1;57;13;6296;104,9333333;1,748888889;3956;27,42827686;23;54800;61096
4;48;I4_R48_V2_T4;2;4;1;1880;31,33333333;0,522222222;1700;11,79901172;2;33939;35819
4;48;I4_R48_V2_T19;2;19;21;11090;184,8333333;3,080555556;6774;46,96194345;27;37634;48724
4;48;I4_R48_V2_T40;2;40;14;6749;112,4833333;1,874722222;4229;29,3060752;26;48891;55640
4;48;I4_R48_V2_T149;2;149;12;4980;83;1,383333333;2820;19,53626074;20;55640;60620
4;49;I4_R49_V0_T96;0;96;7;5157;85,95;1,4325;3897;27,03795752;12;37409;42566
4;49;I4_R49_V0_T148;0;148;12;5392;89,86666667;1,497777778;3232;22,40248633;20;42842;48234
4;49;I4_R49_V0_T181;0;181;15;7360;122,6666667;2,044444444;4660;32,30985645;24;48234;55594
4;49;I4_R49_V0_T190;0;190;11;5177;86,28333333;1,438055556;3197;22,1530752;18;55594;60771
4;49;I4_R49_V1_T19;1;19;1;2150;35,83333333;0,597222222;1970;13,67190039;2;33964;36114
4;49;I4_R49_V1_T56;1;56;4;4939;82,31666667;1,371944444;3221;22,35224463;7;36640;41579
4;49;I4_R49_V1_T75;1;75;5;4372;72,86666667;1,214444444;3472;24,08800146;10;41588;45960
4;49;I4_R49_V1_T113;1;113;19;6969;116,15;1,935833333;3549;24,57886719;35;45960;52929
4;49;I4_R49_V1_T221;1;221;21;8208;136,8;2,28;4428;30,66633594;37;52929;61137
4;49;I4_R49_V2_T35;2;35;8;6285;104,75;1,745833333;4845;33,61826904;15;35699;41984
4;49;I4_R49_V2_T58;2;58;8;4735;78,91666667;1,315277778;3295;22,84678516;13;41984;46719
4;49;I4_R49_V2_T124;2;124;5;2687;44,78333333;0,746388889;1787;12,380625;10;46719;49406
4;49;I4_R49_V2_T211;2;211;15;6711;111,85;1,864166667;4011;27,81232617;26;49505;56216
4;49;I4_R49_V2_T217;2;217;8;4820;80,33333333;1,338888889;3380;23,44632324;13;56216;61036
4;50;I4_R50_V0_T3;0;3;2;3494;58,23333333;0,970555556;3134;21,75566113;3;33998;37492
4;50;I4_R50_V0_T52;0;52;12;5535;92,25;1,5375;3335;23,11799854;20;37969;43504
4;50;I4_R50_V0_T69;0;69;11;6303;105,05;1,750833333;4323;29,99565625;19;43504;49807
4;50;I4_R50_V0_T81;0;81;13;5971;99,51666667;1,658611111;3631;25,1799917;22;49807;55778
4;50;I4_R50_V0_T102;0;102;10;5336;88,93333333;1,482222222;3536;24,51213965;18;55778;61114
4;50;I4_R50_V1_T34;1;34;7;4917;81,95;1,365833333;3657;25,36347412;13;37883;42800
4;50;I4_R50_V1_T106;1;106;11;6264;104,4;1,74;4284;29,70539063;20;43332;49596
4;50;I4_R50_V1_T110;1;110;13;5553;92,55;1,5425;3213;22,25447656;24;49596;55149
4;50;I4_R50_V1_T200;1;200;14;5918;98,63333333;1,643888889;3398;23,54212891;22;55149;61067
4;50;I4_R50_V2_T25;2;25;6;4960;82,66666667;1,377777778;3654;25,3554751;9;36239;41199
4;50;I4_R50_V2_T78;2;78;8;4839;80,65;1,344166667;3028;20,99929688;11;41199;46038
4;50;I4_R50_V2_T141;2;141;13;6439;107,3166667;1,788611111;4099;28,41952783;22;46038;52477
4;50;I4_R50_V2_T155;2;155;17;7725;128,75;2,145833333;4665;32,33193115;29;52477;60202
4;51;I4_R51_V0_T86;0;86;13;7998;133,3;2,221666667;4987;34,58089893;19;36561;44559
4;51;I4_R51_V0_T89;0;89;2;1553;25,88333333;0,431388889;1193;8,273049805;4;44559;46112
4;51;I4_R51_V0_T103;0;103;17;8580;143;2,383333333;5520;38,27362842;30;46202;54782
4;51;I4_R51_V0_T122;0;122;16;6289;104,8166667;1,746944444;3409;23,63035547;27;54782;61071
4;51;I4_R51_V1_T1;1;1;6;5851;97,51666667;1,625277778;3941;27,35256055;8;33307;39158
4;51;I4_R51_V1_T5;1;5;12;7570;126,1666667;2,102777778;5410;37,52108643;18;39158;46728
4;51;I4_R51_V1_T85;1;85;19;8014;133,5666667;2,226111111;4594;31,83008984;30;46728;54742
4;51;I4_R51_V1_T93;1;93;16;6458;107,6333333;1,793888889;3578;24,79205176;26;54742;61200
4;51;I4_R51_V2_T24;2;24;10;8232;137,2;2,286666667;6432;44,61579791;17;36752;44984
4;51;I4_R51_V2_T81;2;81;20;7885;131,4166667;2,190277778;4285;29,69179004;39;45220;53105
4;51;I4_R51_V2_T188;2;188;20;7998;133,3;2,221666667;4398;30,47434521;34;53146;61144
4;52;I4_R52_V0_T18;0;18;11;6075;101,25;1,6875;4095;28,38721777;20;37702;43777
4;52;I4_R52_V0_T53;0;53;3;2379;39,65;0,660833333;1839;12,76722461;6;43777;46156
4;52;I4_R52_V0_T91;0;91;14;6651;110,85;1,8475;4131;28,62316699;26;46156;52807
4;52;I4_R52_V0_T93;0;93;23;8098;134,9666667;2,249444444;3958;27,40948633;36;52885;60983
4;52;I4_R52_V1_T6;1;6;4;4824;80,4;1,34;4104;28,48559595;8;36282;41106
4;52;I4_R52_V1_T24;1;24;10;4640;77,33333333;1,288888889;2840;19,69150293;15;41623;46263
4;52;I4_R52_V1_T142;1;142;15;6179;102,9833333;1,716388889;3479;24,10474609;29;46411;52590
4;52;I4_R52_V1_T173;1;173;21;8156;135,9333333;2,265555556;4376;30,30107764;35;52590;60746
4;52;I4_R52_V2_T2;2;2;3;4025;67,08333333;1,118055556;3485;24,18364844;4;36234;40259
4;52;I4_R52_V2_T3;2;3;4;4663;77,71666667;1,295277778;3943;27,35511328;7;40259;44922
4;52;I4_R52_V2_T14;2;14;20;9814;163,5666667;2,726111111;6214;43,08344092;38;44936;54750
4;52;I4_R52_V2_T15;2;15;15;6323;105,3833333;1,756388889;3623;25,10289648;27;54750;61073
4;53;I4_R53_V0_T9;0;9;4;6490;108,1666667;1,802777778;5257;36,49132916;6;34457;40947
4;53;I4_R53_V0_T63;0;63;11;6116;101,9333333;1,698888889;4136;28,68376465;18;41207;47323
4;53;I4_R53_V0_T96;0;96;10;4504;75,06666667;1,251111111;2704;18,73668457;19;47323;51827
4;53;I4_R53_V0_T121;0;121;18;9361;156,0166667;2,600277778;6121;42,4361709;31;51837;61198
4;53;I4_R53_V1_T16;1;16;12;6576;109,6;1,826666667;4416;30,63008984;18;38523;45099
4;53;I4_R53_V1_T40;1;40;18;7193;119,8833333;1,998055556;3953;27,39354492;31;45099;52292
4;53;I4_R53_V1_T238;1;238;21;8493;141,55;2,359166667;4713;32,63802588;32;52648;61141
4;53;I4_R53_V2_T1;2;1;12;6970;116,1666667;1,936111111;4810;33,35392285;21;38527;45497
4;53;I4_R53_V2_T2;2;2;19;7892;131,5333333;2,192222222;4472;30,99314746;35;45497;53389
4;53;I4_R53_V2_T5;2;5;19;7644;127,4;2,123333333;4224;29,25401465;34;53389;61033
4;54;I4_R54_V0_T2;0;2;13;10521;175,35;2,9225;8181;56,7682644;22;36583;47104
4;54;I4_R54_V0_T14;0;14;20;8128;135,4666667;2,257777778;4528;31,37275342;34;47104;55232
4;54;I4_R54_V0_T171;0;171;13;5883;98,05;1,634166667;3543;24,56452344;21;55232;61115
4;54;I4_R54_V1_T4;1;4;5;4824;80,4;1,34;3924;27,22128223;8;35639;40463
4;54;I4_R54_V1_T117;1;117;9;5404;90,06666667;1,501111111;3772;26,17064014;15;42094;47498
4;54;I4_R54_V1_T131;1;131;14;6568;109,4666667;1,824444444;4048;28,06178516;23;47532;54100
4;54;I4_R54_V1_T163;1;163;15;6464;107,7333333;1,795555556;3764;26,09981982;24;54100;60564
4;54;I4_R54_V2_T15;2;15;8;4962;82,7;1,378333333;3522;24,44094922;13;38145;43107
4;54;I4_R54_V2_T17;2;17;8;4677;77,95;1,299166667;3237;22,4486792;15;43107;47784
4;54;I4_R54_V2_T22;2;22;15;6160;102,6666667;1,711111111;3460;23,95804883;26;47784;53944
4;54;I4_R54_V2_T104;2;104;17;7181;119,6833333;1,994722222;4121;28,54953857;27;53944;61125
4;55;I4_R55_V0_T40;0;40;18;8338;138,9666667;2,316111111;5098;35,34853027;24;38824;47162
4;55;I4_R55_V0_T75;0;75;20;8080;134,6666667;2,244444444;4480;31,03115674;35;47253;55333
4;55;I4_R55_V0_T76;0;76;11;5748;95,8;1,596666667;3768;26,12452783;21;55333;61081
4;55;I4_R55_V1_T0;1;0;3;6302;105,0333333;1,750555556;5762;40;6;36298;42600
4;55;I4_R55_V1_T6;1;6;6;4687;78,11666667;1,301944444;3607;25,02767773;11;42615;47302
4;55;I4_R55_V1_T81;1;81;14;6505;108,4166667;1,806944444;3985;27,6055;26;47378;53883
4;55;I4_R55_V1_T193;1;193;16;7161;119,35;1,989166667;4281;29,67882715;29;53883;61044
4;55;I4_R55_V2_T13;2;13;1;2776;46,26666667;0,771111111;2596;18,02565771;2;33033;35809
4;55;I4_R55_V2_T68;2;68;5;4729;78,81666667;1,313611111;3829;26,56928711;10;40686;45415
4;55;I4_R55_V2_T144;2;144;15;5889;98,15;1,635833333;3189;22,09484375;27;45415;51304
4;55;I4_R55_V2_T169;2;169;21;8487;141,45;2,3575;4707;32,6080918;36;51304;59791
4;55;I4_R55_V2_T173;2;173;1;750;12,5;0,208333333;570;3,955289063;2;59791;60541
4;56;I4_R56_V0_T17;0;17;8;6042;100,7;1,678333333;4602;31,92397632;12;35118;41160
4;56;I4_R56_V0_T52;0;52;12;5914;98,56666667;1,642777778;3754;26,01894727;21;41160;47074
4;56;I4_R56_V0_T174;0;174;20;8608;143,4666667;2,391111111;5008;34,7119209;30;47074;55682
4;56;I4_R56_V0_T184;0;184;9;5516;91,93333333;1,532222222;3896;27,01361621;15;55682;61198
4;56;I4_R56_V1_T2;1;2;1;1136;18,93333333;0,315555556;956;6,630019531;2;32732;33868
4;56;I4_R56_V1_T19;1;19;7;6381;106,35;1,7725;5121;35,534177;10;34232;40613
4;56;I4_R56_V1_T65;1;65;10;6097;101,6166667;1,693611111;4297;29,78888623;17;40633;46730
4;56;I4_R56_V1_T90;1;90;17;7733;128,8833333;2,148055556;4673;32,39555225;31;46730;54463
4;56;I4_R56_V1_T262;1;262;15;6526;108,7666667;1,812777778;3826;26,53217822;26;54523;61049
4;56;I4_R56_V2_T27;2;27;6;4153;69,21666667;1,153611111;3073;21,3171084;9;36938;41091
4;56;I4_R56_V2_T59;2;59;9;5164;86,06666667;1,434444444;3265;22,63303027;16;41091;46255
4;56;I4_R56_V2_T67;2;67;19;7048;117,4666667;1,957777778;3628;25,11783008;31;46530;53578
4;56;I4_R56_V2_T98;2;98;19;7507;125,1166667;2,085277778;4087;28,29858789;30;53578;61085
4;57;I4_R57_V0_T15;0;15;3;3899;64,98333333;1,083055556;3359;23,30673242;4;34898;38797
4;57;I4_R57_V0_T41;0;41;3;2909;48,48333333;0,808055556;2369;16,4396543;6;38797;41706
4;57;I4_R57_V0_T209;0;209;5;3716;61,93333333;1,032222222;2726;18,90821582;8;41706;45422
4;57;I4_R57_V0_T223;0;223;10;5863;97,71666667;1,628611111;4063;28,17149365;20;45465;51328
4;57;I4_R57_V0_T274;0;274;11;5767;96,11666667;1,601944444;3787;26,26168945;20;51328;57095
4;57;I4_R57_V0_T287;0;287;7;4093;68,21666667;1,136944444;2833;19,6496748;12;57095;61188
4;57;I4_R57_V1_T15;1;15;1;2054;34,23333333;0,570555556;1874;13,00585791;2;32770;34824
4;57;I4_R57_V1_T32;1;32;9;7146;119,1;1,985;5526;38,34193115;15;37084;44230
4;57;I4_R57_V1_T46;1;46;18;8420;140,3333333;2,338888889;5180;35,91643457;34;44379;52799
4;57;I4_R57_V1_T52;1;52;19;8043;134,05;2,234166667;4623;32,03369336;35;52843;60886
4;57;I4_R57_V2_T24;2;24;10;7528;125,4666667;2,091111111;5015;34,78788379;13;34196;41724
4;57;I4_R57_V2_T39;2;39;12;6418;106,9666667;1,782777778;4258;29,52521289;20;41802;48220
4;57;I4_R57_V2_T83;2;83;21;8640;144;2,4;4860;33,68208838;36;48220;56860
4;57;I4_R57_V2_T100;2;100;8;4314;71,9;1,198333333;2874;19,94646094;13;56860;61174
4;58;I4_R58_V0_T10;0;10;7;6553;109,2166667;1,820277778;4076;28,28030908;11;39309;45862
4;58;I4_R58_V0_T20;0;20;18;7955;132,5833333;2,209722222;4715;32,66912158;33;45876;53831
4;58;I4_R58_V0_T30;0;30;16;7350;122,5;2,041666667;4470;30,98670947;26;53831;61181
4;58;I4_R58_V1_T3;1;3;6;4092;68,2;1,136666667;3012;20,88927295;10;39337;43429
4;58;I4_R58_V1_T6;1;6;14;5898;98,3;1,638333333;3212;22,24891016;24;43617;49515
4;58;I4_R58_V1_T165;1;165;27;11640;194;3,233333333;6780;47,00157324;43;49515;61155
4;58;I4_R58_V2_T17;2;17;5;4538;75,63333333;1,260555556;3309;22,95950586;7;33438;37976
4;58;I4_R58_V2_T18;2;18;9;7102;118,3666667;1,972777778;4805;33,31864648;12;38525;45627
4;58;I4_R58_V2_T25;2;25;24;9091;151,5166667;2,525277778;4771;33,03406152;37;45795;54886
4;58;I4_R58_V2_T95;2;95;14;5823;97,05;1,6175;3303;22,88514453;25;55234;61057
4;59;I4_R59_V0_T0;0;0;11;7385;123,0833333;2,051388889;5372;37,26281348;16;35903;43288
4;59;I4_R59_V0_T1;0;1;17;8398;139,9666667;2,332777778;5338;37,0079082;32;43361;51759
4;59;I4_R59_V0_T20;0;20;24;9358;155,9666667;2,599444444;5038;34,91661523;40;51759;61117
4;59;I4_R59_V1_T32;1;32;3;4675;77,91666667;1,298611111;4135;28,69932227;6;33211;37886
4;59;I4_R59_V1_T66;1;66;11;6174;102,9;1,715;3976;27,55386816;15;38602;44776
4;59;I4_R59_V1_T81;1;81;17;7407;123,45;2,0575;4347;30,1207876;30;44823;52230
4;59;I4_R59_V1_T126;1;126;20;8967;149,45;2,490833333;5367;37,20508984;30;52230;61197
4;59;I4_R59_V2_T0;2;0;5;4895;81,58333333;1,359722222;3995;27,7252373;8;34050;38945
4;59;I4_R59_V2_T33;2;33;4;3518;58,63333333;0,977222222;2798;19,4198501;8;38963;42481
4;59;I4_R59_V2_T54;2;54;10;5878;97,96666667;1,632777778;4078;28,2802041;17;42660;48538
4;59;I4_R59_V2_T72;2;72;13;6220;103,6666667;1,727777778;3880;26,90256641;23;48538;54758
4;59;I4_R59_V2_T191;2;191;16;6432;107,2;1,786666667;3552;24,59551562;28;54758;61190
4;60;I4_R60_V0_T19;0;19;16;10903;181,7166667;3,028611111;7793;54,06587756;21;33703;44606
4;60;I4_R60_V0_T62;0;62;22;9533;158,8833333;2,648055556;5573;38,61486963;35;44606;54139
4;60;I4_R60_V0_T235;0;235;16;6867;114,45;1,9075;3987;27,63645068;26;54318;61185
4;60;I4_R60_V1_T4;1;4;1;3618;60,3;1,005;3438;23,86870801;1;32400;36018
4;60;I4_R60_V1_T47;1;47;11;6078;101,3;1,688333333;4098;28,42279541;19;40526;46604
4;60;I4_R60_V1_T56;1;56;15;6883;114,7166667;1,911944444;4131;28,63467773;25;46711;53594
4;60;I4_R60_V1_T227;1;227;17;7427;123,7833333;2,063055556;4367;30,26368164;32;53594;61021
4;60;I4_R60_V2_T53;2;53;7;6495;108,25;1,804166667;4205;29,1842666;11;34733;41228
4;60;I4_R60_V2_T137;2;137;16;7160;119,3333333;1,988888889;4280;29,66224219;28;41903;49063
4;60;I4_R60_V2_T151;2;151;15;5910;98,5;1,641666667;3210;22,24588477;26;49175;55085
4;60;I4_R60_V2_T153;2;153;12;6110;101,8333333;1,697222222;3950;27,39239746;20;55086;61196
4;61;I4_R61_V0_T33;0;33;8;7424;123,7333333;2,062222222;5681;39,41295361;10;33069;40493
4;61;I4_R61_V0_T63;0;63;9;5135;85,58333333;1,426388889;3515;24,37664746;14;41122;46257
4;61;I4_R61_V0_T75;0;75;17;7750;129,1666667;2,152777778;4690;32,50727686;27;46257;54007
4;61;I4_R61_V0_T241;0;241;16;7015;116,9166667;1,948611111;4135;28,65793164;25;54007;61022
4;61;I4_R61_V1_T28;1;28;7;6956;115,9333333;1,932222222;4275;29,66443945;12;35294;42250
4;61;I4_R61_V1_T36;1;36;21;9308;155,1333333;2,585555556;5528;38,30115234;36;42556;51864
4;61;I4_R61_V1_T67;1;67;24;9308;155,1333333;2,585555556;4988;34,5586748;36;51864;61172
4;61;I4_R61_V2_T8;2;8;9;5312;88,53333333;1,475555556;3617;25,07574463;16;39190;44502
4;61;I4_R61_V2_T49;2;49;15;6921;115,35;1,9225;4221;29,25956128;26;44958;51879
4;61;I4_R61_V2_T215;2;215;8;4626;77,1;1,285;3065;21,25339502;11;51879;56505
4;61;I4_R61_V2_T235;2;235;8;4688;78,13333333;1,302222222;3248;22,52950781;14;56505;61193
4;62;I4_R62_V0_T2;0;2;6;5684;94,73333333;1,578888889;4604;31,95213501;9;34168;39852
4;62;I4_R62_V0_T6;0;6;10;6135;102,25;1,704166667;4335;30,06359705;16;40993;47128
4;62;I4_R62_V0_T14;0;14;13;7127;118,7833333;1,979722222;4787;33,20435254;24;47168;54295
4;62;I4_R62_V0_T104;0;104;14;6836;113,9333333;1,898888889;4316;29,93045117;25;54295;61131
4;62;I4_R62_V1_T38;1;38;1;3118;51,96666667;0,866111111;2938;20,39069678;2;33287;36405
4;62;I4_R62_V1_T54;1;54;8;6407;106,7833333;1,779722222;4903;34,01995349;12;36736;43143
4;62;I4_R62_V1_T84;1;84;13;6901;115,0166667;1,916944444;4561;31,62517432;20;43165;50066
4;62;I4_R62_V1_T188;1;188;28;10716;178,6;2,976666667;5676;39,32062012;41;50364;61080
4;62;I4_R62_V2_T19;2;19;5;5073;84,55;1,409166667;3717;25,78355371;7;32947;38020
4;62;I4_R62_V2_T36;2;36;3;2789;46,48333333;0,774722222;2249;15,60849805;5;38020;40809
4;62;I4_R62_V2_T80;2;80;13;5882;98,03333333;1,633888889;3542;24,55299805;23;41651;47533
4;62;I4_R62_V2_T99;2;99;15;6567;109,45;1,824166667;3867;26,79125391;26;47533;54100
4;62;I4_R62_V2_T116;2;116;15;6978;116,3;1,938333333;4278;29,64950537;25;54100;61078
4;63;I4_R63_V0_T5;0;5;5;5136;85,6;1,426666667;4236;29,3930918;8;38260;43396
4;63;I4_R63_V0_T63;0;63;15;5784;96,4;1,606666667;3084;21,36629004;28;43445;49229
4;63;I4_R63_V0_T68;0;68;11;5228;87,13333333;1,452222222;3248;22,51184082;22;49229;54457
4;63;I4_R63_V0_T69;0;69;16;6654;110,9;1,848333333;3774;26,14138037;26;54457;61111
4;63;I4_R63_V1_T4;1;4;12;6749;112,4833333;1,874722222;4589;31,81306543;18;38383;45132
4;63;I4_R63_V1_T29;1;29;10;5456;90,93333333;1,515555556;3656;25,36693945;16;45132;50588
4;63;I4_R63_V1_T30;1;30;27;10542;175,7;2,928333333;5682;39,34507324;44;50636;61178
4;63;I4_R63_V2_T30;2;30;5;6036;100,6;1,676666667;5136;35,64796484;7;34297;40333
4;63;I4_R63_V2_T65;2;65;8;5243;87,38333333;1,456388889;3803;26,36682275;16;40891;46134
4;63;I4_R63_V2_T86;2;86;22;8524;142,0666667;2,367777778;4564;31,61727637;39;46189;54713
4;63;I4_R63_V2_T104;2;104;13;6373;106,2166667;1,770277778;4033;27,964271;26;54713;61086
4;64;I4_R64_V0_T0;0;0;7;6135;102,25;1,704166667;4875;33,83076172;11;36299;42434
4;64;I4_R64_V0_T29;0;29;12;5573;92,88333333;1,548055556;3413;23,6544043;20;42434;48007
4;64;I4_R64_V0_T56;0;56;11;4712;78,53333333;1,308888889;2732;18,93087695;21;48007;52719
4;64;I4_R64_V0_T63;0;63;19;8443;140,7166667;2,345277778;5023;34,81104492;33;52719;61162
4;64;I4_R64_V1_T41;1;41;4;4409;73,48333333;1,224722222;3689;25,59848633;6;35740;40149
4;64;I4_R64_V1_T80;1;80;11;6150;102,5;1,708333333;4170;28,90425195;18;40149;46299
4;64;I4_R64_V1_T114;1;114;16;7481;124,6833333;2,078055556;4601;31,9078208;28;46354;53835
4;64;I4_R64_V1_T125;1;125;16;7255;120,9166667;2,015277778;4375;30,32195215;27;53835;61090
4;64;I4_R64_V2_T27;2;27;1;2886;48,1;0,801666667;2706;18,77825879;1;32400;35286
4;64;I4_R64_V2_T45;2;45;7;5147;85,78333333;1,429722222;3887;26,96247107;12;39342;44489
4;64;I4_R64_V2_T83;2;83;16;6535;108,9166667;1,815277778;3655;25,32142383;29;44489;51024
4;64;I4_R64_V2_T122;2;122;27;9771;162,85;2,714166667;4911;33,99230957;42;51359;61130
4;65;I4_R65_V0_T7;0;7;3;3795;63,25;1,054166667;3255;22,59244629;6;37727;41522
4;65;I4_R65_V0_T24;0;24;13;5702;95,03333333;1,583888889;3362;23,29541602;21;41522;47224
4;65;I4_R65_V0_T129;0;129;16;7110;118,5;1,975;4230;29,30694971;29;47292;54402
4;65;I4_R65_V0_T143;0;143;18;6487;108,1166667;1,801944444;3247;22,49194238;27;54569;61056
4;65;I4_R65_V1_T3;1;3;3;2995;49,91666667;0,831944444;2455;17,0331416;4;34851;37846
4;65;I4_R65_V1_T14;1;14;5;3822;63,7;1,061666667;2922;20,26641992;9;37941;41763
4;65;I4_R65_V1_T82;1;82;8;4971;82,85;1,380833333;3531;24,48931934;14;41884;46855
4;65;I4_R65_V1_T133;1;133;20;7850;130,8333333;2,180555556;4250;29,436;33;46925;54775
4;65;I4_R65_V1_T136;1;136;12;6331;105,5166667;1,758611111;4171;28,91599121;21;54775;61106
4;65;I4_R65_V2_T6;2;6;3;5726;95,43333333;1,590555556;5186;35,9984585;4;32552;38278
4;65;I4_R65_V2_T48;2;48;2;1807;30,11666667;0,501944444;1447;10,03983789;4;38278;40085
4;65;I4_R65_V2_T68;2;68;13;7714;128,5666667;2,142777778;5374;37,27742041;24;40841;48555
4;65;I4_R65_V2_T70;2;70;17;7281;121,35;2,0225;4221;29,23339014;30;48555;55836
4;65;I4_R65_V2_T125;2;125;12;5359;89,31666667;1,488611111;3199;22,17362109;20;55836;61195
4;66;I4_R66_V0_T18;0;18;5;6300;105;1,75;5179;35,94590771;6;33405;39705
4;66;I4_R66_V0_T38;0;38;2;3072;51,2;0,853333333;2712;18,82093164;4;39705;42777
4;66;I4_R66_V0_T43;0;43;13;5936;98,93333333;1,648888889;3596;24,91439551;24;42777;48713
4;66;I4_R66_V0_T59;0;59;14;6191;103,1833333;1,719722222;3671;25,44768945;26;48713;54904
4;66;I4_R66_V0_T110;0;110;13;6176;102,9333333;1,715555556;3836;26,58815381;22;54904;61080
4;66;I4_R66_V1_T12;1;12;1;1872;31,2;0,52;1692;11,74971582;2;34121;35993
4;66;I4_R66_V1_T101;1;101;16;8212;136,8666667;2,281111111;4675;32,41252148;27;38694;46906
4;66;I4_R66_V1_T190;1;190;24;8820;147;2,45;4500;31,14434961;43;46906;55726
4;66;I4_R66_V1_T192;1;192;12;5434;90,56666667;1,509444444;3274;22,69691992;20;55726;61160
4;66;I4_R66_V2_T8;2;8;8;4642;77,36666667;1,289444444;3202;22,20773828;13;37823;42465
4;66;I4_R66_V2_T12;2;12;14;6713;111,8833333;1,864722222;4193;29,07250684;27;42465;49178
4;66;I4_R66_V2_T16;2;16;14;6318;105,3;1,755;3798;26,32904834;25;49181;55499
4;66;I4_R66_V2_T36;2;36;13;5664;94,4;1,573333333;3324;23,0385166;23;55499;61163
4;67;I4_R67_V0_T47;0;47;11;7810;130,1666667;2,169444444;5830;40,45000847;16;36572;44382
4;67;I4_R67_V0_T90;0;90;18;8580;143;2,383333333;5340;37,01060352;31;44394;52974
4;67;I4_R67_V0_T203;0;203;18;8095;134,9166667;2,248611111;4855;33,64818701;30;52984;61079
4;67;I4_R67_V1_T26;1;26;5;6542;109,0333333;1,817222222;4115;28,56008887;7;33512;40054
4;67;I4_R67_V1_T43;1;43;9;4572;76,2;1,27;2952;20,46943066;14;40253;44825
4;67;I4_R67_V1_T44;1;44;18;7560;126;2,1;4320;29,92839795;29;44825;52385
4;67;I4_R67_V1_T54;1;54;20;8631;143,85;2,3975;5031;34,86460986;28;52442;61073
4;67;I4_R67_V2_T3;2;3;1;1990;33,16666667;0,552777778;1810;12,55701465;2;36758;38748
4;67;I4_R67_V2_T12;2;12;11;6496;108,2666667;1,804444444;4516;31,3120127;17;39227;45723
4;67;I4_R67_V2_T42;2;42;19;7308;121,8;2,03;3888;26,92173828;27;45989;53297
4;67;I4_R67_V2_T66;2;66;18;7702;128,3666667;2,139444444;4462;30,92587207;32;53297;60999
4;68;I4_R68_V0_T7;0;7;8;4953;82,55;1,375833333;3513;24,36716211;14;35560;40513
4;68;I4_R68_V0_T29;0;29;5;3273;54,55;0,909166667;2373;16,45848242;10;40513;43786
4;68;I4_R68_V0_T46;0;46;17;7798;129,9666667;2,166111111;4738;32,83491309;31;43786;51584
4;68;I4_R68_V0_T59;0;59;22;9034;150,5666667;2,509444444;5074;35,17158984;35;51584;60618
4;68;I4_R68_V1_T3;1;3;2;3644;60,73333333;1,012222222;3284;22,79479639;3;34691;38335
4;68;I4_R68_V1_T159;1;159;11;6199;103,3166667;1,721944444;4106;28,46721484;17;38335;44534
4;68;I4_R68_V1_T183;1;183;21;9240;154;2,566666667;5460;37,85089648;34;44534;53774
4;68;I4_R68_V1_T260;1;260;13;6993;116,55;1,9425;4653;32,26861523;21;53774;60767
4;68;I4_R68_V2_T0;2;0;12;7078;117,9666667;1,966111111;4918;34,10489307;20;36688;43766
4;68;I4_R68_V2_T15;2;15;12;6592;109,8666667;1,831111111;4432;30,73182227;19;43766;50358
4;68;I4_R68_V2_T98;2;98;23;10705;178,4166667;2,973611111;6565;45,49801318;40;50458;61163
4;69;I4_R69_V0_T82;0;82;7;5453;90,88333333;1,514722222;3892;27,01565381;9;37340;42793
4;69;I4_R69_V0_T108;0;108;8;4337;72,28333333;1,204722222;2897;20,09281348;13;42793;47130
4;69;I4_R69_V0_T109;0;109;17;7912;131,8666667;2,197777778;4852;33,63578516;28;47130;55042
4;69;I4_R69_V0_T181;0;181;12;6082;101,3666667;1,689444444;3922;27,19160791;18;55042;61124
4;69;I4_R69_V1_T81;1;81;4;5164;86,06666667;1,434444444;4393;30,48294922;6;34042;39206
4;69;I4_R69_V1_T110;1;110;2;2477;41,28333333;0,688055556;2117;14,69081836;4;39206;41683
4;69;I4_R69_V1_T129;1;129;8;4488;74,8;1,246666667;3048;21,13633691;12;41683;46171
4;69;I4_R69_V1_T134;1;134;24;9208;153,4666667;2,557777778;4888;33,87650488;41;46505;55713
4;69;I4_R69_V1_T218;1;218;12;5407;90,11666667;1,501944444;3247;22,49476514;24;55713;61120
4;69;I4_R69_V2_T10;2;10;1;5006;83,43333333;1,390555556;4826;33,50583179;2;32448;37454
4;69;I4_R69_V2_T25;2;25;7;5288;88,13333333;1,468888889;4028;27,93569336;12;37454;42742
4;69;I4_R69_V2_T56;2;56;12;5004;83,4;1,39;2844;19,70514648;18;43052;48056
4;69;I4_R69_V2_T58;2;58;15;7106;118,4333333;1,973888889;4406;30,55962646;27;48056;55162
4;69;I4_R69_V2_T65;2;65;14;5985;99,75;1,6625;3465;23,99775781;26;55162;61147
4;70;I4_R70_V0_T0;0;0;8;5337;88,95;1,4825;3897;27,03898682;13;39696;45033
4;70;I4_R70_V0_T1;0;1;8;4846;80,76666667;1,346111111;3406;23,62474609;15;45033;49879
4;70;I4_R70_V0_T196;0;196;22;10836;180,6;3,01;6876;47,6712583;38;50123;60959
4;70;I4_R70_V1_T2;1;2;3;3317;55,28333333;0,921388889;2777;19,27562549;6;35101;38418
4;70;I4_R70_V1_T19;1;19;10;5882;98,03333333;1,633888889;4082;28,3015957;15;38438;44320
4;70;I4_R70_V1_T56;1;56;8;4442;74,03333333;1,233888889;3002;20,82148145;14;44628;49070
4;70;I4_R70_V1_T110;1;110;17;6673;111,2166667;1,853611111;3613;25,00903613;28;49070;55743
4;70;I4_R70_V1_T125;1;125;10;5392;89,86666667;1,497777778;3592;24,90829834;17;55743;61135
4;70;I4_R70_V2_T56;2;56;5;6203;103,3833333;1,723055556;4657;32,31731152;8;34199;40402
4;70;I4_R70_V2_T58;2;58;6;3776;62,93333333;1,048888889;2696;18,69544141;11;40601;44377
4;70;I4_R70_V2_T145;2;145;13;6350;105,8333333;1,763888889;4010;27,7938042;24;44377;50727
4;70;I4_R70_V2_T147;2;147;10;4832;80,53333333;1,342222222;3032;21,01773828;20;50727;55559
4;70;I4_R70_V2_T148;2;148;12;5594;93,23333333;1,553888889;3434;23,78924805;22;55559;61153
4;71;I4_R71_V0_T3;0;3;8;7153;119,2166667;1,986944444;5713;39,65728961;14;36484;43637
4;71;I4_R71_V0_T64;0;64;16;7716;128,6;2,143333333;4836;33,50949658;27;43868;51584
4;71;I4_R71_V0_T66;0;66;2;1516;25,26666667;0,421111111;1156;8,026382813;4;51584;53100
4;71;I4_R71_V0_T185;0;185;17;8042;134,0333333;2,233888889;4982;34,53729395;30;53100;61142
4;71;I4_R71_V1_T0;1;0;14;11613;193,55;3,225833333;7438;51,60783215;18;34343;45956
4;71;I4_R71_V1_T14;1;14;21;9369;156,15;2,6025;5589;38,72963098;35;46758;56127
4;71;I4_R71_V1_T31;1;31;9;5028;83,8;1,396666667;3408;23,63771484;17;56127;61155
4;71;I4_R71_V2_T5;2;5;5;4349;72,48333333;1,208055556;3375;23,41849414;8;37254;41603
4;71;I4_R71_V2_T80;2;80;10;4813;80,21666667;1,336944444;3013;20,8860957;19;41708;46521
4;71;I4_R71_V2_T105;2;105;19;8101;135,0166667;2,250277778;4681;32,4408457;31;46521;54622
4;71;I4_R71_V2_T118;2;118;16;6550;109,1666667;1,819444444;3670;25,4220752;27;54622;61172
4;72;I4_R72_V0_T3;0;3;2;2984;49,73333333;0,828888889;2624;18,21220703;4;33965;36949
4;72;I4_R72_V0_T44;0;44;11;6420;107;1,783333333;4256;29,51254956;17;36949;43369
4;72;I4_R72_V0_T103;0;103;10;5307;88,45;1,474166667;3507;24,31861328;19;43629;48936
4;72;I4_R72_V0_T129;0;129;15;6872;114,5333333;1,908888889;4068;28,18916748;28;48966;55838
4;72;I4_R72_V0_T134;0;134;11;5351;89,18333333;1,486388889;3371;23,36718945;21;55838;61189
4;72;I4_R72_V1_T20;1;20;1;2646;44,1;0,735;2466;17,12421094;2;32826;35472
4;72;I4_R72_V1_T21;1;21;7;4786;79,76666667;1,329444444;3526;24,45473437;11;37483;42269
4;72;I4_R72_V1_T32;1;32;11;5707;95,11666667;1,585277778;3727;25,84139941;19;42269;47976
4;72;I4_R72_V1_T44;1;44;22;9086;151,4333333;2,523888889;5126;35,51853809;38;47976;57062
4;72;I4_R72_V1_T104;1;104;7;4131;68,85;1,1475;2871;19,89952344;13;57062;61193
4;72;I4_R72_V2_T2;2;2;2;4220;70,33333333;1,172222222;3860;26,79567383;4;33587;37807
4;72;I4_R72_V2_T22;2;22;5;3232;53,86666667;0,897777778;2332;16,17436816;8;37807;41039
4;72;I4_R72_V2_T55;2;55;4;3264;54,4;0,906666667;2544;17,64565332;8;41099;44363
4;72;I4_R72_V2_T116;2;116;10;5320;88,66666667;1,477777778;3520;24,4157959;19;44363;49683
4;72;I4_R72_V2_T147;2;147;17;7152;119,2;1,986666667;4092;28,34271289;32;49683;56835
4;72;I4_R72_V2_T161;2;161;8;4282;71,36666667;1,189444444;2842;19,70224219;11;56835;61117
4;73;I4_R73_V0_T8;0;8;3;3759;62,65;1,044166667;3219;22,33781836;5;33952;37711
4;73;I4_R73_V0_T9;0;9;6;4189;69,81666667;1,163611111;3109;21,56259375;7;37711;41900
4;73;I4_R73_V0_T41;0;41;12;6777;112,95;1,8825;4617;32,02807031;21;41900;48677
4;73;I4_R73_V0_T70;0;70;11;5944;99,06666667;1,651111111;3964;27,49009473;22;48748;54692
4;73;I4_R73_V0_T85;0;85;15;6500;108,3333333;1,805555556;3800;26,32015527;24;54692;61192
4;73;I4_R73_V1_T11;1;11;3;4652;77,53333333;1,292222222;4112;28,54014331;5;33595;38247
4;73;I4_R73_V1_T51;1;51;2;2546;42,43333333;0,707222222;2186;15,16845313;4;38247;40793
4;73;I4_R73_V1_T119;1;119;10;5316;88,6;1,476666667;3516;24,38787305;18;42640;47956
4;73;I4_R73_V1_T192;1;192;21;7994;133,2333333;2,220555556;4214;29,18758203;38;47956;55950
4;73;I4_R73_V1_T250;1;250;10;5218;86,96666667;1,449444444;3418;23,69055664;16;55950;61168
4;73;I4_R73_V2_T50;2;50;2;3789;63,15;1,0525;3429;23,79775024;4;32744;36533
4;73;I4_R73_V2_T94;2;94;10;7015;116,9166667;1,948611111;4981;34,5576416;17;36615;43630
4;73;I4_R73_V2_T147;2;147;15;6956;115,9333333;1,932222222;4187;29,0098125;26;43687;50643
4;73;I4_R73_V2_T165;2;165;21;10502;175,0333333;2,917222222;6722;46,587995;35;50643;61145
4;74;I4_R74_V0_T13;0;13;7;5851;97,51666667;1,625277778;4591;31,84905518;10;36401;42252
4;74;I4_R74_V0_T54;0;54;10;4521;75,35;1,255833333;2721;18,86054199;19;42704;47225
4;74;I4_R74_V0_T178;0;178;17;7056;117,6;1,96;3996;27,6898501;28;47312;54368
4;74;I4_R74_V0_T257;0;257;14;6586;109,7666667;1,829444444;4066;28,17569287;22;54557;61143
4;74;I4_R74_V1_T11;1;11;2;4724;78,73333333;1,312222222;4364;30,30041406;2;32400;37124
4;74;I4_R74_V1_T12;1;12;4;3851;64,18333333;1,069722222;3131;21,72066211;8;37298;41149
4;74;I4_R74_V1_T25;1;25;13;6068;101,1333333;1,685555556;3728;25,83675195;23;41448;47516
4;74;I4_R74_V1_T68;1;68;24;8444;140,7333333;2,345555556;4124;28,57133691;40;47516;55960
4;74;I4_R74_V1_T118;1;118;13;5233;87,21666667;1,453611111;2893;20,04440234;21;55960;61193
4;74;I4_R74_V2_T33;2;33;10;9872;164,5333333;2,742222222;7462;51,77872412;13;35032;44904
4;74;I4_R74_V2_T141;2;141;12;5385;89,75;1,495833333;3225;22,35353711;22;44904;50289
4;74;I4_R74_V2_T246;2;246;23;10804;180,0666667;3,001111111;6664;46,19793457;39;50316;61120
4;75;I4_R75_V0_T24;0;24;14;8266;137,7666667;2,296111111;5746;39,85452441;22;35345;43611
4;75;I4_R75_V0_T132;0;132;12;6324;105,4;1,756666667;4164;28,87948047;21;44189;50513
4;75;I4_R75_V0_T139;0;139;10;4804;80,06666667;1,334444444;3004;20,82566406;20;50513;55317
4;75;I4_R75_V0_T164;0;164;17;5752;95,86666667;1,597777778;2692;18,6433125;26;55317;61069
4;75;I4_R75_V1_T1;1;1;9;4433;73,88333333;1,231388889;2813;19,50161719;17;42183;46616
4;75;I4_R75_V1_T9;1;9;16;6018;100,3;1,671666667;3138;21,73285352;28;46958;52976
4;75;I4_R75_V1_T79;1;79;17;8190;136,5;2,275;5130;35,56675488;26;52976;61166
4;75;I4_R75_V2_T22;2;22;10;7111;118,5166667;1,975277778;4738;32,86963062;15;35962;43073
4;75;I4_R75_V2_T136;2;136;20;9418;156,9666667;2,616111111;5818;40,31964404;33;43186;52604
4;75;I4_R75_V2_T212;2;212;22;8000;133,3333333;2,222222222;4040;27,97426074;31;53179;61179
4;76;I4_R76_V0_T1;0;1;6;8884;148,0666667;2,467777778;7391;51,30747949;9;33367;42251
4;76;I4_R76_V0_T66;0;66;13;6112;101,8666667;1,697777778;3772;26,13742773;20;42251;48363
4;76;I4_R76_V0_T78;0;78;17;7059;117,65;1,960833333;3999;27,7054707;33;48472;55531
4;76;I4_R76_V0_T172;0;172;11;5368;89,46666667;1,491111111;3388;23,48375195;16;55531;60899
4;76;I4_R76_V1_T15;1;15;10;6458;107,6333333;1,793888889;4658;32,30432031;19;37375;43833
4;76;I4_R76_V1_T40;1;40;12;5982;99,7;1,661666667;3822;26,5020918;18;43833;49815
4;76;I4_R76_V1_T62;1;62;10;4654;77,56666667;1,292777778;2854;19,7853877;18;49815;54469
4;76;I4_R76_V1_T188;1;188;14;6658;110,9666667;1,849444444;4138;28,69844824;23;54469;61127
4;76;I4_R76_V2_T37;2;37;8;7183;119,7166667;1,995277778;5421;37,61720125;14;34013;41196
4;76;I4_R76_V2_T41;2;41;9;5119;85,31666667;1,421944444;3499;24,25393799;14;41196;46315
4;76;I4_R76_V2_T69;2;69;17;6845;114,0833333;1,901388889;3785;26,22945117;29;46315;53160
4;76;I4_R76_V2_T71;2;71;21;8018;133,6333333;2,227222222;4238;29,35448828;33;53160;61178
4;77;I4_R77_V0_T1;0;1;13;9084;151,4;2,523333333;6026;41,79656714;20;38095;47179
4;77;I4_R77_V0_T8;0;8;13;6054;100,9;1,681666667;3714;25,74204346;24;47179;53233
4;77;I4_R77_V0_T37;0;37;19;7746;129,1;2,151666667;4326;29,96417383;32;53361;61107
4;77;I4_R77_V1_T37;1;37;10;5979;99,65;1,660833333;4179;28,9839292;15;37426;43405
4;77;I4_R77_V1_T45;1;45;7;4360;72,66666667;1,211111111;3100;21,49361719;12;43722;48082
4;77;I4_R77_V1_T91;1;91;12;7125;118,75;1,979166667;4965;34,43413428;22;48082;55207
4;77;I4_R77_V1_T245;1;245;10;5965;99,41666667;1,656944444;4165;28,87421436;17;55207;61172
4;77;I4_R77_V2_T3;2;3;11;6892;114,8666667;1,914444444;4739;32,87083984;16;34197;41089
4;77;I4_R77_V2_T4;2;4;9;6041;100,6833333;1,678055556;4421;30,65471637;17;41608;47649
4;77;I4_R77_V2_T98;2;98;17;6692;111,5333333;1,858888889;3632;25,16739258;30;47649;54341
4;77;I4_R77_V2_T219;2;219;14;6478;107,9666667;1,799444444;3958;27,43747803;23;54504;60982
4;78;I4_R78_V0_T28;0;28;6;5678;94,63333333;1,577222222;4598;31,91691357;9;33771;39449
4;78;I4_R78_V0_T56;0;56;10;6396;106,6;1,776666667;4596;31,87546289;14;40291;46687
4;78;I4_R78_V0_T58;0;58;18;7775;129,5833333;2,159722222;4535;31,43101904;31;46709;54484
4;78;I4_R78_V0_T68;0;68;16;6699;111,65;1,860833333;3819;26,46566211;26;54484;61183
4;78;I4_R78_V1_T70;1;70;9;6816;113,6;1,893333333;5196;36,04350342;13;37318;44134
4;78;I4_R78_V1_T83;1;83;22;10122;168,7;2,811666667;6162;42,7109082;35;44193;54315
4;78;I4_R78_V1_T91;1;91;15;6848;114,1333333;1,902222222;4148;28,74242285;26;54315;61163
4;78;I4_R78_V2_T1;2;1;9;6690;111,5;1,858333333;5070;35,17123755;16;35314;42004
4;78;I4_R78_V2_T12;2;12;9;4007;66,78333333;1,113055556;2293;15,88076074;12;42004;46011
4;78;I4_R78_V2_T26;2;26;10;5043;84,05;1,400833333;3243;22,47722559;15;46011;51054
4;78;I4_R78_V2_T27;2;27;13;6968;116,1333333;1,935555556;4628;32,09208716;24;51054;58022
4;78;I4_R78_V2_T67;2;67;3;3103;51,71666667;0,861944444;2563;17,78128711;6;58022;61125
4;79;I4_R79_V0_T0;0;0;6;5538;92,3;1,538333333;4458;30,93502466;9;34702;40240
4;79;I4_R79_V0_T6;0;6;12;6352;105,8666667;1,764444444;4192;29,07136865;20;40851;47203
4;79;I4_R79_V0_T21;0;21;21;8389;139,8166667;2,330277778;4609;31,92015137;40;47263;55652
4;79;I4_R79_V0_T37;0;37;14;5485;91,41666667;1,523611111;2965;20,54406738;24;55652;61137
4;79;I4_R79_V1_T42;1;42;3;4494;74,9;1,248333333;3954;27,44122607;3;32400;36894
4;79;I4_R79_V1_T120;1;120;7;5913;98,55;1,6425;4653;32,2800166;10;36955;42868
4;79;I4_R79_V1_T184;1;184;16;7807;130,1166667;2,168611111;4927;34,14648047;27;42939;50746
4;79;I4_R79_V1_T253;1;253;29;10390;173,1666667;2,886111111;5170;35,78771094;42;50746;61136
4;79;I4_R79_V2_T3;2;3;2;3169;52,81666667;0,880277778;2809;19,49850488;4;34370;37539
4;79;I4_R79_V2_T32;2;32;8;4849;80,81666667;1,346944444;3409;23,64870703;11;37539;42388
4;79;I4_R79_V2_T104;2;104;7;4484;74,73333333;1,245555556;3224;22,35278223;14;42447;46931
4;79;I4_R79_V2_T128;2;128;17;8931;148,85;2,480833333;5871;40,72375073;28;47087;56018
4;79;I4_R79_V2_T293;2;293;9;5091;84,85;1,414166667;3471;24,0549126;16;56018;61109
4;80;I4_R80_V0_T1;0;1;3;4256;70,93333333;1,182222222;3716;25,78937183;4;35662;39918
4;80;I4_R80_V0_T3;0;3;11;7325;122,0833333;2,034722222;5345;37,06965332;21;39947;47272
4;80;I4_R80_V0_T4;0;4;17;7803;130,05;2,1675;4743;32,88787158;33;47279;55082
4;80;I4_R80_V0_T48;0;48;14;6007;100,1166667;1,668611111;3487;24,16034082;22;55082;61089
4;80;I4_R80_V1_T20;1;20;2;3056;50,93333333;0,848888889;2696;18,71080859;3;34558;37614
4;80;I4_R80_V1_T29;1;29;1;1492;24,86666667;0,414444444;1312;9,101326172;2;37614;39106
4;80;I4_R80_V1_T30;1;30;17;7285;121,4166667;2,023611111;4225;29,26650098;26;39792;47077
4;80;I4_R80_V1_T53;1;53;11;5427;90,45;1,5075;3447;23,88703076;20;47330;52757
4;80;I4_R80_V1_T164;1;164;20;8440;140,6666667;2,344444444;4840;33,55570703;31;52757;61197
4;80;I4_R80_V2_T5;2;5;9;8714;145,2333333;2,420555556;7094;49,22658154;15;36538;45252
4;80;I4_R80_V2_T28;2;28;21;7650;127,5;2,125;3870;26,79102734;35;45984;53634
4;80;I4_R80_V2_T229;2;229;21;7449;124,15;2,069166667;3669;25,40484375;32;53634;61083
4;81;I4_R81_V0_T36;0;36;1;3698;61,63333333;1,027222222;3518;24,43052246;2;35958;39656
4;81;I4_R81_V0_T106;0;106;12;6167;102,7833333;1,713055556;4007;27,78149365;19;40073;46240
4;81;I4_R81_V0_T112;0;112;13;5287;88,11666667;1,468611111;2947;20,41552832;24;46302;51589
4;81;I4_R81_V0_T118;0;118;11;5991;99,85;1,664166667;4011;27,81422363;19;51589;57580
4;81;I4_R81_V0_T128;0;128;5;3587;59,78333333;0,996388889;2687;18,63016846;10;57580;61167
4;81;I4_R81_V1_T0;1;0;3;4398;73,3;1,221666667;3858;26,77911157;5;34262;38660
4;81;I4_R81_V1_T19;1;19;9;6271;104,5166667;1,741944444;4651;32,26449365;16;39452;45723
4;81;I4_R81_V1_T20;1;20;19;8003;133,3833333;2,223055556;4583;31,74244458;34;45819;53822
4;81;I4_R81_V1_T150;1;150;17;7241;120,6833333;2,011388889;4181;28,9764209;27;53822;61063
4;81;I4_R81_V2_T20;2;20;4;4523;75,38333333;1,256388889;3803;26,39517383;7;36154;40677
4;81;I4_R81_V2_T23;2;23;15;7933;132,2166667;2,203611111;5160;35,78162744;25;40677;48610
4;81;I4_R81_V2_T40;2;40;13;5392;89,86666667;1,497777778;3052;21,14435742;23;48610;54002
4;81;I4_R81_V2_T127;2;127;16;7089;118,15;1,969166667;4209;29,15726123;27;54107;61196
4;82;I4_R82_V0_T12;0;12;6;5981;99,68333333;1,661388889;4776;33,14417163;9;36147;42128
4;82;I4_R82_V0_T36;0;36;16;7950;132,5;2,208333333;5070;35,13769287;29;42238;50188
4;82;I4_R82_V0_T42;0;42;11;4477;74,61666667;1,243611111;2497;17,29265234;16;50220;54697
4;82;I4_R82_V0_T255;0;255;12;6368;106,1333333;1,768888889;4208;29,17523193;19;54697;61065
4;82;I4_R82_V1_T20;1;20;17;7773;129,55;2,159166667;4713;32,66783496;26;40710;48483
4;82;I4_R82_V1_T54;1;54;15;6641;110,6833333;1,844722222;3941;27,31478125;27;48609;55250
4;82;I4_R82_V1_T188;1;188;11;5935;98,91666667;1,648611111;3955;27,41979248;20;55250;61185
4;82;I4_R82_V2_T52;2;52;4;5903;98,38333333;1,639722222;3881;26,93841309;4;32400;38303
4;82;I4_R82_V2_T95;2;95;10;6258;104,3;1,738333333;4458;30,93032129;16;39113;45371
4;82;I4_R82_V2_T102;2;102;16;9255;154,25;2,570833333;6375;44,21124756;30;45676;54931
4;82;I4_R82_V2_T111;2;111;15;6158;102,6333333;1,710555556;3458;23,96017383;23;54931;61089
4;83;I4_R83_V0_T6;0;6;5;5264;87,73333333;1,462222222;3274;22,71691455;7;34934;40198
4;83;I4_R83_V0_T19;0;19;10;5586;93,1;1,551666667;3786;26,23954297;16;40908;46494
4;83;I4_R83_V0_T38;0;38;8;5241;87,35;1,455833333;3801;26,3617666;15;46494;51735
4;83;I4_R83_V0_T43;0;43;11;5488;91,46666667;1,524444444;3508;24,31067773;20;51735;57223
4;83;I4_R83_V0_T63;0;63;7;3949;65,81666667;1,096944444;2689;18,65303809;11;57223;61172
4;83;I4_R83_V1_T14;1;14;6;5363;89,38333333;1,489722222;4283;29,72514355;9;33118;38481
4;83;I4_R83_V1_T34;1;34;15;8513;141,8833333;2,364722222;5813;40,31924048;23;38708;47221
4;83;I4_R83_V1_T86;1;86;15;6800;113,3333333;1,888888889;4100;28,41368945;28;47221;54021
4;83;I4_R83_V1_T110;1;110;17;7142;119,0333333;1,983888889;4082;28,27514063;32;54021;61163
4;83;I4_R83_V2_T79;2;79;9;7418;123,6333333;2,060555556;5798;40,21942187;12;36077;43495
4;83;I4_R83_V2_T156;2;156;19;8881;148,0166667;2,466944444;5461;37,86678955;33;44677;53558
4;83;I4_R83_V2_T190;2;190;20;7512;125,2;2,086666667;3912;27,11104102;31;53558;61070
4;84;I4_R84_V0_T0;0;0;2;2878;47,96666667;0,799444444;2518;17,47658105;4;36551;39429
4;84;I4_R84_V0_T1;0;1;13;7894;131,5666667;2,192777778;5554;38,52828906;19;39429;47323
4;84;I4_R84_V0_T32;0;32;24;9094;151,5666667;2,526111111;4774;33,06308789;41;47527;56621
4;84;I4_R84_V0_T49;0;49;9;4430;73,83333333;1,230555556;2810;19,47424902;14;56621;61051
4;84;I4_R84_V1_T41;1;41;13;9604;160,0666667;2,667777778;7264;50,40423755;20;36332;45936
4;84;I4_R84_V1_T56;1;56;15;7110;118,5;1,975;4410;30,58384326;26;45936;53046
4;84;I4_R84_V1_T92;1;92;18;8075;134,5833333;2,243055556;4835;33,50060742;30;53068;61143
4;84;I4_R84_V2_T6;2;6;5;3753;62,55;1,0425;2853;19,7954668;9;37612;41365
4;84;I4_R84_V2_T20;2;20;7;4138;68,96666667;1,149444444;2789;19,33818164;13;41365;45503
4;84;I4_R84_V2_T88;2;88;6;3102;51,7;0,861666667;2022;14,00937695;11;45675;48777
4;84;I4_R84_V2_T144;2;144;16;6408;106,8;1,78;3528;24,45050684;28;48777;55185
4;84;I4_R84_V2_T259;2;259;14;5968;99,46666667;1,657777778;3448;23,897125;19;55185;61153
4;85;I4_R85_V0_T0;0;0;4;3957;65,95;1,099166667;3237;22,45483789;7;36962;40919
4;85;I4_R85_V0_T1;0;1;16;8164;136,0666667;2,267777778;5284;36,64094824;24;41062;49226
4;85;I4_R85_V0_T8;0;8;23;8582;143,0333333;2,383888889;4442;30,75259033;36;49226;57808
4;85;I4_R85_V0_T39;0;39;8;3301;55,01666667;0,916944444;1861;12,89653906;14;57808;61109
4;85;I4_R85_V1_T7;1;7;1;2270;37,83333333;0,630555556;2090;14,50739355;2;32970;35240
4;85;I4_R85_V1_T8;1;8;2;4566;76,1;1,268333333;4206;29,19538672;4;36902;41468
4;85;I4_R85_V1_T133;1;133;8;4804;80,06666667;1,334444444;3364;23,31615625;15;41468;46272
4;85;I4_R85_V1_T188;1;188;12;6754;112,5666667;1,876111111;4594;31,86300586;22;46302;53056
4;85;I4_R85_V1_T200;1;200;16;8007;133,45;2,224166667;5127;35,55296289;26;53140;61147
4;85;I4_R85_V2_T12;2;12;7;5721;95,35;1,589166667;4461;30,94516699;8;32990;38711
4;85;I4_R85_V2_T35;2;35;1;2524;42,06666667;0,701111111;2344;16,27351563;2;38711;41235
4;85;I4_R85_V2_T36;2;36;12;6766;112,7666667;1,879444444;4606;31,94995288;19;41239;48005
4;85;I4_R85_V2_T73;2;73;15;7692;128,2;2,136666667;4992;34,60787158;27;48005;55697
4;85;I4_R85_V2_T79;2;79;12;5502;91,7;1,528333333;3342;23,16091602;20;55697;61199
4;86;I4_R86_V0_T6;0;6;4;4532;75,53333333;1,258888889;3812;26,45624585;5;33633;38165
4;86;I4_R86_V0_T17;0;17;5;4694;78,23333333;1,303888889;3794;26,32690137;9;38643;43337
4;86;I4_R86_V0_T27;0;27;9;4519;75,31666667;1,255277778;2899;20,09296484;16;43481;48000
4;86;I4_R86_V0_T36;0;36;10;5388;89,8;1,496666667;3588;24,87699414;18;48000;53388
4;86;I4_R86_V0_T90;0;90;20;7809;130,15;2,169166667;4209;29,15902637;36;53388;61197
4;86;I4_R86_V1_T2;1;2;9;6919;115,3166667;1,921944444;4254;29,50618945;13;36592;43511
4;86;I4_R86_V1_T4;1;4;5;4261;71,01666667;1,183611111;3361;23,32262891;9;44001;48262
4;86;I4_R86_V1_T14;1;14;15;6344;105,7333333;1,762222222;3644;25,23748633;28;48262;54606
4;86;I4_R86_V1_T30;1;30;14;6229;103,8166667;1,730277778;3709;25,71460156;26;54876;61105
4;86;I4_R86_V2_T42;2;42;12;6976;116,2666667;1,937777778;4816;33,39016602;21;37248;44224
4;86;I4_R86_V2_T108;2;108;12;5902;98,36666667;1,639444444;3742;25,94161133;22;44651;50553
4;86;I4_R86_V2_T110;2;110;26;10631;177,1833333;2,953055556;5951;41,24019678;39;50553;61184
4;87;I4_R87_V0_T1;0;1;3;4887;81,45;1,3575;4347;30,17057056;5;34610;39497
4;87;I4_R87_V0_T22;0;22;10;6120;102;1,7;4320;29,9609707;18;39497;45617
4;87;I4_R87_V0_T46;0;46;16;7420;123,6666667;2,061111111;4540;31,4710791;27;46092;53512
4;87;I4_R87_V0_T63;0;63;17;7577;126,2833333;2,104722222;4517;31,31170605;29;53512;61089
4;87;I4_R87_V1_T29;1;29;3;4209;70,15;1,169166667;3669;25,46763379;6;38010;42219
4;87;I4_R87_V1_T35;1;35;12;5530;92,16666667;1,536111111;3370;23,3687832;21;42233;47763
4;87;I4_R87_V1_T84;1;84;15;6496;108,2666667;1,804444444;3796;26,31117969;27;47889;54385
4;87;I4_R87_V1_T206;1;206;14;6665;111,0833333;1,851388889;4145;28,72496582;24;54385;61050
4;87;I4_R87_V2_T46;2;46;1;7765;129,4166667;2,156944444;3018;20,94586353;1;32400;40165
4;87;I4_R87_V2_T90;2;90;4;4255;70,91666667;1,181944444;3535;24,53461572;8;40250;44505
4;87;I4_R87_V2_T108;2;108;18;8762;146,0333333;2,433888889;5522;38,27569629;31;44505;53267
4;87;I4_R87_V2_T112;2;112;18;7770;129,5;2,158333333;4530;31,41078418;28;53267;61037
4;88;I4_R88_V0_T17;0;17;3;5327;88,78333333;1,479722222;4787;33,22936206;3;32400;37727
4;88;I4_R88_V0_T131;0;131;7;5882;98,03333333;1,633888889;4509;31,29158984;11;38111;43993
4;88;I4_R88_V0_T139;0;139;12;5836;97,26666667;1,621111111;3573;24,7531167;20;43993;49829
4;88;I4_R88_V0_T141;0;141;26;10557;175,95;2,9325;5877;40,73078516;40;49829;60386
4;88;I4_R88_V1_T18;1;18;4;4011;66,85;1,114166667;3291;22,84188672;6;34297;38308
4;88;I4_R88_V1_T29;1;29;2;3607;60,11666667;1,001944444;3247;22,53759375;4;38525;42132
4;88;I4_R88_V1_T100;1;100;11;5869;97,81666667;1,630277778;3889;26,9614624;20;42167;48036
4;88;I4_R88_V1_T124;1;124;15;7233;120,55;2,009166667;4533;31,42878174;28;48036;55269
4;88;I4_R88_V1_T202;1;202;11;5874;97,9;1,631666667;3894;26,99592725;20;55269;61143
4;88;I4_R88_V2_T22;2;22;2;2831;47,18333333;0,786388889;2471;17,14460352;3;32936;35767
4;88;I4_R88_V2_T50;2;50;6;4871;81,18333333;1,353055556;3726;25,84451855;9;35767;40638
4;88;I4_R88_V2_T71;2;71;8;4586;76,43333333;1,273888889;3146;21,82047266;14;40638;45224
4;88;I4_R88_V2_T89;2;89;19;8136;135,6;2,26;4716;32,68500684;32;45224;53360
4;88;I4_R88_V2_T177;2;177;19;7720;128,6666667;2,144444444;4300;29,78872852;30;53360;61080
4;89;I4_R89_V0_T18;0;18;6;4426;73,76666667;1,229444444;3346;23,2110332;8;39055;43481
4;89;I4_R89_V0_T38;0;38;11;6116;101,9333333;1,698888889;4136;28,67049561;20;43481;49597
4;89;I4_R89_V0_T39;0;39;10;4667;77,78333333;1,296388889;2867;19,8702832;17;49597;54264
4;89;I4_R89_V0_T166;0;166;16;6744;112,4;1,873333333;3864;26,7859502;28;54335;61079
4;89;I4_R89_V1_T5;1;5;5;8921;148,6833333;2,478055556;6090;42,26826465;5;32400;41321
4;89;I4_R89_V1_T28;1;28;9;5751;95,85;1,5975;4131;28,6470376;14;42198;47949
4;89;I4_R89_V1_T37;1;37;17;6783;113,05;1,884166667;3723;25,7769541;30;48014;54797
4;89;I4_R89_V1_T231;1;231;13;6250;104,1666667;1,736111111;3910;27,09470313;23;54898;61148
4;89;I4_R89_V2_T38;2;38;14;7820;130,3333333;2,172222222;5300;36,73273535;22;37994;45814
4;89;I4_R89_V2_T50;2;50;22;9189;153,15;2,5525;5229;36,23866699;41;45814;55003
4;89;I4_R89_V2_T62;2;62;12;6179;102,9833333;1,716388889;4019;27,87055811;22;55003;61182
4;90;I4_R90_V0_T2;0;2;10;7112;118,5333333;1,975555556;4662;32,33489209;14;35527;42639
4;90;I4_R90_V0_T49;0;49;20;8905;148,4166667;2,473611111;5305;36,77895117;31;42944;51849
4;90;I4_R90_V0_T51;0;51;20;9330;155,5;2,591666667;5730;39,71313965;32;51849;61179
4;90;I4_R90_V1_T37;1;37;6;6192;103,2;1,72;4408;30,58603711;9;35679;41871
4;90;I4_R90_V1_T83;1;83;22;9486;158,1;2,635;5500;38,10644531;36;41877;51363
4;90;I4_R90_V1_T109;1;109;26;9624;160,4;2,673333333;4944;34,22728906;40;51363;60987
4;90;I4_R90_V2_T5;2;5;8;6111;101,85;1,6975;4671;32,41092188;14;37661;43772
4;90;I4_R90_V2_T62;2;62;27;11067;184,45;3,074166667;6207;43,00887842;46;44166;55233
4;90;I4_R90_V2_T246;2;246;14;5938;98,96666667;1,649444444;3418;23,68977734;21;55237;61175
4;91;I4_R91_V0_T4;0;4;1;2308;38,46666667;0,641111111;2128;14,77535352;1;32400;34708
4;91;I4_R91_V0_T27;0;27;8;6190;103,1666667;1,719444444;4750;32,94659473;13;34953;41143
4;91;I4_R91_V0_T93;0;93;11;7001;116,6833333;1,944722222;5021;34,83928174;20;41373;48374
4;91;I4_R91_V0_T130;0;130;14;6303;105,05;1,750833333;3783;26,22278809;25;48379;54682
4;91;I4_R91_V0_T191;0;191;12;6491;108,1833333;1,803055556;4331;30,05195508;21;54682;61173
4;91;I4_R91_V1_T9;1;9;9;7152;119,2;1,986666667;5532;38,38254687;15;35537;42689
4;91;I4_R91_V1_T54;1;54;15;7872;131,2;2,186666667;5172;35,85731445;26;42689;50561
4;91;I4_R91_V1_T56;1;56;23;10434;173,9;2,898333333;6294;43,62507129;38;50561;60995
4;91;I4_R91_V2_T30;2;30;10;6888;114,8;1,913333333;4978;34,54122754;15;36291;43179
4;91;I4_R91_V2_T136;2;136;13;7174;119,5666667;1,992777778;4834;33,50932617;22;43210;50384
4;91;I4_R91_V2_T169;2;169;7;4583;76,38333333;1,273055556;3323;23,05085059;13;50384;54967
4;91;I4_R91_V2_T187;2;187;13;6135;102,25;1,704166667;3795;26,29950146;22;54967;61102
4;92;I4_R92_V0_T28;0;28;12;5814;96,9;1,615;3654;25,32602539;19;39547;45361
4;92;I4_R92_V0_T67;0;67;13;6560;109,3333333;1,822222222;4220;29,25478857;20;45715;52275
4;92;I4_R92_V0_T99;0;99;20;8830;147,1666667;2,452777778;5230;36,23596899;30;52275;61105
4;92;I4_R92_V1_T8;1;8;12;8612;143,5333333;2,392222222;6452;44,75658475;17;37317;45929
4;92;I4_R92_V1_T90;1;90;23;8683;144,7166667;2,411944444;4543;31,48309766;35;45929;54612
4;92;I4_R92_V1_T99;1;99;16;6458;107,6333333;1,793888889;3578;24,80882031;27;54612;61070
4;92;I4_R92_V2_T1;2;1;5;9435;157,25;2,620833333;5030;34,904125;5;32400;41835
4;92;I4_R92_V2_T31;2;31;8;4188;69,8;1,163333333;2748;19,06070508;13;41835;46023
4;92;I4_R92_V2_T38;2;38;13;7024;117,0666667;1,951111111;4684;32,46985645;23;46023;53047
4;92;I4_R92_V2_T78;2;78;16;7487;124,7833333;2,079722222;4607;31,93991748;25;53631;61118
4;93;I4_R93_V0_T4;0;4;1;3945;65,75;1,095833333;2720;18,88048633;1;32400;36345
4;93;I4_R93_V0_T21;0;21;2;3469;57,81666667;0,963611111;3109;21,57624414;4;37465;40934
4;93;I4_R93_V0_T30;0;30;9;5845;97,41666667;1,623611111;4225;29,31364014;14;40934;46779
4;93;I4_R93_V0_T109;0;109;15;7104;118,4;1,973333333;4404;30,52472656;26;46779;53883
4;93;I4_R93_V0_T124;0;124;15;7228;120,4666667;2,007777778;4528;31,37755566;24;53883;61111
4;93;I4_R93_V1_T78;1;78;3;5324;88,73333333;1,478888889;4784;33,21277441;4;33140;38464
4;93;I4_R93_V1_T84;1;84;16;7214;120,2333333;2,003888889;4334;30,03038965;26;38464;45678
4;93;I4_R93_V1_T109;1;109;21;9032;150,5333333;2,508888889;5252;36,39182471;37;45678;54710
4;93;I4_R93_V1_T137;1;137;12;6268;104,4666667;1,741111111;4108;28,49936377;20;54773;61041
4;93;I4_R93_V2_T7;2;7;7;5826;97,1;1,618333333;4566;31,67706641;14;35527;41353
4;93;I4_R93_V2_T18;2;18;7;5113;85,21666667;1,420277778;3853;26,73160742;11;41353;46466
4;93;I4_R93_V2_T22;2;22;21;8726;145,4333333;2,423888889;4946;34,25699609;38;46493;55219
4;93;I4_R93_V2_T166;2;166;15;5866;97,76666667;1,629444444;3166;21,93247266;23;55219;61085
4;94;I4_R94_V0_T9;0;9;6;5610;93,5;1,558333333;4530;31,44469312;9;36722;42332
4;94;I4_R94_V0_T12;0;12;7;5270;87,83333333;1,463888889;4010;27,81902734;12;42332;47602
4;94;I4_R94_V0_T46;0;46;13;6801;113,35;1,889166667;4461;30,93161035;25;47602;54403
4;94;I4_R94_V0_T256;0;256;16;6708;111,8;1,863333333;3828;26,53134766;27;54433;61141
4;94;I4_R94_V1_T125;1;125;7;7866;131,1;2,185;5170;35,87412109;9;35856;43722
4;94;I4_R94_V1_T196;1;196;17;8543;142,3833333;2,373055556;5483;38,00964941;29;43788;52331
4;94;I4_R94_V1_T220;1;220;5;2720;45,33333333;0,755555556;1820;12,61677344;9;52331;55051
4;94;I4_R94_V1_T224;1;224;11;6050;100,8333333;1,680555556;4070;28,23157861;21;55051;61101
4;94;I4_R94_V2_T38;2;38;5;6094;101,5666667;1,692777778;3720;25,81464014;6;35754;41848
4;94;I4_R94_V2_T45;2;45;11;6022;100,3666667;1,672777778;4042;28,0324043;20;41848;47870
4;94;I4_R94_V2_T63;2;63;15;6935;115,5833333;1,926388889;4235;29,35508789;21;47870;54805
4;94;I4_R94_V2_T72;2;72;13;6328;105,4666667;1,757777778;3988;27,64595703;25;54818;61146
4;95;I4_R95_V0_T49;0;49;7;5029;83,81666667;1,396944444;3242;22,49089697;10;38123;43152
4;95;I4_R95_V0_T188;0;188;14;6269;104,4833333;1,741388889;3749;25,97671582;21;43152;49421
4;95;I4_R95_V0_T191;0;191;9;4962;82,7;1,378333333;3342;23,17438379;18;49509;54471
4;95;I4_R95_V0_T272;0;272;13;6672;111,2;1,853333333;4332;30,02725488;23;54471;61143
4;95;I4_R95_V1_T6;1;6;2;3144;52,4;0,873333333;2784;19,32333105;3;32965;36109
4;95;I4_R95_V1_T65;1;65;8;7222;120,3666667;2,006111111;5425;37,64597559;11;36649;43871
4;95;I4_R95_V1_T88;1;88;3;2440;40,66666667;0,677777778;1900;13,17863672;5;43871;46311
4;95;I4_R95_V1_T95;1;95;15;7234;120,5666667;2,009444444;4534;31,43230957;26;46311;53545
4;95;I4_R95_V1_T96;1;96;17;7646;127,4333333;2,123888889;4586;31,80141309;27;53545;61191
4;95;I4_R95_V2_T7;2;7;6;5174;86,23333333;1,437222222;4094;28,40902637;9;34000;39174
4;95;I4_R95_V2_T27;2;27;2;2171;36,18333333;0,603055556;1811;12,56849805;4;39174;41345
4;95;I4_R95_V2_T33;2;33;14;6740;112,3333333;1,872222222;4220;29,2589082;24;42169;48909
4;95;I4_R95_V2_T46;2;46;18;6907;115,1166667;1,918611111;3667;25,39638281;33;48909;55816
4;95;I4_R95_V2_T157;2;157;11;5310;88,5;1,475;3330;23,09083984;20;55816;61126
4;96;I4_R96_V0_T8;0;8;10;6883;114,7166667;1,911944444;5083;35,26430078;16;40096;46979
4;96;I4_R96_V0_T9;0;9;17;6809;113,4833333;1,891388889;3749;25,96339063;29;46979;53788
4;96;I4_R96_V0_T135;0;135;18;7214;120,2333333;2,003888889;3974;27,5277959;35;53788;61002
4;96;I4_R96_V1_T17;1;17;5;4027;67,11666667;1,118611111;3127;21,69236133;8;35244;39271
4;96;I4_R96_V1_T20;1;20;8;6355;105,9166667;1,765277778;4796;33,27612036;13;39271;45626
4;96;I4_R96_V1_T77;1;77;11;5623;93,71666667;1,561944444;3342;23,17054297;17;45626;51249
4;96;I4_R96_V1_T84;1;84;22;9887;164,7833333;2,746388889;5927;41,08462451;34;51249;61136
4;96;I4_R96_V2_T13;2;13;8;6879;114,65;1,910833333;5412;37,54599451;13;37943;44822
4;96;I4_R96_V2_T32;2;32;10;5095;84,91666667;1,415277778;3295;22,85274512;16;45587;50682
4;96;I4_R96_V2_T36;2;36;23;10490;174,8333333;2,913888889;6350;44,01122607;39;50682;61172
4;97;I4_R97_V0_T77;0;77;7;6526;108,7666667;1,812777778;5266;36,54957178;11;36838;43364
4;97;I4_R97_V0_T79;0;79;9;4059;67,65;1,1275;2439;16,90880371;15;43453;47512
4;97;I4_R97_V0_T113;0;113;19;7601;126,6833333;2,111388889;4181;28,95949609;34;47565;55166
4;97;I4_R97_V0_T138;0;138;15;6021;100,35;1,6725;3321;22,99914844;27;55166;61187
4;97;I4_R97_V1_T21;1;21;4;5456;90,93333333;1,515555556;4736;32,87265723;8;36353;41809
4;97;I4_R97_V1_T33;1;33;13;6205;103,4166667;1,723611111;3865;26,78566602;23;41809;48014
4;97;I4_R97_V1_T42;1;42;14;5827;97,11666667;1,618611111;3307;22,91413477;23;48014;53841
4;97;I4_R97_V1_T47;1;47;16;7344;122,4;2,04;4464;30,94869971;28;53841;61185
4;97;I4_R97_V2_T2;2;2;3;4244;70,73333333;1,178888889;3704;25,71040625;5;33743;37987
4;97;I4_R97_V2_T22;2;22;10;7436;123,9333333;2,065555556;5001;34,68439087;14;37987;45423
4;97;I4_R97_V2_T70;2;70;19;8872;147,8666667;2,464444444;5433;37,64711768;29;45423;54295
4;97;I4_R97_V2_T80;2;80;14;6771;112,85;1,880833333;4251;29,46250488;25;54319;61090
4;98;I4_R98_V0_T36;0;36;10;6342;105,7;1,761666667;4422;30,67391431;15;38955;45297
4;98;I4_R98_V0_T57;0;57;16;7731;128,85;2,1475;4766;33,04662769;24;45297;53028
4;98;I4_R98_V0_T173;0;173;18;8034;133,9;2,231666667;4794;33,23550586;28;53028;61062
4;98;I4_R98_V1_T16;1;16;14;7073;117,8833333;1,964722222;4553;31,54829883;23;39104;46177
4;98;I4_R98_V1_T29;1;29;23;8752;145,8666667;2,431111111;4612;31,94888281;39;46177;54929
4;98;I4_R98_V1_T57;1;57;14;6214;103,5666667;1,726111111;3694;25,59201953;22;54964;61178
4;98;I4_R98_V2_T40;2;40;6;5903;98,38333333;1,639722222;4406;30,58338379;11;35285;41188
4;98;I4_R98_V2_T72;2;72;11;5832;97,2;1,62;3585;24,85925977;16;41188;47020
4;98;I4_R98_V2_T81;2;81;16;6500;108,3333333;1,805555556;3620;25,06107129;27;47454;53954
4;98;I4_R98_V2_T106;2;106;15;6771;112,85;1,880833333;4071;28,22491699;29;53954;60725
4;99;I4_R99_V0_T33;0;33;1;7050;117,5;1,958333333;4172;28,97014453;1;32400;39450
4;99;I4_R99_V0_T35;0;35;13;7098;118,3;1,971666667;4758;32,98885449;23;39450;46548
4;99;I4_R99_V0_T45;0;45;17;8013;133,55;2,225833333;4953;34,32985352;30;46578;54591
4;99;I4_R99_V0_T105;0;105;15;6489;108,15;1,8025;3789;26,26149609;24;54591;61080
4;99;I4_R99_V1_T62;1;62;12;7654;127,5666667;2,126111111;5494;38,10333643;19;36894;44548
4;99;I4_R99_V1_T71;1;71;23;9526;158,7666667;2,646111111;5386;37,32592578;38;44728;54254
4;99;I4_R99_V1_T79;1;79;13;6838;113,9666667;1,899444444;4498;31,18144824;23;54254;61092
4;99;I4_R99_V2_T73;2;73;5;6015;100,25;1,670833333;5115;35,4932207;8;32954;38969
4;99;I4_R99_V2_T82;2;82;7;5037;83,95;1,399166667;3777;26,20440088;14;39075;44112
4;99;I4_R99_V2_T108;2;108;23;10102;168,3666667;2,806111111;5962;41,32309668;39;44112;54214
4;99;I4_R99_V2_T135;2;135;19;6862;114,3666667;1,906111111;3442;23,84983008;32;54214;61076
