replica,arrivals
0,32400
0,31606
0,31648
0,31780
0,32103
0,32123
0,32939
0,32961
0,33315
0,33427
0,33457
0,33837
0,33881
0,34064
0,34076
0,34421
0,34542
0,35189
0,35520
0,35800
0,36839
0,36847
0,36924
0,37176
0,37352
0,37411
0,37452
0,37624
0,37734
0,37839
0,38567
0,39132
0,39225
0,39590
0,39701
0,39782
0,39783
0,39840
0,39869
0,39912
0,39943
0,40000
0,40039
0,40198
0,40213
0,40247
0,40376
0,40458
0,40524
0,40554
0,40643
0,40702
0,40854
0,40908
0,41180
0,41191
0,41199
0,41229
0,41250
0,41325
0,41342
0,41389
0,41565
0,41924
0,41949
0,41989
0,42024
0,42056
0,42136
0,42285
0,42487
0,42629
0,42725
0,42733
0,42749
0,42763
0,42776
0,42951
0,43104
0,43162
0,43217
0,43267
0,43271
0,43295
0,43448
0,43550
0,43639
0,43673
0,43681
0,43729
0,43973
0,43977
0,44023
0,44026
0,44034
0,44048
0,44190
0,44260
0,44389
0,44529
0,44556
0,44612
0,44677
0,44763
0,44861
0,44890
0,44909
0,44983
0,45081
0,45096
0,45167
0,45430
0,45457
0,45611
0,45670
0,45695
0,45731
0,45768
0,45773
0,45837
0,45905
0,45938
0,46011
0,46014
0,46123
0,46161
0,46231
0,46332
0,46555
0,46575
0,46595
0,46614
0,46843
0,47111
0,47123
0,47288
0,47307
0,47938
0,48038
0,48179
0,48223
0,48303
0,48447
0,48591
0,48609
0,48782
0,49035
0,49066
0,49179
0,49200
0,49320
0,49446
0,49545
0,49577
0,49747
0,49815
0,49856
0,49864
0,49984
0,50056
0,50293
0,50408
0,50464
0,50731
0,50737
0,50787
0,50791
0,51016
0,51252
0,51502
0,51875
0,51908
0,52088
0,52278
0,52418
0,52424
0,52771
0,52817
0,53005
0,53575
0,53586
0,53723
0,53835
0,53941
0,54015
0,54050
0,54281
0,54296
0,54332
0,54582
0,54611
0,54635
0,54905
1,32400
1,31501
1,31844
1,32401
1,32543
1,32621
1,32685
1,32727
1,32899
1,33004
1,33132
1,33187
1,33658
1,33818
1,33855
1,34040
1,34081
1,34082
1,34441
1,34767
1,34847
1,35145
1,35280
1,35524
1,35644
1,35876
1,36639
1,36669
1,36820
1,37260
1,37393
1,37436
1,37577
1,37707
1,37709
1,37954
1,38126
1,38156
1,38210
1,38656
1,38802
1,38826
1,38926
1,39130
1,39145
1,39249
1,39434
1,39511
1,39852
1,39866
1,40039
1,40254
1,40283
1,40328
1,40354
1,40439
1,40531
1,40556
1,40766
1,40907
1,40940
1,41101
1,41122
1,41252
1,41323
1,41396
1,41436
1,41467
1,41486
1,41595
1,41598
1,41617
1,42256
1,42264
1,42344
1,42391
1,42479
1,42746
1,42797
1,42832
1,42842
1,42978
1,42997
1,43086
1,43151
1,43154
1,43269
1,43275
1,43367
1,43383
1,43404
1,43452
1,43456
1,43580
1,43611
1,43639
1,43834
1,44062
1,44276
1,44278
1,44313
1,44324
1,44407
1,44423
1,44467
1,44672
1,44834
1,44999
1,45159
1,45181
1,45182
1,45264
1,45324
1,45393
1,45408
1,45419
1,45523
1,45542
1,45555
1,45655
1,45739
1,45811
1,45859
1,45907
1,45989
1,46101
1,46305
1,46379
1,46596
1,46677
1,46979
1,47173
1,47198
1,47226
1,47357
1,47467
1,47530
1,47544
1,47623
1,48221
1,48327
1,48631
1,48662
1,48778
1,48922
1,48989
1,49114
1,49156
1,49364
1,49501
1,49557
1,49798
1,49814
1,49821
1,49907
1,49924
1,50015
1,50193
1,50241
1,50681
1,50739
1,50804
1,50836
1,50973
1,51153
1,51255
1,51314
1,51464
1,51538
1,51567
1,51589
1,52047
1,52077
1,52165
1,52194
1,52403
1,52675
1,52886
1,53305
1,53397
1,53652
1,53696
1,53840
1,54032
1,54093
1,54149
1,54407
1,54486
1,54744
2,32400
2,31514
2,31612
2,31618
2,31640
2,31703
2,32137
2,32239
2,32272
2,32477
2,32542
2,32754
2,32844
2,32862
2,33014
2,33157
2,33342
2,33347
2,33379
2,33532
2,33647
2,33998
2,34227
2,34398
2,34749
2,34754
2,34792
2,35136
2,35294
2,35297
2,35354
2,35519
2,35523
2,35598
2,35631
2,35723
2,35768
2,36222
2,36411
2,36661
2,36702
2,36748
2,36861
2,36954
2,37054
2,37233
2,37311
2,37627
2,38092
2,38109
2,38363
2,38747
2,38985
2,39006
2,39172
2,39230
2,39282
2,39284
2,39402
2,39556
2,39598
2,39665
2,39692
2,39732
2,39815
2,39890
2,39998
2,40078
2,40178
2,40227
2,40280
2,40402
2,40455
2,40621
2,40630
2,40739
2,40787
2,40882
2,41261
2,41327
2,41482
2,41512
2,41552
2,41634
2,41647
2,41660
2,41751
2,41996
2,42058
2,42065
2,42204
2,42333
2,42511
2,42620
2,42665
2,42673
2,42705
2,42706
2,42755
2,42812
2,42820
2,42846
2,42968
2,43219
2,43749
2,43776
2,43833
2,43941
2,44055
2,44140
2,44149
2,44158
2,44209
2,44231
2,44386
2,44558
2,44571
2,44630
2,44633
2,44850
2,44957
2,45003
2,45055
2,45148
2,45280
2,45321
2,45339
2,45369
2,45413
2,45437
2,45450
2,45600
2,45615
2,45633
2,45662
2,45669
2,45732
2,45924
2,45968
2,46085
2,46120
2,46132
2,46327
2,46428
2,46552
2,46553
2,46636
2,46932
2,46949
2,47321
2,47529
2,47869
2,47987
2,48146
2,48287
2,48315
2,48645
2,48770
2,48909
2,49033
2,49331
2,49425
2,49705
2,49765
2,50091
2,50108
2,50134
2,50239
2,50268
2,50373
2,50705
2,50718
2,50795
2,51046
2,51099
2,51145
2,51228
2,51266
2,51296
2,51491
2,51503
2,51505
2,51617
2,51636
2,51769
2,51870
2,51924
2,52026
2,52173
2,52301
2,52401
2,52419
2,52582
2,52665
2,52687
2,52770
2,52791
2,52935
2,52968
2,53031
2,53121
2,53427
2,53561
2,53687
2,53724
2,53748
2,53783
2,53811
2,53817
2,53964
2,54177
2,54236
2,54319
2,54329
3,32400
3,31807
3,31954
3,32124
3,32555
3,32595
3,32617
3,32881
3,33132
3,33391
3,33506
3,33719
3,33950
3,34333
3,34360
3,34571
3,34622
3,34673
3,35029
3,35279
3,35401
3,35472
3,35852
3,35948
3,36126
3,36309
3,36341
3,36416
3,36493
3,36622
3,37033
3,37264
3,37466
3,37604
3,37734
3,37872
3,38016
3,38218
3,38369
3,38415
3,38819
3,38848
3,39109
3,39215
3,39249
3,39309
3,39311
3,39491
3,39620
3,39649
3,39657
3,39666
3,39713
3,39762
3,39837
3,40177
3,40209
3,40454
3,40456
3,40536
3,40537
3,40633
3,40647
3,40835
3,40835
3,40910
3,41004
3,41033
3,41086
3,41129
3,41276
3,41457
3,41476
3,41552
3,41859
3,41971
3,42013
3,42183
3,42287
3,42385
3,42407
3,42428
3,42452
3,42485
3,42616
3,42621
3,42670
3,42820
3,42958
3,42982
3,43058
3,43098
3,43261
3,43291
3,43443
3,43472
3,43526
3,43679
3,43837
3,43885
3,43900
3,43937
3,43978
3,44011
3,44018
3,44082
3,44087
3,44098
3,44221
3,44336
3,44338
3,44382
3,44482
3,44609
3,44694
3,44707
3,44749
3,44950
3,44959
3,45011
3,45075
3,45234
3,45282
3,45465
3,45483
3,45505
3,45537
3,45558
3,45638
3,45832
3,45851
3,45962
3,45971
3,45992
3,46166
3,46242
3,46266
3,46304
3,46385
3,46453
3,46455
3,46466
3,46563
3,46677
3,46679
3,46773
3,46967
3,47022
3,47406
3,47421
3,47433
3,47527
3,47568
3,47834
3,47856
3,48085
3,48085
3,48100
3,48241
3,48454
3,48577
3,48626
3,48721
3,48916
3,48950
3,48976
3,49006
3,49028
3,49056
3,49194
3,49214
3,49240
3,49260
3,49309
3,49446
3,49470
3,49567
3,50029
3,50041
3,50208
3,50474
3,50571
3,50625
3,50657
3,51029
3,51132
3,51350
3,51407
3,51675
3,51718
3,52218
3,52300
3,52461
3,52563
3,52594
3,52745
3,52765
3,53073
3,53170
3,53172
3,53201
3,53250
3,53390
3,53417
3,53697
3,53745
3,54013
3,54306
3,55025
3,55197
4,32400
4,31563
4,31606
4,31629
4,31868
4,31908
4,32660
4,32900
4,32909
4,33032
4,33100
4,33177
4,33280
4,33898
4,34090
4,34247
4,34959
4,35113
4,35220
4,35321
4,35370
4,35668
4,36033
4,36169
4,36587
4,36806
4,36878
4,36977
4,37118
4,37136
4,37149
4,37166
4,37512
4,37723
4,37864
4,37930
4,38069
4,38638
4,38638
4,38707
4,38761
4,38845
4,39343
4,39419
4,39586
4,39618
4,39661
4,39719
4,39743
4,39844
4,40009
4,40101
4,40109
4,40122
4,40125
4,40201
4,40354
4,40354
4,40393
4,40477
4,40522
4,40526
4,40540
4,40693
4,40704
4,40770
4,40902
4,40907
4,40913
4,40947
4,41033
4,41098
4,41105
4,41209
4,41263
4,41332
4,41337
4,41389
4,41399
4,41478
4,41535
4,41540
4,41556
4,41563
4,41691
4,41873
4,42109
4,42160
4,42201
4,42225
4,42265
4,42304
4,42337
4,42434
4,42512
4,42765
4,42861
4,42892
4,42970
4,43141
4,43394
4,43499
4,43523
4,43755
4,43790
4,43834
4,43865
4,43872
4,43973
4,44038
4,44050
4,44130
4,44172
4,44221
4,44307
4,44450
4,44457
4,44490
4,44749
4,44902
4,44954
4,44969
4,44991
4,45003
4,45180
4,45256
4,45388
4,45431
4,45463
4,45536
4,45545
4,45569
4,45807
4,45827
4,46141
4,46188
4,46264
4,46279
4,46312
4,46451
4,46471
4,46479
4,46495
4,46714
4,47061
4,47131
4,47260
4,47454
4,47712
4,47817
4,48066
4,48222
4,48272
4,48345
4,48376
4,48476
4,48670
4,48932
4,49292
4,49430
4,49666
4,49713
4,49848
4,50283
4,50329
4,50452
4,50642
4,50663
4,50862
4,51040
4,51128
4,51239
4,51258
4,51279
4,51294
4,51504
4,51541
4,51727
4,51769
4,51949
4,52163
4,52182
4,52334
4,52392
4,52509
4,52515
4,52530
4,52627
4,52655
4,52656
4,52858
4,53075
4,53175
4,53256
4,53350
4,53403
4,53619
4,53732
4,53902
4,53992
4,54189
4,54260
4,54449
4,55044
4,55178
4,55195
5,32400
5,31582
5,31583
5,31920
5,31942
5,31959
5,32031
5,32137
5,32476
5,32579
5,32704
5,32801
5,33148
5,33565
5,34290
5,34391
5,34576
5,34577
5,34688
5,35121
5,35163
5,35182
5,36005
5,36018
5,36152
5,36667
5,36854
5,37113
5,37258
5,37779
5,38003
5,38126
5,38314
5,38812
5,39083
5,39218
5,39279
5,39350
5,39421
5,39442
5,39459
5,39478
5,39595
5,39612
5,39653
5,39731
5,39893
5,39899
5,40130
5,40191
5,40250
5,40379
5,40473
5,40547
5,40674
5,40862
5,40865
5,41238
5,41278
5,41472
5,41591
5,41628
5,41666
5,41674
5,41749
5,41973
5,42024
5,42028
5,42091
5,42134
5,42171
5,42205
5,42222
5,42299
5,42362
5,42418
5,42433
5,42803
5,42861
5,42881
5,42934
5,43037
5,43120
5,43172
5,43231
5,43235
5,43248
5,43368
5,43482
5,43542
5,43598
5,43772
5,43859
5,43861
5,43948
5,43960
5,43974
5,44174
5,44210
5,44485
5,44496
5,44540
5,44547
5,44560
5,44835
5,44882
5,44891
5,44918
5,44982
5,45026
5,45060
5,45069
5,45071
5,45159
5,45165
5,45210
5,45300
5,45469
5,45470
5,45557
5,45586
5,45606
5,45640
5,45666
5,45722
5,45750
5,45866
5,45867
5,45909
5,45974
5,46060
5,46147
5,46368
5,46380
5,46404
5,46415
5,46443
5,46457
5,46518
5,46541
5,46570
5,46622
5,47183
5,47467
5,47474
5,47589
5,47618
5,47632
5,48118
5,48272
5,48470
5,48659
5,48822
5,49080
5,49083
5,49100
5,49121
5,49219
5,49271
5,49661
5,49736
5,50085
5,50254
5,50473
5,50547
5,50731
5,50795
5,50803
5,50828
5,50847
5,50902
5,50918
5,51015
5,51097
5,51209
5,51366
5,51411
5,51593
5,51790
5,52102
5,52141
5,52243
5,52339
5,52416
5,52435
5,52660
5,52823
5,52989
5,53010
5,53178
5,53228
5,53310
5,53316
5,53481
5,53505
5,53593
5,53807
5,54126
5,54218
5,54620
5,54962
5,55031
6,32400
6,32207
6,32277
6,32608
6,33328
6,33583
6,34343
6,34468
6,34792
6,35067
6,35088
6,35293
6,35573
6,35585
6,35703
6,35985
6,36552
6,36583
6,36792
6,36797
6,36813
6,36894
6,37213
6,37304
6,37319
6,37325
6,37507
6,37569
6,37690
6,37753
6,37828
6,38062
6,38213
6,38351
6,38447
6,38485
6,39053
6,39372
6,39450
6,39548
6,39647
6,39665
6,39705
6,39754
6,39765
6,39838
6,39841
6,39891
6,39915
6,40030
6,40141
6,40186
6,40187
6,40217
6,40315
6,40501
6,40660
6,40666
6,40684
6,40698
6,40800
6,40896
6,40956
6,41150
6,41194
6,41254
6,41263
6,41380
6,41385
6,41391
6,41438
6,41446
6,41524
6,41563
6,41841
6,41850
6,41889
6,41946
6,41970
6,42125
6,42275
6,42310
6,42475
6,42692
6,42708
6,42821
6,42968
6,43005
6,43054
6,43227
6,43365
6,43617
6,43634
6,43688
6,43893
6,43906
6,43978
6,44075
6,44134
6,44256
6,44352
6,44415
6,44481
6,44528
6,44603
6,44639
6,44761
6,44849
6,44894
6,44925
6,44965
6,45028
6,45154
6,45225
6,45247
6,45468
6,45538
6,45734
6,45786
6,45787
6,45826
6,45966
6,46058
6,46066
6,46165
6,46248
6,46256
6,46266
6,46283
6,46313
6,46504
6,46594
6,46613
6,46643
6,46675
6,46963
6,47002
6,47195
6,47270
6,47509
6,47580
6,47682
6,47903
6,48143
6,48158
6,48202
6,48262
6,48302
6,48388
6,48534
6,48552
6,48577
6,48623
6,48632
6,48741
6,48747
6,48902
6,48990
6,49043
6,49251
6,49346
6,49596
6,49624
6,49637
6,49979
6,50019
6,50194
6,50215
6,50368
6,50454
6,50882
6,50948
6,51099
6,51172
6,51308
6,51770
6,51907
6,51942
6,51945
6,52016
6,52184
6,52217
6,52264
6,52280
6,52526
6,52633
6,52664
6,52798
6,52832
6,53099
6,53314
6,53434
6,53899
6,53982
6,54006
6,54038
6,54229
6,54295
6,54333
6,54547
6,54660
6,54699
6,54732
7,32400
7,31908
7,32202
7,32492
7,32756
7,32925
7,33126
7,33931
7,33990
7,34217
7,34360
7,34362
7,34415
7,34705
7,34746
7,34973
7,35097
7,35262
7,35367
7,35382
7,36455
7,36604
7,37100
7,37839
7,37876
7,37883
7,37991
7,38023
7,38037
7,38078
7,38262
7,38416
7,38661
7,38678
7,39173
7,39465
7,39468
7,39570
7,39576
7,39618
7,39668
7,39744
7,39853
7,39880
7,39935
7,39975
7,39989
7,40106
7,40218
7,40304
7,40509
7,40532
7,41137
7,41140
7,41151
7,41162
7,41179
7,41410
7,41446
7,41523
7,41548
7,41597
7,41611
7,41622
7,41690
7,41695
7,41800
7,41801
7,41923
7,41968
7,41999
7,42195
7,42211
7,42306
7,42351
7,42433
7,42436
7,42463
7,42465
7,42576
7,42676
7,42718
7,42793
7,43255
7,43287
7,43315
7,43357
7,43414
7,43433
7,43449
7,43454
7,43456
7,43498
7,43538
7,43565
7,43592
7,43706
7,43714
7,43726
7,43822
7,43838
7,43844
7,43914
7,43915
7,43984
7,44178
7,44222
7,44487
7,44500
7,44588
7,44610
7,44610
7,44668
7,44677
7,44720
7,44739
7,44930
7,45348
7,45451
7,45524
7,45669
7,45769
7,45777
7,45876
7,45919
7,45919
7,45963
7,46033
7,46058
7,46062
7,46068
7,46143
7,46210
7,46302
7,46410
7,46443
7,46539
7,46614
7,46639
7,46641
7,46648
7,46666
7,46711
7,46769
7,46823
7,46859
7,46867
7,46872
7,46925
7,46935
7,46945
7,47004
7,47087
7,47197
7,47200
7,47213
7,47246
7,47395
7,47694
7,48274
7,48304
7,48370
7,48517
7,48582
7,48801
7,48804
7,48827
7,49021
7,49090
7,49344
7,49682
7,49695
7,49913
7,49961
7,49965
7,50322
7,50399
7,50997
7,51214
7,51344
7,51348
7,51359
7,51440
7,51463
7,51688
7,51720
7,51800
7,51940
7,52167
7,52353
7,52426
7,52491
7,52536
7,53213
7,53308
7,53389
7,53462
7,53486
7,53496
7,53511
7,53563
7,53603
7,53737
7,53786
7,53944
7,54022
7,54849
7,55197
8,32400
8,32065
8,32084
8,32126
8,32521
8,32528
8,32761
8,33213
8,33395
8,33710
8,33941
8,34121
8,34189
8,34447
8,34686
8,34762
8,34990
8,35123
8,35230
8,35649
8,35680
8,35812
8,36732
8,36800
8,36948
8,37134
8,37363
8,37391
8,37866
8,38610
8,38864
8,38880
8,39151
8,39241
8,39299
8,39315
8,39317
8,39416
8,39481
8,39527
8,39603
8,39635
8,39707
8,39778
8,39811
8,39880
8,40000
8,40025
8,40142
8,40212
8,40251
8,40290
8,40418
8,40545
8,40719
8,40778
8,40835
8,40852
8,40872
8,40884
8,40893
8,41060
8,41103
8,41179
8,41272
8,41374
8,41401
8,41419
8,41431
8,41455
8,41486
8,41571
8,41630
8,41805
8,41826
8,41958
8,42265
8,42282
8,42361
8,42381
8,42401
8,42552
8,42647
8,42737
8,42786
8,43000
8,43030
8,43217
8,43285
8,43317
8,43361
8,43399
8,43822
8,43890
8,43904
8,44067
8,44075
8,44100
8,44108
8,44148
8,44223
8,44261
8,44310
8,44356
8,44404
8,44469
8,44489
8,44576
8,44672
8,44772
8,44789
8,44831
8,44937
8,44962
8,44966
8,45002
8,45193
8,45225
8,45239
8,45271
8,45324
8,45439
8,45489
8,45505
8,45577
8,45678
8,45793
8,45909
8,46047
8,46129
8,46274
8,46380
8,46431
8,46447
8,46524
8,46544
8,46595
8,46694
8,46729
8,46785
8,46850
8,46890
8,47087
8,47311
8,47452
8,47521
8,47648
8,47662
8,47686
8,47812
8,48117
8,48407
8,48543
8,48784
8,48805
8,49005
8,49109
8,49177
8,49212
8,49349
8,49459
8,49484
8,49596
8,49643
8,49667
8,49804
8,49882
8,49982
8,50095
8,50135
8,50136
8,50224
8,50255
8,50260
8,50265
8,50289
8,50552
8,50704
8,50787
8,50829
8,50850
8,50872
8,50894
8,50895
8,51069
8,51069
8,51150
8,51417
8,51495
8,51874
8,51991
8,52067
8,52123
8,52137
8,52168
8,52291
8,52336
8,52351
8,52371
8,52531
8,52553
8,52575
8,52611
8,52723
8,52834
8,53066
8,53113
8,53173
8,53176
8,53246
8,53411
8,53643
8,53696
8,53898
8,54056
8,54295
8,54404
8,54902
9,32400
9,32102
9,32820
9,33047
9,33266
9,33340
9,33374
9,33676
9,33775
9,33851
9,33965
9,33984
9,34241
9,34622
9,35050
9,35347
9,35443
9,35479
9,35562
9,35629
9,35671
9,35692
9,35723
9,36508
9,36534
9,36657
9,36733
9,37165
9,37209
9,37362
9,37439
9,37628
9,37870
9,37923
9,38009
9,38091
9,38128
9,38991
9,39228
9,39235
9,39281
9,39481
9,39579
9,39717
9,39895
9,39903
9,40094
9,40171
9,40218
9,40489
9,40631
9,40714
9,40785
9,40813
9,40936
9,41058
9,41059
9,41068
9,41105
9,41458
9,41464
9,41501
9,41551
9,41768
9,41839
9,41975
9,42002
9,42253
9,42403
9,42411
9,42454
9,42489
9,42492
9,42566
9,42588
9,42727
9,42836
9,42858
9,42875
9,42923
9,43033
9,43049
9,43197
9,43244
9,43273
9,43361
9,43371
9,43392
9,43904
9,44084
9,44225
9,44257
9,44326
9,44408
9,44410
9,44430
9,44538
9,44549
9,44549
9,44667
9,44799
9,44834
9,44866
9,44970
9,45000
9,45008
9,45220
9,45311
9,45401
9,45477
9,45562
9,45691
9,45809
9,45911
9,45969
9,45974
9,45979
9,46092
9,46161
9,46237
9,46267
9,46283
9,46428
9,46448
9,46585
9,46712
9,46735
9,46749
9,46832
9,46869
9,46900
9,46903
9,47112
9,47206
9,47297
9,48060
9,48119
9,48188
9,48210
9,48535
9,48888
9,49217
9,49250
9,49300
9,49306
9,49375
9,49485
9,49513
9,49613
9,49899
9,50103
9,50239
9,50308
9,50575
9,50851
9,50977
9,51190
9,51240
9,51544
9,51610
9,51636
9,52035
9,52147
9,52281
9,52569
9,52627
9,52913
9,53068
9,53235
9,53268
9,53328
9,53370
9,53389
9,53467
9,53581
9,53782
9,53840
9,53846
9,54076
9,54086
9,54146
9,54149
9,54201
9,55062
10,32400
10,31508
10,31527
10,32998
10,33438
10,33473
10,33671
10,33797
10,33846
10,34438
10,34469
10,34509
10,34552
10,34623
10,34943
10,35214
10,35295
10,35329
10,35340
10,35442
10,36063
10,36282
10,36572
10,36592
10,37093
10,37479
10,37518
10,37607
10,37831
10,38083
10,38419
10,38575
10,39247
10,39286
10,39501
10,39607
10,39665
10,39696
10,39725
10,39746
10,39752
10,39752
10,39858
10,40097
10,40233
10,40258
10,40549
10,40576
10,40874
10,40987
10,41143
10,41278
10,41305
10,41314
10,41404
10,41575
10,41655
10,41706
10,41740
10,41782
10,41893
10,41899
10,42095
10,42163
10,42208
10,42319
10,42357
10,42441
10,42464
10,42569
10,42592
10,42616
10,42651
10,42671
10,42736
10,42747
10,42775
10,42890
10,42942
10,43011
10,43082
10,43144
10,43170
10,43182
10,43224
10,43224
10,43314
10,43537
10,43613
10,43653
10,43747
10,43778
10,43936
10,43995
10,44008
10,44169
10,44176
10,44214
10,44344
10,44356
10,44435
10,44486
10,44494
10,44680
10,44742
10,44797
10,44825
10,44848
10,44902
10,45051
10,45051
10,45146
10,45206
10,45366
10,45379
10,45385
10,45522
10,45709
10,45905
10,45987
10,45993
10,46079
10,46082
10,46085
10,46208
10,46213
10,46568
10,46664
10,46987
10,47017
10,47040
10,47087
10,47281
10,47328
10,47332
10,47441
10,47461
10,47852
10,47888
10,47938
10,48170
10,48184
10,48270
10,48272
10,48359
10,48432
10,48615
10,48631
10,48694
10,48732
10,49271
10,49508
10,49732
10,49954
10,50019
10,50122
10,50127
10,50132
10,50202
10,50392
10,50619
10,50630
10,51068
10,51143
10,51291
10,51318
10,51422
10,51899
10,51961
10,51994
10,52088
10,52100
10,52289
10,52383
10,52604
10,52617
10,53126
10,53132
10,53161
10,53219
10,53245
10,53566
10,53741
10,53871
10,54079
10,54350
10,54402
10,55121
11,32400
11,31560
11,31562
11,32245
11,32662
11,32719
11,32827
11,33283
11,33622
11,33703
11,33909
11,33913
11,34151
11,34175
11,35014
11,35149
11,35361
11,35455
11,36100
11,36103
11,36205
11,36377
11,36547
11,36709
11,36829
11,36896
11,37269
11,37543
11,37665
11,37959
11,37973
11,38076
11,38106
11,38211
11,38449
11,38734
11,39330
11,39415
11,39433
11,39545
11,39546
11,39678
11,39787
11,39791
11,39889
11,39910
11,39972
11,39977
11,40015
11,40209
11,40262
11,40315
11,40420
11,40421
11,40483
11,40778
11,40898
11,40953
11,41035
11,41180
11,41202
11,41590
11,41786
11,41951
11,42011
11,42019
11,42022
11,42076
11,42268
11,42317
11,42324
11,42340
11,42409
11,42423
11,42511
11,42593
11,42841
11,42890
11,42893
11,43075
11,43091
11,43194
11,43198
11,43273
11,43278
11,43318
11,43420
11,43472
11,43507
11,43536
11,43700
11,43728
11,43736
11,43764
11,43973
11,44149
11,44179
11,44398
11,44413
11,44460
11,44488
11,44530
11,44575
11,44583
11,44620
11,44700
11,44874
11,45023
11,45366
11,45703
11,45710
11,45776
11,45788
11,45826
11,45853
11,45966
11,45970
11,46216
11,46245
11,46374
11,46448
11,46474
11,46541
11,46559
11,46619
11,46627
11,46798
11,47143
11,47151
11,47196
11,47237
11,47351
11,47418
11,47435
11,47585
11,47745
11,47911
11,47996
11,48377
11,48448
11,48576
11,48632
11,48715
11,48726
11,48780
11,48796
11,48930
11,49069
11,49108
11,49128
11,49244
11,49278
11,49436
11,49750
11,49817
11,49880
11,49930
11,50055
11,50191
11,50273
11,50392
11,50431
11,50459
11,50500
11,50560
11,50700
11,50731
11,50798
11,50810
11,50818
11,50860
11,51018
11,51170
11,51347
11,51350
11,51489
11,51591
11,51807
11,51954
11,51977
11,52307
11,52467
11,52532
11,52558
11,53214
11,53253
11,53265
11,53300
11,53326
11,53352
11,53377
11,53447
11,53448
11,53553
11,53571
11,53985
11,54255
11,54399
11,54416
11,54541
11,54627
11,54715
11,54843
11,54864
11,54868
12,32400
12,31543
12,31569
12,31709
12,32008
12,32413
12,32457
12,32601
12,32908
12,32916
12,32981
12,33326
12,33606
12,33609
12,33617
12,33641
12,33893
12,33899
12,34039
12,34198
12,34296
12,34456
12,34481
12,34598
12,34898
12,35044
12,35333
12,35473
12,35539
12,35583
12,35731
12,35979
12,36005
12,36361
12,36733
12,36990
12,37160
12,37450
12,37617
12,37851
12,38076
12,38732
12,38835
12,38877
12,39019
12,39079
12,39177
12,39243
12,39320
12,39341
12,39524
12,39664
12,39690
12,39729
12,39911
12,39927
12,39949
12,39981
12,40019
12,40048
12,40066
12,40090
12,40182
12,40201
12,40318
12,40696
12,40914
12,40959
12,41071
12,41087
12,41117
12,41124
12,41133
12,41134
12,41203
12,41268
12,41446
12,41537
12,41551
12,41662
12,41735
12,41883
12,42018
12,42167
12,42186
12,42319
12,42382
12,42483
12,42525
12,42530
12,42626
12,42628
12,42753
12,42815
12,42964
12,43000
12,43008
12,43072
12,43096
12,43118
12,43143
12,43208
12,43318
12,43333
12,43338
12,43493
12,43532
12,43553
12,43919
12,43932
12,44028
12,44252
12,44295
12,44593
12,44665
12,44797
12,44890
12,44896
12,45188
12,45332
12,45356
12,45446
12,45532
12,45738
12,45768
12,45895
12,45968
12,46026
12,46052
12,46108
12,46126
12,46159
12,46259
12,46297
12,46313
12,46664
12,46736
12,46881
12,47165
12,47268
12,47350
12,47567
12,47698
12,47958
12,48249
12,48258
12,48300
12,48411
12,48424
12,48622
12,48728
12,48760
12,48834
12,48861
12,48900
12,48923
12,49276
12,49422
12,49483
12,49526
12,49915
12,49951
12,50092
12,50116
12,50311
12,50378
12,50393
12,50417
12,50514
12,50536
12,50591
12,50699
12,50905
12,51392
12,51702
12,51901
12,51941
12,51974
12,51992
12,51995
12,52112
12,52226
12,52240
12,52536
12,52602
12,52772
12,52992
12,53077
12,53246
12,53342
12,53350
12,53422
12,53512
12,53661
12,53753
12,54049
12,54090
12,54156
12,54185
12,54217
12,54429
12,54621
13,32400
13,31600
13,31619
13,31805
13,32619
13,32783
13,32822
13,33032
13,33209
13,33711
13,34242
13,34328
13,34360
13,34658
13,34722
13,34833
13,34960
13,35023
13,35204
13,35575
13,35580
13,35610
13,35705
13,35898
13,35970
13,36075
13,36156
13,36194
13,36263
13,36275
13,36672
13,36961
13,37192
13,37692
13,38683
13,39126
13,39772
13,39779
13,39797
13,39822
13,39911
13,39921
13,40047
13,40062
13,40190
13,40283
13,40477
13,40536
13,40662
13,40850
13,40907
13,40935
13,41003
13,41103
13,41122
13,41378
13,41426
13,41432
13,41491
13,41510
13,41589
13,41743
13,41811
13,41838
13,41850
13,42147
13,42168
13,42383
13,42453
13,42530
13,42674
13,42718
13,42928
13,43029
13,43043
13,43072
13,43073
13,43091
13,43168
13,43371
13,43386
13,43399
13,43424
13,43464
13,43544
13,43584
13,43607
13,43620
13,43648
13,43673
13,43762
13,44183
13,44209
13,44300
13,44394
13,44425
13,44626
13,44753
13,44798
13,44855
13,44918
13,45067
13,45199
13,45229
13,45350
13,45366
13,45426
13,45515
13,45683
13,45954
13,45977
13,46189
13,46610
13,46623
13,46686
13,46966
13,46982
13,47033
13,47071
13,47076
13,47217
13,47230
13,47292
13,47311
13,47338
13,47351
13,47436
13,47908
13,48050
13,48101
13,48139
13,48266
13,48308
13,48454
13,48622
13,48632
13,48724
13,49037
13,49125
13,49240
13,49353
13,49520
13,49667
13,49739
13,49744
13,49859
13,49966
13,50000
13,50013
13,50053
13,50141
13,50457
13,50647
13,50775
13,51144
13,51204
13,51333
13,51502
13,51584
13,51634
13,51749
13,51912
13,51920
13,51983
13,52024
13,52069
13,52244
13,52335
13,52405
13,52441
13,52447
13,52687
13,52921
13,52987
13,53182
13,53307
13,53531
13,53861
13,53904
13,53943
13,54287
13,54456
13,54854
13,54943
14,32400
14,31532
14,31666
14,32020
14,32024
14,32200
14,32389
14,32470
14,32489
14,32706
14,32719
14,33038
14,33086
14,33352
14,33467
14,33974
14,34190
14,34335
14,34462
14,34795
14,35041
14,35178
14,35186
14,35301
14,35387
14,35440
14,35464
14,35495
14,35650
14,35852
14,35880
14,35941
14,35990
14,36702
14,37327
14,37384
14,38312
14,38595
14,39240
14,39317
14,39479
14,39538
14,39553
14,39639
14,39797
14,39797
14,39950
14,40002
14,40081
14,40087
14,40474
14,40489
14,40580
14,40586
14,40740
14,40788
14,40976
14,41093
14,41245
14,41331
14,41413
14,41439
14,41447
14,41516
14,41656
14,41784
14,41845
14,41883
14,41942
14,42095
14,42415
14,42420
14,42590
14,42752
14,42790
14,42798
14,42857
14,42917
14,42920
14,42935
14,43409
14,43470
14,43583
14,43637
14,43649
14,43792
14,43811
14,43971
14,44021
14,44086
14,44105
14,44144
14,44187
14,44207
14,44504
14,44531
14,44573
14,44584
14,44609
14,44626
14,44908
14,44950
14,45071
14,45159
14,45208
14,45378
14,45529
14,45568
14,45569
14,45689
14,45750
14,45758
14,45806
14,45900
14,45990
14,46003
14,46061
14,46095
14,46238
14,46327
14,46345
14,46433
14,46523
14,46713
14,46735
14,46790
14,47035
14,47083
14,47383
14,47423
14,47425
14,47539
14,47561
14,47803
14,48664
14,48671
14,48723
14,48959
14,49062
14,49136
14,49199
14,49245
14,49466
14,49694
14,49898
14,50042
14,50121
14,50140
14,50143
14,50186
14,50255
14,50285
14,50559
14,50559
14,50568
14,50658
14,50862
14,51407
14,51647
14,51729
14,52183
14,52213
14,52230
14,52293
14,52303
14,52725
14,52796
14,52856
14,53060
14,53299
14,53672
14,53871
14,54148
14,54188
14,54455
14,54564
15,32400
15,31547
15,31671
15,31819
15,31965
15,32055
15,32384
15,32410
15,32452
15,32494
15,32694
15,32696
15,32764
15,32932
15,33272
15,33373
15,33454
15,33941
15,33943
15,34067
15,34073
15,34179
15,34210
15,34441
15,34802
15,35354
15,35483
15,35542
15,35843
15,35937
15,35988
15,36217
15,36230
15,36286
15,36407
15,36480
15,36919
15,36970
15,37301
15,37386
15,37583
15,37756
15,37771
15,38085
15,38198
15,38236
15,38289
15,38295
15,38300
15,38305
15,38392
15,38477
15,38513
15,38534
15,38589
15,38710
15,38777
15,38800
15,38863
15,39141
15,39145
15,39225
15,39323
15,39404
15,39569
15,39579
15,39618
15,39636
15,39728
15,39822
15,40109
15,40119
15,40249
15,40257
15,40434
15,40538
15,40624
15,40650
15,40675
15,40690
15,40754
15,40956
15,41123
15,41352
15,41368
15,41525
15,41648
15,41671
15,41697
15,41713
15,41868
15,41888
15,42004
15,42032
15,42070
15,42101
15,42132
15,42215
15,42247
15,42288
15,42369
15,42416
15,42435
15,42483
15,42586
15,42622
15,42685
15,42702
15,42844
15,42978
15,43146
15,43226
15,43262
15,43323
15,43362
15,43505
15,43529
15,43581
15,43668
15,43878
15,43940
15,43942
15,43969
15,43975
15,44001
15,44055
15,44170
15,44253
15,44261
15,44275
15,44377
15,44459
15,44547
15,44830
15,44921
15,44971
15,45136
15,45156
15,45212
15,45222
15,45253
15,45281
15,45541
15,45638
15,45679
15,45703
15,45720
15,45914
15,46007
15,46015
15,46017
15,46036
15,46079
15,46143
15,46165
15,46196
15,46197
15,46239
15,46377
15,46563
15,46696
15,46735
15,47358
15,47451
15,47519
15,47814
15,47859
15,47862
15,48046
15,48048
15,48249
15,48434
15,48553
15,48800
15,48910
15,49134
15,49162
15,49191
15,49235
15,49857
15,50055
15,50133
15,50242
15,50260
15,50463
15,50503
15,50865
15,50879
15,50922
15,51295
15,51307
15,51386
15,51520
15,51679
15,51791
15,51827
15,51853
15,51893
15,51909
15,52074
15,52153
15,52186
15,52333
15,52363
15,52374
15,52445
15,52609
15,52768
15,52796
15,52802
15,52803
15,52855
15,52949
15,53270
15,53274
15,53290
15,53362
15,53645
15,53776
15,53794
15,53797
15,53919
15,54759
15,55194
16,32400
16,31501
16,32102
16,32734
16,33001
16,33230
16,33782
16,34065
16,34137
16,34191
16,34792
16,34804
16,35186
16,35335
16,35729
16,36134
16,36173
16,36387
16,36844
16,36855
16,37177
16,37529
16,37642
16,37773
16,37860
16,38401
16,38443
16,38523
16,38930
16,38951
16,39175
16,39194
16,39297
16,39405
16,39440
16,39498
16,39531
16,39602
16,39799
16,40058
16,40123
16,40327
16,40461
16,40537
16,40560
16,40619
16,40677
16,40958
16,41037
16,41074
16,41077
16,41102
16,41109
16,41136
16,41264
16,41329
16,41393
16,41521
16,41531
16,41767
16,41804
16,41820
16,41843
16,41898
16,42058
16,42091
16,42159
16,42391
16,42567
16,42799
16,43075
16,43081
16,43119
16,43270
16,43483
16,43494
16,43502
16,43541
16,43588
16,43653
16,43654
16,43662
16,43748
16,43761
16,43763
16,43915
16,43965
16,44136
16,44146
16,44199
16,44307
16,44307
16,44342
16,44346
16,44486
16,44491
16,44514
16,44963
16,45023
16,45127
16,45191
16,45216
16,45227
16,45313
16,45355
16,45577
16,45593
16,45642
16,45759
16,45772
16,45849
16,45948
16,46363
16,46413
16,46460
16,46561
16,46747
16,46748
16,46873
16,47251
16,47550
16,47673
16,47951
16,48227
16,48321
16,48366
16,48371
16,48521
16,48566
16,48608
16,48668
16,48770
16,49057
16,49173
16,49283
16,49564
16,49682
16,49807
16,49834
16,50037
16,50153
16,50314
16,50400
16,50401
16,50432
16,50563
16,50578
16,50595
16,50689
16,50907
16,51138
16,51320
16,51339
16,51485
16,51503
16,51635
16,52240
16,52279
16,52510
16,52746
16,53029
16,53292
16,53368
16,53490
16,53491
16,53597
16,53616
16,54174
16,54344
16,54365
16,54499
16,54766
17,32400
17,31720
17,31792
17,32266
17,32523
17,32630
17,33012
17,33030
17,33130
17,33363
17,33538
17,33740
17,33776
17,33941
17,34345
17,34399
17,34710
17,34727
17,35138
17,35276
17,35492
17,35555
17,35603
17,35830
17,35940
17,36000
17,36063
17,36188
17,36371
17,36709
17,36894
17,36907
17,37094
17,37272
17,37570
17,37941
17,38006
17,38185
17,38543
17,38952
17,39020
17,39070
17,39232
17,39281
17,39312
17,39366
17,39437
17,39463
17,39531
17,39579
17,39628
17,39635
17,39648
17,39737
17,39778
17,39869
17,39914
17,40069
17,40135
17,40170
17,40252
17,40306
17,40374
17,40389
17,40571
17,40814
17,40843
17,40888
17,40991
17,41000
17,41040
17,41043
17,41057
17,41103
17,41116
17,41385
17,41571
17,41604
17,41608
17,41644
17,41800
17,41959
17,42045
17,42048
17,42106
17,42119
17,42299
17,42348
17,42359
17,42376
17,42557
17,42747
17,42818
17,42819
17,42968
17,43007
17,43023
17,43146
17,43288
17,43405
17,43427
17,43443
17,43451
17,43473
17,43564
17,43644
17,43647
17,43653
17,43679
17,43697
17,43737
17,43826
17,43833
17,43843
17,43929
17,44013
17,44030
17,44036
17,44049
17,44078
17,44115
17,44204
17,44229
17,44370
17,44444
17,44446
17,44636
17,44697
17,44708
17,44758
17,44897
17,44929
17,45449
17,45495
17,45551
17,45855
17,46141
17,46256
17,46265
17,46342
17,46434
17,46488
17,46587
17,47029
17,47198
17,47233
17,47445
17,47462
17,47494
17,47762
17,47789
17,47924
17,48019
17,48053
17,48249
17,48302
17,48433
17,48500
17,48527
17,48545
17,48604
17,48787
17,48838
17,48867
17,48931
17,49097
17,49295
17,49473
17,49501
17,49592
17,49971
17,49974
17,50516
17,51073
17,51109
17,51169
17,51221
17,51284
17,51403
17,51410
17,51589
17,51764
17,51776
17,52047
17,52408
17,52497
17,52627
17,53021
17,53054
17,53107
17,53156
17,53169
17,53368
17,53398
17,53547
17,53781
17,53818
17,53855
17,54042
17,54115
17,55086
18,32400
18,31589
18,31827
18,31997
18,31999
18,32178
18,32669
18,32756
18,32882
18,33278
18,33352
18,33680
18,33953
18,33992
18,34023
18,34096
18,34430
18,34743
18,34882
18,34898
18,34977
18,35010
18,35016
18,35037
18,35173
18,35565
18,36112
18,36201
18,36466
18,36516
18,36562
18,36621
18,36716
18,37151
18,37311
18,37313
18,37674
18,37723
18,38010
18,38071
18,38368
18,38832
18,38929
18,39054
18,39262
18,39286
18,39319
18,39347
18,39486
18,39488
18,39506
18,39670
18,39798
18,39904
18,39919
18,39986
18,39993
18,40066
18,40075
18,40191
18,40289
18,40342
18,40374
18,40382
18,40391
18,40411
18,40715
18,40987
18,41252
18,41310
18,41328
18,41421
18,41541
18,41608
18,41652
18,41745
18,41812
18,41984
18,42007
18,42046
18,42067
18,42240
18,42279
18,42310
18,42531
18,42888
18,42910
18,42967
18,43036
18,43162
18,43169
18,43244
18,43275
18,43354
18,43439
18,43534
18,43666
18,43675
18,43769
18,43774
18,43841
18,43873
18,43907
18,44008
18,44051
18,44193
18,44397
18,44424
18,44559
18,44589
18,44617
18,44620
18,44624
18,44735
18,44766
18,44792
18,44955
18,45023
18,45044
18,45128
18,45570
18,45971
18,46215
18,46291
18,46303
18,46332
18,46353
18,46379
18,46581
18,46603
18,46608
18,46684
18,46923
18,46931
18,47072
18,47360
18,47529
18,47618
18,47620
18,47786
18,47867
18,48129
18,48143
18,48298
18,48654
18,48714
18,48744
18,48841
18,49045
18,49272
18,49676
18,49880
18,49886
18,49953
18,50444
18,50517
18,50589
18,50671
18,50870
18,51089
18,51100
18,51227
18,51259
18,51654
18,51834
18,51843
18,51847
18,51972
18,52066
18,52171
18,52451
18,52474
18,52691
18,52792
18,52804
18,52850
18,52998
18,53223
18,53238
18,53400
18,53423
18,53504
18,53553
18,53708
18,53735
18,53737
18,54636
18,54675
18,54769
18,54954
18,54980
18,55054
18,55222
19,32400
19,31524
19,31892
19,32007
19,32085
19,32097
19,32517
19,32574
19,32837
19,32900
19,33339
19,33339
19,33492
19,33519
19,33740
19,34126
19,34364
19,34382
19,34455
19,34520
19,34810
19,35182
19,35448
19,35504
19,35531
19,35638
19,35753
19,35826
19,35826
19,35968
19,36190
19,37054
19,37057
19,37240
19,37311
19,37531
19,37611
19,37619
19,37853
19,38103
19,38105
19,38313
19,38350
19,38400
19,38406
19,38563
19,38660
19,38697
19,38783
19,39229
19,39380
19,39476
19,39551
19,39552
19,39590
19,39604
19,39618
19,39746
19,39747
19,39814
19,39837
19,40043
19,40071
19,40182
19,40211
19,40298
19,40306
19,40321
19,40471
19,40549
19,40644
19,40650
19,40868
19,40906
19,41016
19,41051
19,41122
19,41151
19,41186
19,41210
19,41365
19,41643
19,41660
19,41668
19,41686
19,41697
19,41706
19,41758
19,41801
19,41810
19,42011
19,42154
19,42193
19,42250
19,42295
19,42445
19,42501
19,42719
19,42795
19,42892
19,42983
19,42998
19,43016
19,43536
19,43564
19,43599
19,43723
19,43762
19,44294
19,44321
19,44366
19,44469
19,44721
19,44763
19,44766
19,44775
19,44827
19,44844
19,44846
19,44861
19,45150
19,45175
19,45182
19,45190
19,45286
19,45343
19,45363
19,45533
19,45535
19,45538
19,45632
19,45634
19,45708
19,45824
19,45920
19,45937
19,46088
19,46363
19,46431
19,46455
19,46538
19,46723
19,47024
19,47144
19,47400
19,47568
19,47569
19,47767
19,47915
19,47997
19,48179
19,48180
19,48208
19,48477
19,48668
19,48718
19,49089
19,49460
19,49470
19,49825
19,49934
19,49954
19,50029
19,50062
19,50206
19,50244
19,50308
19,50528
19,50575
19,50866
19,50966
19,51055
19,51168
19,51413
19,51642
19,51953
19,51988
19,52131
19,52297
19,52413
19,52429
19,52465
19,52573
19,52581
19,52593
19,52728
19,53065
19,53378
19,53382
19,53398
19,53435
19,53677
19,53692
19,53749
19,53846
19,53966
19,53979
19,54040
19,54162
19,54232
19,54287
19,54421
19,54811
19,55041
19,55160
20,32400
20,31786
20,31915
20,32379
20,32789
20,33518
20,33924
20,33948
20,34148
20,34174
20,34557
20,35106
20,35328
20,35402
20,35523
20,35570
20,36091
20,36220
20,36348
20,36383
20,36415
20,36599
20,36615
20,36633
20,36860
20,37157
20,37398
20,37534
20,37589
20,37590
20,37663
20,37828
20,38138
20,38154
20,38202
20,38411
20,38520
20,39038
20,39114
20,39131
20,39367
20,39378
20,39567
20,39584
20,39597
20,39789
20,39906
20,40038
20,40040
20,40357
20,40415
20,40510
20,40544
20,40574
20,40675
20,40728
20,40840
20,40964
20,40995
20,41035
20,41071
20,41121
20,41226
20,41383
20,41385
20,41392
20,41425
20,41498
20,41502
20,41503
20,41698
20,41703
20,41823
20,41989
20,42113
20,42176
20,42221
20,42270
20,42373
20,42533
20,42569
20,42590
20,42710
20,42749
20,42803
20,42818
20,42870
20,42970
20,43040
20,43145
20,43155
20,43171
20,43449
20,43716
20,43725
20,43915
20,43930
20,44263
20,44274
20,44275
20,44329
20,44485
20,44493
20,44531
20,44613
20,44663
20,44668
20,44676
20,44705
20,44718
20,44726
20,44742
20,44908
20,44909
20,44944
20,45031
20,45072
20,45109
20,45127
20,45145
20,45206
20,45236
20,45671
20,45769
20,45787
20,45835
20,45878
20,45906
20,46014
20,46202
20,46269
20,46330
20,46442
20,46578
20,46580
20,46617
20,46632
20,46722
20,46762
20,46881
20,47041
20,47114
20,47154
20,47281
20,47377
20,47620
20,48148
20,48366
20,48396
20,48437
20,48473
20,48620
20,48758
20,48991
20,49015
20,49164
20,49205
20,49219
20,49285
20,49336
20,49446
20,49526
20,49527
20,49614
20,49651
20,50106
20,50193
20,50267
20,50359
20,50432
20,50451
20,50636
20,50733
20,50925
20,50974
20,51082
20,51138
20,51174
20,51280
20,51337
20,51864
20,52034
20,52248
20,52286
20,52355
20,52528
20,52644
20,52647
20,52815
20,53029
20,53064
20,53076
20,53107
20,53198
20,53419
20,53432
20,53554
20,53576
20,53583
20,53628
20,53652
20,53748
20,53862
20,54030
20,54106
20,54270
20,54618
20,54766
20,54833
20,54996
20,55115
21,32400
21,31580
21,31748
21,31771
21,31920
21,32474
21,32492
21,32566
21,32620
21,32738
21,33112
21,33184
21,33303
21,33342
21,33644
21,33797
21,34153
21,34632
21,34717
21,34783
21,34899
21,34919
21,35050
21,35351
21,35544
21,35618
21,35640
21,35990
21,36121
21,36122
21,36215
21,36457
21,36818
21,36986
21,37298
21,37305
21,37485
21,37504
21,37602
21,37698
21,38273
21,38445
21,38512
21,38833
21,39253
21,39258
21,39350
21,39365
21,39476
21,39578
21,39604
21,39649
21,39720
21,39772
21,39854
21,40010
21,40010
21,40027
21,40031
21,40081
21,40111
21,40219
21,40326
21,40439
21,40445
21,40463
21,40504
21,40647
21,40841
21,40863
21,40933
21,40989
21,41234
21,41242
21,41272
21,41283
21,41318
21,41325
21,41435
21,41522
21,41620
21,41645
21,41720
21,41738
21,41809
21,41908
21,41955
21,42061
21,42083
21,42134
21,42343
21,42389
21,42439
21,42511
21,42524
21,42538
21,42732
21,42833
21,42867
21,42909
21,43003
21,43060
21,43324
21,43348
21,43385
21,43406
21,43468
21,43583
21,43594
21,43716
21,43730
21,43783
21,43820
21,43876
21,43920
21,43932
21,44053
21,44074
21,44139
21,44229
21,44288
21,44497
21,44516
21,44566
21,44594
21,44688
21,44734
21,45023
21,45069
21,45165
21,45340
21,45367
21,45543
21,45612
21,45709
21,45797
21,45878
21,45881
21,45949
21,46016
21,46165
21,46253
21,46296
21,46367
21,46372
21,46391
21,46456
21,46518
21,46631
21,46646
21,46728
21,46796
21,46821
21,47063
21,47365
21,47420
21,47682
21,47790
21,47990
21,48421
21,48523
21,48838
21,48925
21,48956
21,49280
21,49468
21,49552
21,49950
21,49983
21,50202
21,50206
21,50207
21,50240
21,50289
21,50407
21,50485
21,50571
21,50587
21,50663
21,50944
21,51171
21,51208
21,51345
21,51546
21,51740
21,51797
21,51830
21,51851
21,51968
21,52154
21,52317
21,52623
21,52729
21,52814
21,52967
21,52984
21,53051
21,53113
21,53189
21,53272
21,53483
21,53500
21,53502
21,53933
21,54186
21,54278
21,54350
21,54483
21,54514
21,54722
21,54727
21,54817
21,55172
22,32400
22,31664
22,31843
22,31983
22,32206
22,32352
22,32478
22,32605
22,32791
22,32852
22,33344
22,33646
22,33769
22,33959
22,33975
22,34066
22,34227
22,34893
22,35203
22,35219
22,35226
22,35407
22,35586
22,35658
22,35669
22,36147
22,36395
22,36543
22,36677
22,36808
22,37065
22,37361
22,37980
22,38345
22,38472
22,38519
22,38941
22,39342
22,39372
22,39394
22,39426
22,39733
22,39823
22,39932
22,40052
22,40090
22,40111
22,40279
22,40413
22,40463
22,40472
22,40489
22,40491
22,40535
22,40603
22,40660
22,40823
22,40830
22,40889
22,41039
22,41248
22,41342
22,41420
22,41425
22,41437
22,41489
22,41503
22,41531
22,41739
22,42034
22,42040
22,42102
22,42122
22,42187
22,42206
22,42362
22,42470
22,42482
22,42505
22,42685
22,42860
22,42904
22,43102
22,43158
22,43163
22,43524
22,43591
22,43823
22,43850
22,43865
22,44046
22,44060
22,44109
22,44207
22,44280
22,44651
22,44659
22,44703
22,44751
22,44848
22,44920
22,44937
22,44990
22,45085
22,45094
22,45179
22,45340
22,45379
22,45484
22,45530
22,45645
22,45718
22,45891
22,45916
22,45937
22,46056
22,46081
22,46135
22,46182
22,46384
22,46400
22,46523
22,46582
22,46798
22,47165
22,47179
22,47417
22,47437
22,47448
22,47597
22,47634
22,47651
22,47775
22,47927
22,47979
22,47994
22,48015
22,48114
22,48158
22,48388
22,48614
22,48699
22,48799
22,48840
22,48848
22,48877
22,48959
22,49211
22,49298
22,49397
22,49466
22,49527
22,49563
22,49578
22,49645
22,49648
22,49733
22,49835
22,49887
22,49963
22,50161
22,50406
22,50598
22,50611
22,50634
22,50705
22,50711
22,50803
22,50806
22,51145
22,51258
22,51336
22,51753
22,51829
22,51872
22,52151
22,52305
22,52381
22,52644
22,52648
22,52847
22,52852
22,52994
22,53041
22,53067
22,53168
22,53256
22,53541
22,53632
22,53678
22,53698
22,53766
22,53798
22,53994
22,54161
22,54206
22,54305
22,54348
23,32400
23,31927
23,32376
23,33300
23,33914
23,34042
23,34081
23,34384
23,34648
23,34688
23,35521
23,35727
23,35774
23,35926
23,36058
23,36385
23,36587
23,36885
23,37011
23,37166
23,37351
23,37414
23,37697
23,37735
23,38090
23,38205
23,38518
23,38520
23,38606
23,38840
23,38981
23,39340
23,39602
23,39697
23,39814
23,39916
23,40018
23,40094
23,40117
23,40200
23,40306
23,40430
23,40491
23,40546
23,40769
23,40815
23,40820
23,40899
23,40930
23,40940
23,41031
23,41031
23,41093
23,41182
23,41226
23,41413
23,41435
23,41445
23,41512
23,41598
23,41630
23,41698
23,41727
23,41774
23,41904
23,42011
23,42105
23,42167
23,42277
23,42302
23,42334
23,42341
23,42587
23,42645
23,43125
23,43187
23,43230
23,43252
23,43288
23,43374
23,43559
23,43643
23,43768
23,43892
23,43928
23,43970
23,44009
23,44025
23,44026
23,44070
23,44135
23,44166
23,44283
23,44298
23,44336
23,44375
23,44487
23,44520
23,44713
23,44832
23,44880
23,45023
23,45041
23,45070
23,45225
23,45257
23,45303
23,45316
23,45544
23,45790
23,45794
23,45832
23,45912
23,46143
23,46152
23,46216
23,46219
23,46267
23,46288
23,46313
23,46402
23,46474
23,46523
23,46538
23,46720
23,47017
23,47083
23,47096
23,47137
23,47196
23,47518
23,47649
23,47882
23,47946
23,47977
23,48005
23,48192
23,48375
23,48433
23,48458
23,48589
23,48627
23,48650
23,48661
23,48743
23,48833
23,48875
23,49019
23,49162
23,49223
23,49272
23,49447
23,49973
23,49977
23,50015
23,50082
23,50361
23,50404
23,50737
23,50902
23,51003
23,51081
23,51138
23,51283
23,51474
23,51573
23,51593
23,51619
23,51621
23,51883
23,51950
23,52154
23,52349
23,52763
23,52942
23,53068
23,53202
23,53204
23,53285
23,53343
23,53361
23,53386
23,53530
23,53627
23,53664
23,53696
23,53793
23,53847
23,53958
23,54196
23,54432
23,54609
23,55195
24,32400
24,31668
24,31932
24,32035
24,32448
24,32557
24,32597
24,32653
24,32772
24,33013
24,33080
24,34369
24,34606
24,34663
24,34684
24,34794
24,34842
24,34990
24,35063
24,35314
24,35891
24,35972
24,35988
24,36816
24,37208
24,37524
24,37588
24,38027
24,38248
24,38397
24,38488
24,38513
24,38548
24,38650
24,38937
24,38979
24,39027
24,39217
24,39465
24,39539
24,39676
24,39732
24,40067
24,40083
24,40162
24,40170
24,40172
24,40194
24,40334
24,40357
24,40545
24,40599
24,40601
24,40636
24,40681
24,40738
24,40791
24,40975
24,41093
24,41142
24,41181
24,41423
24,41597
24,41599
24,41705
24,41777
24,41842
24,41853
24,41945
24,41969
24,42016
24,42142
24,42214
24,42237
24,42296
24,42551
24,42824
24,42872
24,42920
24,42988
24,43005
24,43132
24,43151
24,43175
24,43258
24,43287
24,43351
24,43457
24,43465
24,43487
24,43537
24,43613
24,43663
24,43701
24,43821
24,44197
24,44362
24,44376
24,44404
24,44428
24,44435
24,44534
24,44634
24,44648
24,44670
24,44680
24,44798
24,44883
24,44901
24,44909
24,45072
24,45128
24,45143
24,45219
24,45263
24,45265
24,45304
24,45430
24,45508
24,45515
24,45662
24,45795
24,45830
24,45908
24,46105
24,46143
24,46151
24,46304
24,46377
24,46430
24,46463
24,46493
24,46624
24,46790
24,46865
24,46908
24,46987
24,47356
24,47423
24,47442
24,47703
24,47767
24,47866
24,48000
24,48052
24,48131
24,48259
24,48335
24,48525
24,48954
24,49165
24,49253
24,49276
24,49768
24,49784
24,49918
24,50057
24,50153
24,50156
24,50263
24,50419
24,50613
24,50799
24,50967
24,51121
24,51216
24,51486
24,51564
24,51586
24,51811
24,51855
24,52063
24,52065
24,52159
24,52275
24,52505
24,52515
24,52523
24,52632
24,52754
24,52773
24,53094
24,53252
24,53387
24,53387
24,53418
24,53552
24,53598
24,53825
24,53897
24,53898
24,53952
24,54078
24,54123
24,54187
24,54229
24,54279
24,54335
24,54345
24,54884
24,55062
24,55079
24,55202
24,55230
25,32400
25,31563
25,31990
25,32294
25,32579
25,32581
25,32889
25,32909
25,32972
25,33171
25,33263
25,33464
25,33666
25,33696
25,33824
25,33922
25,33994
25,34161
25,34287
25,34541
25,34576
25,34601
25,34975
25,35129
25,35387
25,35421
25,35447
25,35820
25,35846
25,36060
25,36508
25,36585
25,36706
25,36848
25,37062
25,37066
25,37206
25,38694
25,38992
25,39243
25,39442
25,39516
25,39547
25,39820
25,39847
25,39882
25,39955
25,40120
25,40129
25,40179
25,40362
25,40379
25,40399
25,40490
25,40504
25,40580
25,40648
25,40666
25,40680
25,40921
25,40930
25,41102
25,41286
25,41391
25,41415
25,41483
25,41585
25,41591
25,41606
25,41622
25,41678
25,41899
25,41957
25,41976
25,41984
25,41989
25,42055
25,42065
25,42104
25,42110
25,42120
25,42286
25,42411
25,42445
25,42613
25,42640
25,42804
25,42832
25,42888
25,42927
25,43018
25,43112
25,43122
25,43140
25,43159
25,43165
25,43205
25,43289
25,43349
25,43418
25,43426
25,43436
25,43603
25,43724
25,43954
25,43986
25,44089
25,44142
25,44174
25,44192
25,44203
25,44310
25,44416
25,44568
25,44607
25,44620
25,44688
25,44714
25,44798
25,44807
25,44877
25,44878
25,44932
25,44964
25,45014
25,45090
25,45310
25,45337
25,45338
25,45536
25,45591
25,45629
25,45648
25,45713
25,45738
25,45844
25,45986
25,46031
25,46370
25,46542
25,46577
25,46617
25,46633
25,46641
25,46682
25,46798
25,46925
25,47123
25,47183
25,47393
25,47449
25,47701
25,47869
25,48481
25,48670
25,48941
25,48941
25,49469
25,49502
25,49581
25,49891
25,49985
25,50053
25,50103
25,50461
25,50476
25,50513
25,50603
25,50832
25,50853
25,50884
25,50966
25,50985
25,51337
25,51633
25,51828
25,51922
25,51944
25,52050
25,52220
25,52343
25,52381
25,52394
25,52448
25,52585
25,52599
25,52669
25,52707
25,52714
25,52863
25,53077
25,53110
25,53296
25,53308
25,53350
25,53461
25,53611
25,53782
25,53917
25,54060
25,54233
25,55028
26,32400
26,31519
26,31954
26,32430
26,33157
26,33421
26,33511
26,33612
26,34013
26,34472
26,34560
26,34873
26,34895
26,35320
26,35405
26,35656
26,35811
26,35894
26,35971
26,36458
26,36522
26,36612
26,36762
26,36922
26,37262
26,37389
26,37487
26,37658
26,37792
26,37876
26,37879
26,37981
26,37985
26,37987
26,38405
26,38608
26,38663
26,38687
26,39132
26,39151
26,39184
26,39227
26,39483
26,39578
26,39591
26,39909
26,39910
26,39948
26,40003
26,40172
26,40244
26,40251
26,40286
26,40289
26,40411
26,40472
26,40551
26,40603
26,40710
26,40769
26,40771
26,40862
26,40866
26,40972
26,41006
26,41316
26,41379
26,41433
26,41574
26,41576
26,41761
26,41907
26,41935
26,41985
26,41991
26,42002
26,42005
26,42128
26,42198
26,42315
26,42361
26,42448
26,42619
26,42664
26,42707
26,42823
26,42869
26,42927
26,42979
26,43003
26,43346
26,43384
26,43455
26,43473
26,43473
26,43481
26,43494
26,43516
26,43667
26,43742
26,43743
26,43780
26,43823
26,44062
26,44092
26,44133
26,44184
26,44207
26,44265
26,44277
26,44424
26,44442
26,44718
26,44738
26,44750
26,44862
26,44899
26,44961
26,45064
26,45107
26,45205
26,45212
26,45247
26,45254
26,45274
26,45627
26,45638
26,45749
26,45769
26,45786
26,45809
26,45893
26,45967
26,46078
26,46142
26,46158
26,46243
26,46329
26,46436
26,46453
26,46570
26,46694
26,47077
26,47079
26,47145
26,47163
26,47442
26,47543
26,47583
26,47660
26,47720
26,47789
26,47818
26,48118
26,48151
26,48224
26,48243
26,48609
26,48660
26,49048
26,49151
26,49201
26,49568
26,49717
26,49807
26,49811
26,49952
26,50040
26,50084
26,50225
26,50284
26,50332
26,50358
26,50406
26,50440
26,50479
26,50504
26,50586
26,50786
26,50920
26,51105
26,51189
26,51202
26,51468
26,51707
26,51818
26,52035
26,52186
26,52274
26,52367
26,52388
26,52488
26,52554
26,52578
26,52736
26,52777
26,52814
26,52897
26,52963
26,53688
26,53821
26,53823
26,53887
26,54202
26,54233
26,54363
26,54867
26,54941
27,32400
27,31889
27,32006
27,32280
27,32330
27,32350
27,32514
27,32864
27,33582
27,33777
27,33943
27,34113
27,34275
27,34347
27,34355
27,34393
27,34433
27,34679
27,34716
27,35152
27,35331
27,35716
27,35717
27,35767
27,35927
27,35963
27,36282
27,36607
27,37017
27,37616
27,38162
27,38175
27,38179
27,38333
27,38587
27,38793
27,38840
27,38918
27,39121
27,39201
27,39305
27,39386
27,39501
27,39814
27,39955
27,39999
27,40161
27,40187
27,40308
27,40318
27,40405
27,40523
27,40639
27,40651
27,40798
27,40976
27,41129
27,41154
27,41159
27,41233
27,41267
27,41284
27,41355
27,41572
27,41594
27,41617
27,41621
27,42088
27,42130
27,42196
27,42274
27,42510
27,42529
27,42616
27,42697
27,42749
27,42767
27,42775
27,42898
27,43016
27,43058
27,43110
27,43153
27,43440
27,43481
27,43506
27,43530
27,43693
27,43695
27,43793
27,44005
27,44213
27,44329
27,44329
27,44332
27,44402
27,44622
27,44625
27,44773
27,44812
27,44831
27,44859
27,44896
27,45185
27,45189
27,45203
27,45204
27,45401
27,45431
27,45552
27,45649
27,45716
27,45748
27,45863
27,46097
27,46111
27,46160
27,46410
27,46612
27,46707
27,46780
27,46853
27,46953
27,46955
27,47006
27,47020
27,47036
27,47186
27,47203
27,47283
27,47311
27,47475
27,47491
27,47679
27,47821
27,48021
27,48108
27,48306
27,48405
27,48743
27,48910
27,48920
27,49026
27,49049
27,49507
27,49663
27,49800
27,49842
27,49869
27,50337
27,50495
27,50562
27,50895
27,50991
27,50993
27,51122
27,51416
27,51435
27,51452
27,51815
27,51826
27,51993
27,52025
27,52120
27,52265
27,52315
27,52527
27,52689
27,52783
27,53114
27,53190
27,53275
27,53320
27,53481
27,53530
27,53642
27,53883
27,54164
27,54244
27,54421
27,54844
27,54864
27,54928
27,55080
28,32400
28,32092
28,32124
28,32470
28,32477
28,32614
28,32792
28,33544
28,33602
28,33882
28,33944
28,34085
28,34215
28,34491
28,34674
28,34953
28,35351
28,35414
28,35696
28,35735
28,35934
28,35935
28,36058
28,36387
28,36538
28,36659
28,37127
28,37249
28,37504
28,37543
28,37805
28,37920
28,37928
28,37966
28,38038
28,38070
28,38419
28,38427
28,38498
28,39052
28,39330
28,39417
28,39441
28,39484
28,39536
28,39827
28,39835
28,39844
28,39892
28,40014
28,40022
28,40039
28,40108
28,40171
28,40225
28,40254
28,40312
28,40312
28,40337
28,40386
28,40448
28,40475
28,40560
28,40704
28,40793
28,40881
28,40923
28,40934
28,40952
28,40975
28,40986
28,41161
28,41168
28,41173
28,41305
28,41344
28,41357
28,41463
28,41535
28,41755
28,41807
28,41815
28,41843
28,41922
28,41973
28,42051
28,42156
28,42205
28,42335
28,42464
28,42521
28,42600
28,42668
28,42669
28,42703
28,42859
28,42957
28,43176
28,43368
28,43372
28,43398
28,43431
28,43456
28,43504
28,43530
28,43652
28,43715
28,43828
28,43910
28,43913
28,44089
28,44090
28,44125
28,44231
28,44272
28,44329
28,44443
28,44601
28,44757
28,44767
28,44845
28,44919
28,45040
28,45046
28,45106
28,45171
28,45190
28,45204
28,45204
28,45224
28,45430
28,45556
28,45627
28,45819
28,45905
28,46067
28,46148
28,46148
28,46172
28,46173
28,46261
28,46302
28,46350
28,46402
28,46487
28,46556
28,46576
28,46638
28,46760
28,46765
28,46857
28,47044
28,47077
28,47222
28,47316
28,47403
28,47431
28,47454
28,47623
28,47684
28,47840
28,47882
28,47888
28,47982
28,47988
28,48007
28,48347
28,48541
28,48552
28,48732
28,48863
28,48868
28,48934
28,48991
28,49147
28,49259
28,49407
28,49523
28,49581
28,49692
28,49884
28,49911
28,50082
28,50477
28,50526
28,50568
28,50582
28,50659
28,50723
28,50813
28,50844
28,50913
28,51108
28,51605
28,51631
28,51657
28,51812
28,52113
28,52279
28,52291
28,52453
28,52528
28,52615
28,52709
28,52735
28,52795
28,52849
28,52936
28,52991
28,53315
28,53386
28,53387
28,53495
28,53607
28,53622
28,53711
28,53823
28,53954
28,54103
28,54108
28,54116
28,54171
28,54354
28,54652
28,55155
29,32400
29,31635
29,31741
29,31857
29,32228
29,32346
29,32699
29,32791
29,32843
29,33378
29,33431
29,33459
29,33800
29,33867
29,33909
29,34714
29,34905
29,34991
29,35014
29,35409
29,35525
29,35565
29,35884
29,36018
29,36074
29,36320
29,36668
29,36730
29,36779
29,36780
29,36809
29,37004
29,37050
29,37079
29,37081
29,37401
29,37591
29,37958
29,37961
29,37998
29,38069
29,38529
29,38966
29,38977
29,39012
29,39055
29,39196
29,39228
29,39480
29,39501
29,39538
29,39602
29,39624
29,39624
29,39699
29,39721
29,39764
29,39766
29,39821
29,39979
29,39984
29,40012
29,40071
29,40208
29,40210
29,40298
29,40299
29,40620
29,40653
29,40761
29,40784
29,40857
29,40911
29,40937
29,40968
29,41585
29,41670
29,41679
29,41763
29,41768
29,41768
29,41873
29,41941
29,42022
29,42076
29,42385
29,42603
29,42844
29,42918
29,42942
29,42965
29,43063
29,43148
29,43244
29,43282
29,43326
29,43473
29,43529
29,43562
29,43639
29,43728
29,43802
29,43846
29,44394
29,44419
29,44575
29,44609
29,44690
29,44745
29,44766
29,44767
29,44822
29,44902
29,44915
29,44917
29,45019
29,45022
29,45136
29,45170
29,45177
29,45210
29,45254
29,45271
29,45434
29,45517
29,45517
29,45524
29,45594
29,45660
29,45699
29,45716
29,45904
29,45924
29,45996
29,46080
29,46086
29,46107
29,46136
29,46212
29,46356
29,46572
29,46702
29,46837
29,47031
29,47079
29,47096
29,47103
29,47105
29,47172
29,47204
29,47261
29,47264
29,47506
29,47964
29,47964
29,48324
29,48506
29,48527
29,48575
29,48763
29,48774
29,48838
29,48849
29,48993
29,49088
29,49118
29,49200
29,49222
29,49317
29,49361
29,49438
29,49504
29,49509
29,49651
29,49761
29,49846
29,49958
29,50029
29,50235
29,50384
29,50499
29,50934
29,50987
29,51073
29,51449
29,51647
29,51666
29,51704
29,51767
29,51802
29,51933
29,52118
29,52247
29,52290
29,52502
29,52559
29,52603
29,52647
29,52649
29,53050
29,53067
29,53172
29,53208
29,53245
29,53258
29,53268
29,53708
29,53918
29,54106
29,54194
29,54301
29,54345
29,54372
29,55180
30,32400
30,31557
30,31629
30,31800
30,31917
30,32109
30,32181
30,32272
30,32284
30,32311
30,32348
30,32590
30,32648
30,32784
30,32980
30,33345
30,33363
30,33482
30,33683
30,33752
30,33828
30,34155
30,34176
30,34198
30,34625
30,34694
30,34927
30,35040
30,35153
30,35166
30,35262
30,35363
30,35393
30,35590
30,35975
30,36122
30,36320
30,37142
30,37185
30,37872
30,37985
30,38174
30,38630
30,38712
30,38762
30,38917
30,39088
30,39279
30,39472
30,39708
30,39714
30,39752
30,39765
30,39768
30,39896
30,39953
30,39977
30,39984
30,40099
30,40206
30,40731
30,40996
30,41045
30,41060
30,41078
30,41112
30,41115
30,41121
30,41196
30,41280
30,41365
30,41402
30,41431
30,41517
30,41532
30,41770
30,41845
30,41848
30,41956
30,42126
30,42294
30,42310
30,42679
30,42805
30,42890
30,42971
30,42975
30,43013
30,43238
30,43280
30,43286
30,43289
30,43294
30,43354
30,43385
30,43512
30,43712
30,44089
30,44160
30,44188
30,44216
30,44338
30,44358
30,44392
30,44534
30,44581
30,44631
30,44698
30,44728
30,44759
30,45018
30,45027
30,45461
30,45529
30,45575
30,45684
30,45840
30,45889
30,45889
30,46141
30,46155
30,46189
30,46291
30,46309
30,46369
30,46438
30,47301
30,47665
30,47734
30,47738
30,47767
30,47881
30,47916
30,48188
30,48197
30,48435
30,48455
30,49106
30,49312
30,49343
30,49367
30,49388
30,49491
30,49644
30,49662
30,49670
30,49755
30,49821
30,50150
30,50199
30,50537
30,50641
30,50799
30,51211
30,51229
30,51276
30,51427
30,51439
30,51705
30,51777
30,51899
30,51925
30,52042
30,52171
30,52207
30,52247
30,52277
30,52292
30,52367
30,52449
30,52486
30,52823
30,53125
30,53182
30,53323
30,53381
30,53386
30,53408
30,53525
30,53881
30,53918
30,53950
30,53967
30,54276
30,54312
30,54652
31,32400
31,31625
31,32055
31,32224
31,32246
31,32297
31,32448
31,32608
31,32741
31,32887
31,32918
31,32930
31,33089
31,33101
31,33317
31,33373
31,33501
31,33990
31,34004
31,34327
31,34622
31,34682
31,34691
31,34779
31,35099
31,35243
31,35350
31,35398
31,36017
31,36130
31,36335
31,36374
31,36742
31,37074
31,37634
31,38231
31,38418
31,38734
31,38947
31,39053
31,39230
31,39306
31,39314
31,39394
31,39462
31,39537
31,39919
31,39955
31,40063
31,40125
31,40319
31,40518
31,40519
31,40559
31,40683
31,40811
31,40842
31,41337
31,41491
31,41526
31,41539
31,41808
31,41921
31,41935
31,41948
31,41996
31,42011
31,42039
31,42083
31,42113
31,42140
31,42161
31,42187
31,42340
31,42358
31,42388
31,42460
31,42530
31,42729
31,42733
31,42760
31,42916
31,42959
31,43161
31,43169
31,43182
31,43311
31,43348
31,43400
31,43493
31,43567
31,43629
31,43737
31,43896
31,43946
31,44093
31,44115
31,44169
31,44215
31,44296
31,44307
31,44384
31,44413
31,44418
31,44448
31,44515
31,44579
31,44603
31,44665
31,44680
31,44709
31,44807
31,44838
31,44976
31,45031
31,45105
31,45130
31,45303
31,45338
31,45469
31,45635
31,46031
31,46046
31,46068
31,46263
31,46319
31,46348
31,46355
31,46413
31,46438
31,46444
31,46592
31,46597
31,46623
31,46661
31,46715
31,46732
31,46791
31,46827
31,46980
31,47136
31,47240
31,47272
31,47282
31,47341
31,47413
31,47417
31,47509
31,47530
31,47615
31,47628
31,47810
31,47883
31,47895
31,48076
31,48141
31,48363
31,48418
31,48707
31,48726
31,48760
31,49121
31,49455
31,49484
31,49823
31,49924
31,50059
31,50188
31,50301
31,50354
31,50616
31,50721
31,50790
31,50864
31,50904
31,51080
31,51484
31,51560
31,51798
31,52227
31,52568
31,52766
31,52840
31,52882
31,52943
31,52951
31,52980
31,53013
31,53069
31,53619
31,53913
31,54012
31,54052
31,54057
31,54058
31,54106
31,54133
31,54186
31,54211
32,32400
32,31605
32,31965
32,32371
32,32451
32,32565
32,32722
32,33242
32,33674
32,33740
32,33973
32,34203
32,34205
32,34214
32,34307
32,34359
32,34417
32,34450
32,34578
32,34582
32,34646
32,35046
32,35070
32,35278
32,35416
32,35597
32,35725
32,35733
32,35850
32,36095
32,36215
32,36496
32,36516
32,37083
32,37118
32,37533
32,37790
32,38085
32,38213
32,38268
32,38634
32,38805
32,39107
32,39310
32,39430
32,39543
32,39545
32,39670
32,39679
32,39879
32,39969
32,39990
32,39997
32,40028
32,40075
32,40116
32,40141
32,40251
32,40397
32,40537
32,40617
32,40683
32,40692
32,40707
32,40719
32,40814
32,40914
32,40988
32,41079
32,41122
32,41233
32,41275
32,41280
32,41485
32,41575
32,41632
32,41670
32,41693
32,41806
32,42017
32,42037
32,42141
32,42155
32,42199
32,42456
32,42492
32,42580
32,42681
32,42692
32,42788
32,42877
32,43006
32,43113
32,43137
32,43148
32,43209
32,43370
32,43375
32,43378
32,43385
32,43427
32,43511
32,43659
32,43686
32,43708
32,43800
32,43877
32,43919
32,43979
32,44061
32,44074
32,44158
32,44251
32,44399
32,44412
32,44500
32,44541
32,44649
32,44686
32,44765
32,44793
32,44797
32,44813
32,44905
32,45100
32,45166
32,45485
32,45494
32,45549
32,45692
32,45916
32,45992
32,46024
32,46144
32,46283
32,46339
32,46576
32,46591
32,46616
32,46632
32,46669
32,46680
32,46694
32,46708
32,46788
32,46894
32,47069
32,47088
32,47132
32,47453
32,47564
32,48106
32,48232
32,48299
32,48406
32,48449
32,48732
32,48742
32,49188
32,49457
32,49459
32,49542
32,49553
32,49553
32,49559
32,49569
32,49792
32,49966
32,50138
32,50149
32,50212
32,50304
32,50326
32,50522
32,50787
32,50823
32,50914
32,50918
32,50981
32,51005
32,51122
32,51127
32,51162
32,51262
32,51755
32,52033
32,52335
32,52454
32,52670
32,52676
32,52974
32,52986
32,53074
32,53077
32,53079
32,53125
32,53373
32,53448
32,53518
32,53704
32,53714
32,53727
32,53945
32,54001
32,54134
32,54240
32,54526
32,54533
32,54616
32,54639
32,55200
33,32400
33,31559
33,31915
33,31982
33,31983
33,32123
33,32493
33,32704
33,33278
33,33306
33,33516
33,33542
33,33545
33,33670
33,33753
33,33908
33,33973
33,34159
33,34200
33,34460
33,34671
33,34699
33,34806
33,35370
33,35523
33,35670
33,35752
33,35820
33,35981
33,35985
33,36125
33,36209
33,36224
33,36326
33,36358
33,36474
33,36608
33,36710
33,36806
33,36901
33,37002
33,37056
33,37170
33,37328
33,37463
33,37596
33,37776
33,38026
33,38252
33,38297
33,38365
33,38522
33,38884
33,39281
33,39398
33,39476
33,39477
33,39827
33,39992
33,40326
33,40335
33,40364
33,40384
33,40491
33,40585
33,40699
33,40760
33,40822
33,41376
33,41419
33,41707
33,41781
33,41855
33,41968
33,41991
33,42079
33,42215
33,42223
33,42253
33,42386
33,42395
33,42544
33,42605
33,42670
33,42770
33,42828
33,42842
33,43023
33,43050
33,43062
33,43089
33,43091
33,43342
33,43361
33,43384
33,43466
33,43580
33,43618
33,43688
33,43705
33,43897
33,43956
33,43987
33,43992
33,44031
33,44054
33,44184
33,44267
33,44279
33,44329
33,44397
33,44445
33,44518
33,44571
33,44626
33,44670
33,44937
33,45077
33,45169
33,45181
33,45274
33,45299
33,45381
33,45396
33,45408
33,45441
33,45443
33,45549
33,45568
33,45692
33,45719
33,45720
33,45725
33,45766
33,45778
33,45930
33,46204
33,46604
33,46755
33,46779
33,46849
33,46853
33,46912
33,46939
33,46994
33,47251
33,47266
33,47366
33,48028
33,48146
33,48294
33,48375
33,48554
33,48880
33,48924
33,49015
33,49315
33,49445
33,49473
33,49571
33,49588
33,49702
33,49797
33,49804
33,49884
33,49976
33,50085
33,50199
33,50498
33,50606
33,50636
33,51064
33,51132
33,51138
33,51263
33,51375
33,51397
33,51441
33,51475
33,51545
33,51672
33,51858
33,52036
33,52185
33,52587
33,52616
33,52743
33,53219
33,53330
33,53418
33,53788
33,54025
33,54101
33,54307
33,54366
33,54807
33,55117
34,32400
34,32337
34,32387
34,32620
34,32804
34,33463
34,33676
34,33680
34,33740
34,33896
34,34125
34,34255
34,34288
34,34438
34,34630
34,34774
34,35026
34,35042
34,35103
34,35221
34,35320
34,35565
34,35580
34,35641
34,35693
34,35945
34,36224
34,36359
34,36442
34,36457
34,36470
34,36504
34,36508
34,36587
34,36596
34,36807
34,36893
34,37116
34,37276
34,37364
34,37430
34,37433
34,37574
34,37718
34,37775
34,37827
34,37942
34,38121
34,38680
34,39096
34,39185
34,39199
34,39495
34,39518
34,39893
34,39926
34,39967
34,40065
34,40146
34,40166
34,40231
34,40306
34,40484
34,40555
34,40565
34,40589
34,40734
34,40969
34,41069
34,41143
34,41208
34,41269
34,41344
34,41358
34,41365
34,41366
34,41459
34,41556
34,41560
34,41633
34,41762
34,41806
34,41854
34,41895
34,41922
34,42012
34,42147
34,42172
34,42273
34,42307
34,42423
34,42462
34,42483
34,42512
34,42625
34,42939
34,42976
34,43030
34,43042
34,43110
34,43147
34,43151
34,43186
34,43191
34,43282
34,43307
34,43336
34,43385
34,43392
34,43395
34,43425
34,43555
34,43571
34,43599
34,43636
34,43739
34,43772
34,43784
34,43796
34,43814
34,43881
34,43895
34,44158
34,44328
34,44443
34,44495
34,44500
34,44769
34,44771
34,44775
34,44782
34,44946
34,44980
34,45040
34,45119
34,45128
34,45134
34,45200
34,45216
34,45229
34,45354
34,45508
34,45707
34,45879
34,45922
34,45939
34,46397
34,46418
34,46441
34,46469
34,46506
34,46585
34,46701
34,46717
34,46814
34,46839
34,46863
34,47025
34,47214
34,47236
34,47420
34,47482
34,47554
34,47701
34,47702
34,47819
34,47947
34,48102
34,48242
34,48608
34,48767
34,48819
34,49170
34,49523
34,49580
34,49602
34,49794
34,49803
34,50042
34,50173
34,50336
34,50341
34,50496
34,50658
34,50681
34,50770
34,50853
34,50893
34,50981
34,51023
34,51590
34,51848
34,52098
34,52172
34,52275
34,52379
34,52399
34,52581
34,52590
34,52602
34,52660
34,52768
34,52929
34,53200
34,53383
34,53385
34,53431
34,53441
34,53484
34,53746
34,53773
34,53777
34,53836
34,53942
34,54442
34,54638
34,54883
34,55120
35,32400
35,31639
35,31842
35,32035
35,32077
35,32087
35,32118
35,32218
35,33115
35,33412
35,33422
35,33707
35,33728
35,33875
35,33931
35,33949
35,34063
35,34066
35,34370
35,34392
35,34701
35,35082
35,35212
35,36008
35,36259
35,36285
35,36327
35,36336
35,36417
35,36515
35,36717
35,37042
35,37042
35,37145
35,37220
35,37348
35,37438
35,37467
35,37682
35,37707
35,37722
35,37727
35,38142
35,38241
35,38314
35,38339
35,38539
35,38570
35,38962
35,38963
35,39149
35,39380
35,39552
35,39554
35,39754
35,39941
35,40006
35,40054
35,40079
35,40088
35,40187
35,40193
35,40210
35,40233
35,40296
35,40364
35,40786
35,40862
35,40877
35,40953
35,41045
35,41087
35,41136
35,41160
35,41213
35,41335
35,41481
35,41546
35,41619
35,41644
35,41854
35,41862
35,41969
35,42097
35,42100
35,42315
35,42326
35,42357
35,42404
35,42475
35,42512
35,42601
35,42801
35,42818
35,42829
35,43022
35,43094
35,43111
35,43116
35,43231
35,43359
35,43411
35,43510
35,43563
35,43618
35,43790
35,43875
35,43975
35,44222
35,44239
35,44251
35,44252
35,44356
35,44399
35,44522
35,44741
35,44764
35,44807
35,44832
35,44832
35,44868
35,44929
35,45221
35,45382
35,45546
35,45567
35,45689
35,45727
35,45868
35,45919
35,45952
35,46035
35,46105
35,46171
35,46407
35,46445
35,46484
35,46524
35,46555
35,46581
35,46891
35,46933
35,47222
35,47233
35,47314
35,47318
35,47444
35,47513
35,47554
35,47932
35,47998
35,48151
35,48194
35,48228
35,48331
35,48450
35,48641
35,48866
35,48926
35,49021
35,49082
35,49327
35,49394
35,49468
35,49469
35,49585
35,49949
35,50095
35,50296
35,50361
35,50459
35,50655
35,50755
35,51034
35,51040
35,51109
35,51274
35,51325
35,51367
35,51531
35,51658
35,51707
35,51728
35,51897
35,52043
35,52288
35,52294
35,52336
35,52652
35,52697
35,52723
35,52732
35,52757
35,53241
35,53383
35,53817
35,53927
35,53985
35,54043
35,54129
35,54197
35,54272
35,54311
35,55057
35,55125
36,32400
36,31773
36,31787
36,32225
36,32235
36,32593
36,32633
36,32797
36,33479
36,33631
36,33787
36,33869
36,34025
36,34072
36,34135
36,34348
36,34530
36,34832
36,34906
36,34921
36,35354
36,35382
36,36124
36,36616
36,36765
36,36770
36,37185
36,37458
36,37495
36,37831
36,37831
36,37953
36,38032
36,38168
36,38445
36,38485
36,38568
36,38947
36,39171
36,39207
36,39217
36,39256
36,39260
36,39294
36,39306
36,39410
36,39512
36,39551
36,39615
36,39635
36,39898
36,39946
36,40015
36,40083
36,40086
36,40153
36,40194
36,40327
36,40430
36,40435
36,40560
36,40604
36,40647
36,40688
36,40713
36,40727
36,40758
36,40797
36,40920
36,40934
36,41009
36,41148
36,41169
36,41191
36,41214
36,41563
36,41685
36,41806
36,41808
36,42300
36,42319
36,42346
36,42359
36,42360
36,42372
36,42374
36,42439
36,42483
36,42684
36,42833
36,42842
36,42861
36,42887
36,43102
36,43156
36,43181
36,43216
36,43320
36,43321
36,43417
36,43508
36,43571
36,43668
36,43727
36,44007
36,44089
36,44147
36,44286
36,44314
36,44336
36,44378
36,44406
36,44696
36,44796
36,44884
36,45214
36,45308
36,45341
36,45463
36,45501
36,45522
36,45643
36,45741
36,45778
36,45789
36,45835
36,45872
36,45911
36,45935
36,45938
36,45965
36,46019
36,46122
36,46206
36,46393
36,46526
36,46646
36,46702
36,46738
36,46801
36,46825
36,46894
36,46993
36,47050
36,47116
36,47147
36,47155
36,47170
36,47316
36,47368
36,47369
36,47498
36,47687
36,47815
36,47933
36,47954
36,48086
36,48124
36,48419
36,48423
36,48471
36,48528
36,48584
36,48816
36,49075
36,49159
36,49207
36,49211
36,49310
36,49354
36,49532
36,49593
36,49709
36,49745
36,49906
36,49934
36,49953
36,49958
36,50382
36,50703
36,50749
36,50794
36,50910
36,50936
36,51035
36,51108
36,51255
36,51412
36,51445
36,51602
36,51692
36,51736
36,51749
36,51832
36,51870
36,51872
36,51973
36,52029
36,52122
36,52395
36,52533
36,53082
36,53157
36,53357
36,53384
36,53560
36,53640
36,53722
36,53833
36,53845
36,54003
36,54080
36,54240
36,54320
36,54526
36,54529
36,54793
36,54802
37,32400
37,31868
37,32026
37,32577
37,32925
37,33087
37,33444
37,33637
37,33765
37,33798
37,33868
37,34121
37,34249
37,34284
37,34678
37,34998
37,35118
37,35328
37,35726
37,36082
37,36334
37,36713
37,36997
37,37185
37,37222
37,38224
37,38578
37,38663
37,38800
37,39045
37,39173
37,39235
37,39271
37,39349
37,39473
37,39504
37,39621
37,39660
37,39674
37,39691
37,39812
37,39814
37,39912
37,40093
37,40127
37,40250
37,40313
37,40486
37,40572
37,40573
37,40718
37,40831
37,41001
37,41082
37,41096
37,41147
37,41153
37,41166
37,41274
37,41275
37,41446
37,41464
37,41562
37,41599
37,41619
37,41690
37,41850
37,41871
37,42106
37,42152
37,42157
37,42210
37,42236
37,42271
37,42287
37,42376
37,42778
37,42937
37,43065
37,43254
37,43301
37,43327
37,43619
37,43635
37,43671
37,43687
37,43748
37,43793
37,43918
37,43972
37,43972
37,43984
37,44033
37,44120
37,44255
37,44260
37,44326
37,44328
37,44424
37,44452
37,44471
37,44479
37,44513
37,44531
37,44623
37,44663
37,44701
37,44742
37,44744
37,44749
37,44873
37,44911
37,44981
37,45141
37,45208
37,45308
37,45398
37,45423
37,45502
37,45626
37,45711
37,45747
37,45844
37,45929
37,46100
37,46171
37,46189
37,46222
37,46284
37,46385
37,46484
37,46488
37,46494
37,46640
37,47025
37,47038
37,47104
37,47172
37,47235
37,47253
37,47284
37,47457
37,47482
37,47540
37,47769
37,47793
37,47825
37,47888
37,47947
37,48051
37,48057
37,48061
37,48073
37,48104
37,48105
37,48153
37,48239
37,48344
37,48424
37,48545
37,48575
37,48593
37,48894
37,49007
37,49109
37,49140
37,49388
37,49396
37,49448
37,49451
37,50174
37,50217
37,50258
37,50373
37,50388
37,50599
37,50762
37,50908
37,50998
37,51262
37,51273
37,51308
37,51374
37,51400
37,51687
37,51817
37,51871
37,51880
37,51924
37,52261
37,52312
37,52372
37,52443
37,52508
37,52749
37,52778
37,52919
37,53088
37,53153
37,53453
37,53543
37,53546
37,53749
37,53799
37,53820
37,53888
37,53967
37,54236
37,54336
37,54441
38,32400
38,31665
38,31937
38,32466
38,32526
38,32831
38,32921
38,33224
38,33910
38,34026
38,34410
38,34622
38,34650
38,34689
38,35220
38,35444
38,35523
38,35658
38,35883
38,36007
38,36050
38,36324
38,36589
38,36949
38,37080
38,37095
38,37128
38,37138
38,37353
38,37753
38,37904
38,38149
38,38237
38,38239
38,38278
38,38401
38,38747
38,38916
38,38953
38,39162
38,39163
38,39281
38,39283
38,39474
38,39682
38,39796
38,39835
38,39894
38,39947
38,39960
38,39976
38,40030
38,40085
38,40087
38,40103
38,40111
38,40130
38,40142
38,40164
38,40251
38,40315
38,40339
38,40374
38,40486
38,40496
38,40686
38,40696
38,40721
38,41039
38,41054
38,41121
38,41255
38,41281
38,41361
38,41395
38,41489
38,41733
38,41804
38,41807
38,41844
38,41931
38,41944
38,42009
38,42128
38,42134
38,42269
38,42285
38,42305
38,42332
38,42352
38,42473
38,42551
38,42590
38,42691
38,42764
38,42791
38,42856
38,42863
38,43127
38,43240
38,43311
38,43346
38,43486
38,43530
38,43581
38,43657
38,43745
38,43752
38,43956
38,43961
38,44066
38,44092
38,44179
38,44332
38,44370
38,44400
38,44535
38,44607
38,44831
38,45000
38,45020
38,45097
38,45170
38,45304
38,45396
38,45521
38,45569
38,45677
38,45720
38,45744
38,45861
38,46026
38,46099
38,46151
38,46229
38,46377
38,46424
38,46724
38,46949
38,47282
38,47343
38,47432
38,47455
38,47531
38,47729
38,47748
38,47826
38,47982
38,48009
38,48042
38,48475
38,48499
38,48677
38,48708
38,48763
38,48977
38,49758
38,50021
38,50378
38,50450
38,50596
38,50783
38,50790
38,51025
38,51420
38,51608
38,51712
38,52083
38,52358
38,52515
38,52534
38,52544
38,52811
38,52877
38,52925
38,53044
38,53416
38,53433
38,53669
38,53673
38,54053
38,54079
38,54404
38,54497
38,54726
39,32400
39,31548
39,32287
39,32502
39,32603
39,32667
39,32692
39,32837
39,33231
39,33649
39,33849
39,33937
39,33940
39,34115
39,34447
39,34468
39,34868
39,35020
39,35163
39,35660
39,35677
39,35922
39,36203
39,36342
39,36361
39,36506
39,36696
39,36801
39,36864
39,37438
39,37613
39,37971
39,38058
39,38090
39,38571
39,38611
39,38759
39,39197
39,39212
39,39269
39,39300
39,39388
39,39578
39,39683
39,39738
39,39755
39,39772
39,39809
39,39830
39,39866
39,39937
39,39965
39,40011
39,40036
39,40120
39,40304
39,40398
39,40601
39,40694
39,40787
39,40802
39,40805
39,40808
39,40825
39,40828
39,40911
39,40927
39,40962
39,41050
39,41068
39,41496
39,41512
39,41565
39,41574
39,41657
39,41834
39,41921
39,41984
39,42207
39,42301
39,42381
39,42409
39,42497
39,42513
39,42526
39,42606
39,42726
39,42818
39,42953
39,42983
39,43029
39,43316
39,43427
39,43427
39,43512
39,43602
39,43723
39,43759
39,43766
39,43875
39,43921
39,43926
39,43955
39,43996
39,44214
39,44369
39,44389
39,44739
39,44758
39,44763
39,44826
39,44901
39,45000
39,45023
39,45115
39,45265
39,45391
39,45416
39,45435
39,45436
39,45447
39,45512
39,45558
39,45590
39,45626
39,45663
39,45814
39,45949
39,46245
39,46280
39,46354
39,46370
39,46497
39,46511
39,46760
39,46815
39,46895
39,46970
39,47000
39,47000
39,47041
39,47051
39,47184
39,47343
39,47615
39,47824
39,48007
39,48189
39,48428
39,48440
39,48472
39,48752
39,48839
39,48994
39,49186
39,49332
39,49476
39,49521
39,49789
39,50034
39,50066
39,50155
39,50349
39,50836
39,51138
39,51162
39,51277
39,51282
39,51354
39,51422
39,51580
39,51756
39,52202
39,52314
39,52404
39,52500
39,52685
39,52873
39,52964
39,53039
39,53332
39,53730
39,53753
39,53860
39,53997
39,54107
39,54331
39,54394
39,54845
39,54999
40,32400
40,31517
40,31589
40,31735
40,31779
40,32018
40,32320
40,32320
40,32480
40,32580
40,32686
40,32974
40,32981
40,33184
40,33594
40,33615
40,33852
40,33982
40,34325
40,34796
40,35007
40,35028
40,35057
40,35487
40,35535
40,35772
40,35915
40,36128
40,36307
40,36492
40,36673
40,36693
40,36897
40,36939
40,37027
40,37193
40,37637
40,37713
40,37904
40,38034
40,38050
40,38054
40,38057
40,38306
40,39146
40,39220
40,39300
40,39401
40,39408
40,39445
40,39554
40,39583
40,39618
40,39795
40,39864
40,39907
40,40101
40,40130
40,40230
40,40298
40,40353
40,40379
40,40382
40,40435
40,40440
40,40483
40,40670
40,40684
40,40718
40,40805
40,40918
40,40944
40,40966
40,41080
40,41087
40,41412
40,41466
40,41533
40,41645
40,41708
40,41722
40,41757
40,41907
40,41982
40,42312
40,42328
40,42656
40,42715
40,42740
40,42760
40,42837
40,42878
40,42966
40,43003
40,43080
40,43163
40,43265
40,43325
40,43344
40,43584
40,43778
40,43793
40,43855
40,43953
40,43999
40,44010
40,44026
40,44068
40,44106
40,44155
40,44795
40,44856
40,44859
40,44876
40,45062
40,45107
40,45141
40,45186
40,45188
40,45195
40,45286
40,45337
40,45378
40,45613
40,45790
40,45798
40,45838
40,45866
40,46015
40,46223
40,46231
40,46266
40,46282
40,46371
40,46460
40,46473
40,46507
40,46573
40,46688
40,46867
40,46916
40,47083
40,47254
40,47274
40,47358
40,47359
40,47456
40,47538
40,47600
40,47735
40,47822
40,47966
40,48098
40,48162
40,48293
40,48422
40,48722
40,48799
40,48825
40,49022
40,49047
40,49051
40,49098
40,49144
40,49243
40,49356
40,49651
40,49843
40,49851
40,49974
40,50305
40,50883
40,50898
40,50942
40,51303
40,51508
40,51555
40,51917
40,52096
40,52253
40,52337
40,52824
40,52829
40,52881
40,52981
40,53072
40,53127
40,53235
40,53560
40,53583
40,53587
40,53786
40,54021
40,54053
40,54103
40,54111
40,54168
40,54284
40,54299
40,54563
40,54628
41,32400
41,32109
41,32445
41,32570
41,32647
41,32676
41,32693
41,32831
41,33022
41,33132
41,33145
41,33334
41,33336
41,33941
41,34098
41,34293
41,34358
41,34410
41,34631
41,34633
41,34814
41,34828
41,34897
41,34962
41,35015
41,35025
41,35290
41,35448
41,35821
41,35826
41,35932
41,36076
41,36201
41,36232
41,36344
41,36374
41,36810
41,37274
41,37306
41,37510
41,38000
41,38025
41,38475
41,38822
41,38863
41,39127
41,39360
41,39472
41,39485
41,39492
41,39687
41,39709
41,39950
41,39951
41,39998
41,39999
41,40026
41,40040
41,40083
41,40097
41,40098
41,40231
41,40246
41,40327
41,40364
41,40392
41,40478
41,40572
41,40579
41,40714
41,40733
41,40768
41,40843
41,40884
41,40918
41,40928
41,41078
41,41381
41,41434
41,41762
41,41773
41,41940
41,42022
41,42028
41,42052
41,42057
41,42086
41,42248
41,42302
41,42309
41,42310
41,42451
41,42580
41,42629
41,42698
41,42704
41,42778
41,43129
41,43141
41,43247
41,43292
41,43325
41,43364
41,43391
41,43427
41,43466
41,43560
41,43629
41,43650
41,43723
41,43769
41,43792
41,43891
41,43929
41,44278
41,44352
41,44461
41,44538
41,44556
41,44585
41,44635
41,44832
41,44878
41,44880
41,45086
41,45191
41,45250
41,45290
41,45390
41,45453
41,45454
41,45500
41,45509
41,45550
41,45609
41,45691
41,45816
41,45854
41,45892
41,45931
41,45956
41,45958
41,46210
41,46226
41,46240
41,46259
41,46274
41,46393
41,46402
41,46403
41,46429
41,46447
41,46469
41,46749
41,46913
41,47204
41,47539
41,47636
41,47957
41,48018
41,48042
41,48206
41,48901
41,49224
41,49232
41,49403
41,49563
41,49568
41,49657
41,49815
41,49907
41,49930
41,50085
41,50142
41,50379
41,50387
41,50397
41,50455
41,50565
41,50632
41,50894
41,50895
41,50924
41,50987
41,50994
41,51300
41,52086
41,52108
41,52226
41,52365
41,52739
41,52742
41,52746
41,52862
41,52957
41,53039
41,53168
41,53192
41,53355
41,53403
41,53448
41,53523
41,53674
41,53687
41,53720
41,53793
41,53994
41,54089
41,54230
41,54400
42,32400
42,31627
42,31698
42,31995
42,32192
42,32299
42,32827
42,33058
42,33425
42,33562
42,33581
42,33655
42,33832
42,33866
42,34309
42,34435
42,34992
42,35017
42,35239
42,35369
42,35388
42,35585
42,35808
42,35871
42,36105
42,36156
42,36881
42,36889
42,37011
42,37038
42,37313
42,37394
42,37441
42,37722
42,37883
42,37942
42,37979
42,37996
42,38253
42,38290
42,38428
42,38515
42,38563
42,38590
42,38620
42,38657
42,38903
42,38934
42,39160
42,39300
42,39345
42,39409
42,39522
42,39542
42,39603
42,39796
42,39876
42,39913
42,40070
42,40189
42,40213
42,40328
42,40348
42,40396
42,40409
42,40468
42,40512
42,40548
42,40559
42,40721
42,40721
42,40778
42,40787
42,40792
42,40980
42,41151
42,41465
42,41496
42,41582
42,41607
42,41789
42,41995
42,42139
42,42234
42,42262
42,42278
42,42288
42,42301
42,42313
42,42367
42,42434
42,42496
42,42526
42,42644
42,42669
42,42739
42,42915
42,42998
42,43036
42,43039
42,43052
42,43068
42,43100
42,43123
42,43274
42,43487
42,43524
42,43721
42,43847
42,43858
42,43965
42,44017
42,44070
42,44222
42,44294
42,44302
42,44347
42,44352
42,44489
42,44598
42,44605
42,44690
42,44690
42,44756
42,44809
42,44914
42,45171
42,45173
42,45278
42,45398
42,45479
42,45601
42,45629
42,45639
42,45727
42,45780
42,45806
42,45847
42,45898
42,45918
42,45956
42,45975
42,46039
42,46191
42,46209
42,46320
42,46411
42,46444
42,46507
42,46522
42,46534
42,46675
42,46677
42,46689
42,46698
42,46718
42,46753
42,47011
42,47050
42,47234
42,47434
42,47437
42,47502
42,47702
42,47840
42,47878
42,47952
42,48230
42,48502
42,48704
42,48748
42,48767
42,49026
42,49228
42,49238
42,49290
42,49411
42,49430
42,49623
42,49803
42,49941
42,50019
42,50057
42,50333
42,50615
42,50794
42,51025
42,51229
42,51283
42,51414
42,51431
42,51461
42,51591
42,51642
42,51768
42,51817
42,51823
42,51923
42,52049
42,52067
42,52110
42,52224
42,52276
42,52295
42,52382
42,52399
42,52413
42,52417
42,52762
42,52811
42,52915
42,53028
42,53142
42,53528
42,53584
42,53612
42,53913
42,54028
42,54053
42,54435
42,54466
43,32400
43,31637
43,31796
43,31892
43,32071
43,32209
43,32340
43,32356
43,32488
43,32909
43,32959
43,33063
43,33106
43,33331
43,33374
43,33375
43,33533
43,33772
43,34400
43,34506
43,34789
43,35436
43,35778
43,36139
43,36140
43,36284
43,36290
43,36418
43,37158
43,37497
43,37833
43,37945
43,38025
43,38095
43,38287
43,38313
43,38530
43,38834
43,38909
43,38997
43,39132
43,39305
43,39326
43,39425
43,39457
43,39545
43,39588
43,39613
43,39697
43,39728
43,39762
43,39766
43,39843
43,39964
43,40123
43,40389
43,40650
43,40668
43,40703
43,40988
43,41199
43,41227
43,41245
43,41339
43,41414
43,41414
43,41440
43,41492
43,41520
43,41670
43,41833
43,41972
43,42034
43,42054
43,42102
43,42363
43,42492
43,42640
43,42804
43,42876
43,42919
43,42956
43,43101
43,43121
43,43180
43,43221
43,43289
43,43418
43,43519
43,43535
43,43611
43,43654
43,43669
43,43802
43,43923
43,44021
43,44127
43,44160
43,44193
43,44244
43,44265
43,44455
43,44542
43,44640
43,44647
43,44648
43,44711
43,44815
43,44897
43,45049
43,45088
43,45213
43,45214
43,45240
43,45380
43,45461
43,45555
43,45657
43,45843
43,45860
43,45938
43,45981
43,46036
43,46099
43,46106
43,46265
43,46303
43,46314
43,46320
43,46505
43,46538
43,46628
43,46667
43,46722
43,46867
43,46946
43,47055
43,47139
43,47210
43,47286
43,47386
43,47490
43,47593
43,47720
43,47828
43,48023
43,48040
43,48107
43,48297
43,48670
43,49052
43,49426
43,49444
43,49571
43,49757
43,49808
43,49846
43,49884
43,50053
43,50233
43,50236
43,50310
43,50686
43,50844
43,50997
43,51035
43,51441
43,52039
43,52169
43,52573
43,52576
43,52589
43,52643
43,52684
43,53003
43,53096
43,53128
43,53433
43,53587
43,53648
43,53728
43,54002
43,54094
43,54111
43,54155
43,54232
43,55012
43,55081
43,55250
44,32400
44,31506
44,31625
44,31808
44,32317
44,32487
44,32537
44,33142
44,33637
44,33740
44,34700
44,34820
44,34898
44,35285
44,36147
44,36150
44,36264
44,36976
44,37063
44,37260
44,37286
44,37395
44,37643
44,37663
44,37703
44,37779
44,37944
44,38018
44,38266
44,38357
44,38527
44,38620
44,38692
44,38889
44,39096
44,39155
44,39192
44,39256
44,39299
44,39310
44,39842
44,39850
44,39859
44,39936
44,39971
44,40226
44,40263
44,40279
44,40413
44,40430
44,40461
44,40641
44,40753
44,40756
44,40868
44,41007
44,41051
44,41119
44,41122
44,41137
44,41145
44,41246
44,41251
44,41255
44,41317
44,41478
44,41530
44,41575
44,41614
44,41693
44,41709
44,41726
44,41889
44,41941
44,41954
44,42001
44,42010
44,42052
44,42076
44,42112
44,42155
44,42209
44,42211
44,42227
44,42276
44,42465
44,42569
44,42644
44,42739
44,42747
44,42788
44,43089
44,43098
44,43148
44,43172
44,43280
44,43302
44,43329
44,43353
44,43493
44,43811
44,43827
44,43873
44,43925
44,43926
44,43947
44,44020
44,44087
44,44092
44,44098
44,44247
44,44280
44,44411
44,44457
44,44577
44,44603
44,44676
44,44818
44,44824
44,44830
44,44873
44,44877
44,44900
44,45154
44,45279
44,45440
44,45704
44,45727
44,45907
44,45927
44,45948
44,45950
44,45987
44,46086
44,46114
44,46244
44,46245
44,46267
44,46511
44,46557
44,46692
44,46705
44,46715
44,46765
44,46769
44,46907
44,47051
44,47109
44,47343
44,47364
44,47638
44,47791
44,47879
44,48465
44,48840
44,48856
44,49107
44,49115
44,49126
44,49452
44,49494
44,49713
44,49744
44,49817
44,49921
44,49923
44,50060
44,50223
44,50484
44,50589
44,50632
44,50741
44,50786
44,50850
44,50911
44,51220
44,51911
44,52053
44,52434
44,52471
44,52546
44,52601
44,52604
44,52875
44,52932
44,53001
44,53006
44,53084
44,53368
44,53601
44,53708
44,53904
44,53997
44,54053
44,54131
44,54253
44,54288
45,32400
45,31642
45,31725
45,31818
45,31854
45,31928
45,32293
45,32651
45,32808
45,32907
45,32965
45,33075
45,33659
45,33777
45,34085
45,34153
45,34198
45,34257
45,34258
45,34299
45,34379
45,34493
45,34772
45,34821
45,35260
45,35656
45,35895
45,36074
45,36234
45,36338
45,36498
45,36586
45,36718
45,36722
45,36803
45,37038
45,37328
45,37484
45,37547
45,37615
45,37615
45,37657
45,37845
45,37899
45,38024
45,38206
45,38212
45,38387
45,38448
45,38493
45,38654
45,39014
45,39113
45,39149
45,39295
45,39336
45,39362
45,39415
45,39424
45,39441
45,39449
45,39538
45,39588
45,39643
45,39712
45,39715
45,39740
45,39906
45,39927
45,39965
45,39989
45,40070
45,40195
45,40368
45,40455
45,40541
45,40552
45,40598
45,40699
45,40718
45,40843
45,40924
45,41159
45,41454
45,41504
45,41626
45,41635
45,41716
45,41726
45,41886
45,41888
45,41901
45,41908
45,41947
45,41959
45,41989
45,42024
45,42221
45,42259
45,42419
45,42544
45,42546
45,42563
45,42642
45,42746
45,42769
45,42775
45,42787
45,42894
45,42964
45,43046
45,43101
45,43107
45,43223
45,43241
45,43499
45,43543
45,43568
45,43603
45,43649
45,43684
45,43739
45,43752
45,43819
45,43832
45,43896
45,43997
45,44025
45,44272
45,44410
45,44448
45,44483
45,44541
45,44603
45,44690
45,44693
45,44958
45,44987
45,45117
45,45169
45,45178
45,45241
45,45399
45,45459
45,45488
45,45627
45,45746
45,45941
45,46100
45,46330
45,46400
45,46436
45,46504
45,46584
45,46992
45,47330
45,47460
45,47474
45,47490
45,47611
45,47684
45,47699
45,47765
45,47977
45,48086
45,48120
45,48300
45,48376
45,48481
45,48739
45,48816
45,48873
45,48965
45,49158
45,49158
45,49192
45,49212
45,49220
45,49245
45,49399
45,49579
45,49950
45,49953
45,50167
45,50624
45,50643
45,51027
45,51346
45,51468
45,51511
45,51648
45,51807
45,51924
45,51974
45,52098
45,52179
45,52334
45,52334
45,52450
45,52516
45,52716
45,52886
45,52987
45,53008
45,53038
45,53064
45,53074
45,53220
45,53288
45,53478
45,53563
45,53576
45,53671
45,53729
45,53759
45,53889
45,53973
45,54076
45,54138
45,54240
45,54320
45,54356
45,54556
45,54867
45,55083
46,32400
46,31592
46,31915
46,31975
46,32220
46,32266
46,32620
46,32835
46,32957
46,33323
46,33838
46,34567
46,34698
46,34936
46,35160
46,35652
46,35717
46,35786
46,35992
46,36206
46,36333
46,36792
46,36898
46,37002
46,37499
46,37527
46,38030
46,38177
46,38305
46,38457
46,38571
46,38611
46,38827
46,39132
46,39240
46,39306
46,39306
46,39430
46,39450
46,39543
46,39604
46,39655
46,39743
46,39764
46,40033
46,40046
46,40074
46,40075
46,40306
46,40448
46,40592
46,40648
46,40674
46,40771
46,40790
46,40810
46,40839
46,40898
46,40950
46,40957
46,41019
46,41024
46,41062
46,41123
46,41157
46,41159
46,41288
46,41306
46,41389
46,41425
46,41558
46,41559
46,41581
46,41639
46,41686
46,41716
46,41850
46,41866
46,41896
46,41920
46,42026
46,42176
46,42332
46,42373
46,42384
46,42446
46,42495
46,42584
46,42616
46,42708
46,42790
46,42818
46,42851
46,42941
46,42981
46,43014
46,43109
46,43205
46,43265
46,43485
46,43490
46,43554
46,43757
46,43762
46,43836
46,43888
46,43913
46,44037
46,44249
46,44267
46,44403
46,44463
46,44493
46,44508
46,44519
46,44684
46,44782
46,44820
46,44855
46,44892
46,44938
46,44940
46,44998
46,45195
46,45251
46,45370
46,45424
46,45432
46,45511
46,45586
46,45648
46,45773
46,45807
46,45861
46,45891
46,45903
46,45948
46,45948
46,46016
46,46024
46,46108
46,46109
46,46180
46,46185
46,46186
46,46221
46,46266
46,46267
46,46290
46,46351
46,46390
46,46442
46,46508
46,46573
46,46619
46,46773
46,46787
46,46929
46,47035
46,47176
46,47426
46,47759
46,47789
46,48094
46,48129
46,48182
46,48368
46,48456
46,48544
46,48603
46,48727
46,48792
46,49203
46,49412
46,49445
46,49763
46,49764
46,50078
46,50244
46,50357
46,50705
46,50800
46,50809
46,50820
46,50937
46,50939
46,51486
46,51548
46,51614
46,51770
46,51774
46,51929
46,51969
46,52419
46,52570
46,52639
46,52686
46,52823
46,52959
46,53373
46,53897
46,54035
46,54061
46,54068
46,54555
46,55157
47,32400
47,31758
47,32308
47,32543
47,32903
47,33003
47,33153
47,33336
47,33633
47,33637
47,34015
47,34292
47,34347
47,34518
47,34612
47,34830
47,35033
47,35751
47,35758
47,35772
47,35884
47,35950
47,35951
47,36010
47,36602
47,36608
47,37283
47,37569
47,37791
47,38138
47,38300
47,38370
47,38440
47,38561
47,38684
47,38755
47,38944
47,38986
47,39427
47,39518
47,39572
47,39577
47,39640
47,39654
47,39772
47,39784
47,40039
47,40108
47,40147
47,40182
47,40276
47,40285
47,40288
47,40459
47,40486
47,40492
47,40728
47,40854
47,40893
47,40905
47,40940
47,40968
47,41227
47,41357
47,41372
47,41458
47,41476
47,41490
47,41494
47,41500
47,41547
47,41671
47,41764
47,41818
47,41957
47,42032
47,42058
47,42080
47,42124
47,42183
47,42201
47,42283
47,42347
47,42413
47,42476
47,42529
47,42678
47,43001
47,43106
47,43109
47,43181
47,43182
47,43401
47,43417
47,43561
47,43618
47,43679
47,43688
47,43688
47,43763
47,43796
47,43855
47,43887
47,43928
47,43966
47,43968
47,44000
47,44091
47,44224
47,44410
47,44520
47,44531
47,44532
47,44546
47,44583
47,44595
47,44629
47,44673
47,44856
47,44911
47,44984
47,45052
47,45179
47,45224
47,45317
47,45326
47,45370
47,45430
47,45484
47,45521
47,45567
47,45649
47,45669
47,45757
47,45778
47,45783
47,45937
47,45943
47,46065
47,46087
47,46147
47,46165
47,46264
47,46277
47,46507
47,46641
47,46754
47,46847
47,46882
47,46921
47,47043
47,47154
47,47175
47,47209
47,47320
47,47583
47,47627
47,47813
47,47842
47,48345
47,48355
47,48415
47,48417
47,48647
47,49119
47,49413
47,49493
47,49937
47,49959
47,50305
47,50343
47,50414
47,50426
47,50522
47,50524
47,50736
47,50841
47,51013
47,51016
47,51253
47,51288
47,51529
47,51598
47,51622
47,51758
47,51966
47,52190
47,52217
47,52415
47,52524
47,52941
47,53246
47,53249
47,53467
47,53516
47,53980
47,54023
47,54119
47,54448
47,54498
47,55252
48,32400
48,31613
48,32064
48,32292
48,32361
48,32387
48,32402
48,32609
48,32730
48,32861
48,32890
48,32941
48,33012
48,33152
48,33276
48,33412
48,33437
48,33831
48,34062
48,34214
48,34312
48,34353
48,34544
48,34911
48,35455
48,35638
48,36108
48,36141
48,36185
48,36383
48,36487
48,36675
48,36701
48,36731
48,36829
48,36851
48,37010
48,37253
48,37271
48,37281
48,37353
48,37819
48,37996
48,38060
48,38192
48,38551
48,38716
48,38801
48,38958
48,39211
48,39279
48,39293
48,39338
48,39418
48,39422
48,39438
48,39468
48,39511
48,39624
48,39652
48,39685
48,39749
48,39893
48,39895
48,39953
48,40115
48,40251
48,40253
48,40279
48,40424
48,40523
48,40586
48,40606
48,40638
48,40646
48,40652
48,40663
48,40699
48,40734
48,40850
48,40988
48,41081
48,41163
48,41203
48,41444
48,41672
48,41749
48,41754
48,41933
48,42071
48,42090
48,42111
48,42143
48,42192
48,42201
48,42317
48,42398
48,42506
48,42575
48,42754
48,42764
48,42770
48,42789
48,42893
48,43205
48,43495
48,43590
48,43612
48,43629
48,43649
48,43659
48,43668
48,43750
48,44024
48,44028
48,44253
48,44253
48,44354
48,44429
48,44524
48,44582
48,44630
48,44633
48,44636
48,44663
48,44875
48,44889
48,44951
48,44954
48,45227
48,45232
48,45250
48,45473
48,45585
48,45725
48,45789
48,45836
48,45870
48,45879
48,45932
48,46015
48,46281
48,46314
48,46376
48,46382
48,46388
48,46507
48,46537
48,46598
48,46733
48,46866
48,47203
48,47260
48,47261
48,47317
48,47331
48,47551
48,48359
48,48582
48,48684
48,48887
48,48919
48,49020
48,49065
48,49126
48,49279
48,49481
48,49785
48,49882
48,50227
48,50229
48,50574
48,50725
48,50916
48,51033
48,51523
48,51647
48,51724
48,52156
48,52464
48,52523
48,52687
48,52987
48,53181
48,53213
48,53320
48,53358
48,53464
48,53474
48,53523
48,53744
48,53841
48,53988
48,54053
48,54219
48,54235
49,32400
49,31650
49,31962
49,32023
49,32031
49,32075
49,32315
49,32411
49,32506
49,32511
49,32541
49,32613
49,32838
49,32862
49,32920
49,33055
49,33227
49,33405
49,34410
49,34556
49,34728
49,34816
49,35048
49,35059
49,35660
49,35868
49,35879
49,36528
49,36582
49,36676
49,37134
49,37217
49,37527
49,37699
49,37812
49,37886
49,37932
49,38442
49,38570
49,38799
49,38877
49,39130
49,39143
49,39149
49,39239
49,39488
49,39510
49,39704
49,39867
49,39899
49,39905
49,39963
49,40002
49,40026
49,40163
49,40170
49,40352
49,40384
49,40551
49,40651
49,40653
49,40670
49,40674
49,40678
49,40734
49,40863
49,40952
49,40965
49,40975
49,41026
49,41092
49,41105
49,41166
49,41240
49,41349
49,41544
49,41650
49,41669
49,41711
49,41849
49,41865
49,41873
49,41894
49,41932
49,42141
49,42158
49,42232
49,42252
49,42434
49,42464
49,42586
49,42720
49,42794
49,42817
49,42827
49,42832
49,42872
49,42928
49,42986
49,43205
49,43336
49,43441
49,43482
49,43579
49,43605
49,43672
49,43705
49,43843
49,43858
49,43986
49,44121
49,44133
49,44223
49,44225
49,44309
49,44470
49,44484
49,44510
49,44547
49,44621
49,44633
49,44639
49,44648
49,44990
49,45041
49,45105
49,45129
49,45297
49,45407
49,45472
49,45551
49,45590
49,45725
49,45880
49,45891
49,45932
49,46090
49,46221
49,46229
49,46331
49,46686
49,46694
49,46751
49,46882
49,46950
49,47018
49,47514
49,47914
49,47916
49,48079
49,48481
49,48606
49,48610
49,48917
49,49063
49,49152
49,49300
49,49310
49,49383
49,49429
49,49461
49,49673
49,49684
49,49706
49,49738
49,49870
49,50569
49,50641
49,50781
49,50969
49,51046
49,51259
49,51309
49,51338
49,51435
49,51628
49,51764
49,51956
49,51964
49,52129
49,52851
49,53098
49,53120
49,53183
49,53249
49,53409
49,53880
49,54105
49,54220
49,54266
49,54673
49,54707
49,54891
50,32400
50,31602
50,31702
50,32069
50,32092
50,32363
50,32490
50,33354
50,33565
50,33626
50,33637
50,33742
50,34326
50,34493
50,34797
50,34803
50,35003
50,35229
50,35308
50,35431
50,35857
50,36247
50,36322
50,36382
50,36552
50,36864
50,36926
50,37242
50,37356
50,37698
50,37769
50,37773
50,38266
50,38603
50,38684
50,38697
50,38839
50,38944
50,39048
50,39124
50,39146
50,39288
50,39305
50,39477
50,39643
50,39687
50,39707
50,39896
50,39964
50,40038
50,40134
50,40138
50,40239
50,40242
50,40263
50,40376
50,40407
50,40455
50,40539
50,40690
50,40697
50,40881
50,41038
50,41091
50,41156
50,41315
50,41416
50,41451
50,41512
50,41514
50,41548
50,41601
50,41624
50,41653
50,41705
50,41786
50,41901
50,41946
50,41999
50,42125
50,42161
50,42168
50,42278
50,42335
50,42357
50,42457
50,42463
50,42657
50,42668
50,42765
50,42929
50,42986
50,42991
50,43003
50,43175
50,43211
50,43230
50,43253
50,43259
50,43351
50,43480
50,43718
50,43753
50,43764
50,43790
50,43961
50,44194
50,44371
50,44433
50,44563
50,44569
50,44583
50,44616
50,44753
50,44842
50,44871
50,44904
50,44911
50,44921
50,44923
50,45170
50,45272
50,45307
50,45431
50,45746
50,45857
50,45974
50,45974
50,45983
50,46009
50,46076
50,46146
50,46163
50,46193
50,46201
50,46352
50,46409
50,46446
50,46549
50,46615
50,46657
50,46668
50,46672
50,46722
50,46738
50,46793
50,46895
50,47192
50,47318
50,47631
50,47747
50,47748
50,47796
50,47980
50,48064
50,48744
50,48809
50,49036
50,49179
50,49365
50,49467
50,49504
50,49710
50,49725
50,50417
50,50622
50,50730
50,50914
50,51179
50,51325
50,51538
50,51867
50,51904
50,51909
50,51923
50,51950
50,52056
50,52150
50,52227
50,52247
50,52360
50,52522
50,52608
50,52809
50,52886
50,52957
50,53061
50,53332
50,53582
50,53690
50,53733
50,53931
50,54147
50,54261
51,32400
51,31567
51,31752
51,31998
51,31999
51,32056
51,32197
51,32453
51,32583
51,32604
51,32690
51,33091
51,33243
51,33280
51,33847
51,33892
51,34135
51,34161
51,34182
51,34207
51,34469
51,34537
51,34627
51,34718
51,34880
51,35083
51,35529
51,35584
51,35717
51,35814
51,35841
51,35887
51,36218
51,36385
51,37065
51,37066
51,37226
51,37274
51,37285
51,37815
51,38172
51,38210
51,38294
51,38495
51,38621
51,38975
51,39066
51,39309
51,39317
51,39464
51,39475
51,39491
51,39500
51,39661
51,39761
51,39821
51,39828
51,40023
51,40032
51,40037
51,40049
51,40098
51,40319
51,40595
51,40722
51,40864
51,41116
51,41169
51,41323
51,41364
51,41409
51,41412
51,41436
51,41479
51,41639
51,41665
51,41791
51,41949
51,42063
51,42234
51,42260
51,42382
51,42396
51,42475
51,42547
51,42712
51,42777
51,42891
51,42917
51,42989
51,43033
51,43132
51,43168
51,43256
51,43300
51,43326
51,43371
51,43453
51,43466
51,43614
51,43898
51,44072
51,44076
51,44090
51,44090
51,44142
51,44216
51,44275
51,44280
51,44336
51,44359
51,44443
51,44449
51,44474
51,44484
51,44558
51,44577
51,44673
51,45016
51,45136
51,45433
51,45469
51,45606
51,45629
51,45697
51,45773
51,45820
51,45888
51,45933
51,45978
51,46034
51,46071
51,46089
51,46296
51,46553
51,46570
51,46688
51,46709
51,46857
51,47087
51,47181
51,47245
51,47501
51,47546
51,47565
51,47612
51,47700
51,47709
51,48014
51,48121
51,48163
51,48211
51,48434
51,48556
51,48671
51,48794
51,48798
51,49020
51,49099
51,49185
51,49287
51,49315
51,49345
51,49590
51,49618
51,49751
51,49842
51,49889
51,50005
51,50127
51,50242
51,50363
51,50371
51,50579
51,50670
51,50799
51,50844
51,50911
51,51042
51,51046
51,51071
51,51078
51,51252
51,51374
51,51459
51,51511
51,51557
51,51635
51,51844
51,52389
51,52468
51,52487
51,52575
51,52958
51,53049
51,53208
51,53261
51,53316
51,53437
51,53495
51,53586
51,53601
51,53709
51,53910
51,53956
51,54005
51,54097
51,54123
51,54206
51,54320
51,54511
51,54522
51,55091
52,32400
52,31794
52,32030
52,32569
52,32629
52,32823
52,32960
52,33026
52,33111
52,33246
52,33259
52,33383
52,33576
52,33778
52,33837
52,34193
52,34832
52,35284
52,35756
52,35816
52,36201
52,36236
52,36445
52,36476
52,36687
52,37140
52,37269
52,37275
52,37392
52,37558
52,37629
52,37945
52,38125
52,38545
52,38672
52,38856
52,38874
52,38934
52,39108
52,39170
52,39220
52,39297
52,39415
52,39604
52,39641
52,39704
52,39740
52,39863
52,39909
52,39925
52,40088
52,40095
52,40106
52,40121
52,40243
52,40310
52,40327
52,40456
52,40473
52,40492
52,40535
52,40542
52,40623
52,40655
52,40777
52,40805
52,40885
52,40918
52,41002
52,41080
52,41085
52,41109
52,41236
52,41322
52,41353
52,41384
52,41427
52,41630
52,41798
52,41876
52,41991
52,41996
52,42246
52,42341
52,42424
52,42477
52,42632
52,42738
52,42745
52,42747
52,42767
52,42771
52,42949
52,43099
52,43152
52,43162
52,43354
52,43434
52,43472
52,43721
52,43996
52,44046
52,44167
52,44168
52,44406
52,44428
52,44457
52,44478
52,44501
52,44577
52,44613
52,44650
52,44721
52,44769
52,44794
52,44939
52,44944
52,45008
52,45149
52,45386
52,45432
52,45550
52,45644
52,45664
52,45666
52,45731
52,45833
52,46036
52,46310
52,46489
52,46530
52,46617
52,46683
52,46783
52,46853
52,46943
52,47032
52,47049
52,47241
52,47267
52,47323
52,47340
52,47516
52,47612
52,47648
52,47803
52,48180
52,48259
52,48267
52,48280
52,48287
52,48309
52,48614
52,48702
52,48972
52,48975
52,49084
52,49429
52,49508
52,49545
52,49546
52,49832
52,49873
52,49982
52,50402
52,50580
52,50680
52,50961
52,51013
52,51158
52,51228
52,51465
52,51599
52,51632
52,51757
52,51831
52,52011
52,52094
52,52254
52,52505
52,52522
52,52567
52,52686
52,52751
52,52770
52,53123
52,53516
52,53797
52,53965
52,54084
52,54092
52,54359
52,54668
53,32400
53,31620
53,31832
53,32092
53,32135
53,32223
53,32238
53,32417
53,32552
53,32757
53,33029
53,33045
53,33565
53,33663
53,33674
53,33702
53,33766
53,33831
53,33970
53,34154
53,34315
53,34571
53,34643
53,34852
53,35264
53,35688
53,35764
53,35809
53,35848
53,36362
53,36423
53,36450
53,36658
53,36694
53,36995
53,37181
53,37355
53,37794
53,38049
53,38081
53,38356
53,38420
53,38566
53,38581
53,38762
53,38776
53,38789
53,38999
53,39269
53,39287
53,39417
53,39437
53,39554
53,39554
53,39643
53,39703
53,39828
53,39918
53,39942
53,39966
53,40063
53,40100
53,40273
53,40380
53,40577
53,40656
53,40800
53,40809
53,40825
53,40911
53,40919
53,41020
53,41085
53,41162
53,41178
53,41345
53,41393
53,41429
53,41565
53,41674
53,41854
53,41940
53,42035
53,42092
53,42332
53,42364
53,42470
53,42654
53,42657
53,42725
53,42734
53,42771
53,42816
53,42816
53,42850
53,42855
53,42994
53,43114
53,43136
53,43157
53,43255
53,43258
53,43264
53,43457
53,43490
53,43730
53,43846
53,43907
53,43918
53,43966
53,44025
53,44127
53,44248
53,44447
53,44552
53,44617
53,44657
53,44711
53,44744
53,44772
53,44775
53,44829
53,44833
53,44944
53,44962
53,45035
53,45280
53,45467
53,45877
53,45886
53,45960
53,46129
53,46160
53,46184
53,46186
53,46316
53,46333
53,46518
53,46531
53,46619
53,46791
53,46922
53,47012
53,47180
53,47231
53,47232
53,47346
53,47533
53,47536
53,47603
53,47608
53,47719
53,47728
53,47737
53,47912
53,47946
53,47971
53,48302
53,48351
53,48445
53,48701
53,48879
53,48879
53,49067
53,49168
53,49177
53,49282
53,49331
53,49577
53,49578
53,49588
53,49787
53,49814
53,49850
53,49872
53,50081
53,50352
53,50461
53,50592
53,51310
53,51598
53,51608
53,51705
53,52159
53,52180
53,52200
53,52314
53,52352
53,52559
53,52786
53,53082
53,53394
53,53582
53,53793
53,53837
53,53948
53,53973
53,54060
53,54157
53,54400
53,54747
53,55031
54,32400
54,31664
54,31856
54,32128
54,32476
54,32490
54,33596
54,33650
54,33858
54,34256
54,34745
54,34819
54,35097
54,35205
54,35232
54,35244
54,35278
54,35315
54,35423
54,35597
54,35659
54,35920
54,36140
54,36593
54,36736
54,36862
54,37019
54,37121
54,37296
54,37340
54,37844
54,38103
54,38267
54,38449
54,38835
54,38916
54,39116
54,39143
54,39175
54,39187
54,39238
54,39243
54,39284
54,39379
54,39392
54,39409
54,39653
54,39741
54,39965
54,40022
54,40043
54,40074
54,40090
54,40100
54,40158
54,40158
54,40166
54,40347
54,40436
54,40504
54,40635
54,40733
54,40841
54,40857
54,40960
54,41028
54,41042
54,41332
54,41360
54,41663
54,41722
54,41928
54,42079
54,42229
54,42351
54,42358
54,42464
54,42524
54,42554
54,42568
54,42599
54,42617
54,42650
54,42686
54,43049
54,43138
54,43405
54,43495
54,43648
54,43666
54,43730
54,43761
54,43791
54,43840
54,43860
54,43877
54,43895
54,43960
54,43997
54,44009
54,44034
54,44319
54,44354
54,44517
54,44609
54,44773
54,44782
54,44789
54,44791
54,44918
54,44928
54,45049
54,45203
54,45308
54,45403
54,45423
54,45442
54,45455
54,45858
54,45927
54,46028
54,46045
54,46099
54,46545
54,46554
54,46653
54,46725
54,46753
54,46822
54,46871
54,46929
54,47162
54,47170
54,47292
54,47372
54,47504
54,47747
54,47927
54,47957
54,48157
54,48234
54,48265
54,48359
54,48405
54,48587
54,48973
54,49102
54,49211
54,49295
54,49377
54,49519
54,49667
54,49714
54,49729
54,49798
54,49937
54,50052
54,50130
54,50321
54,50397
54,50443
54,50787
54,50830
54,50969
54,51001
54,51018
54,51031
54,51062
54,51076
54,51139
54,51406
54,51524
54,51559
54,51605
54,51677
54,51736
54,51804
54,51885
54,51907
54,51939
54,52201
54,52304
54,52345
54,52677
54,52782
54,52885
54,52965
54,53180
54,53428
54,53520
54,53664
54,53794
54,54083
54,54204
54,54216
54,54240
55,32400
55,31646
55,31938
55,32037
55,32081
55,32335
55,32519
55,32578
55,32993
55,33183
55,33269
55,33450
55,33465
55,33991
55,34140
55,34374
55,34434
55,34717
55,34968
55,35066
55,35103
55,35514
55,35962
55,36143
55,36314
55,36569
55,36702
55,36835
55,37049
55,37173
55,37288
55,37469
55,37618
55,37621
55,37704
55,37765
55,37844
55,37999
55,38061
55,38165
55,38191
55,38225
55,38553
55,38915
55,39000
55,39104
55,39118
55,39149
55,39462
55,39485
55,39521
55,39632
55,39673
55,39808
55,39810
55,39836
55,39912
55,39930
55,39934
55,39940
55,40069
55,40121
55,40134
55,40175
55,40209
55,40211
55,40241
55,40359
55,40512
55,40522
55,40546
55,40550
55,40672
55,40699
55,40754
55,40786
55,40974
55,41073
55,41106
55,41135
55,41220
55,41283
55,41316
55,41377
55,41448
55,41565
55,41581
55,42045
55,42221
55,42237
55,42446
55,42462
55,42466
55,42547
55,42639
55,42664
55,42670
55,42670
55,42672
55,42687
55,42925
55,42963
55,43263
55,43396
55,43486
55,43494
55,43497
55,43570
55,43581
55,43624
55,43659
55,43685
55,43707
55,43715
55,43789
55,43837
55,43919
55,43948
55,44045
55,44111
55,44281
55,44436
55,44440
55,44657
55,44675
55,44754
55,44822
55,44846
55,44853
55,44857
55,44863
55,45023
55,45339
55,45374
55,45383
55,45394
55,45454
55,45471
55,45528
55,45617
55,45666
55,45695
55,45728
55,45768
55,45782
55,45939
55,46054
55,46161
55,46201
55,46295
55,46338
55,46412
55,46476
55,46526
55,46758
55,46852
55,46990
55,47102
55,47189
55,47399
55,47634
55,47663
55,47728
55,47995
55,48098
55,48152
55,48308
55,48327
55,48371
55,48371
55,48372
55,48585
55,48896
55,48969
55,49494
55,49532
55,49809
55,49851
55,49861
55,49879
55,50073
55,50377
55,50701
55,50888
55,51275
55,51812
55,51951
55,52022
55,52114
55,52363
55,52503
55,52536
55,52556
55,52907
55,52945
55,53131
55,53155
55,53177
55,53418
55,53501
55,53828
55,53860
55,53861
55,53921
55,54048
55,54071
55,54073
55,54106
55,54250
55,54721
55,54722
55,54970
55,55184
56,32400
56,32082
56,32311
56,32772
56,32791
56,33128
56,33276
56,33326
56,33397
56,33447
56,33665
56,33677
56,33678
56,33703
56,34038
56,34264
56,34276
56,34531
56,34949
56,34988
56,35022
56,35296
56,35497
56,35685
56,35858
56,36179
56,36705
56,36877
56,36967
56,37528
56,37546
56,37796
56,37895
56,38115
56,38202
56,38211
56,38358
56,38366
56,38729
56,38899
56,38961
56,39018
56,39166
56,39260
56,39308
56,39357
56,39424
56,39451
56,39507
56,39510
56,39516
56,39519
56,39535
56,39600
56,39621
56,39652
56,39800
56,39801
56,39897
56,39968
56,40020
56,40174
56,40189
56,40306
56,40385
56,40414
56,40472
56,40582
56,40626
56,40695
56,40720
56,40738
56,40846
56,40878
56,40881
56,40885
56,40894
56,40922
56,40924
56,41021
56,41095
56,41117
56,41225
56,41388
56,41459
56,41461
56,41558
56,41582
56,41752
56,41879
56,41882
56,41893
56,42155
56,42220
56,42353
56,42405
56,42410
56,42431
56,42439
56,42478
56,42493
56,42510
56,42664
56,42716
56,42816
56,43067
56,43288
56,43531
56,43609
56,43694
56,43718
56,43731
56,43825
56,43943
56,43993
56,43994
56,44231
56,44252
56,44364
56,44433
56,44539
56,44685
56,44692
56,44694
56,44709
56,44806
56,44819
56,44848
56,44928
56,45031
56,45125
56,45176
56,45224
56,45235
56,45339
56,45359
56,45452
56,45655
56,45720
56,45733
56,45838
56,45843
56,45922
56,45984
56,45990
56,45997
56,45998
56,46010
56,46147
56,46214
56,46256
56,46383
56,46394
56,46779
56,47064
56,47081
56,47194
56,47342
56,47479
56,47593
56,47720
56,47721
56,47887
56,48030
56,48145
56,48174
56,48200
56,48537
56,48594
56,48855
56,48923
56,50093
56,50147
56,50233
56,50476
56,50518
56,50655
56,50670
56,50802
56,50814
56,50895
56,50997
56,51123
56,51156
56,51228
56,51270
56,51400
56,51467
56,51981
56,52096
56,52138
56,52204
56,52512
56,52528
56,52655
56,52680
56,52959
56,53198
56,53275
56,53471
56,53724
56,53732
56,53799
56,53863
56,53937
56,53994
56,54077
56,54149
56,54210
56,54256
56,54271
56,54340
56,54692
56,54713
56,54805
56,54989
57,32400
57,31690
57,32470
57,32470
57,32475
57,32539
57,32625
57,32975
57,33125
57,33360
57,34288
57,34345
57,34407
57,34417
57,34893
57,35134
57,35669
57,35680
57,35706
57,36001
57,36405
57,37627
57,37823
57,38134
57,38376
57,38629
57,38797
57,38835
57,38888
57,38977
57,39081
57,39099
57,39152
57,39172
57,39219
57,39426
57,39467
57,39498
57,39583
57,39769
57,39802
57,39924
57,40176
57,40265
57,40307
57,40344
57,40509
57,40513
57,40518
57,40575
57,40643
57,40747
57,40752
57,40844
57,40883
57,40919
57,41072
57,41165
57,41325
57,41353
57,41465
57,41499
57,41631
57,41662
57,41680
57,41728
57,41766
57,41767
57,41843
57,41967
57,41968
57,41994
57,42066
57,42258
57,42297
57,42316
57,42403
57,42466
57,42595
57,42671
57,42706
57,42786
57,42789
57,42868
57,42894
57,42956
57,43135
57,43184
57,43207
57,43299
57,43315
57,43326
57,43326
57,43334
57,43377
57,43450
57,43501
57,43558
57,43608
57,43659
57,43737
57,44065
57,44087
57,44190
57,44272
57,44290
57,44380
57,44400
57,44484
57,44523
57,44533
57,44715
57,44743
57,44750
57,44768
57,44788
57,44996
57,45062
57,45169
57,45305
57,45309
57,45334
57,45483
57,45505
57,45534
57,45560
57,45679
57,45682
57,45850
57,46015
57,46128
57,46198
57,46278
57,46311
57,46323
57,46403
57,46423
57,46429
57,46458
57,46587
57,46657
57,46669
57,46702
57,46708
57,46718
57,46827
57,46832
57,46943
57,47209
57,47460
57,47571
57,47816
57,47823
57,47952
57,47990
57,48159
57,48328
57,48535
57,48555
57,49087
57,49108
57,49113
57,49127
57,49719
57,49872
57,50035
57,50173
57,50407
57,50485
57,50502
57,50758
57,50853
57,50930
57,51179
57,51254
57,51271
57,51277
57,51499
57,51501
57,51529
57,51530
57,51677
57,51684
57,51692
57,51746
57,51977
57,52012
57,52053
57,52391
57,52649
57,53176
57,53205
57,53216
57,53476
57,53516
57,53574
57,53664
57,53690
57,54350
57,54610
57,54648
57,54845
57,55000
58,32400
58,31554
58,31816
58,31841
58,31873
58,32461
58,32546
58,32753
58,33352
58,33810
58,34386
58,34410
58,34476
58,34509
58,34596
58,34763
58,34898
58,34947
58,35017
58,35367
58,35402
58,35497
58,35598
58,35759
58,35885
58,35944
58,36086
58,36157
58,36441
58,36464
58,37279
58,38033
58,38302
58,38588
58,39270
58,39708
58,39931
58,40082
58,40311
58,40343
58,40492
58,40584
58,40610
58,40625
58,40634
58,40730
58,40845
58,40855
58,41032
58,41083
58,41112
58,41139
58,41144
58,41515
58,41579
58,41607
58,41614
58,41695
58,42097
58,42166
58,42240
58,42248
58,42257
58,42290
58,42387
58,42418
58,42493
58,42640
58,42884
58,43005
58,43012
58,43085
58,43178
58,43194
58,43297
58,43346
58,43457
58,43531
58,43596
58,43601
58,43628
58,43671
58,43815
58,43922
58,43971
58,44105
58,44107
58,44139
58,44298
58,44375
58,44399
58,44430
58,44454
58,44504
58,44655
58,44839
58,44909
58,44929
58,44975
58,45092
58,45113
58,45220
58,45369
58,45467
58,45542
58,45610
58,45645
58,45894
58,45943
58,45945
58,45981
58,46109
58,46120
58,46131
58,46171
58,46224
58,46332
58,46401
58,46416
58,46450
58,46498
58,46616
58,46640
58,46849
58,46867
58,47009
58,47018
58,47079
58,47104
58,47309
58,47374
58,47481
58,47625
58,48423
58,48624
58,48740
58,48875
58,48895
58,49129
58,49174
58,49186
58,49240
58,49354
58,49371
58,49431
58,49547
58,49557
58,49621
58,50077
58,50205
58,50406
58,50479
58,50607
58,50610
58,50613
58,50921
58,50968
58,51306
58,51492
58,51529
58,52261
58,52275
58,52276
58,52692
58,52828
58,52879
58,53003
58,53031
58,53688
58,53720
58,53990
58,54134
58,54248
58,54359
59,32400
59,31528
59,31745
59,31760
59,32005
59,32095
59,32129
59,32390
59,32591
59,33226
59,33341
59,34082
59,34202
59,34303
59,34526
59,34581
59,35356
59,35654
59,35661
59,35819
59,36019
59,36044
59,36052
59,36290
59,36676
59,36752
59,36768
59,36886
59,37131
59,37243
59,37669
59,37871
59,37917
59,38105
59,38560
59,38623
59,38721
59,38792
59,38888
59,39230
59,39509
59,39594
59,39687
59,39727
59,39811
59,40113
59,40125
59,40132
59,40245
59,40300
59,40306
59,40352
59,40467
59,40537
59,40541
59,40558
59,40584
59,40689
59,40737
59,40852
59,40855
59,41188
59,41238
59,41319
59,41381
59,41486
59,41508
59,41771
59,42000
59,42016
59,42125
59,42286
59,42360
59,42388
59,42542
59,42547
59,42660
59,42664
59,43086
59,43108
59,43159
59,43180
59,43287
59,43375
59,43674
59,43675
59,43901
59,43913
59,43920
59,44067
59,44128
59,44148
59,44181
59,44194
59,44226
59,44429
59,44436
59,44676
59,44686
59,44705
59,44711
59,44835
59,44887
59,44940
59,44978
59,44989
59,44998
59,45024
59,45119
59,45166
59,45322
59,45482
59,45491
59,45691
59,45792
59,45817
59,45874
59,46044
59,46169
59,46207
59,46220
59,46259
59,46431
59,46520
59,46596
59,46706
59,46848
59,46958
59,47059
59,47109
59,47154
59,47259
59,47331
59,47338
59,47520
59,47604
59,47909
59,48065
59,48090
59,48298
59,48312
59,48339
59,48432
59,48546
59,48561
59,48576
59,48585
59,48649
59,48675
59,48732
59,49031
59,49146
59,49222
59,49451
59,49525
59,49532
59,49713
59,49739
59,49871
59,49952
59,50011
59,50079
59,50292
59,50618
59,50623
59,50984
59,50985
59,50996
59,51042
59,51062
59,51167
59,51293
59,51895
59,51963
59,52045
59,52240
59,52467
59,52525
59,52591
59,52657
59,52754
59,52754
59,52905
59,52917
59,52936
59,53138
59,53340
59,53387
59,53485
59,53487
59,53498
59,53541
59,53702
59,53751
59,54192
59,54196
59,54514
60,32400
60,31628
60,32083
60,32260
60,32323
60,32415
60,32828
60,33003
60,33039
60,33121
60,33145
60,33437
60,33538
60,33818
60,33974
60,34260
60,34298
60,34307
60,34374
60,34403
60,34409
60,34514
60,34713
60,34834
60,34846
60,34879
60,34935
60,35024
60,35608
60,35889
60,36094
60,36306
60,36312
60,36359
60,36427
60,36977
60,37005
60,37268
60,37304
60,37552
60,37718
60,37922
60,38171
60,38286
60,38301
60,38851
60,39196
60,39347
60,39647
60,39665
60,39732
60,39815
60,39868
60,39881
60,39971
60,40221
60,40249
60,40266
60,40295
60,40317
60,40440
60,40447
60,40624
60,40767
60,40813
60,40816
60,40975
60,40987
60,41039
60,41218
60,41231
60,41293
60,41397
60,41439
60,41483
60,41511
60,41589
60,41599
60,41741
60,41782
60,41887
60,41966
60,42114
60,42285
60,42345
60,42350
60,42450
60,42542
60,42583
60,42618
60,42837
60,42916
60,42991
60,43007
60,43107
60,43175
60,43179
60,43185
60,43265
60,43282
60,43361
60,43424
60,43462
60,43668
60,43727
60,43878
60,43935
60,43942
60,43973
60,44044
60,44109
60,44221
60,44288
60,44292
60,44297
60,44336
60,44349
60,44393
60,44522
60,44533
60,44597
60,44600
60,44851
60,44967
60,45093
60,45168
60,45191
60,45202
60,45391
60,45461
60,45503
60,45511
60,45562
60,45822
60,45852
60,45895
60,45943
60,45985
60,45995
60,46025
60,46079
60,46250
60,46316
60,46456
60,46470
60,46500
60,46663
60,46732
60,46881
60,47011
60,47041
60,47050
60,47087
60,47184
60,47190
60,47384
60,47439
60,47601
60,47924
60,47949
60,47988
60,48152
60,48183
60,48473
60,48591
60,48934
60,49313
60,49466
60,49639
60,49798
60,49819
60,49960
60,49979
60,50279
60,50307
60,50436
60,50466
60,50678
60,51148
60,51170
60,51315
60,51616
60,51838
60,51932
60,51952
60,52033
60,52066
60,52351
60,52771
60,53090
60,53347
60,54178
60,54210
60,54236
60,54435
60,54567
60,54605
60,54838
60,55082
61,32400
61,31599
61,31607
61,32091
61,32206
61,32414
61,32554
61,32821
61,33091
61,33649
61,33841
61,33914
61,34004
61,34082
61,34126
61,34286
61,34787
61,34813
61,35738
61,35750
61,36017
61,36054
61,36433
61,36947
61,37089
61,37426
61,37444
61,37520
61,37812
61,37973
61,38020
61,38213
61,38238
61,38417
61,38481
61,38622
61,38684
61,38985
61,39035
61,39067
61,39233
61,39266
61,39297
61,39319
61,39437
61,39515
61,39515
61,39520
61,39579
61,39627
61,39682
61,39710
61,39883
61,39941
61,39975
61,40482
61,40667
61,40695
61,40748
61,40774
61,40819
61,40868
61,40924
61,41004
61,41232
61,41324
61,41427
61,41459
61,41477
61,41489
61,41588
61,41699
61,41728
61,41939
61,41990
61,42147
61,42161
61,42299
61,42299
61,42428
61,42597
61,42698
61,42795
61,42865
61,42916
61,42961
61,43113
61,43141
61,43304
61,43349
61,43476
61,43539
61,43760
61,43801
61,43824
61,43852
61,43910
61,44068
61,44180
61,44196
61,44201
61,44269
61,44316
61,44402
61,44404
61,44462
61,44491
61,44749
61,45025
61,45106
61,45119
61,45187
61,45408
61,45527
61,45546
61,45659
61,45697
61,45954
61,45964
61,46126
61,46239
61,46312
61,46337
61,46394
61,46478
61,46560
61,46787
61,46934
61,47194
61,47323
61,47527
61,47535
61,47818
61,47848
61,47884
61,48182
61,48659
61,48700
61,48728
61,48745
61,48834
61,48863
61,49047
61,49157
61,49198
61,49396
61,49404
61,49481
61,49607
61,49662
61,49823
61,49931
61,50393
61,50619
61,50760
61,50963
61,50968
61,51048
61,51122
61,51184
61,51256
61,51361
61,51485
61,51659
61,51664
61,51681
61,51760
61,51804
61,51818
61,52577
61,52904
61,53060
61,53090
61,53671
61,53832
61,53907
61,54334
61,54482
61,54518
62,32400
62,31759
62,31893
62,31903
62,32215
62,32567
62,32685
62,33139
62,33146
62,33323
62,34456
62,34511
62,34736
62,34849
62,34960
62,35050
62,35188
62,35200
62,35202
62,35367
62,35375
62,35449
62,35682
62,36132
62,36428
62,36507
62,36598
62,36682
62,36692
62,37113
62,37593
62,37972
62,38016
62,38378
62,38678
62,38726
62,38869
62,38903
62,38986
62,39163
62,39202
62,39270
62,39542
62,39777
62,39795
62,39808
62,39837
62,39850
62,39898
62,39912
62,40043
62,40135
62,40137
62,40187
62,40301
62,40447
62,40643
62,40722
62,40895
62,40937
62,41058
62,41156
62,41183
62,41335
62,41406
62,41413
62,41438
62,41452
62,41458
62,41484
62,41735
62,41741
62,41858
62,41865
62,41932
62,42059
62,42076
62,42176
62,42180
62,42213
62,42231
62,42281
62,42318
62,42325
62,42506
62,42508
62,42527
62,42584
62,42596
62,42631
62,42632
62,42644
62,42671
62,42682
62,42742
62,42903
62,43013
62,43014
62,43103
62,43170
62,43196
62,43221
62,43324
62,43405
62,43576
62,43590
62,43794
62,43797
62,44542
62,44588
62,44596
62,44803
62,44873
62,44889
62,45019
62,45071
62,45293
62,45396
62,45523
62,45534
62,45873
62,45978
62,45999
62,46299
62,46344
62,46426
62,46478
62,46490
62,46558
62,46626
62,46977
62,47005
62,47083
62,47125
62,47410
62,47514
62,47629
62,47716
62,47802
62,47876
62,48272
62,48289
62,48293
62,48658
62,48812
62,48855
62,49003
62,49059
62,49091
62,49170
62,49179
62,49306
62,49335
62,49429
62,49524
62,49898
62,50304
62,50467
62,50482
62,50641
62,50966
62,51029
62,51174
62,51214
62,51245
62,51258
62,51312
62,51321
62,51524
62,51968
62,52132
62,52170
62,52258
62,52546
62,52582
62,52601
62,52714
62,52836
62,52885
62,53087
62,53094
62,53154
62,53468
62,53618
62,53850
62,54184
62,54215
63,32400
63,31579
63,31757
63,31818
63,32270
63,32306
63,32327
63,32475
63,32894
63,33029
63,34216
63,34669
63,34800
63,34927
63,34965
63,35133
63,35320
63,35324
63,35401
63,35578
63,36036
63,36168
63,36661
63,36706
63,36888
63,37094
63,37342
63,37412
63,37475
63,37609
63,37861
63,37898
63,37943
63,38131
63,38249
63,38291
63,38359
63,38651
63,38658
63,38733
63,38991
63,39131
63,39192
63,39357
63,39474
63,39511
63,39530
63,39580
63,39603
63,39612
63,39715
63,39817
63,39887
63,39903
63,39961
63,40039
63,40195
63,40198
63,40317
63,40455
63,40498
63,40624
63,40648
63,40757
63,40778
63,40834
63,40839
63,40904
63,40944
63,40962
63,40996
63,41008
63,41284
63,41295
63,41360
63,41363
63,41434
63,41571
63,41711
63,41838
63,42027
63,42130
63,42143
63,42167
63,42432
63,42464
63,42491
63,42509
63,42525
63,42575
63,42645
63,42691
63,42719
63,42801
63,42804
63,42877
63,42991
63,43111
63,43220
63,43224
63,43317
63,43348
63,43398
63,44009
63,44371
63,44777
63,44830
63,44957
63,44963
63,45031
63,45053
63,45147
63,45184
63,45426
63,45438
63,45668
63,45742
63,45787
63,46085
63,46113
63,46325
63,46494
63,46546
63,46551
63,46626
63,46659
63,46789
63,47075
63,47255
63,47363
63,47607
63,48062
63,48102
63,48203
63,48322
63,48360
63,48378
63,48379
63,48434
63,48499
63,48523
63,48588
63,48617
63,48688
63,48715
63,48789
63,48798
63,48802
63,48828
63,48884
63,48999
63,49231
63,49301
63,49636
63,49924
63,49984
63,50371
63,50380
63,50448
63,50553
63,50833
63,50933
63,51011
63,51142
63,51359
63,51673
63,51678
63,51743
63,52153
63,52267
63,52304
63,52363
63,52397
63,52798
63,52806
63,52851
63,52905
63,53016
63,53259
63,53572
63,53764
63,53879
63,53953
63,54008
63,54043
63,54054
63,54160
63,54203
63,54314
63,54761
63,54821
63,54994
63,55058
63,55151
64,32400
64,31768
64,31815
64,31872
64,32075
64,32175
64,32586
64,32719
64,32768
64,33278
64,33476
64,33504
64,33594
64,33778
64,34175
64,34303
64,34442
64,34745
64,34899
64,34979
64,35039
64,35064
64,35391
64,35692
64,35858
64,36104
64,36279
64,36386
64,36559
64,36617
64,36622
64,36791
64,37202
64,37203
64,37314
64,38384
64,38466
64,38501
64,38627
64,39367
64,39468
64,39827
64,39881
64,39919
64,40085
64,40092
64,40102
64,40111
64,40112
64,40165
64,40280
64,40338
64,40467
64,40616
64,40740
64,40823
64,40920
64,40990
64,41003
64,41145
64,41443
64,41587
64,41637
64,41668
64,41873
64,41944
64,42012
64,42467
64,42505
64,42581
64,42595
64,42698
64,42800
64,42815
64,42987
64,43146
64,43209
64,43264
64,43443
64,43492
64,43511
64,43515
64,43598
64,43661
64,43709
64,43800
64,43826
64,43859
64,43922
64,43948
64,43950
64,43963
64,44097
64,44122
64,44172
64,44365
64,44432
64,44459
64,44578
64,44627
64,44663
64,44683
64,44795
64,44796
64,44815
64,44887
64,45270
64,45445
64,45492
64,45663
64,45874
64,45933
64,45940
64,45950
64,46017
64,46209
64,46218
64,46279
64,46292
64,46303
64,46423
64,46426
64,46443
64,46449
64,46469
64,46473
64,46518
64,46586
64,46615
64,46651
64,46805
64,47038
64,47067
64,47194
64,47218
64,47274
64,47425
64,47526
64,47592
64,47688
64,47800
64,47813
64,47930
64,48323
64,48435
64,48572
64,48574
64,48589
64,48622
64,48658
64,48795
64,48834
64,49009
64,49064
64,49089
64,49108
64,49178
64,49189
64,49245
64,49382
64,49439
64,49529
64,49558
64,49873
64,49954
64,50063
64,50126
64,50144
64,50506
64,50820
64,50959
64,50971
64,51089
64,51195
64,51299
64,51406
64,51408
64,51576
64,51841
64,51870
64,52130
64,52173
64,52303
64,52313
64,52478
64,52615
64,52663
64,52764
64,53055
64,53235
64,53325
64,53418
64,53669
64,53882
64,53901
64,53948
64,54045
64,54076
64,54148
64,54270
65,32400
65,31694
65,31711
65,31958
65,32156
65,32395
65,32523
65,32753
65,32814
65,33198
65,33239
65,33312
65,33579
65,33982
65,34046
65,34920
65,35141
65,35870
65,35985
65,36149
65,36524
65,36555
65,36865
65,36968
65,37129
65,37137
65,37171
65,37232
65,37773
65,37818
65,37841
65,38158
65,38251
65,38317
65,38349
65,38738
65,38811
65,39005
65,39125
65,39441
65,39484
65,39516
65,39569
65,39580
65,39776
65,39833
65,39893
65,39952
65,39975
65,40150
65,40151
65,40218
65,40279
65,40349
65,40480
65,40489
65,40568
65,40583
65,40605
65,40609
65,40815
65,40837
65,40923
65,40927
65,40987
65,40994
65,41074
65,41198
65,41278
65,41539
65,41606
65,41805
65,41813
65,41942
65,42049
65,42137
65,42251
65,42282
65,42302
65,42417
65,42419
65,42451
65,42494
65,42531
65,42591
65,42606
65,42630
65,42811
65,42833
65,42897
65,43175
65,43530
65,43588
65,43655
65,43791
65,43911
65,43922
65,44057
65,44122
65,44337
65,44413
65,44454
65,44515
65,44544
65,44580
65,44684
65,44764
65,44789
65,45007
65,45054
65,45124
65,45223
65,45276
65,45395
65,45606
65,45633
65,45806
65,45976
65,46075
65,46208
65,46261
65,46406
65,46530
65,46587
65,46607
65,46693
65,46774
65,46792
65,46819
65,46963
65,46971
65,47309
65,47675
65,47708
65,47727
65,47960
65,48057
65,48282
65,48342
65,48348
65,48484
65,48506
65,48553
65,48692
65,48771
65,48852
65,49170
65,49261
65,49352
65,49418
65,49502
65,49551
65,49557
65,49725
65,50372
65,50466
65,50514
65,50891
65,50912
65,50982
65,51111
65,51123
65,51200
65,51241
65,51332
65,51343
65,51414
65,51657
65,51715
65,51840
65,52085
65,52094
65,52166
65,52564
65,52581
65,52621
65,52655
65,52818
65,52870
65,52943
65,53169
65,53172
65,53203
65,53259
65,53306
65,53317
65,53400
65,53482
65,53507
65,53580
65,53596
65,53607
65,53665
65,53700
65,54013
65,54141
65,54318
65,54713
66,32400
66,32301
66,32403
66,32524
66,32710
66,33017
66,33060
66,33133
66,33257
66,33260
66,33381
66,33472
66,33542
66,33590
66,33884
66,34024
66,34225
66,34289
66,34309
66,34409
66,34537
66,35173
66,35503
66,35511
66,35713
66,36177
66,36222
66,36449
66,36451
66,36737
66,37071
66,37310
66,37349
66,37855
66,38014
66,38262
66,38976
66,38977
66,39005
66,39115
66,39172
66,39246
66,39338
66,39391
66,39414
66,39468
66,39672
66,39682
66,39760
66,39779
66,39811
66,39919
66,40145
66,40185
66,40220
66,40400
66,40435
66,40586
66,40789
66,40829
66,40992
66,40996
66,41003
66,41035
66,41132
66,41354
66,41664
66,42137
66,42305
66,42457
66,42462
66,42638
66,42684
66,42958
66,43017
66,43170
66,43290
66,43299
66,43324
66,43371
66,43479
66,43517
66,43551
66,43583
66,43659
66,43918
66,44022
66,44176
66,44217
66,44227
66,44357
66,44363
66,44465
66,44523
66,44693
66,44730
66,44744
66,44827
66,44828
66,44896
66,44917
66,44960
66,44981
66,45459
66,45487
66,45500
66,45628
66,45857
66,45937
66,46275
66,46390
66,46490
66,46515
66,46545
66,46594
66,46800
66,46967
66,47038
66,47153
66,47203
66,47258
66,47425
66,47512
66,47543
66,47555
66,47584
66,47586
66,47657
66,47686
66,47717
66,47869
66,47886
66,47892
66,48091
66,48212
66,48315
66,48348
66,48432
66,48523
66,48612
66,48881
66,48888
66,48939
66,49125
66,49140
66,49164
66,49399
66,49478
66,49583
66,49591
66,49629
66,49796
66,49871
66,49942
66,50041
66,50125
66,50266
66,50397
66,50533
66,50565
66,50571
66,50821
66,50905
66,50944
66,50999
66,51045
66,51081
66,51219
66,51444
66,51568
66,51694
66,51788
66,51855
66,51878
66,52598
66,52637
66,52754
66,52864
66,52998
66,53067
66,53160
66,53575
66,53614
66,53765
66,54168
66,54190
66,54218
66,54928
66,55258
67,32400
67,31896
67,31939
67,31979
67,31998
67,32109
67,32130
67,32172
67,32717
67,33113
67,33148
67,33321
67,33843
67,34766
67,34770
67,34905
67,35189
67,35663
67,35738
67,35942
67,36152
67,36195
67,36244
67,36814
67,36981
67,37008
67,37436
67,37442
67,37468
67,38156
67,38429
67,38614
67,38907
67,38931
67,39149
67,39168
67,39175
67,39206
67,39234
67,39345
67,39361
67,39427
67,39433
67,39467
67,39484
67,39495
67,39654
67,39675
67,39709
67,39750
67,39839
67,39897
67,39899
67,39963
67,40002
67,40007
67,40099
67,40150
67,40322
67,40509
67,40633
67,40650
67,40659
67,40912
67,40990
67,41004
67,41035
67,41155
67,41176
67,41180
67,41337
67,41411
67,41528
67,41548
67,41626
67,41814
67,41814
67,42077
67,42107
67,42171
67,42176
67,42241
67,42439
67,42489
67,42495
67,42570
67,42808
67,42817
67,42860
67,42942
67,43085
67,43122
67,43156
67,43428
67,43450
67,43577
67,44016
67,44097
67,44164
67,44177
67,44180
67,44220
67,44389
67,44411
67,44619
67,44672
67,44808
67,44868
67,44903
67,45034
67,45076
67,45101
67,45171
67,45434
67,45577
67,45628
67,45630
67,45661
67,45685
67,45846
67,45851
67,45854
67,45876
67,45967
67,45983
67,46054
67,46057
67,46075
67,46168
67,46200
67,46201
67,46566
67,46674
67,46705
67,46771
67,46817
67,46818
67,46851
67,46895
67,46928
67,46970
67,47036
67,47098
67,47173
67,47202
67,47211
67,47263
67,47316
67,47329
67,47374
67,47457
67,47529
67,47745
67,47808
67,47963
67,48133
67,48200
67,48400
67,48584
67,48599
67,48673
67,48981
67,49292
67,49361
67,49371
67,49512
67,49543
67,49817
67,49879
67,50069
67,50168
67,50169
67,50280
67,50308
67,50373
67,50395
67,50813
67,51027
67,51128
67,51144
67,51365
67,51464
67,51895
67,51944
67,51951
67,52037
67,52050
67,52237
67,52342
67,52727
67,52747
67,52908
67,53285
67,53680
67,53876
67,53902
67,54088
67,54272
67,54301
67,54590
67,55186
68,32400
68,31583
68,31638
68,31735
68,31773
68,31977
68,32052
68,32143
68,32313
68,32492
68,32528
68,32615
68,32713
68,33031
68,33518
68,33588
68,33796
68,34382
68,34426
68,35394
68,35425
68,35504
68,35671
68,35676
68,35797
68,36308
68,37582
68,38299
68,38472
68,39134
68,39134
68,39151
68,39197
68,39242
68,39386
68,39530
68,39541
68,39568
68,39733
68,39805
68,39860
68,39951
68,39985
68,40068
68,40134
68,40206
68,40382
68,40625
68,40632
68,40664
68,40665
68,40750
68,40889
68,41209
68,41248
68,41251
68,41253
68,41421
68,41486
68,41498
68,41564
68,41626
68,41632
68,41691
68,41769
68,41778
68,41803
68,41937
68,41942
68,42177
68,42207
68,42215
68,42239
68,42420
68,42437
68,42541
68,42684
68,42769
68,42784
68,42876
68,42913
68,42917
68,42990
68,43062
68,43456
68,43564
68,43629
68,43635
68,43798
68,43809
68,43843
68,43862
68,43983
68,44062
68,44072
68,44240
68,44349
68,44370
68,44398
68,44488
68,44508
68,44527
68,44537
68,44596
68,44669
68,44764
68,44806
68,44830
68,45023
68,45169
68,45173
68,45222
68,45320
68,45406
68,45426
68,45527
68,45603
68,45643
68,45743
68,45860
68,45904
68,45909
68,45964
68,45997
68,46164
68,46170
68,46245
68,46395
68,46396
68,46459
68,46476
68,46570
68,46653
68,46659
68,46661
68,46700
68,46729
68,46831
68,46842
68,46994
68,47007
68,47050
68,47200
68,47326
68,47345
68,47406
68,47498
68,47509
68,47889
68,47914
68,48012
68,48054
68,48080
68,48121
68,48153
68,48185
68,48270
68,48314
68,48386
68,48726
68,48744
68,48762
68,48904
68,49255
68,49353
68,49414
68,49670
68,49689
68,49973
68,50000
68,50060
68,50255
68,50452
68,50733
68,50813
68,51012
68,51246
68,51382
68,51656
68,51722
68,51946
68,52604
68,52800
68,52931
68,53659
68,53810
68,54046
68,54094
68,54254
68,54622
69,32400
69,31590
69,31685
69,32030
69,32058
69,32135
69,32471
69,32672
69,32705
69,32709
69,32889
69,33032
69,33118
69,33379
69,33583
69,33744
69,34091
69,34187
69,34536
69,34824
69,34858
69,35685
69,36166
69,36258
69,36397
69,36431
69,36442
69,36592
69,36860
69,36881
69,36914
69,36978
69,37213
69,37517
69,37551
69,37893
69,38024
69,38038
69,38043
69,38093
69,38558
69,38853
69,38936
69,38981
69,39106
69,39133
69,39211
69,39300
69,39324
69,39358
69,39392
69,39508
69,39520
69,39540
69,39553
69,39563
69,39613
69,39675
69,39700
69,39705
69,39834
69,39893
69,39908
69,39943
69,40111
69,40158
69,40193
69,40200
69,40459
69,40565
69,40605
69,40636
69,40666
69,41047
69,41062
69,41080
69,41137
69,41139
69,41198
69,41351
69,41403
69,41445
69,41534
69,41597
69,41882
69,41928
69,41959
69,42039
69,42085
69,42088
69,42244
69,42263
69,42324
69,42400
69,42420
69,42506
69,42567
69,42719
69,42770
69,43090
69,43131
69,43149
69,43165
69,43199
69,43364
69,43429
69,43464
69,43490
69,43497
69,43932
69,44098
69,44124
69,44169
69,44195
69,44270
69,44298
69,44328
69,44400
69,44565
69,44746
69,44770
69,44793
69,44850
69,44854
69,44929
69,44943
69,45093
69,45220
69,45606
69,45615
69,45699
69,45750
69,45780
69,45853
69,45873
69,45912
69,46011
69,46049
69,46319
69,46466
69,46477
69,46483
69,46511
69,46556
69,46563
69,46621
69,46758
69,46759
69,46836
69,46953
69,47048
69,47050
69,47191
69,47330
69,47355
69,47393
69,47587
69,47627
69,47914
69,48201
69,48450
69,48452
69,48704
69,49166
69,49169
69,49218
69,49309
69,49327
69,49738
69,49886
69,50248
69,50290
69,50563
69,50656
69,50673
69,50678
69,50735
69,50863
69,50940
69,51168
69,51393
69,51446
69,51495
69,51510
69,51685
69,52035
69,52624
69,52794
69,52797
69,52851
69,52854
69,53081
69,53125
69,53209
69,53302
69,53408
69,53578
69,53618
69,53791
69,53870
69,54109
69,54219
69,54409
69,54965
69,55242
70,32400
70,32244
70,32350
70,32515
70,32777
70,32784
70,32967
70,33019
70,33129
70,33179
70,33219
70,33240
70,33615
70,33886
70,34034
70,34053
70,34112
70,34171
70,34450
70,34768
70,34847
70,34848
70,34860
70,35147
70,35217
70,35307
70,35413
70,35489
70,35490
70,35662
70,35674
70,35782
70,36058
70,36158
70,36339
70,36469
70,36558
70,37085
70,37505
70,37526
70,37754
70,37798
70,37802
70,37859
70,37998
70,38109
70,38210
70,38301
70,38413
70,38447
70,38554
70,38571
70,39048
70,39283
70,39398
70,39421
70,39496
70,39677
70,39695
70,39701
70,39801
70,40065
70,40116
70,40249
70,40316
70,40388
70,40649
70,40702
70,40882
70,41097
70,41197
70,41255
70,41266
70,41305
70,41379
70,41447
70,41491
70,41527
70,41606
70,41613
70,41667
70,41782
70,42272
70,42290
70,42412
70,42448
70,42450
70,42563
70,42672
70,42826
70,42962
70,43083
70,43096
70,43182
70,43285
70,43350
70,43455
70,43542
70,43557
70,43605
70,43699
70,43699
70,43835
70,43841
70,43883
70,43911
70,43933
70,44014
70,44035
70,44399
70,44480
70,44493
70,44648
70,44690
70,44715
70,44847
70,44883
70,44885
70,44944
70,45211
70,45253
70,45260
70,45305
70,45327
70,45370
70,45563
70,45661
70,45748
70,45766
70,45779
70,45788
70,45862
70,45918
70,46246
70,46274
70,46298
70,46364
70,46547
70,46638
70,46734
70,46744
70,46919
70,47005
70,47132
70,47136
70,47212
70,47245
70,47433
70,47480
70,47482
70,47545
70,47895
70,47933
70,48078
70,48095
70,48224
70,48236
70,48330
70,48352
70,48563
70,48592
70,48642
70,48883
70,49166
70,49356
70,49549
70,49550
70,49793
70,49885
70,49889
70,49918
70,49944
70,50208
70,50250
70,50333
70,50362
70,50586
70,50647
70,50680
70,50698
70,50761
70,50773
70,50939
70,51014
70,51098
70,51190
70,51235
70,51278
70,51293
70,51367
70,51452
70,51558
70,51606
70,51828
70,51878
70,52337
70,52338
70,52399
70,52467
70,52527
70,52604
70,52649
70,52834
70,52843
70,52873
70,53177
70,53191
70,53304
70,53328
70,53680
70,53697
70,53747
70,53995
70,54003
70,54171
70,54253
70,54294
70,54334
70,54636
70,55213
71,32400
71,31666
71,31735
71,31801
71,32189
71,32894
71,33099
71,33196
71,33316
71,33465
71,33663
71,33682
71,34060
71,34279
71,34318
71,34426
71,34588
71,34779
71,35010
71,35313
71,35396
71,35600
71,35755
71,36024
71,36190
71,36202
71,36459
71,36801
71,36878
71,37011
71,37045
71,37366
71,37374
71,37758
71,37863
71,38313
71,38325
71,38425
71,38477
71,38721
71,39127
71,39164
71,39222
71,39257
71,39394
71,39632
71,39657
71,39823
71,39859
71,39919
71,39933
71,39948
71,40014
71,40065
71,40125
71,40208
71,40263
71,40284
71,40288
71,40331
71,40396
71,40483
71,40492
71,40511
71,40521
71,40561
71,40709
71,40789
71,40796
71,40909
71,40981
71,41159
71,41161
71,41162
71,41211
71,41214
71,41264
71,41272
71,41314
71,41347
71,41385
71,41570
71,41649
71,41660
71,41799
71,41850
71,41877
71,42017
71,42091
71,42238
71,42313
71,42660
71,42697
71,42911
71,43140
71,43159
71,43347
71,43371
71,43378
71,43425
71,43546
71,43644
71,43663
71,43790
71,43930
71,43986
71,43992
71,44218
71,44258
71,44283
71,44314
71,44347
71,44379
71,44382
71,44478
71,44573
71,44627
71,45024
71,45114
71,45236
71,45269
71,45321
71,45387
71,45730
71,45763
71,45927
71,45960
71,45960
71,46440
71,46451
71,46542
71,46557
71,46591
71,46708
71,46873
71,46892
71,47318
71,47321
71,47341
71,47437
71,47487
71,47570
71,47737
71,47740
71,47782
71,47919
71,47941
71,48011
71,48014
71,48156
71,48227
71,48677
71,48724
71,48743
71,48911
71,49040
71,49132
71,49276
71,49276
71,49342
71,49343
71,49353
71,49780
71,50010
71,50055
71,50124
71,50426
71,50821
71,50866
71,50954
71,50974
71,51116
71,51416
71,51497
71,51555
71,51643
71,51780
71,51823
71,51971
71,52008
71,52026
71,52227
71,52231
71,52289
71,52327
71,52359
71,52558
71,52865
71,53068
71,53149
71,53159
71,53329
71,53592
71,54080
71,54205
71,54254
71,54281
71,54313
71,54348
71,54658
71,54789
72,32400
72,31694
72,32135
72,32240
72,32264
72,32308
72,32472
72,32641
72,32753
72,33069
72,33244
72,33296
72,33634
72,33675
72,33879
72,33983
72,34160
72,34560
72,35256
72,35925
72,35928
72,36231
72,36543
72,36783
72,36824
72,36897
72,37147
72,37209
72,37331
72,37410
72,37665
72,37807
72,38004
72,38022
72,38338
72,38578
72,38692
72,38693
72,38698
72,38723
72,39002
72,39133
72,39368
72,39376
72,39381
72,39523
72,39582
72,39833
72,39834
72,39849
72,39851
72,39903
72,39957
72,39990
72,40068
72,40078
72,40090
72,40099
72,40129
72,40217
72,40267
72,40370
72,40374
72,40439
72,40511
72,40581
72,40619
72,40669
72,40761
72,40765
72,40916
72,41052
72,41089
72,41216
72,41322
72,41349
72,41542
72,41954
72,41965
72,41967
72,42014
72,42109
72,42199
72,42247
72,42469
72,42489
72,42833
72,42844
72,42989
72,43146
72,43274
72,43365
72,43387
72,43660
72,43789
72,43981
72,44099
72,44161
72,44172
72,44214
72,44214
72,44290
72,44334
72,44445
72,44520
72,44589
72,44613
72,44622
72,44675
72,44690
72,44713
72,44719
72,44732
72,44833
72,44868
72,44901
72,45026
72,45069
72,45458
72,45470
72,45604
72,45665
72,45692
72,45790
72,45855
72,45888
72,46188
72,46229
72,46278
72,46424
72,46531
72,46660
72,46804
72,47207
72,47225
72,47544
72,47701
72,47884
72,47896
72,47902
72,47903
72,47943
72,48035
72,48035
72,48056
72,48161
72,48203
72,48622
72,48639
72,48708
72,48789
72,48843
72,48846
72,48881
72,48894
72,48964
72,48986
72,49296
72,49297
72,49467
72,49637
72,49837
72,49894
72,49938
72,50267
72,50289
72,50443
72,50487
72,50678
72,50711
72,50807
72,51019
72,51242
72,51507
72,51650
72,51900
72,51940
72,51941
72,51970
72,52084
72,52115
72,52349
72,52466
72,52835
72,52905
72,52917
72,53192
72,53282
72,53664
72,53730
72,53739
72,53769
72,53776
72,53817
72,53848
72,54426
72,54470
73,32400
73,31525
73,31538
73,31703
73,32377
73,32409
73,32513
73,32550
73,32607
73,32885
73,33271
73,33465
73,33739
73,33766
73,33941
73,34476
73,34487
73,34701
73,34981
73,35018
73,35360
73,35787
73,35942
73,35992
73,36141
73,36175
73,36203
73,36305
73,36338
73,36346
73,37404
73,37436
73,37612
73,37675
73,38614
73,38954
73,39040
73,39166
73,39224
73,39350
73,39374
73,39389
73,39593
73,39651
73,39696
73,39783
73,39811
73,39848
73,40121
73,40164
73,40191
73,40218
73,40368
73,40475
73,40664
73,40669
73,40728
73,41161
73,41168
73,41405
73,41410
73,41451
73,41584
73,41613
73,41734
73,41852
73,41918
73,42033
73,42044
73,42046
73,42103
73,42139
73,42340
73,42349
73,42367
73,42544
73,42735
73,43236
73,43320
73,43415
73,43424
73,43488
73,43496
73,43527
73,43552
73,43629
73,43643
73,43676
73,43691
73,43700
73,43703
73,43862
73,43902
73,43938
73,44084
73,44116
73,44304
73,44340
73,44389
73,44428
73,44466
73,44550
73,44586
73,44682
73,44779
73,44826
73,44960
73,44967
73,45031
73,45238
73,45276
73,45282
73,45314
73,45388
73,45526
73,45573
73,45892
73,46165
73,46174
73,46258
73,46310
73,46432
73,46489
73,46635
73,46656
73,46731
73,46814
73,46890
73,46930
73,47509
73,47751
73,47762
73,47776
73,47988
73,48077
73,48234
73,48639
73,48719
73,49114
73,49255
73,49306
73,49457
73,49485
73,49488
73,49524
73,49541
73,49668
73,49734
73,49807
73,49852
73,49988
73,50076
73,50079
73,50358
73,50467
73,50510
73,50574
73,50631
73,50834
73,50849
73,50851
73,51721
73,51829
73,51880
73,51911
73,52006
73,52220
73,52438
73,52541
73,52574
73,52909
73,52937
73,52991
73,53043
73,53076
73,53084
73,53519
73,53589
73,53596
73,53681
73,53884
73,54113
73,54278
73,54399
73,54586
73,55043
74,32400
74,31950
74,32055
74,32211
74,32226
74,32270
74,32709
74,33389
74,33581
74,33630
74,33692
74,33695
74,33791
74,34249
74,34655
74,34837
74,35488
74,35678
74,36324
74,36387
74,36403
74,36489
74,36575
74,36576
74,37016
74,37120
74,37251
74,37289
74,37433
74,37615
74,37635
74,37799
74,38462
74,38516
74,38646
74,38662
74,38856
74,38901
74,38925
74,38933
74,39198
74,39304
74,39365
74,39680
74,39726
74,39738
74,39831
74,39834
74,39866
74,39868
74,39869
74,39877
74,39997
74,40176
74,40220
74,40308
74,40330
74,40341
74,40376
74,40381
74,40389
74,40440
74,40520
74,40800
74,40833
74,40866
74,40981
74,41065
74,41215
74,41268
74,41349
74,41435
74,41482
74,41630
74,41753
74,41755
74,41814
74,41933
74,42072
74,42092
74,42102
74,42370
74,42408
74,42415
74,42430
74,42458
74,42492
74,42511
74,42516
74,42559
74,42687
74,42732
74,42866
74,43003
74,43055
74,43072
74,43073
74,43161
74,43165
74,43236
74,43238
74,43316
74,43424
74,43543
74,43598
74,43600
74,43691
74,43707
74,43770
74,43937
74,43947
74,43965
74,43986
74,44017
74,44094
74,44096
74,44199
74,44202
74,44327
74,44328
74,44512
74,44512
74,44601
74,44654
74,44671
74,44845
74,44919
74,45023
74,45037
74,45110
74,45172
74,45238
74,45367
74,45404
74,45453
74,45561
74,45570
74,45606
74,45649
74,45671
74,45726
74,45761
74,45814
74,45875
74,45936
74,46010
74,46032
74,46072
74,46097
74,46228
74,46245
74,46276
74,46368
74,46406
74,46426
74,46442
74,46501
74,46520
74,46542
74,46624
74,46751
74,46818
74,46829
74,46974
74,47077
74,47108
74,47169
74,47177
74,47466
74,47511
74,47589
74,47646
74,47661
74,47665
74,47707
74,47766
74,48215
74,48436
74,48459
74,48578
74,48724
74,48834
74,48971
74,49142
74,49371
74,49506
74,49509
74,49673
74,49741
74,49806
74,50041
74,50436
74,50544
74,50613
74,50617
74,50697
74,50958
74,50976
74,51007
74,51038
74,51057
74,51447
74,51779
74,51815
74,52041
74,52091
74,52101
74,52392
74,52399
74,52530
74,52535
74,52589
74,52626
74,52785
74,52867
74,52904
74,52997
74,53015
74,53329
74,53626
74,53660
74,53790
74,54131
74,54660
74,54740
74,54755
74,55083
75,32400
75,31563
75,31887
75,32013
75,32229
75,32323
75,33078
75,33404
75,33430
75,33957
75,34047
75,34144
75,34167
75,34296
75,34872
75,35508
75,35633
75,35709
75,36066
75,36163
75,36180
75,36193
75,36721
75,36861
75,37221
75,37230
75,37288
75,37419
75,37462
75,37591
75,37709
75,37926
75,38197
75,38222
75,38354
75,38427
75,38590
75,38724
75,38848
75,39022
75,39046
75,39101
75,39223
75,39299
75,39689
75,40146
75,40340
75,40423
75,41526
75,41575
75,41599
75,41599
75,41633
75,41640
75,41727
75,41859
75,41917
75,41936
75,41969
75,42065
75,42085
75,42107
75,42156
75,42260
75,42262
75,42372
75,42552
75,42595
75,42601
75,42603
75,42778
75,42787
75,42891
75,42929
75,43067
75,43099
75,43143
75,43169
75,43227
75,43227
75,43232
75,43233
75,43480
75,43484
75,43546
75,43616
75,43710
75,43822
75,43844
75,43860
75,44071
75,44128
75,44241
75,44338
75,44465
75,44512
75,44526
75,44733
75,44754
75,45108
75,45226
75,45288
75,45487
75,45488
75,45517
75,45598
75,45628
75,45636
75,45701
75,45742
75,45822
75,45898
75,45926
75,46000
75,46302
75,46379
75,46459
75,46462
75,46544
75,46672
75,46852
75,47118
75,47134
75,47156
75,47210
75,47273
75,47376
75,47393
75,47398
75,47490
75,47583
75,47694
75,47909
75,48161
75,48171
75,48251
75,48269
75,48331
75,48463
75,48620
75,48684
75,48855
75,49114
75,49196
75,49199
75,49471
75,49935
75,49984
75,50202
75,50277
75,50386
75,50461
75,50547
75,50620
75,50647
75,50705
75,50810
75,50824
75,50946
75,51006
75,51076
75,51247
75,51266
75,51551
75,51771
75,51859
75,51935
75,52025
75,52073
75,52100
75,52418
75,52450
75,52608
75,53125
75,53127
75,53173
75,53257
75,53279
75,53285
75,53304
75,53378
75,53726
75,53798
75,53828
75,53835
75,53837
75,53958
75,53959
75,54218
75,55170
76,32400
76,31559
76,31694
76,31783
76,32375
76,32424
76,32501
76,32723
76,33054
76,33226
76,33227
76,33264
76,33374
76,33421
76,33561
76,33628
76,33830
76,33946
76,34552
76,34714
76,34949
76,35216
76,35291
76,36044
76,36362
76,36419
76,36688
76,36824
76,37035
76,37123
76,37328
76,37408
76,37437
76,37611
76,37651
76,37784
76,37986
76,38360
76,38443
76,38471
76,38498
76,38584
76,38654
76,38738
76,38832
76,39160
76,39223
76,39242
76,39270
76,39424
76,39457
76,39510
76,39552
76,39741
76,39742
76,39889
76,39900
76,39970
76,40023
76,40054
76,40180
76,40186
76,40187
76,40301
76,40330
76,40423
76,40447
76,40475
76,40650
76,40654
76,40729
76,40772
76,40796
76,40927
76,41119
76,41253
76,41257
76,41335
76,41362
76,41377
76,41565
76,41712
76,41735
76,41742
76,41803
76,41808
76,41816
76,41873
76,41895
76,42055
76,42100
76,42126
76,42225
76,42342
76,42374
76,42465
76,42499
76,42525
76,42610
76,42649
76,42668
76,42706
76,42750
76,42801
76,42812
76,42858
76,43102
76,43236
76,43330
76,43382
76,43392
76,43520
76,43641
76,43702
76,43760
76,43806
76,43853
76,43978
76,44032
76,44055
76,44348
76,44456
76,44498
76,44567
76,44650
76,44673
76,44858
76,44905
76,44925
76,44940
76,44947
76,45190
76,45240
76,45459
76,45665
76,45736
76,45753
76,45890
76,45916
76,45921
76,46001
76,46097
76,46175
76,46211
76,46238
76,46406
76,46425
76,46460
76,46690
76,46699
76,46753
76,46830
76,46903
76,47037
76,47130
76,47140
76,47214
76,47260
76,47997
76,48001
76,48036
76,48328
76,48492
76,48527
76,48773
76,48779
76,48810
76,48872
76,49157
76,49279
76,49440
76,49863
76,50003
76,50081
76,50364
76,50391
76,50457
76,50585
76,50591
76,50684
76,50755
76,50834
76,50854
76,50873
76,50912
76,50968
76,51157
76,51193
76,51196
76,51216
76,51562
76,51861
76,51880
76,51925
76,52000
76,52111
76,52216
76,52903
76,52992
76,53050
76,53128
76,53141
76,53319
76,53544
76,53577
76,53690
76,54023
76,54145
76,54770
77,32400
77,31523
77,31753
77,31858
77,32004
77,32152
77,32251
77,32415
77,32443
77,32533
77,32916
77,32964
77,33187
77,33493
77,33505
77,33742
77,33938
77,34202
77,34241
77,34384
77,34583
77,34761
77,34940
77,35146
77,35365
77,35376
77,35754
77,35837
77,35864
77,35976
77,36007
77,36034
77,36485
77,36575
77,36685
77,36930
77,36958
77,37153
77,37251
77,37253
77,37713
77,38330
77,38343
77,38430
77,38700
77,39170
77,39181
77,39585
77,39926
77,39963
77,39967
77,39992
77,40334
77,40674
77,40694
77,40722
77,40871
77,40873
77,40923
77,40948
77,41018
77,41131
77,41132
77,41149
77,41156
77,41159
77,41166
77,41309
77,41331
77,41409
77,41532
77,41532
77,41692
77,41730
77,41944
77,41965
77,42009
77,42062
77,42078
77,42139
77,42195
77,42379
77,42458
77,42741
77,42774
77,42816
77,42880
77,42941
77,42982
77,42997
77,43010
77,43051
77,43051
77,43081
77,43165
77,43247
77,43384
77,43804
77,43902
77,44052
77,44092
77,44373
77,44398
77,44426
77,44579
77,44590
77,44802
77,44821
77,44890
77,44949
77,44959
77,45041
77,45263
77,45291
77,45462
77,45548
77,45609
77,45675
77,45782
77,45792
77,45798
77,45813
77,45979
77,46251
77,46326
77,46361
77,46388
77,46467
77,46502
77,46593
77,46718
77,46721
77,46740
77,46753
77,46839
77,46885
77,46956
77,47174
77,47257
77,47259
77,47529
77,47742
77,47790
77,47964
77,48000
77,48119
77,48335
77,48398
77,48453
77,48736
77,48787
77,48833
77,49001
77,49108
77,49389
77,49848
77,49924
77,49995
77,50072
77,50262
77,50262
77,50279
77,50331
77,50392
77,50503
77,50509
77,50793
77,50995
77,51250
77,51543
77,51546
77,51620
77,51758
77,52114
77,52128
77,52184
77,52186
77,52335
77,52335
77,52424
77,52460
77,52774
77,52801
77,52878
77,53328
77,53390
77,53431
77,53468
77,53527
77,53614
77,53863
77,53883
77,53899
77,54085
77,54109
77,54129
77,55002
78,32400
78,31725
78,32285
78,32390
78,32605
78,32699
78,32732
78,32921
78,33090
78,33491
78,33647
78,33951
78,33989
78,33997
78,34110
78,34263
78,34308
78,34371
78,34382
78,34458
78,34485
78,34683
78,34691
78,34701
78,34831
78,34993
78,35037
78,35254
78,35337
78,35357
78,35530
78,35577
78,36110
78,36209
78,36267
78,36318
78,36450
78,36489
78,36543
78,36782
78,36827
78,37301
78,37320
78,37501
78,37592
78,37755
78,37819
78,37880
78,37974
78,38097
78,38350
78,38478
78,38563
78,38665
78,38740
78,38764
78,38862
78,39279
78,39309
78,39316
78,39491
78,39518
78,39521
78,39532
78,39580
78,39601
78,39617
78,39736
78,39739
78,39770
78,39781
78,39825
78,39832
78,39973
78,40023
78,40051
78,40053
78,40095
78,40096
78,40106
78,40120
78,40221
78,40222
78,40509
78,40666
78,40946
78,41066
78,41144
78,41208
78,41231
78,41329
78,41447
78,41719
78,41729
78,41794
78,41843
78,41906
78,41906
78,41933
78,42162
78,42173
78,42187
78,42249
78,42322
78,42348
78,42398
78,42432
78,42516
78,42558
78,42564
78,42599
78,42654
78,42677
78,42731
78,42855
78,42970
78,43216
78,43295
78,43366
78,43432
78,43470
78,43615
78,43853
78,43957
78,44135
78,44220
78,44250
78,44263
78,44292
78,44366
78,44433
78,44476
78,44480
78,44546
78,44702
78,44831
78,44841
78,44908
78,44911
78,44954
78,44977
78,45166
78,45242
78,45249
78,45284
78,45297
78,45394
78,45502
78,45715
78,45864
78,45938
78,45979
78,46078
78,46110
78,46163
78,46205
78,46279
78,46546
78,46686
78,46711
78,46758
78,46923
78,47011
78,47067
78,47211
78,47246
78,47291
78,47425
78,47467
78,47621
78,47851
78,47932
78,47973
78,48137
78,48212
78,48674
78,48704
78,48911
78,48953
78,49077
78,49098
78,49112
78,49223
78,49299
78,49486
78,49524
78,49545
78,49561
78,49575
78,49667
78,49859
78,50162
78,50241
78,50260
78,50450
78,50544
78,50811
78,51023
78,51289
78,51349
78,51684
78,51885
78,52005
78,52137
78,52445
78,52598
78,53080
78,53104
78,53139
78,53202
78,53212
78,53380
78,53472
78,53615
78,53662
78,53791
78,53862
78,53894
78,54202
78,54314
78,54333
78,54523
79,32400
79,31537
79,31792
79,31817
79,32095
79,32122
79,32306
79,32375
79,33224
79,33359
79,33499
79,33661
79,33798
79,33885
79,34249
79,34315
79,34704
79,34755
79,34842
79,35004
79,35134
79,35185
79,35536
79,35810
79,35853
79,36184
79,36571
79,36755
79,36768
79,37112
79,37259
79,37396
79,37696
79,37774
79,37919
79,38446
79,38541
79,38711
79,38777
79,38797
79,38941
79,38950
79,39364
79,39382
79,39404
79,39408
79,39440
79,39600
79,39658
79,39676
79,39748
79,39877
79,39944
79,40003
79,40007
79,40231
79,40250
79,40352
79,40651
79,40670
79,40687
79,40712
79,40792
79,40944
79,41052
79,41069
79,41079
79,41300
79,41303
79,41320
79,41325
79,41339
79,41386
79,41659
79,41661
79,41909
79,41939
79,41954
79,41986
79,42011
79,42148
79,42226
79,42430
79,42468
79,42618
79,42630
79,42739
79,42784
79,42799
79,42811
79,42892
79,43066
79,43265
79,43311
79,43412
79,43458
79,43498
79,43507
79,43561
79,43561
79,43620
79,43784
79,43808
79,44134
79,44187
79,44200
79,44201
79,44226
79,44343
79,44771
79,44784
79,44820
79,44869
79,44912
79,44964
79,45091
79,45143
79,45317
79,45410
79,45489
79,45648
79,45684
79,45699
79,45918
79,45928
79,46040
79,46047
79,46067
79,46140
79,46280
79,46366
79,46371
79,46382
79,46445
79,46450
79,46515
79,46538
79,46551
79,46642
79,46644
79,46654
79,46666
79,46694
79,46707
79,46807
79,46916
79,47059
79,47230
79,47265
79,47295
79,47669
79,47678
79,47730
79,47772
79,47791
79,47791
79,47831
79,48098
79,48534
79,48801
79,49266
79,49437
79,49573
79,49823
79,49834
79,49959
79,50411
79,50656
79,50831
79,50881
79,50996
79,51202
79,51311
79,51427
79,51682
79,51787
79,51992
79,52077
79,52652
79,52730
79,53136
79,53270
79,53376
79,53400
79,53596
79,53632
79,53992
79,53994
79,54000
79,54016
79,54044
79,54083
79,54336
79,54346
79,54412
79,54539
80,32400
80,31750
80,31783
80,31822
80,32578
80,32775
80,32809
80,32916
80,33006
80,33668
80,33727
80,33743
80,33900
80,33973
80,34027
80,34036
80,34207
80,34522
80,34661
80,34757
80,35065
80,35083
80,35171
80,35714
80,35790
80,36100
80,36124
80,36294
80,36709
80,36783
80,36962
80,37019
80,37267
80,37304
80,37600
80,37941
80,37944
80,38008
80,38037
80,38107
80,38284
80,38340
80,38664
80,38950
80,39122
80,39159
80,39189
80,39290
80,39296
80,39503
80,39526
80,39590
80,39609
80,39666
80,39734
80,39762
80,39777
80,39804
80,40017
80,40189
80,40221
80,40296
80,40408
80,40478
80,40531
80,40584
80,40775
80,40983
80,41014
80,41168
80,41174
80,41218
80,41323
80,41421
80,41547
80,41597
80,41610
80,41634
80,41710
80,41769
80,41872
80,41962
80,42009
80,42029
80,42246
80,42250
80,42310
80,42312
80,42326
80,42524
80,42552
80,42648
80,42680
80,42739
80,42750
80,42753
80,42802
80,42865
80,43086
80,43130
80,43144
80,43185
80,43383
80,43398
80,43894
80,43979
80,44156
80,44319
80,44321
80,44374
80,44408
80,44476
80,44478
80,44498
80,44499
80,44553
80,44629
80,44658
80,44744
80,44758
80,44913
80,44930
80,44953
80,44964
80,45154
80,45194
80,45231
80,45252
80,45259
80,45295
80,45335
80,45381
80,45416
80,45449
80,45453
80,45456
80,45508
80,45548
80,45685
80,45722
80,45806
80,45846
80,45895
80,46009
80,46068
80,46084
80,46202
80,46485
80,46488
80,46583
80,46614
80,46708
80,46721
80,46756
80,46769
80,46857
80,46971
80,47064
80,47139
80,47479
80,47497
80,47616
80,47703
80,47858
80,47873
80,48023
80,48166
80,48298
80,48331
80,48346
80,48423
80,48487
80,48572
80,48655
80,48812
80,48841
80,49044
80,49410
80,49554
80,49630
80,49692
80,49710
80,50016
80,50043
80,50064
80,50228
80,50373
80,50378
80,50399
80,50422
80,50659
80,50927
80,50947
80,51104
80,51213
80,51216
80,51489
80,51563
80,51574
80,51671
80,51897
80,52094
80,52162
80,52240
80,52386
80,52886
80,52892
80,53072
80,53085
80,53246
80,53298
80,53865
80,54935
81,32400
81,31502
81,31638
81,31685
81,31781
81,32184
81,32210
81,32464
81,32665
81,32698
81,33015
81,33423
81,33487
81,33713
81,34018
81,34128
81,34151
81,34175
81,34593
81,35648
81,35769
81,35843
81,36418
81,36816
81,36886
81,36924
81,37385
81,38260
81,38449
81,38614
81,38777
81,38847
81,39097
81,39181
81,39266
81,39309
81,39327
81,39353
81,39355
81,39472
81,39502
81,39612
81,39731
81,39745
81,39817
81,39868
81,39882
81,39891
81,40054
81,40141
81,40236
81,40264
81,40549
81,40562
81,40651
81,40725
81,40740
81,40871
81,40907
81,40996
81,41023
81,41023
81,41091
81,41099
81,41159
81,41189
81,41233
81,41251
81,41293
81,41298
81,41419
81,41427
81,41467
81,41605
81,41616
81,41703
81,41711
81,41819
81,41827
81,41839
81,42093
81,42277
81,42279
81,42427
81,42477
81,42497
81,42647
81,42690
81,42704
81,43005
81,43027
81,43080
81,43156
81,43197
81,43198
81,43258
81,43475
81,43642
81,43782
81,43790
81,43987
81,44061
81,44081
81,44297
81,44438
81,44462
81,44482
81,44568
81,44654
81,44879
81,44922
81,44949
81,45030
81,45284
81,45367
81,45368
81,45369
81,45411
81,45418
81,45505
81,45527
81,45802
81,45820
81,45873
81,45983
81,46051
81,46103
81,46123
81,46140
81,46237
81,46239
81,46246
81,46394
81,46434
81,46660
81,46682
81,46687
81,46812
81,46816
81,46842
81,47042
81,47088
81,47323
81,47439
81,47582
81,47601
81,47851
81,47985
81,48052
81,48167
81,48180
81,48225
81,48367
81,48457
81,48553
81,48644
81,48879
81,48897
81,48907
81,49143
81,49158
81,49180
81,49419
81,49455
81,49519
81,49589
81,49741
81,49956
81,50123
81,50209
81,50385
81,50650
81,50949
81,51124
81,51567
81,51800
81,52161
81,52246
81,52294
81,52409
81,52547
81,52569
81,52780
81,53046
81,53684
81,53699
81,53799
81,53941
81,54062
81,54077
81,54126
81,54168
81,54246
81,54263
81,54537
81,54735
81,54864
81,55062
82,32400
82,31603
82,32032
82,32533
82,32775
82,32829
82,32925
82,32938
82,33006
82,33072
82,33494
82,33550
82,33847
82,34023
82,34064
82,34265
82,34541
82,34590
82,34968
82,35005
82,35433
82,35664
82,35916
82,36093
82,36336
82,36454
82,36949
82,37131
82,37261
82,37380
82,37495
82,37658
82,37714
82,38573
82,38706
82,38711
82,38883
82,39038
82,39051
82,39092
82,39371
82,39476
82,39477
82,39664
82,39757
82,39899
82,39907
82,40002
82,40178
82,40261
82,40277
82,40337
82,40397
82,40407
82,40429
82,40476
82,40501
82,40702
82,40919
82,40949
82,41116
82,41224
82,41228
82,41281
82,41343
82,41420
82,41471
82,41490
82,41503
82,41660
82,41724
82,41775
82,42050
82,42107
82,42198
82,42235
82,42343
82,42370
82,42372
82,42407
82,42477
82,42586
82,42630
82,42638
82,42739
82,42742
82,42749
82,42987
82,42991
82,43081
82,43141
82,43417
82,43528
82,43552
82,43831
82,43975
82,43999
82,44051
82,44089
82,44148
82,44174
82,44201
82,44264
82,44284
82,44448
82,44604
82,44611
82,44745
82,44843
82,45222
82,45223
82,45232
82,45351
82,45395
82,45457
82,45570
82,45687
82,45802
82,45809
82,46016
82,46025
82,46046
82,46291
82,46325
82,46346
82,46361
82,46469
82,46499
82,46541
82,46575
82,46848
82,46865
82,46871
82,46912
82,47086
82,47167
82,47276
82,47329
82,47613
82,47872
82,47961
82,48115
82,48171
82,48384
82,48431
82,48669
82,48868
82,48995
82,49145
82,49416
82,49428
82,49469
82,49506
82,49618
82,49737
82,49808
82,49850
82,49933
82,50072
82,50174
82,50201
82,50240
82,50380
82,50745
82,50867
82,50916
82,51166
82,51480
82,51588
82,51599
82,52103
82,52148
82,52241
82,52253
82,52274
82,52292
82,52401
82,52450
82,52522
82,52901
82,52926
82,53323
82,53353
82,53471
82,53483
82,53489
82,53936
82,54042
82,54093
82,54144
82,54152
82,54293
82,54337
82,54736
82,55033
83,32400
83,31595
83,31616
83,32220
83,32232
83,32379
83,32456
83,32984
83,33132
83,33701
83,33727
83,33747
83,33752
83,33796
83,33855
83,34275
83,35497
83,35650
83,35762
83,35929
83,36222
83,36542
83,36697
83,37012
83,37366
83,37449
83,37535
83,37923
83,38031
83,38357
83,38443
83,38548
83,39050
83,39117
83,39123
83,39523
83,39849
83,39952
83,40050
83,40067
83,40215
83,40388
83,40389
83,40449
83,40461
83,40654
83,40674
83,40768
83,40924
83,40931
83,40984
83,41021
83,41242
83,41268
83,41388
83,41484
83,41488
83,41508
83,41528
83,41551
83,41554
83,41562
83,41599
83,41759
83,41778
83,42255
83,42345
83,42477
83,42489
83,42515
83,42530
83,42606
83,42706
83,42719
83,42742
83,42820
83,42910
83,42960
83,43132
83,43152
83,43262
83,43286
83,43353
83,43418
83,43441
83,43526
83,43554
83,43627
83,43777
83,43780
83,43811
83,43897
83,43910
83,44149
83,44191
83,44201
83,44299
83,44305
83,44394
83,44431
83,44439
83,44647
83,44735
83,44771
83,44978
83,45061
83,45121
83,45367
83,45463
83,45495
83,45522
83,45593
83,45642
83,45653
83,45660
83,45678
83,45751
83,45973
83,46001
83,46092
83,46141
83,46303
83,46327
83,46413
83,46504
83,46540
83,46784
83,46908
83,46993
83,47136
83,47166
83,47371
83,47543
83,47573
83,47823
83,47924
83,47946
83,47983
83,48125
83,48352
83,48506
83,48791
83,48975
83,49099
83,49111
83,49114
83,49238
83,49246
83,49616
83,49691
83,49715
83,49897
83,50063
83,50255
83,50319
83,50383
83,50721
83,51090
83,51107
83,51173
83,51176
83,51307
83,51366
83,51395
83,51823
83,51926
83,52262
83,52331
83,52399
83,52416
83,52470
83,52531
83,52538
83,52654
83,52701
83,52976
83,53002
83,53278
83,53588
83,53777
83,53944
83,54043
83,54058
83,54213
83,54431
83,54577
83,54737
83,55086
83,55213
84,32400
84,31514
84,31588
84,31662
84,31775
84,31932
84,31973
84,32231
84,32436
84,32708
84,32774
84,32822
84,32916
84,33020
84,33163
84,33561
84,33612
84,33640
84,34063
84,34337
84,34431
84,34574
84,34873
84,35048
84,35225
84,35312
84,35354
84,35482
84,35782
84,36217
84,36676
84,36980
84,37039
84,37117
84,37190
84,37366
84,37383
84,37391
84,37526
84,37689
84,38010
84,38290
84,38363
84,38456
84,38604
84,38743
84,39121
84,39130
84,39638
84,39667
84,39958
84,40022
84,40206
84,40243
84,40258
84,40269
84,40271
84,40278
84,40338
84,40348
84,40508
84,40521
84,40619
84,40843
84,40854
84,40957
84,41086
84,41094
84,41323
84,41361
84,41385
84,41402
84,41441
84,41656
84,41701
84,41728
84,41786
84,41899
84,41981
84,41992
84,42052
84,42148
84,42204
84,42221
84,42428
84,42635
84,42667
84,42671
84,42686
84,42815
84,42823
84,42834
84,42863
84,42896
84,42953
84,43063
84,43192
84,43270
84,43276
84,43458
84,43473
84,43515
84,43583
84,43585
84,43650
84,43675
84,43698
84,43838
84,43941
84,44115
84,44142
84,44214
84,44262
84,44379
84,44386
84,44446
84,44510
84,44577
84,44646
84,44664
84,44704
84,44737
84,44768
84,44818
84,44890
84,45121
84,45168
84,45213
84,45259
84,45262
84,45330
84,45394
84,45959
84,45972
84,46332
84,46566
84,46643
84,46659
84,46816
84,47036
84,47063
84,47127
84,47160
84,47314
84,47764
84,47770
84,48074
84,48135
84,48163
84,48184
84,48263
84,48270
84,48339
84,48346
84,48607
84,48879
84,48917
84,48930
84,49065
84,49588
84,49590
84,49711
84,49887
84,49990
84,50141
84,50257
84,50278
84,50297
84,50386
84,50418
84,50694
84,50706
84,50863
84,51084
84,51614
84,51780
84,51913
84,52059
84,52266
84,52393
84,52761
84,52847
84,52966
84,53122
84,53370
84,53518
84,53786
84,53953
84,54210
84,54439
84,54604
84,54740
85,32400
85,31883
85,31944
85,32012
85,32108
85,32226
85,32276
85,32466
85,32497
85,32539
85,33039
85,33059
85,33113
85,33119
85,33246
85,33254
85,33430
85,33520
85,33521
85,33972
85,34129
85,34232
85,34328
85,34524
85,34542
85,34755
85,35129
85,35373
85,35446
85,35835
85,35955
85,36131
85,36260
85,36384
85,36658
85,37012
85,37021
85,37397
85,37715
85,38243
85,38291
85,38424
85,38442
85,38653
85,38892
85,39132
85,39143
85,39177
85,39229
85,39243
85,39327
85,39427
85,39519
85,39553
85,39583
85,39620
85,39642
85,39661
85,39665
85,39732
85,39740
85,39796
85,39834
85,40127
85,40242
85,40259
85,40281
85,40328
85,40464
85,40495
85,40521
85,40652
85,40755
85,40774
85,40801
85,40956
85,40957
85,40969
85,40982
85,40994
85,41089
85,41405
85,41428
85,41489
85,41643
85,41685
85,41762
85,41876
85,41896
85,41946
85,42069
85,42093
85,42095
85,42348
85,42442
85,42453
85,42469
85,42472
85,42633
85,42692
85,42700
85,42712
85,42715
85,42723
85,42759
85,43131
85,43205
85,43304
85,43306
85,43392
85,43405
85,43435
85,43445
85,43564
85,43607
85,43695
85,43697
85,43736
85,43890
85,43921
85,43929
85,43992
85,44001
85,44001
85,44045
85,44070
85,44111
85,44248
85,44305
85,44404
85,44460
85,44498
85,44530
85,44687
85,44865
85,44980
85,45153
85,45207
85,45534
85,45607
85,45664
85,45677
85,45756
85,45858
85,45869
85,45885
85,46170
85,46260
85,46287
85,46391
85,46525
85,46596
85,46942
85,47034
85,47092
85,47187
85,47394
85,47404
85,47407
85,47410
85,47498
85,47568
85,47949
85,48066
85,48150
85,48251
85,48370
85,48403
85,48563
85,48899
85,48944
85,49193
85,49404
85,49488
85,49641
85,49667
85,49798
85,49854
85,49947
85,49986
85,50015
85,50377
85,50424
85,50526
85,50543
85,50710
85,50813
85,51076
85,51096
85,51139
85,51405
85,51471
85,51548
85,51790
85,51810
85,51817
85,51863
85,51891
85,52308
85,52360
85,52367
85,52384
85,52418
85,52423
85,52471
85,52509
85,52954
85,53332
85,53476
85,53564
85,53667
85,53763
85,53811
85,53878
85,54059
85,54360
86,32400
86,31608
86,31708
86,32229
86,32341
86,32534
86,32543
86,32650
86,32711
86,32748
86,32763
86,33105
86,33216
86,33346
86,33401
86,33543
86,33738
86,34024
86,34049
86,34367
86,34576
86,34597
86,35395
86,35406
86,35557
86,35997
86,36034
86,36050
86,36150
86,36838
86,37480
86,37726
86,37768
86,37827
86,37831
86,38408
86,38520
86,38567
86,39189
86,39252
86,39543
86,39748
86,39876
86,39887
86,39926
86,39973
86,40037
86,40042
86,40141
86,40299
86,40320
86,40351
86,40400
86,40533
86,40771
86,40781
86,40870
86,40887
86,40915
86,41184
86,41318
86,41353
86,41369
86,41373
86,41427
86,41584
86,41696
86,41758
86,41788
86,41870
86,41947
86,41948
86,41977
86,42042
86,42150
86,42150
86,42299
86,42338
86,42379
86,42460
86,42501
86,42520
86,42595
86,42902
86,42925
86,42984
86,43038
86,43170
86,43197
86,43214
86,43284
86,43318
86,43532
86,43608
86,43609
86,43635
86,43652
86,43808
86,43838
86,43922
86,44001
86,44034
86,44077
86,44326
86,44335
86,44438
86,44447
86,44527
86,44527
86,44655
86,44713
86,44724
86,44782
86,44790
86,44813
86,44926
86,44948
86,45057
86,45067
86,45075
86,45085
86,45194
86,45249
86,45277
86,45376
86,45482
86,45740
86,45813
86,45915
86,46142
86,46363
86,46366
86,46636
86,46728
86,46781
86,46859
86,46910
86,47037
86,47114
86,47159
86,47517
86,47615
86,47626
86,47699
86,47714
86,47785
86,47975
86,48376
86,48405
86,48432
86,48444
86,48494
86,48500
86,48554
86,48583
86,48597
86,48702
86,48807
86,48830
86,49064
86,49198
86,49314
86,49335
86,49470
86,49649
86,49974
86,50262
86,50347
86,50359
86,50535
86,50537
86,50786
86,51035
86,51037
86,51222
86,51633
86,51799
86,51820
86,51822
86,51827
86,51971
86,51985
86,52014
86,52104
86,52327
86,52341
86,52464
86,52562
86,52605
86,53139
86,53254
86,53369
86,53412
86,53419
86,53475
86,53486
86,53524
86,53785
86,53804
86,53915
86,53971
86,54227
86,54261
86,54266
86,54463
87,32400
87,31665
87,31762
87,31882
87,32267
87,32669
87,32809
87,32976
87,32984
87,33776
87,33871
87,33887
87,34127
87,34266
87,34307
87,34326
87,34887
87,35121
87,35145
87,35269
87,35392
87,35423
87,35488
87,35535
87,35564
87,35701
87,35737
87,36034
87,36657
87,37312
87,37417
87,38017
87,38348
87,38367
87,38824
87,39082
87,39145
87,39165
87,39418
87,39457
87,39519
87,39617
87,39643
87,39645
87,39658
87,39712
87,39768
87,39821
87,39939
87,39945
87,40168
87,40171
87,40192
87,40254
87,40348
87,40519
87,40573
87,40603
87,40632
87,40678
87,40740
87,40855
87,40868
87,41004
87,41017
87,41090
87,41100
87,41172
87,41262
87,41491
87,41660
87,41777
87,41789
87,41925
87,41992
87,42119
87,42171
87,42416
87,42446
87,42531
87,42552
87,42571
87,42589
87,42676
87,42739
87,42884
87,42927
87,42953
87,43056
87,43056
87,43065
87,43076
87,43119
87,43177
87,43256
87,43356
87,43376
87,43572
87,43584
87,43907
87,44087
87,44157
87,44167
87,44305
87,44545
87,44714
87,44871
87,45070
87,45096
87,45227
87,45237
87,45272
87,45281
87,45358
87,45389
87,45423
87,45480
87,45514
87,45821
87,45919
87,45980
87,46021
87,46021
87,46035
87,46041
87,46099
87,46224
87,46224
87,46245
87,46326
87,46387
87,46493
87,46565
87,46585
87,46896
87,47009
87,47022
87,47141
87,47153
87,47238
87,47478
87,47549
87,47681
87,47766
87,47798
87,47980
87,48031
87,48102
87,48119
87,48120
87,48285
87,48292
87,48342
87,48393
87,48471
87,48534
87,48822
87,48929
87,49351
87,49435
87,49595
87,49868
87,49996
87,50058
87,50212
87,50384
87,50588
87,50624
87,50670
87,50708
87,50767
87,50840
87,50896
87,51011
87,51103
87,51112
87,51122
87,51165
87,51289
87,51341
87,51462
87,51497
87,51514
87,51768
87,51927
87,51935
87,51958
87,52316
87,52483
87,52666
87,52681
87,52938
87,52955
87,53093
87,53627
87,53950
87,54088
87,54101
87,54148
87,54420
87,54538
87,54755
87,55133
88,32400
88,31620
88,31743
88,31966
88,32480
88,32597
88,32840
88,32856
88,33377
88,33394
88,33693
88,34232
88,34365
88,34487
88,34815
88,34837
88,34855
88,35408
88,35464
88,35465
88,35505
88,35731
88,35808
88,36084
88,36366
88,36406
88,36508
88,36583
88,36708
88,36733
88,36829
88,36838
88,36871
88,37008
88,37121
88,37143
88,37224
88,37295
88,37299
88,37749
88,37776
88,38100
88,38273
88,38326
88,38373
88,38712
88,39200
88,39219
88,39261
88,39275
88,39486
88,39487
88,39593
88,39597
88,39662
88,39701
88,39782
88,39835
88,39912
88,39934
88,39968
88,40010
88,40095
88,40175
88,40185
88,40376
88,40408
88,40537
88,40568
88,40632
88,40767
88,40931
88,40985
88,41042
88,41069
88,41077
88,41082
88,41098
88,41156
88,41235
88,41347
88,41347
88,41371
88,41423
88,41469
88,41503
88,41685
88,41714
88,41780
88,41886
88,41957
88,42013
88,42039
88,42083
88,42088
88,42189
88,42361
88,42604
88,42664
88,42704
88,42849
88,42959
88,42965
88,43004
88,43141
88,43250
88,43256
88,43334
88,43668
88,43706
88,43721
88,43827
88,43957
88,44004
88,44009
88,44143
88,44273
88,44360
88,44435
88,44473
88,44601
88,44626
88,44630
88,44631
88,44644
88,44821
88,44977
88,45216
88,45301
88,45302
88,45513
88,45621
88,45829
88,45888
88,45916
88,46015
88,46016
88,46043
88,46072
88,46381
88,46569
88,46599
88,46639
88,46724
88,46766
88,47079
88,47103
88,47147
88,47197
88,47225
88,47292
88,47588
88,47659
88,47937
88,48048
88,48112
88,48148
88,48383
88,48541
88,48616
88,48620
88,48742
88,48971
88,49055
88,49065
88,49296
88,49382
88,49399
88,49557
88,49571
88,49612
88,49850
88,49854
88,50036
88,50048
88,50063
88,50168
88,50192
88,50209
88,50244
88,50493
88,51232
88,51264
88,51360
88,51623
88,51668
88,51830
88,51870
88,51879
88,52060
88,52097
88,52140
88,52371
88,52414
88,52538
88,52860
88,52889
88,52954
88,52982
88,53077
88,53097
88,53112
88,53176
88,53227
88,53244
88,53303
88,53360
88,53456
88,53546
88,53926
88,53997
88,54007
88,54170
88,54242
88,54255
88,54286
88,54724
89,32400
89,31563
89,31614
89,31751
89,32002
89,32562
89,32596
89,32836
89,32875
89,32899
89,32991
89,33011
89,33101
89,33127
89,33329
89,33405
89,33564
89,33964
89,33967
89,34056
89,34318
89,34641
89,34682
89,35105
89,35487
89,36278
89,36558
89,36719
89,36905
89,37070
89,37130
89,37243
89,37440
89,37521
89,37712
89,37821
89,37833
89,37971
89,38142
89,38919
89,38926
89,39197
89,39314
89,39421
89,39424
89,39571
89,39620
89,39674
89,39710
89,39772
89,39830
89,39836
89,39910
89,39940
89,39979
89,40028
89,40050
89,40050
89,40065
89,40096
89,40266
89,40291
89,40311
89,40394
89,40427
89,40490
89,40490
89,40657
89,40843
89,40939
89,41120
89,41159
89,41188
89,41264
89,41395
89,41536
89,41552
89,41699
89,41828
89,41916
89,41974
89,41993
89,42024
89,42088
89,42238
89,42261
89,42321
89,42331
89,42357
89,42894
89,42904
89,43008
89,43132
89,43436
89,43440
89,43487
89,43628
89,43677
89,43822
89,43861
89,43965
89,44010
89,44107
89,44124
89,44197
89,44351
89,44356
89,44379
89,44422
89,44708
89,44919
89,44920
89,45007
89,45102
89,45181
89,45251
89,45383
89,45480
89,45490
89,45629
89,45706
89,45715
89,45773
89,45930
89,45996
89,45998
89,46095
89,46445
89,46477
89,46692
89,46693
89,46946
89,47077
89,47157
89,47234
89,47264
89,47456
89,47484
89,47790
89,48158
89,48265
89,48548
89,48845
89,48926
89,48943
89,49319
89,49330
89,49471
89,49578
89,49664
89,49685
89,49774
89,49841
89,50150
89,50292
89,50301
89,50330
89,50509
89,50722
89,50858
89,50988
89,51193
89,51409
89,51592
89,51696
89,51696
89,51764
89,51799
89,52025
89,52092
89,52181
89,52514
89,53081
89,53211
89,53331
89,53501
89,53526
89,53539
89,53655
89,53672
89,53962
89,53987
89,54032
89,54117
89,54244
89,54480
89,54543
89,54721
89,54952
90,32400
90,31557
90,31570
90,31882
90,31991
90,32086
90,32326
90,32465
90,32903
90,33604
90,34022
90,34081
90,34097
90,34264
90,34496
90,34613
90,35064
90,35219
90,35250
90,35436
90,35564
90,35576
90,36138
90,36203
90,36361
90,36508
90,36650
90,36720
90,36763
90,36792
90,36857
90,36866
90,36910
90,37187
90,37269
90,37787
90,38304
90,38661
90,38694
90,38727
90,39180
90,39322
90,39454
90,39470
90,39499
90,39711
90,39717
90,39743
90,39776
90,39864
90,39898
90,39998
90,40056
90,40071
90,40113
90,40149
90,40196
90,40411
90,40423
90,40636
90,40639
90,40655
90,40835
90,40839
90,40854
90,40958
90,41073
90,41120
90,41131
90,41154
90,41154
90,41279
90,41284
90,41377
90,41412
90,41471
90,41489
90,41537
90,41566
90,41762
90,41808
90,41844
90,41876
90,41971
90,42005
90,42040
90,42052
90,42111
90,42209
90,42385
90,42392
90,42464
90,42550
90,42596
90,42649
90,42787
90,42871
90,42873
90,42921
90,42929
90,42955
90,42965
90,42979
90,43108
90,43271
90,43280
90,43353
90,43444
90,43445
90,43562
90,43623
90,43656
90,43759
90,43883
90,43999
90,44148
90,44173
90,44247
90,44250
90,44257
90,44413
90,44549
90,44676
90,44740
90,44742
90,44843
90,45086
90,45167
90,45214
90,45259
90,45275
90,45295
90,45296
90,45330
90,45379
90,45441
90,45534
90,45558
90,45642
90,45693
90,45735
90,45764
90,45917
90,45919
90,46068
90,46078
90,46159
90,46245
90,46345
90,46360
90,46360
90,46401
90,46412
90,46424
90,46613
90,46709
90,46802
90,46868
90,46894
90,46946
90,47028
90,47059
90,47372
90,47845
90,48318
90,48412
90,48416
90,48444
90,48528
90,48812
90,48813
90,48950
90,48969
90,48978
90,49052
90,49253
90,49267
90,49457
90,49469
90,49638
90,49673
90,49978
90,50051
90,50091
90,50144
90,50214
90,50283
90,50332
90,50356
90,50531
90,50547
90,50760
90,50805
90,51100
90,51159
90,51516
90,51705
90,51774
90,52121
90,52423
90,52505
90,52515
90,52757
90,52762
90,52780
90,52813
90,53035
90,53492
90,53513
90,53551
90,53580
90,53605
90,53675
90,53879
90,54035
90,54280
90,54642
90,54775
90,55201
91,32400
91,31703
91,32130
91,32348
91,32352
91,32355
91,32477
91,32719
91,32911
91,33150
91,33309
91,33422
91,33963
91,33975
91,34286
91,34361
91,34388
91,34526
91,34782
91,34958
91,35076
91,35178
91,35222
91,35332
91,35415
91,35824
91,35922
91,36056
91,36177
91,36199
91,36230
91,36342
91,36537
91,36807
91,36827
91,37200
91,37279
91,37497
91,37562
91,37972
91,38217
91,38611
91,38615
91,38925
91,38932
91,39297
91,39372
91,39429
91,39457
91,39570
91,39643
91,39757
91,39856
91,39856
91,39860
91,39961
91,39984
91,40291
91,40351
91,40398
91,40701
91,40778
91,40784
91,40794
91,40824
91,40846
91,40905
91,41029
91,41105
91,41179
91,41272
91,41324
91,41424
91,41428
91,41493
91,41556
91,41570
91,41575
91,41618
91,41640
91,41915
91,42012
91,42012
91,42174
91,42351
91,42383
91,42452
91,42459
91,42608
91,42747
91,42832
91,42951
91,43120
91,43143
91,43150
91,43182
91,43188
91,43313
91,43409
91,43434
91,43604
91,43637
91,43662
91,43705
91,43831
91,44107
91,44292
91,44295
91,44514
91,44561
91,44617
91,44640
91,44665
91,44770
91,44877
91,44922
91,45139
91,45155
91,45369
91,45446
91,45472
91,45494
91,45581
91,45689
91,46019
91,46176
91,46185
91,46370
91,46416
91,46552
91,46721
91,46763
91,46822
91,46928
91,46939
91,47000
91,47133
91,47220
91,47222
91,47270
91,47331
91,47683
91,47811
91,48094
91,48196
91,48376
91,48430
91,48475
91,48568
91,48684
91,48684
91,48763
91,48817
91,48837
91,48878
91,49009
91,49059
91,49346
91,49400
91,49829
91,49950
91,50041
91,50199
91,50281
91,50390
91,50397
91,50418
91,50551
91,50572
91,50628
91,50745
91,50778
91,50831
91,50966
91,51006
91,51106
91,51303
91,51507
91,51745
91,51761
91,51802
91,51930
91,52511
91,52585
91,52737
91,52765
91,52771
91,52853
91,52863
91,53346
91,53421
91,53611
91,53908
91,54022
91,54163
91,54271
91,54311
91,54320
91,54673
91,54895
91,55168
92,32400
92,31900
92,32241
92,32585
92,32712
92,32939
92,32999
92,33117
92,33337
92,33461
92,33526
92,33932
92,33996
92,34493
92,34497
92,34541
92,34855
92,34962
92,34971
92,35251
92,35405
92,35422
92,35642
92,35654
92,35816
92,35960
92,36107
92,36261
92,36335
92,36600
92,36871
92,37075
92,37311
92,37391
92,37491
92,37667
92,37697
92,37819
92,37849
92,38161
92,38237
92,38253
92,38374
92,38831
92,38907
92,38984
92,39044
92,39251
92,39379
92,39380
92,39412
92,39447
92,39464
92,39621
92,39654
92,39722
92,39729
92,39757
92,39807
92,39821
92,39850
92,39870
92,39900
92,39916
92,39936
92,39960
92,40216
92,40295
92,40319
92,40319
92,40346
92,40346
92,40366
92,40382
92,40669
92,40745
92,40826
92,40989
92,41055
92,41178
92,41219
92,41342
92,41407
92,41472
92,41482
92,41537
92,41654
92,41683
92,41713
92,41755
92,41783
92,42071
92,42220
92,42304
92,42304
92,42349
92,42723
92,42806
92,42853
92,42888
92,43001
92,43018
92,43052
92,43100
92,43194
92,43377
92,43413
92,43465
92,43498
92,43640
92,43697
92,43721
92,43791
92,43842
92,44060
92,44307
92,44435
92,44479
92,44538
92,44564
92,44693
92,44716
92,44754
92,44798
92,44827
92,44854
92,44868
92,44922
92,44941
92,45021
92,45078
92,45079
92,45100
92,45141
92,45341
92,45481
92,45523
92,45580
92,45619
92,45683
92,45740
92,45788
92,45968
92,46074
92,46215
92,46508
92,46509
92,46552
92,46558
92,46568
92,46631
92,46793
92,47047
92,47278
92,47663
92,47689
92,47738
92,47762
92,47768
92,47884
92,48118
92,48193
92,48258
92,48313
92,48340
92,48434
92,48592
92,49122
92,49281
92,49377
92,49603
92,49615
92,49945
92,50054
92,50179
92,50220
92,50494
92,50800
92,50867
92,50870
92,51369
92,51652
92,51652
92,51813
92,52147
92,52332
92,52419
92,52518
92,52716
92,52772
92,52793
92,52795
92,52907
92,52994
92,52998
92,53015
92,53070
92,53116
92,53298
92,53430
92,53458
92,53775
92,53849
92,53881
92,54069
92,54130
92,54247
92,54314
92,54541
92,55218
93,32400
93,31713
93,31862
93,31944
93,32203
93,32350
93,32433
93,32523
93,32531
93,32645
93,32721
93,32771
93,32976
93,33299
93,33342
93,33354
93,33442
93,33749
93,33890
93,34269
93,34381
93,34445
93,34750
93,34869
93,35665
93,36056
93,36668
93,37051
93,37065
93,37136
93,37139
93,37781
93,37959
93,38013
93,38191
93,38455
93,38821
93,38849
93,38954
93,39188
93,39320
93,39394
93,39910
93,39914
93,39925
93,40115
93,40242
93,40259
93,40287
93,40346
93,40346
93,40369
93,40544
93,40575
93,40622
93,40897
93,41082
93,41103
93,41278
93,41500
93,41750
93,41891
93,41996
93,42055
93,42073
93,42083
93,42135
93,42156
93,42215
93,42241
93,42255
93,42265
93,42360
93,42506
93,42590
93,42700
93,42723
93,42800
93,42830
93,42933
93,43082
93,43201
93,43294
93,43450
93,43504
93,43583
93,43598
93,43710
93,43719
93,43758
93,43882
93,43991
93,44138
93,44252
93,44276
93,44299
93,44309
93,44322
93,44366
93,44413
93,44547
93,44549
93,44690
93,44725
93,44775
93,44816
93,44834
93,44867
93,44945
93,44966
93,44967
93,44986
93,44990
93,45116
93,45145
93,45280
93,45325
93,45340
93,45340
93,45388
93,45406
93,45439
93,45522
93,45566
93,45569
93,45717
93,45792
93,46170
93,46210
93,46316
93,46586
93,46683
93,46777
93,46829
93,46925
93,47253
93,47278
93,47292
93,47345
93,47451
93,47631
93,47774
93,47869
93,48032
93,48241
93,48309
93,48404
93,48464
93,48523
93,48559
93,48954
93,48993
93,49079
93,49180
93,49287
93,49327
93,49451
93,49625
93,49734
93,49753
93,49876
93,50047
93,50250
93,50486
93,50525
93,50591
93,50639
93,50691
93,50766
93,50796
93,50938
93,51447
93,51525
93,51567
93,51774
93,52331
93,52491
93,52635
93,52863
93,52911
93,52983
93,53085
93,53352
93,53674
93,54008
93,54121
93,54221
93,54238
93,54388
93,55081
94,32400
94,31529
94,31656
94,31851
94,32245
94,32376
94,32440
94,32950
94,32996
94,33086
94,33259
94,33508
94,33514
94,33622
94,33722
94,33727
94,33891
94,33925
94,33950
94,34021
94,34145
94,34352
94,34382
94,34475
94,34882
94,34889
94,35004
94,35666
94,35891
94,35993
94,35999
94,36804
94,36852
94,36945
94,37057
94,37068
94,37156
94,37335
94,37626
94,37722
94,37823
94,37899
94,38100
94,38451
94,38460
94,38609
94,38626
94,38842
94,38870
94,39127
94,39477
94,39663
94,39752
94,39765
94,39970
94,39988
94,40116
94,40215
94,40278
94,40357
94,40538
94,40677
94,40723
94,40752
94,40861
94,40893
94,40979
94,40992
94,41048
94,41148
94,41228
94,41298
94,41348
94,41387
94,41454
94,41597
94,41679
94,41763
94,41778
94,41810
94,41839
94,41841
94,42113
94,42263
94,42307
94,42340
94,42419
94,42517
94,42703
94,42765
94,42824
94,42830
94,42841
94,42951
94,42968
94,42991
94,43042
94,43049
94,43106
94,43117
94,43160
94,43179
94,43295
94,43335
94,43337
94,43386
94,43418
94,43496
94,43707
94,43723
94,43735
94,43876
94,43912
94,43993
94,44045
94,44087
94,44223
94,44233
94,44233
94,44350
94,44424
94,44464
94,44494
94,44715
94,44746
94,44776
94,44790
94,44895
94,44896
94,44978
94,45356
94,45416
94,45527
94,45529
94,45591
94,45606
94,45626
94,45654
94,45654
94,45714
94,45748
94,45766
94,45831
94,45847
94,45977
94,46014
94,46096
94,46217
94,46281
94,46329
94,46341
94,46483
94,46612
94,46636
94,46681
94,46701
94,46712
94,46805
94,46831
94,46964
94,47550
94,47564
94,47615
94,47767
94,48065
94,48236
94,48316
94,48402
94,48431
94,48557
94,48604
94,48607
94,48647
94,48980
94,48982
94,49031
94,49046
94,49204
94,49244
94,49410
94,49711
94,49974
94,50210
94,50370
94,50427
94,50472
94,50510
94,50642
94,50691
94,50734
94,50776
94,50914
94,50932
94,50959
94,51017
94,51148
94,51238
94,51247
94,51310
94,51529
94,51736
94,51756
94,51784
94,51883
94,51901
94,51957
94,52252
94,52375
94,52431
94,52514
94,52532
94,52535
94,52652
94,52653
94,52742
94,52907
94,52914
94,53045
94,53234
94,53333
94,53388
94,53444
94,53455
94,53516
94,53608
94,53614
94,53751
94,53856
94,53989
94,54069
94,54089
94,54197
94,54224
94,55013
94,55018
95,32400
95,32004
95,32163
95,32164
95,32304
95,32375
95,32378
95,32480
95,32487
95,32957
95,32985
95,33276
95,33873
95,34004
95,34181
95,34261
95,34553
95,34652
95,34841
95,34891
95,35089
95,35767
95,35825
95,35998
95,36056
95,36245
95,36288
95,36943
95,37145
95,37251
95,37405
95,37553
95,37852
95,38027
95,38294
95,38364
95,38908
95,38978
95,39196
95,39334
95,39398
95,39469
95,39483
95,39492
95,39503
95,39541
95,39621
95,39687
95,39690
95,39814
95,39846
95,39882
95,39910
95,39920
95,40000
95,40038
95,40067
95,40078
95,40107
95,40168
95,40173
95,40295
95,40312
95,40445
95,40548
95,40744
95,40848
95,40948
95,41019
95,41060
95,41212
95,41300
95,41372
95,41410
95,41410
95,41471
95,41585
95,41634
95,41695
95,41861
95,41869
95,41872
95,41923
95,42156
95,42230
95,42243
95,42333
95,42402
95,42475
95,42515
95,42560
95,42617
95,42739
95,42849
95,42928
95,42977
95,43113
95,43213
95,43221
95,43227
95,43308
95,43314
95,43349
95,43356
95,43399
95,43444
95,43465
95,43469
95,43510
95,43517
95,43593
95,43686
95,43720
95,43927
95,43995
95,44180
95,44229
95,44264
95,44379
95,44471
95,44500
95,44515
95,44575
95,44653
95,44705
95,44956
95,44961
95,44965
95,44971
95,44980
95,45006
95,45034
95,45247
95,45559
95,45719
95,45795
95,45850
95,45869
95,45888
95,46060
95,46236
95,46247
95,46270
95,46285
95,46405
95,46510
95,46561
95,46618
95,46713
95,46731
95,46777
95,46918
95,46981
95,46992
95,47070
95,47075
95,47150
95,47409
95,47540
95,47711
95,47765
95,47969
95,48067
95,48102
95,48477
95,48600
95,48641
95,48885
95,48985
95,49114
95,49133
95,49618
95,49626
95,49743
95,49854
95,49893
95,50114
95,50246
95,50333
95,50415
95,50424
95,50442
95,50523
95,50615
95,50725
95,50778
95,50914
95,51069
95,51081
95,51101
95,51267
95,51414
95,51509
95,51978
95,52135
95,52280
95,52630
95,52797
95,52936
95,53027
95,53131
95,53294
95,53318
95,53338
95,53429
95,53469
95,53526
95,53621
95,53792
95,53908
95,54374
95,54404
95,54834
95,54947
96,32400
96,31593
96,31666
96,31940
96,31952
96,32080
96,32518
96,32848
96,33052
96,33135
96,33144
96,33267
96,33359
96,33924
96,33957
96,34014
96,34156
96,34533
96,34968
96,35216
96,35285
96,35475
96,35959
96,36120
96,36350
96,36605
96,36688
96,36736
96,36960
96,37456
96,37891
96,37929
96,38050
96,38457
96,38473
96,38622
96,38734
96,38839
96,39247
96,39300
96,39316
96,39397
96,39404
96,39418
96,39476
96,39697
96,39755
96,39994
96,40290
96,40311
96,40385
96,40554
96,40636
96,40682
96,40714
96,40723
96,40726
96,40735
96,40751
96,40770
96,40816
96,40836
96,40897
96,40910
96,40915
96,40921
96,40937
96,40977
96,41053
96,41109
96,41365
96,41396
96,41409
96,41509
96,41556
96,41585
96,41636
96,41653
96,41770
96,41829
96,41840
96,41922
96,42080
96,42080
96,42144
96,42300
96,42633
96,42642
96,42658
96,42740
96,43005
96,43198
96,43331
96,43332
96,43437
96,43726
96,43861
96,43963
96,44014
96,44297
96,44338
96,44487
96,44878
96,44887
96,44909
96,45014
96,45148
96,45150
96,45222
96,45277
96,45283
96,45530
96,45545
96,45547
96,45573
96,45606
96,45630
96,45688
96,45810
96,45827
96,45841
96,45850
96,46051
96,46156
96,46296
96,46430
96,46658
96,46808
96,46820
96,46876
96,46897
96,46933
96,46951
96,46958
96,46978
96,47099
96,47213
96,47386
96,47421
96,47459
96,47538
96,47644
96,47698
96,47779
96,47811
96,47939
96,48174
96,48208
96,48223
96,48392
96,48563
96,48683
96,48791
96,48815
96,48914
96,48924
96,49034
96,49091
96,49190
96,49257
96,49364
96,49408
96,49452
96,49594
96,49619
96,49670
96,49725
96,49777
96,49817
96,49935
96,50096
96,50130
96,50401
96,50538
96,50696
96,51053
96,51628
96,51787
96,51826
96,52012
96,52090
96,52227
96,52234
96,52276
96,52752
96,52839
96,52849
96,53030
96,53117
96,53190
96,53218
96,53611
96,53776
96,53854
96,54273
96,54933
97,32400
97,31598
97,31893
97,32237
97,32257
97,32747
97,32780
97,32992
97,33811
97,33847
97,34164
97,35193
97,35308
97,36461
97,36511
97,36551
97,36560
97,37027
97,37097
97,37251
97,37395
97,37758
97,37863
97,38200
97,38302
97,38432
97,38768
97,38845
97,39229
97,39415
97,39426
97,39434
97,39640
97,39718
97,39719
97,39722
97,39987
97,40025
97,40066
97,40117
97,40210
97,40268
97,40273
97,40294
97,40354
97,40426
97,40440
97,40487
97,40593
97,40669
97,40752
97,40834
97,40868
97,40919
97,40966
97,40970
97,40982
97,41235
97,41250
97,41317
97,41368
97,41386
97,41506
97,41771
97,41904
97,41996
97,42030
97,42129
97,42198
97,42212
97,42218
97,42257
97,42267
97,42344
97,42409
97,42440
97,42476
97,42477
97,42481
97,42637
97,42645
97,42649
97,42717
97,42729
97,42767
97,42775
97,42927
97,43350
97,43395
97,43596
97,43670
97,43700
97,43755
97,43771
97,43890
97,44065
97,44078
97,44091
97,44301
97,44304
97,44344
97,44359
97,44399
97,44404
97,44463
97,44822
97,44861
97,44868
97,45077
97,45083
97,45085
97,45130
97,45166
97,45202
97,45286
97,45350
97,45410
97,45466
97,45512
97,45552
97,45593
97,45614
97,45635
97,45645
97,45692
97,45697
97,45782
97,46002
97,46099
97,46174
97,46177
97,46326
97,46379
97,46798
97,46950
97,46969
97,47064
97,47183
97,47252
97,47263
97,47309
97,47551
97,47734
97,47780
97,47829
97,47861
97,47886
97,48053
97,48095
97,48230
97,48310
97,48360
97,48397
97,48444
97,48615
97,48848
97,48856
97,48943
97,49210
97,49291
97,49719
97,49992
97,50019
97,50267
97,50387
97,50457
97,50549
97,50656
97,50763
97,50769
97,50894
97,51266
97,51294
97,51536
97,51630
97,51714
97,51831
97,51850
97,51909
97,52003
97,52018
97,52290
97,52362
97,52484
97,52634
97,52832
97,52836
97,52914
97,52978
97,53100
97,53104
97,53160
97,53236
97,53299
97,53327
97,53339
97,53396
97,53422
97,53514
97,53541
97,53888
97,53896
97,54189
97,54345
97,54712
97,54744
98,32400
98,31507
98,31522
98,31900
98,32572
98,32665
98,32999
98,33098
98,33582
98,33888
98,34230
98,34310
98,34576
98,34596
98,34889
98,35202
98,35297
98,35429
98,35632
98,35640
98,35647
98,36322
98,36597
98,37035
98,37234
98,37419
98,37644
98,38009
98,38024
98,38101
98,38500
98,38742
98,38846
98,38998
98,39216
98,39318
98,39356
98,39472
98,39739
98,39780
98,39974
98,40014
98,40015
98,40043
98,40262
98,40330
98,40544
98,40586
98,40599
98,40761
98,40791
98,40823
98,41005
98,41133
98,41154
98,41216
98,41240
98,41289
98,41387
98,41739
98,41807
98,41838
98,41874
98,41893
98,41964
98,41991
98,42180
98,42288
98,42395
98,42398
98,42415
98,42425
98,42497
98,42622
98,42685
98,42720
98,42781
98,42806
98,42848
98,42892
98,42946
98,42957
98,42963
98,42974
98,42979
98,43046
98,43188
98,43263
98,43374
98,43543
98,43587
98,43630
98,43680
98,43690
98,43720
98,43740
98,43850
98,43935
98,44136
98,44174
98,44181
98,44319
98,44421
98,44501
98,44630
98,44661
98,44766
98,44933
98,45265
98,45422
98,45442
98,45723
98,45784
98,45887
98,46215
98,46367
98,46372
98,46414
98,46563
98,46680
98,46692
98,46699
98,46794
98,46837
98,47184
98,47276
98,47590
98,47647
98,47712
98,47723
98,47891
98,47961
98,48023
98,48030
98,48324
98,48374
98,48586
98,48615
98,48737
98,48820
98,49083
98,49133
98,49138
98,49267
98,49272
98,49322
98,49384
98,49941
98,50110
98,50156
98,50232
98,50254
98,50458
98,50530
98,50593
98,50606
98,50692
98,50730
98,50916
98,50957
98,50985
98,51074
98,51252
98,51320
98,51538
98,51581
98,51649
98,51677
98,51747
98,51796
98,51825
98,51839
98,51845
98,52127
98,52291
98,52302
98,52556
98,52988
98,53177
98,53190
98,53249
98,53255
98,53563
98,53636
98,53659
98,53696
98,53769
98,53776
98,54076
98,54215
98,54218
98,54312
98,54320
98,54548
99,32400
99,31936
99,32153
99,32229
99,32672
99,32804
99,32884
99,33028
99,33304
99,33782
99,33836
99,33837
99,33866
99,34013
99,34250
99,34486
99,34569
99,34651
99,34803
99,35077
99,35227
99,35341
99,35421
99,35863
99,35918
99,35988
99,36180
99,36476
99,37063
99,37086
99,37087
99,37116
99,37287
99,37350
99,37394
99,37585
99,37670
99,37912
99,38155
99,38436
99,38578
99,38579
99,38647
99,38708
99,39406
99,39593
99,39599
99,39648
99,39749
99,39775
99,39865
99,39911
99,39924
99,40063
99,40079
99,40138
99,40156
99,40312
99,40575
99,40641
99,40773
99,41061
99,41313
99,41364
99,41435
99,41446
99,41447
99,41590
99,41723
99,41726
99,41791
99,41823
99,41829
99,41839
99,41876
99,41912
99,42057
99,42065
99,42137
99,42388
99,42395
99,42415
99,42515
99,42534
99,42901
99,42921
99,43012
99,43120
99,43363
99,43404
99,43441
99,43447
99,43519
99,43558
99,43581
99,43874
99,43960
99,43985
99,44171
99,44246
99,44286
99,44513
99,44528
99,44605
99,44632
99,44637
99,44722
99,44804
99,44916
99,45192
99,45224
99,45337
99,45409
99,45478
99,45704
99,45757
99,45841
99,45844
99,45864
99,46048
99,46110
99,46134
99,46149
99,46189
99,46210
99,46263
99,46283
99,46304
99,46393
99,46611
99,46620
99,46636
99,46658
99,46694
99,46695
99,46700
99,46703
99,46725
99,46825
99,46852
99,46910
99,46935
99,47264
99,47413
99,47519
99,47691
99,48122
99,48237
99,48300
99,48301
99,48354
99,48439
99,48523
99,48841
99,48921
99,48943
99,49086
99,49111
99,49198
99,49319
99,49752
99,49826
99,49934
99,50295
99,50406
99,50441
99,50458
99,50483
99,51276
99,51289
99,51389
99,51416
99,51424
99,51516
99,51630
99,51682
99,52251
99,52642
99,52719
99,52833
99,53061
99,53095
99,53144
99,53362
99,53760
99,53817
99,54209
99,54226
99,54296
99,54298
99,54969
