replica,x,y
0,10000.0,10000.0
0,17456.154,7662.481
0,2005.5073,10326.508
0,9963.75,18664.926
0,1307.9097,15028.511
0,17223.258,14388.657
0,6736.9766,16744.113
0,15789.592,3364.3057
0,14510.232,9925.871
0,6601.14,19471.055
0,11847.036,14779.468
0,4858.334,10112.518
0,10612.711,6037.9463
0,2263.7932,13086.18
0,10219.935,15956.094
0,11128.831,2687.7668
0,2218.4966,11096.407
0,16773.781,6731.4326
0,17799.258,10143.294
0,9867.884,9038.342
0,4533.063,8742.585
0,8180.2417,5460.2876
0,4841.6934,10078.076
0,4453.9116,7877.0444
0,16150.894,9460.601
0,3800.8528,19605.492
0,19003.787,6660.511
0,12447.42,19673.037
0,10582.466,6495.452
0,8323.751,14997.589
0,17564.168,7246.236
0,19427.758,1310.5466
0,5814.5244,2985.8596
0,3703.8088,16724.053
0,19457.19,13569.377
0,9941.711,19658.217
0,16023.528,7818.195
0,5174.4673,178.98094
0,10838.85,15245.153
0,13143.532,3295.649
0,14152.205,3835.4622
0,6293.6157,16107.407
0,5094.0635,12916.188
0,2983.3975,4483.5996
0,19508.893,11153.193
0,1703.4581,6627.3906
0,16897.34,14539.692
0,6620.752,17786.555
0,1421.7097,12461.53
0,9326.881,8744.491
0,12360.607,1337.0168
0,6031.153,9477.466
0,8847.427,11983.776
0,14256.3955,11133.788
0,6653.5547,13814.652
0,14675.16,16621.037
0,16010.311,7946.857
0,15182.651,4733.9736
0,8946.04,1147.2693
0,5319.8477,9925.695
0,3141.0535,15783.395
0,9024.979,15327.306
0,9935.829,19537.576
0,11402.118,18184.742
0,3925.8684,10591.006
0,3278.3955,17039.938
0,13641.451,423.95056
0,3473.6936,10981.839
0,19086.254,18727.932
0,11282.09,4204.1357
0,11209.407,14104.2
0,15334.752,15251.709
0,17722.408,3164.0742
0,8139.6196,10982.546
0,18369.193,8395.703
0,11664.001,14987.929
0,16327.504,3256.083
0,1608.9768,6545.4775
0,18509.428,11712.621
0,3392.3596,5236.284
0,16403.6,5120.95
0,3653.3123,1328.292
0,19355.408,18552.46
0,4670.7437,8849.249
0,6585.765,19630.54
0,4033.3582,9608.998
0,7809.9272,10315.781
0,2768.44,8609.623
0,2578.971,14432.668
0,11643.957,14700.244
0,12498.881,19377.97
0,17218.744,7280.6987
0,8688.025,10600.859
0,19661.316,3466.1462
0,18879.773,14307.448
0,7445.847,8617.123
0,6595.776,3019.94
0,19524.553,9615.879
0,5989.1626,16137.854
0,1371.6221,10929.086
0,9249.28,12629.772
0,1146.8453,664.49927
0,196.289,19168.781
0,16351.782,2075.3835
0,15698.479,3181.0056
0,16267.797,3772.6125
0,17304.316,13524.893
0,19000.96,11117.069
0,4648.4414,11968.37
0,13313.6875,464.40985
0,15354.196,15899.472
0,4492.376,14779.426
0,15882.161,6386.0205
0,14944.603,4281.7065
0,9582.758,12588.514
0,12286.291,2882.9814
0,12165.641,19107.95
0,2192.4934,13141.528
0,1207.7151,19293.65
0,9226.588,13516.667
0,8322.42,15178.405
0,6208.6396,19491.271
0,10889.097,8453.67
0,10206.932,3329.2202
0,13320.553,2238.6055
0,4562.769,1545.9117
0,1120.9207,10612.797
0,4592.946,4663.335
0,10405.89,11561.946
0,5592.5464,14485.036
0,18252.639,14569.079
0,15079.8545,2465.453
0,15644.466,12493.016
0,7197.138,5384.154
0,16443.219,7091.853
0,12040.387,14691.306
0,14372.806,3586.7798
0,11407.185,1153.5747
0,10976.279,18942.297
0,2613.9385,9178.38
0,4614.64,6054.537
0,12162.6045,8702.846
0,9693.56,12731.244
0,3495.855,7631.0605
0,16722.314,12653.57
0,17540.555,4746.093
0,17757.232,4746.7754
0,15494.476,16963.4
0,320.85114,13797.383
0,8859.656,15630.931
0,373.3496,2499.2175
0,17459.104,7615.8403
0,14349.442,19912.244
0,8917.062,13991.139
0,7124.3325,14561.826
0,9529.724,7541.838
0,16465.053,17799.48
0,928.0244,11685.168
0,8955.703,5641.979
0,18933.27,6190.252
0,14267.565,3762.144
0,3378.9478,1975.1387
0,18097.287,6503.095
0,5311.8657,19778.207
0,17714.482,5340.8203
0,19902.518,17746.686
0,17781.994,17371.732
0,2530.4983,9274.427
0,6917.437,5254.692
0,7335.053,737.5489
0,14698.86,8284.93
0,14556.767,10299.79
0,3280.7654,2684.9412
0,4984.104,14944.558
0,13580.006,3482.0508
0,3388.2153,15590.444
0,14166.608,6987.6006
0,15594.266,838.57806
0,12849.108,4224.935
0,5190.4604,12697.7295
0,4957.12,7595.333
0,14233.027,3097.1843
0,8259.014,15788.899
0,7828.961,14248.509
0,18089.025,5117.1895
0,17592.299,17737.506
0,665.7972,3676.6062
0,3848.171,9263.853
0,2819.75,9538.069
0,6911.2373,11272.789
0,6958.919,5517.0
0,10564.472,11601.971
0,19620.996,2686.7048
1,10000.0,10000.0
1,10074.648,11027.032
1,408.109,7497.0503
1,9839.04,52.96884
1,2435.4924,3498.0823
1,11696.456,5557.28
1,8398.37,6706.153
1,5017.946,1092.1796
1,3479.073,11978.528
1,6955.1206,8060.9004
1,14337.952,2728.2869
1,1440.1578,9630.754
1,9957.361,15792.224
1,1634.5319,17860.34
1,7149.629,19584.943
1,217.52623,13643.724
1,5953.6997,765.865
1,9697.322,13219.598
1,16264.37,1137.0214
1,9166.374,18858.559
1,15449.51,7420.877
1,7719.5264,2691.083
1,15326.593,560.1904
1,156.5781,12408.837
1,2564.3176,1561.8496
1,6041.1978,4071.1077
1,11179.534,10954.719
1,8726.05,2674.3337
1,8866.931,4995.8164
1,6116.0894,7959.1445
1,3404.9688,12756.667
1,8463.4,1498.4385
1,5740.8223,11144.695
1,4936.1973,14255.473
1,17661.273,14565.326
1,17192.557,15079.152
1,17599.21,15829.466
1,19025.328,16325.019
1,15140.001,2155.3323
1,6827.213,8065.043
1,1966.1902,15256.416
1,5815.6787,4474.1245
1,12539.508,11337.376
1,4965.7446,6998.5493
1,11385.359,4209.8057
1,3823.0532,8544.117
1,8529.672,14481.088
1,15139.793,446.4135
1,19774.94,14123.698
1,3124.4045,586.3297
1,18851.406,1528.9253
1,18897.58,4144.0386
1,13746.368,9324.778
1,9141.438,9543.194
1,14257.172,10993.074
1,11471.439,7275.145
1,11813.816,12505.804
1,15425.26,8107.3164
1,16376.655,9116.075
1,13029.657,12240.115
1,11101.1045,11637.9795
1,2118.5752,9096.494
1,11505.509,6213.5396
1,13570.777,8716.793
1,10627.744,9499.111
1,3537.435,3027.2246
1,4428.6436,10554.357
1,1743.4108,4474.6934
1,17724.078,14196.412
1,18544.979,1825.7521
1,12384.259,6182.488
1,13606.341,3404.6062
1,9475.472,852.98615
1,16957.393,12697.161
1,8821.874,16528.74
1,7412.8335,14344.573
1,10537.366,17012.97
1,6854.882,94.7437
1,6878.527,3137.0942
1,1914.5531,13965.695
1,13283.411,11241.371
1,16178.342,5573.563
1,11687.194,19060.738
1,15407.115,11338.22
1,2211.8398,15028.02
1,12183.31,6222.55
1,17841.908,188.80942
1,903.6211,4634.3657
1,543.904,9315.444
1,16717.988,4604.59
1,15452.001,19226.318
1,8152.333,16763.422
1,7400.211,6780.224
1,16030.301,7540.742
1,4405.177,12017.601
1,1631.5089,10290.41
1,11896.649,13041.895
1,14209.143,7583.292
1,11144.062,738.90533
1,1798.1968,10755.196
1,6430.981,18475.223
1,17660.623,16507.521
1,15470.075,19451.896
1,18685.873,10496.404
1,18433.992,1902.0659
1,1126.5999,13575.004
1,4425.6924,12600.692
1,6334.4453,3569.0815
1,12515.747,8591.988
1,15904.49,14272.557
1,5708.8545,3435.531
1,19497.975,13622.458
1,12763.338,18635.328
1,5291.4927,1796.3544
1,2398.9592,3600.8027
1,13759.244,3060.2554
1,7840.1597,18496.16
1,7768.631,16878.986
1,12079.182,7759.8647
1,271.88184,3595.9883
1,13096.424,1607.1357
1,16869.305,9335.207
1,14026.304,13368.681
1,4225.845,5816.22
1,877.1645,7441.0615
1,15790.696,17137.988
1,15104.331,13717.675
1,19558.014,2528.8052
1,16731.186,7601.816
1,5003.5674,10565.763
1,3024.3962,14950.645
1,3628.9634,18156.23
1,5116.177,5967.5474
1,14519.553,4078.747
1,18992.338,4634.4736
1,13409.727,13963.239
1,8194.8545,5901.484
1,7354.783,6668.909
1,4498.868,4868.734
1,8267.825,4288.217
1,18506.076,13219.831
1,13242.101,8562.342
1,9905.404,17351.225
1,6227.086,19451.254
1,14273.45,16391.201
1,9099.494,2724.6465
1,19557.031,15730.957
1,18427.986,16769.408
1,6522.2837,14242.131
1,13454.619,12159.882
1,562.8877,1768.9011
1,7856.582,16272.249
1,7483.288,10621.434
1,1689.518,3428.1653
1,12166.913,17045.988
1,19197.232,17460.06
1,12045.804,4323.058
1,5354.052,4051.3655
1,10888.844,4284.9297
1,9388.891,14651.7705
1,8986.838,16922.56
1,10654.195,18549.578
1,4011.949,16349.857
1,19742.44,11206.52
1,9784.663,16889.102
1,6383.8286,4632.389
1,14741.459,16663.283
1,1446.9731,8612.517
1,398.6712,643.3126
1,7014.8315,16284.205
1,2995.7136,8120.452
1,12615.478,13926.625
1,13466.623,19082.363
1,2071.95,9752.685
1,9132.8,6007.279
1,18065.742,19032.445
1,4161.2256,7592.1807
1,16374.549,17127.951
1,18624.146,3145.4695
1,14006.093,10902.191
1,155.50105,5374.169
1,11373.353,9053.811
1,2606.118,10580.14
1,15410.4795,5488.687
1,397.42007,18562.934
1,13949.612,8892.003
1,149.40646,13368.155
1,16684.11,13765.431
1,13821.924,7128.149
2,10000.0,10000.0
2,18549.584,956.2036
2,17330.852,7138.2495
2,15718.937,12130.559
2,10239.643,19424.771
2,10750.4,864.72235
2,12064.18,7205.846
2,13688.67,8801.108
2,19220.75,15562.91
2,15192.054,6500.901
2,10257.594,9027.29
2,10332.684,1483.5612
2,4492.8813,18204.35
2,19488.865,5574.011
2,14643.67,1149.2073
2,18943.168,7310.379
2,18612.51,15801.7705
2,9931.3545,613.9124
2,14420.926,17810.186
2,5870.282,7603.394
2,8158.54,13935.423
2,658.4666,4428.3574
2,3801.1436,5220.6978
2,2128.4941,5077.7607
2,5923.3374,16744.732
2,3620.0327,704.56274
2,4596.452,6352.84
2,14073.05,9673.682
2,16168.389,15968.153
2,2219.5059,6271.7773
2,18842.244,4561.332
2,15314.447,18334.236
2,3148.7202,18573.87
2,19844.648,15128.804
2,14894.053,11345.905
2,14577.524,10057.755
2,14762.641,18183.791
2,18031.645,15640.727
2,11308.79,14614.791
2,9747.622,14426.1
2,6396.277,10766.352
2,14200.296,1988.398
2,9251.61,9345.874
2,17755.135,6431.018
2,4767.439,5585.997
2,12397.808,17606.662
2,9806.418,15289.774
2,12907.736,3996.4102
2,228.76091,9271.251
2,16884.645,3414.4924
2,6042.2837,9356.294
2,3062.4333,5368.9897
2,12174.928,2320.768
2,14545.754,9859.608
2,14370.396,17876.52
2,17174.379,2279.0156
2,6721.6084,15816.925
2,11134.322,2853.9038
2,9098.078,2554.376
2,12058.342,14552.553
2,8024.1123,5480.044
2,3195.5583,408.8288
2,4276.5435,17480.172
2,319.89615,17747.193
2,16758.191,14860.73
2,9346.236,7466.6025
2,3036.552,4757.47
2,5857.315,5496.448
2,3662.1929,14881.159
2,2538.934,7862.793
2,12585.232,14568.155
2,10222.234,13666.052
2,9606.651,696.37036
2,17327.238,2692.6416
2,16872.502,11809.248
2,8825.165,10663.98
2,9296.587,16989.334
2,13027.487,18150.857
2,15381.765,19682.828
2,7220.154,527.43317
2,10756.799,14561.126
2,16330.543,13243.742
2,562.58014,17167.059
2,17390.523,10391.774
2,7956.2974,18111.121
2,2032.603,7920.9893
2,10014.7705,12736.941
2,2271.3157,19218.83
2,1086.1088,19633.227
2,10851.687,17642.107
2,13338.367,10676.199
2,11662.663,5315.452
2,10431.156,11506.492
2,9661.172,2430.3213
2,3089.3833,15162.3955
2,3106.8796,4968.6475
2,11251.222,19358.396
2,1721.726,19462.508
2,13328.952,18018.512
2,8142.312,9044.992
2,8014.106,16570.906
2,114.870674,12338.276
2,17911.457,7068.49
2,5001.064,19314.97
2,14512.64,8524.847
2,19392.062,8825.237
2,3218.6743,18063.445
2,2075.0576,15024.585
2,7465.8496,1701.2874
2,9707.959,7356.1465
2,13457.758,12575.029
2,11530.87,102.151726
2,16970.793,5298.6514
2,7348.025,12351.219
2,18257.002,15547.309
2,9561.16,8936.429
2,16379.901,8672.821
2,586.7677,17700.465
2,3058.8818,7271.6343
2,9248.886,109.38604
2,7624.7725,4140.5674
2,4092.3464,11715.275
2,352.7225,3738.5947
2,4854.6973,7516.683
2,4238.883,10772.889
2,17991.29,2813.2117
2,15844.846,16897.764
2,3634.4722,13959.423
2,17154.75,10615.731
2,10753.487,15862.08
2,13650.853,10418.987
2,7466.574,12666.764
2,12443.583,17816.527
2,3074.1855,15519.1045
2,2569.483,12445.562
2,330.00394,7905.5586
2,1740.3146,15292.697
2,905.85834,15558.868
2,15697.703,12368.731
2,13121.33,3956.8633
2,1344.1014,13711.191
2,5832.841,9187.743
2,8980.077,14615.526
2,7667.671,9900.464
2,17582.84,8114.813
2,9518.343,6217.691
2,12773.886,8961.569
2,2721.138,1798.7805
2,16596.008,19030.223
2,6882.983,12938.554
2,2571.559,18210.818
2,11555.884,10284.67
2,4315.5654,3289.6309
2,16596.13,2116.7466
2,13491.918,3974.2537
2,19848.44,7645.8447
2,1943.4478,18918.695
2,17654.256,11386.865
2,13055.678,17552.814
2,11199.288,16148.772
2,9936.74,3469.298
2,19404.72,7690.4053
2,401.87512,13186.16
2,10396.476,2222.645
2,13560.106,1463.542
2,3189.1125,9743.831
2,5442.117,8787.131
2,7048.17,7030.4316
2,93.94472,19849.41
2,12939.617,16290.123
2,11900.813,15208.368
2,906.5223,7329.6865
2,9018.659,18052.941
2,2342.76,12303.816
2,967.2623,16669.057
2,11698.294,13968.44
2,15309.679,19428.256
2,801.0738,13377.62
2,10628.625,16052.038
2,15885.702,3425.7144
2,14539.595,5511.5464
2,4078.55,19843.443
2,18760.932,2802.433
2,12358.85,1163.532
2,10657.936,13878.619
2,12280.559,5407.2285
2,7991.745,739.0902
2,10378.113,7639.173
2,1007.97766,10725.349
2,3156.3555,4617.305
2,11336.612,9029.324
2,15041.56,7903.1084
2,3892.1082,8365.65
2,19485.21,1995.4901
2,5775.2627,3677.7832
2,12337.91,19037.148
2,656.1358,19073.58
2,17087.88,19326.041
2,15928.891,18726.459
2,7071.898,16348.169
2,10022.215,17297.953
2,15439.77,18279.863
2,16919.328,18361.797
2,5882.8022,5650.921
2,9302.603,8763.361
2,3657.6763,16719.19
2,13649.029,13686.832
2,8526.529,18244.55
2,5334.89,13899.4375
2,15142.168,5985.5396
2,5840.007,17001.74
2,18072.914,15395.994
2,16019.159,5742.0176
2,3729.7607,4122.1616
3,10000.0,10000.0
3,5205.239,12772.481
3,6550.6475,3384.0142
3,9054.522,19374.172
3,8861.755,18724.508
3,1448.0289,5580.085
3,2515.7534,1651.0814
3,13933.274,8537.635
3,18654.336,9903.14
3,16721.299,4804.422
3,12771.744,10895.821
3,16128.88,9305.151
3,2357.5327,8368.121
3,7225.091,17748.746
3,840.8382,12685.657
3,5047.57,13988.774
3,19794.64,9170.449
3,12443.894,3300.5063
3,7729.6123,12248.397
3,1335.0359,12985.714
3,19890.676,17971.053
3,17561.725,3358.4868
3,7928.6777,4975.8154
3,7163.6777,18341.559
3,9004.011,15999.112
3,3134.6282,8354.674
3,4218.165,2753.2593
3,6960.865,572.64966
3,1966.9463,15566.949
3,11935.493,19286.885
3,18399.312,13087.863
3,237.6304,7331.502
3,12569.917,8048.3994
3,15864.842,15597.674
3,3730.5654,5330.8823
3,14783.224,11114.669
3,16987.578,2993.908
3,15680.651,5865.705
3,6266.054,14646.011
3,7982.1797,3563.912
3,1107.677,4308.275
3,10251.437,8907.99
3,19885.723,11607.425
3,13390.431,18701.916
3,2415.078,16368.164
3,2617.987,361.55246
3,7833.464,2850.927
3,18762.965,7014.675
3,16157.93,13642.923
3,2846.9463,15946.893
3,19147.857,11277.792
3,18840.705,1037.1401
3,19659.477,1404.2937
3,418.68106,3448.7166
3,6209.3535,11368.273
3,11097.817,6635.6826
3,6021.8936,2062.2844
3,12717.022,7114.301
3,17907.008,10892.037
3,18699.791,19786.549
3,15462.943,2955.5896
3,8750.732,1309.6754
3,4248.4907,7562.646
3,11596.419,572.7057
3,9763.017,19362.855
3,18640.816,9625.9375
3,2882.3447,7393.5146
3,2563.1765,13908.598
3,11456.749,124.60301
3,15927.408,12607.207
3,2350.742,4269.7915
3,1406.8099,17491.404
3,15849.433,19423.533
3,16029.562,6338.1094
3,8035.647,2549.6628
3,3170.1653,9414.369
3,5615.637,16105.324
3,8116.9097,8662.143
3,12146.976,18815.63
3,19556.756,7816.8696
3,9725.322,13626.984
3,5872.01,4392.1787
3,13078.435,19754.707
3,19359.807,4043.1194
3,6736.125,8176.869
3,9135.588,7726.1006
3,13357.622,9666.941
3,17095.814,11698.894
3,5272.5796,1929.9874
3,2523.93,16329.174
3,0.79599303,10309.999
3,7360.805,4354.1475
3,17670.799,8583.293
3,4311.0,8984.748
3,6503.074,2751.8818
3,196.47476,8823.3125
3,18909.31,4115.763
3,18799.594,16041.052
3,12970.806,14400.435
3,9274.75,19887.953
3,3738.72,14879.599
3,15418.545,8874.3125
3,4938.753,1282.2114
3,4299.3813,16942.775
3,2928.6982,19897.646
3,10294.508,19489.303
3,10185.461,10812.562
3,10077.133,19584.113
3,15896.914,8321.551
3,17355.64,6934.298
3,15755.465,17110.453
3,18112.42,5284.0674
3,5618.2524,6935.1255
3,4853.273,5788.346
3,16710.457,9602.565
3,5577.8823,6975.285
3,17191.76,2416.5627
3,1106.4546,12834.973
3,3230.1648,4080.0469
3,3929.1892,11897.835
3,3930.361,17850.994
3,18086.06,19847.479
3,4414.757,4838.677
3,15776.389,468.98038
3,1815.3682,15690.468
3,8550.182,19933.61
3,6449.6577,13517.419
3,15079.6455,19980.586
3,6320.8394,15756.309
3,12378.059,5336.031
3,1007.54297,13641.897
3,3134.107,5440.762
3,19196.021,17409.84
3,19164.475,14293.765
3,7035.416,3478.5757
3,17142.605,15805.705
3,16323.251,18581.855
3,14851.646,17622.295
3,10323.751,6170.442
3,13543.505,3553.1985
3,14913.037,10801.431
3,9326.234,1913.5421
3,6030.9385,18122.342
3,1782.0376,8348.533
3,8858.087,13930.001
3,16977.502,11009.123
3,2296.2903,9984.27
3,2981.816,1583.4672
3,19656.605,3976.233
3,10718.595,14302.339
3,19848.443,5886.967
3,10045.139,6914.0156
3,18487.727,9325.833
3,19731.742,11226.917
3,10196.877,10494.503
3,16000.807,11489.3955
3,1311.2872,2745.9736
3,14482.758,13133.586
3,18030.834,8859.4375
3,2115.7996,3065.0625
3,15021.736,5690.469
3,11926.938,11290.115
3,11356.429,4599.888
3,6356.8833,6930.2026
3,1175.168,432.014
3,1965.5369,12987.415
3,18654.488,8019.973
3,3314.4353,19835.764
3,13161.597,8142.709
3,11562.682,15293.121
3,12240.708,14197.363
3,2976.1147,9836.809
3,14714.114,12760.271
3,18367.81,18778.877
3,19466.281,9349.992
3,15160.929,1493.2742
3,2991.166,5691.637
3,669.2434,5508.9644
3,13759.368,14407.88
3,16729.592,15691.099
3,2095.3752,13664.567
3,8417.877,18351.105
3,11746.941,1154.5947
3,3988.4475,17171.852
3,11185.072,11237.804
3,9954.744,5132.618
3,18153.377,17388.559
3,8178.7676,9430.686
3,13753.939,3606.2908
3,10890.0,11313.499
3,13085.234,6199.8184
3,9475.922,13316.043
3,795.27106,12937.317
3,11261.122,19639.328
3,18924.047,13075.176
3,12257.569,813.9608
3,14580.53,19813.973
3,1276.5133,11868.225
3,19724.871,4717.208
3,4210.569,16039.18
3,16585.297,5209.707
3,6677.2324,3421.9128
3,17573.81,1839.0077
3,6299.578,15983.945
3,18260.861,3033.517
3,13041.415,17080.504
3,18973.287,19946.857
3,19542.951,3277.5906
3,8285.234,2875.4534
3,19703.742,19878.002
4,10000.0,10000.0
4,6293.224,288.4079
4,13599.518,14074.59
4,10446.705,543.4332
4,9672.799,13735.863
4,11566.503,2035.1508
4,11737.153,1007.339
4,6644.761,19461.727
4,10740.346,3605.8423
4,1578.8588,13612.199
4,6205.8164,16040.082
4,19392.498,3362.764
4,18435.002,4132.5767
4,14048.489,4486.2803
4,10612.169,207.2333
4,5961.9653,5275.9307
4,11078.533,14167.601
4,9736.065,2490.4246
4,18205.152,9533.096
4,10768.36,2904.9126
4,6858.33,18068.0
4,12696.73,18564.977
4,14507.889,1518.2997
4,19224.646,7453.3447
4,4631.744,7563.433
4,2336.82,9359.73
4,14269.022,14896.692
4,8030.0835,362.47574
4,3139.4653,15650.976
4,6752.904,14840.591
4,4620.7803,1911.1117
4,7012.779,5039.321
4,13288.488,5971.6396
4,18737.326,6149.6445
4,17114.832,16720.395
4,13166.15,8537.648
4,12904.228,1258.1935
4,1724.8115,2318.8845
4,11595.358,11614.024
4,371.87488,2267.1619
4,13981.951,19003.814
4,7422.0557,1393.9639
4,5758.6626,15871.554
4,13826.0625,7428.266
4,13292.847,2082.5034
4,2340.1167,17985.885
4,12943.69,18119.504
4,4289.9126,11667.934
4,4494.46,19666.676
4,18760.049,3453.896
4,5447.825,13978.559
4,6522.521,19179.002
4,15808.325,3392.9072
4,7522.953,11705.562
4,17230.89,5444.26
4,15790.665,1928.5669
4,4542.9194,19573.232
4,1246.2616,1740.7606
4,11290.1875,16808.88
4,10578.373,10957.88
4,973.05396,16211.84
4,15228.84,12332.279
4,10027.93,4871.792
4,3348.0396,978.767
4,1733.4506,15075.526
4,3524.4395,1102.4817
4,16562.453,260.7318
4,13270.115,5669.2886
4,19652.285,204.23459
4,8414.173,18717.484
4,14616.3125,19166.08
4,19233.896,18115.814
4,16618.7,9934.98
4,2788.497,2395.8315
4,12597.366,6229.8706
4,7675.0674,19878.041
4,15746.076,1827.838
4,9629.338,19670.697
4,4114.899,12.511362
4,4025.0984,14567.515
4,19096.078,8322.258
4,8077.6104,15817.875
4,8506.043,2956.522
4,19105.314,12382.978
4,4809.8267,11336.609
4,668.1312,10949.917
4,13452.646,284.33008
4,14803.584,17789.39
4,12740.019,258.69904
4,12360.632,1348.7399
4,1509.0052,19777.59
4,15711.981,2624.4666
4,1242.3428,4911.4097
4,15716.329,7959.8193
4,13503.132,14142.749
4,5395.923,8957.353
4,17223.717,1237.6464
4,5900.843,12561.571
4,13151.483,17141.574
4,17521.213,9845.625
4,15979.913,4277.778
4,7696.594,1797.7687
4,17996.531,4317.798
4,3260.2732,586.9758
4,16171.637,18140.326
4,4500.707,13236.38
4,4267.4155,17693.441
4,1818.914,18955.652
4,12726.367,13497.643
4,7265.4707,10399.093
4,6034.689,5789.696
4,19283.967,19554.232
4,4278.3623,12745.911
4,11115.898,19967.902
4,7843.205,4639.757
4,19919.768,12869.257
4,8886.641,12230.052
4,10731.2295,3736.3623
4,4522.6387,742.48004
4,14686.477,11292.0625
4,2149.6614,8454.87
4,5529.2217,10498.686
4,13809.89,13610.272
4,14191.495,1339.501
4,4093.8313,11727.173
4,6224.3843,13707.819
4,15372.865,13566.394
4,7788.0967,7542.3364
4,18027.117,17322.084
4,4283.015,11000.762
4,11121.255,8194.981
4,5564.47,14978.885
4,14158.497,19418.975
4,12608.233,8410.686
4,2937.388,13304.761
4,16085.008,6273.965
4,16489.568,16132.51
4,4527.3853,13637.542
4,951.7767,13944.928
4,15796.984,9915.881
4,11224.191,2259.0369
4,8490.921,796.08496
4,19338.197,1071.2739
4,4979.735,15117.685
4,9834.407,17230.508
4,7898.994,3350.5432
4,11704.205,4809.0034
4,9992.19,945.2915
4,11970.8545,3451.3909
4,2371.8315,1888.303
4,3237.4275,16744.596
4,15015.24,18434.674
4,18260.285,12076.309
4,17564.24,11198.886
4,18239.662,40.689953
4,18141.576,14303.492
4,4061.2356,7533.335
4,17176.232,12997.437
4,4817.5005,7923.377
4,16288.545,16452.9
4,5256.5986,18238.51
4,19649.752,1688.8009
4,16576.988,2394.3489
4,13370.54,3916.2627
4,16355.445,11614.281
4,3356.6494,6135.3374
4,3891.943,2724.6765
4,4126.1133,11010.899
4,1143.7533,6346.1787
4,19135.553,1671.1628
4,19518.854,17482.111
4,1278.3325,11875.136
4,2724.8862,2686.8477
4,8919.981,16574.445
4,8845.272,16348.105
4,8766.246,6397.2036
4,15219.024,19490.748
4,17324.408,19403.54
4,5138.7656,17211.912
4,12341.129,1658.3755
4,19793.238,15681.82
4,10127.38,11286.955
4,1099.3241,1971.5641
4,4387.129,8162.837
4,6848.1455,17901.062
4,14906.19,12913.029
4,7471.5933,3872.3967
4,15943.062,16928.008
4,3863.571,6216.645
4,10275.633,5158.174
4,9202.782,19337.42
4,7244.34,15764.613
4,1858.9269,15629.968
4,11965.051,8545.52
4,15241.961,15111.899
4,7712.594,3957.6265
4,15789.891,1112.0435
4,2885.9832,14999.292
4,15831.751,12696.417
4,3709.8623,13716.039
4,11817.118,12215.017
4,6979.3394,9616.342
4,8273.454,5361.6836
4,13081.854,4462.071
4,5780.352,5554.0195
4,8442.388,12500.16
5,10000.0,10000.0
5,2146.118,4856.8228
5,16706.262,8298.664
5,16375.078,399.77017
5,11699.424,1329.1497
5,3587.6077,18942.809
5,18280.635,15099.201
5,5927.5996,13266.115
5,19011.494,11952.291
5,15934.514,3252.5723
5,2157.3503,17052.328
5,3410.8796,4581.0303
5,2568.2278,12581.134
5,8202.831,9111.146
5,7089.796,7011.745
5,7041.019,8433.567
5,1070.3014,10525.852
5,15218.332,18353.56
5,18192.008,5139.994
5,3523.044,17052.518
5,17029.441,19595.145
5,5966.6606,5437.0337
5,7267.5776,4087.663
5,17792.154,4173.8105
5,13374.286,13930.264
5,19069.098,5223.0786
5,13157.858,15948.629
5,3740.1223,5352.118
5,7454.2847,17284.406
5,8283.265,4433.1353
5,16966.16,16479.32
5,4607.925,4589.6807
5,5229.9575,18557.855
5,10752.066,5521.873
5,1608.6476,11330.799
5,8735.604,10027.52
5,15235.093,19935.832
5,10504.811,7900.568
5,3340.8582,8091.1475
5,14573.114,15467.892
5,19930.316,15074.979
5,11040.563,9032.454
5,8498.739,18801.479
5,5844.1875,15422.856
5,1158.0249,19625.965
5,15437.642,208.37369
5,18008.238,9542.711
5,2926.5608,17936.633
5,7705.6816,10766.802
5,11567.308,9517.993
5,4238.0225,19311.557
5,18974.188,12994.309
5,6298.4897,18738.373
5,6721.545,9396.885
5,1277.51,16446.477
5,19439.742,5835.5767
5,19991.56,14241.019
5,18926.588,16811.596
5,19063.967,15420.474
5,9516.811,14546.345
5,15885.456,4224.0166
5,9841.115,12301.503
5,10236.436,14619.079
5,2520.2625,18749.824
5,13515.938,1767.7982
5,15804.876,12800.777
5,19090.328,11046.256
5,6774.6357,15840.901
5,6175.4185,19203.834
5,18001.6,5515.997
5,8130.7803,9677.912
5,13002.753,12619.17
5,16757.06,15049.65
5,2736.1758,1028.1813
5,16639.97,9214.498
5,17317.812,11354.318
5,16614.035,7284.679
5,5906.491,2652.5037
5,18741.842,7016.641
5,17038.01,11478.294
5,8302.457,14922.888
5,10533.733,19859.334
5,12472.803,5240.111
5,5087.2544,2025.9436
5,2382.4727,2752.82
5,1162.8639,15006.6875
5,17191.441,12637.237
5,13849.542,15775.632
5,10467.236,8052.8013
5,19844.96,10967.757
5,10835.56,1032.7917
5,8723.053,1364.7852
5,5517.4624,18979.5
5,5789.7817,15455.096
5,16510.035,15885.458
5,18039.537,16539.266
5,3450.6118,11106.9
5,15423.866,2653.9048
5,2889.4766,15131.133
5,7561.821,1049.904
5,9112.453,9198.8
5,2099.3313,18188.484
5,16602.543,407.39594
5,16571.87,1761.3845
5,16879.768,7403.0483
5,14729.736,15156.68
5,16383.963,17737.062
5,19189.54,11510.436
5,14288.222,16144.43
5,19219.115,7961.6143
5,3411.1877,19986.854
5,6515.7173,9497.313
5,7904.926,3613.7144
5,13636.733,8146.669
5,6454.7295,10593.282
5,7069.0957,3433.5637
5,4380.6294,962.999
5,2095.2654,8391.861
5,4756.0156,12264.733
5,19882.418,14693.582
5,18773.36,12859.632
5,3388.6624,5104.4614
5,10318.441,9742.566
5,19680.303,11724.294
5,5467.815,10310.404
5,69.04667,6251.552
5,8866.524,2631.3213
5,19741.953,2144.3623
5,369.20956,12852.566
5,9538.878,15572.925
5,6603.6084,17838.979
5,12940.444,8910.044
5,10308.512,14666.493
5,10584.915,3951.6091
5,345.02557,16655.44
5,8288.858,8729.235
5,4229.919,15013.056
5,13081.766,7965.468
5,72.7394,5742.739
5,191.86461,13506.055
5,19929.574,2703.7466
5,17677.709,15955.411
5,434.20114,16846.756
5,12351.541,2799.7825
5,213.65163,13098.675
5,15444.349,10448.356
5,10615.399,11580.198
5,1318.1615,19185.777
5,13216.131,9573.853
5,7229.4814,1425.2202
5,16160.424,12084.302
5,6004.8813,2651.1143
5,1815.8868,18124.184
5,3188.643,1848.2643
5,14455.196,15093.343
5,14889.345,19397.8
5,18378.912,19227.445
5,5810.7856,19066.996
5,4955.7285,3839.4956
5,15516.85,4396.1514
5,8905.347,11093.236
5,12056.801,8430.989
5,18554.436,19751.184
5,15527.887,19890.107
5,13059.807,11503.6455
5,1841.4596,12506.174
5,12240.769,11854.68
5,15666.573,4373.965
5,9331.509,19821.621
5,4487.0366,8019.9927
5,1963.2212,19170.61
5,13372.961,9123.055
5,19640.197,1260.6536
5,19302.266,8491.845
5,19484.49,9851.936
5,13429.92,10378.682
5,17606.725,13208.47
5,11635.965,12602.643
5,5824.332,6473.8823
5,19535.03,9674.721
5,12229.915,5808.965
5,9769.865,16257.794
5,18258.383,1121.3734
5,12.168483,16248.418
5,13604.644,18562.0
5,14987.563,8722.198
5,18914.357,4885.5146
5,11982.431,14252.27
5,10587.342,16329.52
5,18145.639,19341.834
5,7638.2153,7982.949
5,15548.2705,17877.879
5,16168.852,12363.093
5,19434.332,10352.383
5,621.01404,16795.547
5,1525.8767,7267.2275
5,289.4909,469.46747
5,8732.98,19134.428
5,102.17531,556.8479
5,86.860275,15753.96
5,18914.822,13723.0
5,3574.2686,18589.016
6,10000.0,10000.0
6,5384.8154,7168.1587
6,2360.7383,3458.6824
6,3500.6694,17610.998
6,10385.348,17137.555
6,16403.629,14540.953
6,934.97943,17909.773
6,12430.995,7152.869
6,16141.0205,16186.253
6,7581.296,893.2053
6,19035.375,12251.935
6,19131.34,3984.5674
6,12355.12,800.8128
6,11702.264,13620.358
6,10462.01,15755.635
6,14672.124,18330.387
6,9830.3,3312.032
6,14415.924,17459.877
6,12880.972,19483.297
6,11777.226,1652.2192
6,2548.7307,5296.1323
6,14840.568,13280.464
6,5140.9214,17532.447
6,18356.992,16784.908
6,18139.484,12473.644
6,10546.754,16054.394
6,445.6092,18784.016
6,19043.77,5572.3975
6,5775.385,19541.213
6,7819.3555,8178.474
6,3068.5823,16879.156
6,80.621506,14722.029
6,18629.963,16508.09
6,19332.627,13714.815
6,3636.0015,12071.966
6,18158.63,3684.5789
6,17454.857,231.06729
6,2531.2932,11386.071
6,13124.853,8788.726
6,6994.404,3511.6616
6,11795.436,6758.557
6,262.91797,16124.676
6,13800.318,5691.4854
6,561.791,2634.3896
6,7120.4824,16586.611
6,12625.585,3602.105
6,3168.2349,17513.557
6,13412.891,5424.1245
6,2453.645,15545.358
6,19494.113,3919.5564
6,3217.7764,5602.349
6,15349.8,19032.14
6,5837.541,6583.552
6,11140.605,16929.133
6,14641.589,19205.744
6,11326.962,4316.341
6,1678.1794,5203.381
6,1006.7364,16048.962
6,8727.59,19837.516
6,3562.2742,8745.405
6,17385.975,8720.347
6,6569.108,5064.638
6,11260.352,12206.584
6,8558.89,19770.043
6,18078.53,9876.995
6,10380.216,2850.4692
6,18274.35,12823.513
6,13794.884,8032.443
6,3849.59,16723.385
6,7725.2637,7771.6743
6,18812.088,4678.1772
6,15083.019,282.37442
6,2187.3774,2677.7214
6,4119.7437,8801.896
6,4628.9775,18568.514
6,6045.9663,3290.81
6,7261.5146,3932.1702
6,11985.481,11813.108
6,11129.519,17047.43
6,4227.5176,3297.8894
6,7662.246,3981.4675
6,18630.367,504.62988
6,19338.615,906.696
6,6926.6465,6419.4985
6,9236.028,3894.7349
6,3627.9473,15833.357
6,6716.228,9943.163
6,15931.309,13135.24
6,2543.9988,14776.273
6,7121.2256,17991.66
6,10991.1875,18122.762
6,16847.793,18388.941
6,96.88358,12814.566
6,16922.135,19582.086
6,18419.207,5440.6206
6,5222.1035,9913.398
6,7202.2993,10820.592
6,13932.711,16981.031
6,17708.818,11376.384
6,17582.725,2762.3677
6,6728.0977,8753.479
6,10432.655,15061.617
6,15574.76,5942.4927
6,16368.439,11575.359
6,5690.25,12418.709
6,9418.193,3117.4104
6,10144.882,12459.739
6,14315.905,11123.288
6,14619.689,14518.215
6,970.20844,15031.638
6,11540.933,8774.661
6,14100.459,14220.095
6,2482.4905,5653.391
6,17930.729,16608.664
6,2201.2446,16184.001
6,5542.075,1234.2609
6,11073.754,10739.043
6,13111.128,16922.162
6,17465.633,11553.429
6,5824.929,5775.0073
6,4500.5083,2339.297
6,12973.826,6662.456
6,11109.26,4227.294
6,15281.469,18979.166
6,10467.967,16030.258
6,4803.963,16900.146
6,4754.0103,10582.008
6,19147.008,249.70186
6,4623.941,13274.179
6,30.656958,942.2041
6,1879.2933,5260.9263
6,11121.758,1300.8818
6,6714.082,69.44022
6,10664.157,13384.645
6,3088.7468,5431.469
6,7859.4297,1529.8423
6,10275.355,15896.703
6,12784.013,10208.204
6,7261.917,14669.706
6,15281.228,15181.728
6,13844.713,9858.732
6,15142.57,2438.6538
6,4733.1636,18336.791
6,3960.12,2326.3303
6,13096.705,15258.262
6,11271.388,7480.3604
6,15447.778,12687.047
6,422.1885,16557.48
6,17191.416,18073.824
6,18291.627,6675.9688
6,12510.099,10219.647
6,4269.067,46.048122
6,10067.002,5999.5054
6,5568.685,3156.7976
6,17192.07,1904.0469
6,2509.9429,13495.573
6,16071.359,11659.652
6,1888.4207,10802.812
6,2734.1855,7422.931
6,10524.07,6229.5845
6,17059.922,6742.4175
6,2057.555,5170.7827
6,9112.798,1758.0038
6,18615.697,13629.94
6,3531.3262,11595.492
6,17834.812,15810.071
6,9514.302,16424.512
6,7379.705,1794.6644
6,13047.257,4724.9194
6,9448.531,106.33052
6,12038.1,17611.762
6,10145.381,2913.7031
6,12203.218,6005.548
6,7382.3975,4758.8057
6,1464.4563,19132.387
6,7185.3135,17986.51
6,7094.053,7537.324
6,13433.504,2527.5078
6,215.13757,7510.689
6,7798.632,5510.9165
6,12938.334,1948.7228
6,4654.6284,17318.611
6,14851.307,5203.403
6,13623.04,5238.639
6,15914.541,6483.9575
6,16124.6,14651.769
6,16413.621,17772.62
6,7011.48,3618.8672
6,1459.9944,2716.8013
6,3750.909,10935.703
6,7876.8403,6750.5107
6,4841.537,4620.7017
6,15582.553,9716.189
6,11145.721,3796.4272
6,14927.06,14222.067
6,4922.0933,12792.779
6,8292.952,12728.168
6,10939.626,10282.907
6,8552.404,15499.925
6,8304.145,5923.9863
6,4197.0747,17025.162
6,3438.118,18166.39
6,5386.994,1887.5795
7,10000.0,10000.0
7,12567.671,9612.927
7,1749.1027,11132.877
7,13318.268,15676.176
7,1286.2944,6839.38
7,1106.5773,7001.794
7,5139.91,3221.5715
7,6087.9956,14689.875
7,2932.248,17413.572
7,14625.153,4179.203
7,8233.124,2909.9717
7,5748.2705,11145.154
7,10444.564,1273.3497
7,14024.468,18057.822
7,19555.959,9104.958
7,15826.08,5493.817
7,17417.635,3539.3303
7,7938.585,13236.859
7,2293.5588,7627.5967
7,15223.552,10594.527
7,7986.516,3598.4243
7,2315.0874,15974.972
7,12006.126,19552.807
7,15475.026,13484.238
7,9526.189,562.7174
7,16021.998,15028.342
7,10400.07,3026.5044
7,8148.282,2117.7668
7,2398.906,17840.814
7,7183.9688,6164.2065
7,2820.528,5611.135
7,14960.0,11813.935
7,15090.126,3921.668
7,1159.5767,12933.698
7,7067.8994,14153.431
7,11152.554,10782.539
7,17147.287,8436.58
7,8910.616,9001.553
7,11680.86,9314.49
7,13938.356,7661.071
7,13182.555,16334.768
7,9606.722,3726.0742
7,4810.627,19060.709
7,7639.745,289.97577
7,1284.0643,6638.3887
7,2992.6138,947.6639
7,6569.8687,9233.697
7,2248.362,3044.3047
7,4046.183,2090.7832
7,955.69617,727.37726
7,6652.3887,504.50275
7,11286.969,2046.0967
7,16041.398,3762.7317
7,18324.543,1410.2609
7,17642.436,8786.403
7,16050.281,19436.676
7,11001.613,4173.371
7,6289.114,6490.547
7,11827.401,8114.9375
7,19073.496,9072.149
7,7171.2393,14961.756
7,17020.963,19423.535
7,7722.5815,16251.822
7,7249.171,12921.285
7,12611.772,19161.48
7,7050.275,8163.8325
7,13552.476,2729.1592
7,6088.5474,18139.783
7,1414.1427,11926.143
7,18473.871,13571.721
7,1607.9923,15692.55
7,7853.6123,18567.848
7,2160.816,17648.824
7,3872.2395,10797.749
7,1047.4421,15708.343
7,6488.505,2556.5867
7,7046.461,5013.2036
7,8984.87,10944.4795
7,4617.062,2534.0513
7,11425.717,10070.801
7,6956.0796,2026.7535
7,12392.833,3090.8894
7,17938.709,8994.526
7,4846.8174,18719.113
7,1909.6248,7984.632
7,9698.949,30.290112
7,8121.8853,9730.095
7,11969.511,15331.357
7,11967.582,6533.2104
7,17568.807,11024.23
7,12333.947,11566.919
7,1379.1455,12642.46
7,86.38226,4881.6807
7,11386.635,10595.647
7,10051.596,10969.303
7,8453.591,12765.265
7,3123.4683,18608.955
7,10713.603,6206.5977
7,12077.674,819.80273
7,10398.704,7732.8438
7,18436.812,13843.597
7,11775.642,2067.6216
7,12925.565,14444.359
7,11369.394,15764.639
7,16369.088,13970.581
7,1402.6136,7926.2314
7,11820.321,2372.5957
7,17354.604,7676.5894
7,3987.612,957.70355
7,4684.9106,13706.01
7,7020.2705,15895.066
7,3797.22,17311.121
7,1687.6646,5080.852
7,5881.5493,12229.978
7,14401.15,18770.41
7,16154.601,18648.938
7,6654.463,5421.8813
7,9486.335,6803.55
7,8021.4067,8045.281
7,5443.622,2727.3938
7,9639.68,11323.289
7,17700.293,3041.893
7,4385.222,3602.4934
7,1582.5469,696.6684
7,14452.034,2401.667
7,16096.229,18948.324
7,1390.6256,13778.109
7,19715.447,7833.5986
7,3380.9773,1703.0457
7,2529.8545,11611.363
7,1328.2035,10415.302
7,9349.3,96.47906
7,14985.806,19099.662
7,535.0679,11945.597
7,14455.139,5911.45
7,19410.7,1876.1309
7,14079.345,14722.104
7,14857.935,605.10077
7,12794.716,5798.72
7,13805.725,18004.605
7,19046.463,17013.314
7,16958.898,19332.33
7,15379.326,1817.5431
7,3474.7642,7427.221
7,12965.458,12283.723
7,12147.537,1509.709
7,946.3314,4939.596
7,17879.777,18230.727
7,18337.854,10726.27
7,17984.365,19805.01
7,6900.023,11380.032
7,16501.338,16165.395
7,16119.861,702.1831
7,17642.809,13462.647
7,11022.009,12184.631
7,13037.986,14951.127
7,8895.968,14602.223
7,14486.683,10598.447
7,2430.0583,2090.53
7,14789.513,1221.8257
7,12544.233,19973.13
7,8550.95,12489.535
7,9188.701,5805.708
7,6315.343,15208.209
7,5485.148,13382.752
7,10154.923,8414.377
7,1914.0743,16387.006
7,12889.328,17617.09
7,5672.852,16292.729
7,3726.6316,7134.508
7,9094.605,17602.074
7,14440.781,19100.627
7,19588.271,18230.768
7,10525.049,17450.045
7,2407.0286,1766.5315
7,16368.841,8123.0093
7,16962.764,650.24976
7,19412.156,9651.936
7,215.4706,5252.9517
7,5971.8584,13043.763
7,16065.206,4666.592
7,13986.757,1209.2188
7,11679.884,1053.8489
7,10986.798,3206.827
7,9011.288,9823.456
7,15307.379,1539.6569
7,16019.305,13617.058
7,15140.888,10572.001
7,10235.978,9424.803
7,15627.937,3903.071
7,10568.442,3225.2686
7,11093.691,15240.267
7,8322.439,15194.561
7,9417.416,16287.247
7,18646.193,18472.84
7,18813.898,14929.905
7,13027.993,5345.3354
7,12967.266,8500.079
7,16240.085,10150.497
7,15625.972,2853.676
7,16655.656,8018.578
7,12794.001,18440.283
7,17003.291,3501.1836
7,6325.05,4106.2383
7,16704.22,14650.692
7,15017.021,15181.478
7,5631.1665,14948.919
7,6132.0903,15197.592
8,10000.0,10000.0
8,478.27014,373.1801
8,1987.1613,18197.174
8,17697.295,14939.754
8,12218.795,426.7174
8,8516.532,9459.14
8,19310.48,8298.055
8,15138.934,4152.195
8,4876.6807,15387.342
8,1073.3582,12346.303
8,9873.467,11867.444
8,16208.339,8035.4272
8,6718.5186,19625.06
8,11326.161,8260.814
8,12955.591,2668.2073
8,17356.092,4462.4707
8,16212.682,6454.4404
8,1180.01,11295.097
8,16174.12,953.6078
8,9587.705,12507.75
8,11237.908,7749.705
8,13063.013,17264.494
8,9243.907,17331.137
8,9686.789,9854.633
8,1906.923,449.3615
8,17916.178,9576.328
8,3560.723,7557.6387
8,9957.701,7485.3457
8,5070.0444,14955.689
8,17267.594,11133.352
8,3853.7007,11431.665
8,8606.463,17321.922
8,6696.708,1613.3142
8,18032.295,15970.42
8,14459.3955,18629.418
8,1040.5187,11356.233
8,16396.205,10308.203
8,17952.37,11794.404
8,15396.733,14892.877
8,11577.272,5310.448
8,14025.42,6235.004
8,9661.575,2608.4805
8,3906.3008,19672.38
8,18089.549,5749.1914
8,4814.8276,19708.76
8,10579.815,7776.487
8,1611.3972,7367.568
8,12678.066,10216.274
8,3593.4084,11131.498
8,12790.082,15077.445
8,12393.602,11107.912
8,13968.8125,6515.263
8,6869.351,8798.822
8,9157.984,9128.803
8,19887.312,6955.5684
8,8853.701,2071.478
8,7613.0674,9740.287
8,7510.2183,770.158
8,14241.83,16694.28
8,6995.755,12010.312
8,16637.607,13347.121
8,3314.9456,4585.466
8,1492.2502,5617.5366
8,10051.276,2765.318
8,14028.095,17800.973
8,3333.9922,15681.124
8,7536.565,6484.356
8,7202.4995,4824.6143
8,7931.3896,2332.5947
8,14364.843,13537.667
8,17447.398,16679.342
8,10494.762,19611.787
8,7612.0645,5683.6846
8,5486.02,14997.373
8,11606.796,3489.5981
8,10895.82,4507.579
8,17081.943,8612.972
8,8922.362,1353.714
8,13866.697,954.257
8,11865.652,3715.3674
8,7813.0093,4173.2812
8,5026.81,9830.796
8,18235.156,15018.595
8,17451.582,3112.0662
8,9760.081,17687.246
8,17688.877,15112.168
8,12223.863,6268.9785
8,11685.019,983.3588
8,18128.363,2786.0483
8,10092.422,7337.4087
8,6180.83,4133.8237
8,15317.851,8292.012
8,10361.701,1897.8273
8,4402.0547,15066.715
8,10243.964,5383.9546
8,8806.781,1601.9065
8,11752.237,7781.1475
8,180.15591,13246.627
8,14598.108,15597.817
8,12596.942,151.61406
8,7747.0093,9946.289
8,13918.628,6303.017
8,2955.3047,1376.0566
8,1706.3112,3774.0635
8,10719.517,10986.723
8,8729.533,1840.5488
8,11952.406,8754.1875
8,9412.647,12220.198
8,2286.865,148.56694
8,19014.86,5076.9937
8,14319.103,13603.558
8,16568.293,17107.379
8,19055.59,18917.512
8,18092.322,6982.7134
8,12948.187,6848.773
8,7987.4653,8779.581
8,11786.654,6700.102
8,4580.9644,9650.443
8,15135.317,13259.564
8,19958.854,1424.9984
8,8075.2485,15957.125
8,17602.912,5513.5527
8,11439.757,8002.7656
8,7712.92,11698.986
8,8102.4834,8907.111
8,12027.362,13523.382
8,10983.946,15455.951
8,2412.18,9512.844
8,1288.461,7859.254
8,2801.2441,18339.516
8,14122.094,17892.22
8,19996.162,17082.547
8,14353.19,18508.93
8,11128.512,13510.953
8,4108.915,1061.1884
8,11283.156,1334.483
8,15253.801,16390.05
8,19086.777,18090.871
8,17587.973,17595.967
8,9887.867,19373.008
8,8554.034,5035.467
8,4938.711,16429.555
8,7309.6216,8376.714
8,16629.3,3410.1206
8,8186.819,18204.018
8,18002.42,12567.475
8,19731.375,10256.485
8,7309.133,10846.597
8,10912.588,5456.084
8,12650.784,1407.1113
8,13388.217,10157.442
8,16520.19,13293.471
8,7639.9517,3973.234
8,7803.551,1242.6637
8,757.20416,7954.5996
8,9611.931,1396.5228
8,17162.611,13861.629
8,18395.447,2173.2693
8,7654.001,1007.93396
8,11053.807,3819.582
8,14250.447,2518.99
8,14741.37,18810.35
8,19640.566,12927.566
8,19849.184,19114.46
8,16090.795,6175.3457
8,16172.153,6078.527
8,4236.7266,16924.533
8,11303.829,2356.3916
8,1274.4215,19271.22
8,317.90134,6529.0186
8,710.6026,3044.5671
8,14635.654,4013.9446
8,13413.515,6507.579
8,12822.4,8780.805
8,5300.0166,455.05646
8,14763.622,6666.2896
8,16230.026,2081.5862
8,19807.742,9592.608
8,7749.712,5960.544
8,10146.829,13008.547
8,10439.274,12543.044
8,11305.309,15037.2
8,15869.119,2166.8037
8,10724.424,3084.614
8,9875.032,15552.975
8,18690.21,9248.159
8,17803.957,13360.421
8,15497.997,12784.884
8,374.14328,4954.7627
8,16896.836,6993.8877
8,9648.646,9173.983
8,19659.5,13549.082
8,896.3543,18114.74
8,2334.8518,18063.06
8,4188.8623,7118.2397
8,59.44338,2933.784
8,77.42605,11417.707
8,1717.8696,19947.248
8,9878.624,7941.646
8,12273.039,5832.4263
8,7169.518,15047.424
8,11120.761,14053.02
8,8155.04,10766.645
8,19660.594,1070.3245
8,5604.3203,18289.969
8,15221.234,3972.6548
8,13879.07,9433.297
8,16688.312,13769.418
8,9489.904,5200.55
8,5358.1885,19013.22
8,12775.911,4073.6377
8,6898.5854,6149.227
8,12778.609,18200.645
8,7742.573,8275.732
8,1662.8857,7197.0405
8,3345.768,8325.892
8,5577.308,13455.258
8,16142.749,11879.619
9,10000.0,10000.0
9,15588.096,18576.316
9,4377.185,2400.5425
9,18380.986,16324.096
9,18051.957,10708.919
9,15787.56,8596.499
9,10995.913,19089.281
9,10862.652,11962.67
9,17536.19,2650.5352
9,4178.2217,7898.95
9,13913.022,15009.491
9,4740.135,10365.096
9,17550.232,12810.016
9,10754.509,3981.4895
9,17619.107,17968.082
9,7140.987,6072.654
9,10943.0625,5741.6323
9,15158.732,16119.721
9,7294.434,11466.478
9,5431.293,10236.955
9,14341.85,12118.069
9,7048.562,10162.78
9,10756.138,15166.816
9,11303.935,10183.66
9,12756.318,10360.391
9,17296.688,2421.3472
9,3082.5107,15117.565
9,18271.734,7785.2573
9,15758.908,4441.219
9,6007.091,6238.4404
9,10740.965,13498.238
9,14518.906,11751.714
9,19956.383,4820.384
9,7779.4893,10131.043
9,16549.7,12948.084
9,14568.29,5656.9487
9,9595.253,16172.599
9,19574.994,17762.207
9,11383.839,13381.107
9,17131.516,9515.079
9,19398.629,8778.411
9,80.698906,13571.21
9,13317.1045,14305.692
9,10970.258,16718.451
9,8088.5674,17659.473
9,13034.738,10243.861
9,14966.015,2682.2122
9,7213.185,1474.9232
9,17955.672,17477.38
9,14230.333,19700.268
9,6541.0986,11501.138
9,3223.6323,3181.8462
9,5080.2476,11566.835
9,4296.0913,14071.525
9,3686.515,5054.885
9,16386.016,4172.4224
9,12067.669,16868.992
9,18053.139,8811.236
9,17579.506,114.6033
9,14345.419,2913.7346
9,701.4478,3203.1702
9,15787.534,2679.0
9,19583.969,15571.303
9,19034.406,10714.51
9,10711.908,11483.102
9,3819.5642,7669.5386
9,9881.932,7169.5366
9,7474.428,14993.38
9,119.35114,13041.731
9,6262.425,2567.564
9,7683.9365,3213.177
9,10377.564,17205.68
9,15403.199,4633.7437
9,5759.7407,17960.617
9,15230.948,578.2838
9,17366.762,3686.0212
9,14710.8955,9527.6
9,15596.833,9327.535
9,13399.312,16932.447
9,18114.523,5833.6646
9,6626.428,9882.939
9,3458.9119,1170.8146
9,18501.867,6901.601
9,5361.9854,12705.199
9,15536.552,13718.013
9,967.9393,9254.868
9,2236.7832,14177.74
9,13457.11,8324.72
9,16406.416,2606.9707
9,4787.554,19842.285
9,17948.648,11071.384
9,8563.885,16300.363
9,5091.8267,16360.289
9,1974.9589,3471.4338
9,4906.981,1674.926
9,10172.486,13642.149
9,13900.674,5139.4873
9,2380.5718,17986.084
9,6994.4976,675.7231
9,15151.9375,10857.283
9,17577.732,5080.405
9,3800.5469,5553.0234
9,3521.1914,13160.026
9,16974.482,15325.038
9,8566.319,10701.561
9,12816.696,15998.976
9,16707.889,8751.878
9,12542.128,10718.415
9,8019.766,14695.713
9,19774.48,6236.038
9,11114.21,12691.066
9,6189.128,11732.444
9,5988.4307,3109.7083
9,10228.06,11473.473
9,19425.162,11595.102
9,4230.9624,15255.581
9,17846.617,18400.172
9,7274.736,11339.447
9,15877.5,4130.3735
9,19309.889,4336.5557
9,2469.7153,1444.5707
9,15468.327,96.07924
9,18959.463,12018.768
9,6001.722,4652.4053
9,9172.643,2009.3545
9,18394.639,9110.859
9,4738.1357,11384.308
9,9659.685,15260.381
9,2149.7156,2716.3857
9,16386.016,3342.7188
9,7655.0728,12219.766
9,523.42334,5500.2437
9,19266.584,11521.577
9,158.20389,1389.7783
9,18165.436,6227.853
9,1695.4672,4785.607
9,7754.0166,17316.701
9,16457.887,14493.303
9,19381.766,18241.762
9,5054.3667,14250.99
9,10957.955,5900.097
9,390.16595,16082.479
9,7890.899,375.65408
9,3881.4434,1047.2151
9,13697.252,7356.219
9,4886.685,13403.129
9,4819.269,14658.956
9,13590.321,4099.086
9,9708.536,1270.0425
9,1456.1418,18290.834
9,8560.803,18072.805
9,12230.05,483.06244
9,17019.992,7352.8755
9,10672.618,18222.96
9,19315.104,12120.281
9,15574.39,16469.32
9,15503.081,5874.8057
9,12001.444,6547.4795
9,10027.992,15488.089
9,872.7959,18983.203
9,661.6062,8774.987
9,9362.321,4529.1772
9,18447.625,14678.474
9,2039.2195,1564.6698
9,7052.545,4905.011
9,19794.174,4422.5
9,13644.823,14834.072
9,15977.795,14776.542
9,19158.441,9979.928
9,12358.693,16012.827
9,11301.564,19368.844
9,9214.554,1125.4998
9,9044.441,4302.883
9,6508.9087,2170.469
9,11097.962,8871.899
9,8063.1416,9864.83
9,1896.6758,11189.611
9,1651.6603,4067.827
9,5217.786,9839.804
9,3708.9585,10593.549
9,601.1016,14646.794
9,6678.8228,8397.514
9,8463.494,15354.11
9,6075.2227,1632.7844
10,10000.0,10000.0
10,6142.936,4423.9624
10,15312.253,19789.682
10,10002.112,19184.135
10,15178.154,14807.87
10,1606.5916,1901.7733
10,17660.18,19794.434
10,17674.36,1788.6531
10,15048.439,19839.207
10,8170.7935,11510.12
10,17435.666,9943.991
10,10144.757,7469.2153
10,16421.268,1279.9784
10,16154.772,3414.029
10,847.0175,14603.252
10,14977.057,7802.029
10,9986.733,2021.8259
10,10862.989,9784.43
10,10374.01,14770.009
10,12504.524,12296.789
10,18658.305,3437.5818
10,13633.052,4439.2114
10,8355.417,3248.1736
10,9827.745,13300.613
10,8439.619,2717.2834
10,14038.827,10115.431
10,6317.919,9216.8955
10,6153.0166,16015.904
10,19009.697,11809.884
10,821.7282,5706.2026
10,454.60757,14770.119
10,3746.3801,8081.2217
10,17040.0,15903.099
10,19926.666,9830.697
10,10013.61,5704.4673
10,5392.438,11396.426
10,5871.024,16548.16
10,4837.3545,8889.65
10,8985.619,7127.114
10,17187.43,19541.154
10,15286.705,14147.315
10,1830.4385,15397.242
10,11185.982,4294.6685
10,18265.053,3644.6255
10,17747.357,207.01529
10,6009.6406,7397.726
10,16414.31,8952.015
10,18091.104,9988.03
10,2486.4485,3088.6582
10,14005.925,13692.959
10,4239.226,3631.2993
10,17281.57,15039.049
10,15160.03,19738.805
10,14776.054,10716.251
10,2905.641,3742.7642
10,2185.814,15967.447
10,15878.935,3434.4954
10,18786.166,12689.537
10,18270.922,642.90704
10,19106.15,14147.291
10,1140.6968,14437.139
10,14046.826,7357.481
10,13466.142,2788.4502
10,15521.889,373.7221
10,13474.169,18067.209
10,2135.5312,8150.2407
10,9826.486,16630.426
10,19810.867,10465.708
10,3793.6787,10640.999
10,12069.35,3387.2341
10,11046.635,11831.162
10,9481.817,15012.412
10,15583.963,11402.095
10,11513.511,7376.674
10,9695.021,10332.54
10,14579.383,9026.298
10,5286.0796,11754.704
10,8238.065,19384.91
10,1398.853,5283.315
10,18683.664,10091.913
10,3145.936,9583.379
10,1330.5573,8915.419
10,19722.35,19797.457
10,15574.703,13286.826
10,6313.2603,15389.727
10,5834.386,9029.961
10,14908.89,6103.3086
10,18680.686,1659.752
10,18579.615,8264.505
10,9621.607,57.851788
10,18792.367,17344.236
10,5443.9243,8358.096
10,14791.197,15920.83
10,12941.913,18333.04
10,9883.434,5112.465
10,17218.516,15729.711
10,19031.11,4641.939
10,18748.86,2953.8455
10,12171.108,11199.537
10,16603.924,530.2307
10,14301.509,7807.871
10,14571.615,10557.282
10,2775.5483,17192.768
10,13599.463,13069.339
10,16726.967,3751.9954
10,14948.121,2838.0532
10,2414.43,3343.488
10,19387.25,10406.432
10,16806.516,15687.774
10,19270.406,19134.3
10,13122.367,19629.535
10,1900.3147,16550.234
10,5124.1987,5723.337
10,3642.0173,6117.7407
10,14543.101,7432.401
10,3013.5117,6903.2417
10,13894.751,18587.635
10,9881.598,18766.787
10,17751.54,9270.273
10,4216.7656,8383.731
10,19832.469,15150.269
10,3548.486,8630.455
10,14787.069,2087.1367
10,17078.658,15310.559
10,9786.692,3904.0935
10,3080.0417,13037.77
10,17257.254,9052.074
10,12458.557,7354.7793
10,2894.7114,19046.816
10,4718.047,17986.7
10,16833.443,28.146023
10,2340.5176,10042.141
10,13858.158,13697.592
10,14248.334,12026.673
10,10365.594,12990.238
10,18078.525,62.73007
10,1324.5474,12481.115
10,14574.987,18393.05
10,13306.537,7650.178
10,8199.786,13291.152
10,1338.6478,13173.268
10,16040.925,1947.205
10,18850.232,5237.2563
10,13071.525,3702.7979
10,4495.365,16016.453
10,5990.5396,12640.821
10,1270.6471,7820.2505
10,11825.12,14692.695
10,11919.076,13024.425
10,14021.295,4322.551
10,8034.325,1524.8895
10,4418.2393,11057.502
10,18132.371,16341.671
10,7665.5483,2844.3674
10,8800.896,7630.05
10,6010.2334,856.5699
10,8066.8403,1665.9899
10,19279.697,3158.0303
10,7315.426,1717.9641
10,136.22586,3360.6738
10,703.1997,4508.15
10,15907.906,11906.704
10,7112.95,10247.108
10,1568.2041,14977.088
10,13312.842,5441.9673
10,10563.872,16050.021
10,14830.116,7710.6665
10,13236.591,8495.615
10,2470.4167,1881.5555
10,17304.963,10530.5205
10,13166.29,12341.368
10,14548.137,11366.985
10,10391.857,17570.068
10,4031.6455,14016.9375
10,2243.9004,7065.7007
10,17127.201,2530.155
10,3020.5295,15373.753
10,7385.6055,14504.317
10,14552.174,3891.6514
10,5645.7856,19921.092
10,9392.876,16554.936
10,12675.488,12032.724
10,4311.9175,5367.895
10,12659.966,12946.23
10,5094.587,3881.1218
10,12049.604,6122.6626
10,16002.504,11066.3125
10,15683.626,303.59598
11,10000.0,10000.0
11,3384.8684,2634.9736
11,11054.458,19714.191
11,8132.6675,8581.731
11,13620.865,6529.672
11,12181.847,5193.4473
11,6497.9297,10810.16
11,17601.123,19361.812
11,8806.73,5762.502
11,12658.094,10290.689
11,19032.904,8570.999
11,13182.888,15119.431
11,1743.8611,8099.1997
11,8353.791,5674.866
11,1025.5525,14920.942
11,6557.0264,14752.306
11,4068.67,231.4284
11,10775.796,1720.4692
11,18001.379,1054.2292
11,9254.377,19184.166
11,2993.9026,17289.465
11,15088.736,6706.8657
11,16723.076,1669.7517
11,15210.001,4503.781
11,8818.281,7448.433
11,10943.433,7168.8843
11,13889.065,4584.538
11,15699.0205,17366.76
11,8803.234,19150.158
11,14123.203,18497.443
11,3830.1895,34.15893
11,9037.498,4817.2007
11,13529.53,7327.701
11,13427.011,12079.611
11,3871.3247,969.5519
11,981.7719,17375.883
11,2907.713,2551.7527
11,7110.6807,3080.1187
11,4756.1675,12031.105
11,17897.15,894.47327
11,19890.1,12685.64
11,18141.13,2596.5503
11,10712.806,13137.332
11,11441.995,5491.957
11,10410.115,19644.559
11,1906.0728,12774.313
11,14424.915,17433.99
11,13445.443,9283.153
11,2498.0017,15052.785
11,13069.368,7010.27
11,10661.006,16116.841
11,13388.1875,6892.984
11,5635.9917,9492.283
11,11081.274,18123.414
11,17991.201,13531.871
11,12119.764,15998.883
11,19735.268,7004.72
11,4046.2866,2766.314
11,12828.837,9023.32
11,8192.668,3358.5254
11,10141.319,14878.15
11,5586.5225,2409.5527
11,11181.611,7571.8994
11,14694.01,51.435974
11,18276.457,11797.454
11,11212.772,13275.146
11,11010.551,6494.148
11,19854.6,2594.2341
11,6129.984,13160.871
11,16600.062,358.34586
11,4540.684,7520.292
11,11941.728,14261.717
11,7972.3516,3412.6528
11,11963.246,1736.9224
11,17284.066,16064.263
11,16493.898,9306.895
11,13869.81,3710.8665
11,1218.7917,17383.111
11,10804.241,11325.259
11,9249.606,4771.788
11,14067.872,894.7095
11,5637.192,10650.135
11,10977.301,14836.95
11,2306.58,3246.3245
11,15003.384,9509.294
11,4842.216,10163.194
11,17684.975,18010.793
11,5678.069,5847.0767
11,14665.835,14827.524
11,842.96967,7230.347
11,16777.305,7317.902
11,5274.7188,2166.4077
11,9715.664,17539.438
11,5439.9897,15737.113
11,5481.4453,9700.745
11,15194.382,18980.543
11,8921.761,8325.682
11,16142.739,13784.054
11,10906.754,18043.547
11,19744.393,14770.888
11,9683.054,10603.247
11,3192.436,13427.051
11,8471.935,14487.182
11,11652.076,16058.947
11,659.3416,2941.7317
11,19601.229,5912.24
11,11618.097,11648.286
11,4474.9863,4422.849
11,13688.824,11111.4
11,6550.9834,9810.767
11,10960.595,8074.6177
11,8391.364,926.43207
11,6699.833,12413.765
11,16141.243,7185.1284
11,14244.942,8522.995
11,15590.952,10705.543
11,1626.7284,12731.854
11,15200.627,12638.855
11,386.82553,5928.17
11,9660.473,3894.574
11,1886.804,19672.043
11,1572.098,9390.343
11,2414.043,19436.178
11,8384.565,9631.993
11,1523.2092,9417.214
11,10122.577,6491.4536
11,2139.8938,8171.525
11,8246.461,10493.408
11,11206.077,2876.1658
11,12123.443,5169.9604
11,7894.3057,11431.137
11,9780.89,7631.743
11,7970.3296,18612.682
11,15703.064,4458.486
11,1717.369,10388.996
11,9117.959,232.17633
11,3494.1404,10235.738
11,49.794277,18881.322
11,9081.168,17644.236
11,5976.3584,1047.9946
11,19245.904,1538.8611
11,6788.428,5892.712
11,19766.596,9732.134
11,11269.077,15359.171
11,10781.7705,7505.315
11,1071.1934,3943.5664
11,9391.438,6535.826
11,6556.41,16285.607
11,18909.262,2553.8748
11,1867.2349,9227.688
11,7666.257,15399.843
11,13446.912,9272.4
11,1552.4019,17420.744
11,10669.753,18191.992
11,5507.249,8787.725
11,16366.166,2531.3818
11,11688.659,4824.1606
11,5753.501,19150.693
11,17585.098,5461.38
11,4257.0903,5959.3735
11,10278.288,10606.065
11,17897.502,8710.982
11,6778.267,1411.57
11,2917.4421,6107.125
11,15931.66,7913.273
11,1995.0619,18730.488
11,16186.563,6828.491
11,3089.9685,15888.302
11,9916.535,5069.0596
11,8975.376,12564.692
11,18884.223,7080.6064
11,5692.2783,4530.6885
11,8568.501,2681.8618
11,19972.385,5687.5854
11,19187.75,15995.743
11,11743.04,15612.69
11,17202.527,11192.768
11,2525.2087,2323.5107
11,4085.634,13778.17
11,10718.03,17307.982
11,16675.941,5366.433
11,18075.352,18443.521
11,15663.821,12099.668
11,10731.643,1097.8251
11,7815.914,6722.3955
11,8609.962,3448.657
11,18227.908,355.0379
11,9140.706,8452.609
11,19696.102,7220.3003
11,4588.4966,18733.855
11,17478.914,11841.666
11,16372.45,10154.433
11,6616.0146,9973.356
11,13684.74,4946.2427
11,12398.467,10842.926
11,12827.957,14870.712
11,7277.8857,6373.256
11,9860.684,7967.261
11,8568.751,5266.004
11,16340.959,3483.8914
11,15149.266,10717.787
11,3258.464,5773.9824
11,3459.5024,9617.835
11,4439.9155,17868.78
11,16883.428,18640.244
12,10000.0,10000.0
12,6193.5444,13376.827
12,8551.348,19287.121
12,8435.047,13334.179
12,9750.74,15351.522
12,15231.552,14322.262
12,5423.1665,11815.425
12,8273.244,13531.862
12,19576.53,3183.3381
12,14862.215,8950.553
12,1866.2996,18860.53
12,9089.394,408.90762
12,15996.736,19144.703
12,8161.87,4770.01
12,14609.677,15460.236
12,7667.747,17648.314
12,206.25887,5029.721
12,5213.8325,10778.693
12,14557.365,3770.7856
12,8531.638,17639.87
12,2394.6907,1608.9363
12,15267.955,8616.065
12,14554.747,4411.003
12,12768.716,12887.704
12,17258.127,6245.365
12,11423.034,15948.536
12,8077.682,19516.215
12,11774.117,16574.05
12,11329.345,3745.0852
12,14083.571,4904.843
12,5469.432,8210.339
12,4839.472,1069.1898
12,317.95782,18011.355
12,13109.032,16312.604
12,3474.5366,15974.385
12,6609.147,5898.1235
12,2970.8022,14384.536
12,19650.586,14482.931
12,15885.866,4238.6636
12,11741.392,13261.955
12,11003.413,13386.806
12,2402.4595,2094.9153
12,9343.585,10946.435
12,9390.526,2852.8008
12,3746.98,4644.0645
12,12235.622,10814.041
12,2449.471,18723.033
12,10100.496,11591.929
12,14711.141,13789.378
12,2299.5847,9808.234
12,12363.046,12255.483
12,8537.515,2810.265
12,11424.717,19129.39
12,16642.555,11940.344
12,8232.498,4789.6924
12,437.0129,19334.387
12,12555.928,1909.6158
12,12998.189,16424.148
12,18721.838,16161.214
12,5936.4956,12644.137
12,7463.592,19541.016
12,14149.938,6903.689
12,11201.756,4459.7
12,7362.395,3151.22
12,8731.077,3758.5305
12,11859.334,3727.28
12,9011.184,656.18555
12,3010.1553,7147.7236
12,9802.223,19803.564
12,16240.324,1398.8481
12,6835.98,11562.343
12,5470.959,15909.48
12,19921.658,200.56718
12,15425.2,12377.717
12,18452.23,13210.394
12,13172.051,14202.438
12,11568.105,18226.496
12,9610.138,19864.137
12,14686.883,17666.988
12,9872.183,13809.454
12,6242.4355,7441.828
12,1109.4012,17938.709
12,5196.2793,5085.4663
12,10348.644,13677.902
12,3483.352,9340.958
12,201.81195,19728.592
12,13137.429,3210.3281
12,5620.7114,18499.084
12,12849.443,15645.629
12,5872.96,18587.238
12,10067.906,5642.0728
12,1196.2449,2794.0366
12,9671.282,14656.485
12,13252.077,12267.229
12,13156.029,214.78914
12,12219.579,105.16219
12,7846.0557,14193.525
12,19487.395,10509.901
12,14720.095,12295.241
12,13223.906,11111.656
12,2080.8455,5455.8643
12,2508.339,12438.74
12,11027.149,7599.014
12,13727.056,13385.972
12,12007.03,7208.311
12,74.421135,5523.765
12,12171.31,12241.771
12,10902.221,4671.3677
12,6886.8086,14390.383
12,12001.571,11775.08
12,14651.301,19030.371
12,16421.232,3220.2551
12,15909.897,2550.2534
12,14626.789,17603.85
12,18680.01,14104.951
12,63.613895,8829.086
12,7382.125,5048.9697
12,17454.406,14377.549
12,1761.1975,15587.675
12,14560.919,10750.489
12,921.5522,1299.4106
12,5080.429,8412.756
12,9900.595,18592.475
12,3621.1245,357.99878
12,12458.579,18719.324
12,19718.865,3840.6099
12,3650.663,14858.159
12,7069.689,7311.513
12,1226.3138,13046.831
12,6408.599,14448.816
12,6389.8965,16762.629
12,12209.028,6400.3223
12,8628.322,8449.947
12,7832.701,3081.7495
12,2039.3287,6220.4985
12,1762.3955,19724.36
12,3922.1104,17056.52
12,19326.117,16251.548
12,14715.105,240.91434
12,5255.0933,2312.3257
12,14203.661,1192.0503
12,5122.0464,1728.3862
12,3031.0806,7003.6396
12,12373.681,19550.275
12,15075.05,3910.7812
12,494.5707,2054.661
12,10677.223,12685.512
12,11040.5205,13374.265
12,9951.124,6663.676
12,14190.165,10623.042
12,2100.6533,1135.7292
12,7412.647,13598.859
12,6401.8804,11785.817
12,16876.518,890.07166
12,10840.946,18360.158
12,11305.709,2065.6973
12,2410.0032,18172.227
12,19132.846,9785.982
12,19851.031,2207.8643
12,8990.066,12220.065
12,19120.547,3225.2766
12,19548.098,19773.969
12,5761.9004,7121.4897
12,1053.4374,9262.3545
12,9589.265,17015.83
12,10432.647,11236.915
12,12587.251,13141.022
12,7759.645,11232.39
12,14495.861,4978.967
12,9148.428,16398.193
12,15943.6875,18357.807
12,17261.426,967.7718
12,11753.443,17362.754
12,16801.568,2370.4822
12,4988.9424,19661.861
12,17512.188,8513.058
12,12900.368,19324.984
12,7022.569,2616.4866
12,11455.705,16292.358
12,10659.339,13603.626
12,3214.6387,16681.857
12,7856.4756,3582.25
12,18094.914,4851.8013
12,5838.35,651.87866
12,3788.4324,5342.652
12,4929.8184,13787.439
12,2703.3972,4827.1914
12,18291.098,1536.3083
12,7257.195,3748.5415
12,15735.417,8709.06
12,7783.854,18633.121
12,3561.52,11146.948
12,8314.1455,17420.596
12,960.0084,395.26862
12,12021.849,12833.892
12,3412.543,12137.376
12,12548.033,16970.375
12,15142.485,6452.274
12,18379.99,4590.256
12,12580.602,459.00244
12,4927.391,1156.5625
12,19988.18,13085.966
13,10000.0,10000.0
13,2261.3193,11130.299
13,9235.455,4563.125
13,9099.779,5158.688
13,18481.729,8694.109
13,19455.266,8235.852
13,16022.046,5143.297
13,14960.814,12279.953
13,1500.8223,8949.411
13,14559.5205,18694.723
13,9185.08,1060.6892
13,5092.5894,1421.1353
13,18375.832,5100.193
13,19870.184,19331.703
13,3454.5078,5643.3687
13,3691.6753,19763.025
13,19182.092,813.4675
13,12147.317,19582.74
13,574.1156,642.03406
13,4687.989,14050.922
13,5464.233,14455.617
13,5919.2456,3942.0938
13,11320.642,17778.557
13,8039.4277,11988.737
13,13955.856,17133.13
13,15164.421,18215.48
13,9954.11,4848.2495
13,9945.972,8825.73
13,3911.1355,8794.64
13,13345.545,15033.473
13,1140.329,5130.2734
13,11132.526,18172.967
13,1521.9395,15684.739
13,7265.5347,2767.0168
13,17472.033,1315.5237
13,6928.0244,8282.511
13,6809.383,16249.076
13,4501.3735,3043.3567
13,17732.654,14253.203
13,7180.9,91.8648
13,11682.349,16455.611
13,18181.883,18038.986
13,14127.929,149.96962
13,5464.4062,9007.49
13,17209.984,9644.446
13,779.44446,1429.2489
13,17537.879,7526.4307
13,11072.147,3313.0762
13,10558.263,5028.3057
13,703.76135,11326.438
13,15522.706,13219.376
13,3603.9067,15450.859
13,17575.307,6500.6133
13,15328.7,6729.6475
13,5342.192,378.3824
13,560.7669,6771.9404
13,11535.03,267.6557
13,19717.744,2587.669
13,14378.633,17873.436
13,8490.747,6744.4336
13,16577.938,17894.824
13,6.9968147,3199.1826
13,17669.322,19662.78
13,8946.461,9003.862
13,15474.91,9243.842
13,5468.332,918.5648
13,3981.691,9255.834
13,13001.61,6922.483
13,17970.227,774.8243
13,11445.18,1380.8035
13,12839.657,7126.2334
13,4022.748,16726.932
13,16189.088,11124.085
13,3275.4685,12818.712
13,1617.2739,13441.656
13,1498.0829,10910.897
13,7130.169,6887.8823
13,15190.583,7997.4585
13,17577.549,9906.474
13,8489.593,4608.923
13,15498.551,8672.638
13,16989.607,16668.645
13,11070.53,6752.9185
13,14569.619,4722.207
13,17048.39,947.79346
13,17077.95,10437.764
13,8794.925,9902.924
13,18342.062,9918.539
13,2397.0984,3609.461
13,18159.195,7579.1973
13,11970.682,15395.407
13,4600.019,18460.756
13,6498.9067,118.018585
13,14351.488,6973.098
13,7305.1978,16307.356
13,1482.2653,2809.7195
13,1233.7158,8579.226
13,9926.552,2962.6372
13,13532.991,9451.92
13,1685.8091,5211.6055
13,12402.776,8998.773
13,17795.787,4564.4336
13,9195.914,547.93066
13,4686.9624,7693.717
13,10692.325,6474.6543
13,8998.994,15841.396
13,14821.901,18800.01
13,11485.007,16774.941
13,1294.8071,1589.0785
13,18187.453,16043.799
13,16003.536,7836.7847
13,15611.118,11627.04
13,10315.837,19360.213
13,5074.6216,3338.8064
13,16843.107,15451.218
13,9885.024,628.1548
13,16804.627,1755.8656
13,2279.327,689.264
13,11363.943,5491.9424
13,16514.324,11520.624
13,9052.713,88.573296
13,5419.8457,18895.277
13,1604.7983,16593.65
13,6068.113,7127.8135
13,15643.736,6577.274
13,11589.981,264.56387
13,13886.019,13776.681
13,5458.1533,5240.169
13,17990.482,10147.761
13,4425.999,4649.076
13,1880.3396,7404.53
13,1707.845,12231.976
13,4034.7961,15928.015
13,19778.877,3677.5754
13,15666.03,12566.644
13,5317.2886,4919.1284
13,12682.255,3432.9067
13,11624.554,1677.8129
13,19833.395,2427.764
13,11236.302,10645.372
13,7383.4956,9939.498
13,4084.3572,2531.409
13,6148.56,8479.313
13,18266.79,17659.629
13,12402.225,3481.1016
13,1513.8014,16387.254
13,4405.282,2177.1504
13,7290.3,13166.323
13,983.043,7502.5034
13,8599.073,17416.764
13,10856.005,17581.756
13,6244.5767,15653.071
13,1044.9099,14370.836
13,5283.1797,16866.977
13,18672.379,12468.787
13,7116.144,123.9119
13,14388.252,8479.954
13,11922.737,7732.2065
13,12614.212,13938.785
13,16252.101,1290.7825
13,14913.792,1422.3993
13,8399.185,12765.924
13,10931.09,10042.355
13,10646.306,19966.242
13,14324.534,16037.247
13,11954.179,19728.746
13,15288.247,4371.5864
13,14451.104,12101.391
13,8469.117,1149.0475
13,19840.336,7832.87
13,13131.049,4556.7627
13,4757.762,3500.2083
13,16217.5625,17620.617
13,9536.989,13849.928
13,1862.3455,17227.854
13,8645.376,10166.092
13,13183.186,4544.595
13,15778.088,14489.029
13,3459.422,3003.8586
13,13448.546,18831.615
13,11709.113,4791.6743
13,19402.646,2543.5618
13,11674.786,4429.5566
13,11944.967,15103.134
14,10000.0,10000.0
14,694.125,19672.822
14,13652.11,14430.423
14,150.85263,19350.553
14,12867.017,11042.395
14,15276.2,5697.064
14,12963.389,3161.0522
14,15560.89,7176.0405
14,15279.503,6154.9453
14,8197.385,7763.5405
14,10351.25,15824.555
14,588.4099,16572.477
14,13601.329,16557.695
14,9404.764,6921.0347
14,19852.734,17724.066
14,15549.849,13416.27
14,10774.663,2043.7683
14,3033.0989,1122.6426
14,8636.678,12732.095
14,7541.2935,1466.1866
14,14216.299,7522.6543
14,9885.857,10209.419
14,18124.508,7247.2817
14,5154.8623,18242.678
14,15037.0,7534.521
14,19932.709,11902.517
14,3228.2534,11333.503
14,14225.273,17231.658
14,17717.807,1158.7833
14,10567.026,1534.3622
14,7276.443,7419.7456
14,17051.371,10891.92
14,16798.547,15661.508
14,2477.4705,12408.96
14,3102.4766,17574.717
14,631.4395,18521.969
14,13401.761,10590.944
14,2668.1682,6141.964
14,11519.885,19748.615
14,4513.8457,17308.088
14,7481.9175,17894.877
14,5618.704,17125.982
14,18781.432,3474.4663
14,2351.0017,13787.767
14,17233.182,1004.6986
14,16684.307,7317.1523
14,1687.6313,12995.585
14,19953.133,17579.115
14,17909.393,2104.0637
14,5911.6685,15250.697
14,5154.583,286.4989
14,10964.016,8312.224
14,16497.422,14682.558
14,17389.242,12040.409
14,7290.9233,10941.851
14,13077.564,6850.516
14,10340.148,7874.5024
14,11871.898,10013.674
14,10906.751,6386.6064
14,17960.873,2775.735
14,1425.3787,11011.044
14,762.75977,10212.98
14,9521.918,13562.611
14,15525.962,1840.9293
14,5525.573,10950.701
14,4605.941,12615.779
14,9915.415,19091.672
14,11779.105,18417.91
14,6271.288,1066.9814
14,7950.846,9596.514
14,17490.158,2092.2212
14,19322.389,9225.956
14,1792.0139,18202.557
14,4577.5894,15943.519
14,15096.403,6826.522
14,8519.964,14958.111
14,9885.515,11823.148
14,11462.654,15131.478
14,19734.078,11001.641
14,15266.682,5194.86
14,15211.518,10404.162
14,19538.965,18027.938
14,4563.768,17318.973
14,14312.083,11896.3125
14,12239.228,18170.93
14,2904.672,9738.353
14,18399.03,10498.653
14,15134.278,11790.262
14,3282.7341,5964.3535
14,5164.3623,12046.847
14,15175.77,4825.9517
14,5254.5234,13516.712
14,4588.0225,10314.05
14,10739.772,18609.018
14,8763.506,5223.4385
14,4618.395,10662.587
14,1159.7362,7497.8
14,3474.3376,19513.885
14,714.874,19124.246
14,8738.006,7655.642
14,12660.483,16868.607
14,19287.941,15504.049
14,10478.96,19253.436
14,5508.446,4803.585
14,16048.096,12762.502
14,19466.227,16794.076
14,11453.318,2650.7434
14,8243.036,5715.723
14,3291.1194,14299.519
14,15980.133,8522.5205
14,19764.18,18867.76
14,160.19217,6506.1216
14,5535.4956,1388.6852
14,10793.476,5820.4893
14,8790.092,5005.9756
14,11567.71,5418.0195
14,5337.5156,10832.156
14,13024.386,17430.508
14,13288.744,13371.02
14,26.128521,19830.646
14,17561.941,4907.898
14,10483.975,9763.737
14,18981.008,17742.887
14,12248.902,11481.152
14,17656.682,7123.917
14,13056.623,7228.466
14,9167.511,10297.682
14,18062.57,7710.4688
14,13779.088,19210.818
14,6412.9067,4706.202
14,8450.383,957.8445
14,9081.0,513.50165
14,19640.793,13995.458
14,2924.2576,10837.634
14,8611.244,4288.6226
14,16724.377,3454.553
14,19075.543,11322.029
14,5350.9976,13943.297
14,11402.279,10933.98
14,1666.7311,18964.107
14,5906.8286,8990.121
14,1222.772,825.10565
14,7262.486,15362.048
14,11276.586,19374.639
14,18322.21,14203.6
14,12753.184,5043.1377
14,13086.641,16987.537
14,1626.562,18808.387
14,18864.066,18261.98
14,9644.092,17035.033
14,13815.036,19257.0
14,2460.1785,6261.6265
14,13481.392,10356.714
14,371.4095,4776.433
14,3746.209,18150.037
14,12705.688,11207.976
14,1226.3263,13109.845
14,19747.035,1391.0476
14,10658.915,4380.3657
14,7103.5527,6952.466
14,16865.182,19984.863
14,17834.035,3236.7085
14,9581.706,4405.396
14,16256.777,1118.0674
14,4030.4316,7150.2754
14,17839.607,16929.164
14,14076.387,7705.609
14,10726.168,3158.2454
14,2012.0161,10643.031
14,13040.235,12237.695
14,15800.888,16822.176
14,13121.817,18556.55
14,8992.91,2642.699
14,17486.06,12638.804
14,11708.121,11439.332
14,2250.2234,5307.8574
15,10000.0,10000.0
15,17377.107,1430.7897
15,11642.939,1526.4647
15,2931.4487,6610.8804
15,3263.2776,13425.387
15,18344.268,18402.492
15,8931.771,16747.074
15,13391.543,17324.191
15,17087.414,13801.749
15,5916.7163,14894.084
15,4444.101,15097.394
15,4986.729,4823.201
15,17276.863,11779.646
15,5188.1626,12331.095
15,16380.018,524.50964
15,2080.1584,19035.492
15,8553.798,4736.9272
15,8859.401,317.688
15,14254.439,13311.4795
15,8324.01,16078.205
15,19631.605,19033.326
15,19790.568,16658.572
15,3745.7615,18588.613
15,4500.1455,14535.551
15,6825.4756,9490.881
15,19744.309,2753.2917
15,730.6445,6725.191
15,3067.466,19320.193
15,15420.647,14075.048
15,2108.8545,6410.0596
15,1647.0187,4203.0396
15,14036.089,13603.486
15,1141.7058,10990.573
15,19640.092,3320.724
15,2909.965,7317.1934
15,12250.296,6817.809
15,5478.228,7613.2637
15,16987.322,19828.807
15,5852.99,11835.889
15,9047.426,13703.746
15,11879.27,13193.1455
15,17679.834,5236.393
15,15569.338,12702.305
15,15792.48,8180.1553
15,18103.482,13947.724
15,17003.062,17157.957
15,9338.102,14673.678
15,231.38226,15676.332
15,17792.43,3482.4197
15,15909.458,6865.6416
15,3629.036,10003.634
15,9541.843,19245.59
15,10015.3125,5244.3306
15,12819.239,8908.7705
15,1337.081,15791.454
15,8443.058,16708.84
15,10101.176,6820.3174
15,12218.037,15006.872
15,8614.5205,13179.601
15,4288.25,7921.431
15,4035.1008,10553.819
15,4584.4517,10724.65
15,619.929,14127.202
15,12772.462,14272.193
15,17971.953,9212.664
15,19230.605,6056.7744
15,3173.2346,2091.5146
15,5451.9204,8135.333
15,19013.791,13517.182
15,12957.357,12703.327
15,17385.578,5638.748
15,10210.574,5614.069
15,11323.094,775.3838
15,12558.681,8422.004
15,6546.0425,5145.6504
15,1161.8531,9219.289
15,3506.7517,18551.258
15,12570.506,931.35046
15,16139.294,1664.7196
15,15932.411,10918.751
15,3042.9104,10612.295
15,9059.276,13823.575
15,19988.932,16994.412
15,3215.0706,2762.4563
15,17458.027,6282.689
15,4107.412,7736.503
15,4454.7915,15577.912
15,8456.792,12360.596
15,18567.363,18984.305
15,10135.72,3648.5374
15,8997.591,9028.024
15,4221.0825,7231.4175
15,19739.771,4367.5986
15,19287.441,13014.441
15,6399.9453,11587.419
15,16865.98,3735.1135
15,78.09258,5864.3564
15,13526.946,11051.924
15,379.84024,16844.975
15,2845.2102,4777.514
15,5324.4155,18625.93
15,11594.566,13377.217
15,8450.495,9600.131
15,7535.7666,720.50464
15,12349.622,10885.464
15,18370.186,5647.641
15,17687.182,14719.186
15,3135.6602,5312.6455
15,8425.139,10808.691
15,6167.298,10702.993
15,7537.3984,6483.3384
15,14581.909,11015.493
15,16977.58,1840.7823
15,14469.622,9513.411
15,97.5021,13692.709
15,7586.8784,5117.023
15,11029.07,7441.2686
15,8570.601,7158.834
15,10120.932,18863.225
15,6035.0054,17912.701
15,9293.73,10218.954
15,13293.089,9433.641
15,18411.08,7183.215
15,9192.259,12064.661
15,18121.77,19296.066
15,5788.6924,19755.736
15,4440.128,4925.617
15,8479.035,15420.952
15,17603.479,8937.12
15,9148.959,276.49323
15,19360.135,13167.174
15,4013.6501,16251.562
15,8950.163,10314.412
15,15230.989,11235.055
15,11171.652,5265.6606
15,13598.28,14083.969
15,11340.635,3504.1719
15,48.588528,1743.706
15,1401.08,6252.741
15,13522.83,3040.8345
15,6303.6323,17714.803
15,5965.035,16355.187
15,3518.4592,17673.838
15,10945.175,14392.677
15,5162.4893,3390.1702
15,7478.651,18600.652
15,17225.781,17995.79
15,2197.2573,4973.851
15,1158.0543,7665.5234
15,6852.526,8593.038
15,8889.44,14438.431
15,9302.602,13267.423
15,18828.818,14773.665
15,13018.877,2305.7195
15,15665.488,18655.887
15,12605.101,15779.8545
15,11044.919,8038.4087
15,1236.9373,7046.0356
15,16085.153,3932.4263
15,11369.769,8168.7183
15,5209.097,1231.9153
15,947.6953,9429.688
15,13348.855,5672.2515
15,7680.127,8179.974
15,9967.419,9975.27
15,14926.139,7048.9434
15,18135.05,8453.256
15,7471.4634,3369.686
15,14056.227,14143.874
15,17548.414,11056.172
15,15725.185,9261.869
15,9995.435,5064.4033
15,12701.994,15262.173
15,5837.1226,16622.928
15,15737.446,4098.508
15,9293.861,8045.4917
15,13727.617,3589.9253
15,16977.033,19443.041
15,18948.023,15949.059
15,19567.928,7514.5127
15,13389.743,5658.1562
15,9798.878,14781.824
15,3373.9512,2165.995
15,10663.211,12058.045
15,12369.055,11025.16
15,2159.8594,19567.166
15,19967.836,13563.416
15,14219.172,1692.2819
15,15366.087,11213.678
15,15809.735,12648.439
15,16062.08,8897.538
15,5449.9346,12480.378
15,15011.765,2414.026
15,8790.215,3839.5103
15,5081.805,17698.938
15,55.048195,11620.275
15,1173.3239,14148.353
15,5301.4194,5927.4805
15,13693.037,2679.991
15,5049.3027,18174.715
15,5560.1523,5917.571
15,10295.825,16566.402
15,5081.215,5132.97
15,17725.031,796.5045
15,17243.912,15924.75
15,14987.027,19960.451
15,10595.062,2662.6738
15,15767.042,14842.88
15,5179.0957,3662.0613
15,6107.7773,13250.181
15,14140.785,6455.118
15,11959.286,19500.707
15,4464.028,9229.082
15,10260.592,1401.6724
15,397.19257,15331.54
15,12044.999,841.0055
15,4791.6943,11323.761
15,5590.2104,19705.814
15,6339.004,15221.84
15,18632.512,8268.896
15,13140.236,4389.5396
15,5728.2124,1180.1677
15,13546.92,15594.507
15,14818.7295,18570.926
16,10000.0,10000.0
16,4647.5503,4640.908
16,3280.4019,18149.86
16,18382.861,1479.1934
16,3663.4785,4692.826
16,7801.397,18686.398
16,10574.789,6978.606
16,11984.144,16303.636
16,14313.049,6438.217
16,17599.373,605.46356
16,8711.474,6829.762
16,12699.334,14080.971
16,18602.658,15244.893
16,12785.287,19781.266
16,6450.7695,14851.47
16,1087.4983,1494.7461
16,14213.459,9007.55
16,2803.1838,485.46243
16,319.93118,1484.7863
16,2327.4497,15479.62
16,6908.287,6112.549
16,920.59436,8505.544
16,7366.4404,3050.0496
16,13216.88,13053.823
16,10553.795,12233.931
16,11749.376,14370.429
16,16924.322,2893.8787
16,10786.3545,17360.854
16,12032.323,337.6287
16,7144.2007,4745.7476
16,10451.136,15448.8545
16,2857.825,18167.889
16,5842.7188,18010.365
16,2728.1309,13433.532
16,10661.953,8641.694
16,5850.797,10373.368
16,4749.4766,2411.0916
16,16256.853,16847.932
16,1880.4296,16155.628
16,5901.6934,9423.264
16,763.06805,4539.6772
16,1470.8229,116.27085
16,13421.242,16602.275
16,904.18964,19841.14
16,18741.71,6977.807
16,7008.0537,2605.1438
16,8215.333,6508.148
16,17819.938,3332.664
16,5162.01,18294.162
16,1476.7485,1313.3722
16,5725.1396,15700.783
16,17.544413,4271.816
16,12117.347,9743.858
16,13036.585,250.71921
16,7784.963,249.91318
16,6741.3086,5586.6523
16,18203.557,12605.3955
16,3107.9146,17883.637
16,957.2664,1178.1456
16,13597.439,2887.8425
16,18183.23,4613.1562
16,19463.988,12129.127
16,1267.9552,15153.133
16,268.17184,13017.42
16,14924.084,3339.79
16,9737.887,17530.014
16,7463.2554,2848.9004
16,5263.182,8731.58
16,1735.4952,4257.7964
16,13875.734,2431.019
16,3224.0083,2105.6433
16,15083.149,16942.75
16,17404.81,18632.139
16,7846.85,6657.6655
16,6247.658,11621.797
16,10570.525,16612.271
16,3712.7183,14096.002
16,13668.677,3867.0593
16,11864.429,14961.139
16,2128.4055,9486.976
16,13478.643,7840.2217
16,19989.873,4818.798
16,15521.617,10584.681
16,3958.8276,18030.982
16,19844.436,2626.8086
16,14031.132,15975.133
16,15012.179,18905.908
16,551.42535,5596.9756
16,3191.432,13056.438
16,5782.522,3938.9429
16,14809.51,3494.577
16,6962.3296,15564.97
16,12628.137,4431.1035
16,17454.227,14722.0625
16,15313.783,18159.145
16,11203.643,9565.807
16,15395.457,18871.7
16,3035.0818,7258.59
16,12804.588,14412.685
16,2379.1287,10279.602
16,11319.9,14723.095
16,9481.367,14324.581
16,15442.069,19539.889
16,1759.1759,13002.552
16,8883.178,10467.963
16,6486.01,11026.398
16,17762.611,7873.407
16,6270.952,11762.597
16,4071.9177,4825.7583
16,9132.308,3188.511
16,19955.72,19608.43
16,16653.309,2779.26
16,17891.66,18740.402
16,728.8367,12526.183
16,5795.7964,16669.594
16,5619.264,14192.756
16,16505.709,9342.258
16,10359.413,8826.804
16,17457.434,7914.1455
16,1182.3466,3416.4568
16,9011.847,10764.064
16,1630.7887,1515.4418
16,11444.042,2900.571
16,10528.193,8836.538
16,870.7712,3701.2524
16,11916.678,2916.4116
16,4399.195,4532.0645
16,7354.566,10084.481
16,19708.273,9596.594
16,8676.757,14409.304
16,18135.156,184.29037
16,17822.27,16501.668
16,6686.2905,18467.695
16,6719.746,1795.2183
16,2105.131,11714.045
16,6183.781,14634.169
16,3680.3562,4347.8374
16,2402.6223,13953.329
16,16198.116,7717.32
16,5351.822,9775.3545
16,845.90826,5744.605
16,4046.2446,7720.119
16,13018.623,14649.37
16,15718.2705,15125.398
16,19711.244,19365.41
16,9747.591,6710.75
16,13315.665,834.54895
16,10139.881,2762.3594
16,7165.5684,3937.8088
16,1891.3544,11890.054
16,11976.844,11351.727
16,6094.9917,19178.72
16,3956.8274,3248.56
16,6518.596,6805.161
16,18642.076,7600.5977
16,18648.324,17828.42
16,9882.773,11532.491
16,19507.873,11975.717
16,10052.941,10583.308
16,3273.6296,7049.562
16,8667.571,16984.229
16,15250.412,5827.8164
16,16770.156,18589.432
16,8051.9717,17301.123
16,14068.383,6301.581
16,1184.937,1051.1267
16,9196.804,6292.5205
16,12946.213,5066.1167
16,13763.007,18285.719
16,11307.382,940.31433
16,9296.777,5122.7583
16,19503.174,6850.6133
17,10000.0,10000.0
17,2764.9783,4344.354
17,2159.3057,13636.044
17,4791.3647,5180.1245
17,6678.4927,13056.24
17,9624.16,19912.488
17,17293.215,8637.798
17,12430.402,16716.008
17,17926.955,9451.568
17,9443.869,18630.236
17,7007.311,8123.9805
17,2873.476,3087.7002
17,16013.819,310.14496
17,3339.5725,8486.42
17,6268.5044,7376.086
17,14921.183,4407.6587
17,7010.018,10452.264
17,11770.207,15570.302
17,13992.956,845.20264
17,11164.968,7980.878
17,3981.921,9984.862
17,232.5946,12673.596
17,5604.149,7717.033
17,19491.611,8398.702
17,151.90874,11558.282
17,7066.566,506.18094
17,17314.227,4947.8105
17,19434.006,18561.256
17,6435.343,13710.571
17,5346.7095,8522.436
17,15861.901,18733.564
17,15628.32,528.5541
17,548.8337,14866.668
17,16081.545,13865.292
17,12123.777,17256.645
17,9687.888,18985.23
17,17047.195,8050.3203
17,10801.398,14915.775
17,14602.785,3148.6707
17,16341.953,1769.0233
17,9955.994,475.11273
17,15663.655,8611.214
17,2637.949,7729.2817
17,14432.55,14619.013
17,19950.576,9970.56
17,15737.25,17482.191
17,4299.43,8294.068
17,19780.219,14229.643
17,17241.744,3342.4746
17,12107.532,1923.2184
17,8846.088,7873.191
17,13542.162,133.98167
17,13857.767,15359.494
17,14096.279,10234.276
17,11356.757,13841.79
17,8782.193,637.48083
17,13909.063,352.57782
17,12011.179,11424.256
17,12173.515,4008.1992
17,6056.946,13924.666
17,9780.282,15668.226
17,10559.618,5372.6255
17,17028.441,5841.0093
17,12279.795,15089.947
17,5248.0205,100.406624
17,2192.8052,938.84235
17,10680.349,11506.025
17,12043.298,7049.328
17,14555.377,4197.706
17,12951.016,15634.705
17,16736.754,5667.422
17,2183.3042,14049.363
17,3660.9707,1484.4076
17,17129.8,12319.953
17,1206.2167,8456.3125
17,8767.165,17180.578
17,12545.309,11012.834
17,15053.624,11107.822
17,2936.811,9066.554
17,17990.016,10171.247
17,12298.329,8604.88
17,4183.4937,10954.297
17,11436.492,14614.52
17,7933.2715,6213.908
17,12775.647,9707.999
17,3664.113,10031.578
17,14231.274,3309.9424
17,8538.303,13620.115
17,13382.466,1921.2653
17,10642.838,6206.848
17,587.87445,9030.154
17,3365.92,6677.0884
17,4886.215,3329.7114
17,1199.0612,19820.582
17,4180.2773,5778.8174
17,7296.8267,11833.035
17,19194.906,18170.607
17,4269.079,16571.604
17,15689.234,15045.26
17,15691.133,16693.15
17,17967.258,1410.1907
17,8578.1,13769.936
17,6669.5244,2325.7717
17,2860.6528,19933.326
17,14349.853,1115.3589
17,1700.8405,2922.2485
17,4994.1157,16279.896
17,3678.5513,19999.736
17,19533.127,468.9256
17,19252.465,9850.86
17,16149.59,10131.253
17,18333.33,9821.381
17,18873.346,14395.725
17,7285.871,6107.7056
17,15891.3545,14165.582
17,12815.566,2268.3728
17,10559.903,8482.743
17,19721.576,17468.2
17,5239.016,8418.674
17,9448.493,1731.2659
17,18799.287,15319.56
17,2145.8662,1370.6599
17,17622.736,6357.633
17,19410.713,17992.707
17,8142.051,16979.154
17,19754.088,5487.387
17,12018.942,2312.0945
17,680.54926,5557.03
17,11576.179,12824.172
17,17713.69,5034.7944
17,2722.6003,9891.249
17,2723.0051,3164.889
17,4194.772,13333.002
17,15358.67,16039.398
17,17203.645,17339.182
17,2958.782,19349.393
17,2576.1853,7569.305
17,13072.252,8006.6714
17,3080.1814,15686.021
17,8707.83,18057.379
17,18393.113,14322.085
17,11814.412,8988.52
17,12715.933,3185.587
17,18397.57,2865.763
17,12794.284,17377.48
17,12020.312,6444.433
17,10751.139,17454.492
17,4310.8794,19771.352
17,19702.277,12800.847
17,19603.05,10415.59
17,14902.885,8598.457
17,14490.425,4388.1216
17,14485.34,7489.9146
17,12247.675,10949.717
17,9490.944,1664.2648
17,12377.059,18612.533
17,18882.979,9471.128
17,16450.525,16307.758
17,2519.809,19915.07
17,2731.9844,18550.363
17,5993.1865,2770.332
17,11550.623,6372.0615
17,19898.137,16868.094
17,15435.637,8650.448
17,14523.724,11012.707
17,3508.5774,6244.61
17,9242.817,14544.314
17,14832.606,17864.95
17,12390.956,1098.0923
17,56.015755,17735.076
17,13197.666,2825.348
17,2140.5254,3222.0635
17,19967.605,16046.319
17,90.78797,10851.706
17,13107.097,11808.228
17,5468.6074,4006.5166
17,11121.131,10113.449
17,15951.6455,15708.759
17,8336.836,15850.2
17,18593.174,4364.155
17,9641.589,15742.3
17,1081.3496,11031.159
17,13.720781,12249.227
17,3422.956,9990.06
17,252.22293,6167.471
17,9433.272,6881.9736
17,834.15936,19757.791
17,9880.208,12292.5625
17,19908.84,2230.8098
17,14744.094,6230.075
17,15301.814,17863.434
17,16803.297,7185.3726
17,7424.463,18864.475
17,2592.184,18290.732
17,6058.5884,6793.786
17,383.5832,13018.42
17,10924.464,18662.604
17,5289.912,10734.948
17,11688.443,16065.526
17,1683.269,1249.3005
17,18294.771,16329.61
18,10000.0,10000.0
18,8447.128,4575.0317
18,12743.099,19057.496
18,18625.809,18788.414
18,19313.125,7960.0083
18,4926.403,11777.83
18,225.88069,5302.3535
18,6441.743,18396.824
18,17015.469,15178.041
18,11484.755,7785.53
18,10300.902,3901.2712
18,10065.781,15894.658
18,16028.519,15070.53
18,11367.953,17858.363
18,10280.579,9296.221
18,8784.435,18883.486
18,14135.436,5459.0195
18,1382.5538,11029.035
18,9400.57,14206.125
18,981.65546,7181.2847
18,5809.8877,13247.923
18,2482.512,5715.3335
18,8241.182,1280.199
18,6620.414,18317.297
18,14629.005,5739.13
18,19552.775,6697.3213
18,17984.133,268.84265
18,8416.397,9926.665
18,13635.228,2138.337
18,1227.9135,7369.289
18,67.48256,10852.147
18,5825.319,2752.775
18,4831.14,4533.2466
18,6495.031,4962.945
18,1004.6846,4963.385
18,11263.978,5664.738
18,2256.2583,16810.428
18,940.6319,18683.25
18,3077.263,15589.224
18,17861.479,4722.0977
18,3373.927,284.19772
18,1854.6024,7535.0845
18,15559.511,8023.0713
18,18720.213,7678.905
18,5968.3105,9027.763
18,17689.918,4407.693
18,7754.7383,1724.0872
18,2436.1057,7954.615
18,1495.298,5005.6035
18,12529.176,9347.364
18,8529.961,11155.879
18,14712.362,15849.539
18,2813.034,19406.385
18,414.48322,15767.174
18,10374.205,4601.383
18,9677.597,2894.5967
18,1844.1224,2238.5967
18,9019.806,497.82324
18,9746.728,5357.525
18,1994.5312,17983.514
18,4891.699,5930.2456
18,4693.2417,12307.207
18,1283.1191,10585.207
18,11006.228,11463.259
18,18646.951,2341.8037
18,11521.431,7340.9497
18,2681.334,8341.211
18,2424.32,9296.643
18,5385.599,18893.81
18,3719.5405,5801.1685
18,3137.1047,1325.1008
18,7225.4946,1196.2542
18,8912.956,3044.3303
18,5654.0166,13902.891
18,3074.17,5047.8115
18,178.36133,11162.326
18,15923.946,2979.272
18,2399.7295,1439.7811
18,15516.464,4075.2505
18,2858.8052,13753.104
18,10634.401,111.010376
18,16624.15,7110.97
18,12830.554,4561.174
18,7306.591,8672.418
18,16221.258,1194.6676
18,3915.1646,14441.35
18,6751.627,16708.379
18,12250.331,12570.028
18,13441.924,2374.2312
18,1527.0371,18685.389
18,17596.777,13600.011
18,14988.255,15153.404
18,13526.906,2879.9587
18,10413.771,14378.856
18,6073.2686,2046.0525
18,18404.979,757.2143
18,6586.2285,9880.851
18,18199.986,4216.101
18,11608.98,16912.547
18,12229.736,15155.891
18,12566.7705,19279.541
18,3203.4253,6844.789
18,9870.69,6727.297
18,19554.117,1748.9252
18,7912.908,1921.2277
18,5474.571,19741.58
18,7501.729,19114.143
18,17205.365,3218.0217
18,5380.136,19488.52
18,566.0729,11198.909
18,6851.5337,19298.553
18,857.738,16396.326
18,9761.803,2484.0222
18,13694.09,490.65646
18,3605.4734,4014.495
18,17231.008,9969.49
18,2938.4175,5649.8325
18,12414.527,17645.18
18,10204.719,13071.08
18,11616.18,15174.602
18,12487.005,6012.588
18,19267.604,6089.5977
18,8110.383,15356.309
18,15422.124,5537.1816
18,18233.768,14695.219
18,19325.387,17054.506
18,3242.0647,6722.2017
18,13968.274,7079.8516
18,1214.9249,1405.7015
18,15089.17,16046.764
18,15361.741,622.7156
18,14998.676,5468.7373
18,12197.393,7967.233
18,15436.481,632.15015
18,11187.619,11731.905
18,16354.387,12516.568
18,4877.052,1752.9124
18,9461.338,800.06146
18,13067.506,13842.907
18,15446.519,10706.145
18,9072.1,217.13054
18,11369.327,15867.125
18,17253.887,10243.862
18,13557.339,3841.8865
18,16320.011,7189.933
18,18473.688,16088.871
18,19371.414,16772.154
18,4377.691,13857.139
18,9440.168,14961.538
18,13060.258,14966.78
18,16097.999,12529.719
18,860.13873,3778.8977
18,1325.4365,11463.877
18,1581.0186,12160.597
18,11202.195,8599.275
18,3000.9841,5626.0205
18,12163.888,19071.404
18,4724.8135,9323.641
18,17480.42,7687.9775
18,5493.4043,12472.762
18,18319.854,2420.4802
18,14771.789,10717.672
18,6745.4453,14734.099
18,6201.234,7970.8584
18,5431.901,8177.0776
18,8553.011,12251.164
18,1685.3944,18113.246
18,14745.035,9082.492
18,15559.728,5556.0874
18,8675.352,13262.69
18,1519.0739,10995.274
18,14898.185,3290.662
18,3754.0962,2230.201
18,8746.638,15558.923
18,4235.5703,2335.6187
18,19591.92,12747.079
18,15519.836,2562.0432
18,1490.0624,12932.584
18,18751.365,19743.13
18,15716.174,17747.295
18,16830.814,10714.898
18,15445.184,4006.5696
18,12460.089,6649.317
18,18318.924,200.3432
18,15925.044,8441.447
18,6657.9053,4266.1855
18,8206.491,2967.4727
18,7220.2603,1518.9525
18,5414.6787,2204.6226
18,8419.994,8406.279
18,14318.338,3548.93
18,15568.021,13260.201
18,5076.087,15384.649
19,10000.0,10000.0
19,3756.6025,790.7852
19,9779.838,8652.974
19,1167.3186,12009.859
19,14771.308,11670.138
19,9992.215,11083.481
19,5964.8037,14679.446
19,12337.64,2780.2717
19,10298.6875,18814.373
19,9678.374,9783.025
19,399.79333,13600.619
19,11661.262,15688.613
19,512.3483,11215.639
19,5620.3545,626.94324
19,18626.227,10409.679
19,7610.421,13152.398
19,4111.4014,3959.8987
19,12575.992,10533.102
19,19234.625,90.661835
19,6944.621,14003.102
19,3165.0864,1208.1895
19,3630.5432,14761.485
19,2828.659,1856.9452
19,8830.893,4322.199
19,19069.318,2918.351
19,613.3263,13138.216
19,4260.5703,5434.517
19,1100.352,14855.03
19,18745.262,4269.662
19,16954.148,7816.2817
19,15619.289,15093.285
19,1150.834,17947.928
19,13657.549,10258.42
19,14718.376,19248.51
19,7058.0405,7936.0513
19,1019.6298,9479.209
19,1937.4116,16538.557
19,4339.193,4976.402
19,6316.911,11960.878
19,17887.404,14784.221
19,14683.03,19653.826
19,7842.5684,17362.559
19,13729.711,15428.543
19,5652.788,12869.822
19,4088.6775,3525.6404
19,6330.0137,11974.299
19,15742.6,4290.9956
19,10451.235,9414.257
19,15234.347,6323.0864
19,15243.86,11284.592
19,8295.0625,1545.3984
19,7479.481,1772.1521
19,1875.8792,17947.873
19,6359.255,9832.148
19,5046.4277,1848.625
19,4037.8936,8426.719
19,11611.241,8370.203
19,3461.195,15678.216
19,16774.664,13552.044
19,10955.837,2406.9307
19,18871.7,1698.204
19,9745.1455,7578.404
19,12551.113,6117.391
19,11041.654,15231.194
19,14738.25,17007.943
19,6269.2993,19691.842
19,14316.029,15477.816
19,4854.3896,17437.324
19,15902.783,8480.476
19,7472.5737,10932.007
19,2328.5652,591.3895
19,1302.6915,16118.725
19,17367.76,17054.893
19,6757.1934,3791.8098
19,7480.077,19559.818
19,14686.783,13323.73
19,6876.6167,570.1182
19,10625.106,2753.57
19,18645.584,850.75714
19,13710.677,7178.532
19,12541.792,10492.721
19,2142.0796,15013.774
19,19058.463,9463.356
19,12786.905,6029.51
19,1136.3115,1575.6195
19,15950.105,4177.497
19,9812.828,8008.2827
19,1255.2084,17066.12
19,2968.8618,15979.485
19,2894.0728,13096.424
19,15631.988,4050.0496
19,15472.267,10629.434
19,5137.1113,13153.466
19,10214.515,5836.5854
19,7784.9194,19211.605
19,1688.435,16888.658
19,9921.1,9447.3
19,16170.275,6464.224
19,7064.0093,9214.6045
19,18601.459,8414.369
19,3706.534,9837.204
19,9949.078,4947.1123
19,19097.512,19608.953
19,11414.17,13970.838
19,16414.6,983.13226
19,3891.4155,6487.065
19,6650.983,10452.87
19,2456.9136,8036.6963
19,15052.021,13078.657
19,18667.621,10320.565
19,7756.41,19247.863
19,4452.877,4909.971
19,16095.234,18841.273
19,9488.591,104.02325
19,2359.224,7835.62
19,11727.296,10413.289
19,12171.78,6204.317
19,1220.573,5319.5234
19,11890.059,7933.868
19,5936.576,8375.446
19,13212.229,11282.214
19,14490.144,4233.4727
19,13240.382,15376.285
19,13401.515,11405.187
19,14043.249,2457.0906
19,9551.802,11622.883
19,19294.936,10226.04
19,19325.354,15529.812
19,2171.6943,8126.713
19,3004.0063,17457.56
19,19515.52,13629.76
19,4217.889,12464.21
19,17888.443,5045.7925
19,4761.2627,2908.0789
19,15266.834,9783.129
19,12118.89,12756.524
19,12699.249,18305.195
19,15172.254,3557.9597
19,11392.21,8414.456
19,14801.581,6529.8564
19,16624.06,3989.3557
19,6907.606,1376.752
19,10531.136,2635.639
19,15498.382,4794.1235
19,14561.077,5692.158
19,8322.839,14385.955
19,7251.594,3722.9966
19,13334.051,13870.763
19,15055.821,1212.0023
19,5854.7783,5300.399
19,18600.18,15922.432
19,8670.689,14673.169
19,10101.872,15088.83
19,13420.327,12656.733
19,5020.425,2939.3313
19,3888.4097,14243.032
19,18490.643,642.9905
19,18702.031,18761.023
19,12715.906,4540.084
19,5337.414,4764.2705
19,13134.545,9875.531
19,7773.088,11023.959
19,5634.9854,12421.261
19,14967.802,7660.7217
19,7623.032,964.50037
19,16708.318,1288.852
19,14500.498,15295.545
19,2017.5311,18808.195
19,12339.725,11080.081
19,9603.795,352.45465
19,19534.227,18520.184
19,3512.3677,4193.305
19,12064.42,866.1689
19,17419.525,15336.883
19,12091.646,11746.753
19,10480.965,16356.324
19,16316.809,16768.045
19,18289.562,5015.3955
19,7061.3677,3128.954
19,10521.329,12618.006
19,4205.832,19398.426
19,18255.11,18870.418
19,6621.467,7229.05
19,15620.437,17530.846
19,19770.549,15341.916
19,10867.999,3978.4453
19,334.6876,7552.4546
19,208.8796,211.18283
19,4643.678,11243.632
19,6765.4673,266.08224
19,10398.836,16318.209
19,18318.592,2190.959
19,2411.815,19652.016
19,15857.511,4802.595
19,615.05853,19711.006
19,6585.3096,15036.446
19,7647.072,6148.918
19,12179.587,8067.852
19,10800.358,602.1747
19,19578.94,8965.393
19,19688.709,1467.0084
19,10687.45,5294.909
19,6432.764,7637.6895
19,5848.3804,7594.517
19,15500.183,14640.129
20,10000.0,10000.0
20,14345.762,9517.89
20,5743.3354,19207.068
20,8650.275,3279.2737
20,11881.167,12899.327
20,9295.722,1302.7278
20,1662.0941,411.76196
20,16844.39,13411.772
20,7787.764,12385.404
20,13331.305,18369.293
20,17902.18,5198.604
20,532.19666,15126.82
20,15909.288,11109.048
20,9545.195,10021.919
20,9332.833,1134.3966
20,1661.1761,10557.467
20,6546.171,5688.89
20,10196.547,17772.422
20,19706.275,14457.616
20,1848.5503,13179.1455
20,2459.1245,11436.554
20,14055.533,6667.196
20,7615.3936,17305.746
20,18672.041,2308.4573
20,17626.713,8401.696
20,17518.172,16854.969
20,17301.13,6745.4087
20,8658.103,2354.0776
20,8912.677,19684.932
20,1927.9067,9304.2295
20,11029.751,15713.371
20,10750.3125,18328.709
20,5944.36,967.4851
20,18216.533,14117.426
20,19261.424,16206.84
20,6941.767,17781.549
20,5730.367,1151.1443
20,5827.2603,10442.298
20,4972.343,2836.2617
20,5747.596,12348.923
20,16010.852,7081.212
20,1922.1823,12669.277
20,18944.84,2785.9177
20,11109.779,19408.451
20,4787.8677,17378.86
20,18363.53,7005.0483
20,18758.176,15921.338
20,6980.9453,10379.349
20,19649.977,7401.5586
20,1904.0405,4637.302
20,15068.536,5969.075
20,8872.919,6582.208
20,15397.687,18235.148
20,8867.192,15147.6455
20,19484.285,1276.5894
20,1450.6317,19749.102
20,15795.133,1588.7092
20,8851.66,11068.314
20,12387.371,5079.6426
20,1630.3706,3375.9702
20,3328.2097,7207.3403
20,14539.163,16835.834
20,19100.092,12277.087
20,2712.69,13126.389
20,18603.438,15500.689
20,7325.0474,6167.4243
20,14117.737,11446.03
20,18207.762,11824.349
20,8706.989,19470.82
20,8450.983,6222.8027
20,10150.344,16890.672
20,15851.19,16183.195
20,11999.846,4988.489
20,15526.541,10009.912
20,2638.7998,9542.382
20,14352.489,3767.9204
20,4371.1636,451.37335
20,15059.089,15237.295
20,13270.182,1293.5632
20,13758.924,8883.351
20,3398.0752,12628.8125
20,6815.1255,1683.6278
20,2046.5004,19082.176
20,19927.783,814.8237
20,4416.6587,15140.456
20,17848.568,19945.215
20,14831.076,9824.39
20,16335.88,2038.2128
20,9820.579,11095.149
20,2941.5098,19332.588
20,14484.62,14257.411
20,10439.143,9491.52
20,15761.049,9213.87
20,11256.538,10880.76
20,3556.2234,18103.56
20,12947.661,18780.63
20,9500.18,10616.429
20,12136.477,10340.309
20,4551.006,620.97455
20,1687.5089,2312.113
20,7178.909,17818.328
20,7701.7686,16411.137
20,10053.966,9677.801
20,18734.164,13418.627
20,18426.904,12980.951
20,9434.479,19121.914
20,4525.9854,15076.172
20,10656.011,14612.878
20,13266.552,8879.731
20,13166.363,13171.893
20,4700.233,9943.49
20,13797.556,12325.546
20,16678.885,14792.359
20,511.85175,17781.275
20,14142.554,2479.435
20,4958.925,1391.7056
20,1453.7218,15004.3125
20,10689.772,7106.6533
20,13049.545,18506.299
20,9020.764,15151.847
20,3258.0515,18840.008
20,14468.883,10103.779
20,11421.402,3995.1272
20,3045.3325,4798.7686
20,17930.809,18124.494
20,13725.323,17284.832
20,19281.24,13549.962
20,16101.875,18636.54
20,8250.832,16685.271
20,5617.277,10744.128
20,8864.785,5623.169
20,18558.82,4344.0493
20,12288.491,19100.664
20,210.74655,5934.907
20,18618.088,15540.38
20,14346.4795,459.0373
20,1633.4052,15523.412
20,13427.23,1327.1184
20,9946.884,10334.996
20,16646.885,1701.6736
20,6595.942,18060.184
20,7781.233,7837.542
20,15141.914,18615.844
20,8000.526,12504.179
20,15122.624,7603.6533
20,1491.4237,13276.833
20,4820.78,12157.48
20,1507.3813,9635.18
20,15877.107,13395.162
20,18448.877,8508.719
20,4221.26,3634.8801
20,19893.201,15832.068
20,8397.7705,18428.934
20,3457.839,19478.81
20,7727.751,3334.9558
20,12490.856,9269.72
20,5915.788,11816.005
20,18598.87,13948.5205
20,17209.693,2515.109
20,9181.619,9268.642
20,538.2478,7081.988
20,5144.881,5222.8833
20,11612.824,18005.08
20,1075.2732,11993.793
20,18154.3,6986.148
20,6227.83,19297.303
20,5047.863,9160.88
20,3265.686,13894.255
20,19592.371,7272.125
20,18235.47,3355.8447
20,13200.061,3470.7717
20,14567.951,2594.5686
20,12709.205,16317.849
20,4243.024,1799.0232
20,15458.842,19794.61
20,10220.946,14492.528
20,19952.6,10246.767
20,13197.585,10092.419
20,4246.2905,10496.234
20,5261.397,7476.4478
20,4874.0713,2680.4363
20,4112.191,2978.6953
20,18619.209,9687.628
20,1397.3715,10513.057
20,4179.826,12704.302
20,2816.9382,15800.463
20,14846.424,16785.133
20,6073.5396,9815.938
20,12916.057,16934.814
20,12671.719,6035.414
20,15297.33,13263.176
20,16023.442,5296.045
20,454.5085,2622.431
20,1741.4586,12598.013
20,14465.8,1156.9786
20,13095.954,5477.6133
20,14696.231,4346.9897
20,2725.1848,8331.127
20,9410.792,5002.9067
20,19517.473,17248.39
20,6697.999,11513.291
20,5570.629,4390.851
20,8288.004,0.5494509
20,16293.382,6928.0913
20,9024.1,14002.399
20,9160.575,13569.555
20,8140.917,7528.6133
20,14962.83,19867.303
20,19261.947,19087.027
20,16791.0,19217.05
20,2513.5205,8057.4697
21,10000.0,10000.0
21,3855.9219,10371.682
21,13739.44,4087.2444
21,4562.6245,868.9293
21,19494.566,453.45792
21,17532.914,7310.801
21,12453.253,18078.908
21,17129.191,1508.7734
21,6784.5996,1006.4043
21,1933.2415,18614.309
21,1304.9669,12749.757
21,17206.299,943.15155
21,10771.677,16410.236
21,3755.3206,15986.373
21,8372.579,15725.831
21,19972.465,3963.3704
21,4209.433,959.91986
21,2279.6958,13558.146
21,2504.9507,8657.068
21,13139.381,14837.184
21,1167.5255,14505.968
21,14071.375,7917.097
21,3274.9219,18295.76
21,13505.505,15008.664
21,7615.403,5158.152
21,2260.1978,8651.65
21,19746.842,9517.176
21,8765.395,6403.182
21,9449.966,18548.576
21,5522.295,18598.842
21,15581.688,16727.41
21,12212.875,16522.307
21,7755.882,16506.836
21,1022.82025,13039.022
21,2076.7883,15261.738
21,12522.691,12411.235
21,11124.212,10710.418
21,11052.953,14320.64
21,9601.568,19279.154
21,11871.73,3391.2405
21,5861.059,10556.796
21,4446.6035,13319.05
21,18941.793,16133.776
21,5485.401,7657.585
21,10287.991,7343.383
21,3255.726,7958.897
21,3162.1404,5620.4126
21,14134.499,7482.815
21,7290.838,9331.234
21,11772.605,6769.6973
21,1344.5214,14574.152
21,6506.793,8147.112
21,7905.432,10868.379
21,9461.594,7343.562
21,2788.9849,9666.833
21,1278.7856,1266.0107
21,14447.444,18685.064
21,1111.8827,6433.9194
21,14977.135,18461.01
21,10816.573,13828.621
21,17516.389,4283.6714
21,5489.1533,3624.0515
21,9690.345,4356.599
21,1405.1083,13574.446
21,9124.628,19743.732
21,188.1514,18751.316
21,9942.525,4479.892
21,6385.72,5030.567
21,7687.0376,4207.7827
21,4506.962,1368.2433
21,7177.078,2290.4998
21,17056.725,424.8888
21,2344.321,9849.281
21,6765.714,6188.759
21,14135.867,14504.081
21,13662.882,14208.883
21,10141.418,12152.132
21,4606.2676,13933.241
21,19149.264,17815.11
21,4203.5806,1931.0813
21,11608.425,12891.394
21,18218.941,11525.895
21,430.1357,10756.567
21,9783.011,14673.821
21,4895.821,17083.576
21,19885.94,10198.605
21,12960.83,7488.209
21,17708.658,18852.025
21,7670.4805,19777.283
21,7529.842,16501.959
21,8182.1855,1200.8112
21,4942.114,14194.194
21,3894.598,7977.7886
21,17326.674,14346.222
21,12715.771,12063.689
21,16902.701,14649.196
21,1072.7935,12034.74
21,14979.886,5406.688
21,11477.493,11355.8
21,17472.238,16538.023
21,3719.2156,11730.774
21,5587.4307,15037.719
21,18564.92,6308.4116
21,9590.603,6519.167
21,19377.598,19190.215
21,4430.937,1470.5546
21,13656.757,1797.1787
21,13032.574,14770.296
21,2857.1033,9890.023
21,2120.6938,8960.508
21,5798.785,1349.1259
21,11799.616,2940.3132
21,18917.838,5717.9424
21,6347.443,13832.541
21,18135.588,5261.365
21,11649.064,14159.171
21,14627.099,2419.8818
21,9116.993,15597.645
21,13515.36,15647.798
21,16937.594,9994.355
21,5165.8843,17011.549
21,17310.643,4474.1733
21,10280.742,8369.761
21,8875.202,9609.128
21,13108.387,16217.413
21,525.76105,13528.624
21,14369.029,19174.324
21,203.8202,1662.1842
21,4955.7856,6124.9233
21,19246.293,7307.48
21,12623.032,18238.027
21,1735.4802,7750.812
21,18135.316,17377.373
21,16147.923,1441.5944
21,8276.778,10513.551
21,12933.292,857.2003
21,15616.496,3475.8784
21,19209.85,7014.84
21,10527.031,11190.397
21,2628.716,16480.54
21,15842.282,7879.4565
21,5228.4663,14475.742
21,6082.868,5555.7637
21,14835.301,5011.568
21,17792.91,10930.486
21,7709.538,19389.627
21,859.57794,11393.242
21,5614.1943,17961.137
21,19239.19,18308.781
21,5689.3813,9461.63
21,6944.0864,19918.965
21,1540.4529,12660.319
21,2808.4595,1135.1785
21,10387.974,8122.999
21,4892.3213,7690.5176
21,17527.955,13798.588
21,3024.9106,17657.209
21,7940.3184,11436.768
21,14973.274,12044.786
21,6416.1665,15331.839
21,13318.172,13255.912
21,7493.0537,19408.201
21,8779.299,2320.828
21,19642.807,5740.7188
21,12009.427,1435.0288
21,13204.74,8988.781
21,1742.216,5091.4116
21,594.1135,15844.317
21,534.82404,15670.729
21,7870.413,3180.6738
21,6816.069,2230.0344
21,3893.3489,9861.463
21,16163.148,428.71603
21,6144.2236,7864.379
21,7940.3237,11105.697
21,18900.262,3866.644
21,14082.888,14470.3545
21,9006.612,645.6473
21,4762.7295,1316.5051
21,10033.406,10095.28
21,8400.74,4597.092
21,12195.196,9068.023
21,16126.286,4472.3306
21,19225.746,963.034
21,1691.2096,2638.1914
21,12620.824,10035.378
21,4264.4,19024.557
21,16787.857,8162.8076
21,10507.328,16100.54
21,2401.1565,17434.09
21,10141.4795,16617.035
21,723.55896,14889.96
21,11159.707,11660.901
21,3783.6875,17473.777
21,3343.0747,13178.579
21,9182.675,1624.9722
21,10348.569,950.0632
21,7025.1025,18028.787
21,4614.7646,7339.807
21,19354.314,1538.4639
21,7237.475,2182.4382
21,10665.697,482.94797
21,6769.3545,11638.103
21,17510.89,10367.397
21,6019.7476,16545.37
21,8705.855,19234.254
21,18870.541,9278.735
21,8136.6743,17005.393
21,18511.299,3165.0269
21,16304.754,7578.4834
21,1113.092,2287.7673
21,8743.475,17753.412
21,19525.9,4662.2324
22,10000.0,10000.0
22,15092.381,12300.184
22,4477.529,3915.7817
22,2919.6602,10921.987
22,6541.1807,7153.186
22,1607.8038,13352.657
22,14950.259,6999.3477
22,13204.428,2581.7656
22,2265.393,17419.137
22,10880.816,6788.9653
22,8424.251,2889.9517
22,18658.496,1561.687
22,18870.533,11316.316
22,9197.845,18758.217
22,12212.108,16638.209
22,1425.2881,6883.903
22,11364.924,3129.0234
22,12217.867,7322.777
22,5631.1587,2320.5747
22,16348.626,1727.7466
22,4952.214,5570.9863
22,1276.2423,6039.9644
22,851.57526,3870.7961
22,16495.94,14877.589
22,10984.075,741.21185
22,5102.5513,13629.724
22,18390.686,2972.1086
22,4072.916,10556.586
22,11835.74,9113.111
22,1925.4735,14878.236
22,5428.2324,2843.253
22,18543.96,4574.0703
22,11366.21,12584.423
22,8939.394,5230.785
22,15248.718,1758.6443
22,8989.431,5951.6904
22,12895.987,768.5692
22,12800.445,1998.8538
22,13924.872,6289.452
22,18692.201,11017.151
22,10637.513,18939.822
22,11678.485,16894.807
22,6611.572,11112.223
22,4302.419,19224.791
22,18419.21,7262.502
22,62.76772,4002.4265
22,13763.387,9646.305
22,4657.686,10418.847
22,19733.172,4015.7473
22,13168.734,4048.5369
22,12395.434,8309.117
22,17724.607,10430.599
22,15600.045,17591.363
22,11025.538,13800.8
22,16701.094,413.30328
22,19320.488,4740.8916
22,860.5354,4238.363
22,10685.855,4829.025
22,14551.21,12101.942
22,4819.1523,14822.638
22,1145.2649,6887.4033
22,16336.05,16547.225
22,15504.351,5833.2334
22,2863.4905,5575.478
22,4504.4727,16226.099
22,16918.992,3795.839
22,15431.207,797.1974
22,4494.392,6425.769
22,8752.655,7985.8354
22,16545.27,16318.029
22,9693.82,6486.4
22,13296.236,13386.471
22,4089.3662,12115.839
22,8436.187,5938.684
22,8820.182,2759.3933
22,10694.817,17859.777
22,3679.1013,4313.7466
22,16669.996,4831.796
22,15590.088,15584.855
22,4040.102,11216.0205
22,5938.6567,19807.117
22,10359.227,14286.263
22,12769.614,3031.6199
22,10149.304,7288.196
22,10936.807,5836.5957
22,17172.967,13333.753
22,1447.2179,3494.8118
22,16797.502,1086.602
22,4560.1646,17537.295
22,13970.331,8524.918
22,10946.885,7660.3276
22,8109.555,19284.893
22,7214.466,16481.277
22,3261.595,18461.215
22,3194.1245,8791.928
22,12447.8545,1398.0695
22,15049.287,18125.332
22,4924.3584,15219.491
22,7084.422,2294.1223
22,17896.045,18678.1
22,13128.01,567.9694
22,1401.365,1873.9968
22,2362.6465,8761.948
22,10719.736,8846.342
22,17641.834,17795.703
22,2015.1355,7985.524
22,13299.335,18486.865
22,992.3825,3695.2122
22,5694.931,18634.271
22,16493.975,1269.7327
22,16162.164,19098.533
22,14128.905,17751.9
22,800.9199,4084.1858
22,1676.9976,4707.533
22,2385.5369,19987.088
22,12603.415,19542.256
22,9190.336,5297.8867
22,6155.3564,3610.9434
22,19325.123,6786.422
22,8673.898,17919.516
22,11971.78,14220.435
22,4466.8296,8015.1797
22,5019.493,3695.3467
22,14338.1,1463.7572
22,799.59827,18294.83
22,1678.9052,19013.693
22,18657.71,6194.124
22,3977.4338,16289.505
22,15294.123,9479.578
22,11867.345,6732.3486
22,7226.366,1284.9279
22,2894.115,6103.243
22,16550.588,18169.582
22,15088.953,1994.6592
22,16847.602,1642.2446
22,11080.027,7869.7114
22,12420.139,7186.501
22,12477.372,18560.217
22,9714.8,3058.4236
22,6673.3994,1836.2897
22,4421.7983,2135.0847
22,11455.923,14184.918
22,19233.432,7189.695
22,17062.217,4369.91
22,9939.264,8515.288
22,7547.8335,13773.603
22,2532.7812,6905.5254
22,5961.175,11606.995
22,12428.991,5112.259
22,19560.62,10169.767
22,3333.2202,11656.419
22,934.7877,17242.592
22,16265.923,15708.35
22,16504.516,8947.183
22,19444.355,15936.216
22,3279.544,6884.117
22,14924.192,13972.888
22,17014.94,18915.207
22,19031.016,12454.038
22,11105.679,19600.586
22,319.84076,3444.288
22,10266.292,7765.215
22,9921.354,38.18895
22,18220.225,3591.2776
22,10239.196,7032.457
22,19337.18,2254.6133
22,4559.536,4942.3916
22,6659.5234,7386.189
22,13524.961,15529.335
22,14762.331,18000.625
22,18648.73,11077.969
22,9504.8955,9692.833
22,5738.1313,7288.269
22,4313.9487,15663.662
22,8414.035,16780.756
22,7566.14,19818.223
22,1586.0616,18076.662
22,10371.039,8205.981
22,18497.164,1473.528
22,2567.126,2866.8386
22,13534.626,9291.035
22,4726.364,1750.3624
22,5553.6235,5496.248
22,10894.093,13501.782
22,12671.342,16620.842
22,15432.917,2177.403
22,16180.037,7854.8413
22,17996.371,1023.3306
22,11725.963,19408.318
22,8892.971,19679.588
22,1934.5378,9907.634
22,6726.565,14053.987
22,16420.395,18948.389
22,2978.2493,97.33804
22,15949.462,7615.093
22,19522.355,7542.1865
22,19945.84,7212.691
22,13444.223,16948.59
23,10000.0,10000.0
23,17614.799,1184.7993
23,4657.4814,16407.605
23,8743.926,3016.0818
23,14456.699,1266.1233
23,9152.889,9372.08
23,12662.432,3214.6453
23,15557.349,7394.344
23,3037.5237,4570.9966
23,12994.221,12219.057
23,6223.0015,2832.7485
23,97.062004,10537.764
23,932.85614,13114.772
23,7828.6616,230.56645
23,11149.995,3191.2043
23,12785.224,12412.539
23,19633.732,2159.146
23,14278.928,11106.091
23,980.79474,11376.445
23,16980.477,123.89789
23,19185.549,11736.772
23,7509.9673,8773.935
23,2422.2883,2906.821
23,3768.986,2136.694
23,19360.793,5774.851
23,8720.114,7367.4824
23,626.7093,11527.163
23,18905.74,2860.5845
23,11379.177,13957.952
23,14172.112,3931.087
23,13392.726,16242.043
23,13316.013,11767.875
23,12370.706,312.49338
23,12663.83,265.76532
23,2569.784,2992.9727
23,471.41998,3498.9558
23,10008.868,1458.0718
23,13147.12,4525.4736
23,13627.776,10464.026
23,1947.8866,13208.146
23,12380.961,1477.1061
23,6724.1646,11702.517
23,12336.049,6644.9
23,15079.938,8401.256
23,19553.994,759.11804
23,19442.197,12467.634
23,4908.493,10346.946
23,9079.711,15485.8
23,10213.064,19050.742
23,4741.0483,4171.4224
23,1633.8921,8707.4795
23,7975.301,16838.205
23,14885.332,18940.057
23,15186.011,8335.21
23,5700.4536,17852.592
23,12512.908,2193.4639
23,16762.4,6802.943
23,17102.7,8743.813
23,12927.733,13802.884
23,6831.783,6834.059
23,6872.859,6048.7026
23,5612.701,5212.27
23,9014.164,2524.9666
23,3545.1108,10901.248
23,3510.1897,8746.065
23,16857.885,10586.767
23,14762.945,8496.265
23,9630.58,15502.498
23,7367.6094,5739.212
23,7621.1094,6241.5312
23,11258.816,18855.99
23,5282.138,11636.426
23,8108.6733,14393.497
23,18090.117,4937.489
23,16102.78,19622.152
23,11195.868,19797.002
23,14664.6045,13111.55
23,5037.508,3700.917
23,3099.9685,14726.07
23,14475.969,2723.8506
23,14278.995,13365.31
23,15998.578,9176.297
23,2245.7703,1548.4874
23,8317.674,2676.5479
23,13923.786,10754.867
23,2972.3845,6722.1084
23,9667.235,4433.5127
23,17969.71,9993.109
23,16638.66,17206.285
23,8298.159,11803.466
23,7486.0015,10542.263
23,19175.36,754.52515
23,10325.42,16248.018
23,8431.859,3515.1018
23,19238.152,4843.7676
23,3861.178,6167.789
23,12360.863,14480.475
23,8272.879,12044.175
23,12580.489,9860.3545
23,19116.395,3461.6794
23,2555.7427,17219.08
23,6667.1836,2891.0647
23,1447.9178,14005.08
23,8343.203,1918.7957
23,7902.7095,18644.035
23,1979.2332,8371.071
23,3792.2537,2001.4308
23,3596.438,10690.402
23,11466.142,16630.75
23,12045.159,13707.117
23,6408.9043,19213.898
23,13868.132,16833.238
23,1605.435,17973.959
23,6342.3237,3242.7402
23,4377.3247,7401.805
23,18899.23,1314.4963
23,1789.6329,7191.7397
23,8685.3545,7831.7173
23,10131.193,5156.9346
23,965.196,3221.9011
23,18736.621,17213.137
23,5235.4346,13815.824
23,17369.516,2110.5835
23,6601.828,8536.18
23,4146.1807,10628.711
23,8573.345,5450.019
23,15215.066,11997.428
23,9014.848,14358.922
23,14003.452,12940.768
23,8603.269,16607.734
23,5364.511,9342.016
23,6200.949,10421.098
23,9749.368,4164.809
23,19810.047,19164.906
23,19613.861,10883.147
23,3343.1304,8701.818
23,845.76575,6660.721
23,4361.0654,18243.338
23,17439.68,8216.04
23,1558.2611,1928.5901
23,10824.182,6421.8887
23,6849.233,9205.275
23,19489.523,18122.834
23,19395.08,10067.199
23,4203.7803,10430.714
23,2578.1995,16922.332
23,15795.474,10166.099
23,3162.642,1438.3094
23,763.40686,17205.074
23,16620.05,4038.53
23,3764.2698,11030.035
23,17797.621,8557.131
23,19372.53,6843.0854
23,4756.852,2878.2131
23,1235.313,10803.164
23,6042.5405,6585.0537
23,13085.981,11475.08
23,557.0722,9115.123
23,17145.268,11358.317
23,19002.533,7995.7793
23,7010.898,6866.007
23,9047.384,3639.022
23,3437.9685,4678.516
23,6024.095,17331.96
23,751.66254,15129.812
23,19357.602,4101.9277
23,11949.815,19948.225
23,3008.9446,6416.9297
23,16654.01,3800.5383
23,11608.809,9816.41
23,13992.765,9823.1875
23,5792.566,17960.79
23,18934.895,3654.8198
23,60.070072,18150.992
23,5756.4224,18015.598
23,6281.146,16910.617
23,9412.41,3045.9304
23,16751.754,1653.9519
23,13327.156,7249.015
23,16707.17,17245.592
23,18332.854,5012.411
23,15721.398,14892.472
23,6413.3984,7724.8086
23,8100.961,13503.877
23,10602.475,9105.84
23,17729.184,17593.281
23,16613.64,18114.709
23,13343.759,7105.897
23,12509.489,22.892889
23,8401.672,12643.1875
23,11549.678,16049.857
23,19866.346,15750.124
23,12505.292,3323.396
24,10000.0,10000.0
24,13608.693,11731.141
24,16229.6045,19778.164
24,12924.915,3925.8582
24,18011.277,6891.0273
24,9014.053,2684.121
24,1062.2913,12190.058
24,11504.639,11168.794
24,10915.527,3910.219
24,18107.736,8898.264
24,147.07706,19761.146
24,11586.295,15209.313
24,17062.84,17988.865
24,16209.506,3567.7183
24,3500.968,2928.7737
24,5094.372,3559.0312
24,8364.94,12044.212
24,13003.441,10767.996
24,9584.995,11199.156
24,13163.465,3263.3015
24,10498.768,3314.1658
24,12964.625,9107.141
24,1103.3337,14064.762
24,15991.383,19422.184
24,8117.3237,14678.505
24,13407.918,12214.267
24,11080.662,13455.818
24,12005.509,12071.168
24,5881.972,12016.188
24,18851.129,16646.316
24,13648.985,19024.607
24,18343.35,16504.836
24,15050.233,752.07794
24,15261.944,3519.2795
24,14606.623,3214.0662
24,10460.89,14713.189
24,9511.666,2650.0847
24,620.184,11996.938
24,16376.234,9138.004
24,5693.2637,7296.226
24,9436.589,18686.418
24,4170.1064,14891.565
24,5016.044,7983.735
24,1718.1615,5527.751
24,1350.6686,2023.8649
24,11632.766,16430.986
24,7843.008,19133.488
24,4937.542,4409.743
24,7165.88,5082.1323
24,16682.195,10636.105
24,18926.826,9062.222
24,11204.177,4690.255
24,15031.618,16900.375
24,19785.086,8130.8657
24,14330.377,4512.7056
24,17297.023,16314.377
24,2494.7122,2811.187
24,16728.016,2683.137
24,3526.3638,16287.227
24,3126.3044,8861.839
24,5048.7827,8523.491
24,16469.873,15363.208
24,2580.9763,1802.3336
24,4959.8945,1531.8776
24,5434.3516,18050.885
24,4534.9346,18555.729
24,6565.2812,7666.6753
24,14759.181,12478.578
24,7286.134,14991.433
24,6882.955,19687.137
24,9461.449,18931.027
24,14609.455,14334.338
24,4129.6655,19658.62
24,590.41565,17760.766
24,10487.8,2157.128
24,492.15073,5500.5107
24,11403.447,7285.1924
24,1623.4263,19055.246
24,2003.4554,18115.672
24,13910.368,5964.5117
24,4932.616,8812.393
24,15857.796,18221.314
24,4668.239,8970.629
24,12205.149,13702.263
24,13308.357,6523.8438
24,1103.4615,18626.39
24,4658.152,12196.225
24,8806.278,7110.6064
24,5061.827,9490.6455
24,19004.889,2865.807
24,15157.917,19230.78
24,5796.6934,12145.25
24,18208.766,9144.665
24,9213.377,4014.7698
24,7069.99,15619.02
24,7939.6787,238.95024
24,4186.108,2969.0508
24,17926.223,14669.678
24,6425.6055,2501.3457
24,5577.8174,14978.211
24,7712.5054,11269.469
24,8959.252,3988.1252
24,19018.525,13399.524
24,3542.6926,12125.303
24,1452.4586,8843.53
24,189.8285,14382.608
24,8614.659,14407.113
24,10459.073,16218.487
24,15768.044,15981.971
24,4532.1113,17044.758
24,15701.545,7596.467
24,14060.683,17721.686
24,11833.888,2671.5498
24,3349.0195,9780.468
24,12896.338,9272.542
24,5272.685,6585.958
24,16983.9,16349.341
24,7026.9663,10775.351
24,8767.172,14113.136
24,13669.915,996.6588
24,6675.466,8379.906
24,17985.652,17281.21
24,8027.3286,10541.829
24,3248.6284,4391.355
24,15081.329,6957.559
24,18106.72,14152.157
24,15360.176,1034.0829
24,15173.475,15631.948
24,10960.26,1751.4082
24,11236.486,18258.238
24,19736.03,19031.672
24,41.314568,5117.635
24,6094.8345,4622.135
24,19477.521,19989.342
24,11068.982,11320.36
24,5798.0664,17705.48
24,7835.426,15638.192
24,12961.813,2.716223
24,13334.171,9650.614
24,6875.6934,17807.348
24,12022.436,12616.5205
24,14505.75,5477.619
24,6622.769,13896.165
24,9025.342,5611.502
24,18568.14,16232.188
24,3099.2747,1628.1182
24,7664.5513,291.21747
24,12793.713,14945.211
24,11939.93,4116.28
24,1714.004,1486.9324
24,19661.57,15128.501
24,10804.371,11134.2
24,19368.172,16356.116
24,7829.917,7581.571
24,7240.7036,19907.787
24,10326.722,16000.347
24,6894.8027,3247.369
24,9486.172,4215.915
24,14931.06,17388.287
24,512.0903,14017.507
24,5239.7,10404.938
24,4722.365,876.9073
24,4681.547,2932.2136
24,2306.8748,12990.439
24,2249.2935,18326.436
24,17476.354,19328.328
24,17220.455,12139.513
24,7595.826,16817.273
24,9043.618,7039.821
24,14973.61,12170.223
24,8757.471,19975.408
24,13829.623,8508.541
24,15948.454,17929.822
24,11730.267,696.70807
24,7227.035,3958.195
24,234.78531,14432.855
24,12998.218,1873.7126
24,14091.866,11451.681
24,17222.154,15795.812
24,2682.1309,4327.556
24,9001.701,14173.189
24,421.72012,15324.116
24,4270.3643,4440.9033
24,9576.288,12335.742
24,12436.324,5570.0474
24,18927.473,6320.71
24,12528.239,15733.153
24,1959.5315,4696.965
24,5768.2305,4166.0156
24,5606.7373,19487.67
24,11115.918,18172.115
24,1028.5798,7046.164
24,9968.212,11951.229
24,3983.4607,16403.486
24,7264.1675,14093.354
24,12113.589,3876.881
24,398.27734,17014.617
24,15182.573,9513.968
24,1512.3793,1533.0979
24,5446.048,10515.666
24,11066.248,3181.7893
24,19416.08,5435.1997
24,8921.229,4062.6199
24,14218.6875,1554.7478
25,10000.0,10000.0
25,11894.763,14872.098
25,19046.99,12591.784
25,10241.254,16916.383
25,6376.503,9175.987
25,18527.398,7790.183
25,3800.5645,18613.379
25,17190.385,12567.111
25,8738.706,5680.65
25,837.71716,7756.047
25,17705.08,17413.99
25,18284.799,11472.665
25,12679.265,17060.49
25,14495.273,10622.257
25,19423.182,9480.301
25,4209.2773,14672.111
25,5489.4126,17419.06
25,16049.129,12280.83
25,13923.665,6464.63
25,1132.563,12810.291
25,14100.873,3356.7786
25,9119.971,18993.973
25,11180.791,4014.547
25,4585.032,2461.6326
25,8885.8125,3655.5625
25,4693.0625,7439.2476
25,4261.9697,11654.132
25,5874.9316,13769.171
25,11775.86,16116.314
25,12390.166,8873.321
25,4572.2734,2377.7666
25,10436.327,14159.687
25,15971.939,912.5122
25,10847.348,13118.671
25,14331.11,17591.932
25,5836.069,874.2985
25,1252.0732,11697.454
25,18085.951,1880.9828
25,6574.018,6377.239
25,5850.8833,16751.709
25,17595.344,10256.484
25,7127.8022,17547.105
25,7731.0317,11815.408
25,9331.027,11100.142
25,19292.8,11096.11
25,15931.498,13669.145
25,11959.307,11886.339
25,10282.183,7274.8154
25,18349.883,17821.625
25,1054.3544,15207.36
25,11325.073,3308.8057
25,12768.361,1525.6161
25,2818.7632,141.97658
25,13446.745,7664.893
25,16560.39,5478.228
25,8512.22,14553.095
25,13321.797,15572.024
25,7293.2593,16128.473
25,19623.006,9965.471
25,18666.434,1771.4906
25,3244.4702,1997.757
25,17881.406,9795.49
25,2491.3005,16797.316
25,13207.977,2182.1133
25,18329.797,1504.5555
25,11607.841,16078.783
25,6985.138,16141.463
25,16560.479,11766.961
25,3221.9402,1119.4321
25,10963.027,13600.858
25,17237.533,19523.3
25,185.64713,880.45123
25,2758.815,13445.725
25,11963.854,17662.328
25,13561.948,8633.967
25,15345.997,1989.7098
25,11307.484,18425.852
25,4466.989,6448.5015
25,5295.5996,19415.848
25,11572.709,14507.511
25,18271.234,14938.785
25,17304.014,1872.405
25,10040.186,14362.7705
25,2165.1594,14564.501
25,6940.015,12832.975
25,4084.8655,18097.668
25,19225.53,8694.428
25,1044.37,4718.1733
25,4572.197,10695.27
25,19237.082,10001.847
25,9048.573,13278.406
25,4536.838,350.77625
25,3913.5818,16802.19
25,19085.416,4705.9346
25,6833.121,18501.479
25,15336.243,10295.772
25,621.6883,14093.279
25,3190.0752,1478.526
25,5187.915,8805.404
25,9797.899,13131.524
25,15961.365,18122.465
25,19083.771,17864.25
25,14472.591,2281.9885
25,8413.916,12763.214
25,14758.812,10537.528
25,7027.8657,8070.666
25,7757.9077,18876.354
25,13849.481,1712.6893
25,15589.043,15677.866
25,8807.935,2435.3857
25,17269.03,1543.1831
25,1135.5535,12641.666
25,3866.8726,5917.7705
25,12853.429,9932.4375
25,13346.441,1182.9761
25,3307.7708,8925.708
25,2770.36,19065.094
25,1384.2003,16846.605
25,15166.278,10316.534
25,4627.652,12567.087
25,17383.03,12857.749
25,9344.71,18612.885
25,19142.33,18658.332
25,14188.195,16737.107
25,2378.3755,8254.984
25,3285.8462,791.4754
25,19522.639,10645.524
25,8403.947,16300.579
25,8467.052,881.0622
25,15063.725,16169.402
25,16637.146,18099.123
25,8988.62,7180.2393
25,12938.303,13610.529
25,5734.1177,3024.1672
25,4761.441,5588.2197
25,6498.811,9658.649
25,4287.2974,13869.039
25,18006.91,19579.697
25,1858.2072,13177.06
25,8347.254,2825.4368
25,17450.951,3885.8533
25,6840.664,3981.4065
25,7833.4326,10248.18
25,13229.812,5276.922
25,14157.661,6340.405
25,15951.969,19612.018
25,14384.659,2601.314
25,3660.0913,6644.4023
25,15298.139,9686.304
25,11230.853,15642.869
25,17456.525,9908.867
25,10733.56,14442.522
25,3471.6772,6838.895
25,4231.6904,11544.105
25,17639.148,17323.023
25,18059.25,14824.366
25,241.44537,11525.254
25,17655.123,16162.65
25,18582.582,12827.0205
25,8288.311,636.6052
25,8071.635,10535.514
25,13365.56,19706.213
25,19044.178,19575.086
25,12444.573,6656.922
25,10228.114,8487.424
25,9703.897,1123.4108
25,17420.594,4184.2505
25,14754.982,15877.409
25,6542.3843,902.6483
25,1620.8586,8790.642
25,4994.1924,7730.9473
25,12371.358,4454.769
25,15973.18,16510.271
25,1589.0698,15957.213
25,10312.023,17991.365
25,13160.171,2410.734
25,10545.364,15779.607
25,4406.5815,5601.476
25,16390.678,13373.101
25,6363.568,9558.782
25,2243.0989,18434.799
25,18355.129,88.44449
25,10475.696,1891.7571
25,18708.71,7896.169
25,19731.996,17033.111
25,3781.1038,11691.447
25,12933.437,8731.467
25,1478.2804,5831.025
25,9921.024,9269.958
25,11585.943,6443.4106
25,10583.156,5399.784
25,18481.28,17952.342
25,16521.113,15843.029
25,10217.865,1275.3527
25,11401.285,14303.675
25,13952.097,5359.059
25,13615.917,4900.8022
25,7085.158,6902.8286
25,18691.44,11254.535
25,13365.609,7401.222
25,12404.088,9592.826
25,2180.5085,3950.5593
26,10000.0,10000.0
26,10007.354,1349.8138
26,6591.071,15903.789
26,15626.03,14481.41
26,11683.416,5879.8345
26,1367.6395,11571.919
26,17351.955,10246.844
26,15007.115,16773.584
26,7772.243,11568.807
26,9815.798,9821.8
26,8566.289,8883.569
26,13701.297,14912.805
26,8683.2,16177.784
26,4838.619,5473.8193
26,17619.635,9929.688
26,13098.649,5574.0825
26,2649.0435,17130.46
26,16395.959,5292.714
26,18047.076,16612.312
26,13371.648,19804.549
26,14699.017,12108.567
26,6509.3374,11523.166
26,17845.559,14190.428
26,3912.3403,14622.427
26,6631.6436,12468.126
26,19254.809,9365.593
26,11812.334,15943.7
26,1417.4336,11991.6045
26,14379.27,13576.592
26,14399.297,882.365
26,19345.992,3323.9355
26,17194.21,9727.302
26,1734.6295,16415.94
26,14690.705,5116.7803
26,11055.507,11102.155
26,17419.646,16035.945
26,14128.711,16143.563
26,12021.7295,9371.699
26,14433.47,5502.509
26,7173.5693,10091.255
26,17149.795,3978.5867
26,3968.8472,7202.627
26,6194.099,16933.861
26,13796.056,5634.139
26,1672.541,3151.0845
26,279.92935,13296.107
26,16321.499,6249.277
26,1106.3999,18807.85
26,3973.8767,2487.6907
26,17972.756,14656.443
26,8226.073,2337.0613
26,17093.592,15425.165
26,14541.544,157.85663
26,3875.1172,5793.433
26,17280.893,17664.654
26,5845.077,8959.724
26,14380.075,3932.0154
26,6396.98,1999.6805
26,15220.43,13827.878
26,18830.848,1610.8469
26,17968.92,2314.4175
26,9498.192,14553.041
26,7352.4673,14224.82
26,5639.742,8381.444
26,11622.101,8762.06
26,3677.2021,1311.5704
26,9855.605,7964.694
26,12862.325,2021.5917
26,1398.4729,19031.799
26,3076.0264,10102.928
26,7283.2065,14751.527
26,16063.788,11708.407
26,2811.1667,961.4368
26,7347.56,1188.3019
26,1573.8508,308.2511
26,15934.64,10671.201
26,10357.286,16883.777
26,16342.575,14241.782
26,16761.492,17629.42
26,19505.15,2683.8442
26,4385.6597,3126.9456
26,915.3797,14652.954
26,7645.127,14117.583
26,15165.232,7506.603
26,12157.214,19751.85
26,16825.713,5987.9062
26,287.14893,15000.143
26,13357.495,14656.49
26,15288.384,12856.236
26,3678.7815,835.2155
26,5430.2695,18876.736
26,9119.003,6777.289
26,7290.224,18940.992
26,1009.68744,8286.548
26,10715.899,14608.085
26,10233.465,14324.418
26,9385.4,6182.0703
26,10057.143,8946.825
26,8687.52,14257.83
26,3635.5818,19624.041
26,18484.879,1590.4713
26,12002.325,5221.1646
26,19527.848,2179.2314
26,13638.85,7344.102
26,16730.244,2487.5654
26,49.533764,7986.007
26,14249.792,9194.508
26,17361.71,15926.422
26,13801.246,3382.4177
26,12916.691,2841.6912
26,19715.412,470.00558
26,14912.336,5702.451
26,2334.906,18431.146
26,1354.5447,16428.303
26,441.72684,3054.5947
26,9966.64,19969.389
26,4541.813,10584.4
26,16773.965,18655.188
26,3095.976,11302.212
26,7981.9673,1660.0474
26,16946.314,2312.3364
26,12574.926,8223.1
26,19805.768,18526.318
26,16118.024,4191.276
26,5261.5356,6929.272
26,13306.7,8270.7
26,14404.829,14450.799
26,670.92883,5266.623
26,1379.1876,13305.158
26,7698.4326,4443.296
26,8221.149,6234.198
26,7138.501,12274.274
26,4466.474,2357.8079
26,7690.372,7753.6616
26,19421.295,13047.381
26,12408.027,10974.45
26,3702.7095,10499.638
26,7327.1514,18498.258
26,5398.0234,16126.679
26,1388.6907,3751.3145
26,9364.65,19611.297
26,19641.727,1830.7482
26,3517.0007,11488.156
26,1899.5803,16192.14
26,17890.367,5125.6914
26,19285.844,3793.3477
26,16092.1,17986.379
26,7631.813,1764.7556
26,15726.286,2845.0903
26,4679.5625,13514.97
26,2651.1914,18955.2
26,6272.2603,3089.2102
26,17727.904,16775.885
26,7686.843,7906.1113
26,5471.232,553.46173
26,3650.879,12982.847
26,19752.535,18508.852
26,5960.4395,7440.2383
26,16560.787,9951.564
26,19408.34,12218.935
26,1220.2349,19759.197
26,2285.155,14165.53
26,104.882324,357.82666
26,15910.388,14993.066
26,13591.348,18334.096
26,354.95523,1206.9962
26,7132.917,18994.727
26,18806.553,19279.873
26,10801.198,13370.803
26,14963.497,9537.896
26,34.418934,13862.918
26,14404.725,9846.633
26,5292.7583,50.253693
26,19614.03,16222.708
26,11953.326,13024.501
26,10961.582,6875.71
26,7246.8965,13841.359
26,6124.211,5284.066
26,15558.9,13743.779
26,3984.148,2592.8853
26,6473.059,9921.434
26,10945.501,15760.607
26,11844.956,7499.6895
26,17693.121,2002.1425
26,17560.969,105.56011
26,15384.024,15066.523
26,1353.4125,7307.606
26,8148.0366,16795.758
26,14644.473,18532.785
26,17866.248,9883.074
26,7044.6553,2160.9463
26,7951.311,17724.701
26,4395.3438,6351.21
26,19332.65,649.2655
26,262.45465,9803.351
26,5690.9873,12823.712
26,14198.985,12656.142
26,12535.47,17962.648
26,2440.591,10537.182
26,9034.266,14023.569
26,6917.0996,18360.129
26,6032.333,4630.527
26,804.874,16526.453
26,13566.555,16417.246
26,13370.432,6448.6987
26,14207.971,10437.526
26,14364.254,490.86676
26,6720.529,4572.2007
27,10000.0,10000.0
27,11716.932,15267.232
27,5762.5063,7018.62
27,10137.015,10886.784
27,9335.19,8749.467
27,9375.321,8099.8857
27,9857.896,8508.927
27,14657.345,8681.939
27,12631.146,16114.618
27,10629.491,9374.259
27,2681.106,2543.069
27,12330.578,5227.9814
27,8276.302,19719.396
27,2157.5925,14928.007
27,1765.5756,642.1129
27,10957.937,7089.085
27,10331.965,11847.406
27,18401.865,2741.312
27,6011.1025,2479.563
27,5675.3784,18482.465
27,14641.972,11281.356
27,16257.547,3522.5442
27,18621.281,9649.399
27,8136.822,14263.601
27,19353.31,5756.162
27,14428.477,11470.07
27,9424.348,46.542988
27,7916.052,7775.0312
27,19509.494,3910.5276
27,4685.7954,898.8152
27,8098.996,19353.994
27,7515.3394,17156.484
27,2140.4092,7820.4
27,9406.4795,4179.897
27,1502.9376,16831.957
27,5694.941,6743.6953
27,13062.6875,1048.4075
27,4791.771,2231.33
27,15504.043,6435.89
27,9874.463,10962.176
27,18818.742,9259.36
27,13856.397,7463.4785
27,10874.702,5666.4966
27,12974.144,13854.556
27,100.353,17040.41
27,13014.962,16209.538
27,9833.175,13037.684
27,12778.926,2386.7698
27,10048.874,8159.611
27,8991.334,12726.682
27,9304.344,17826.594
27,1359.1011,257.73276
27,12896.687,6615.1274
27,8740.441,10183.503
27,1410.3811,5774.075
27,5352.96,17576.115
27,7145.5146,3129.5366
27,13373.621,864.48883
27,17688.998,4725.6006
27,13967.69,3073.8076
27,1511.355,619.3231
27,19205.912,15586.648
27,11213.215,17634.56
27,18055.38,19998.377
27,12223.125,10637.715
27,16296.021,6229.1426
27,8878.216,68.71947
27,8281.687,6115.7856
27,17836.0,7314.8804
27,826.2279,12472.737
27,6786.7393,2553.0627
27,7634.661,19592.773
27,12711.491,7397.79
27,15438.689,17938.47
27,3815.068,15376.201
27,15337.785,268.98294
27,18959.055,16286.5
27,15171.864,17056.756
27,12763.765,738.1869
27,6795.4224,18828.578
27,15535.366,14772.391
27,15431.216,13537.713
27,1886.2107,5814.9795
27,11887.331,9211.067
27,7405.446,16153.765
27,4388.275,15278.598
27,1655.2626,11338.006
27,2014.9335,9855.428
27,16966.633,3249.4697
27,3862.8235,18775.205
27,4832.8457,18884.719
27,16763.01,486.35077
27,10423.371,12783.653
27,19679.35,15869.872
27,1818.8037,12765.918
27,16794.201,942.2524
27,12568.855,17259.129
27,8585.739,2910.2544
27,18275.43,7217.482
27,11092.439,3866.412
27,5878.014,6797.5024
27,11499.818,16403.139
27,16093.953,10784.271
27,13133.139,8661.274
27,13584.797,489.3667
27,13076.139,1756.1812
27,3260.1519,152.15091
27,6862.7915,12267.339
27,5993.7,1934.7428
27,18457.885,10612.691
27,8378.803,8677.832
27,7486.497,8806.35
27,5199.218,9368.779
27,5440.713,8783.016
27,11670.3955,14875.876
27,5856.199,14946.546
27,1763.8835,5899.634
27,16051.461,6277.745
27,16937.201,42.235767
27,18284.85,9280.134
27,5731.9053,9230.731
27,15643.291,8716.876
27,8322.715,10061.185
27,6500.0674,2528.3752
27,3793.5571,18914.344
27,12180.422,3867.7668
27,10157.213,19430.604
27,7754.214,15482.427
27,5766.3633,8712.03
27,8123.8574,901.90393
27,8491.456,13379.046
27,19616.76,15584.59
27,10418.731,4310.569
27,16340.833,1790.2462
27,4392.5063,8486.858
27,13725.38,9179.386
27,8161.1694,8717.109
27,17868.102,5486.199
27,7701.066,11360.208
27,14725.321,6272.306
27,7216.356,17366.625
27,19013.754,5742.0723
27,11094.46,5992.7095
27,12050.236,14789.6455
27,19419.408,13513.206
27,8434.995,9525.284
27,8077.359,9935.064
27,3012.4001,8514.213
27,4109.048,8944.425
27,11374.242,2697.7483
27,3987.4988,18549.139
27,14985.927,9077.827
27,15282.883,1579.099
27,699.7205,3651.1633
27,11964.177,14651.734
27,18348.783,15388.915
27,16384.113,8602.055
27,10316.06,2910.9111
27,17803.24,3689.1157
27,496.04874,1861.7825
27,4902.428,15672.341
27,181.67633,17654.127
27,3943.0505,5065.112
27,9266.412,10117.788
27,11612.012,8602.289
27,13203.957,19996.266
27,17277.861,2620.853
27,14534.411,17036.875
27,13254.249,17191.373
27,13251.784,13753.013
27,3654.4976,18119.973
27,4448.6997,15376.188
27,5099.681,16495.781
27,5629.6143,15059.136
27,6124.8643,10771.295
27,9696.867,14796.727
27,1462.4862,10570.349
27,12131.193,6405.272
27,695.9552,4164.4917
27,14795.175,16066.736
27,3456.1187,4920.0396
27,10237.8125,5545.0923
27,9746.378,6868.749
27,14576.392,2761.736
28,10000.0,10000.0
28,16714.064,3542.503
28,19795.375,4711.504
28,1315.9713,4591.339
28,15700.068,7351.3726
28,13710.7705,13816.388
28,10970.564,15417.901
28,17226.34,8116.7856
28,15572.101,4705.7163
28,14804.162,9888.268
28,6299.7627,14721.516
28,16574.465,5968.2285
28,16605.58,3351.3958
28,11228.8545,12399.305
28,14870.685,13086.295
28,1579.1957,4413.5464
28,13765.775,2699.9004
28,4163.314,7608.9014
28,10550.816,18705.703
28,5077.5215,15836.525
28,9921.963,17281.121
28,15849.153,6199.4717
28,15718.612,11683.205
28,6613.004,19698.209
28,2670.4585,19161.082
28,7337.7456,11632.511
28,1492.3196,19511.32
28,12060.755,4991.4326
28,7805.4565,11497.755
28,9861.507,11795.456
28,6656.659,7484.5127
28,8109.7686,3671.6328
28,10218.632,11881.043
28,13981.216,12865.274
28,19925.268,19386.799
28,12187.012,3506.9739
28,7809.156,7236.4165
28,15786.966,17700.73
28,4869.459,1900.0513
28,2699.666,1962.0029
28,7218.667,11537.664
28,2251.2656,2407.5469
28,2224.485,81.8864
28,253.72581,14379.795
28,12171.576,15477.45
28,4853.311,4414.028
28,2397.3215,1498.2361
28,11517.902,6448.694
28,11210.863,339.65784
28,7919.636,5272.8076
28,7647.5537,8209.079
28,12470.544,16759.854
28,15763.366,16261.538
28,16738.248,11842.764
28,6994.7324,16247.321
28,14284.515,17833.016
28,11334.378,18585.46
28,17814.758,6136.485
28,16020.038,12713.44
28,19729.104,14128.684
28,19887.3,7670.6567
28,10496.523,2064.5386
28,10880.838,8502.834
28,13469.725,2611.693
28,16949.71,13412.015
28,5239.476,13400.817
28,5198.0317,4487.645
28,5035.264,8542.848
28,368.7321,3428.57
28,12197.402,4490.034
28,7566.2876,19274.305
28,7882.0044,3791.7073
28,11852.258,14107.06
28,2659.8518,19431.945
28,9320.342,14434.573
28,7314.5186,10369.453
28,4047.282,13824.036
28,5340.908,19713.814
28,533.69073,16557.447
28,1007.8244,11686.393
28,11446.573,19860.184
28,12091.734,6531.98
28,4309.788,19417.697
28,13570.919,9708.016
28,17005.602,14833.368
28,5552.4595,14252.849
28,14348.874,7780.713
28,16596.086,19620.67
28,19301.06,902.9169
28,15974.75,18275.303
28,10136.588,8595.947
28,15024.598,7310.271
28,6160.7983,14866.102
28,7368.7227,12317.34
28,8346.121,2178.1482
28,11746.045,12183.512
28,17504.217,2429.8916
28,1264.729,4909.6436
28,7258.543,5565.9053
28,9903.034,3321.967
28,1239.4939,10890.027
28,2535.1365,18951.822
28,13787.942,12376.367
28,17717.506,602.9104
28,15344.575,18889.95
28,14139.344,755.0386
28,19710.115,9191.453
28,10657.599,14621.393
28,6903.777,1877.5133
28,16250.177,2937.6572
28,3852.712,10968.532
28,15506.869,11085.167
28,11521.585,4221.479
28,12022.992,10311.07
28,6114.2373,17434.637
28,4814.42,7003.246
28,2246.204,9800.211
28,2057.7168,7742.6045
28,6427.719,15174.124
28,19176.404,9712.764
28,19671.262,8202.32
28,19189.84,18893.783
28,18387.29,17850.027
28,2852.842,12094.685
28,12313.263,168.52698
28,14143.047,15650.486
28,3975.2957,1060.1317
28,10697.954,16969.572
28,11725.064,12382.88
28,13922.277,17977.484
28,15395.075,17843.24
28,4082.4863,6673.125
28,14494.583,4890.6694
28,11766.198,1609.2156
28,17334.082,13994.812
28,4071.3477,11395.126
28,10519.441,8996.251
28,7291.874,6133.643
28,8654.207,19883.502
28,2237.0742,2002.19
28,8527.171,9645.409
28,10646.502,5738.9575
28,7780.34,14397.292
28,3863.2173,19409.28
28,19528.092,11725.821
28,5031.621,17884.184
28,19350.871,4116.6567
28,3698.359,2972.1807
28,17677.648,6587.0806
28,4868.821,15737.471
28,16358.48,17837.04
28,13835.072,745.4211
28,15051.032,5503.5215
28,17216.154,4544.087
28,8988.728,8285.977
28,11991.654,7874.752
28,15797.361,13092.762
28,2922.097,12206.33
28,3650.1877,3756.55
28,13836.465,10314.566
28,8510.179,16793.39
28,18950.557,2818.0808
28,9471.949,744.80096
28,9252.858,14932.612
28,18574.924,16124.303
28,5762.3647,12809.399
28,19764.352,17432.799
28,3790.8003,14341.327
28,19408.512,9753.301
28,7736.7646,5076.474
28,14657.144,17765.602
28,19104.133,12320.137
28,2127.624,18953.58
28,12691.477,15344.061
28,16930.096,8303.519
28,854.50336,6899.4204
28,5346.0264,19931.441
28,5520.7397,994.6351
28,3821.163,9812.963
28,9947.744,8348.234
28,10664.196,4950.8047
28,10449.837,14054.679
28,15319.366,131.07399
28,11577.191,11998.069
28,8769.774,4062.2024
28,13745.248,10727.497
28,10478.305,2993.015
28,6428.7603,2627.9666
28,3412.6567,9530.896
28,4673.3105,13261.592
28,9672.114,6638.509
28,2864.9805,8893.646
28,11104.874,1515.667
28,18931.562,14128.565
28,7236.7134,1402.2909
28,6736.526,18003.02
28,2799.8252,912.6714
28,4403.701,5464.0996
28,3893.8545,16525.016
28,5852.45,19493.766
28,7332.937,12097.412
28,6586.12,5247.5957
28,13431.463,13316.714
28,1559.7413,13097.094
28,11467.782,12056.042
28,4890.2974,19684.473
28,17015.37,16097.355
28,11111.834,1769.2872
28,17226.26,13604.651
28,14967.181,3795.0503
28,18356.191,16582.408
28,661.8411,528.06
28,6740.3564,63.584267
28,12567.832,18741.877
28,11158.512,9286.379
28,2215.9927,3385.3545
28,6979.03,8254.664
28,5763.802,19634.943
28,7050.948,1278.4001
28,782.67267,13538.546
28,18867.91,14846.31
28,5469.032,4163.1133
28,3206.4443,19967.74
28,15069.501,19216.861
28,7771.0522,14344.411
29,10000.0,10000.0
29,4092.0706,14573.397
29,16807.303,14554.243
29,9074.421,6483.576
29,3993.2124,15837.242
29,19986.518,10029.695
29,178.22246,8489.927
29,18603.418,10036.459
29,6217.9365,19176.03
29,10301.473,19502.203
29,11664.997,14830.586
29,10988.135,19288.361
29,3628.3914,7317.1484
29,1882.0161,2800.6384
29,4498.85,13493.181
29,18393.195,18308.324
29,3716.0803,17289.824
29,5819.307,14302.223
29,18705.232,280.67737
29,6916.7354,1286.3456
29,14812.727,13246.948
29,7740.467,19906.773
29,3243.1626,13231.724
29,17327.596,271.01508
29,6140.0195,5033.9453
29,13000.489,17179.037
29,1761.2698,5293.337
29,3419.3105,10259.709
29,14696.056,16362.129
29,13008.297,9803.355
29,14224.3545,1091.4948
29,18424.695,15819.803
29,2176.8877,12750.53
29,9728.685,9629.513
29,3556.5652,3908.0781
29,3184.074,607.3089
29,13472.416,1767.9708
29,5096.8745,11971.623
29,10232.417,293.04193
29,16720.84,1852.6993
29,8266.889,6607.9194
29,19558.555,3949.9148
29,16563.89,15887.076
29,19741.47,6971.1577
29,9826.899,12184.464
29,4396.9097,19563.967
29,9295.01,12762.823
29,16656.607,13627.4375
29,15431.874,16284.522
29,467.158,19631.215
29,16427.807,14160.384
29,17999.914,521.37427
29,11471.5,8837.034
29,13510.574,7967.468
29,7674.555,11434.363
29,13023.372,15902.281
29,3046.546,13353.021
29,12857.115,3085.4097
29,4764.7046,7619.326
29,5782.414,7293.2183
29,1885.9014,16302.967
29,19423.479,3079.267
29,387.00385,17370.533
29,6551.0767,16508.836
29,17834.578,16057.86
29,1184.635,5241.301
29,12892.876,9501.158
29,19613.836,12658.711
29,7301.0806,18978.816
29,6053.0513,13779.228
29,13177.057,1546.297
29,19280.41,1759.929
29,18165.857,9183.992
29,1148.3712,13914.72
29,18282.229,16614.2
29,6749.3364,16579.965
29,5861.7134,1364.3958
29,11616.037,6866.941
29,13969.566,12535.717
29,2990.3489,16344.104
29,3100.1138,5694.3784
29,6452.219,7818.1313
29,130.75716,12486.053
29,3767.9644,15969.482
29,11213.633,13398.556
29,1716.4734,10055.788
29,16701.861,14885.362
29,11721.938,976.22833
29,19372.545,17948.508
29,365.04498,12676.5625
29,15497.961,16653.926
29,11823.982,4045.5225
29,18991.537,3476.5703
29,2762.8955,6106.523
29,4581.4077,13635.286
29,14689.706,19585.158
29,17646.67,3394.0254
29,13086.925,15281.916
29,15289.233,13517.221
29,2735.595,18466.342
29,4052.6707,6759.664
29,3150.0203,8240.284
29,10071.013,12648.758
29,15127.551,13671.856
29,13149.577,13358.179
29,11978.225,3184.418
29,5128.09,15928.948
29,7908.516,8890.249
29,1438.3418,15108.221
29,13367.985,5226.7505
29,9805.795,12333.452
29,5237.4136,11770.848
29,18112.283,19458.209
29,15596.155,11575.273
29,9428.14,3943.7363
29,19398.377,11270.305
29,9083.708,6094.061
29,11049.217,19727.607
29,5446.1523,5458.664
29,12429.388,7411.554
29,19998.652,13613.858
29,11329.3,9670.249
29,10653.344,2585.1982
29,658.27936,15027.132
29,1374.2231,2610.335
29,9680.351,1986.7123
29,10482.527,17369.816
29,18219.088,12458.198
29,18710.016,19300.793
29,8546.885,12163.627
29,1054.9578,1941.075
29,19806.965,7607.855
29,11959.77,19703.188
29,18606.236,3400.503
29,16233.199,17037.83
29,2716.8218,13722.118
29,6726.375,15381.43
29,18163.357,17164.488
29,3421.7642,4871.981
29,14595.813,1363.1022
29,4512.9536,6734.5547
29,17055.705,12615.923
29,8349.874,1670.9623
29,13222.152,982.3102
29,9738.611,17155.37
29,14651.456,14816.947
29,2746.42,3445.5925
29,9369.827,18123.986
29,14727.745,13396.577
29,2169.827,4967.945
29,16595.62,1614.0671
29,8826.484,7455.039
29,1429.23,4482.727
29,4266.0483,7155.4434
29,16580.74,11724.006
29,8813.248,16200.423
29,12996.994,503.97888
29,7451.457,18060.525
29,13572.633,1574.6924
29,10967.168,127.32196
29,486.23972,15292.415
29,17327.727,5642.2646
29,4016.0728,17439.8
29,7999.315,4470.4395
29,5235.3237,233.85046
29,9065.72,16281.059
29,6272.137,12089.797
29,2272.6267,2398.0947
29,9469.305,3282.8638
29,9144.936,2637.4365
29,6047.3677,6412.395
29,16455.494,12345.388
29,14761.102,6992.9023
29,7343.118,9368.028
29,13447.756,13199.523
29,4483.632,10220.619
29,18340.025,9814.845
29,4416.9727,4340.9575
29,3666.9636,881.18256
29,11394.823,18319.334
29,9935.296,19625.094
29,18116.44,15415.949
29,2232.217,1960.4972
29,13247.111,30.189829
29,7078.2705,19271.01
29,6720.8813,15989.023
29,4536.9834,14894.224
29,4949.557,13259.921
29,19179.021,18821.598
29,15418.33,10299.091
29,11528.505,808.0651
29,10243.137,5602.0723
29,15494.235,26.459938
29,12207.22,19622.361
29,950.7703,16778.32
29,16345.025,9175.211
29,17989.467,15279.457
29,10533.053,314.75427
29,10110.394,7040.7334
29,15822.207,5310.57
29,15131.803,8350.614
29,9644.573,12048.348
29,14369.798,958.18036
29,7031.663,8682.971
29,1710.5397,8780.375
29,8903.763,11018.056
29,8979.515,2593.048
29,6504.5273,14840.401
29,327.669,16306.427
29,19824.336,18290.709
29,18344.627,18748.873
29,14252.399,15351.08
29,15884.874,5505.8755
29,1922.8529,10299.329
30,10000.0,10000.0
30,7974.7056,8748.139
30,16726.436,17225.67
30,11090.919,9118.36
30,18141.643,10760.521
30,9722.534,19783.54
30,16706.523,15029.551
30,18401.203,9885.208
30,11081.191,8120.988
30,558.309,19313.666
30,13958.084,14848.2295
30,8711.9795,18417.666
30,3590.0596,8846.362
30,3575.087,15952.262
30,3449.5269,19087.143
30,16466.557,17303.363
30,10750.548,7331.8687
30,6402.229,3058.2915
30,13243.2705,12715.148
30,16829.795,5037.634
30,15933.496,10001.787
30,18155.201,19999.45
30,10732.051,9151.811
30,14657.321,4267.755
30,18480.84,5295.946
30,14711.504,10837.173
30,19159.316,18504.557
30,5542.1694,862.84424
30,10408.05,4103.082
30,2281.035,13256.627
30,6412.1587,12048.988
30,13312.137,17242.646
30,53.41908,339.2632
30,13326.811,15433.358
30,3924.848,11621.632
30,11295.9,2533.7585
30,11664.67,10159.121
30,16914.916,5787.1846
30,16961.498,10734.451
30,3565.3704,19365.354
30,15754.882,17572.63
30,16457.182,1469.4331
30,7635.511,10710.217
30,7189.274,8591.593
30,13303.802,10188.822
30,19107.432,14347.613
30,2546.48,13973.765
30,7748.1704,16358.827
30,9984.092,9103.572
30,7995.863,454.15
30,12457.662,5680.5396
30,14905.864,11933.712
30,10792.809,15023.029
30,4850.537,12047.052
30,7207.859,14601.424
30,9404.533,10301.785
30,11001.0205,6214.135
30,596.2686,19032.785
30,3075.4517,7011.38
30,5344.9497,8330.443
30,5897.169,10602.0
30,18758.28,17952.635
30,15831.824,18298.107
30,16090.292,4282.399
30,6396.9106,2080.62
30,2636.6965,10506.288
30,16679.115,2258.8394
30,16830.76,5935.7456
30,18425.604,8388.162
30,2536.7678,8524.705
30,12236.487,377.27267
30,5812.4355,19533.877
30,15831.192,6982.118
30,18294.873,13062.976
30,19652.154,5603.0645
30,6025.939,1665.9624
30,12020.144,7513.5376
30,18231.412,14645.368
30,12021.239,4832.978
30,7832.8867,1607.3998
30,18723.705,5014.225
30,390.79803,11264.678
30,14669.443,17048.709
30,10101.332,15762.88
30,18826.98,7906.002
30,3474.0806,10499.928
30,589.87115,6010.0376
30,19885.492,13849.852
30,9833.155,5543.8955
30,1129.221,14748.326
30,12486.726,11853.631
30,13439.945,10732.974
30,16892.828,17004.871
30,18420.176,19387.635
30,9960.819,13911.588
30,14543.167,15955.558
30,15100.744,15883.055
30,8047.3096,5882.6606
30,11938.929,8813.313
30,17487.572,2580.9478
30,4947.5913,15132.549
30,4468.726,4204.347
30,15721.87,16995.252
30,13698.93,17640.07
30,7851.0664,8169.801
30,11692.89,19074.52
30,2375.4858,14548.396
30,13951.846,12908.663
30,17613.947,9389.261
30,14375.996,16115.897
30,8100.377,149.02629
30,10401.407,16397.215
30,2608.8408,18736.932
30,16975.078,18098.812
30,14064.063,14012.551
30,6715.222,1865.8837
30,8603.406,15021.606
30,19939.725,13797.985
30,14545.341,662.7591
30,18786.441,16503.736
30,8642.245,19192.312
30,17827.566,751.1323
30,13843.782,1062.5326
30,885.9394,9886.264
30,13912.1455,13927.864
30,5671.0312,18148.688
30,4227.2407,7900.375
30,236.41267,17933.617
30,295.7866,13504.44
30,1400.91,509.2974
30,6153.039,9954.767
30,2790.1785,18475.264
30,14351.64,12254.604
30,7473.887,17510.334
30,13731.3125,747.53796
30,4319.043,16727.254
30,8301.1875,11394.193
30,3803.528,15113.491
30,11135.613,10146.674
30,18317.969,1181.8568
30,4924.5864,14658.692
30,975.6808,18772.887
30,2051.569,13939.029
30,5521.441,6401.572
30,19760.77,18474.607
30,13005.374,9164.836
30,3110.3232,7716.0156
30,1266.6798,12033.123
30,1411.9913,12011.243
30,446.7202,9692.167
30,16482.691,16359.016
30,861.3923,14218.253
30,694.4435,10283.895
30,19792.135,2344.14
30,8981.605,5141.506
30,412.161,12284.692
30,6441.935,8206.634
30,6119.951,7270.3145
30,13075.864,6895.4897
30,16812.637,773.64557
30,13692.653,6907.2144
30,13653.46,300.56717
30,19271.53,9495.568
30,3410.3247,3939.971
30,146.61844,6851.5117
30,6969.9824,7177.9434
30,851.2966,575.0624
30,4558.0933,5667.637
30,11536.674,745.31116
30,11462.104,18495.44
30,10764.656,5954.895
30,3347.4094,12225.884
30,6792.3604,9080.226
30,19525.475,14839.677
30,15667.187,19001.54
30,5271.1753,3818.2236
30,10615.235,14040.657
30,1466.8203,15036.656
30,9722.862,6095.1323
30,12272.545,16340.555
30,2980.485,9961.753
30,18733.758,16940.791
30,18472.783,1303.6567
30,19864.154,12408.569
30,17378.365,7452.1113
30,10126.773,3293.1758
31,10000.0,10000.0
31,9032.803,10612.075
31,1820.4409,12064.34
31,5733.2363,19345.256
31,18495.688,9340.224
31,3552.938,5434.834
31,2466.5935,2652.2068
31,10735.764,12088.641
31,18360.172,11480.107
31,16489.299,6941.5796
31,3089.452,230.15332
31,13101.203,8879.655
31,5910.9785,9073.814
31,9832.141,13622.628
31,9493.906,15625.548
31,2641.6355,6306.678
31,5381.4165,14998.196
31,3671.425,2441.6655
31,10326.617,13560.578
31,219.79816,1496.3336
31,6311.5156,10400.91
31,16716.217,5867.123
31,9320.132,3610.694
31,7340.8594,3358.9314
31,11869.249,11743.347
31,2722.797,16102.371
31,13588.275,7016.158
31,487.59354,5789.189
31,4395.009,15111.822
31,9557.973,16308.844
31,16308.639,15043.893
31,11927.566,10763.62
31,7974.4937,11630.093
31,18159.053,13104.549
31,4733.781,9344.509
31,11260.384,10151.129
31,4843.064,158.40207
31,15719.034,8228.16
31,8002.149,1271.6315
31,6063.816,15311.834
31,19351.984,14024.991
31,864.7496,17799.344
31,13539.071,19517.457
31,14906.23,7490.2925
31,6834.7314,6915.498
31,7377.563,6327.8257
31,18361.172,3860.3462
31,14595.659,15843.183
31,4010.2231,3047.5427
31,6068.7007,8994.781
31,8672.305,2981.8462
31,4952.8345,708.2486
31,5472.145,8112.5986
31,10322.694,2943.0112
31,7350.9937,18053.459
31,13919.256,5481.5317
31,18923.758,9321.337
31,9512.672,15764.501
31,7343.1514,2248.6873
31,14022.462,2249.4917
31,4644.4707,13670.913
31,17583.29,5684.247
31,18223.81,17912.85
31,19904.14,16538.596
31,11461.777,18883.244
31,4447.4883,10555.78
31,19315.342,11589.812
31,2793.582,10807.993
31,15177.257,3596.5437
31,1404.529,17690.164
31,9527.107,13977.433
31,11832.019,19548.46
31,4349.5327,2014.7471
31,7505.6104,5506.9663
31,7326.744,14271.926
31,13200.997,19937.783
31,11439.882,9329.756
31,18390.875,6693.4053
31,8454.742,10356.086
31,7476.158,10694.316
31,351.0851,13922.673
31,8920.327,2584.7368
31,9405.278,5619.8022
31,7677.5522,3343.215
31,15820.371,8873.289
31,14086.537,12852.25
31,2902.4087,17791.602
31,3884.9841,8141.0156
31,233.00629,4921.731
31,15569.331,10187.013
31,3587.7397,4659.0596
31,13984.301,8096.1675
31,19977.805,6141.0063
31,4698.8115,3629.2588
31,10260.781,8540.823
31,2702.423,278.26935
31,16881.04,11175.155
31,6595.854,17152.387
31,18767.068,14314.853
31,311.11545,14166.977
31,12095.156,19730.559
31,2385.6362,9543.322
31,13280.778,11171.301
31,3018.5088,12137.126
31,5855.575,19232.318
31,7243.6978,17474.582
31,9864.438,17681.451
31,6946.272,1064.6748
31,10315.06,662.8143
31,10043.656,7793.2344
31,5453.0845,4911.13
31,19337.63,8077.307
31,15839.374,1457.2139
31,10642.256,14420.574
31,5144.4937,15920.702
31,7316.179,6588.786
31,11518.966,18803.73
31,3715.7034,9906.175
31,2800.708,15184.427
31,3452.1829,8333.143
31,7556.562,552.7761
31,15519.864,258.78
31,7771.654,5990.1494
31,18439.262,12114.921
31,1062.826,11505.232
31,13239.584,13309.983
31,241.67061,4585.921
31,11769.472,15138.454
31,7429.1333,5011.093
31,8366.1045,11867.661
31,688.1339,11302.888
31,6290.4424,5360.621
31,10551.931,81.60799
31,19157.256,11153.181
31,12512.854,16728.875
31,18454.373,13049.963
31,3388.0078,1765.2722
31,11294.61,16553.064
31,7000.4995,15798.639
31,16629.104,4672.7476
31,11093.794,9105.64
31,11131.234,14269.157
31,14353.929,2724.0974
31,2608.262,19363.17
31,13359.224,18037.734
31,7803.363,6292.0757
31,13814.619,15274.282
31,152.73056,15324.405
31,11283.152,4128.262
31,8291.982,1537.1605
31,8536.039,9444.407
31,11886.78,1281.2178
31,6182.954,4921.6226
31,4270.4585,2594.163
31,11821.196,18574.203
31,15688.553,9956.757
31,5155.2124,2485.6074
31,14215.303,3123.4763
31,15739.579,19751.393
31,18797.71,15430.476
31,9917.876,2525.752
31,18944.898,14745.947
31,7980.379,19550.893
31,9024.877,19367.31
31,19715.547,13386.072
31,17665.822,17108.352
31,905.67426,7601.3813
31,5.4013367,6420.5312
31,17632.873,11784.779
31,75.93154,17057.201
31,3650.8726,4655.0674
31,12961.259,18208.648
31,8805.6,15685.727
31,5112.8813,5731.481
31,8576.551,8636.941
31,15591.675,14010.6875
31,18863.99,19902.97
31,11776.239,12891.095
31,15142.163,11272.589
31,13062.604,14485.21
31,11708.651,18917.855
31,7160.036,4761.446
31,1365.1979,7636.8364
31,14840.737,15740.408
31,5394.71,15660.602
31,8569.991,6414.835
31,2818.9338,17815.309
31,4189.91,14441.859
31,16153.256,6623.504
31,5779.822,8202.922
31,11710.33,9407.702
31,14270.36,6803.438
31,10048.97,19999.33
31,17841.533,1372.5149
31,10363.517,12330.744
31,57.675922,9449.2705
31,7502.0063,2667.3918
31,8050.928,10673.422
31,17661.12,15362.179
32,10000.0,10000.0
32,17180.668,14423.223
32,13126.192,14813.516
32,19363.54,4493.3765
32,4352.3535,3710.5334
32,5414.8433,2951.2896
32,11530.475,15362.686
32,18543.46,1615.3984
32,4972.0894,14051.358
32,16652.104,12395.58
32,16818.986,6616.3916
32,2344.6008,15035.703
32,15123.797,2965.2737
32,3742.9282,13398.731
32,7930.206,4409.3877
32,12244.09,804.73486
32,9273.007,15602.103
32,15725.673,8020.6333
32,17792.21,15944.513
32,8665.814,3386.9158
32,10503.42,2113.9492
32,16578.65,12084.104
32,588.6885,5505.6953
32,6388.365,15490.351
32,9544.215,12824.93
32,3471.6726,14769.739
32,4148.4766,18969.94
32,12172.845,12219.48
32,974.71735,19823.023
32,412.94614,3549.2788
32,12389.191,18181.758
32,18490.203,13937.374
32,11473.881,9307.316
32,7694.184,8741.519
32,13472.6,9851.547
32,1072.73,4148.8086
32,289.6709,7541.3647
32,6842.173,19625.527
32,5482.897,17525.143
32,1491.0474,4703.454
32,6670.2485,6025.2075
32,8379.122,14114.522
32,11434.596,34.08135
32,8675.143,3440.9312
32,7889.523,12636.132
32,16186.047,1058.1085
32,17600.275,15745.475
32,16505.215,8545.291
32,18808.283,19777.814
32,19284.42,11923.945
32,16398.354,16348.676
32,17684.805,19810.135
32,17241.867,1787.9011
32,8902.175,14026.278
32,15076.17,13241.876
32,6978.8223,14046.479
32,8637.841,16287.116
32,13184.893,15144.416
32,19334.854,2488.672
32,1970.0415,6887.4644
32,5460.9214,14261.366
32,1191.0516,4465.688
32,7969.8164,12327.364
32,7282.8613,11625.918
32,19753.158,13474.774
32,18831.588,6073.4653
32,5221.8535,3906.722
32,2777.688,13832.24
32,10666.049,19219.967
32,5455.79,7346.261
32,3687.7334,2187.2627
32,10965.796,2031.432
32,7150.2954,11568.852
32,2729.017,752.1079
32,8636.512,11994.146
32,13541.413,2957.952
32,19542.64,11413.373
32,19573.96,11780.803
32,18557.117,6647.908
32,4550.068,6325.7085
32,12038.792,16391.502
32,18024.852,9997.914
32,6188.2817,68.61337
32,10686.221,18081.576
32,12378.507,8330.159
32,14945.807,3961.4775
32,16605.354,12510.07
32,7727.7583,17017.758
32,5658.2773,16059.133
32,15280.386,13891.164
32,6161.9814,4793.511
32,19851.238,1716.6163
32,13772.376,1980.7068
32,1472.6492,6187.8496
32,6710.757,8348.345
32,14043.188,15545.18
32,1398.5852,17629.408
32,12116.603,19356.686
32,13976.07,17061.342
32,6527.571,13907.069
32,16918.816,19116.111
32,1962.6455,14522.697
32,2041.3413,12350.205
32,16068.14,12485.436
32,1839.133,2410.227
32,7630.0947,19733.967
32,8270.239,14500.639
32,14670.532,18500.61
32,1137.0198,3807.912
32,10598.949,13430.767
32,5845.0044,14769.386
32,236.16176,3469.3467
32,19346.672,5132.249
32,2032.2424,19642.629
32,14191.559,4639.5767
32,11806.09,706.00354
32,12634.432,7824.686
32,7560.6855,15346.957
32,9599.263,335.76266
32,15297.998,18093.297
32,19666.014,10748.777
32,11059.772,5930.259
32,13237.658,7114.0303
32,5895.0273,18528.88
32,12829.436,6292.44
32,7283.268,14258.725
32,17841.4,16734.057
32,15036.016,8051.8013
32,7225.7583,2546.2842
32,15861.441,1499.3689
32,8043.7515,10768.202
32,9668.432,19621.86
32,6028.0083,15269.561
32,14202.712,13457.843
32,4610.823,13900.657
32,8233.85,9634.829
32,4081.1213,17744.486
32,13248.724,9613.375
32,18001.523,18561.2
32,6116.906,15227.285
32,12977.748,9104.863
32,6800.882,19494.549
32,1381.7568,11023.037
32,328.07306,9336.345
32,12530.552,10261.358
32,13363.377,7596.7812
32,10774.553,1895.0575
32,11368.519,16984.064
32,13924.709,8787.672
32,15670.465,12192.979
32,17354.582,18916.168
32,6469.181,3515.7764
32,8103.3057,3363.2214
32,13803.152,3211.352
32,15155.973,3573.056
32,10460.21,4937.4805
32,6298.4956,12004.928
32,1266.216,9022.505
32,6758.0264,13377.815
32,3708.2258,10011.807
32,17864.451,10069.532
32,14311.096,18157.057
32,19632.047,8542.154
32,8877.048,3316.6812
32,15644.855,760.5596
32,19306.838,12593.192
32,14110.855,15342.475
32,10416.945,6139.5195
32,7259.542,7673.9097
32,1346.4391,12936.681
32,10362.127,13416.369
32,3932.1035,16861.514
32,14836.597,4479.1777
32,4295.8716,6017.638
32,3276.7842,15491.286
32,16365.621,19545.377
32,7408.483,16995.715
32,4756.2173,10144.651
32,15884.502,9429.332
32,11789.962,8190.9263
32,15683.918,127.86908
32,14532.47,7963.363
32,11375.027,10674.972
32,630.51434,7216.0454
32,7786.854,8778.066
32,16109.003,4019.1477
32,6930.2153,13384.734
32,3494.5212,15677.463
32,16311.489,2405.923
32,18176.855,18915.662
32,18155.33,6740.5835
32,4096.2036,14467.911
32,5100.7866,18036.146
32,15073.012,5923.9644
32,7940.1094,18138.059
32,3643.1775,10799.295
32,17632.732,13308.727
32,3155.969,9605.877
32,17323.715,18308.389
32,10763.188,16732.064
32,5933.229,2572.1448
32,18833.03,18640.162
32,6903.1016,5510.998
32,7497.6416,2189.9397
32,5681.0796,2834.3215
32,13302.555,14719.685
32,14714.012,724.6477
32,18319.064,14348.685
32,8329.22,16953.01
32,7663.2197,15723.066
32,13706.756,6112.182
33,10000.0,10000.0
33,17266.676,5813.304
33,5839.935,5814.8184
33,12869.088,6339.842
33,19797.488,17012.111
33,17528.58,16228.151
33,7309.883,13080.416
33,12511.657,16762.646
33,4434.586,2073.8367
33,8867.189,2601.3157
33,8260.751,3570.0188
33,1226.6011,8341.657
33,2482.3074,5914.2324
33,2051.3176,9041.582
33,15197.935,18843.102
33,1468.626,6186.8115
33,7111.759,12769.292
33,15448.638,19286.033
33,4996.118,15072.166
33,12688.645,19568.08
33,2280.3376,12749.916
33,18711.797,8830.774
33,16647.074,45.87608
33,2789.9263,597.33594
33,17363.488,12631.1875
33,12796.267,14503.368
33,15143.3955,580.08374
33,15443.098,16476.092
33,4006.1086,13930.358
33,15509.452,2593.78
33,18365.967,9669.769
33,11952.876,7762.7217
33,14772.9795,18235.994
33,5469.038,19429.547
33,15789.994,12201.995
33,12893.498,19756.459
33,2217.458,6475.121
33,6635.777,16776.082
33,13535.015,11708.469
33,9819.871,3203.9634
33,17612.195,6416.344
33,17921.326,9630.411
33,6775.7954,19176.428
33,8792.813,6431.723
33,17948.12,6781.771
33,3159.5066,5345.729
33,2249.783,13295.018
33,12530.84,19877.193
33,16616.963,12405.478
33,16410.947,1048.2336
33,8885.784,17286.438
33,2359.5305,12591.938
33,3224.351,1688.2925
33,2625.22,17198.1
33,2717.224,4228.5015
33,13108.949,17055.137
33,8154.65,1289.8617
33,9921.901,1653.0725
33,16618.459,19400.248
33,14418.973,8792.889
33,3004.084,15594.272
33,15209.282,4058.1787
33,18600.85,1520.9277
33,8868.215,9512.579
33,11142.721,10331.702
33,19003.438,12657.783
33,6521.6094,19807.736
33,1580.5477,2965.5298
33,300.9331,11271.987
33,19965.24,8210.964
33,11466.253,10239.05
33,9200.22,3143.4548
33,2046.332,586.16876
33,199.39606,19422.117
33,9350.126,1884.9685
33,16565.86,10245.333
33,3319.4648,11814.824
33,3421.4956,6031.1426
33,9985.351,8062.761
33,2943.1382,19381.969
33,4146.099,17532.826
33,11081.465,10089.362
33,19088.445,8984.493
33,1927.6643,9133.407
33,14756.24,433.4147
33,18372.29,6344.336
33,8812.731,2740.382
33,3907.8906,7037.0166
33,14757.379,2410.9636
33,5560.321,15875.521
33,18368.012,19759.932
33,5497.2495,7523.089
33,6986.034,17968.508
33,13734.38,5094.616
33,308.57364,9400.787
33,9758.202,17615.701
33,14346.424,2975.7603
33,1971.1982,144.31865
33,17568.967,14861.403
33,18889.977,11221.128
33,6146.4233,3315.2415
33,2869.756,14790.39
33,11128.047,7011.0254
33,18854.45,5111.303
33,18309.398,4171.967
33,5614.5273,6090.0938
33,18303.686,12718.626
33,18432.352,16505.137
33,9753.443,5134.435
33,11664.706,12111.376
33,8457.599,11608.938
33,18703.111,12722.105
33,19807.03,13282.624
33,4036.8098,10634.693
33,13149.309,7352.1313
33,5528.023,4028.552
33,5.100927,17960.36
33,9970.939,403.44153
33,8642.753,6527.305
33,16497.033,19278.303
33,2996.9949,6538.4434
33,16109.462,6620.5547
33,14642.79,5555.8022
33,3271.1504,2777.9814
33,1704.6923,4188.3315
33,15083.185,3363.4111
33,16650.166,6595.355
33,2071.8074,207.3378
33,6788.4595,1328.4996
33,14778.362,5337.428
33,6184.6323,19347.879
33,8684.466,7064.951
33,5514.362,3543.3152
33,502.5805,12021.516
33,4657.361,11601.601
33,9825.683,9144.948
33,1575.5597,18708.307
33,615.014,6034.256
33,7720.274,16166.566
33,7143.9546,8244.211
33,15643.789,1626.5162
33,16782.82,3661.771
33,11973.589,139.71251
33,5144.4487,5130.903
33,3591.899,18015.88
33,13866.05,18285.754
33,16216.637,492.90564
33,11071.577,10344.39
33,17335.115,8856.619
33,2352.6926,18158.717
33,14438.845,2453.3435
33,13919.349,16498.129
33,7243.868,11718.226
33,18251.266,4975.434
33,5045.545,19986.598
33,4664.891,2406.5178
33,10748.326,688.55273
33,12402.766,18633.25
33,2964.2932,10857.502
33,3466.9219,18622.78
33,12109.431,12729.675
33,3292.013,12477.452
33,17579.209,8488.025
33,9530.679,4684.598
33,6486.846,5393.574
33,16021.363,17419.086
33,14073.879,13153.433
33,17192.377,19259.387
33,12851.178,8219.556
33,2303.856,4496.456
33,6917.623,3421.3064
33,19217.475,10039.35
33,7421.016,6541.982
33,15834.929,158.95976
33,14483.168,3875.725
33,16895.174,15129.367
33,8143.6997,4431.1714
33,13266.456,8554.648
33,5881.2563,17886.627
33,7485.0454,16899.094
33,18677.2,12453.551
33,6334.905,2923.1223
33,15724.347,17188.633
33,5012.308,19161.088
33,15196.607,15705.59
33,3401.265,6397.7427
33,19061.908,8821.199
33,12949.109,242.02005
33,10429.597,6662.198
33,17245.037,7289.747
33,12797.445,14821.927
33,6498.1743,18077.55
33,5985.723,7438.0747
33,2632.8547,13420.564
33,4618.564,536.0498
33,14767.51,18850.088
33,13929.302,16090.783
34,10000.0,10000.0
34,14996.407,6048.3643
34,12217.498,9749.387
34,6530.8247,8942.509
34,17741.895,3431.9182
34,19946.379,18569.498
34,11093.896,8346.82
34,2047.863,18098.184
34,8069.201,18782.502
34,14136.983,16515.352
34,9384.937,19015.678
34,8771.919,19170.662
34,1765.5203,13679.459
34,3746.2488,13597.187
34,15404.234,19482.816
34,7741.3667,8200.738
34,17583.35,9492.206
34,2758.9722,5354.913
34,12860.084,15423.915
34,16021.984,4244.579
34,11447.797,19530.54
34,6367.2466,8245.553
34,13186.781,18191.053
34,7961.4893,15937.389
34,9631.742,13133.382
34,132.95093,12574.343
34,5312.962,14291.733
34,12233.188,10347.427
34,8443.172,16847.53
34,144.75636,15577.345
34,6094.896,10367.904
34,12276.713,13931.729
34,12755.075,1147.6118
34,1826.7638,14851.734
34,14176.263,1141.4839
34,8036.5513,5085.569
34,9045.968,7771.4146
34,15358.705,10729.022
34,6666.1562,17622.375
34,18610.924,16825.484
34,18889.121,6964.5127
34,8718.524,11329.387
34,1914.3156,1582.5872
34,7502.8154,13465.944
34,5216.3447,3456.018
34,16474.486,3916.741
34,1716.035,17417.678
34,5745.3022,6383.9985
34,2664.1135,8141.551
34,3960.433,17360.467
34,4829.969,5436.3467
34,8278.681,15146.111
34,16436.457,6765.7344
34,13773.33,9606.144
34,16860.844,6495.7983
34,16587.559,6736.597
34,6247.684,4761.229
34,6083.1636,1401.7627
34,9995.597,12223.627
34,18521.264,5262.4688
34,3746.3618,7782.9146
34,1570.6201,14461.886
34,17201.822,9104.833
34,11965.573,5513.2334
34,14377.899,2834.976
34,15374.846,2391.7703
34,5977.4863,14430.636
34,19922.078,16514.236
34,2242.1418,8444.941
34,4595.0015,16704.469
34,16142.28,2450.005
34,2617.0552,12639.786
34,19422.627,7908.377
34,6371.8047,6125.991
34,18656.893,4129.699
34,2659.1885,17398.314
34,13446.547,14053.378
34,2112.0535,19652.777
34,3793.2021,15677.404
34,14576.438,19804.854
34,10968.548,18837.945
34,6290.048,11500.49
34,4225.0386,14769.262
34,1112.6289,16176.717
34,3779.326,18317.713
34,15539.33,3809.5117
34,5264.7964,10121.218
34,14430.6,17899.932
34,2008.1913,15513.554
34,2523.842,9810.867
34,6240.6646,4819.841
34,17622.748,4631.8096
34,2306.1501,13612.198
34,5602.4834,4592.51
34,2535.6968,5106.3823
34,8060.3735,9287.907
34,10672.643,16859.645
34,7902.458,1425.7489
34,16693.055,11494.7705
34,11161.553,11577.365
34,8124.8794,9718.093
34,6976.073,5822.936
34,9537.334,13591.689
34,10200.787,19716.264
34,6014.06,9915.327
34,9925.699,13639.411
34,12493.422,3310.1355
34,10712.006,15064.8545
34,9142.189,14716.717
34,16879.592,11466.256
34,11385.388,299.62845
34,493.74814,12039.15
34,10877.088,663.3678
34,15253.3955,14281.047
34,19619.86,19367.643
34,15053.378,11613.611
34,16702.826,17599.09
34,2775.248,13322.309
34,10431.257,4887.8906
34,5424.6367,18259.225
34,6161.0176,4137.5293
34,4750.483,18142.969
34,7475.498,8497.248
34,17813.438,11002.034
34,15399.824,258.59198
34,6929.881,2976.9238
34,7153.3174,13269.456
34,777.77716,249.48894
34,7159.837,12686.266
34,3669.6877,9619.127
34,12596.564,14312.448
34,14200.65,10428.0
34,15827.415,13569.946
34,14161.5,15568.339
34,5334.0615,1403.0415
34,16651.059,17454.35
34,1111.3116,17635.004
34,17429.516,2983.5867
34,11776.849,7406.0015
34,14401.14,12897.3955
34,19801.582,19235.209
34,11551.437,12531.427
34,9524.073,1718.0535
34,6235.421,12457.07
34,14137.697,6577.943
34,18016.691,7181.2563
34,2125.9302,808.7231
34,6359.2827,18380.629
34,13816.198,11269.92
34,12372.458,882.98846
34,8042.8237,17451.244
34,9288.227,4883.319
34,10526.817,10251.162
34,6513.3174,12289.124
34,7533.7534,12040.075
34,18121.98,75.94434
34,2707.8171,18784.115
34,12565.25,14798.115
34,19268.656,4489.6377
34,8136.018,4941.8276
34,10663.282,635.5109
34,15891.689,15022.1
34,4858.312,17033.33
34,12537.265,832.46277
34,12750.992,11403.821
34,11199.912,15276.777
34,236.8337,7710.7925
34,1802.5189,3471.9673
34,19657.754,16877.19
34,13915.374,19288.756
34,3286.0798,18122.15
34,17565.174,11298.82
34,12295.476,8500.81
34,4874.8306,1549.5039
34,9757.308,7253.462
34,5008.4653,6579.7827
34,2223.0442,7269.548
34,6609.406,1324.2557
34,416.5533,13207.974
34,4518.5894,11581.001
34,2444.1995,7874.0264
34,5840.6387,10612.43
34,1408.8689,16877.492
34,17800.553,9171.0205
34,4973.503,2121.2766
34,5266.416,17455.92
34,16363.8,8442.539
34,8470.278,16311.262
34,5562.2812,13476.423
34,8410.336,1110.691
34,13497.4795,2436.6887
34,5109.0156,8377.188
34,17304.947,4299.498
34,14904.395,11037.502
34,8489.966,4343.026
34,4233.451,4568.4595
34,14563.182,6485.303
34,13021.811,16678.578
34,11162.309,17410.268
34,12975.309,19962.361
34,1298.336,18396.898
34,10986.268,4719.397
34,1242.8717,14553.258
34,8647.408,11644.772
34,18046.96,4749.897
34,2263.246,17680.059
34,18897.465,9481.812
34,9779.312,389.56802
34,1591.4298,10706.426
34,4274.818,13710.3955
34,13092.978,8057.2705
34,14405.031,19351.033
34,1138.1472,8768.841
34,3185.5452,688.1418
34,8525.375,14000.077
34,8959.494,1410.0116
34,5649.0513,10180.339
34,11817.168,11549.172
35,10000.0,10000.0
35,12915.077,8352.736
35,14533.009,19174.45
35,18504.012,7510.4873
35,13462.328,9958.4375
35,10876.395,7240.21
35,1485.3125,13695.294
35,8220.819,1338.7739
35,18248.959,3327.0842
35,11605.112,2231.263
35,3668.6047,9369.165
35,12374.169,5562.0356
35,1071.8502,19766.076
35,11917.582,9893.803
35,19830.703,18385.072
35,10939.467,17746.385
35,11116.677,132.02826
35,8609.908,12525.952
35,16617.85,7271.455
35,16078.997,15587.4795
35,7000.821,9584.551
35,987.2764,1197.5576
35,15150.707,8036.8613
35,4130.4263,7822.4272
35,2301.5786,237.68538
35,15657.551,17732.914
35,13893.53,6513.8853
35,1136.9086,4721.401
35,18556.885,4512.146
35,4356.875,19056.06
35,15893.007,5007.5093
35,6129.7114,15910.179
35,2854.1953,12578.891
35,7530.2754,5862.606
35,5020.406,1569.082
35,5254.02,17092.129
35,12376.493,15684.437
35,6713.4272,18146.36
35,13662.269,17975.781
35,293.35483,2717.8628
35,4531.9126,14762.08
35,5808.02,5210.1016
35,805.6028,6275.7617
35,12674.233,15985.034
35,2062.0383,19420.428
35,12644.955,9705.514
35,5726.2905,6891.843
35,3865.096,19356.893
35,13123.251,8054.127
35,10746.257,2010.8348
35,4029.5544,7870.96
35,3138.5264,3031.289
35,5491.449,2669.1155
35,19083.592,1864.5259
35,11569.407,8769.448
35,6783.33,12072.162
35,7078.772,18450.373
35,11913.4795,4846.965
35,9388.337,7197.531
35,10010.54,8978.509
35,1440.7703,2569.5898
35,7165.6777,17878.3
35,10202.913,197.93959
35,6905.716,3546.9602
35,7405.8867,11335.74
35,14202.002,4627.9277
35,13105.712,1256.7723
35,647.6944,19316.115
35,10349.73,12142.901
35,8424.169,19938.01
35,3941.5225,11238.826
35,13148.905,17141.332
35,4803.455,8673.9375
35,6522.271,2291.6719
35,19906.072,8334.588
35,9005.504,4651.0117
35,1241.2544,2973.1401
35,11699.642,10798.211
35,13678.139,12845.932
35,6202.2324,12277.1875
35,1619.7157,3740.792
35,304.01447,11773.596
35,16459.918,9791.827
35,9587.172,12757.037
35,11667.245,17313.97
35,4297.5645,1349.4618
35,15960.345,2942.7332
35,8353.906,4004.9084
35,7408.695,5487.952
35,15126.243,7455.761
35,3785.2104,3097.5156
35,19303.625,2612.678
35,12648.109,3996.407
35,12696.9,19957.799
35,7693.1025,14358.299
35,11536.793,16533.34
35,3432.7332,17399.678
35,4563.7285,10935.943
35,19827.514,3020.748
35,7391.7017,12716.275
35,12752.864,5809.9785
35,7354.898,12940.557
35,15766.198,13484.189
35,10822.989,8268.032
35,2761.5215,18694.795
35,10146.263,8853.768
35,7749.517,7664.9854
35,7432.1743,10411.527
35,3932.481,3934.5613
35,12887.416,4481.279
35,4061.6113,7884.512
35,13628.632,14572.439
35,6520.001,12541.433
35,12982.267,2735.2312
35,4181.0747,1726.7463
35,17602.06,13721.822
35,12654.226,4034.7917
35,14996.968,15468.771
35,14864.722,3121.3425
35,16958.658,7042.321
35,4529.4316,11659.279
35,18830.45,12746.481
35,7721.9136,11016.976
35,2526.9163,17339.037
35,7361.262,17064.025
35,16937.49,7656.7275
35,16789.979,6376.1
35,2118.1326,9057.437
35,6547.2217,18276.844
35,2890.4465,19239.969
35,9211.052,17283.365
35,550.54047,16169.816
35,12650.003,16957.602
35,6455.9707,2880.5737
35,2916.969,9772.1875
35,12707.419,5159.129
35,17208.123,5153.295
35,16914.857,15707.282
35,4133.867,11916.869
35,2043.6444,14801.311
35,11959.459,1281.529
35,19451.754,15911.703
35,3787.2742,3329.0044
35,19950.145,16400.385
35,13740.497,9707.423
35,13566.683,4710.801
35,10861.629,14592.66
35,8288.429,11501.409
35,5887.2153,18418.16
35,8747.367,9769.946
35,17484.283,9814.296
35,4128.911,2776.9817
35,14029.828,18633.799
35,19038.06,4636.1396
35,3719.806,7980.2974
35,10173.023,7023.5684
35,14682.735,7702.5864
35,14445.26,4252.0996
35,9897.734,3171.8865
35,19293.592,13027.925
35,12632.598,11700.719
35,13130.818,19984.17
35,18220.102,7215.654
35,3318.1943,10274.611
35,18635.08,12868.213
35,10643.752,8997.483
35,7312.5527,8076.564
35,11812.312,10356.623
35,8495.058,12793.275
35,2406.109,2011.1487
35,6388.4673,228.59038
35,5497.174,11453.591
35,19379.117,15224.295
35,19051.521,12221.885
35,2254.4624,19459.678
35,11796.329,16405.576
35,14331.763,5342.4595
35,3184.4568,16048.045
35,7077.1436,3128.9172
35,15217.006,6241.2476
35,13873.182,67.086365
35,3397.9568,13056.208
35,4970.653,16204.779
35,1772.3217,2157.2664
35,10646.58,12430.354
35,42.409035,11223.213
35,4039.1,18628.053
35,9626.265,38.601265
35,6184.3584,17771.486
35,7690.375,10676.477
35,19963.375,6207.467
35,9836.743,9829.972
35,8565.594,4259.3394
35,13468.202,2863.1345
35,17401.701,4153.2607
35,13754.715,8652.632
35,2548.7417,18615.69
35,4258.1294,10358.276
35,16978.61,11363.788
35,17014.195,985.1684
35,17646.121,18181.426
35,14894.005,7804.1914
35,15294.471,12775.783
35,9.45664,2310.8875
35,10516.894,16505.994
36,10000.0,10000.0
36,14165.938,19921.45
36,6716.432,18586.777
36,14829.305,16099.325
36,19875.617,11616.342
36,5789.6177,10061.181
36,16957.037,17804.107
36,10677.863,6159.564
36,11010.749,14543.045
36,14663.294,19717.281
36,791.6302,19574.95
36,3882.9536,522.7839
36,5138.8174,1032.0914
36,7866.661,19796.73
36,8006.5757,9446.258
36,19825.53,18458.48
36,9915.413,3267.7646
36,13320.45,2721.6694
36,1037.4279,1226.6068
36,18946.36,92.431435
36,6492.56,12602.108
36,14822.546,8910.382
36,19566.568,7542.2305
36,12818.356,18492.457
36,10084.465,5690.5654
36,4044.5715,3479.6013
36,1550.6862,6867.714
36,7943.0186,11079.522
36,7128.367,7321.5337
36,1002.52673,7161.2583
36,3184.6514,9204.404
36,4771.2017,16006.912
36,19550.527,13124.253
36,5161.184,10924.732
36,631.38007,13654.562
36,5904.1577,16412.57
36,4689.2363,2846.3167
36,3499.0432,1807.1501
36,16864.156,6135.2686
36,5898.4136,1395.3372
36,10664.037,3750.7954
36,4477.232,6102.5986
36,11089.969,9977.873
36,18133.037,12026.957
36,9852.736,5415.6284
36,12931.159,15089.263
36,16536.324,11017.284
36,14846.934,17178.756
36,12109.305,4111.694
36,13091.518,15083.706
36,12451.674,10160.716
36,1139.1852,5067.5396
36,3478.4685,14688.23
36,16630.258,18985.76
36,1411.2515,3816.9797
36,438.0121,8329.837
36,12016.972,17832.033
36,12522.777,2482.8408
36,5981.859,19480.36
36,10422.675,5660.866
36,19229.566,5804.6943
36,1908.0403,15114.585
36,7509.1934,907.90063
36,10091.165,3513.048
36,13533.476,19686.615
36,18083.465,11200.918
36,14819.015,16881.258
36,2827.8564,9933.155
36,12154.218,14821.526
36,2621.9849,4475.6396
36,11207.684,9615.818
36,3926.364,19443.299
36,9190.547,5851.26
36,3103.8853,3804.2004
36,18885.97,1308.3871
36,5478.2295,16360.31
36,8445.526,2694.6216
36,13481.515,10453.481
36,9634.569,3884.8997
36,6111.3584,18287.045
36,2025.9912,12536.623
36,10638.68,9891.407
36,19667.068,18429.443
36,554.74445,14221.552
36,635.88025,18846.564
36,10130.847,3768.0244
36,16780.688,17829.85
36,19718.701,11684.673
36,10014.52,6673.503
36,9852.262,12964.326
36,18646.307,6029.712
36,13918.545,17272.777
36,13288.774,16781.229
36,12390.099,3034.1787
36,11431.0205,15829.042
36,12002.259,16421.633
36,16878.05,12357.288
36,11594.322,4569.024
36,6775.116,7499.228
36,14183.498,7451.5586
36,8751.01,1973.88
36,345.29773,15017.756
36,15829.98,5481.6426
36,15812.742,14514.403
36,14975.615,9956.212
36,11816.325,10966.945
36,2039.1578,9619.903
36,7754.316,4244.2617
36,7877.917,5980.447
36,18002.014,217.50958
36,7675.2188,15720.546
36,17621.568,2012.3887
36,14201.281,9806.734
36,15874.302,9266.146
36,3433.5425,13051.736
36,13198.48,7306.5923
36,12767.402,1998.0098
36,1698.0903,4539.305
36,6436.1035,11858.171
36,8816.489,4282.2363
36,1625.2365,13518.662
36,16700.64,4610.4043
36,9426.896,10888.185
36,17857.328,9498.688
36,743.5565,10.772349
36,19941.373,12161.846
36,657.2754,12926.736
36,18235.229,415.08096
36,10342.315,15707.994
36,4740.9946,4706.8394
36,1452.5013,10198.6
36,10070.42,12732.109
36,8414.917,6465.076
36,10527.402,12473.076
36,14826.048,16349.974
36,15600.0,9196.011
36,18279.182,2148.9016
36,15693.945,14197.946
36,16029.9375,4284.4756
36,1691.319,8265.457
36,6008.8037,14740.401
36,12259.035,8450.769
36,14008.208,9946.079
36,13047.49,13623.945
36,7452.3657,8672.081
36,9976.076,10464.24
36,320.60812,12459.493
36,14611.615,4701.861
36,12913.793,7082.8896
36,8762.402,17193.115
36,4119.1206,11582.554
36,3151.5645,939.9934
36,15176.769,7130.138
36,538.7871,14994.345
36,9315.226,12836.886
36,3520.097,15396.164
36,19321.475,6246.7964
36,9806.625,5928.935
36,10208.196,16949.77
36,2014.9423,6303.226
36,15374.19,6949.689
36,17800.326,5299.3896
36,8218.021,2666.8235
36,7801.617,17742.77
36,17024.799,11569.139
36,10595.003,418.77542
36,9314.635,12237.5
36,19044.734,356.56836
36,16721.672,10657.654
36,19640.973,3288.9424
36,9281.903,10369.533
36,2050.7969,12095.128
36,2819.0615,3649.0496
36,6107.227,4598.8623
36,5523.4673,5528.942
36,4186.5684,18646.535
36,19731.072,6359.4624
36,18515.926,15351.522
36,15976.847,11145.958
36,17746.21,5881.3877
36,10742.159,5727.0547
36,8884.618,16524.328
36,14483.852,2712.7495
36,8464.08,1272.9413
36,17303.566,10922.739
36,16472.207,16140.903
36,17901.129,17597.004
36,7243.513,16488.23
36,1236.998,11567.066
36,17364.607,2574.153
36,5942.3413,1039.5247
36,17789.902,4010.7449
36,9500.313,19189.363
36,9022.524,15367.336
36,13999.224,3941.883
36,16250.172,9064.931
36,1829.0884,6968.4277
36,8720.909,9121.646
36,12595.777,2807.6262
36,11174.654,4848.8145
36,11103.735,18646.19
36,7686.6714,19745.03
36,10992.852,16334.962
36,12945.992,10983.683
36,6931.518,19693.994
36,4270.202,2689.1
36,6334.7656,16191.326
36,2900.7002,11381.061
36,8698.668,3143.6077
36,15416.706,7643.6514
36,16635.336,1082.7721
36,5191.4,7926.8843
36,2647.324,14985.453
36,6706.0034,1485.6793
36,10505.3545,888.2634
36,627.0791,13355.454
36,6759.6343,18630.729
36,4579.3027,16146.23
37,10000.0,10000.0
37,5105.3394,6444.665
37,8446.852,5346.9624
37,17543.34,11531.952
37,4210.0605,19362.768
37,11633.4795,1890.8107
37,16824.293,8380.02
37,14706.074,7296.4375
37,17192.953,11265.211
37,10564.521,12191.561
37,2722.6306,11445.652
37,11828.157,14818.94
37,12292.387,17337.723
37,5155.8926,3429.7385
37,17169.273,13100.529
37,14776.723,18308.041
37,12589.58,7363.1294
37,14744.94,1169.1067
37,15503.1875,18383.81
37,15059.634,11472.599
37,12078.213,15816.72
37,491.57828,3742.4673
37,9301.431,8843.471
37,8008.4,16562.945
37,11472.887,5023.912
37,9853.662,1716.7454
37,6394.5674,19528.482
37,1809.4142,10528.342
37,18306.744,9600.421
37,10700.99,2505.634
37,6273.8076,2854.701
37,14448.03,13836.283
37,19080.14,9124.367
37,14837.994,9214.653
37,18475.943,15747.242
37,1615.184,9684.478
37,3857.6604,1768.5076
37,14074.983,11130.386
37,17123.848,12835.527
37,2388.2803,8607.65
37,9961.515,5666.0176
37,7547.074,18956.11
37,16882.258,7978.1406
37,12472.868,5067.016
37,14142.677,15002.426
37,12382.46,15425.893
37,16811.943,18672.72
37,2355.3013,590.20996
37,2630.6504,14219.463
37,3720.1296,18872.984
37,9657.055,98.889885
37,379.0091,10316.226
37,8299.847,17165.87
37,7478.682,8212.659
37,2081.2427,6481.061
37,14826.133,10113.547
37,17062.299,17137.182
37,7608.745,5348.439
37,12350.561,5510.788
37,13649.104,5259.4653
37,9687.784,7948.6914
37,4190.6025,12335.747
37,5161.876,3077.664
37,14257.083,18631.277
37,10659.944,17152.795
37,17061.701,2198.9597
37,14006.878,8457.311
37,13687.882,18195.379
37,6680.6636,16723.578
37,18764.342,59.735783
37,3304.9224,10913.38
37,4900.087,17639.201
37,12524.876,4652.258
37,908.90405,15487.16
37,14215.101,11590.221
37,6973.0435,12482.503
37,1214.6692,15842.562
37,11667.666,14412.543
37,19846.035,4818.304
37,3130.747,14586.784
37,16352.296,7528.945
37,5517.4004,2749.7827
37,6603.123,18370.81
37,9682.3,9072.496
37,15321.789,9809.749
37,1251.0754,13331.246
37,15179.976,11163.04
37,9415.759,5348.5864
37,2856.9941,13753.981
37,8541.083,7116.6743
37,19985.867,17413.06
37,7001.7725,2218.366
37,3017.5562,6815.163
37,13586.845,14838.428
37,13461.533,16070.806
37,10479.656,18.059448
37,13076.535,15960.483
37,9128.906,12931.834
37,14436.826,18657.8
37,12196.913,8632.781
37,6265.6406,1200.056
37,2615.595,5358.6436
37,19113.3,810.5651
37,13873.443,9407.074
37,13820.585,18276.408
37,4486.2183,804.64813
37,6317.76,4274.635
37,13216.78,10123.845
37,6508.307,14507.344
37,6563.857,957.2538
37,7855.5474,657.077
37,1223.3391,11496.583
37,118.20691,5965.6704
37,3747.5132,4236.2764
37,14208.309,13399.768
37,3885.0598,3822.0493
37,6387.992,6656.0015
37,9465.302,19249.604
37,1424.3795,9457.869
37,1717.204,1256.3544
37,5397.6113,8426.458
37,10473.544,19319.586
37,9061.416,5730.251
37,11369.797,17742.646
37,3404.1724,7957.23
37,1492.9856,6786.059
37,15704.803,10412.187
37,15592.89,5352.703
37,1005.38293,452.6203
37,9708.161,6474.1914
37,6057.972,6531.5107
37,8466.578,228.51387
37,15774.602,10267.334
37,5745.2344,10225.496
37,9574.848,13903.419
37,17699.98,13879.639
37,14442.385,10599.824
37,12974.037,14466.897
37,17809.139,5794.5757
37,10122.539,5406.839
37,14220.176,2762.4048
37,16629.217,9728.862
37,14989.853,4202.65
37,4979.4316,18106.47
37,843.82184,12821.239
37,1335.3242,14876.896
37,15451.965,14373.07
37,16194.209,3201.488
37,34.91072,6475.13
37,3518.9668,12673.58
37,9078.934,8120.7266
37,771.1175,8693.99
37,8579.844,7874.718
37,700.9187,14874.566
37,4986.126,1826.0529
37,4440.9814,14281.0205
37,16592.06,10963.751
37,7194.06,18709.113
37,8268.077,10284.424
37,3678.9934,7912.698
37,11214.072,1661.9642
37,12677.779,1349.6697
37,693.43634,12976.84
37,11941.175,18601.586
37,10046.949,5057.92
37,7744.563,8356.603
37,10695.077,1710.553
37,18238.055,12217.016
37,10385.676,637.01276
37,1321.52,19725.31
37,1008.87787,7388.3906
37,4534.935,19979.627
37,6303.2817,9043.88
37,19764.129,19822.686
37,6163.478,8299.752
37,636.8947,8430.349
37,4083.219,6664.3857
37,3446.7966,5653.5957
37,9307.959,13085.955
37,15313.211,2898.551
37,13525.185,16586.785
37,4431.234,7121.9673
37,7861.4365,17954.438
37,1729.7635,16471.064
37,17821.686,7810.8135
37,6905.6665,5258.555
37,11231.204,3598.6797
37,15686.631,5867.8687
37,13967.406,14537.695
37,87.53224,725.24066
37,16663.342,15008.875
37,5827.7085,17980.088
37,14420.046,14406.16
37,11709.171,2427.5833
37,17579.236,6987.2856
37,4520.14,7218.517
37,9893.6,16692.797
37,15720.998,9828.5
37,13524.619,13711.628
37,18762.201,7742.8545
37,9867.607,10840.215
37,15535.641,2603.0686
37,12304.225,10302.277
37,19034.338,6957.2676
37,17407.84,13821.468
37,11879.719,16645.51
37,1285.8075,1178.3427
37,423.1597,6047.1494
37,13458.461,10803.479
37,17348.77,9703.715
38,10000.0,10000.0
38,10974.129,1455.184
38,8097.6714,7632.558
38,11961.1,8162.9023
38,15782.148,15983.499
38,14833.605,7202.7856
38,15143.29,15731.665
38,12000.257,15854.441
38,579.56616,10069.425
38,1482.1603,6226.137
38,12840.271,9898.54
38,15493.839,19855.818
38,8130.367,3357.8904
38,12119.224,371.87173
38,10229.661,7398.593
38,7120.821,18804.186
38,8140.659,7320.672
38,2695.0312,16939.398
38,12811.146,10588.929
38,14573.583,1274.4368
38,13434.579,708.1588
38,6927.3574,8741.876
38,16225.697,3572.5918
38,13191.065,11327.689
38,16744.215,18288.451
38,11871.658,8149.3745
38,14398.502,9508.54
38,16561.062,5788.076
38,11527.59,4138.78
38,4581.62,12062.898
38,3300.175,10062.716
38,5184.679,6509.7573
38,12311.419,9319.906
38,1241.6703,18123.346
38,7667.172,2883.1643
38,735.12256,15964.985
38,14812.147,11379.975
38,14218.192,9321.225
38,14927.411,17193.738
38,10976.698,15173.666
38,2071.6245,16628.025
38,2328.2598,321.38266
38,12383.075,12589.67
38,11450.867,16025.815
38,7478.164,1258.5839
38,2036.1581,18375.34
38,4363.1616,10325.05
38,12650.3,13150.986
38,3787.0818,2785.849
38,17008.768,2320.0247
38,10949.48,5381.2354
38,11664.153,11625.501
38,18379.398,19439.521
38,18410.975,19516.576
38,4055.7114,4021.1787
38,18778.908,254.16948
38,15130.231,7305.662
38,12215.572,6193.7915
38,3605.999,6281.6304
38,16929.678,16542.889
38,11747.815,80.11721
38,9325.81,6687.849
38,777.2471,18748.238
38,3595.4182,17259.719
38,13074.3545,2218.6606
38,4075.0083,7155.915
38,6915.6914,11570.586
38,12309.108,14022.9375
38,13678.066,9069.704
38,17248.479,14159.018
38,4525.8154,14616.715
38,10457.748,1766.3164
38,3507.897,2250.727
38,16349.035,2937.1936
38,13502.424,1555.1984
38,10605.129,5564.355
38,18094.062,4771.541
38,10289.021,19420.441
38,2367.5422,14157.025
38,6953.136,2543.8035
38,11098.5205,19728.39
38,8791.785,14078.692
38,5985.594,12151.539
38,5229.2676,7668.4854
38,5788.849,19311.314
38,6748.752,4502.1196
38,1923.5712,14686.285
38,3097.9465,8381.127
38,9206.081,15516.591
38,16395.898,1199.2734
38,9052.772,13611.873
38,17738.955,3572.7715
38,10708.256,4923.1035
38,5666.7393,6353.326
38,11948.617,5486.0684
38,15714.009,1193.5243
38,5032.0117,6701.219
38,4735.985,2625.3628
38,15799.05,8136.052
38,18916.29,3236.3665
38,19901.57,18699.322
38,10425.605,3145.7583
38,6647.234,15858.98
38,3619.3564,18743.371
38,3126.9224,10105.155
38,848.98004,2138.0027
38,18281.043,2647.5642
38,10793.005,18823.332
38,536.7085,16778.604
38,15771.39,320.61298
38,19834.469,8242.64
38,15778.077,17825.885
38,1661.8353,7619.795
38,17918.275,9134.245
38,14531.178,19544.447
38,13791.987,6338.5547
38,8475.109,9519.304
38,845.3456,17077.229
38,19781.615,1780.1956
38,926.06213,14854.152
38,14289.656,272.7285
38,19400.514,19759.445
38,14233.537,15580.028
38,1698.3917,16462.639
38,13608.683,19783.436
38,2252.4785,4516.858
38,15380.475,11405.687
38,3532.3308,2189.584
38,18623.326,1395.4551
38,3163.9626,5814.901
38,6979.6816,14243.319
38,17821.531,16139.822
38,11304.33,17635.555
38,15026.119,9977.073
38,8737.356,15754.661
38,19397.5,11901.885
38,16262.622,19982.61
38,6010.1675,416.1555
38,15098.439,15029.785
38,164.99022,17275.95
38,19073.49,10572.267
38,3939.7922,19622.924
38,19556.7,8667.561
38,14793.637,19196.932
38,1141.7446,17167.363
38,6517.146,10968.539
38,529.41077,9395.752
38,11171.9,10572.226
38,3422.2795,10104.15
38,1162.1929,5161.562
38,13379.044,16949.703
38,6493.4155,16971.2
38,7643.8735,18705.549
38,5050.056,8758.674
38,18544.555,13827.292
38,6034.6616,12445.006
38,17271.418,13503.189
38,18879.355,4197.7725
38,13707.102,18501.463
38,16878.928,12294.414
38,17474.283,16881.549
38,13845.5205,1615.5836
38,19636.904,19711.475
38,11225.198,17674.842
38,19336.037,19745.715
38,11833.251,8079.0205
38,17903.564,1237.2513
38,5195.421,4637.39
38,10625.077,1033.467
38,6014.9844,18132.691
38,17420.037,5403.8774
38,11319.912,1257.3451
38,18819.102,6491.7007
38,18678.225,4126.3447
38,3651.974,3989.13
38,3418.6638,18781.66
38,5156.5654,14455.131
38,15699.944,13022.813
38,8835.322,12288.75
38,13432.311,14283.222
38,6179.017,4743.1235
38,887.6053,10491.044
38,4180.8794,13795.088
38,14499.265,9791.337
38,4585.5327,11230.385
39,10000.0,10000.0
39,2187.805,4641.5576
39,342.52145,6782.6255
39,15282.677,15953.149
39,18074.625,10421.961
39,13412.162,9470.562
39,10296.726,4805.5845
39,14875.991,1283.8776
39,14790.601,16239.815
39,1273.259,11871.145
39,4938.0283,16969.709
39,17887.553,14027.633
39,11403.406,2532.398
39,5902.5156,9870.938
39,4970.8364,13779.004
39,2295.3533,406.9994
39,4732.8804,18565.693
39,19739.996,5258.7974
39,14339.711,17219.086
39,13706.072,1813.5272
39,11736.324,5828.421
39,10527.724,12978.937
39,15814.388,313.57324
39,17518.768,7327.3047
39,103.13049,2415.1973
39,14345.507,14289.209
39,11426.784,18298.21
39,3537.0698,13488.531
39,10129.136,12219.457
39,8726.249,17778.953
39,9555.436,14108.624
39,5002.6245,8615.756
39,16738.592,1065.1188
39,5625.141,14815.517
39,4680.767,9695.808
39,3274.9177,16735.248
39,14890.346,11032.278
39,19286.42,12324.96
39,18531.025,5217.5664
39,15090.917,6843.0063
39,14607.95,6102.271
39,7184.47,6432.5747
39,764.62683,15179.483
39,15017.636,8746.212
39,7920.5435,19598.863
39,17645.775,2684.2427
39,4399.28,11666.449
39,10453.156,12580.1
39,10649.102,13348.155
39,542.1458,16689.299
39,11961.77,1424.1202
39,8646.878,8541.005
39,3064.7856,2319.5464
39,11175.561,861.60834
39,18300.217,18623.488
39,9724.403,9701.598
39,14645.415,18783.727
39,6599.3223,9075.704
39,340.92392,13790.201
39,7265.5796,10526.4795
39,2931.3875,4315.01
39,10289.275,17653.26
39,11780.604,13252.79
39,8341.242,10122.325
39,7276.42,4074.2073
39,5917.801,3975.2908
39,15797.567,19650.268
39,10547.272,7472.9585
39,5486.7417,11820.261
39,9267.133,18876.139
39,15343.077,18419.637
39,9036.985,4548.43
39,16801.166,16789.4
39,12089.899,16657.959
39,12582.61,4222.2607
39,18257.002,4499.3037
39,18243.303,11825.629
39,469.38342,4598.4634
39,17887.352,15026.7
39,14660.982,6910.6157
39,3169.433,972.07135
39,10349.314,3159.7507
39,163.35663,853.66766
39,4648.82,3474.9302
39,11030.788,8948.391
39,6192.8574,17962.584
39,7831.995,12599.567
39,19914.1,12529.512
39,10857.149,2706.7852
39,12639.956,14474.272
39,7522.8726,4236.406
39,17236.777,7190.291
39,7953.298,2927.1035
39,4705.5005,975.5117
39,6286.511,7285.387
39,16107.64,17780.227
39,3123.2114,13961.031
39,3575.8352,124.3125
39,16546.541,8567.74
39,16509.31,9263.248
39,14323.045,5914.1724
39,9038.355,754.20557
39,19066.572,2154.028
39,877.75183,5985.3047
39,8825.374,10257.556
39,4965.2017,1519.5957
39,6389.8257,1387.3086
39,15617.293,8606.521
39,1193.6006,2338.0342
39,14433.699,11843.276
39,13991.35,2740.8093
39,11251.5205,4475.4
39,13344.248,17130.428
39,9356.849,17079.432
39,10400.766,2913.501
39,3334.5488,2593.5764
39,15243.19,10825.765
39,3672.2275,790.1908
39,12534.766,2613.8743
39,18056.809,13181.115
39,11245.125,9706.902
39,9533.849,15675.585
39,19908.469,10221.112
39,17769.432,14066.228
39,89.46242,2210.7563
39,808.4776,15094.921
39,7793.5264,13103.594
39,2277.672,15731.653
39,10201.744,19125.621
39,12329.8545,15612.782
39,5090.4585,15236.944
39,14019.867,104.880264
39,6443.5054,1670.1749
39,5391.677,2520.0635
39,5706.9443,16614.111
39,5264.177,18186.334
39,11985.469,5227.96
39,5259.155,13199.474
39,5910.4683,8903.544
39,12688.681,8957.627
39,11335.523,16810.346
39,18885.355,7703.146
39,9737.221,12975.427
39,16380.296,3436.9905
39,7943.705,713.91656
39,17843.479,13670.594
39,17901.418,1602.717
39,1985.4207,18265.514
39,14169.089,6028.6206
39,300.98166,15791.993
39,4351.3354,10920.675
39,13881.393,16107.588
39,11404.667,17206.748
39,13655.864,8209.188
39,9081.427,7249.2295
39,18438.752,12648.425
39,18812.586,11698.543
39,15093.773,8021.438
39,1163.9534,18082.662
39,13139.923,15870.129
39,174.99942,2700.879
39,16333.848,765.6582
39,3159.88,2815.1858
39,4263.98,12916.324
39,13047.867,14651.287
39,17238.293,2761.049
39,14259.976,3830.5383
39,3497.5479,14337.259
39,16117.414,7903.827
39,5379.411,8050.1567
39,14913.654,2445.4495
39,19777.56,13700.187
39,8627.575,4485.3696
39,1883.0808,11713.979
39,6461.8647,15164.252
39,16704.6,9979.14
39,17063.482,5195.557
39,7230.752,5725.863
39,9167.349,15209.464
39,1189.6348,16465.799
39,17597.873,14969.526
39,5656.5176,11376.587
39,4255.53,14365.67
39,16679.031,19502.008
39,12167.459,10694.201
39,4085.0393,19288.303
39,4567.578,12963.465
39,110.322174,6945.203
39,8784.809,13330.427
39,4201.3994,1871.3433
40,10000.0,10000.0
40,536.9375,4323.4
40,10512.055,13665.218
40,15223.014,3877.7695
40,19277.12,225.65718
40,16620.023,19258.932
40,18071.13,5997.6797
40,18358.707,16739.977
40,242.14923,11848.608
40,838.8088,7452.2065
40,9691.37,9124.324
40,6313.0425,12986.9795
40,16732.678,13990.735
40,3171.2358,15145.609
40,12780.235,15836.6455
40,11320.015,16457.363
40,10127.645,2651.194
40,2596.2837,10056.474
40,8370.655,7114.223
40,5049.478,7873.348
40,4014.5771,5110.5264
40,12693.734,2621.0386
40,16841.223,17504.09
40,21.311172,16110.11
40,5470.0527,7537.804
40,11913.714,8502.636
40,2577.2307,12790.65
40,5999.59,1573.1484
40,19985.123,15630.525
40,3649.431,5922.0957
40,14984.716,5937.529
40,1666.1964,12877.544
40,1335.6072,15604.279
40,6402.3027,10715.05
40,18471.146,4634.338
40,7933.744,759.3002
40,1209.2935,10624.031
40,4541.5107,17886.408
40,19922.064,37.562813
40,16134.443,1380.3353
40,17615.186,2360.7212
40,15955.597,12251.663
40,2133.1304,2042.0385
40,103.531204,9659.693
40,15878.947,8314.176
40,5571.813,15411.507
40,8882.658,14804.847
40,8195.284,12155.112
40,19611.135,13830.466
40,5478.5967,17715.777
40,3744.293,2984.1775
40,15063.11,18756.861
40,17426.904,11490.817
40,9383.961,19419.984
40,11745.563,13036.298
40,12639.315,11893.005
40,2614.5212,8060.968
40,13918.373,19498.283
40,18958.906,17096.69
40,16934.729,5106.213
40,6831.4526,2314.2832
40,19983.707,13905.6875
40,6029.172,6121.6367
40,458.4224,2318.1892
40,12104.611,9352.591
40,11016.543,12153.594
40,15311.697,4392.3823
40,3656.2896,18199.521
40,16427.062,2339.8472
40,7574.614,18808.23
40,7970.4907,15120.936
40,9849.316,6172.4385
40,2470.879,10005.587
40,12893.599,18882.408
40,16329.373,8682.328
40,3500.31,5782.597
40,10113.8,3899.6077
40,17653.547,19.64867
40,7289.6694,12330.835
40,8139.2915,4616.6724
40,4174.086,19808.111
40,3810.1729,13801.967
40,19087.885,13498.78
40,3242.5947,11285.265
40,8745.954,2313.3667
40,4869.904,13135.754
40,17104.992,5134.5884
40,7039.3276,9462.431
40,7531.4175,17112.133
40,6505.4873,6057.564
40,13130.04,4555.262
40,1300.3826,2874.6704
40,17859.578,10985.878
40,1670.094,3282.8916
40,13077.234,16018.255
40,8399.771,3714.9336
40,7709.2446,13321.178
40,517.6376,18169.947
40,19939.865,15878.264
40,6128.472,4386.1147
40,957.0761,16744.281
40,6273.796,8433.492
40,13991.938,11497.459
40,5640.2446,16439.162
40,7474.0093,6189.1616
40,10725.992,3731.596
40,17171.799,16318.4
40,4654.0527,13720.863
40,1146.1489,4597.387
40,2774.478,18138.426
40,7221.24,12541.38
40,1164.1082,5594.3438
40,11828.79,9337.842
40,2618.6428,18394.703
40,9416.542,3195.509
40,15283.511,8730.882
40,6771.3735,19500.613
40,4103.074,1193.5497
40,17315.129,6143.1807
40,10153.23,10252.932
40,13508.889,9375.787
40,3307.6917,10799.059
40,8258.889,17531.473
40,18429.404,2224.6863
40,9411.079,6372.725
40,13654.834,12930.795
40,19038.818,9537.239
40,10570.482,17682.436
40,925.34076,1937.7991
40,7942.356,4590.4663
40,2112.2727,35.21547
40,7255.118,8790.783
40,2423.2627,6244.9746
40,345.55325,18435.674
40,4836.596,12871.321
40,5523.4336,726.40845
40,16148.232,16343.23
40,18097.488,19893.75
40,18356.955,10434.858
40,16255.709,14237.646
40,6968.3696,6769.281
40,2502.1375,14530.283
40,16604.914,9671.813
40,15490.991,8187.439
40,2045.6733,1659.2471
40,3043.6965,13782.536
40,19696.932,4853.5303
40,1905.8975,3072.0476
40,7446.2666,16229.594
40,7739.175,4575.9844
40,15667.144,2532.3027
40,2198.3894,938.68335
40,13487.034,11298.541
40,724.18176,14563.246
40,10110.061,13799.971
40,7141.4507,4397.7104
40,10488.014,19662.31
40,10382.538,17536.6
40,3888.0144,9858.743
40,7474.3823,409.85004
40,19256.4,13717.98
40,6887.742,9871.697
40,58.43187,4328.1406
40,7364.4043,16312.364
40,744.04095,2386.6587
40,4628.8745,340.19617
40,11571.239,4637.216
40,12547.418,18413.787
40,4305.582,1118.2352
40,17145.744,3791.071
40,12154.306,7505.171
40,16761.754,12369.432
40,15189.86,17087.486
40,15682.099,11170.255
40,10238.649,15661.775
40,13730.439,9978.018
40,1238.4875,16945.816
40,17466.42,14103.299
40,2251.4526,11909.385
40,1544.8096,3478.3872
40,8244.672,5457.2393
40,11702.351,17239.213
40,12325.791,12620.646
40,6949.5176,10755.263
40,12919.878,4271.451
40,12788.073,3524.179
40,14822.001,13341.703
40,3667.6448,9017.203
40,11311.843,2109.4722
40,11701.659,8180.3896
40,17598.98,14400.3955
40,12721.6045,7008.8745
40,19836.287,4887.107
40,13152.631,16177.455
40,18817.576,9870.147
40,2423.4775,11442.066
40,7869.969,16326.014
40,9407.919,10684.9375
40,17147.855,15326.557
40,11578.503,10154.038
40,19279.451,1846.5151
41,10000.0,10000.0
41,4237.2803,3423.8303
41,3993.5237,5691.517
41,5355.0854,12431.566
41,16944.814,807.10815
41,1337.7687,10577.206
41,14448.265,14061.756
41,7707.6455,12961.965
41,1802.7129,2372.2285
41,15917.68,2492.0679
41,10741.637,15686.667
41,5434.008,6129.2534
41,14089.014,18271.07
41,3636.3374,348.62427
41,14324.915,35.67183
41,172.54745,15224.148
41,10545.037,6158.482
41,17521.973,4547.159
41,16459.22,18398.312
41,7339.2046,6389.6826
41,5193.313,13941.67
41,19187.566,3879.0156
41,11954.556,6918.0684
41,4729.318,6752.5054
41,18915.863,19717.854
41,8625.138,13565.347
41,8864.694,239.66179
41,1865.2189,13806.3545
41,8859.159,11730.418
41,17124.896,13371.748
41,5688.203,4696.2656
41,12557.158,10508.489
41,1925.6584,4678.641
41,13517.634,8805.421
41,9849.482,3460.042
41,18526.342,14750.323
41,15484.55,15415.005
41,5926.132,3949.1985
41,6986.593,465.15112
41,11632.556,17942.342
41,3813.4905,17657.146
41,19227.627,14102.151
41,18763.115,16701.637
41,15271.743,5280.9233
41,12790.247,14581.347
41,10617.98,18574.336
41,13280.887,16846.035
41,18208.123,14491.44
41,17664.197,6868.8823
41,6487.7705,8802.896
41,16283.587,17951.977
41,9478.25,18101.393
41,11659.868,12712.506
41,975.0167,15091.462
41,19812.74,2915.1472
41,7821.4966,12908.002
41,19614.043,9553.714
41,2601.7488,6843.6533
41,11454.866,4905.1074
41,16580.502,3334.5564
41,19298.443,18676.371
41,10370.736,5067.8286
41,10529.9,16661.717
41,10659.568,13387.152
41,8063.137,12625.64
41,4085.9348,11524.59
41,2809.4404,2501.9417
41,3769.3037,10014.316
41,14114.885,4625.503
41,14174.406,1741.941
41,15298.965,4514.688
41,14775.888,19398.502
41,4736.241,12220.251
41,17983.744,11676.089
41,12908.387,9379.796
41,12930.505,12409.458
41,16849.082,8498.599
41,8913.539,10105.452
41,7174.4087,8952.101
41,7827.037,16531.506
41,9937.758,1479.252
41,17296.21,10148.784
41,637.71356,13004.55
41,1470.8632,7147.6045
41,13988.73,19756.705
41,8278.567,12975.961
41,4497.9624,13826.641
41,18601.666,433.5265
41,6456.191,7855.843
41,10126.348,13678.471
41,2256.7166,17622.08
41,18640.512,15154.486
41,7915.574,8568.4795
41,8715.85,1862.49
41,19614.752,10366.526
41,15207.475,5623.217
41,17443.58,3022.7778
41,14043.301,9856.751
41,8868.183,15207.1045
41,3327.706,5901.709
41,9658.677,10063.636
41,11853.424,18023.582
41,19338.428,102.8213
41,9286.5625,6886.6187
41,9016.378,10162.129
41,1120.3005,18661.658
41,1289.5028,14306.667
41,1226.5004,9686.2705
41,19807.652,11675.949
41,17273.55,12090.765
41,9000.554,15307.763
41,15489.795,4647.5063
41,9648.463,3543.327
41,18718.773,11579.677
41,17649.094,12418.975
41,8754.807,2464.1438
41,6005.3267,19903.377
41,4992.9375,374.85693
41,19942.406,3994.3137
41,18676.812,13400.049
41,3237.1426,18682.854
41,4828.3477,376.63058
41,7756.7334,4751.4565
41,14362.854,11438.461
41,1418.407,10592.416
41,5318.3604,11775.402
41,10900.679,16929.086
41,18986.342,145.69803
41,4004.88,5871.9434
41,17861.842,15875.791
41,13855.503,9680.291
41,14617.27,17319.324
41,2591.9756,19142.252
41,11851.862,4774.455
41,3624.922,14019.195
41,15532.087,5848.382
41,10986.443,19924.25
41,7157.3877,6488.574
41,17167.367,16459.752
41,18823.434,19495.299
41,8205.771,1334.8015
41,13250.217,2374.8113
41,1382.2954,19193.564
41,7741.7153,2854.46
41,17972.71,1549.399
41,7544.2036,13612.328
41,743.8759,10550.001
41,19208.402,11706.028
41,5969.0386,18824.414
41,10344.613,14392.466
41,14718.866,10594.943
41,10905.862,8051.447
41,3053.6665,14008.436
41,5038.5825,962.2598
41,17572.092,6440.376
41,17075.459,120.603264
41,15447.005,19446.168
41,2820.811,12000.808
41,16831.447,14069.778
41,8766.948,12685.487
41,19792.35,4117.5205
41,16476.273,1271.9001
41,13399.209,18045.275
41,18369.117,12777.545
41,17623.328,17473.445
41,13980.344,9151.401
41,1616.3318,8990.292
41,13938.98,17680.492
41,14855.721,17506.309
41,4871.562,17071.809
41,3262.9111,14648.989
41,1997.0901,1014.5981
41,17353.365,5279.954
41,17643.146,13940.908
41,18224.611,9229.295
41,16077.604,5336.876
41,12530.326,15244.788
41,16032.794,1889.3413
41,11382.817,13524.202
41,4303.9307,15136.935
41,5630.442,7730.0576
41,7360.192,4650.64
41,16855.5,777.281
41,7194.866,19092.355
41,3432.667,12249.587
41,116.5443,17686.256
41,17831.574,7233.588
41,7563.8164,9467.61
41,18763.73,9788.35
41,3418.826,17072.615
41,768.6054,5847.0815
41,17686.477,5358.8687
41,8595.381,6439.4023
41,11470.364,7985.889
41,4552.811,14027.226
41,3894.7043,17674.467
41,7214.5923,9452.741
41,15210.81,6722.7114
41,12115.577,6714.5625
41,18073.566,16518.031
41,14519.575,5730.385
41,15890.302,16890.135
41,15090.835,18114.629
41,17174.918,1743.5321
41,9780.298,17777.645
41,15642.572,4206.929
41,4753.3203,18673.688
41,10541.533,8857.791
41,4247.2246,12597.489
41,1120.8428,19620.494
42,10000.0,10000.0
42,14845.713,19221.926
42,14869.266,19865.055
42,2667.1257,11663.696
42,11923.92,279.7076
42,3592.0967,1761.952
42,17170.07,5207.315
42,15128.507,16179.187
42,5665.2583,5186.1436
42,11665.519,7873.7124
42,16744.184,2911.8323
42,2643.405,8327.724
42,10538.8955,12750.201
42,11706.017,4811.863
42,7537.8193,1898.3726
42,5413.805,15158.383
42,6437.867,6007.7534
42,8317.3955,2526.7568
42,18750.922,18748.648
42,15156.572,4795.7935
42,9997.068,7844.517
42,16383.946,9816.541
42,8662.507,1269.3502
42,3827.3708,4481.592
42,280.78406,18652.729
42,12329.935,6534.1313
42,8051.735,18614.148
42,2194.4253,9181.969
42,9347.655,9657.321
42,17374.69,3624.863
42,301.1124,2301.7437
42,17073.18,2189.8018
42,18100.832,9499.057
42,3823.6292,18590.805
42,10399.452,1448.8561
42,4035.3926,3909.2778
42,16809.59,16766.154
42,3776.7324,16473.523
42,14388.105,2026.968
42,17036.846,12345.917
42,15482.657,4118.22
42,8034.931,15964.495
42,12027.328,1936.551
42,7686.1646,5686.0005
42,17493.758,5789.439
42,7515.399,4843.957
42,14502.806,13779.568
42,17510.588,9164.02
42,4363.9834,18958.955
42,15665.336,14073.666
42,14065.223,18756.822
42,15126.515,3761.3745
42,8284.842,3426.8647
42,6693.562,16103.189
42,19637.865,19961.395
42,12670.745,4196.235
42,10534.826,5467.1333
42,19686.457,13368.804
42,8089.3013,1353.5771
42,16935.049,4485.9473
42,4527.3145,19855.617
42,11757.198,536.66583
42,13113.326,12916.017
42,18279.455,18543.291
42,15279.128,16352.839
42,184.47249,15842.666
42,13566.862,5179.84
42,2677.2065,470.65833
42,2574.941,14324.413
42,6974.451,2926.265
42,9457.54,1250.7844
42,11096.134,7502.938
42,12214.455,2229.9595
42,388.92163,6301.6025
42,6372.1846,1788.739
42,15334.4375,1305.0552
42,12056.232,2461.7961
42,9035.726,13696.405
42,19499.887,10149.744
42,5029.3027,1136.4631
42,19710.123,1613.9537
42,19129.371,18123.441
42,6470.151,15588.499
42,18578.346,12280.2705
42,7255.6133,8515.598
42,17621.4,12978.599
42,11065.946,5877.8667
42,264.2281,62.059315
42,10371.281,11660.773
42,11538.528,1054.7755
42,11574.822,1811.5741
42,6233.6626,15963.185
42,6733.8315,17611.635
42,7063.783,12849.732
42,16680.459,12460.839
42,14080.903,14076.01
42,6637.87,15327.281
42,236.32066,11361.143
42,8364.266,1021.09204
42,3287.0254,19140.492
42,2342.2375,6992.794
42,5328.404,8913.551
42,6.327145,6194.8867
42,9969.192,19926.021
42,18716.768,11846.049
42,15685.042,1178.0938
42,9201.452,16686.2
42,8337.068,18916.898
42,6356.1235,4432.4487
42,17234.238,19223.55
42,730.93146,19159.393
42,8726.861,8822.634
42,12975.165,11116.185
42,13419.147,10746.699
42,3650.689,12112.62
42,470.47015,1.502554
42,8933.925,10620.578
42,8859.166,18116.096
42,19050.957,11874.411
42,14052.969,4882.4824
42,17061.348,7200.2686
42,3995.6433,11506.436
42,16243.988,10666.203
42,16943.693,9451.653
42,12935.0625,10628.421
42,12843.338,19045.746
42,509.87845,9484.85
42,2805.602,18732.545
42,13683.753,3544.9556
42,11176.751,12917.264
42,18232.475,6935.8545
42,2256.8108,11992.083
42,4058.3562,13500.148
42,8076.286,2354.6765
42,737.5721,9760.969
42,16099.355,3254.848
42,5125.956,18446.176
42,11091.759,13954.077
42,5837.513,9017.345
42,12326.414,14533.214
42,10263.263,14646.934
42,3804.2551,3419.703
42,4243.6,5889.154
42,16824.299,19665.309
42,8803.61,7441.707
42,7338.4355,16493.203
42,134.60272,15767.787
42,6378.834,6401.683
42,17473.84,15713.261
42,11735.056,19582.008
42,19507.549,8232.913
42,7586.1304,17193.24
42,14295.621,14983.941
42,14918.603,13506.348
42,19584.379,8211.209
42,14522.092,14066.204
42,3583.9714,902.6402
42,1157.3555,11092.407
42,5280.225,4450.581
42,14370.629,2117.6194
42,10173.282,15579.359
42,5395.2964,1888.5966
42,18394.307,9248.675
42,17159.385,12700.267
42,14506.976,1695.2172
42,16604.629,7397.705
42,16929.252,8308.926
42,9402.616,14762.208
42,5654.158,19523.37
42,19804.9,8865.165
42,17835.736,4172.1504
42,17081.568,10063.365
42,6590.752,18223.195
42,17007.854,12269.634
42,6114.1367,6725.5786
42,6041.057,4478.355
42,9621.601,15310.771
42,2221.3005,1369.9984
42,12183.361,5185.956
42,14541.35,16480.809
42,9500.166,14570.953
42,6033.757,12804.453
42,9264.415,2218.6794
42,4045.5945,13888.01
42,10624.744,19142.232
42,15046.537,10780.453
42,5710.7617,19580.9
42,2351.5815,6570.3564
42,8059.9443,14371.087
42,9542.301,10734.238
42,6842.7495,18181.352
42,10642.185,17399.018
42,2346.3813,4017.3955
42,9128.541,10818.301
42,13636.738,19642.492
42,10559.76,10082.756
42,13682.865,4964.8115
42,8690.986,7239.207
42,5075.57,8413.792
42,2828.0369,5135.9277
42,15046.748,4885.9194
42,14114.147,19188.566
42,16538.139,16105.52
42,14247.432,6458.4883
42,1685.7418,4864.654
42,6147.474,7392.0796
42,13743.844,2266.8115
42,5829.421,1905.1532
42,6147.3984,16630.5
42,11217.048,4446.096
42,11157.65,14593.431
42,1513.4043,10776.803
42,4887.9014,6242.3716
42,16490.996,13789.157
42,16160.102,4837.596
42,11148.373,1086.4519
42,12295.937,4696.471
42,13067.205,12634.013
42,13688.541,16897.88
42,13253.691,10525.766
42,10659.972,13238.289
43,10000.0,10000.0
43,11865.013,13958.0205
43,12939.463,8923.211
43,3846.6072,451.6298
43,936.3516,10429.499
43,17339.875,12063.281
43,8753.798,12815.276
43,11516.077,1307.7919
43,10527.268,13990.903
43,18823.254,19613.373
43,16615.445,6321.0986
43,11775.035,15483.604
43,16713.828,17725.094
43,19372.158,2479.7053
43,14025.816,6977.3584
43,1229.168,14030.534
43,6206.397,4521.6245
43,15917.551,8440.537
43,15895.507,1442.492
43,1550.2238,12027.227
43,9930.947,14769.148
43,8107.3027,8141.837
43,7132.762,13361.561
43,6378.306,17167.102
43,672.7213,12405.68
43,5013.3545,11312.148
43,491.1402,658.07227
43,11858.28,4380.4453
43,5678.6226,16993.516
43,17937.764,8933.657
43,18669.164,10674.583
43,11561.023,4199.847
43,3803.418,3797.709
43,14003.947,15079.518
43,13292.575,10959.61
43,15704.062,9977.502
43,18119.178,14653.032
43,8224.276,11236.921
43,2979.2373,2393.3472
43,17998.945,4333.9224
43,13811.785,12332.385
43,8049.1763,2980.7515
43,18648.238,8854.056
43,17943.615,3331.3813
43,1723.7502,1510.276
43,19851.852,13483.416
43,3445.4465,16667.459
43,3947.6365,2846.6018
43,15091.537,3713.351
43,5482.5757,4253.3496
43,5179.0264,17519.086
43,16559.014,1968.5552
43,4713.3545,7150.4497
43,16457.854,8808.605
43,7088.0513,12153.66
43,17044.295,17290.389
43,15132.504,2771.6604
43,12711.15,5803.262
43,8641.921,19120.36
43,10384.386,17407.283
43,15971.213,6595.769
43,11757.965,7429.643
43,17252.262,7534.158
43,13004.046,12707.836
43,102.903854,14854.951
43,7030.149,18058.793
43,834.8616,6529.195
43,14547.761,17395.52
43,19168.926,13005.116
43,2300.134,5654.42
43,16273.072,7618.872
43,11057.817,12434.667
43,9166.698,19248.805
43,6299.631,14596.111
43,2387.1245,2186.0557
43,1484.7059,10294.866
43,15065.59,12555.451
43,10533.29,7028.073
43,10129.845,4523.8223
43,18758.38,12746.914
43,5272.505,14934.611
43,15190.188,15033.319
43,14397.033,7427.265
43,3151.5234,18703.307
43,1756.7529,14185.41
43,17385.383,17391.535
43,8451.349,11687.578
43,7508.9126,11238.084
43,737.0784,1746.9423
43,4733.8696,16675.094
43,1581.0043,15270.114
43,626.9643,16657.004
43,14859.288,5210.8276
43,7249.576,7995.4707
43,12714.486,15028.999
43,19760.99,15050.821
43,9263.904,11525.208
43,399.06296,16906.906
43,2235.9185,181.84966
43,12778.0,18070.871
43,9020.595,5935.442
43,17164.307,7824.186
43,6208.7407,16764.777
43,5886.433,14094.661
43,5903.364,14091.3545
43,19560.316,15828.503
43,3302.6138,18780.584
43,13117.266,2359.415
43,15078.056,1409.8329
43,3260.5789,19655.438
43,14794.206,13379.701
43,8686.468,2371.5813
43,16533.516,8793.665
43,9056.758,17792.244
43,18039.475,5873.748
43,19200.14,17722.36
43,15841.257,6402.59
43,16583.658,5334.623
43,13700.547,5628.2153
43,19533.355,6431.0156
43,13577.597,17503.54
43,14851.932,18030.246
43,1001.64386,18210.424
43,680.7342,19575.455
43,12955.869,14510.1875
43,14295.648,4960.8525
43,6505.157,11092.966
43,1835.7687,12318.992
43,3711.7346,11810.955
43,9047.12,14949.153
43,2802.9424,5088.2437
43,1919.471,16448.418
43,6361.2925,14012.728
43,10813.483,3222.1814
43,12294.196,15510.749
43,12586.01,4064.3438
43,18278.818,8913.038
43,238.39369,12905.049
43,7501.632,12869.203
43,5510.1587,9184.335
43,12227.327,5720.25
43,19868.477,16104.372
43,18114.408,4052.4646
43,4844.6865,6389.9136
43,16949.916,17401.193
43,15756.461,15407.239
43,9196.591,8853.877
43,12949.092,11290.778
43,6632.051,12427.463
43,3254.4023,14484.662
43,5383.072,1829.0345
43,6238.224,17755.336
43,4312.173,16129.653
43,11409.605,10645.769
43,14252.4795,17503.303
43,4616.275,16920.959
43,4973.5366,17916.547
43,11436.364,3487.702
43,9724.687,11006.5625
43,18851.879,4783.051
43,14137.222,5509.0293
43,13439.692,8497.317
43,16922.035,9043.884
43,7031.2188,11744.273
43,13348.942,19684.684
43,242.78561,17541.484
43,12052.617,17196.389
43,339.47495,9414.059
43,7478.679,3379.8142
43,18592.725,8632.925
43,9218.84,15443.843
43,3360.509,2321.9824
43,13015.085,6279.6685
43,62.213284,1279.8481
43,14047.287,11415.434
43,14386.629,12685.691
43,11610.016,19044.578
43,15944.828,2892.4636
43,4930.203,18831.41
43,1550.3464,15115.155
43,2482.232,19209.521
43,5679.2417,18459.713
43,16686.867,9828.078
43,18202.01,4718.6753
43,11881.057,13154.855
43,16237.518,15736.804
43,13975.947,18648.275
43,8605.027,16196.908
43,18908.29,8835.805
44,10000.0,10000.0
44,17266.799,5656.2466
44,4366.8164,499.24213
44,5860.859,9261.928
44,16111.826,18017.35
44,14254.738,10761.666
44,10916.945,10745.528
44,14439.772,18501.021
44,3244.4949,2103.4204
44,13289.459,5799.519
44,2010.1079,6216.6543
44,7724.5815,12226.318
44,14076.926,15305.262
44,11023.973,9428.337
44,2030.5819,5996.411
44,5925.235,14900.026
44,7290.567,3922.748
44,379.4306,1780.6134
44,10787.27,7379.956
44,17179.979,16259.949
44,5969.098,11436.626
44,12072.08,12314.95
44,13498.201,7909.849
44,8955.925,6412.7856
44,10313.488,5353.228
44,15407.336,5612.95
44,18963.846,15825.165
44,18561.24,18526.707
44,1532.6307,13369.272
44,16821.084,50.893982
44,14801.394,3685.593
44,329.83215,9076.258
44,19367.805,15333.576
44,442.91943,18595.186
44,4906.579,14627.214
44,4075.185,1860.3574
44,7143.513,12730.175
44,4737.852,4919.594
44,14953.605,9409.773
44,986.48926,11085.753
44,11450.026,16711.463
44,14.741479,9589.006
44,8250.089,9499.679
44,11795.929,15617.007
44,16247.687,16776.258
44,14779.667,4641.9707
44,18336.723,5951.9927
44,1392.4144,10599.717
44,9597.794,8058.845
44,6131.319,15569.613
44,11115.281,15858.044
44,6150.2974,11558.537
44,4379.9814,897.58307
44,16536.424,13919.927
44,7067.2075,18957.055
44,19229.012,10878.233
44,1438.649,11161.319
44,16958.463,8717.896
44,13865.875,11771.681
44,14055.68,1622.5597
44,10768.632,5072.8804
44,3960.0635,15871.476
44,3208.5098,46.433304
44,15581.882,14488.295
44,6565.0547,11040.458
44,2007.1444,4098.6885
44,17984.652,11243.215
44,2629.8445,9586.344
44,17488.855,10414.042
44,852.0319,7012.1
44,2737.9304,5217.112
44,8131.598,4323.282
44,15607.032,12302.63
44,9800.762,12010.256
44,10047.652,17183.775
44,17540.605,12261.573
44,11407.222,15324.247
44,6612.0083,14596.56
44,19390.611,8014.039
44,4406.6807,1207.7156
44,11532.409,11133.181
44,1593.3485,8576.059
44,12912.25,1777.8872
44,5869.885,9110.399
44,12140.9375,18020.29
44,10081.918,1312.934
44,17330.15,8328.339
44,4751.334,4902.6997
44,12370.734,15968.449
44,16235.266,18419.795
44,17579.094,5376.63
44,5981.9727,17683.719
44,13886.413,7069.84
44,471.23404,19967.846
44,6814.2705,18398.87
44,14523.1045,1959.61
44,15796.054,17382.184
44,13352.829,19047.18
44,8593.236,12898.135
44,17811.46,9340.784
44,19633.266,10475.814
44,1599.0598,4363.3384
44,5060.227,4333.7676
44,19989.627,134.76291
44,3490.6816,1899.1907
44,14285.662,18958.316
44,15161.4375,15651.76
44,8978.909,16484.46
44,12907.435,15183.118
44,15174.776,8641.726
44,18888.445,4654.101
44,5872.8633,7850.072
44,8853.177,1083.0917
44,13741.314,8258.117
44,18814.264,12754.813
44,3032.8562,4761.4883
44,11598.407,15995.636
44,1475.9025,2327.6433
44,8497.694,3869.7698
44,1313.034,1828.3806
44,16366.814,3484.177
44,6059.9463,17659.795
44,19056.97,14779.067
44,3906.2773,6968.2275
44,782.74493,5289.249
44,7900.7354,5787.688
44,19980.775,9960.0205
44,14228.754,15369.074
44,3081.5884,18776.16
44,6805.7583,19932.094
44,12692.791,7366.709
44,8241.893,1609.6798
44,19255.443,160.53758
44,232.77435,3661.2349
44,1111.5665,2763.0464
44,2225.4185,11989.484
44,6112.1465,6914.1045
44,4457.6855,10715.532
44,13242.768,7241.0073
44,19090.709,2463.2275
44,17315.191,5211.851
44,9593.066,3532.7607
44,11125.228,17954.656
44,11936.135,4028.664
44,17807.453,1257.7908
44,19089.355,5215.8237
44,13310.843,14780.075
44,19008.412,13455.644
44,15415.202,11641.99
44,17509.736,13273.466
44,7348.5312,15480.394
44,3580.5696,1248.2312
44,7177.961,16041.523
44,19407.045,15394.782
44,16810.09,5338.8696
44,17743.227,1702.1261
44,10937.866,5200.4233
44,419.9263,4343.767
44,15160.055,16328.913
44,13935.607,13276.377
44,15068.472,9540.612
44,14788.46,6455.9717
44,654.57196,8141.977
44,11329.758,7757.866
44,10806.916,14953.842
44,13681.293,4931.6665
44,12224.734,5887.8257
44,16409.236,3299.6067
44,9852.99,14187.765
44,7750.161,15546.616
44,15226.761,5092.62
44,1187.4629,10570.828
44,7347.433,3465.05
44,18735.932,18946.672
44,9428.372,15760.107
44,12022.353,5541.01
44,11774.989,5905.302
44,17946.027,12877.588
44,10963.581,15648.178
44,15876.695,16679.148
44,13749.229,2721.3352
44,17468.088,11874.262
44,4982.87,18211.428
44,565.8023,5928.3296
44,8382.177,1408.3962
44,19327.115,4829.7314
44,5050.9683,2712.7432
44,6232.5137,13893.62
44,16695.148,6894.118
44,13386.914,8541.128
44,10055.637,15000.24
44,16965.379,12071.551
44,5177.738,6770.506
44,18132.574,9145.108
44,5154.686,8332.423
44,8963.099,4252.0913
44,11398.318,9879.5
45,10000.0,10000.0
45,19816.297,9904.209
45,11351.85,19209.736
45,2384.8303,9339.975
45,1619.6517,12644.193
45,2718.3523,14205.44
45,7690.303,7486.876
45,1262.7294,13692.387
45,7847.6875,15157.849
45,13230.26,1902.5582
45,967.60144,12926.511
45,9481.158,18590.453
45,9991.416,3635.7173
45,4616.255,3604.1223
45,12403.198,1939.9932
45,6204.792,2840.048
45,5406.961,18889.674
45,16647.822,8647.7705
45,2246.8804,6570.0547
45,5352.764,8220.737
45,10087.311,7666.742
45,13398.453,13663.457
45,14780.588,2020.1545
45,13002.614,963.08136
45,3300.485,16973.713
45,466.1934,14720.196
45,5117.7764,7.9417067
45,18357.07,17498.133
45,19644.826,1105.1025
45,9863.613,8918.135
45,12824.842,1890.1788
45,13712.601,13557.893
45,12054.498,13585.592
45,15835.948,2617.9392
45,4571.29,9235.942
45,1843.8212,7498.219
45,7624.389,2414.2312
45,2073.3447,2083.176
45,19584.15,13409.148
45,9770.421,5410.3687
45,1559.4253,10877.93
45,19230.172,3682.6643
45,3317.0247,19972.42
45,6022.0166,13629.774
45,12656.99,6105.2075
45,16114.712,60.075348
45,5.1674356,16809.629
45,13181.895,22.741394
45,11640.017,16495.871
45,15084.921,321.48907
45,3786.193,4297.695
45,6914.5425,17368.863
45,1209.335,18491.951
45,15657.863,1375.1328
45,19046.336,3008.2505
45,1387.8451,3816.6804
45,6030.923,12450.488
45,11096.91,1178.0908
45,8149.5015,16364.499
45,6476.5234,18883.543
45,1168.242,2525.1882
45,9495.004,9030.498
45,14532.5625,3979.7986
45,14767.722,11264.0625
45,16392.492,16984.814
45,14408.825,6785.5664
45,6487.225,7616.0645
45,1100.5903,9178.141
45,17865.723,17035.635
45,10704.939,12158.006
45,5831.2407,16779.768
45,11735.011,4209.0737
45,17584.852,14110.778
45,4329.7266,14656.142
45,9428.175,3413.2102
45,14027.86,120.97526
45,15734.108,17740.395
45,16253.799,17214.182
45,11652.963,8892.583
45,13817.22,14482.966
45,5921.734,5740.618
45,9754.274,15399.082
45,576.39685,13519.261
45,19348.021,14167.132
45,19297.553,14983.618
45,12644.272,6273.6553
45,7767.467,19826.56
45,18989.832,12429.006
45,10771.277,7493.061
45,5632.563,12688.915
45,1546.0682,15198.626
45,18789.83,11546.463
45,6989.7866,4427.3433
45,4003.684,2045.2063
45,12724.133,4240.8584
45,3835.7197,7459.6416
45,3891.795,3245.144
45,6704.6157,11367.756
45,3639.049,1870.785
45,2173.2822,5376.371
45,5154.791,6856.9424
45,3360.998,5424.096
45,2826.5527,12118.698
45,6171.6997,19527.191
45,7680.044,4386.3013
45,2553.8274,1259.4943
45,242.29553,12286.73
45,775.2829,7663.267
45,8643.661,10349.517
45,6008.3877,567.0002
45,9700.759,17144.8
45,11843.884,15075.408
45,8540.254,13226.58
45,16799.521,11224.537
45,11126.668,4429.2817
45,19228.605,15006.098
45,10804.666,15565.573
45,1515.3763,14047.993
45,7307.589,3121.609
45,8551.268,16892.572
45,9442.726,16533.652
45,13385.719,15418.308
45,54.217224,1016.82263
45,11967.756,7487.6396
45,12973.741,10293.841
45,10874.03,14400.545
45,12616.486,4050.6094
45,4575.81,12338.937
45,18338.035,17699.297
45,15800.743,15929.533
45,9553.639,3335.128
45,5225.007,19907.725
45,16454.121,17782.137
45,6051.098,3207.272
45,832.646,6636.17
45,374.7252,12075.666
45,13651.771,1082.5409
45,2874.1467,12385.864
45,932.5318,2235.839
45,19916.803,10793.926
45,11035.399,11884.197
45,8938.089,19834.08
45,7579.412,10563.809
45,10929.711,18753.344
45,1277.3053,17352.875
45,6220.9326,15865.931
45,10882.436,6677.1475
45,15419.471,15875.838
45,1828.5399,8216.295
45,2805.3972,7666.299
45,10996.051,6814.9927
45,4427.792,5365.6084
45,16147.095,8701.659
45,18377.137,4594.879
45,19103.371,17736.12
45,2412.801,10298.17
45,11166.986,671.2174
45,14968.008,17225.568
45,2182.7327,4730.092
45,19006.836,12637.1045
45,4087.9592,5081.802
45,16918.65,16921.963
45,11545.52,19315.844
45,7323.712,9884.445
45,14806.51,5556.4277
45,6422.6567,3042.929
45,10503.906,19108.938
45,17860.074,14366.884
45,1638.8374,19049.693
45,15569.091,6659.8545
45,19480.473,19640.365
45,3809.1628,6247.6455
45,8110.664,12136.149
45,13159.574,9178.844
45,10492.904,4938.98
45,4139.032,13646.358
45,15793.706,17750.494
45,15558.801,4800.6294
45,7786.9053,19660.195
45,3557.1638,6712.6465
45,16483.684,8818.339
45,17450.436,1293.1989
45,7871.0557,7608.9966
45,3786.5881,4570.881
45,11283.981,19628.742
45,17343.496,15740.15
45,6661.393,2990.3848
45,9120.573,19214.164
45,7258.6387,5140.8364
45,11711.923,5248.467
45,15923.319,8190.1006
45,13141.647,10140.908
45,13360.466,4168.214
45,13577.183,12901.004
45,14406.764,5500.943
45,19615.352,2014.7563
45,12215.719,12311.592
45,10718.719,8347.14
45,13642.616,7734.2954
45,8051.98,18931.148
45,19347.19,7488.279
45,7538.369,17705.59
45,3136.0742,6866.188
45,3980.622,16563.432
45,3750.9595,11908.325
45,9629.605,4564.752
45,6548.991,6794.708
45,17932.092,9326.485
45,17970.72,7419.116
45,13542.507,18073.32
45,16541.467,9633.7295
45,1174.8206,11239.05
45,13426.893,15019.895
45,16400.215,7053.545
45,18518.86,3362.9387
45,17426.281,262.39468
45,16366.773,6362.348
45,824.94116,16660.688
45,200.14444,2398.84
45,9760.105,3200.3684
45,1734.6417,7701.198
45,2510.0474,6521.288
45,16695.172,536.3296
45,7954.222,1798.8672
45,1261.6102,16302.77
46,10000.0,10000.0
46,14117.407,10231.882
46,7282.81,6724.1772
46,9539.175,6716.9736
46,751.43146,2780.1365
46,14708.068,6222.9507
46,8277.989,1385.3147
46,1637.6725,7977.016
46,19634.248,14193.189
46,12056.446,6619.6045
46,16509.553,18098.371
46,6130.818,18934.357
46,3694.3489,11986.291
46,10882.734,19937.498
46,18410.176,14576.489
46,10637.927,19451.244
46,15316.356,3823.3872
46,17011.035,15158.511
46,3865.0278,7791.3955
46,16521.156,4332.369
46,11242.225,6009.078
46,9182.919,921.2815
46,19167.533,1252.3654
46,9572.402,5498.387
46,3299.4785,2342.8247
46,16167.97,9578.116
46,3021.856,7414.179
46,19788.39,17258.033
46,19258.96,7039.227
46,2652.3198,19.56718
46,19037.26,9760.336
46,9020.658,2032.8658
46,4145.751,1169.2263
46,18609.46,11304.129
46,1658.6262,1750.883
46,11913.081,14663.541
46,7990.988,11636.107
46,15404.261,13819.494
46,14932.024,13202.5
46,7162.549,388.7588
46,5950.158,16833.643
46,11081.432,7080.406
46,22.002966,5457.075
46,5499.859,5255.357
46,6206.2964,18380.68
46,13411.817,13595.25
46,10683.493,18711.023
46,13921.644,17177.102
46,4228.3804,370.3232
46,7994.366,14619.164
46,18412.682,7400.9424
46,12977.756,5973.8857
46,6391.4844,16287.884
46,9602.993,11421.909
46,10716.075,18491.8
46,7337.511,5316.9976
46,10337.093,15247.064
46,5726.835,1316.3146
46,3174.5947,19516.316
46,3134.6184,12009.219
46,9502.736,18612.275
46,18708.057,19058.723
46,3153.25,12016.621
46,17528.76,5292.1104
46,11116.516,16850.934
46,15415.281,17619.4
46,3894.7095,18870.799
46,14592.08,5247.8174
46,2208.049,9423.254
46,18983.166,13141.535
46,15903.724,8899.802
46,14106.645,14674.875
46,3996.6553,19143.576
46,10464.327,13815.721
46,17806.035,6526.335
46,13145.03,19441.867
46,19828.725,4790.2666
46,10808.489,11915.793
46,13428.466,17615.988
46,8881.861,17511.125
46,2009.3877,15219.333
46,3759.5383,15928.163
46,17264.467,7759.913
46,3313.177,9154.36
46,8810.126,13887.014
46,8097.605,11704.685
46,11243.777,18267.908
46,10476.26,12523.536
46,5551.4717,2471.312
46,8891.766,17712.889
46,8199.463,10939.042
46,9806.436,1996.7009
46,18184.023,10703.689
46,18926.727,16381.804
46,19994.51,8621.146
46,8987.474,19941.004
46,10691.023,13034.18
46,11852.349,7313.576
46,9710.821,14012.111
46,19010.016,7301.125
46,3990.643,1676.1354
46,4609.3096,626.9763
46,15400.738,13577.601
46,14621.785,10700.056
46,11822.864,12645.471
46,15354.099,5023.639
46,15846.37,1255.7769
46,4752.8853,17461.863
46,18627.682,5350.361
46,1859.6086,18069.77
46,13530.127,4178.897
46,18501.064,18634.65
46,15465.587,7543.2007
46,17128.055,12834.537
46,14776.559,16741.186
46,4963.963,13420.129
46,15716.541,11479.122
46,11530.29,16427.309
46,2824.2246,2655.1914
46,12496.549,7019.305
46,6724.704,8439.511
46,926.8437,3679.06
46,7999.937,17767.273
46,15088.553,14452.904
46,10495.584,5549.602
46,10271.415,11308.955
46,301.68146,11756.173
46,2806.2886,5487.3057
46,9606.843,8084.7363
46,9015.303,11426.48
46,15784.828,65.446236
46,1442.3085,5430.923
46,16314.248,7985.896
46,5937.082,2508.8208
46,8777.528,14779.905
46,15032.239,18829.326
46,17586.832,7754.8203
46,2872.713,3504.2383
46,12670.431,7204.2935
46,10842.186,15551.46
46,15270.439,5809.1865
46,15392.203,5947.8423
46,17635.896,16392.744
46,7551.917,874.02423
46,9012.338,9116.203
46,4786.0034,14034.92
46,7201.893,16661.496
46,18585.58,16999.291
46,15807.781,1243.7936
46,5563.959,18922.027
46,10378.4,5008.102
46,7921.805,6233.4316
46,10170.904,6479.0415
46,1563.2102,6204.8257
46,11290.118,17069.664
46,3259.8423,19698.45
46,5902.075,2859.919
46,8253.855,10320.267
46,11764.414,5598.939
46,2199.862,11648.974
46,15650.207,2390.1753
46,17109.422,10204.805
46,18970.564,5502.331
46,841.9967,6766.628
46,8159.1313,4892.4067
46,17042.156,27.89875
46,19061.855,15886.815
46,5357.117,5105.0903
46,18008.314,245.26251
46,18705.22,16032.832
46,2920.5852,9631.865
46,7956.4395,17132.004
46,6723.8657,4363.64
46,11581.342,1202.8496
46,13655.808,18933.066
46,7961.51,8292.043
46,11943.827,16638.004
46,4618.1523,17506.943
46,10987.231,5076.0713
46,1320.3148,13170.994
46,11480.437,13801.185
46,11105.074,5936.415
46,12674.899,14466.762
46,8846.358,17288.664
46,7236.8755,14991.298
46,19000.79,15935.239
46,5844.049,10064.176
46,19832.777,8128.6953
46,5072.3394,1689.4214
46,12538.651,4938.702
46,5725.6934,6011.54
46,8964.864,11168.904
46,3227.3818,2099.0662
46,12807.022,2293.1018
46,7544.573,454.89175
46,1420.9957,12659.202
46,1200.5073,16827.965
46,7855.835,11690.939
46,12891.315,15876.781
46,19756.0,14759.14
46,3878.9497,15978.164
46,9915.561,19984.32
46,13576.456,16903.754
46,335.33603,10306.322
46,10732.645,2237.9905
46,19557.102,5801.5366
47,10000.0,10000.0
47,289.3981,4977.4336
47,17851.992,19033.537
47,7483.306,10644.195
47,15425.119,3552.8267
47,10658.983,6428.233
47,7033.214,12610.415
47,5477.4326,18113.816
47,5517.112,16037.941
47,18238.92,5313.3403
47,8855.818,19918.965
47,8769.587,16797.998
47,5715.571,8483.385
47,17069.867,1704.8295
47,1337.7959,3722.7988
47,16674.32,6576.7876
47,8395.79,15511.0625
47,14851.115,7549.7183
47,10575.695,17573.145
47,3050.7512,4189.0107
47,13703.618,4050.3416
47,3297.2097,19310.143
47,12536.282,12771.212
47,7338.8706,772.05304
47,9360.604,7374.806
47,684.079,18529.32
47,18227.729,14643.709
47,15933.026,18829.277
47,16007.348,1631.8386
47,6795.151,8495.15
47,12363.48,12059.925
47,14624.709,13278.311
47,16134.955,13776.924
47,5518.0054,9554.371
47,858.88257,15953.553
47,10591.122,3700.7556
47,10673.523,16909.223
47,10405.148,10264.367
47,19186.08,5659.526
47,19411.7,18557.502
47,4949.3877,11209.279
47,6279.8843,3024.8872
47,10544.337,6685.383
47,17651.729,9953.895
47,2770.304,3386.4453
47,16066.456,14709.252
47,14089.262,11552.405
47,7626.743,16237.021
47,7325.8223,15981.587
47,7477.568,13377.458
47,15590.527,11228.845
47,3554.8677,2116.3042
47,17856.887,19601.898
47,6067.543,1274.6362
47,17486.611,10558.522
47,18117.031,19207.445
47,10884.98,14060.037
47,13864.187,6484.876
47,8509.032,16050.794
47,369.34857,7076.8047
47,8916.765,7753.0146
47,5925.4004,16808.342
47,8501.1,14161.197
47,9383.458,5433.774
47,7273.364,3994.348
47,913.4346,2156.1357
47,11281.52,16405.06
47,3508.1694,7882.3813
47,565.8423,1104.8619
47,5080.9917,17945.232
47,7580.862,13431.708
47,13393.857,16312.95
47,7946.306,10688.981
47,14545.299,14534.271
47,15947.416,4084.6128
47,9719.61,2349.9128
47,18895.732,4555.885
47,13639.541,2797.7888
47,12049.25,7861.9893
47,9598.063,18931.293
47,2069.644,2825.7488
47,16989.355,7640.1504
47,12191.112,5059.6025
47,11394.377,9055.472
47,574.74457,7415.497
47,14749.386,5376.056
47,16304.516,12026.964
47,4551.34,13503.134
47,12864.9375,2540.7683
47,14631.158,5802.906
47,2565.0896,8368.835
47,102.77279,1056.8397
47,9404.613,8553.016
47,2985.1997,15598.852
47,9538.146,320.8149
47,13826.282,19445.156
47,15658.229,8726.751
47,17635.44,7384.4785
47,11340.657,10212.458
47,10971.821,9265.799
47,13920.361,13097.05
47,4963.41,1101.4154
47,18680.66,13750.28
47,4287.65,19371.518
47,145.50746,6789.6265
47,11658.953,8729.263
47,5260.9463,13185.485
47,12709.129,8375.565
47,17495.75,19566.523
47,2756.1006,10197.881
47,12168.108,18522.758
47,18775.969,8229.293
47,19033.48,1094.0092
47,74.07944,10090.753
47,12584.548,7303.8594
47,3624.3577,5158.6724
47,18507.83,17031.994
47,377.9134,19232.904
47,567.6443,6910.479
47,3914.6548,8017.3086
47,3096.7715,136.08542
47,13725.469,8753.885
47,13668.17,1246.9492
47,17059.021,2719.9724
47,737.13367,699.3635
47,1944.0955,8021.9624
47,12701.798,1772.1266
47,1004.17706,10794.264
47,18044.61,12233.862
47,19999.674,2648.3096
47,649.5468,15583.5205
47,5917.3086,14619.089
47,4194.3623,7033.204
47,11182.618,1589.9908
47,13586.829,16554.004
47,5491.04,11356.901
47,6400.993,15827.186
47,10607.153,16820.799
47,6556.9077,2434.96
47,17145.791,9818.147
47,7074.237,6645.954
47,10047.594,16206.81
47,2469.53,2693.7715
47,7144.6187,4739.009
47,15680.791,17212.207
47,2991.0315,3002.843
47,16862.975,2626.3257
47,2829.009,6097.9663
47,13624.779,3237.505
47,16214.287,10642.271
47,19044.248,1502.2003
47,7232.9355,4363.3955
47,3039.7244,19230.158
47,19950.14,1596.4513
47,19046.143,19021.26
47,9217.166,5018.7183
47,299.31683,4237.093
47,2733.7021,17684.818
47,15013.345,12980.327
47,2466.2793,5328.7964
47,12510.493,11506.722
47,3718.6458,17907.182
47,10108.374,2440.1384
47,6081.2812,2069.6506
47,7696.9995,595.3992
47,5759.496,18134.723
47,16933.67,12626.853
47,8767.939,685.4697
47,19749.908,14920.379
47,6659.177,2181.969
47,2557.1274,12584.286
47,18267.09,2647.1816
47,12096.652,18473.096
47,1015.4944,478.1748
47,8965.05,16974.66
47,5945.5625,12657.132
47,15260.474,2050.1177
47,10195.491,16306.05
47,10861.871,15418.643
47,3741.5051,14899.188
47,7299.084,3877.1519
47,9042.134,6794.8286
47,803.8822,4735.8633
47,10449.313,3729.449
47,8188.713,2369.166
47,18559.592,9754.077
47,10182.225,11768.6455
47,2545.5579,12822.147
47,10456.01,16556.084
47,4608.24,3214.9883
47,12449.652,6315.214
47,7445.479,10371.616
47,10306.753,2160.8289
47,7165.584,8247.358
47,3051.337,15057.83
47,12892.709,2437.8694
47,15857.762,2310.624
47,2037.5748,17863.975
47,1424.246,8665.744
47,14770.668,2782.1816
47,11709.088,12676.305
48,10000.0,10000.0
48,10758.269,5541.198
48,8774.615,5403.2285
48,15556.106,15597.5625
48,8165.9424,6675.266
48,10565.514,16457.66
48,13881.36,16682.688
48,7284.172,8602.37
48,10096.386,1116.099
48,18008.436,14469.555
48,853.7216,16768.533
48,6823.502,7177.973
48,18772.287,2485.6406
48,11244.984,17761.283
48,3056.8237,17287.9
48,3030.4202,17652.748
48,5983.204,15590.469
48,1109.6132,16737.02
48,9579.83,3652.82
48,12766.09,9847.284
48,12208.686,10866.007
48,3621.3953,485.42685
48,16662.725,13549.762
48,336.2328,14902.209
48,2036.2994,850.3114
48,17468.799,7129.0874
48,4997.633,4646.4097
48,13975.843,15054.903
48,15979.393,2211.3403
48,13125.93,14029.928
48,5760.571,5694.233
48,11325.421,9323.809
48,9564.317,13248.469
48,10009.382,12217.508
48,11394.683,8918.435
48,10680.008,14058.86
48,13400.862,12538.567
48,559.80145,9961.211
48,13220.714,19656.232
48,8005.583,762.3382
48,1556.4316,3707.2864
48,4714.5107,12506.566
48,14528.397,1638.3853
48,19970.697,12421.232
48,12509.773,6082.7046
48,627.3192,12660.938
48,14924.756,4974.7466
48,11558.551,14069.609
48,13427.483,8322.808
48,15891.343,14622.217
48,9504.831,17416.652
48,16255.891,19458.416
48,19326.844,7152.388
48,3483.5134,1779.5024
48,15564.49,6428.432
48,16441.316,15792.6455
48,12866.998,12925.256
48,7665.7305,16174.006
48,2119.8018,10133.988
48,160.44981,15194.097
48,15508.537,7502.094
48,15928.221,2842.8271
48,19171.445,6397.0815
48,756.45825,814.6329
48,8153.3506,9187.627
48,18238.326,15939.578
48,16546.125,2739.0823
48,4691.8364,10633.379
48,13030.526,16585.953
48,126.00887,905.0031
48,5705.9814,2938.4553
48,11459.721,11719.2295
48,869.45337,9084.875
48,3695.2947,19392.152
48,3843.1333,4526.95
48,5655.1206,14662.742
48,16173.6875,18503.066
48,14558.52,7781.0767
48,2128.1714,6615.2637
48,1148.9647,11090.431
48,10097.656,5131.7905
48,3394.2148,2513.6238
48,19372.07,13784.905
48,9679.484,1598.7052
48,3804.7964,8433.21
48,8594.414,16107.867
48,2291.4038,5796.2344
48,18665.447,9039.769
48,5404.336,5943.6436
48,15369.236,13920.305
48,2272.1633,5365.3027
48,12608.761,1778.0231
48,8284.974,4389.424
48,13290.443,18038.363
48,14986.037,15408.583
48,8726.679,9623.26
48,3268.5369,1983.8427
48,7127.2007,712.5281
48,4448.717,485.26608
48,11705.373,9112.138
48,4611.8657,8378.757
48,16347.9375,5359.881
48,14163.715,17432.28
48,5738.338,17410.572
48,19255.004,6976.506
48,13028.068,1131.5336
48,12730.234,5525.7617
48,14234.515,7305.27
48,3231.2375,3125.697
48,14577.233,13548.238
48,1902.1213,15101.328
48,3495.5786,16376.157
48,16599.992,10446.93
48,4902.509,6135.996
48,9892.179,3062.805
48,14657.517,19437.137
48,5276.067,18553.621
48,15671.557,19367.842
48,12921.949,11291.005
48,16721.492,10969.8
48,822.3399,2048.9644
48,3632.1052,1368.7616
48,1585.1376,2148.9324
48,84.24336,15900.102
48,15529.821,12916.07
48,14160.914,16543.078
48,13034.088,19465.018
48,18969.03,15365.501
48,17158.57,9506.533
48,592.3976,9251.572
48,13607.928,7159.494
48,15168.878,856.8635
48,3032.2056,8035.868
48,4852.519,1222.1593
48,9684.767,389.07693
48,2089.8955,1702.942
48,12753.301,11422.624
48,17897.828,12509.8545
48,10862.098,7533.3677
48,17988.291,16449.795
48,13933.59,17749.777
48,1888.2971,9146.477
48,7556.507,8759.925
48,9822.592,15566.868
48,9331.158,17907.848
48,3318.2097,961.71
48,1043.5402,17878.785
48,10338.639,9483.441
48,3484.7598,1455.0828
48,1383.5159,18216.28
48,11493.83,16266.383
48,15173.481,16377.167
48,16263.713,10862.609
48,5514.699,16936.668
48,3162.2659,13380.383
48,4807.671,19491.506
48,9706.166,2226.601
48,16624.535,16813.049
48,439.0994,9407.237
48,786.08563,3452.884
48,11542.788,8827.075
48,1216.7856,1789.274
48,18872.646,18590.23
48,17135.287,4510.6235
48,9733.339,16433.805
48,10737.082,6094.8696
48,3163.4084,17580.693
48,15082.119,14784.462
48,10388.692,18956.168
48,18653.562,10927.348
48,4333.0103,12519.043
48,2010.5946,17613.715
48,5453.9272,19147.76
48,1965.3162,6225.7925
48,303.45544,3235.5005
48,7169.664,16216.937
48,3838.7354,19589.55
48,11017.415,18923.836
48,9358.731,11310.961
48,8325.4,15658.809
48,8423.014,10092.904
48,844.6531,6532.746
48,6007.477,17485.451
48,16181.003,15384.752
48,9757.472,7748.641
48,9990.577,6992.7905
48,9861.53,18385.285
48,1112.8641,12733.281
48,3259.8894,9378.219
48,14195.593,17811.596
48,2860.7708,5989.391
48,3993.9114,7915.715
48,4824.5996,2832.4646
48,5421.3457,18963.639
48,19803.453,15677.393
48,13886.392,19698.225
49,10000.0,10000.0
49,667.17444,7514.795
49,1190.2999,19777.707
49,9188.683,13736.213
49,9576.46,15117.26
49,10100.559,10132.641
49,9136.7705,13342.002
49,9012.437,902.4853
49,14944.202,11312.811
49,10727.213,11156.308
49,3514.6985,7802.319
49,3621.9312,3535.71
49,16494.287,10258.262
49,10525.787,6155.192
49,5611.758,11544.589
49,3329.586,17822.4
49,19390.076,13838.2295
49,6440.721,12586.957
49,16394.992,13712.743
49,13976.794,19438.64
49,16817.332,9437.272
49,11380.822,2730.6106
49,13330.512,19753.582
49,2549.8516,12896.239
49,18391.082,8844.755
49,8560.621,9731.711
49,16022.807,16483.299
49,12041.499,16307.817
49,12315.785,10484.593
49,10132.279,13953.98
49,5192.9253,14809.884
49,12871.284,1353.8878
49,16878.068,3247.4702
49,9786.581,19962.31
49,8280.229,15911.73
49,9051.4375,1975.9246
49,12525.157,7092.224
49,19967.459,1962.7589
49,1975.1975,8611.978
49,5595.8955,6259.279
49,9311.018,10051.138
49,6888.899,18413.61
49,8418.807,12374.261
49,9740.199,15343.493
49,13969.759,9813.478
49,14179.3125,5085.378
49,18594.797,8443.151
49,3500.5237,9314.881
49,12465.24,8503.386
49,13720.0205,13062.411
49,16667.24,3499.5208
49,2514.783,19244.7
49,5293.4023,8689.858
49,11567.774,17614.2
49,16136.1875,1458.1499
49,13314.72,2825.0083
49,6147.217,585.68463
49,631.30786,18774.615
49,15740.468,18442.47
49,6621.397,6688.109
49,12929.224,4082.8774
49,16791.223,5897.617
49,13313.675,13826.732
49,12516.538,89.72586
49,9238.422,15863.952
49,15618.105,1162.1256
49,10151.011,196.91739
49,2221.0327,10391.923
49,11565.409,14309.124
49,609.58,19932.527
49,17.434683,15992.139
49,10785.055,7866.1943
49,5870.1597,14568.143
49,18822.525,10089.804
49,3713.774,753.41547
49,18560.303,1959.2035
49,1350.6055,5449.809
49,9424.434,19239.574
49,11332.773,7556.8423
49,9456.172,17887.77
49,12078.364,16653.607
49,8071.3696,15413.628
49,1669.5349,18653.314
49,10449.921,15345.343
49,14757.1875,17589.396
49,7443.7285,8829.597
49,11468.047,923.2084
49,12357.338,522.11786
49,5895.7075,10536.211
49,5327.0435,16702.324
49,17486.957,9817.118
49,9247.136,18297.902
49,10129.774,19859.916
49,13240.238,9657.939
49,1213.1477,17450.867
49,10673.157,2192.4873
49,13781.027,13203.892
49,646.91895,14696.445
49,13387.526,6101.3887
49,14277.255,9677.156
49,5659.1694,15888.833
49,9690.247,16207.619
49,18622.693,5292.496
49,15846.537,10385.971
49,19146.38,18836.219
49,8742.582,3876.002
49,17461.707,18973.318
49,16891.133,1376.6505
49,15091.021,15687.372
49,1530.3091,8797.167
49,8431.136,14113.132
49,5387.2827,9118.3955
49,123.56413,18788.629
49,18577.174,12452.874
49,12485.434,12423.486
49,1862.1101,8350.188
49,18723.697,9303.277
49,11085.551,13243.335
49,8197.388,13770.26
49,5736.5547,19391.594
49,10821.082,3042.6714
49,7366.8657,3552.0776
49,13394.315,11919.076
49,2919.7432,15398.802
49,14.746413,18508.934
49,13721.253,2508.866
49,12576.608,12873.69
49,16448.213,6326.1396
49,1768.2272,10464.799
49,1632.3254,3456.038
49,3425.7244,17409.812
49,2385.712,14751.027
49,18832.75,882.7602
49,15938.073,19219.705
49,6113.2476,6817.2144
49,12785.92,3309.9888
49,15049.467,4190.432
49,7355.3926,15706.488
49,2482.055,776.2469
49,16781.744,6071.693
49,14321.613,1945.4087
49,6906.2935,12123.948
49,10041.879,6810.993
49,15494.729,2027.9487
49,14226.063,15380.246
49,5201.822,15785.466
49,15358.119,2978.4277
49,6419.8115,3321.296
49,8557.259,17986.771
49,11841.329,2221.749
49,18029.805,15592.498
49,2891.1228,9393.945
49,17541.469,5361.531
49,3255.9077,6698.251
49,19801.246,19949.506
49,15851.789,1763.951
49,17793.262,8030.3027
49,10117.534,14114.661
49,7337.9824,12809.368
49,9780.741,8622.832
49,12237.127,11427.558
49,3964.1248,7007.667
49,7615.05,10475.949
49,6626.6177,14555.176
49,6990.2534,13705.963
49,16869.824,4571.381
49,19170.418,15165.603
49,8937.535,10454.235
49,17833.732,9416.295
49,12864.223,13478.29
49,1529.7941,4200.3823
49,4610.682,19602.514
49,16843.482,17712.291
49,17656.486,10682.674
49,16428.441,4063.12
49,2707.4302,1422.6293
49,13976.548,12625.905
49,3983.4626,15449.991
49,5942.9077,9249.514
49,3441.4841,16451.928
49,7545.5854,4040.2446
49,13952.641,11513.547
49,5709.3374,19937.07
49,8663.827,15146.987
49,14515.72,10387.773
49,2288.1423,8035.0996
49,485.9624,16933.693
49,13686.902,5885.168
49,2989.2827,904.92737
49,18381.014,11605.404
49,7326.0215,2663.9001
49,19211.814,4055.9587
49,10539.928,5870.373
50,10000.0,10000.0
50,16710.807,15915.47
50,6434.212,6640.1396
50,6578.942,18828.27
50,8563.201,830.71814
50,3829.8408,3480.1626
50,4224.107,12604.22
50,8869.322,11630.743
50,17380.932,13324.779
50,1707.7388,4220.1074
50,11664.467,4378.1255
50,8679.381,2443.4607
50,8711.021,8957.435
50,13991.008,13582.132
50,17173.795,14956.548
50,11130.28,7848.953
50,8248.924,1477.798
50,12937.886,3005.1218
50,19566.59,16767.607
50,12901.659,1289.8186
50,1828.8545,8866.869
50,3417.2446,3497.4885
50,9957.315,10111.395
50,15627.269,8511.949
50,11957.97,6627.491
50,18968.863,15282.561
50,14718.134,2563.2222
50,10489.694,14097.65
50,2638.6252,5357.7456
50,6689.3047,9180.778
50,2119.175,17254.785
50,18748.303,19549.207
50,13560.499,3488.302
50,11353.959,15279.412
50,19907.28,2989.1091
50,11867.269,1501.6567
50,9694.197,2143.8223
50,9121.63,15418.596
50,5587.7847,13060.492
50,851.60095,6937.6235
50,5567.147,9829.955
50,3385.387,13843.638
50,10048.251,1755.0634
50,1260.4675,10603.325
50,18495.084,14836.441
50,3923.4658,17754.758
50,1643.7087,9455.511
50,19810.203,9355.762
50,8178.6675,9031.746
50,11182.295,14905.416
50,13661.702,16052.367
50,12379.104,9778.167
50,14170.275,57.586266
50,2512.5828,3031.192
50,3499.1052,2560.6877
50,433.74863,10223.163
50,13076.943,16230.982
50,12728.515,8162.6646
50,18215.771,11389.851
50,15300.152,9668.699
50,11744.98,5296.791
50,4309.598,1447.9384
50,3209.5972,2819.3594
50,13752.844,935.4366
50,10455.7295,13431.419
50,17042.7,14327.3545
50,4240.9272,19825.44
50,19386.354,18547.244
50,5885.903,6463.4336
50,6870.789,14939.095
50,18400.42,14745.377
50,10467.253,18101.727
50,11901.634,9724.421
50,8050.779,6295.6313
50,13864.902,3006.8901
50,11801.122,2952.9463
50,2452.985,17864.611
50,8635.214,1848.2417
50,15947.829,19969.658
50,12430.982,18687.52
50,921.2614,1418.9838
50,7490.44,7203.429
50,15469.187,11215.282
50,1002.4528,16308.651
50,1555.8573,5877.974
50,4071.8357,11981.649
50,19053.95,12266.204
50,14774.27,19460.521
50,10292.923,6190.7
50,6802.766,8304.991
50,13880.63,13590.592
50,1722.0656,16617.62
50,3229.5415,13668.726
50,14173.72,2166.6882
50,13488.894,14468.237
50,17318.28,19046.982
50,16024.676,11334.748
50,6045.1772,8001.645
50,19774.28,589.02783
50,10542.119,9839.461
50,19766.746,7000.352
50,7931.5386,6577.6704
50,3096.8994,2352.1892
50,7809.332,3709.5024
50,719.2661,10097.364
50,4212.487,12820.253
50,9929.115,6474.315
50,1930.6014,7713.3896
50,11368.12,6756.5234
50,7696.6367,6616.8726
50,14323.535,4837.2285
50,10330.776,16117.118
50,13765.9,16092.834
50,9384.889,1515.0883
50,19208.883,9073.063
50,12540.655,4551.902
50,16147.914,17321.09
50,11951.982,3806.0627
50,10854.564,17146.902
50,8718.5625,8709.564
50,9638.929,17339.227
50,14637.321,15661.55
50,3163.3535,17799.396
50,11653.942,11535.867
50,15422.581,5794.0405
50,9979.942,15411.166
50,9938.92,17476.22
50,7067.304,16771.5
50,4096.591,12744.438
50,1394.0719,11413.978
50,11814.446,19065.209
50,8022.5264,14866.341
50,15364.964,18321.242
50,6529.72,16090.405
50,17368.033,15632.935
50,8778.573,17228.379
50,17491.967,12048.265
50,19442.3,7649.356
50,19182.39,12473.982
50,15065.263,15518.317
50,15150.974,18281.775
50,11009.681,15290.707
50,3446.29,4631.2793
50,7473.2236,17691.584
50,21.911306,12248.956
50,10358.337,5714.1094
50,5297.21,1525.5688
50,15967.925,3819.3848
50,3365.2466,19891.117
50,8577.76,1907.354
50,17631.926,11930.363
50,17565.615,18113.068
50,2899.0732,8875.936
50,7132.6733,10677.888
50,10618.317,4510.4546
50,12204.045,1387.612
50,15752.81,8128.594
50,5425.1445,6566.0464
50,4227.1074,19293.807
50,9380.406,12719.061
50,12696.048,274.43042
50,16722.398,574.61084
50,11570.99,5959.641
50,12250.4795,7409.092
50,12326.823,18966.14
50,3547.145,1022.08545
50,6018.419,4475.1333
50,14908.035,16787.4
50,8793.978,11385.165
50,6886.089,17641.084
50,7532.3525,5702.8604
50,2250.3271,6691.396
50,5791.4214,5387.0605
50,12502.192,8715.563
50,16561.586,17721.53
50,11289.977,11760.031
50,5062.0464,302.15518
50,11015.332,15501.32
50,13525.719,19684.57
50,5302.241,12493.761
50,18768.96,6383.7827
50,9761.662,11388.213
50,6922.4575,4294.065
50,10541.512,7822.367
50,19006.066,5488.7676
50,4973.259,10378.712
50,830.4605,8687.277
50,5393.676,8974.38
50,7302.937,8607.493
50,13912.672,16191.087
50,18888.598,421.49396
50,3390.4592,8355.111
50,16801.744,486.54523
50,1549.229,18744.664
51,10000.0,10000.0
51,16170.78,19004.229
51,11813.554,15805.382
51,18964.736,18631.941
51,11680.495,5991.18
51,609.0907,5708.8877
51,7331.8955,10454.857
51,10118.784,7489.8086
51,7532.848,6437.7363
51,10312.132,19361.846
51,8422.754,9494.611
51,14521.229,19330.92
51,18808.213,18175.152
51,8799.93,4641.8057
51,8748.756,7452.347
51,6267.458,248.55566
51,6156.5405,11690.075
51,1530.4274,11389.04
51,17269.754,9731.342
51,11999.379,19535.148
51,3570.833,6311.9814
51,2794.972,10088.384
51,5212.242,17399.15
51,6368.2495,15993.977
51,2735.4111,19995.441
51,9695.33,14769.363
51,16309.879,7108.46
51,3867.6196,2807.9397
51,10374.824,13448.282
51,17987.62,10483.596
51,15246.661,16350.466
51,3679.601,3653.5752
51,1549.9895,10510.883
51,15445.8545,16771.32
51,405.74646,15965.003
51,2535.207,13998.291
51,16542.252,9068.373
51,12881.241,3218.3647
51,3314.2043,10804.081
51,2487.0513,10973.392
51,13761.314,1943.829
51,6600.7236,9205.452
51,13042.882,1664.2609
51,17691.893,15726.467
51,2273.724,12137.715
51,10964.415,6764.71
51,1979.6576,5446.4624
51,2185.4678,14684.63
51,5728.519,12245.428
51,13089.823,7005.1924
51,14140.56,19965.959
51,3837.228,18994.793
51,5983.3833,4974.71
51,17978.006,3709.5322
51,8199.854,16948.824
51,4881.8438,11030.092
51,17941.29,4432.9707
51,9866.821,4135.428
51,11666.261,5419.3174
51,19107.18,3970.4883
51,7023.834,13581.058
51,17198.307,13210.962
51,19824.6,7491.4395
51,10049.628,1659.8422
51,3790.4792,1835.6367
51,2525.3625,17355.256
51,17914.562,9986.501
51,927.67535,10147.054
51,12427.425,14370.867
51,6128.2676,7865.13
51,13821.767,18795.6
51,15169.904,12.758636
51,19834.01,9324.132
51,8984.509,15092.114
51,18107.5,3035.263
51,1763.3612,11862.812
51,5640.2285,6207.0654
51,4363.055,12538.335
51,13819.707,15047.365
51,17415.287,9673.203
51,6728.139,12327.989
51,6566.946,16478.727
51,13974.249,15238.036
51,250.92236,12047.907
51,8193.139,7998.3394
51,5163.96,18465.273
51,71.80564,124.84305
51,6536.4185,1151.29
51,1955.7136,10955.16
51,6132.5645,14613.58
51,4813.8027,19961.95
51,9981.34,13042.909
51,4600.688,1973.8423
51,9929.686,9312.1
51,6912.852,19959.91
51,12896.415,19991.307
51,961.48505,12765.836
51,4268.419,15843.34
51,9337.052,11355.299
51,8557.264,9904.604
51,2526.1995,5902.4478
51,10178.141,8922.824
51,6112.506,13861.918
51,9706.048,5291.44
51,14904.415,16814.963
51,8117.842,2183.1484
51,11073.311,1681.5645
51,16678.06,10568.66
51,19395.592,17337.994
51,18318.072,17434.086
51,7524.37,2531.2954
51,8246.951,9999.876
51,9813.911,1065.2614
51,15083.017,4053.662
51,16128.487,3411.9656
51,19523.658,12447.1455
51,2384.4026,15096.268
51,8529.909,7106.1177
51,1549.7181,16365.18
51,4193.7705,3123.092
51,5273.8096,13918.54
51,4882.0483,15840.336
51,16968.898,6014.3247
51,201.70615,13503.537
51,16109.066,17926.982
51,11522.963,8322.824
51,13315.415,8621.074
51,8038.2285,14047.733
51,10232.855,8629.329
51,17415.512,1279.3417
51,10264.547,7077.0566
51,14880.106,10508.232
51,9813.206,2501.3064
51,19534.371,19479.275
51,11108.5625,18922.324
51,1932.2196,12430.694
51,1111.8965,5381.4434
51,9673.475,18224.246
51,6186.304,4467.974
51,1765.2361,5606.5815
51,18656.645,16795.607
51,3688.3643,9969.25
51,18153.797,612.9009
51,12898.8545,18041.828
51,2138.0227,2976.0483
51,4225.599,7288.1123
51,18218.303,12582.271
51,12150.447,15176.717
51,19383.234,9740.139
51,14329.553,11047.063
51,4987.0586,10305.321
51,4319.6475,2388.6423
51,17008.959,17533.305
51,5252.086,7060.2593
51,17653.555,15280.038
51,6464.6484,19185.281
51,17049.238,11636.951
51,10225.816,15717.595
51,4834.328,11617.967
51,17218.973,10812.4
51,8616.906,9809.448
51,1601.2626,18892.945
51,19736.605,1101.3279
51,11793.269,16523.078
51,18101.959,18138.016
51,13660.304,10964.539
51,5000.4043,9797.116
51,3309.3342,14363.857
51,14275.011,5231.5225
51,10825.747,19698.498
51,6407.378,17802.6
51,423.12814,15922.681
51,9176.599,8193.472
51,11254.963,1404.0717
51,4483.4385,12803.083
51,1044.186,16889.246
51,7698.81,10436.626
51,10165.827,15971.622
51,11203.035,1156.9502
51,5779.727,12395.172
51,1159.3046,10079.453
51,18552.264,394.05942
51,4031.1562,8176.0483
51,14864.823,865.5686
51,14529.194,18811.209
51,9694.085,13349.847
51,19973.031,17853.951
51,8208.549,2395.3286
51,12773.703,13863.861
51,219.82803,1116.7721
51,247.43323,17410.248
51,17003.08,9604.694
51,6025.0713,922.56366
51,7811.4053,1180.8046
51,16275.084,13767.6
51,5431.428,12947.806
51,16343.675,1877.1575
51,12413.198,18088.959
51,13933.194,8221.21
51,1535.2632,5282.5396
51,18598.389,16894.994
51,15742.326,11708.13
51,6168.8984,1601.564
51,4801.812,17790.525
51,6971.2544,5821.8594
51,18644.21,14002.065
51,4432.24,19743.611
51,11806.377,4128.5796
51,3478.7217,3758.6316
51,17226.938,12002.53
51,13838.32,9583.47
51,14965.085,3565.4707
51,278.44156,12866.739
52,10000.0,10000.0
52,12593.117,3505.7212
52,12008.94,8194.029
52,9001.842,16322.407
52,11342.677,17213.57
52,15728.235,4271.063
52,7782.355,13001.041
52,12674.383,15833.682
52,9592.284,15629.762
52,14618.25,15006.35
52,3791.273,1762.6786
52,5344.5366,2999.7446
52,3384.5356,2849.4697
52,13375.47,7430.599
52,16261.118,245.62169
52,11275.048,12966.814
52,5421.2007,13499.189
52,2880.269,17580.857
52,8223.719,16798.592
52,7238.882,6381.2236
52,12223.504,5254.347
52,2242.6387,3977.2173
52,14928.959,9461.935
52,17615.695,18575.758
52,10920.919,12636.137
52,15998.12,12520.201
52,1749.2808,974.7446
52,14150.12,9120.96
52,11550.704,1822.6713
52,7307.9316,12775.727
52,13438.185,1480.0514
52,16065.457,10360.801
52,3409.9314,9534.449
52,14340.591,153.77156
52,720.31647,18854.477
52,11934.687,6914.214
52,11782.672,13564.764
52,558.53723,14385.03
52,16681.582,2239.6414
52,19058.855,17569.209
52,17954.521,15264.003
52,715.53815,12006.805
52,6598.0435,6203.0996
52,1662.4141,8016.5083
52,2288.947,17208.78
52,5044.627,9630.162
52,7903.6367,14426.154
52,9910.937,1044.6415
52,8090.317,1666.1243
52,6487.7324,15910.981
52,1539.3842,4521.508
52,8078.0654,776.94586
52,17700.188,8688.382
52,16463.414,2246.0059
52,18669.104,19072.98
52,19221.457,2687.1416
52,51.685966,220.0909
52,6180.5566,3164.3975
52,3305.3694,8065.703
52,14693.535,6898.5137
52,16625.123,18618.584
52,771.907,16746.879
52,6711.874,12421.999
52,9434.95,16523.098
52,10509.249,17026.184
52,3997.919,4244.0234
52,19177.244,2075.5427
52,10847.276,4604.55
52,1601.0597,19552.03
52,957.737,10455.478
52,8666.148,1410.2888
52,9407.468,7209.7974
52,16202.23,7748.955
52,16418.656,17506.115
52,7104.258,1501.2356
52,9809.071,15991.137
52,14533.931,19300.418
52,6402.1006,15280.313
52,15124.939,1368.844
52,9637.576,17166.098
52,13883.629,17964.375
52,10027.39,10107.738
52,682.5908,13458.47
52,3411.804,6883.263
52,14995.325,19992.123
52,15128.428,6255.339
52,11735.371,9340.706
52,14107.128,17900.012
52,16755.195,2595.9922
52,2397.7434,15328.387
52,16982.807,10318.705
52,17735.818,15105.6455
52,2585.7952,13801.183
52,17646.404,1705.4082
52,2948.4456,10077.188
52,3945.762,7284.0005
52,8428.504,9215.023
52,14016.707,7448.164
52,13885.396,9397.287
52,3702.3809,149.645
52,19617.293,17664.71
52,16490.873,5235.065
52,15608.788,2245.7468
52,1535.1157,14139.529
52,1617.5597,2953.3103
52,6846.116,6252.608
52,13036.009,19375.135
52,4080.0896,4847.926
52,19784.914,4447.4614
52,3690.863,16942.72
52,12075.77,3.678831
52,13264.07,11006.347
52,13636.068,12147.771
52,18697.354,17360.342
52,19870.107,6792.9556
52,7074.7744,2801.4421
52,6744.788,12858.387
52,13452.408,11657.282
52,19233.135,9736.017
52,11807.665,15652.719
52,7534.1997,13655.541
52,18661.201,13298.965
52,13951.015,13131.482
52,15474.686,6169.3643
52,8846.797,5760.0024
52,18461.15,18592.47
52,11729.967,16805.145
52,3575.0984,1638.9945
52,9916.29,1863.5187
52,7390.9644,8150.6094
52,4709.263,15814.01
52,8096.4233,16250.791
52,17109.13,13769.945
52,9865.934,16995.207
52,621.4932,15100.529
52,11046.021,2470.504
52,4194.103,260.22845
52,3005.9172,13852.439
52,16738.676,13005.509
52,12788.6455,6527.209
52,6981.1006,18726.914
52,4749.7275,196.88292
52,4308.9644,12174.565
52,11507.583,8495.016
52,1318.9802,6842.754
52,19706.932,11865.48
52,19776.598,4838.848
52,15273.795,17343.6
52,16539.398,12657.163
52,15199.283,10895.659
52,14642.7295,12719.767
52,880.2529,19051.455
52,18895.309,3758.1934
52,14825.091,1676.0431
52,17914.674,11428.162
52,18625.066,19884.293
52,13071.135,7921.23
52,14603.331,14426.552
52,11154.828,8357.916
52,4619.5625,19460.85
52,11557.954,11539.347
52,19594.586,19715.193
52,4.0650663,11297.688
52,8843.325,8081.065
52,3662.9358,18205.99
52,2762.394,5395.6055
52,8108.206,16087.438
52,4130.5947,853.82526
52,8486.989,19445.832
52,7895.392,17627.904
52,15157.885,12302.011
52,18188.955,9562.959
52,11435.338,4834.01
52,5071.0474,14490.555
52,1849.8984,19752.844
52,18859.3,1586.7875
52,6184.911,19801.43
52,17876.303,10856.603
52,4923.287,18434.695
52,6685.2085,14217.581
52,19248.076,10937.244
52,6919.216,8309.438
52,4485.621,8889.791
52,16679.867,12060.194
52,8076.84,8867.866
52,11909.889,2667.7627
52,87.24733,6996.5024
52,9742.143,1281.4467
52,8924.774,18356.88
52,13189.116,12788.1875
52,9538.029,3188.116
52,15922.057,17957.72
52,14748.201,11012.689
53,10000.0,10000.0
53,18215.963,15104.486
53,16772.799,19973.822
53,13326.481,11929.401
53,8243.077,16926.916
53,13204.591,16205.679
53,1587.5446,10366.826
53,18387.918,14386.681
53,5436.3555,8280.608
53,19152.936,1277.7864
53,13028.128,226.54306
53,7502.5513,16672.643
53,13011.677,2101.1685
53,1729.104,13822.405
53,12445.259,2155.6274
53,10997.859,1941.7057
53,4646.2056,927.2537
53,16873.408,1280.9951
53,6054.479,7828.173
53,8040.7827,14254.814
53,16608.28,2106.6772
53,8886.642,3655.1091
53,8158.8257,8042.493
53,208.74045,11486.71
53,16281.425,11249.06
53,12524.885,10504.978
53,716.45605,6522.2427
53,3121.9028,10810.335
53,390.91708,6031.0557
53,16701.885,16208.92
53,17468.623,6306.235
53,2684.8406,6073.8784
53,2116.7993,2810.3608
53,906.694,14724.211
53,2301.5674,10239.047
53,12349.6045,2374.0862
53,13321.24,18200.557
53,5467.922,8025.8833
53,14042.6,10527.744
53,15670.626,16934.215
53,8075.7363,3146.526
53,9771.744,7247.205
53,16519.352,498.0536
53,6047.2334,18864.9
53,6151.96,13992.304
53,8957.177,9437.285
53,15630.841,14874.734
53,1846.1866,18803.31
53,8620.156,9633.669
53,8593.8,10308.463
53,19367.07,3357.1917
53,8240.8955,11789.775
53,7339.8184,19793.418
53,18672.426,16974.76
53,930.6764,3460.5571
53,4160.4663,17422.668
53,11092.597,4069.6
53,18996.334,8050.393
53,16747.525,17656.938
53,11686.047,3645.836
53,2382.6143,15152.568
53,19636.512,3882.1099
53,10901.373,19535.055
53,7491.4214,11919.507
53,6177.7314,18725.127
53,6373.092,13741.238
53,6850.517,4783.4023
53,10660.913,8438.975
53,630.8175,9640.395
53,12081.451,11078.905
53,9778.23,6392.085
53,17384.734,10831.24
53,16921.395,4697.1963
53,6811.4956,14874.513
53,7243.2114,16987.604
53,5782.79,11031.221
53,4921.1396,19152.904
53,8269.613,18267.727
53,10086.697,15469.118
53,14634.77,5834.8135
53,12389.691,15638.374
53,2125.3667,17353.75
53,19105.893,5826.905
53,16170.39,15947.8125
53,18064.986,17689.35
53,13312.027,6066.294
53,15634.222,19916.824
53,8262.709,9544.898
53,16055.501,14813.475
53,14804.717,1232.3527
53,15666.066,10761.337
53,5404.6523,4352.081
53,16696.508,1016.51196
53,8444.417,16364.725
53,4209.338,2844.6572
53,2874.9368,3853.7395
53,22.415365,5531.6157
53,5567.186,10437.857
53,8331.728,12162.05
53,5384.255,19312.627
53,1683.3484,16042.939
53,12932.072,13391.896
53,6504.5234,15538.736
53,12270.599,15158.981
53,518.8414,19976.271
53,8207.485,3331.3416
53,16280.388,4586.545
53,15964.339,13863.824
53,2552.4556,11254.465
53,10521.109,12229.84
53,9293.701,1534.5853
53,8710.787,10267.22
53,19662.322,18646.18
53,18774.62,18661.963
53,11077.851,10903.348
53,8690.853,9658.475
53,19937.69,8195.083
53,2795.2397,13003.01
53,18676.2,6717.337
53,6421.7866,19541.006
53,657.7179,5811.224
53,16472.656,9759.048
53,16580.14,10233.416
53,5826.9253,13400.485
53,15289.351,154.13916
53,10152.407,17195.53
53,9740.142,13573.713
53,7524.5273,11286.597
53,8825.136,6304.8594
53,3114.5857,4310.737
53,18295.227,10397.664
53,19696.309,2454.128
53,4485.8657,14875.704
53,9419.305,13094.392
53,17576.455,4181.0757
53,1104.8438,19912.451
53,14526.543,13999.839
53,644.71576,17002.012
53,8036.345,10688.97
53,19964.207,18903.246
53,12205.554,7229.3257
53,6376.8594,2681.9106
53,4793.1484,3917.79
53,9994.884,7067.0034
53,16486.225,16776.51
53,9927.99,18137.977
53,1300.171,1771.8088
53,19373.812,5771.1724
53,9587.538,6677.6465
53,8783.289,9887.474
53,4926.939,19594.268
53,9351.207,13999.031
53,5210.095,11398.064
53,6769.8687,364.5289
53,18499.037,12445.259
53,14813.059,9473.773
53,6449.708,3269.0637
53,16900.68,18115.93
53,15586.653,9810.746
53,3855.213,15369.33
53,10853.14,19239.56
53,7062.656,19260.818
53,3995.5002,5539.4116
53,6549.748,3120.002
53,5925.77,12779.399
53,15710.421,568.2929
53,18682.582,14368.467
53,4465.127,16799.693
53,1596.624,12464.832
53,18002.395,7532.6704
53,16448.758,16264.214
53,7161.312,9987.665
53,14323.731,17864.16
53,13868.273,6124.7837
53,12915.42,7452.9526
53,3159.5505,15828.572
53,4253.7773,12809.993
53,5116.152,14668.874
53,1636.6892,18114.916
53,9053.655,11355.573
53,19304.922,201.87651
53,18505.037,5759.388
53,16769.322,202.7308
53,6060.018,11037.915
53,5196.2637,3338.219
53,13020.095,12567.229
53,18611.574,12656.645
53,14005.097,5526.037
53,3327.4124,2195.057
53,4410.052,6097.319
53,9433.2705,18197.85
53,9406.523,6153.047
53,10382.413,13372.016
53,1206.536,18142.76
53,1379.3217,4650.739
53,12665.65,11917.49
53,14769.023,9193.345
53,15812.905,16475.38
53,10272.365,4647.674
53,7876.038,12804.066
53,9024.996,12313.627
53,19787.238,14969.5
54,10000.0,10000.0
54,2345.7048,19693.197
54,9982.09,5107.162
54,6166.91,11240.855
54,8837.918,15594.885
54,14489.472,18026.65
54,19897.135,9861.71
54,2870.8606,1256.465
54,14307.058,8205.49
54,16581.438,6778.9873
54,10143.163,10569.806
54,819.97296,8977.492
54,6457.3813,17750.797
54,14520.498,2895.4
54,11657.901,13794.21
54,7889.3423,15918.798
54,12130.998,4905.17
54,4333.1484,8353.771
54,207.60797,4036.7026
54,5739.1475,736.01715
54,18603.184,128.4829
54,7479.272,12311.177
54,1293.332,2825.6497
54,5385.3306,15847.163
54,18913.475,6052.1294
54,4040.5872,17912.816
54,18250.902,14345.142
54,16698.104,9995.516
54,10286.886,11684.531
54,1058.0823,10828.198
54,12568.6875,15948.294
54,4789.5044,4221.5444
54,8210.244,7759.9204
54,4612.767,8393.625
54,16537.398,9428.504
54,19857.43,19188.402
54,5837.3823,1123.493
54,14036.863,18534.088
54,17224.9,1389.4315
54,13261.3,16720.078
54,4866.0376,11123.76
54,14389.381,16082.791
54,5594.341,1510.4534
54,16592.475,14504.03
54,7507.064,162.75148
54,689.86066,1505.5874
54,13056.046,19466.97
54,4055.0242,15594.783
54,1421.8953,9600.219
54,14672.546,971.22736
54,13855.1045,17590.932
54,8684.101,12830.66
54,2976.6348,9636.656
54,3306.7363,5051.5063
54,13197.932,10924.127
54,6881.3076,5684.6865
54,14556.628,211.72609
54,7596.066,7334.086
54,18742.65,1143.0443
54,3907.3508,4879.361
54,18424.506,9690.467
54,17369.893,2327.3965
54,2582.4448,14764.149
54,17374.123,1464.8875
54,1326.8613,12452.573
54,9236.662,12291.466
54,3255.019,5220.748
54,15369.004,5601.6104
54,2883.3752,7649.2256
54,3235.532,837.6211
54,1911.1927,879.51184
54,2112.4934,2121.8547
54,18883.191,1423.9397
54,16237.724,8722.974
54,19442.072,1149.4617
54,5386.486,12609.11
54,19704.562,10546.237
54,16401.76,9235.605
54,1420.1536,12311.588
54,4659.7847,9226.855
54,8901.617,14680.542
54,1277.8363,11251.086
54,9404.873,8492.661
54,15731.201,15005.59
54,18990.414,17501.205
54,13380.017,2460.7107
54,15427.402,9159.926
54,5071.901,16297.215
54,7623.5586,19313.02
54,14543.586,6127.841
54,16865.637,2926.1416
54,18408.688,6286.072
54,9933.88,11009.936
54,6990.766,15774.195
54,3540.7595,3399.8523
54,7576.762,16818.428
54,6372.4287,16069.875
54,17208.695,2103.0037
54,15803.823,12005.205
54,11687.258,1168.2429
54,14184.22,17529.152
54,11419.409,3317.2732
54,13227.888,5856.1777
54,2630.3445,14238.162
54,628.9247,12018.221
54,2860.597,6604.98
54,7379.7534,14545.78
54,15669.269,14286.117
54,13725.255,7092.18
54,4792.7534,11339.713
54,11939.353,19703.01
54,19106.482,7340.8066
54,11546.191,16282.6
54,6529.598,5623.592
54,8843.316,17332.996
54,14350.72,18611.201
54,12258.342,9027.139
54,11532.483,11278.636
54,9802.028,14751.428
54,357.1243,12356.576
54,14351.612,8042.4805
54,9382.564,7282.118
54,2136.1782,18907.922
54,17172.752,13336.244
54,17264.03,19751.775
54,203.08658,614.3677
54,13170.37,1193.7043
54,19286.805,9742.262
54,9762.011,13942.631
54,13330.315,2580.1965
54,18500.742,10516.566
54,6776.5947,203.74167
54,9743.733,4645.8184
54,12584.308,1650.143
54,1909.9614,3395.3105
54,15226.476,5361.6113
54,3893.7742,1183.9008
54,13701.241,14826.679
54,5210.0547,9137.818
54,9737.903,12002.049
54,4725.938,5656.414
54,18284.248,307.2616
54,14924.352,3986.345
54,11078.364,15919.789
54,16528.156,13143.734
54,1839.5183,18125.82
54,12097.597,642.9809
54,3115.4956,2971.4446
54,9182.012,15204.758
54,7147.0977,15572.591
54,11552.518,15568.747
54,3812.9534,18847.6
54,7576.6562,4118.5503
54,8795.694,6352.714
54,14932.046,10574.204
54,16194.236,16881.67
54,11223.081,7715.115
54,19803.162,6877.9854
54,18018.322,19626.049
54,10910.081,8601.575
54,10508.179,668.1117
54,5548.259,9830.416
54,1906.0208,1735.7123
54,15911.718,17425.361
54,15044.962,18942.496
54,4142.8936,16910.36
54,16978.002,13361.482
54,7824.959,14338.443
54,11073.294,16627.773
54,3168.9966,13927.2295
54,4484.617,12549.022
54,13786.886,1767.7113
54,8649.979,7245.9146
54,18337.098,12984.702
54,1734.865,3935.2302
54,19721.646,14420.343
54,9592.145,12959.894
54,19874.654,16876.508
54,3092.7458,261.91772
54,8643.043,10335.006
54,6728.1665,17719.75
54,1581.0442,4038.6462
54,15703.445,4548.111
54,951.4075,4753.178
54,1828.5931,15880.964
54,14067.097,1166.0966
54,11733.155,18178.004
54,6590.614,2672.3691
54,10004.551,285.96417
54,1058.0406,7479.3896
54,13484.793,9670.138
54,16249.943,17920.664
54,14358.103,8262.836
54,14864.777,18712.129
54,13673.388,18088.814
54,12846.686,19947.13
55,10000.0,10000.0
55,13182.977,15585.131
55,6475.398,10002.261
55,16404.633,7578.8564
55,5430.074,12598.253
55,9973.955,13446.479
55,264.093,9687.334
55,19676.938,8965.058
55,7572.42,12278.394
55,18464.062,7607.377
55,11538.189,5759.5728
55,12563.656,517.89984
55,4734.129,16381.519
55,13100.123,17254.057
55,10288.262,16224.505
55,8206.43,5791.919
55,1730.2275,15298.266
55,5729.206,3645.6216
55,170.21432,16373.388
55,10555.433,12463.04
55,14468.726,8999.045
55,16165.938,12342.961
55,16737.055,1173.6746
55,8490.637,16764.941
55,619.4269,17681.762
55,12237.369,1680.0546
55,1595.9553,5939.4966
55,6325.056,9473.417
55,2335.4321,6919.0825
55,2274.8557,2307.893
55,8730.014,2272.0444
55,17083.648,10107.941
55,888.1693,6210.7544
55,7391.223,3469.3271
55,16699.064,12220.074
55,12685.247,249.8426
55,16379.117,809.8346
55,2308.0432,4283.556
55,507.55917,6271.487
55,15257.329,13697.919
55,6859.0576,903.63055
55,12933.158,11746.501
55,327.79596,9148.803
55,266.20956,8874.829
55,4560.8623,6158.1685
55,3125.1816,1871.7799
55,19464.494,1598.6199
55,12945.264,10709.924
55,8520.761,11425.685
55,6570.9077,15634.274
55,11082.957,17516.219
55,4273.828,3759.8323
55,16848.814,1736.6158
55,7746.7627,3961.0957
55,17429.102,599.89905
55,13668.102,4985.9824
55,17437.709,19651.61
55,3065.0513,17296.33
55,4757.8867,823.90173
55,17301.84,12323.106
55,18092.3,10044.055
55,15141.315,13891.518
55,4446.9653,2272.65
55,233.53688,14866.653
55,18038.145,14480.552
55,1614.0303,5246.009
55,2851.0051,1870.2238
55,643.65094,5709.4507
55,10333.583,5180.976
55,12103.613,852.6735
55,2353.8838,14342.91
55,16766.219,2620.2253
55,1920.4601,1239.0966
55,17907.479,594.26184
55,4703.207,7449.574
55,6463.2944,2841.511
55,10227.262,15100.026
55,3548.336,4833.109
55,11264.882,19047.525
55,10399.164,4783.1865
55,13020.209,5082.85
55,19362.242,13772.627
55,15032.427,87.411476
55,18415.125,8817.366
55,2343.3088,4767.39
55,8500.131,14168.348
55,15491.166,1231.1368
55,14153.49,8037.9604
55,19490.621,3565.653
55,17335.426,7110.8335
55,10560.982,11321.484
55,10571.968,10805.8125
55,8981.886,6456.461
55,1341.3251,10191.114
55,11337.522,4892.2017
55,15311.237,6566.0903
55,16873.719,14601.375
55,18786.293,4167.1616
55,5830.1123,2414.825
55,13875.043,676.4297
55,18342.375,11695.622
55,8440.361,5421.1606
55,11775.739,8439.928
55,11461.506,17558.629
55,10907.235,10831.881
55,11043.608,1876.919
55,2877.793,6547.4756
55,8833.963,12185.28
55,18954.83,14070.437
55,4650.35,7012.938
55,12702.397,15311.12
55,5114.2163,17725.182
55,5460.772,18278.8
55,8302.622,9705.117
55,6986.6523,13649.361
55,5061.682,4668.7925
55,1291.7865,13098.559
55,11565.156,13502.383
55,6337.3286,8610.048
55,12648.389,10973.357
55,14988.143,8405.078
55,8456.09,16473.023
55,17535.607,18588.656
55,2117.4893,9385.81
55,4465.9863,5795.1606
55,8142.5225,11851.082
55,9435.512,17765.63
55,3267.7356,16370.546
55,1592.0665,13367.342
55,11815.269,15540.931
55,10690.258,236.84886
55,1025.2021,14329.007
55,19212.852,6853.548
55,15823.957,5074.391
55,11832.437,7333.2676
55,4835.848,7559.4497
55,12582.6455,14861.166
55,10739.722,3253.924
55,13588.839,2712.5198
55,19289.54,8742.415
55,4337.6953,3130.562
55,1607.281,19836.346
55,15988.662,14027.267
55,3508.7437,14206.439
55,14607.61,17359.002
55,19629.336,4346.0356
55,4217.3267,16286.998
55,7555.3994,10864.518
55,6530.205,6439.695
55,34.806454,16480.209
55,291.03876,4854.817
55,11184.638,14030.786
55,5736.818,6958.515
55,11452.463,1787.8743
55,11272.305,15657.102
55,11829.483,3688.0894
55,4994.3354,2244.1794
55,697.589,18441.848
55,5849.28,14271.357
55,2826.8452,17892.686
55,5512.359,9164.737
55,13628.068,7483.448
55,17831.195,11373.88
55,18793.668,10081.812
55,12381.994,13108.236
55,3237.6978,15065.065
55,16791.645,14357.736
55,19509.125,11585.901
55,12285.016,2905.0198
55,15231.214,2963.0054
55,2367.923,15582.294
55,7483.9595,7547.8833
55,14458.556,6357.1396
55,9250.503,18285.348
55,1400.1033,17642.354
55,15863.103,5026.2866
55,10866.116,8690.358
55,6251.0,14177.548
55,17632.812,13101.97
55,19289.533,5885.2935
55,9640.234,14019.292
55,12336.077,6703.451
55,17028.588,11090.523
55,14967.217,7826.25
55,1291.7524,14791.05
55,14480.503,3778.4988
55,15344.463,12832.416
55,12644.662,9004.136
55,11878.703,4296.745
55,17094.955,12678.416
55,9736.475,19149.23
55,16688.707,4925.385
55,11544.679,5335.7246
55,15641.859,491.08643
55,8137.392,7937.8013
55,115.32965,5023.8276
55,12733.624,6670.757
55,12055.523,10456.777
55,9499.689,7928.6196
55,18040.088,1610.3882
55,11635.401,10704.883
55,16135.36,18664.07
55,11496.433,9889.226
55,14654.239,12394.696
55,18418.559,12149.322
55,15803.277,2269.0552
55,11883.732,18650.613
55,3473.5369,13292.205
55,15028.75,15576.062
55,219.3482,4312.289
55,564.46936,6438.9365
55,7124.218,5041.1294
55,11964.761,19973.414
56,10000.0,10000.0
56,3628.852,12707.919
56,3662.7046,6409.616
56,2285.7297,13186.947
56,18957.236,7534.3286
56,9993.598,8807.518
56,11816.055,5632.687
56,2572.8044,14872.677
56,7927.456,5936.478
56,11577.516,7912.0933
56,8172.4146,16920.732
56,12654.31,15663.861
56,1909.4604,2917.7349
56,9797.861,5701.4385
56,10328.769,5187.9355
56,3580.9827,4822.8394
56,2363.2092,17419.422
56,15391.851,17013.475
56,16633.443,11491.017
56,10177.836,11297.312
56,18539.695,250.82414
56,10582.462,12316.161
56,15855.268,13684.423
56,18564.332,11384.166
56,5395.578,17080.762
56,4157.3335,2315.0505
56,12271.0205,56.892376
56,14873.324,15307.976
56,12307.077,1621.39
56,13351.109,19544.406
56,14475.428,17658.94
56,16113.523,4196.09
56,7457.2744,11377.164
56,13489.739,4398.2227
56,617.98566,6655.2764
56,15529.807,12106.56
56,538.6862,10241.111
56,12806.7705,10548.559
56,1616.8667,11921.268
56,10593.646,19881.635
56,13826.535,5724.597
56,12931.948,16.168114
56,325.5583,1989.9686
56,11300.697,386.48276
56,16942.75,17000.695
56,8860.606,19998.406
56,15785.984,751.0115
56,12516.212,9454.644
56,2237.7488,5625.458
56,9530.903,19614.18
56,1493.2917,9705.307
56,10517.534,7163.661
56,14232.0625,4472.301
56,9627.952,16513.012
56,17821.875,15838.341
56,18890.57,12135.135
56,16538.316,5029.4277
56,6651.6396,14840.355
56,14180.819,13022.588
56,16009.713,1047.435
56,2051.2903,19518.428
56,6305.181,7584.505
56,2561.104,1190.0856
56,9441.101,3553.553
56,6092.196,7421.9985
56,11428.148,1106.8088
56,196.63594,19218.04
56,11334.99,14331.082
56,9012.021,12590.733
56,12645.425,17361.053
56,18947.89,13735.718
56,19062.213,14738.123
56,8456.877,16207.98
56,14311.111,13081.093
56,13823.941,1126.8583
56,1545.9637,1321.9452
56,1304.2552,7534.1416
56,17733.908,8180.8374
56,5322.3643,18812.79
56,16721.04,785.64844
56,5587.576,6301.741
56,174.71742,18746.016
56,8466.694,17764.63
56,14314.776,345.38422
56,3423.9583,8426.853
56,8031.3184,4450.8237
56,2874.0527,14539.631
56,17658.479,10141.076
56,7441.523,5714.365
56,3030.048,14089.052
56,12045.206,11148.296
56,10103.291,8083.834
56,11157.599,18919.145
56,17595.47,7496.532
56,6855.383,13106.474
56,1557.5304,4446.7715
56,4406.852,3339.4128
56,19529.822,3700.4207
56,418.04648,1637.6726
56,1538.71,1629.645
56,14371.266,19035.557
56,799.0382,2824.3752
56,2326.151,7961.2114
56,4988.0527,14605.405
56,1405.181,10251.131
56,15853.86,539.2746
56,13298.347,4167.5938
56,13655.475,1961.0148
56,7237.095,3125.4165
56,3420.2007,889.9674
56,11793.018,6814.46
56,13564.8545,16049.939
56,14741.417,14005.506
56,9222.615,7103.152
56,13621.868,3669.7903
56,15863.588,63.3628
56,7749.2983,14304.595
56,26.84133,17249.299
56,14779.824,1307.2202
56,283.07913,1244.4708
56,15463.041,5523.4624
56,12257.294,5475.4087
56,17686.207,6036.187
56,6848.5723,1858.1012
56,6966.452,13640.6
56,18721.607,9127.804
56,13566.777,6524.9424
56,10077.348,15946.602
56,19206.344,2752.7595
56,5008.419,3372.0706
56,12676.793,13508.594
56,13071.813,10971.613
56,1769.1614,4936.285
56,14262.246,14041.083
56,7610.9805,10906.252
56,146.60658,1545.7728
56,13812.227,13260.866
56,13931.8545,14117.276
56,1430.7704,13555.653
56,15290.891,15321.194
56,16286.301,16485.035
56,17612.879,14295.194
56,11801.245,545.0375
56,3262.392,8330.958
56,14665.261,12283.0205
56,7174.292,14142.682
56,5099.487,13641.489
56,13110.532,5161.6963
56,16576.682,6745.55
56,15819.688,8895.031
56,11867.525,19391.893
56,12963.877,3419.9067
56,3586.8054,2309.1091
56,99.7408,11468.127
56,1150.4597,7659.639
56,2415.9448,8206.864
56,16746.082,13432.691
56,14484.77,11166.775
56,18579.564,17277.63
56,8300.746,8807.213
56,19589.63,15790.752
56,14389.697,4235.894
56,14987.779,203.88339
56,6629.466,7622.0625
56,6741.4326,8788.284
56,12637.059,10863.098
56,14599.522,15820.868
56,18329.867,17353.004
56,11265.785,11420.345
56,16464.82,6207.3184
56,180.28275,13115.72
56,10927.043,18228.361
56,6216.353,19547.957
56,19365.2,11089.022
56,5435.462,9987.798
56,13340.066,7762.1157
56,775.6511,291.212
56,8416.932,19965.02
56,5893.515,11277.913
56,4862.156,11084.659
56,8555.739,11788.718
56,5005.965,17054.64
56,15227.057,10092.774
56,2955.1497,5310.04
56,10972.245,6851.424
56,18486.121,1573.0498
56,15618.567,150.05267
56,13335.041,19439.213
56,6445.8647,7331.5093
56,3870.384,2673.689
56,12678.081,3667.7668
56,9141.649,13479.143
56,16074.668,254.27304
56,9664.944,5995.158
56,17126.682,14963.674
56,16290.443,3294.6572
56,714.44324,4771.3105
56,10196.953,7607.4463
56,17204.617,2063.6519
56,6930.4785,14569.201
56,510.84174,3433.7043
56,2026.7266,14979.849
56,10639.103,4570.273
56,17139.453,3796.887
56,4360.1704,15188.474
56,14261.636,9807.394
56,14745.746,17473.676
56,6931.897,8541.683
56,1958.213,4910.4917
56,9954.529,3813.538
56,3105.1091,15402.486
56,1643.8612,14056.646
56,1758.5702,7261.569
56,9970.951,18942.75
56,10587.896,13603.437
56,202.34645,16807.127
57,10000.0,10000.0
57,10239.953,3329.6055
57,18017.508,11599.128
57,19300.348,15481.142
57,3731.6838,4808.726
57,10694.634,2258.448
57,1328.9445,19141.541
57,4938.292,17272.004
57,3534.3125,19298.436
57,10826.683,14612.941
57,2755.8286,12837.038
57,5990.9585,4731.873
57,12311.387,15264.9795
57,7176.1694,237.72925
57,6798.3867,14689.923
57,5856.4844,15374.371
57,5816.853,1426.1403
57,2539.0198,566.5044
57,6589.4194,5611.5728
57,10095.249,2174.8228
57,17192.023,12729.496
57,14158.595,8666.667
57,7977.9033,14268.763
57,12078.1,6269.9043
57,2399.5098,16507.703
57,4760.21,11021.601
57,7141.8765,2524.9194
57,7546.245,4961.937
57,10146.161,7224.831
57,12221.432,12925.019
57,18527.082,10045.869
57,10999.117,5127.9614
57,19258.58,7144.4766
57,2754.0598,12583.076
57,2096.5159,4628.3965
57,626.6941,6672.5435
57,7569.005,5194.63
57,15691.515,925.3089
57,5239.832,4163.2705
57,2090.0403,2479.2893
57,10445.353,10746.144
57,18.8733,14575.468
57,2693.2986,12905.205
57,2732.229,17164.715
57,3762.7056,19442.762
57,16892.553,3172.623
57,1535.0007,10662.125
57,6136.0093,6384.7334
57,7110.2407,394.61285
57,2878.8267,8371.719
57,16517.084,1662.3873
57,16655.385,4401.9106
57,5701.4517,19887.64
57,15899.417,16601.605
57,19218.79,8382.847
57,3521.3616,968.02625
57,10422.82,10855.935
57,757.71155,10531.651
57,9502.643,11893.274
57,13664.918,5831.858
57,5346.275,3912.6448
57,1193.3597,17100.18
57,1606.7954,13378.19
57,3458.0168,1389.5126
57,14078.892,5912.7095
57,9681.448,10769.385
57,1908.23,19370.924
57,2802.6274,11804.898
57,11378.346,14919.887
57,8208.854,7510.3975
57,14506.164,1054.1055
57,2768.3062,19757.314
57,17186.707,2768.3062
57,10928.555,36.86717
57,14810.6045,3121.7761
57,8428.807,2174.3555
57,10997.396,2286.131
57,6033.404,18923.41
57,17800.773,10981.335
57,11804.63,8190.79
57,16745.193,2241.8677
57,2223.27,12876.648
57,15161.098,3137.6265
57,4386.743,19286.115
57,19881.652,14702.844
57,2626.1133,594.4757
57,6934.9536,10782.509
57,10564.207,7486.234
57,16448.826,16841.15
57,368.5265,2685.3103
57,11717.795,6607.853
57,10338.346,3610.9712
57,19654.537,10824.157
57,18137.867,16252.217
57,3687.9172,8206.993
57,5512.642,13934.632
57,19717.781,8107.864
57,7189.745,6378.318
57,7864.4873,13150.891
57,2830.364,6054.5293
57,10034.316,18150.283
57,7470.1396,12864.994
57,14388.651,14206.749
57,18519.434,2370.433
57,7370.6226,9681.283
57,19423.908,6372.068
57,15316.717,16500.193
57,344.0272,18354.26
57,8177.7886,10377.84
57,17034.744,6773.2446
57,18649.988,5283.4834
57,6438.3477,11139.751
57,4677.2637,15285.189
57,2733.6206,6161.298
57,772.6008,2588.4724
57,1409.6713,13944.033
57,12898.398,18133.71
57,18214.787,4488.0103
57,13423.048,18830.818
57,9360.667,9105.897
57,19238.41,15114.964
57,12850.411,8762.748
57,8044.303,14700.651
57,3752.0266,11782.248
57,10725.05,7645.773
57,13886.496,6996.6733
57,9610.24,11334.559
57,9980.255,5306.2935
57,1539.8708,5016.703
57,8103.673,13598.317
57,14613.961,8981.483
57,18359.68,15921.871
57,10299.975,14769.802
57,2274.675,8698.589
57,6074.196,3755.5012
57,16402.787,5263.728
57,4619.2017,14178.242
57,4270.218,799.63916
57,11412.769,13575.676
57,10937.963,19449.271
57,13025.575,1374.4429
57,9395.446,1483.2148
57,18380.953,4266.5547
57,8888.739,616.6776
57,12272.124,18783.166
57,751.7521,13048.136
57,9633.853,17999.15
57,17816.596,14419.874
57,9247.016,1298.2681
57,8980.968,163.33919
57,12946.617,6773.732
57,15070.723,4082.199
57,1344.052,17368.633
57,14043.757,19684.18
57,5216.996,6900.859
57,538.4856,19363.254
57,358.60767,7935.709
57,12606.376,18643.365
57,14477.941,7763.293
57,17115.568,6037.794
57,15450.723,17584.371
57,2376.4421,5951.461
57,15500.375,13764.832
57,6881.749,4230.404
57,15822.693,1708.6849
57,11075.202,3796.7622
57,289.1156,14107.835
57,11193.16,11335.839
57,10630.776,14308.857
57,14371.869,1814.5546
57,7216.797,15528.523
57,4862.5024,13248.638
57,18590.217,11922.652
57,18073.242,2470.177
57,6268.4824,19873.367
57,3953.0098,12794.592
57,9481.187,9295.612
57,16071.6875,11158.043
57,16521.994,15507.102
57,8405.008,2910.4485
57,5430.46,8827.309
57,4457.181,15611.063
57,13775.696,19601.906
57,19648.666,7865.357
57,11887.647,9151.14
57,65.13583,625.5423
57,10641.927,18245.58
57,7330.9272,361.37054
57,4490.062,11767.024
57,278.85696,17277.102
57,9238.966,17686.908
57,2685.0242,12565.654
57,4820.425,17604.094
57,17878.133,3467.873
57,9374.549,10283.679
57,6238.007,11997.072
57,14878.779,888.2835
57,12636.592,9505.745
57,1213.9451,1339.5187
57,12693.02,4126.033
57,18056.941,5766.0283
57,8127.3804,4408.153
57,19492.121,643.2223
58,10000.0,10000.0
58,801.1265,2837.422
58,2210.6724,4250.305
58,5337.634,17266.678
58,6711.0234,1770.5438
58,87.94461,8138.9214
58,18071.73,2700.349
58,19435.598,8931.06
58,1322.6985,18589.348
58,12641.836,5757.9014
58,18502.822,13195.29
58,7697.698,3516.7732
58,12218.613,19959.58
58,838.1837,17682.791
58,8941.315,4035.113
58,13854.237,19355.896
58,3577.9006,8637.946
58,18234.793,10923.231
58,11083.911,6211.7456
58,3674.227,15200.036
58,696.02,4862.824
58,19838.535,19754.412
58,13823.269,909.0013
58,15382.284,8342.079
58,14000.518,17890.344
58,18081.402,12256.148
58,40.51852,14404.058
58,17664.371,15210.643
58,3548.7527,3491.902
58,9157.162,2347.457
58,3427.603,468.98605
58,3009.1829,12777.423
58,2169.3184,18123.098
58,13301.362,12870.524
58,3488.3179,16943.033
58,3722.671,8491.611
58,10606.895,19671.238
58,19278.488,15837.623
58,2829.0164,12987.945
58,13320.036,1483.3431
58,6966.124,2349.7942
58,11645.097,8230.499
58,7720.453,3345.3936
58,16935.873,10510.423
58,3209.6597,13385.627
58,10632.721,18252.914
58,786.2024,17219.932
58,4511.69,12127.755
58,13672.556,1278.3223
58,6569.563,12373.93
58,5230.0464,18306.559
58,9906.721,328.9398
58,12279.968,11162.843
58,7619.4116,13295.873
58,12836.692,3228.7676
58,17945.469,19349.34
58,14985.49,17830.482
58,4057.3232,11492.938
58,14353.088,7588.574
58,7076.1694,4856.3105
58,6695.458,17875.307
58,8081.253,16283.392
58,4373.776,3586.0166
58,13482.661,16395.521
58,8943.325,17969.863
58,16668.95,16554.852
58,11504.806,3971.6018
58,888.16656,19518.459
58,2925.587,4945.0947
58,14404.482,15060.599
58,13459.573,4351.0107
58,438.36685,1165.9089
58,13867.391,14843.293
58,10890.144,4503.7803
58,536.8907,12578.853
58,8637.305,13612.175
58,6914.363,19626.26
58,19135.062,313.12283
58,7048.6504,19417.32
58,10659.244,227.01819
58,10036.701,100.097664
58,1234.8634,17381.982
58,16649.135,11348.476
58,10066.363,14493.044
58,5161.2993,5017.838
58,320.19052,2742.7993
58,3312.0854,9253.048
58,17135.57,15389.042
58,2206.6943,5168.391
58,14690.975,5405.3154
58,11760.8955,1433.7778
58,3889.3274,9402.617
58,19543.623,2190.5388
58,18682.7,16715.246
58,2213.9644,13874.881
58,16059.169,18587.715
58,11621.417,4661.841
58,14753.194,19027.441
58,18829.275,19621.527
58,11773.76,9453.704
58,3281.158,15581.343
58,16957.555,2391.2388
58,12780.107,11104.158
58,12063.379,9296.672
58,14257.058,7883.0894
58,18334.578,8253.042
58,3566.733,8261.673
58,6906.395,1573.6483
58,4619.194,14805.38
58,18221.234,6518.314
58,13934.559,13674.74
58,12666.384,7747.8867
58,3940.297,2807.483
58,14242.924,19423.883
58,16574.016,2066.6572
58,12246.388,19299.934
58,6757.107,157.67722
58,18846.355,1970.2128
58,3352.4824,3351.1543
58,3269.8474,7452.8594
58,7140.9673,8710.636
58,12527.306,11085.21
58,18891.72,2559.4521
58,3546.643,18590.422
58,5987.233,16016.253
58,9547.294,11471.794
58,49.293736,1518.019
58,8520.085,13068.882
58,15626.917,15930.333
58,2510.2239,18255.414
58,2535.0408,16.33053
58,15868.111,4095.9382
58,15168.461,13683.281
58,17675.635,18467.367
58,15159.789,6921.273
58,13770.528,12323.966
58,3819.8174,13962.878
58,10652.065,13364.395
58,5954.5957,4036.0095
58,18098.736,14492.99
58,7973.741,9602.46
58,11400.131,6713.53
58,3606.103,18316.225
58,14684.415,8699.038
58,10518.053,10320.703
58,8663.838,7907.748
58,3020.4192,12958.739
58,19793.512,17366.719
58,5509.613,9185.885
58,3779.2393,18341.393
58,8541.977,16064.554
58,1385.236,839.9037
58,18264.01,5163.76
58,1667.7511,5854.9375
58,985.4078,13499.981
58,12541.327,2109.7402
58,12208.734,5974.4624
58,980.8569,17804.604
58,9986.84,4825.009
58,8863.599,2219.9753
58,7540.0957,12552.079
58,9237.965,6265.349
58,13553.329,18161.076
58,17029.604,10415.576
58,9713.397,3871.2114
58,17475.494,14086.208
58,7990.0625,5990.728
58,14037.361,19159.475
58,122.417366,5723.4233
58,11143.209,7777.483
58,19628.676,10777.716
58,792.86743,9647.745
58,14213.505,19368.271
58,168.314,6299.18
59,10000.0,10000.0
59,13512.741,6564.7866
59,7052.9062,4336.331
59,711.4758,9331.276
59,18044.258,7937.624
59,16471.84,13469.445
59,10496.651,9619.34
59,17385.07,7357.7046
59,1156.2174,11294.689
59,3289.038,18207.21
59,10260.462,2918.8713
59,1596.7806,6362.451
59,12558.158,3765.8281
59,1226.8741,2328.2195
59,10058.964,17504.31
59,11640.408,17372.703
59,17157.086,9780.227
59,5052.0117,11705.564
59,12953.301,15941.681
59,17490.23,7670.397
59,6013.901,12424.365
59,3640.8025,3732.2922
59,693.6576,5008.682
59,7402.558,19775.832
59,4240.635,2083.905
59,9737.063,17492.541
59,3110.785,284.73984
59,13417.051,11669.43
59,17372.748,16568.197
59,14544.204,7174.9766
59,19903.816,4915.8755
59,3074.619,8710.4375
59,7593.696,12958.168
59,6406.4453,11935.79
59,12709.214,16920.842
59,3205.213,12059.944
59,7404.9434,2888.7288
59,19587.82,1358.0846
59,14507.73,9113.8125
59,495.10458,12207.828
59,16199.9795,4112.2197
59,9287.305,8731.842
59,10304.249,9833.398
59,4461.6733,19316.656
59,14329.242,552.40564
59,10373.228,3479.8833
59,2329.085,15817.446
59,2981.3071,15350.082
59,9113.116,7311.6333
59,16696.936,12067.461
59,14555.727,5532.626
59,926.06226,16674.957
59,7780.964,16676.006
59,6748.356,3509.0347
59,11691.003,13970.632
59,1538.5833,14966.904
59,17217.807,8835.145
59,12391.986,12361.646
59,4579.5425,5249.926
59,8701.78,13000.057
59,8478.2295,13341.1045
59,7939.098,18197.117
59,12948.204,19268.098
59,5845.5273,2295.8228
59,1160.3901,15469.034
59,12045.502,2431.7932
59,13601.753,14174.494
59,11479.1045,13708.411
59,6046.892,5634.0117
59,16849.242,5732.478
59,5356.091,12264.039
59,3469.764,6316.9155
59,17448.137,2900.2788
59,13993.546,8520.028
59,15385.748,2316.292
59,6170.5103,6319.2485
59,6761.4893,14579.918
59,915.36334,13744.653
59,2544.926,7201.939
59,12055.053,14836.604
59,10929.354,6426.0537
59,4941.568,12244.293
59,7933.448,8090.5874
59,19883.81,12333.846
59,6194.8604,6470.939
59,11957.966,16431.67
59,12939.248,14303.265
59,4259.3833,13356.062
59,14829.454,15607.569
59,12694.246,19450.992
59,14158.719,17132.734
59,1806.7814,8139.636
59,786.81793,3091.6973
59,9564.677,10042.148
59,15246.765,10220.813
59,9391.125,19363.977
59,2856.908,5649.3267
59,554.2032,11511.31
59,14377.883,11842.7705
59,7453.9165,12197.63
59,7150.738,664.9157
59,12681.6455,11673.19
59,8488.498,1445.5508
59,9917.039,6448.978
59,11164.764,17125.691
59,11115.629,13497.193
59,11398.207,16894.299
59,3059.3977,18879.045
59,10134.015,13890.657
59,7728.3877,5605.26
59,801.8925,2637.935
59,19404.912,8193.469
59,16100.413,7700.076
59,19589.31,14903.722
59,11953.763,16482.586
59,15150.634,11695.813
59,4376.352,12873.745
59,19893.61,7987.167
59,3529.524,614.19165
59,17237.385,14427.583
59,7879.1294,6946.357
59,471.1194,7984.5737
59,13478.0625,5748.5312
59,10680.249,7833.6626
59,2379.3115,11806.262
59,14767.277,5881.61
59,14097.999,5075.571
59,18675.67,18957.953
59,480.71265,14083.446
59,2169.7766,3683.1028
59,6696.2827,9926.055
59,2346.4263,9145.502
59,4239.057,7099.5986
59,7974.65,18407.354
59,19929.588,14737.709
59,15617.471,964.97076
59,14988.467,3155.4282
59,6712.5557,15360.854
59,684.81104,15534.415
59,6326.683,6644.919
59,18737.615,498.8396
59,10101.818,5172.8154
59,9337.268,3474.3289
59,6674.908,14141.471
59,2943.0183,13901.9
59,683.04156,11712.537
59,2440.6123,16757.736
59,6441.761,9069.093
59,415.61124,19605.01
59,6366.3257,18891.305
59,6894.205,3408.2576
59,11676.819,18553.27
59,1429.8805,3595.109
59,4299.9814,1943.1448
59,4468.5654,13449.007
59,14532.831,7231.1445
59,2860.7341,11640.092
59,14520.032,7902.9453
59,2290.5837,9690.433
59,7455.125,16439.54
59,6287.62,19836.467
59,10995.631,19667.213
59,13142.897,15829.218
59,17998.05,11768.654
59,14175.171,6948.071
59,9985.563,4294.424
59,17632.148,1686.8292
59,17823.719,11986.45
59,3818.3489,4275.837
59,14661.238,4708.933
59,7978.687,2364.5264
59,18382.135,7420.8984
59,19571.207,4449.3096
59,13950.13,5206.7603
59,12143.721,16983.344
59,15619.51,8922.52
59,10487.185,4565.2515
59,10491.769,2878.8345
59,8073.991,12404.061
59,2415.1648,14749.368
59,5581.506,7403.912
59,11973.798,14039.065
59,7127.5835,15055.447
59,138.30565,11336.349
59,12358.343,5063.3037
59,15883.53,6437.4004
59,11759.98,8117.0723
59,11692.071,1671.4108
59,18412.057,5186.3403
59,19420.732,5841.3413
59,19261.326,16857.889
59,3235.7205,9285.682
59,17203.602,15758.567
59,10765.917,5428.26
59,15019.9375,15182.238
59,13934.2,103.21401
59,5603.0625,17264.486
60,10000.0,10000.0
60,1651.1443,505.4889
60,15955.998,16245.777
60,12086.608,9397.931
60,784.4597,8163.2397
60,13025.391,8077.266
60,14693.708,15026.313
60,14760.048,4543.2754
60,9878.724,15129.685
60,16891.582,5174.2134
60,5199.5117,8444.5625
60,1272.5044,5850.319
60,5238.474,8515.655
60,18778.943,15189.035
60,10212.515,7235.2827
60,7550.595,9037.295
60,5034.89,1131.5034
60,2659.3047,3209.4187
60,18268.473,11532.545
60,5390.38,11984.256
60,12698.547,18337.072
60,6360.9404,15387.081
60,11863.3125,17000.701
60,16101.717,17209.354
60,3205.947,11903.724
60,4686.4023,8402.98
60,7021.059,4486.4624
60,16737.936,11133.5205
60,8492.136,18919.97
60,19597.582,14529.981
60,17622.42,9126.499
60,8086.121,19355.318
60,13479.565,5139.4644
60,12127.428,18972.457
60,8145.38,11699.507
60,15047.034,87.17354
60,9331.28,17576.527
60,2606.2373,2264.4636
60,14296.478,9773.375
60,10454.921,4238.46
60,15329.824,15927.553
60,11532.9,11825.322
60,19585.652,1623.5018
60,9297.115,17496.441
60,11567.085,18137.865
60,7924.1543,11692.6455
60,11492.486,6763.8433
60,12391.023,15693.809
60,19484.838,10076.722
60,1456.9595,2262.7463
60,3354.3206,6230.766
60,19787.055,5052.5254
60,11668.703,9937.277
60,3524.7966,1100.4835
60,17582.52,502.4994
60,9212.982,14801.24
60,3420.9639,19232.793
60,775.8476,10153.009
60,15098.7295,6856.015
60,4781.879,10323.975
60,19934.8,2129.7236
60,7380.9097,2974.0586
60,5435.595,2757.87
60,11310.736,4321.9165
60,11641.098,13209.569
60,3020.7463,10984.546
60,5064.8047,2334.2974
60,6198.6377,10494.941
60,3348.3389,14579.308
60,8077.605,5248.03
60,3632.031,8848.291
60,15501.035,6841.245
60,4223.829,9658.07
60,2536.956,16196.226
60,15776.482,9675.863
60,19740.248,802.32605
60,9383.469,19165.084
60,2890.7725,19929.465
60,7707.323,7749.7017
60,4876.2363,11273.232
60,12754.458,6940.26
60,17189.979,16686.043
60,18417.514,10045.448
60,9623.436,14141.081
60,10360.909,15393.787
60,3395.5815,1559.7578
60,12946.28,7051.629
60,18520.166,2064.2776
60,6167.087,3759.3958
60,1410.013,18995.807
60,709.35626,10142.097
60,14630.442,8887.099
60,6327.541,2498.8086
60,12669.73,11654.478
60,5820.143,10118.885
60,12578.141,15571.97
60,1039.1387,14602.3955
60,6521.203,13120.144
60,7462.2466,3180.2468
60,2573.4363,9019.361
60,2952.9597,2248.5474
60,1363.6619,18479.275
60,18142.506,6165.173
60,9899.655,11446.003
60,3382.0103,17315.69
60,18664.479,110.1872
60,14976.566,13229.333
60,18058.371,19261.336
60,8164.0015,8617.285
60,11763.864,12817.22
60,4500.637,16838.943
60,17568.34,1551.0638
60,19913.826,10422.129
60,6513.193,6839.311
60,12826.073,3014.3462
60,4088.856,16068.212
60,10080.575,3460.793
60,232.7492,9080.169
60,15589.867,11182.396
60,13402.288,2361.7688
60,447.9418,7551.5146
60,6251.9277,4841.4053
60,7288.817,11832.064
60,3884.06,4202.9336
60,10742.458,17110.701
60,15589.655,13880.231
60,5598.6772,9646.421
60,5115.4297,4304.6406
60,9830.18,11614.186
60,11130.266,13708.941
60,2150.5903,4477.1714
60,7055.152,8252.474
60,3856.3557,5356.813
60,148.51782,14824.539
60,8809.858,2949.4956
60,1150.5073,6430.4824
60,1199.4779,5167.907
60,16883.564,182.19061
60,3583.763,14474.665
60,13215.704,18777.277
60,17525.922,10315.636
60,12447.768,13099.876
60,2672.3142,13718.457
60,15647.259,10175.669
60,10248.94,7495.709
60,17910.514,8522.223
60,8011.7344,11490.442
60,4194.135,3097.8762
60,18636.482,10937.985
60,17988.064,8132.993
60,17988.574,14100.584
60,9005.884,16045.695
60,19054.445,4512.33
60,6514.0693,698.81616
60,2734.566,12094.156
60,908.83405,17516.895
60,13419.627,13871.216
60,9395.838,12563.548
60,10767.15,5188.6997
60,5669.7495,1441.2429
60,14622.28,9967.371
60,17924.05,1185.5258
60,11253.233,15539.71
60,3714.7102,3684.3342
60,10323.745,4364.5293
60,3516.0903,12289.202
60,5912.701,19672.44
60,6283.5703,3017.3933
60,15725.358,3924.8086
60,6494.532,511.12137
60,19062.812,17006.984
60,9891.3125,17531.785
60,6580.938,16320.969
60,508.4681,10142.156
60,5906.5063,4889.019
60,2920.0808,1526.1464
60,13608.708,5723.4165
60,574.0931,11581.047
60,14832.559,3585.363
60,13813.877,2920.565
60,6792.2466,6511.708
60,13045.601,4689.3955
60,10106.191,2731.2793
60,4599.906,5185.037
60,2312.9321,11814.922
60,322.21082,19785.146
60,15337.808,16381.386
60,12384.713,8631.425
60,14114.373,1870.7986
60,17719.701,4684.4775
60,12066.087,17621.768
60,16029.315,19198.178
60,725.0492,3722.5757
60,16645.584,15709.167
60,11534.787,7055.4644
60,5218.1084,11922.805
60,12374.29,10686.328
60,14442.939,10408.031
60,7077.0117,14202.66
61,10000.0,10000.0
61,9571.679,2177.5288
61,3932.1294,18745.256
61,2825.911,11113.285
61,1884.0726,15952.049
61,14295.479,13120.7705
61,15610.177,17897.06
61,5429.007,1050.602
61,5638.941,18905.92
61,12575.712,14101.427
61,17373.012,10365.706
61,392.51956,19514.133
61,8245.197,17097.283
61,5853.9395,1226.6064
61,3211.2144,3415.0842
61,7642.7197,15282.664
61,6285.3037,5640.1943
61,4492.2773,7044.473
61,13625.269,16766.959
61,2825.7634,6457.3584
61,8197.075,1752.5994
61,4957.972,1372.227
61,6673.949,2535.739
61,10290.557,15729.828
61,4206.968,14668.237
61,17601.656,3127.7485
61,10864.291,17752.447
61,16780.252,8173.398
61,2951.6714,16475.438
61,2738.5613,1463.3248
61,10560.268,15779.94
61,19626.275,18611.42
61,12359.05,9129.848
61,13195.779,12565.14
61,5580.992,12430.01
61,11203.086,10189.7705
61,873.0595,13331.333
61,3343.4358,9880.384
61,11022.811,10837.112
61,13954.722,17649.766
61,10111.178,2296.5989
61,11211.071,14894.944
61,18687.668,18848.234
61,6977.328,7237.583
61,18109.912,2522.7156
61,1880.577,14150.259
61,476.86905,19353.705
61,8461.25,13839.238
61,10068.858,13012.192
61,8550.956,15461.839
61,16500.436,19350.21
61,18137.299,14912.626
61,2739.6924,14068.78
61,9144.303,19656.824
61,1303.7225,14256.835
61,1154.5234,17355.633
61,4381.552,15123.908
61,14443.37,13368.719
61,18453.941,5595.134
61,16612.365,14339.218
61,7796.024,4659.585
61,15590.364,628.4483
61,9202.823,9686.94
61,933.729,17269.4
61,11841.305,15062.641
61,2919.6194,13897.204
61,3804.3218,18164.814
61,6351.09,15522.604
61,19113.357,6968.746
61,19162.629,18884.885
61,9379.347,6206.239
61,14048.444,3787.6604
61,11230.182,1317.6316
61,18283.098,19303.004
61,19657.566,4955.5547
61,6795.6885,4234.636
61,17031.184,17437.635
61,805.9309,8275.907
61,2149.5903,4244.07
61,16329.648,10404.598
61,9112.576,9255.389
61,8800.652,1809.8772
61,13840.8125,7870.3315
61,7669.587,7702.1943
61,15401.154,2042.1879
61,3219.8882,17600.842
61,9551.73,16007.842
61,11557.837,13601.123
61,16664.488,10025.818
61,158.99455,13972.706
61,5306.207,10917.141
61,12002.72,9340.609
61,14192.8545,4522.3823
61,35.37064,12384.485
61,3112.0288,13902.95
61,2597.1575,15606.619
61,17034.209,3103.933
61,18809.611,1126.2593
61,16686.24,7016.2734
61,8982.086,11760.972
61,2015.4247,15181.729
61,3145.6465,12720.597
61,12713.819,7552.002
61,19173.697,17605.21
61,15202.256,10957.419
61,5984.6167,19335.531
61,892.77,10280.808
61,13436.288,13621.548
61,18784.736,3575.581
61,2215.2095,2819.5803
61,13726.806,6625.201
61,4825.109,16163.801
61,15825.799,10218.651
61,11071.201,17601.582
61,14316.1,8140.2417
61,8736.836,7654.7417
61,3443.5269,7295.4526
61,9943.983,1576.526
61,8752.849,19335.361
61,11042.474,14683.898
61,4755.2153,8679.319
61,10260.708,6761.081
61,19876.377,8724.207
61,1884.3143,3207.341
61,13396.546,12472.181
61,1265.661,17949.9
61,16004.306,19471.705
61,10080.935,377.75647
61,13942.797,16011.778
61,15709.385,10275.261
61,11694.464,3616.6133
61,4299.0405,10588.216
61,11767.284,19126.934
61,520.63214,2124.51
61,10060.919,11427.368
61,18894.27,4078.672
61,6349.3506,17008.975
61,8231.476,7465.7373
61,14104.067,19390.68
61,11238.955,2031.1014
61,10573.616,15638.033
61,12553.298,14859.346
61,15952.016,12173.778
61,10117.258,4164.0273
61,8286.981,12694.368
61,918.44104,8452.433
61,3330.6064,1193.7875
61,4106.2,5091.312
61,610.8969,7052.362
61,13806.389,8729.002
61,5103.8228,17596.057
61,7054.09,1731.6311
61,11421.27,19864.354
61,14661.863,11145.998
61,1405.2512,7363.6406
61,7031.1475,14721.043
61,12149.678,13816.542
61,10783.683,1899.6901
61,14162.066,13790.658
61,2857.2014,13120.004
61,18745.916,9527.213
61,484.9377,11430.842
61,9337.823,1417.8976
61,14795.759,7680.646
61,2475.059,14845.407
61,621.1577,5204.335
61,19070.787,15389.144
61,5852.182,1855.5227
61,16135.996,6063.755
61,8463.843,951.8076
61,16363.262,19929.768
61,15202.283,5327.689
61,6360.708,6995.735
61,17989.559,15240.281
61,15110.134,12000.377
61,6268.1226,4670.3755
61,14813.389,10420.308
61,18297.512,15599.297
61,18681.87,954.61176
62,10000.0,10000.0
62,7023.653,17206.66
62,1487.9697,3246.9482
62,8442.885,2364.4558
62,16278.489,17189.334
62,5481.614,12354.344
62,3534.5818,860.1078
62,7836.77,9853.003
62,3687.9062,9314.96
62,17177.203,52.62865
62,4312.7676,12021.264
62,12475.504,8089.6147
62,18955.117,17579.691
62,8293.21,1411.3365
62,15012.66,7190.211
62,14551.319,9368.709
62,15005.469,3745.5986
62,18160.195,10523.447
62,9110.353,17021.244
62,2911.6467,6682.7354
62,7305.405,1717.0103
62,12180.424,6822.5156
62,1512.3584,10028.398
62,11041.967,19166.195
62,317.42438,6149.2407
62,7506.827,859.3793
62,10040.997,14601.817
62,12998.943,16202.901
62,12674.385,7601.337
62,16261.017,7195.6616
62,1946.3192,11940.71
62,15070.327,14563.87
62,7439.7163,13932.732
62,10083.382,3542.3928
62,7870.8926,14405.78
62,13217.159,3037.7922
62,14491.844,296.48798
62,14335.143,16547.902
62,6355.249,14789.158
62,19248.102,13856.795
62,14835.961,405.02454
62,13269.441,12573.493
62,7876.5615,14001.807
62,13743.725,5174.89
62,495.00372,8503.639
62,3628.9824,14282.81
62,18554.494,958.9798
62,9480.786,7782.8477
62,8275.256,1588.1171
62,9235.407,11270.123
62,16084.74,4773.2124
62,4584.3794,3723.003
62,10768.514,8010.981
62,329.45584,6439.789
62,2161.7148,1728.6833
62,4353.5938,9661.834
62,9470.885,3249.2256
62,18766.129,4142.695
62,13124.424,12826.28
62,5203.4585,12774.092
62,19981.783,323.37103
62,15225.106,10536.573
62,10985.355,11296.869
62,15910.34,4059.7185
62,536.2982,10020.388
62,9606.785,5383.868
62,15853.771,16302.53
62,11436.524,6060.686
62,10635.053,9804.859
62,2750.984,16581.998
62,7182.9575,8387.547
62,4184.5405,11894.007
62,1270.8307,9235.545
62,19482.86,9397.907
62,10543.474,8353.094
62,3747.8213,16490.545
62,14923.76,11584.544
62,4889.1245,12254.767
62,19136.559,13779.284
62,6725.456,4501.9385
62,7280.2495,11093.073
62,4284.2583,1815.2258
62,7978.7446,6094.2915
62,7874.542,17792.979
62,9618.783,3291.687
62,1675.7505,7481.6475
62,4681.628,14360.282
62,15443.512,5337.5483
62,7946.971,17265.92
62,4630.201,15445.037
62,10014.411,8109.8354
62,12305.434,19198.64
62,15017.611,4603.692
62,6457.9077,11506.333
62,6214.883,448.05368
62,15970.478,9307.537
62,347.4013,11708.533
62,1685.882,12898.973
62,11561.553,8200.479
62,16263.456,8580.886
62,11987.117,15594.021
62,9239.481,7294.508
62,3945.7517,17573.244
62,10277.9375,767.7191
62,466.30743,1238.9825
62,5311.2505,4807.3315
62,3366.6719,3458.2798
62,3253.9705,7680.862
62,14002.497,9947.2705
62,11657.474,8020.8794
62,10481.239,18386.785
62,19474.523,16438.262
62,2851.668,2030.9377
62,13162.361,12070.9
62,12203.747,1629.4052
62,12625.306,6768.78
62,7476.1587,11207.726
62,3549.1592,15157.875
62,7510.2993,9643.5
62,522.9051,7527.3057
62,11003.334,7800.9727
62,14623.052,12069.265
62,7753.4946,2441.6565
62,8361.343,10641.83
62,3860.6848,18033.855
62,4747.1045,13009.013
62,16988.857,11503.127
62,336.31836,19093.691
62,11202.12,3627.2
62,1687.6143,1140.076
62,17752.469,1950.9172
62,494.69415,18237.652
62,4331.6074,1844.7535
62,460.9862,919.70074
62,5430.5083,10306.866
62,17220.238,10940.437
62,5655.238,12847.152
62,4697.7197,625.34906
62,18394.357,5896.5747
62,12182.636,4492.747
62,9015.289,13235.396
62,1643.8721,15214.393
62,10264.335,15313.828
62,12041.073,6875.3677
62,17981.89,8558.055
62,18679.926,7986.9995
62,11903.096,13226.503
62,14698.42,7164.4507
62,18793.96,13535.025
62,5826.73,16820.748
62,6237.35,12454.723
62,8047.6074,18018.686
62,18998.557,16433.35
62,9978.29,6488.49
62,16387.3,14941.657
62,2720.748,19938.299
62,3573.211,3350.1348
62,14937.962,18858.275
62,9581.361,9183.118
62,622.15375,11412.037
62,7027.0186,18067.98
62,1593.6252,18050.715
62,18922.719,17406.586
62,18721.383,7848.02
62,14739.172,13566.96
62,7080.1416,5704.4287
62,16797.26,14263.844
62,11309.725,454.96927
62,10969.563,18747.533
62,3071.5935,9213.314
62,18253.992,19532.867
62,11032.105,12200.749
62,9181.611,16207.016
62,1452.6293,14814.67
62,8686.686,16649.195
62,1551.9707,4365.2114
62,3650.0186,19370.555
62,11647.414,10113.163
62,19367.658,12743.621
62,4514.333,16597.232
62,17030.09,10712.581
62,12267.218,8427.632
62,12000.823,12829.797
62,3229.7156,3224.3125
62,6709.883,17004.262
62,19272.262,16762.395
62,1887.8519,18238.104
63,10000.0,10000.0
63,2661.6099,6480.9536
63,6654.5054,13270.826
63,4952.0576,5291.015
63,16923.31,4098.4795
63,3844.2073,10442.821
63,10253.4,8758.687
63,14888.793,8999.729
63,2934.7542,12803.655
63,18398.693,9520.03
63,14.708999,10695.217
63,7669.684,12183.084
63,2336.0886,1483.34
63,12797.068,4305.362
63,4654.6406,18195.236
63,19216.271,19998.375
63,15414.5205,951.72504
63,3087.2559,3874.757
63,10624.414,4909.4746
63,2364.2405,1287.4924
63,8285.048,18252.41
63,5395.5615,17106.6
63,18880.924,144.52956
63,10573.398,2164.7031
63,1183.0219,18610.088
63,3165.3696,12032.125
63,6890.6426,15780.189
63,15572.23,13802.575
63,14999.131,16159.0625
63,1326.0092,11987.27
63,16702.01,9427.09
63,695.6015,2490.3723
63,13701.832,2781.78
63,14975.721,3472.5273
63,9648.279,2571.1409
63,16749.441,724.07434
63,19552.6,63.572853
63,1534.4968,10294.037
63,3727.8928,2111.619
63,15954.222,10388.256
63,15041.53,4065.583
63,11170.872,1134.688
63,5553.0522,3774.35
63,12003.766,12374.385
63,6208.5283,8099.3906
63,11157.878,19947.418
63,4239.7456,12878.123
63,17102.78,11775.759
63,9199.504,15016.895
63,10703.551,18368.428
63,7535.2075,2763.4407
63,7704.4434,6065.4717
63,12122.27,4618.5923
63,16512.89,15026.071
63,18591.125,15162.112
63,15960.775,6939.832
63,16704.115,2541.7551
63,14205.621,10421.584
63,17463.031,16185.35
63,9414.369,17996.203
63,2068.2065,1319.527
63,10449.649,4114.561
63,3944.4316,13336.174
63,12324.64,11386.632
63,14982.064,1789.0366
63,11737.807,8327.47
63,4621.7666,16354.314
63,9547.593,7328.6177
63,825.1988,11013.686
63,19009.791,14050.468
63,4201.176,2276.099
63,18575.932,11967.521
63,18108.855,18272.56
63,16082.458,14050.803
63,13258.21,13462.294
63,18008.162,14179.871
63,5292.294,3760.5034
63,490.4653,10288.648
63,6097.25,14836.308
63,13035.68,7202.098
63,10057.882,4664.8604
63,6484.5693,7235.9917
63,6448.141,1423.2101
63,2749.4119,19209.75
63,642.31635,10166.074
63,4755.3315,1129.6478
63,12610.765,15902.813
63,7708.998,6804.5884
63,10300.597,687.7028
63,8760.935,6458.8647
63,12771.013,9001.882
63,6429.543,17509.92
63,12488.431,4908.361
63,4055.9973,11064.459
63,8312.373,12463.223
63,1711.6382,16480.566
63,13682.966,2277.279
63,15795.486,3318.7139
63,19144.389,13642.303
63,5541.453,6079.3433
63,615.38513,18302.71
63,17909.936,6243.0796
63,11336.53,14065.99
63,19082.229,8590.139
63,10604.51,19636.125
63,11442.849,18461.578
63,1273.1499,17735.344
63,11050.643,4232.869
63,11954.112,11385.925
63,11064.336,8697.917
63,2430.6467,18804.45
63,6222.4106,3810.8882
63,9169.264,19831.004
63,5638.1196,13051.684
63,13034.975,19816.387
63,19429.605,12910.327
63,9498.642,18408.086
63,17443.36,1075.4348
63,8895.906,5519.0166
63,16615.625,5920.193
63,19417.234,18297.281
63,17463.348,1537.4443
63,14043.227,3253.5696
63,4616.1626,9268.704
63,12829.582,2090.3877
63,1694.2543,8040.0166
63,7790.252,13181.533
63,8108.9473,1689.8755
63,15306.596,4025.9927
63,4616.312,17667.227
63,15613.872,8365.777
63,15320.667,19382.166
63,5076.1294,8049.6714
63,10381.649,209.82774
63,13899.448,13099.683
63,18387.139,4642.3506
63,7113.9365,7202.8193
63,14671.213,11793.231
63,202.93872,7886.396
63,13997.991,2264.461
63,13926.174,13148.301
63,17228.543,15946.378
63,12784.162,4789.3677
63,17039.74,10904.311
63,10751.611,10264.229
63,2307.1062,4337.4956
63,5193.081,11103.585
63,15792.801,2735.472
63,13303.692,1759.1382
63,4966.719,17421.998
63,17891.346,1618.4698
63,13005.396,18126.559
63,2093.9087,10538.813
63,4748.635,1955.9897
63,11553.724,11995.266
63,9315.195,3615.5952
63,4808.0757,3490.5793
63,19118.62,2781.4097
63,19110.031,2441.3057
63,6514.731,5179.424
63,7094.5093,56.05209
63,1937.3824,4799.886
63,11143.81,12320.717
63,2732.1724,1658.6367
63,9528.89,5743.04
63,11734.768,17359.363
63,8604.953,937.02295
63,14779.97,13038.666
63,10611.693,3546.7986
63,19959.803,4079.9475
63,12228.368,7263.966
63,2682.1924,17389.293
63,11155.663,19793.658
63,1839.7952,4624.6533
63,15756.119,7827.1953
63,690.3307,3930.9285
63,8842.77,11832.839
63,18648.064,1931.6024
63,14798.352,803.26984
63,9467.561,4565.28
63,11204.804,5882.391
63,18286.918,11763.874
63,8024.7207,14066.99
63,19617.611,13682.175
63,111.48846,6505.9424
63,13794.251,4084.2002
63,10038.542,11193.815
63,565.8673,15317.433
63,19284.395,3928.8835
63,5527.1895,7600.1323
63,13402.113,562.4332
63,7683.0776,2565.7446
63,7416.674,13958.55
63,8706.029,9377.05
64,10000.0,10000.0
64,6335.7803,1069.8625
64,9055.724,12593.384
64,14098.7,348.76715
64,15666.434,2780.93
64,7758.9478,1920.6852
64,17590.682,893.2264
64,8668.48,7876.2476
64,15237.347,2540.8567
64,18266.75,9949.189
64,16248.249,8302.702
64,3741.7734,2320.7375
64,2375.0288,7236.462
64,18539.654,17685.59
64,19953.459,13741.728
64,10295.821,15811.747
64,15722.529,1075.1704
64,784.4172,1834.3365
64,17379.053,10743.892
64,9008.457,15052.178
64,9673.351,4693.0522
64,5261.7227,18733.512
64,19830.799,2251.996
64,13427.61,14873.559
64,11814.553,15399.777
64,10072.825,3785.1743
64,2464.9138,2316.675
64,14214.058,7095.035
64,14472.986,2808.7048
64,9480.832,4493.435
64,7424.9683,8916.498
64,8031.259,6903.4346
64,14679.547,195.8832
64,13762.888,18826.79
64,7025.3745,14405.327
64,2686.1538,7785.1406
64,11165.798,18908.977
64,13238.679,1954.5879
64,971.6666,19952.2
64,17506.557,13913.131
64,9918.757,1781.3767
64,19062.85,7207.384
64,2595.302,15689.508
64,13099.379,10928.579
64,12924.907,8767.212
64,11144.665,7245.0723
64,4381.5947,604.3113
64,15976.948,9708.762
64,8328.713,8726.28
64,19961.008,15405.52
64,14256.238,13090.232
64,18169.92,15019.561
64,12897.153,9897.995
64,12942.42,17387.12
64,10576.771,9134.338
64,9256.991,3784.8
64,3751.3306,8477.612
64,804.84753,19025.654
64,17878.299,13805.921
64,16108.592,16564.623
64,14600.805,1844.171
64,9162.489,7188.595
64,1993.1764,15960.472
64,5231.9165,4741.723
64,1559.9658,15569.559
64,5947.8335,19206.627
64,11660.464,16507.152
64,4011.177,14219.172
64,1473.109,11849.128
64,7057.3613,17516.713
64,14870.418,9698.506
64,705.392,19721.516
64,4945.877,10112.051
64,12258.599,2079.194
64,4131.68,9869.471
64,12842.603,6380.3496
64,6137.557,10966.456
64,892.84644,14454.14
64,4750.7627,7658.703
64,11910.867,1993.407
64,6212.6343,18247.412
64,10611.911,12329.952
64,18343.693,6363.4824
64,10217.806,4860.0156
64,18051.479,13287.775
64,19503.525,2053.8152
64,7398.812,14696.328
64,11699.372,11378.587
64,1836.0273,18408.555
64,19043.64,19467.723
64,15137.708,16771.69
64,4632.6724,11008.826
64,13569.373,9381.229
64,7465.251,4383.1577
64,13223.546,17475.32
64,13006.657,10686.477
64,11897.35,3870.2861
64,8646.1455,7987.0693
64,7662.2764,13697.211
64,19843.344,14436.711
64,7860.883,11644.336
64,15052.542,9336.456
64,14540.439,12610.664
64,11126.07,9043.377
64,15339.651,17262.172
64,15497.722,6907.834
64,3336.186,3941.6147
64,2578.8823,2870.2007
64,9141.469,13257.181
64,10120.053,14138.109
64,11495.678,11060.939
64,9239.394,15965.027
64,18755.516,12905.4795
64,4072.1638,8944.289
64,16991.537,7530.458
64,15400.957,18474.674
64,2918.1338,16379.636
64,11448.267,6523.3467
64,14629.542,19725.998
64,16587.34,9786.478
64,5716.5054,14019.227
64,1372.6371,3187.3901
64,141.10153,1144.285
64,19298.895,14834.474
64,1204.5609,12662.266
64,9134.791,9804.451
64,14147.534,8976.392
64,4672.8945,3947.4373
64,4498.877,13026.143
64,8834.907,18548.246
64,9291.709,5607.9062
64,18740.094,1289.0256
64,3048.3965,7935.496
64,17921.506,12620.449
64,13895.498,19503.963
64,15203.976,2254.2385
64,15378.105,9512.659
64,14322.995,1963.494
64,2944.0984,12150.858
64,9345.952,11808.486
64,17223.225,8176.4365
64,2568.736,7261.9766
64,10874.09,19474.17
64,1883.47,5016.5283
64,15649.819,6924.1377
64,7325.701,2934.2493
64,16564.34,11885.616
64,15792.301,6459.927
64,716.9385,5045.013
64,18976.613,11965.067
64,6532.6353,8662.697
64,1309.4275,12046.442
64,1376.4265,11441.421
64,1050.0656,1062.7357
64,18134.451,5621.3
64,3838.83,1191.5194
64,13953.376,19515.229
64,18447.674,3786.4348
64,2448.4065,7875.8325
64,16478.244,8169.0396
64,4905.186,15889.179
64,5141.844,7915.1406
64,18994.94,17573.541
64,1725.343,18041.533
64,7945.3496,371.35736
64,6630.707,2475.5156
64,19020.574,13897.909
64,7224.6284,14343.262
64,9675.732,5027.963
64,11339.5625,7744.916
64,14659.219,288.93732
64,2239.91,2825.2722
64,19647.963,8876.026
64,11983.905,2341.3157
64,5287.1787,12629.311
64,6532.8237,9993.619
64,9050.72,4474.0376
64,17670.547,8364.865
64,17637.965,6962.949
64,7409.3706,19306.979
64,1304.3333,18813.885
64,2960.0762,8144.7153
64,5075.301,13503.415
64,1625.7886,12269.043
64,12201.07,12552.5205
64,12951.627,5312.558
64,5351.713,18731.777
64,6213.536,18839.115
64,3492.7278,15705.727
64,14034.165,18395.684
64,2185.736,18345.135
64,11707.722,7446.665
64,11636.001,1083.2416
64,2706.4,10623.286
64,8656.353,19415.455
64,12967.489,9131.956
64,11019.389,5384.831
64,7691.624,5768.055
64,4845.214,5559.2744
64,19160.373,19981.066
65,10000.0,10000.0
65,5504.685,13766.566
65,16580.992,3148.5725
65,14805.995,14322.122
65,976.78705,16751.928
65,9917.407,6604.1235
65,16736.549,12998.234
65,11862.61,6178.227
65,4063.7227,5657.273
65,11129.383,1347.963
65,11239.239,1018.9432
65,9020.975,4691.546
65,7371.862,11057.76
65,1422.1791,12432.631
65,12011.487,11046.711
65,11550.53,16608.123
65,7056.5054,4083.5244
65,13346.833,14044.593
65,7095.843,7873.4956
65,12624.43,17222.068
65,2.6864884,17315.07
65,13282.259,7210.7876
65,292.73282,17660.043
65,4427.45,12496.166
65,15579.334,1046.0359
65,9422.01,5775.2773
65,16975.973,3704.164
65,16230.759,5176.493
65,3541.3171,5873.701
65,989.3522,2413.3035
65,17764.014,10622.808
65,4413.459,12464.496
65,14930.307,17770.373
65,12496.629,3070.0527
65,7644.931,15645.8955
65,16515.893,5083.4854
65,10993.45,8752.458
65,4379.502,446.54877
65,2395.4873,16819.443
65,16187.955,8940.368
65,4588.6304,1550.9291
65,19039.654,6439.191
65,4300.3545,13686.626
65,4542.9497,5267.395
65,11696.345,18362.678
65,4285.7803,17604.375
65,4848.779,5050.3066
65,461.85217,13006.7
65,15400.021,7533.644
65,19273.465,12138.871
65,19876.328,16533.896
65,6127.872,6551.9326
65,18750.34,5161.2197
65,5127.0728,18053.361
65,8668.603,9113.477
65,4886.431,11622.43
65,1162.9745,14136.415
65,16111.576,10065.888
65,12016.117,7090.5796
65,16706.209,2846.323
65,2857.6628,18526.684
65,10555.6,1360.8108
65,3770.694,17103.07
65,9661.117,19216.908
65,3747.1235,14273.536
65,1262.1599,309.25165
65,9621.251,7714.1294
65,11580.775,6607.235
65,1380.0477,19139.033
65,15820.9,12233.039
65,18638.314,10531.366
65,4369.687,16537.475
65,18821.53,8777.749
65,17136.797,16049.053
65,8462.437,8247.069
65,18491.625,6847.2017
65,2189.1306,5387.7334
65,14719.159,1430.5626
65,10919.278,2679.5483
65,8049.761,12335.745
65,8137.8066,17284.518
65,4038.5159,7802.6104
65,10542.457,10022.894
65,3215.6418,574.575
65,13468.511,15291.776
65,19791.764,12387.863
65,10550.991,13077.255
65,425.0647,15726.84
65,10751.018,14431.404
65,14066.671,5260.5933
65,12893.389,6815.672
65,11838.78,2593.2534
65,10597.448,13931.477
65,1871.1617,16955.29
65,12653.799,13457.774
65,14807.835,1001.2407
65,19358.627,10410.203
65,14678.556,6604.169
65,15672.575,4870.2676
65,10101.482,18846.422
65,1487.735,648.7676
65,16363.409,88.48846
65,328.4699,3794.5886
65,1686.3901,172.30342
65,3915.7812,4869.877
65,9728.614,13242.514
65,9138.146,2076.7932
65,4837.2944,2419.8562
65,137.69011,553.68585
65,6943.62,19815.732
65,15791.292,3073.0059
65,2469.3142,9107.402
65,8480.887,12495.108
65,1464.1135,16155.456
65,1442.2555,10815.774
65,5927.9985,18653.562
65,4187.959,8101.2036
65,17430.232,8463.004
65,1353.3174,1934.5879
65,15801.586,7457.018
65,17215.127,13328.026
65,14014.888,904.9379
65,14792.342,19966.135
65,2475.5193,4010.0066
65,18661.594,12086.093
65,17168.834,14395.987
65,8323.066,12852.694
65,6092.2554,3525.2932
65,2525.501,10743.609
65,12314.203,4887.395
65,304.48477,8457.374
65,19102.3,10123.83
65,6485.517,2187.2085
65,19014.69,1960.5964
65,13927.575,3394.1165
65,14464.412,11249.145
65,6878.33,3533.0327
65,18432.426,3951.6548
65,6331.17,17778.812
65,6882.958,5631.678
65,1516.349,14288.815
65,12829.352,7817.1562
65,5540.6274,17299.79
65,2488.124,6266.3076
65,14450.236,6569.663
65,15857.336,17720.426
65,18100.803,2225.699
65,3513.3674,6021.173
65,14005.07,17086.703
65,2903.528,3650.071
65,18036.44,36.477825
65,19720.05,2941.8098
65,14467.753,10809.448
65,17668.062,10213.03
65,16480.121,3954.4175
65,1723.3658,15688.638
65,6702.681,11259.866
65,18160.936,7509.238
65,11393.145,19922.01
65,17928.191,4957.6465
65,9127.654,2075.3389
65,17219.402,2430.347
65,4432.6094,15231.29
65,18168.537,17344.592
65,19047.691,2965.6396
65,11967.788,13290.934
65,4310.1616,17144.486
65,8503.935,3370.3416
65,13314.204,15343.063
65,8374.546,17360.006
65,7917.3047,14325.25
65,6216.2334,19306.352
65,2268.6926,6987.488
65,5623.45,13090.725
65,3825.751,19326.174
65,8685.928,17738.191
65,8882.065,6116.481
65,14213.794,14611.987
65,7032.3394,7948.196
65,2785.427,12041.064
65,8283.84,15934.762
65,17705.838,17629.512
65,13382.168,8039.3706
65,10939.844,6715.185
65,10845.113,10579.645
65,3995.366,11803.753
65,10716.602,11205.296
65,19412.705,4345.2476
65,16390.744,8722.026
65,16404.445,10455.54
65,1640.2588,13190.75
65,14882.305,4928.713
65,11306.938,17909.904
65,3682.359,8581.27
65,8888.962,1308.5897
65,14315.176,19507.604
65,8779.164,17888.984
65,3420.5803,7755.4897
66,10000.0,10000.0
66,13995.836,5136.5903
66,13026.948,10777.667
66,15522.747,14166.284
66,12433.245,1630.9235
66,11134.924,2509.2708
66,3834.9646,8412.359
66,16854.188,11377.505
66,27.729092,6251.491
66,14990.149,5018.844
66,11148.688,11658.65
66,11730.739,2302.0251
66,106.32453,15548.04
66,8882.287,8735.137
66,6930.6333,11275.016
66,19771.639,9054.788
66,9287.611,12630.046
66,10952.191,8977.708
66,1960.9602,4128.8545
66,9533.286,14293.418
66,10350.819,2736.237
66,18465.078,9439.3
66,8515.233,5570.396
66,335.16608,3376.7817
66,13235.543,12766.257
66,667.44836,2635.4792
66,1148.5051,6813.5264
66,12200.236,3208.7998
66,564.39343,19853.28
66,15270.536,10527.278
66,8463.57,6890.562
66,17304.436,12272.49
66,13137.057,2963.1038
66,8441.642,12212.736
66,11735.388,19168.18
66,2567.143,19003.17
66,13885.889,18688.047
66,7197.2554,17501.865
66,12252.388,10304.205
66,13599.899,5355.109
66,16296.879,4737.847
66,4504.4966,14084.103
66,4982.78,9177.736
66,10083.727,3387.5793
66,14238.303,15774.98
66,9757.805,4983.3447
66,15603.77,3982.9175
66,19838.88,11961.899
66,15296.091,11989.37
66,10642.236,2516.7114
66,16815.766,5515.2773
66,9516.349,10185.413
66,1618.7001,4524.9185
66,11386.816,12794.784
66,8218.291,6061.073
66,8353.767,13969.19
66,4817.82,12553.674
66,6158.455,3155.3586
66,15388.348,1292.199
66,6253.74,1788.0756
66,10217.173,5432.794
66,4325.441,10091.092
66,7087.941,14115.748
66,4046.8962,420.59833
66,13884.539,2501.93
66,5424.541,18515.332
66,13604.213,2654.3977
66,13337.907,12148.846
66,1446.166,7900.083
66,27.620544,11019.547
66,19280.223,16946.969
66,4939.423,9010.993
66,15858.44,7969.2603
66,19895.016,10144.555
66,4542.28,1560.2465
66,2265.1013,17912.637
66,5579.732,6081.1987
66,18988.457,6134.272
66,9836.349,938.35223
66,12210.606,4254.1577
66,7433.6714,16724.787
66,19565.188,4721.569
66,14716.671,10628.209
66,3292.5618,2010.8335
66,6401.427,8997.034
66,15992.878,60.263203
66,12630.554,9701.726
66,9144.195,19007.523
66,8143.7725,14153.092
66,4570.5654,5851.6143
66,9535.259,3797.7402
66,2685.6133,16707.059
66,6660.203,44.071827
66,15332.93,8354.819
66,15098.313,19912.846
66,1795.8889,9059.04
66,17161.12,17016.22
66,17155.422,3196.6262
66,13522.104,6796.9126
66,3064.6147,3852.0364
66,16457.38,11592.217
66,16865.85,18387.19
66,14699.867,870.49243
66,14441.597,9884.2
66,2680.9756,746.4192
66,4504.4683,9505.58
66,4991.438,14745.504
66,565.23047,12978.948
66,9592.876,16919.475
66,8631.635,12739.61
66,6639.4307,693.00275
66,5072.0586,9271.22
66,4849.8867,3317.2878
66,6585.7295,2438.942
66,6245.378,19120.525
66,12492.316,14590.56
66,18962.758,1879.243
66,4832.25,9659.31
66,18513.154,11754.859
66,5986.8223,11669.038
66,11749.481,14273.878
66,14725.252,1072.3472
66,9020.037,7684.769
66,2981.0156,14739.442
66,11735.468,4019.0127
66,5306.864,8872.74
66,15633.935,14428.392
66,12195.498,14183.223
66,59.70107,12675.842
66,19699.734,581.5031
66,12952.122,8967.586
66,10760.984,13590.073
66,6936.6997,5299.9966
66,3070.8093,5547.454
66,3350.699,17125.79
66,13214.184,9628.548
66,15071.528,6772.143
66,1219.7362,5707.08
66,17387.59,6101.513
66,919.3109,9882.999
66,7368.933,2691.2625
66,17741.498,16684.219
66,16254.532,2171.0933
66,2468.0374,11285.278
66,14700.281,19635.068
66,6115.6357,7726.46
66,10944.436,13847.502
66,9571.0205,989.02893
66,224.97664,6308.604
66,15999.644,14738.069
66,1596.4679,6156.0796
66,12216.574,16678.652
66,8604.011,7780.2925
66,9948.838,2318.8093
66,9259.919,6225.826
66,10987.514,19584.535
66,1940.2013,16785.05
66,13670.719,2963.28
66,4995.938,12677.067
66,3631.1338,16028.099
66,9867.351,7118.1226
66,15731.466,6728.1978
66,1437.0697,8632.535
66,13727.615,4556.0205
66,4748.6685,15778.037
66,5008.0566,7637.9507
66,11127.551,13744.814
66,11619.428,15892.103
66,1672.0103,10817.277
66,16955.113,1437.1306
66,11741.543,13447.963
66,14038.939,2869.4656
66,1327.2527,8211.145
66,9546.163,3573.09
66,10643.722,17252.895
66,6212.493,10421.445
66,10485.81,181.82732
66,6086.7124,16468.89
66,2999.9072,10897.365
66,4233.355,7979.146
66,8247.001,16442.729
66,13460.616,1124.833
66,4676.0576,17761.838
66,1025.0461,6165.965
66,19370.604,9120.919
66,917.22943,18343.916
66,17686.783,10641.105
66,9462.983,5187.361
66,820.2023,1023.29095
67,10000.0,10000.0
67,17356.842,16938.729
67,82.42451,1352.7803
67,19935.102,6631.2
67,11351.973,2625.2349
67,18106.658,72.09738
67,7545.548,9118.742
67,10382.71,15613.0625
67,1797.6194,9870.989
67,5045.4995,19004.693
67,11839.609,7381.9355
67,3838.716,17944.125
67,13944.23,15940.769
67,13676.02,13144.574
67,19802.72,1.55004
67,12314.189,15603.571
67,10213.039,7535.2583
67,6171.3228,9712.004
67,11003.85,17024.518
67,13592.914,19082.572
67,14290.035,10405.267
67,16628.326,7040.1357
67,8234.627,10310.168
67,8718.591,16322.623
67,11656.159,770.478
67,13130.694,16007.963
67,19026.75,1229.2068
67,2923.27,19056.455
67,8270.582,10186.683
67,12000.159,366.9942
67,630.6604,1585.5455
67,6828.177,6005.1567
67,4473.8213,5750.843
67,7651.4355,6874.9756
67,19338.82,12678.916
67,3620.4458,15294.769
67,13969.446,15649.593
67,5049.0586,15449.128
67,16472.201,15666.747
67,4428.374,2839.106
67,7600.402,11924.87
67,1729.4072,11786.734
67,12020.583,11983.995
67,15072.546,17592.545
67,208.80063,12877.522
67,5254.2866,10348.726
67,14222.984,4067.288
67,654.06006,789.561
67,15473.465,19883.2
67,12508.901,8052.591
67,6243.6147,7990.036
67,2761.5889,9445.342
67,6197.4946,6174.2446
67,18923.36,8105.136
67,7464.4087,3496.5803
67,17426.533,10725.47
67,13529.483,9328.976
67,17224.033,11034.759
67,4820.139,16365.359
67,5415.359,910.5606
67,9094.555,19836.81
67,19714.832,5651.158
67,3978.3684,17983.482
67,5421.4316,15591.182
67,11221.933,8061.637
67,8069.8813,2930.8066
67,6067.1904,16070.42
67,7953.3945,4243.496
67,8244.262,17829.426
67,3251.575,3909.632
67,18233.734,959.11884
67,1884.0741,15974.39
67,17189.955,14117.061
67,16353.739,17705.549
67,7319.5596,12748.138
67,10545.197,18400.229
67,3307.929,4331.4263
67,15390.758,11148.765
67,1682.8527,11644.224
67,14302.703,2715.5325
67,4267.4546,8489.001
67,13563.423,8021.381
67,11838.411,3280.8528
67,13927.17,6848.9194
67,10537.872,5666.9844
67,17602.559,3763.2673
67,4926.0474,4070.6875
67,3317.668,12667.633
67,14883.265,14354.401
67,18084.557,5626.9146
67,11500.495,17968.574
67,9249.302,4929.533
67,10086.883,17342.492
67,6495.679,9143.525
67,3610.5454,5531.936
67,1613.4706,3558.701
67,1793.1746,9740.037
67,11513.417,12570.645
67,957.6298,9037.165
67,17429.303,3793.1963
67,11740.9795,18257.418
67,7698.392,14134.134
67,6712.302,15279.846
67,4075.3113,6757.872
67,3019.336,15227.446
67,14485.897,7434.8926
67,11158.498,373.88443
67,7197.8247,14326.645
67,19127.57,12768.989
67,216.95328,11161.235
67,8439.809,4355.527
67,8929.893,11785.639
67,2196.9558,7145.048
67,19449.207,12405.909
67,11904.268,10026.894
67,19028.727,5119.592
67,14027.652,18246.656
67,8541.335,13160.587
67,15238.668,6762.8647
67,13357.621,3088.9448
67,3364.267,631.90027
67,17298.639,4762.797
67,96.38616,1388.0588
67,17856.008,339.7199
67,14746.142,6607.4775
67,401.0162,8608.66
67,5463.3022,13222.485
67,10885.822,7503.4106
67,2916.4377,987.1439
67,16707.377,3769.6494
67,11911.844,1703.8721
67,10215.088,16389.541
67,19075.66,10155.43
67,19207.002,7874.5156
67,5324.232,16935.197
67,8066.331,17928.297
67,923.97864,2612.7957
67,16072.561,13086.761
67,13166.546,5604.6025
67,6748.0063,18367.367
67,15886.971,18076.93
67,8497.749,12474.403
67,8678.872,912.0305
67,12329.678,15665.799
67,12346.3125,12719.121
67,14265.661,1257.825
67,5397.951,14886.813
67,8056.8286,2943.6653
67,15922.452,18881.277
67,17169.188,15429.49
67,7562.856,7965.053
67,2039.0195,1503.0961
67,9897.947,213.59096
67,15132.604,5980.736
67,12295.318,18073.348
67,4434.743,7905.881
67,18593.693,6359.4873
67,11899.995,18169.006
67,17473.285,561.30096
67,951.93567,15167.188
67,10006.154,16387.77
67,19379.324,19058.125
67,17403.32,290.12656
67,7032.676,4672.7056
67,10315.58,11011.711
67,10580.536,8318.9
67,5264.3633,11105.398
67,10001.916,12392.478
67,10249.944,11608.822
67,14992.036,9648.555
67,15153.349,7440.1284
67,15267.163,1219.2196
67,16967.436,6632.6113
67,16543.656,17149.656
67,17043.186,11472.517
67,5197.235,4055.458
67,18358.574,12182.761
67,613.4182,7411.4097
67,18502.1,14371.608
67,17043.264,6857.2773
67,15189.119,3923.7712
67,10262.698,17546.414
67,1590.4226,10718.638
67,1268.5513,9472.362
67,8395.092,19473.826
67,5982.527,9415.257
67,2949.7378,14226.408
67,8992.215,6102.539
67,3572.6082,19237.875
67,3496.9077,13217.846
67,14946.091,15462.886
67,17935.217,19341.896
67,11589.346,1843.1635
67,13283.21,5817.6323
67,10934.19,15688.48
67,13109.925,4656.215
67,566.94135,3346.878
67,10537.979,2489.143
67,1806.1243,19441.238
67,17699.383,15482.758
67,226.3041,13508.485
68,10000.0,10000.0
68,6252.259,12847.81
68,8408.751,8900.041
68,12738.804,482.57657
68,5162.388,12844.435
68,1798.7142,14228.945
68,12608.578,10692.563
68,3936.3025,5299.7227
68,5767.365,6621.417
68,17790.273,15846.432
68,5017.67,1659.9697
68,17782.557,10677.185
68,7243.3486,13797.704
68,18083.852,15444.016
68,10920.007,15180.748
68,2331.0906,6553.46
68,11671.06,4243.2676
68,6676.2656,11750.798
68,11403.423,10745.42
68,657.1258,12006.225
68,11748.922,1722.2223
68,13703.959,13575.105
68,17297.947,14155.273
68,17086.965,3831.609
68,8297.183,10168.708
68,16041.552,7273.493
68,6542.8643,1943.7139
68,9447.459,13090.687
68,7397.6787,19231.229
68,19516.877,4820.33
68,18586.742,17561.268
68,7579.2383,11162.75
68,16224.09,2318.8242
68,7091.7476,19159.75
68,15149.603,9724.914
68,19429.807,4489.0874
68,11617.402,3193.7473
68,1572.6035,17968.324
68,2205.1667,18053.205
68,9199.695,19549.059
68,3980.2368,11994.096
68,7577.857,5676.2896
68,7569.876,675.6214
68,12031.608,5017.8213
68,12779.225,18437.697
68,3187.7175,15551.078
68,9675.868,587.1818
68,3464.021,10572.5
68,2594.1772,3666.2153
68,5096.33,19874.62
68,1319.8923,13450.461
68,16734.496,10732.779
68,11502.645,14250.604
68,12260.652,3581.131
68,5369.4253,13713.15
68,5456.0957,2309.1838
68,2114.816,392.1346
68,12460.26,15546.672
68,896.9729,19054.166
68,17885.4,9779.15
68,6105.537,10889.043
68,16084.364,13786.81
68,9326.193,7971.493
68,3311.8435,7644.3394
68,16626.125,11879.452
68,543.2469,4226.4434
68,11859.123,17971.895
68,3802.536,8314.985
68,10129.516,11391.052
68,19381.57,12063.819
68,999.83826,17736.889
68,12403.804,424.92163
68,836.3936,8792.376
68,19032.828,6238.0933
68,15775.595,16964.059
68,17992.346,13685.093
68,18283.195,10382.294
68,6592.559,14562.615
68,18156.412,11318.425
68,19364.646,2228.261
68,207.58961,10414.32
68,6272.6875,1004.3021
68,13795.389,16057.973
68,14906.031,13172.9
68,521.5263,6668.8374
68,11000.796,16387.803
68,10734.86,6022.765
68,7110.612,4893.96
68,18941.482,10618.999
68,10483.762,3449.055
68,16759.623,16406.908
68,5443.0576,6782.0015
68,18952.805,8429.908
68,16980.86,15231.331
68,1897.8835,1881.2362
68,13685.288,8674.991
68,14726.357,3907.1648
68,6882.7837,16456.44
68,13012.487,3374.4058
68,19512.242,13788.09
68,19304.467,13226.116
68,4352.4575,14497.851
68,4936.458,2508.0083
68,12673.488,5987.9414
68,715.43243,6257.0254
68,8479.083,17299.43
68,17825.602,98.70201
68,17805.373,12109.626
68,3175.373,13850.892
68,14707.103,8237.138
68,2413.73,6462.6914
68,7403.644,4097.839
68,19388.598,12877.898
68,41.927074,18272.148
68,239.97783,6404.7466
68,903.5726,15661.874
68,19063.088,10653.678
68,15164.5205,4964.078
68,3114.1306,13618.37
68,13971.546,11930.995
68,10944.716,3338.0007
68,447.61954,656.85394
68,3743.993,9006.208
68,15709.222,11480.366
68,4403.4663,2007.9401
68,11922.191,14531.001
68,13330.306,12002.141
68,18834.756,19077.553
68,19207.969,6440.369
68,17114.197,18928.47
68,9162.655,14497.376
68,19731.328,18968.896
68,19893.443,10172.656
68,15720.415,16628.7
68,9196.297,9599.667
68,1415.882,18039.863
68,13618.64,7193.218
68,13824.072,9004.033
68,13012.712,2274.4126
68,7163.579,19034.027
68,2831.164,12234.193
68,1970.6835,19099.08
68,12947.72,16700.154
68,1641.6895,7785.7163
68,18080.572,2739.2358
68,5416.755,3244.0833
68,4644.5815,13071.697
68,440.8914,1325.3989
68,19597.91,5205.9893
68,10428.619,19566.018
68,15241.63,15317.771
68,6193.1025,15141.806
68,6515.4644,12476.423
68,8781.07,1050.7798
68,17289.771,4860.1055
68,11406.928,699.3515
68,18521.268,4765.8506
68,13558.873,1257.0118
68,13419.843,11537.754
68,987.71136,14290.6
68,5598.8413,18813.88
68,856.7572,18985.467
68,11144.391,14453.01
68,15834.6045,17115.541
68,4949.476,3110.064
68,9721.08,7769.235
68,1026.9583,17671.826
68,2962.9102,1144.0835
68,13883.903,18398.162
68,14995.565,14425.741
68,1737.8522,15314.382
68,14217.51,3934.446
68,2331.877,13917.059
68,16725.512,4932.853
68,19941.984,2653.681
68,205.75175,1480.7833
68,17010.75,18003.295
68,5891.9595,1399.9103
68,1353.294,4504.7344
68,4009.5317,969.62146
68,4155.1133,2046.6385
68,7031.6675,5748.041
68,17539.57,886.0287
68,15283.214,6660.4663
68,13514.173,10163.799
68,3815.5332,17826.104
68,9879.976,4146.511
68,2630.9795,12444.084
68,2937.4478,5933.749
68,8695.347,15849.063
69,10000.0,10000.0
69,15755.13,12406.638
69,6841.062,4354.9844
69,2533.787,16403.69
69,3853.2373,9827.093
69,4045.1672,9805.313
69,7490.043,3394.3447
69,5945.823,6732.3037
69,9350.479,13673.452
69,12405.669,2125.901
69,17727.668,6776.167
69,2820.774,12263.641
69,16970.604,4258.491
69,1276.4493,10947.705
69,10313.585,596.55115
69,2189.9624,11367.771
69,15098.189,6676.336
69,4167.6553,546.5921
69,10431.124,15296.475
69,6587.6885,4696.559
69,19436.12,12162.285
69,16803.547,378.95428
69,19884.639,14380.346
69,4431.9326,2580.014
69,7244.9185,6128.244
69,1080.4818,11461.989
69,1494.3401,10399.653
69,448.9159,1789.3335
69,1324.4137,19176.492
69,4593.668,421.84103
69,10326.916,3094.221
69,9909.541,2894.2075
69,14685.886,4790.6763
69,9757.843,1697.5392
69,19707.38,3212.2627
69,10197.343,8429.197
69,11815.044,12433.98
69,18526.705,2537.76
69,11424.83,2922.1602
69,18985.826,18880.771
69,5448.453,3019.3086
69,18363.455,2351.3
69,3944.9568,7984.906
69,1971.9438,11496.147
69,13029.548,16237.678
69,16402.059,6953.236
69,10388.451,13962.844
69,15379.673,17412.105
69,13569.646,781.7673
69,3111.4407,6914.3677
69,17070.88,13737.148
69,15251.917,11676.91
69,6968.3066,9633.246
69,5511.6763,463.1643
69,10422.855,12396.31
69,14389.056,10814.148
69,11440.052,12611.303
69,8946.557,15092.794
69,921.885,6201.4863
69,609.0652,12017.763
69,7113.642,13453.883
69,1107.3228,6423.976
69,12768.431,15298.242
69,3837.8687,13878.636
69,16038.733,1364.998
69,17976.613,12931.751
69,17393.732,11002.415
69,5375.624,10551.295
69,19873.527,2996.355
69,1567.7843,13049.528
69,19561.77,6961.243
69,6387.5503,5608.528
69,4872.758,7168.577
69,1707.8907,10794.334
69,3858.8276,8304.638
69,1834.5898,9529.414
69,17576.31,3506.6958
69,11896.59,3339.7937
69,15961.917,5251.6914
69,1981.9039,461.7493
69,15017.815,19113.21
69,120.625984,15497.3
69,4283.483,13039.209
69,4386.887,19229.514
69,2597.2751,3157.0266
69,14240.922,10881.802
69,2153.5393,9393.639
69,4262.7114,2843.41
69,19949.799,10779.397
69,12114.867,10327.267
69,4838.255,13602.281
69,8245.706,19167.33
69,4750.3164,12230.653
69,7911.9546,4914.4653
69,126.526955,9091.017
69,16605.38,11245.261
69,12439.705,9423.34
69,19960.785,19434.062
69,6449.66,17632.61
69,3274.1218,5843.2954
69,10596.951,12517.577
69,16757.271,3937.163
69,15095.74,14233.056
69,13297.174,18291.287
69,1719.0634,5527.992
69,7734.4697,5855.4663
69,11013.58,1286.9481
69,18331.578,13027.443
69,2480.144,11637.523
69,13111.249,5693.9126
69,17535.03,19254.12
69,9465.281,4550.797
69,460.07037,3638.3042
69,10270.317,1254.4087
69,17207.527,18711.178
69,7673.234,3090.1475
69,17185.7,2692.6584
69,12078.31,6119.0723
69,11477.22,6096.788
69,8802.687,16754.791
69,9777.326,8682.255
69,16312.186,6253.1704
69,1453.809,6024.178
69,19083.701,13952.302
69,13693.346,711.655
69,1283.4039,7518.5093
69,15064.359,17206.662
69,1910.2806,6428.274
69,557.9225,16974.527
69,7405.1406,7384.393
69,12921.972,9296.594
69,8297.988,9045.647
69,17183.064,14866.202
69,3220.0815,3525.3215
69,1384.27,11183.257
69,18057.234,15818.22
69,17693.143,6412.653
69,3386.9756,1817.7035
69,8223.847,5459.872
69,8175.2334,11578.695
69,10391.056,3252.7554
69,4995.702,17600.979
69,3311.3286,6214.058
69,4649.834,815.01373
69,3796.5557,14474.83
69,11562.281,13051.791
69,10663.861,13252.481
69,8868.415,12301.93
69,18703.697,9052.733
69,8356.885,9960.259
69,2042.6151,16860.555
69,11705.07,596.56635
69,16223.37,3738.557
69,7197.847,314.7474
69,3563.3372,8202.774
69,8390.397,9153.839
69,5076.6343,9772.74
69,3207.0386,16675.174
69,5158.745,11384.106
69,1438.5127,5590.0957
69,12829.716,15563.524
69,14895.302,9690.778
69,12746.954,6499.167
69,14399.714,16970.758
69,9445.594,7153.22
69,15350.79,16606.992
69,19454.402,3505.7832
69,16965.162,8228.1
69,17721.701,17326.963
69,9276.507,5869.023
69,4771.9346,13255.769
69,13063.377,2996.0928
69,16023.052,7293.7935
69,4765.4976,4715.928
69,13252.821,17468.078
69,7247.21,19515.766
69,4000.646,4746.8867
69,10448.873,11234.407
69,10547.845,4304.4077
69,14718.615,14582.952
69,15522.952,6229.3936
69,8417.893,19219.92
69,4452.864,16909.84
69,14484.833,7802.27
69,13765.631,8330.486
69,8436.805,6308.0376
69,18163.096,8048.988
69,12738.067,14537.696
69,14168.737,13416.783
69,14661.274,4283.191
69,12724.946,12364.391
69,6914.2056,5202.4233
69,9269.261,15816.567
69,18047.45,8983.955
69,5115.0713,17512.627
69,11915.618,3275.0024
69,11756.483,2523.0046
69,17017.4,5668.9526
69,5752.9272,16447.643
69,6204.4844,8940.747
69,1670.9213,13557.257
69,5856.9644,15007.257
69,5002.0464,18185.822
69,15551.315,4586.365
69,8138.7593,18221.484
70,10000.0,10000.0
70,8991.792,1885.5864
70,11266.013,11830.789
70,15992.191,15441.953
70,10301.031,18579.344
70,14814.476,13358.627
70,12741.036,15393.077
70,14774.499,2195.8218
70,4068.9902,14976.816
70,6423.5977,19809.496
70,19339.418,6510.888
70,5881.8184,18727.137
70,10900.675,17557.766
70,9758.378,15835.659
70,4228.531,8181.115
70,1532.2593,9983.247
70,9586.332,5419.695
70,16466.488,19154.414
70,4157.3105,3054.61
70,13485.477,6395.1255
70,4095.6401,5397.477
70,12993.194,8141.691
70,11323.889,15889.479
70,12762.822,15154.208
70,4429.7646,14099.66
70,15005.361,5526.5474
70,10461.657,2765.2761
70,3685.729,3053.5244
70,15869.078,1339.5399
70,5007.143,13535.779
70,215.07121,9198.725
70,15596.858,5225.5312
70,10081.746,19909.373
70,8195.275,11582.898
70,15499.193,7099.0415
70,3552.9968,17690.006
70,18786.334,12436.676
70,13710.598,17540.348
70,3409.3535,16267.946
70,9905.872,14635.895
70,13545.95,9969.457
70,3792.0125,11324.212
70,14651.322,13117.995
70,3685.0537,8298.511
70,18738.791,12201.684
70,19248.264,15414.6875
70,793.4588,96.41788
70,2383.1655,2434.429
70,785.29956,13881.1455
70,11994.96,5549.639
70,10930.559,8877.282
70,5779.479,18131.562
70,6024.445,14908.061
70,14846.672,8297.823
70,11038.878,19148.62
70,13688.22,11939.519
70,18149.576,3621.8528
70,10877.879,3715.9656
70,15532.029,8381.709
70,2545.6404,16567.104
70,192.70416,19042.877
70,10548.285,6882.1665
70,3886.4087,15686.559
70,17114.566,8825.277
70,952.962,17206.307
70,3918.313,11252.795
70,5028.425,3971.3428
70,10036.886,12014.093
70,17813.025,15289.0625
70,6715.613,4822.3022
70,14333.315,11554.045
70,16377.597,16063.972
70,7758.328,10405.643
70,8235.688,15424.724
70,1473.3573,12990.281
70,14224.018,7122.206
70,8986.435,15416.88
70,8346.577,6358.569
70,13091.638,13681.228
70,8263.809,6958.2285
70,16038.227,11283.428
70,11447.261,18004.65
70,10766.085,17964.666
70,16677.035,3098.684
70,19881.309,14475.092
70,17316.236,10989.269
70,4570.1733,10531.855
70,7634.6987,9574.1875
70,17736.998,3751.0012
70,5050.118,1639.7874
70,15749.042,1835.8317
70,5552.8823,8508.511
70,2894.6787,18174.51
70,9576.654,16265.439
70,9672.917,1364.5841
70,5159.5244,2863.2275
70,12290.632,18866.555
70,19384.328,16271.129
70,9456.496,12536.868
70,5872.8833,1071.0072
70,16307.9375,6139.834
70,2231.4397,873.8636
70,5453.917,253.32571
70,356.5359,12644.764
70,16636.4,14145.901
70,503.20517,7598.742
70,12033.8125,9055.909
70,15931.965,3264.2542
70,16263.638,5328.641
70,9505.16,11040.057
70,17165.482,19582.207
70,14644.059,12107.78
70,10604.013,4374.317
70,8259.152,8158.198
70,11527.354,14473.778
70,8811.482,9996.753
70,5589.201,16515.01
70,12068.722,1191.6635
70,18490.299,13173.203
70,17993.418,11589.724
70,12668.385,7576.2964
70,11652.152,18914.648
70,5355.0933,3892.1365
70,3363.245,7639.857
70,9670.766,4127.658
70,13971.4,10858.844
70,6625.851,11465.482
70,17666.879,2266.9053
70,8646.177,10480.194
70,12483.922,9987.159
70,634.6036,14725.244
70,10007.185,1103.9768
70,19842.83,14521.324
70,2512.6646,4135.1763
70,750.9761,12555.111
70,14134.168,16253.253
70,4929.1655,6977.59
70,10502.744,10089.143
70,14843.739,4467.488
70,8700.5625,1481.6785
70,16190.401,12640.173
70,2555.3464,704.76526
70,19630.078,329.83716
70,6178.7314,5813.4766
70,12221.97,16724.59
70,5885.475,4712.907
70,12796.116,11647.439
70,816.1356,1493.3954
70,10907.028,6545.918
70,10722.815,7241.77
70,7109.855,11117.066
70,10649.529,1623.865
70,12009.274,15620.628
70,19336.973,14331.224
70,1014.58105,5450.0073
70,4686.002,19059.637
70,7258.993,8909.795
70,16135.905,11240.028
70,1292.5498,12697.609
70,2041.1669,8961.331
70,5802.966,2987.6118
70,14113.034,9850.903
70,4958.4385,521.95526
70,9199.0,19178.379
70,14571.589,13680.693
70,16773.664,6937.5703
70,7434.799,15168.579
70,10925.73,14128.313
70,13445.464,922.29675
70,8808.176,1622.6862
70,14918.988,15386.94
70,19505.467,12846.8
70,17828.2,18536.71
70,19725.686,3800.9902
70,17822.523,7896.0205
70,5730.3906,3665.5164
70,2797.523,13065.029
70,1859.2732,5730.437
70,8825.747,2996.0059
70,4893.808,16991.54
70,7666.6816,14640.079
70,14878.657,11255.269
70,17884.436,14231.218
70,11196.245,7476.234
70,17946.17,13816.307
70,9494.414,16420.666
70,12899.065,793.9059
70,1718.6521,9365.087
70,9207.002,18140.94
70,15990.587,11075.912
70,15281.851,18084.115
70,3060.425,15362.282
70,17610.18,6763.4937
70,16582.752,11529.369
70,6284.0317,5428.0283
70,15132.502,18977.203
70,16914.76,16175.744
70,4173.5034,13807.256
70,11145.349,430.86603
70,728.4065,1965.3528
70,2433.3118,16278.75
70,4967.7456,9771.635
70,11224.238,15264.982
70,11681.33,5910.8604
70,18904.98,6922.066
70,15818.459,15743.777
70,6642.298,8078.282
70,3842.4587,2154.614
70,18658.25,13910.754
70,16736.096,3921.2761
70,9990.822,14908.925
70,7542.715,14159.704
70,9399.615,73.91495
70,19773.076,7462.5576
70,5817.642,1874.3759
70,3082.1594,9589.136
70,9344.301,11655.687
70,3088.8096,13274.243
70,8360.661,121.1681
70,7025.077,11639.839
71,10000.0,10000.0
71,9053.086,8732.797
71,6665.561,6472.9106
71,7898.854,7160.86
71,9067.324,19035.209
71,17865.87,19225.408
71,2064.7236,18113.598
71,11473.628,1070.722
71,4203.3877,6786.4067
71,1646.6034,8317.208
71,7939.5356,19368.555
71,7619.545,6600.7676
71,2263.6768,15748.209
71,2433.7498,3749.2693
71,17043.79,4907.0957
71,11088.327,18360.385
71,3673.204,6394.5376
71,6521.5625,6349.891
71,17395.658,756.81885
71,9914.513,10464.273
71,18415.477,67.22413
71,4228.9033,11051.695
71,3961.7258,16193.515
71,8586.061,7698.3276
71,4903.0957,19810.3
71,19804.82,12751.057
71,9209.1455,6196.264
71,6091.4653,16924.168
71,15852.981,16430.852
71,4008.6653,7308.939
71,897.0907,17817.31
71,5888.9966,15012.453
71,6678.4424,9511.174
71,7872.1567,12305.221
71,15012.851,6337.3823
71,1004.0356,13705.681
71,8028.777,15749.3955
71,19206.209,6103.247
71,13865.364,9377.765
71,11007.861,13399.95
71,11404.677,17537.9
71,6313.5874,15576.559
71,17457.566,6004.417
71,10672.605,13986.595
71,12696.314,2503.9282
71,6919.622,213.36137
71,9943.004,7570.3184
71,17090.76,7233.9185
71,10389.662,1909.499
71,2115.8337,8360.051
71,8457.373,14410.697
71,16990.967,1142.0223
71,10869.4795,6142.5747
71,17505.291,6773.4937
71,4699.378,229.9313
71,261.65912,938.851
71,3367.495,9557.401
71,12536.582,442.606
71,2167.0989,16010.674
71,14647.803,16858.752
71,17155.424,5686.032
71,8598.169,13782.26
71,13793.794,10376.227
71,6439.525,16315.744
71,9924.707,2631.4727
71,2353.2996,15594.841
71,14655.458,685.3135
71,16940.402,14452.948
71,7976.6396,11584.54
71,9335.798,15408.207
71,9440.008,2491.4985
71,15412.16,3640.151
71,13307.088,11994.224
71,7999.6167,2983.115
71,1539.5964,2358.201
71,8133.543,18748.379
71,2638.409,3471.0542
71,7349.987,2982.7812
71,11920.167,15431.851
71,278.83667,7719.3467
71,8316.404,2534.729
71,15562.372,13998.732
71,11933.407,1991.5735
71,1602.0505,4391.6636
71,1247.3918,8037.415
71,12968.236,2859.2373
71,8663.918,9383.743
71,105.05887,5485.3447
71,5992.971,18352.896
71,3748.1047,875.62115
71,6805.899,15226.151
71,11095.699,2320.3823
71,10668.711,17296.18
71,7515.6475,17931.98
71,14738.428,15261.859
71,4999.1006,6445.6255
71,19581.055,7089.16
71,408.72128,19399.541
71,9289.266,16923.57
71,14131.275,9221.21
71,14160.563,1471.511
71,17432.66,4738.245
71,18450.014,7292.085
71,2010.355,16683.791
71,3095.901,12667.555
71,10130.236,19933.197
71,18133.36,1574.4116
71,10948.914,6209.2095
71,344.14716,13943.955
71,4644.023,3174.6814
71,8828.977,3982.2258
71,19497.125,14717.321
71,13642.738,5631.613
71,52.62085,1792.0729
71,4841.7637,18506.27
71,12515.521,16221.281
71,242.21223,9843.459
71,8646.202,15990.909
71,3573.9858,6303.062
71,19792.932,19936.318
71,12009.529,6512.18
71,8842.205,5399.6646
71,16497.123,17851.78
71,2967.5374,17460.2
71,3624.6372,5996.119
71,19146.941,2142.3086
71,14843.427,11328.067
71,4761.895,9589.476
71,9114.3125,11023.023
71,4887.694,47.4517
71,15887.427,8318.574
71,4179.928,15209.473
71,7827.5444,2237.9412
71,19887.068,13947.048
71,19975.582,1738.6354
71,9218.253,9144.46
71,16135.932,4301.913
71,8706.998,19207.777
71,14054.82,12367.33
71,1470.0857,14262.645
71,16540.703,12437.728
71,2790.5017,7432.258
71,6233.998,14591.7295
71,9124.176,5682.362
71,15605.515,16399.074
71,14324.637,10507.75
71,11463.617,4637.804
71,4159.025,10101.876
71,4986.0864,16216.102
71,3881.5996,19153.475
71,14808.776,19804.555
71,17616.113,19958.625
71,8204.126,708.1401
71,4212.6226,8424.348
71,14402.407,13265.951
71,4212.461,19998.777
71,9800.191,11572.9375
71,17032.762,6088.08
71,7611.4883,8963.637
71,4372.222,3861.0173
71,5070.0405,12194.031
71,5312.4404,6387.708
71,12652.35,15312.375
71,8719.303,16981.604
71,9759.506,4635.851
71,12441.497,2659.1638
71,5860.592,3324.7273
71,16985.955,817.6181
71,17419.082,12211.946
71,16983.178,10685.016
71,13438.694,2333.5686
71,14861.261,15106.859
71,12392.188,3199.2827
71,15052.587,5165.331
71,17931.168,18356.51
71,12076.924,14843.865
71,10184.812,13820.449
71,17599.195,16544.137
71,4332.4355,4453.0317
71,5930.159,3296.236
71,10983.69,12084.298
71,12560.858,7940.2183
71,12980.524,19096.725
71,9603.772,19202.375
71,19953.37,1200.3281
71,6783.0303,4115.0024
71,18466.906,624.0295
71,8655.464,19828.193
71,15517.454,11859.811
71,15568.822,17323.148
71,12384.958,8351.804
71,6288.4565,973.1387
71,9771.622,14454.881
71,16272.008,6666.527
71,10301.935,11636.861
71,7076.7676,11435.838
71,17033.432,3805.979
71,10926.046,16667.354
71,10988.794,13537.898
71,1319.7164,19477.973
71,6528.9478,12446.766
72,10000.0,10000.0
72,14833.401,10481.635
72,2193.5608,3866.7737
72,15076.536,418.96576
72,15850.126,9045.538
72,12184.883,13336.602
72,18086.83,2132.6577
72,3722.499,1862.3668
72,11335.472,13860.893
72,14452.021,6171.7515
72,4550.043,7425.664
72,4735.6484,1499.6193
72,16935.768,16094.682
72,8860.383,1029.651
72,19658.955,9410.661
72,12440.522,1163.8103
72,2399.4434,2390.8022
72,687.3471,12387.086
72,12620.7295,2753.924
72,402.94778,10969.987
72,1482.1478,3327.2954
72,15064.519,7198.455
72,16593.37,13421.9
72,1440.253,938.5175
72,3750.387,12796.898
72,9032.142,17339.932
72,19518.086,1199.8239
72,3214.6147,15940.044
72,9615.605,15581.333
72,17660.076,7667.7603
72,4890.756,17962.447
72,17378.86,8070.1567
72,15240.276,9148.558
72,15441.245,15546.498
72,329.07047,3001.8728
72,19262.938,16590.934
72,15155.9,7854.223
72,1583.6887,15496.832
72,16954.916,9305.943
72,17801.426,18192.467
72,19567.586,18398.93
72,5650.304,13533.1875
72,3141.6897,10295.067
72,13636.261,18103.045
72,16419.633,14867.724
72,1642.6189,5758.398
72,10841.419,19901.355
72,8899.666,17418.213
72,18959.389,143.21027
72,6010.0654,5728.7324
72,12086.705,14258.111
72,3201.0864,12087.97
72,460.99042,19451.69
72,8460.074,17629.322
72,4676.669,4282.649
72,19392.629,8230.343
72,15158.484,8365.776
72,5196.2495,4749.957
72,1334.8405,9324.626
72,13613.859,12580.8125
72,9947.227,17277.691
72,724.4505,12933.026
72,17145.855,16630.254
72,3628.6804,17150.268
72,5214.1533,3411.378
72,12700.593,8274.76
72,5505.524,19435.719
72,10897.218,18730.527
72,2101.8467,6674.816
72,2393.3557,12211.506
72,12129.019,15689.673
72,19051.332,13228.609
72,6419.7393,15038.406
72,5447.914,10872.326
72,955.1094,19642.695
72,8013.485,12117.646
72,10666.071,8052.9556
72,2457.0576,5795.7134
72,2149.4885,625.99664
72,10297.337,12059.664
72,10381.456,9560.759
72,2551.795,7700.0405
72,18607.57,12334.84
72,16730.914,887.7328
72,3016.146,3461.077
72,4230.3394,19156.875
72,16700.877,4322.37
72,16419.438,767.1354
72,14622.207,11846.524
72,5415.9688,222.42343
72,1085.2477,16264.145
72,19670.316,8138.5337
72,10146.275,18298.627
72,6496.555,358.73746
72,5931.4844,17890.465
72,12822.73,7686.177
72,14271.975,2087.698
72,6168.4316,11922.562
72,17306.316,14606.668
72,6722.2793,1547.8828
72,8271.348,429.04166
72,13587.318,8912.6455
72,11666.019,18610.943
72,7156.4644,12979.436
72,15753.902,17111.48
72,13002.6875,19326.527
72,8348.6455,9637.348
72,17777.055,9878.781
72,4321.2646,11196.547
72,6338.05,1970.0465
72,4293.2974,4068.7725
72,8700.815,8885.529
72,13654.223,18916.215
72,15809.077,10451.265
72,17703.803,9081.743
72,13743.783,17695.494
72,13326.888,19930.605
72,5824.5376,6547.8735
72,16041.367,14092.874
72,7387.3823,11453.642
72,11807.962,9510.449
72,8495.522,18048.791
72,16724.236,13412.033
72,2627.558,1836.8126
72,10447.406,12634.706
72,15489.14,14072.938
72,1028.0728,8316.96
72,2426.982,3029.2253
72,15121.675,9993.655
72,4396.5063,7492.75
72,2558.5867,9692.209
72,5377.938,2471.2168
72,7399.2627,10196.061
72,10606.843,277.85507
72,8465.289,15052.614
72,8480.986,3941.038
72,15854.138,6453.342
72,4641.0757,843.9439
72,5514.0493,8309.465
72,4279.886,11996.679
72,5672.3037,9375.342
72,4122.008,15341.484
72,7702.3594,14264.256
72,9067.376,1636.8839
72,1596.7174,9204.275
72,17001.154,7379.9775
72,17242.564,15325.939
72,12639.914,14878.147
72,16755.285,2021.2855
72,12976.661,17724.184
72,11822.702,15244.81
72,4155.7334,3454.5396
72,9844.557,5628.5547
72,10889.989,7841.719
72,7655.577,1147.5198
72,6330.024,10532.509
72,14507.855,795.5251
72,4141.586,10229.884
72,7355.905,18025.17
72,17235.045,13745.403
72,15674.602,8055.155
72,17356.32,14414.556
72,16584.975,3793.4277
72,2950.7925,8993.661
72,12616.67,15783.086
72,18713.059,12063.87
72,18419.32,19356.04
72,18268.852,14996.423
72,6618.499,19512.496
72,5635.124,17356.023
72,4551.5527,2387.7363
72,2578.0156,16955.36
72,2208.157,9715.297
72,4832.475,17375.791
72,2387.0747,17224.803
72,17877.666,18988.97
72,17962.469,8486.06
72,9703.315,11533.191
72,4274.1123,7722.937
72,11996.243,17481.883
72,5367.6406,4806.403
72,14828.19,11892.836
72,3578.5005,8389.424
72,137.27792,19316.29
72,421.79578,14664.413
72,13469.756,17192.963
72,13444.069,12983.606
72,5141.1284,10516.825
72,34.225567,1820.1891
72,16937.918,17857.86
72,4358.9746,1362.1552
72,9463.291,9338.498
72,17261.682,6442.9697
72,17474.137,15027.245
72,16303.432,4711.0596
72,16741.752,8233.191
72,8296.095,14552.487
73,10000.0,10000.0
73,6061.261,19670.291
73,9564.438,17908.422
73,12314.115,8448.661
73,4230.601,17185.59
73,18802.484,2789.1885
73,14174.205,13627.526
73,333.42944,2953.3877
73,13182.453,2810.0056
73,9839.481,5151.517
73,10442.114,7516.394
73,6062.9707,10410.393
73,12122.784,2301.4587
73,4264.724,10305.06
73,15287.34,10549.346
73,5700.904,14604.628
73,801.23755,5192.557
73,16593.113,2781.5544
73,9409.155,7426.464
73,5896.807,17176.47
73,19770.936,15563.013
73,17913.422,7717.359
73,5535.0312,9236.982
73,4844.6084,11590.54
73,2440.506,16461.201
73,17470.025,14842.014
73,4389.6206,13481.035
73,12341.051,12197.85
73,13531.804,12603.023
73,7977.7637,10181.138
73,2892.0884,19318.873
73,17931.963,8939.7295
73,10970.34,10718.109
73,19513.893,1997.319
73,5174.747,9474.912
73,12133.268,15090.289
73,9183.599,7990.061
73,6136.531,10014.446
73,8346.945,15793.204
73,7708.911,17741.62
73,17265.273,14126.029
73,8805.8545,1381.8451
73,2183.0178,17267.994
73,13097.199,9815.542
73,13834.504,10566.898
73,6793.408,14879.407
73,6995.568,19753.588
73,8064.482,15713.814
73,19136.867,7387.1543
73,6830.852,1654.8784
73,11260.852,11431.439
73,5483.8926,12302.04
73,9262.645,4033.2827
73,15214.523,5101.3857
73,17366.838,18609.414
73,18905.242,8505.846
73,5362.7153,883.4114
73,6254.278,10418.65
73,14855.091,18020.621
73,13560.931,7324.8213
73,11838.459,16734.812
73,8578.877,18127.838
73,3806.82,13573.816
73,10614.627,591.7671
73,13295.403,13377.6455
73,11250.476,15062.228
73,731.1256,4631.9653
73,18865.084,1668.4359
73,4498.4404,14391.12
73,16560.713,8895.929
73,16748.773,8000.4854
73,6154.185,10064.995
73,923.1803,12972.43
73,14364.778,14790.017
73,19497.203,13033.562
73,17722.623,3188.12
73,14328.928,9799.198
73,7084.581,16900.818
73,1653.0792,17739.67
73,8150.465,7526.2856
73,900.8294,10831.367
73,14203.233,18807.252
73,17913.793,692.52527
73,12455.449,2313.8794
73,9361.787,14351.343
73,14117.27,880.50146
73,766.92346,3516.568
73,1535.0874,6912.5425
73,13991.292,18596.197
73,11797.42,15655.57
73,7475.919,7379.861
73,18146.924,5748.625
73,17362.389,976.9528
73,14547.503,9916.961
73,8510.558,686.943
73,9572.612,2243.957
73,10250.818,9715.22
73,16898.83,5859.6436
73,1372.7988,19729.477
73,5931.8755,16809.48
73,5424.525,16221.809
73,13498.533,10608.493
73,6756.786,7615.8335
73,7073.151,11567.858
73,1202.8544,3468.2058
73,11166.037,13844.024
73,14386.6455,16774.854
73,9955.598,8686.135
73,654.8131,5924.732
73,19157.963,14637.46
73,11070.465,17694.152
73,13485.305,16442.697
73,16496.736,6525.5513
73,5897.21,814.0385
73,15923.857,4247.776
73,1140.8463,11931.666
73,2904.1135,3774.1606
73,8656.518,9201.867
73,15166.384,7987.3857
73,12132.884,5228.2446
73,255.47163,3829.18
73,10645.951,17432.938
73,15716.161,239.58243
73,12997.776,18710.984
73,9343.094,3658.8423
73,6511.681,15059.641
73,16618.549,1328.9884
73,9178.417,17392.777
73,8970.648,5995.6714
73,3050.3674,5484.1436
73,17369.084,18065.686
73,18668.139,385.12463
73,3131.1216,15534.58
73,9569.911,2852.1587
73,1074.1235,16214.064
73,9370.755,6149.828
73,8697.839,1367.7961
73,18430.05,13022.209
73,17967.084,6984.7427
73,14083.445,9273.368
73,14177.153,15977.891
73,19349.414,2201.2156
73,625.4877,6468.6206
73,3482.083,10597.413
73,14045.487,2265.9548
73,17011.62,8329.453
73,1728.6866,285.0851
73,16749.041,8433.034
73,8578.979,15586.474
73,4106.891,266.60477
73,16288.077,17719.45
73,18840.818,14703.399
73,18204.293,3649.7617
73,15744.182,4403.733
73,10492.538,18330.604
73,4676.3877,5135.158
73,3711.8137,8097.5586
73,18754.844,3933.4185
73,15010.399,9443.206
73,2828.0457,9175.396
73,18948.525,1150.6334
73,11644.123,1803.7388
73,15994.067,17403.172
73,2563.5823,8494.044
73,10795.143,9106.276
73,13542.6455,12874.716
73,14682.9,9884.808
73,14448.111,7824.012
73,16001.28,7231.0786
73,4107.214,19166.795
73,12694.25,11930.148
73,4034.3,16200.412
73,18102.83,3259.494
73,16113.923,16356.393
73,7787.768,3625.4258
73,16213.409,13843.374
73,12071.433,6607.214
73,10374.952,18283.28
73,9290.34,1530.945
73,17143.943,15981.322
73,7385.4053,19821.355
73,841.52075,13694.436
73,8793.191,14301.44
73,4213.168,19486.291
73,15424.821,19080.719
73,14422.322,2510.884
74,10000.0,10000.0
74,15707.365,10111.259
74,6595.4873,2841.303
74,2640.2683,12956.276
74,6611.738,6242.149
74,11856.913,18526.652
74,17340.98,2450.7207
74,9052.138,6912.401
74,8573.443,14995.687
74,8917.885,15252.908
74,8366.782,17722.926
74,13902.302,9177.583
74,18904.77,1152.2909
74,4589.3135,12566.467
74,14821.707,18232.787
74,11279.054,14419.99
74,15946.0205,613.70917
74,10366.896,1285.508
74,14698.49,656.3349
74,16882.633,2598.308
74,14256.722,13437.624
74,18737.28,15652.188
74,5944.5376,18675.033
74,1560.8438,12100.509
74,3058.0256,5117.147
74,360.98227,6942.1396
74,4235.794,17779.637
74,2814.1624,2628.643
74,3053.102,4020.6426
74,18336.043,18947.006
74,10839.184,6168.123
74,9101.635,14332.825
74,18324.225,12237.757
74,11909.612,1501.5234
74,11425.77,19752.121
74,19919.812,15337.488
74,80.422714,13417.788
74,12782.667,8935.53
74,13064.9795,5922.047
74,5427.836,17567.518
74,2059.757,3012.8872
74,4217.3926,18543.871
74,10558.707,18411.738
74,2759.4617,12785.966
74,6981.4106,14367.778
74,11155.887,6026.8384
74,15920.093,5138.397
74,15302.959,15760.398
74,9145.012,63.295494
74,11219.499,8084.6206
74,19902.734,7188.746
74,688.9022,7433.4565
74,858.57794,2144.7053
74,6512.0747,9551.433
74,19326.596,1175.8679
74,11382.936,16317.016
74,7959.398,14019.86
74,7632.189,203.59474
74,16087.129,9380.09
74,17451.549,1703.8274
74,7778.204,10813.679
74,18158.797,6783.319
74,12168.143,6288.575
74,3690.2173,19686.494
74,9271.964,3008.4968
74,13177.785,5976.6436
74,17318.152,15388.915
74,12969.32,16774.71
74,3539.6248,1232.7867
74,14829.071,9894.714
74,9897.421,3822.7156
74,15309.832,4173.6616
74,6986.049,6789.577
74,7220.0693,4480.638
74,16822.45,17019.59
74,1360.3365,2966.1628
74,3815.7588,4049.3684
74,14581.238,3856.012
74,19403.158,18292.535
74,10760.657,17034.855
74,14340.404,695.26624
74,3380.6438,13394.06
74,16978.719,3999.1372
74,2865.6594,5246.902
74,1330.0173,2036.3356
74,3535.177,12612.569
74,2978.1614,4474.484
74,2241.8164,3935.1646
74,7001.0054,1208.7014
74,19176.305,10939.786
74,11225.654,6787.8604
74,13074.677,4317.6733
74,1145.3491,10969.574
74,19924.133,4877.9087
74,4726.8184,10778.002
74,13377.799,12874.795
74,13250.132,8045.031
74,2876.4102,16157.652
74,8464.403,11002.664
74,16787.826,14398.558
74,195.13045,18118.479
74,16656.836,6501.852
74,11721.183,19431.037
74,16858.195,17405.656
74,16454.295,19173.156
74,14652.902,13488.9375
74,7652.777,355.77634
74,15473.007,32.293335
74,4312.46,7292.29
74,10742.496,11186.587
74,15293.482,13254.425
74,17230.03,7401.936
74,7349.6807,16156.782
74,16337.504,18535.766
74,11631.2705,4621.4233
74,17081.947,3260.0337
74,18919.479,2123.8516
74,2483.3555,5804.279
74,71.02537,18080.148
74,5184.184,15076.45
74,7326.3013,13527.096
74,14089.197,16725.746
74,17551.889,10975.904
74,4207.2925,18620.0
74,11107.3125,6834.2275
74,7805.8164,13950.338
74,15521.397,6481.96
74,3315.7869,1965.3584
74,18752.166,14404.335
74,13244.323,14142.666
74,9416.942,1689.0836
74,6758.0713,16114.3955
74,5967.3047,14421.453
74,6190.639,15530.295
74,14164.703,3508.1902
74,8380.045,443.74472
74,9697.768,17807.625
74,18703.414,6269.2725
74,2345.6372,14366.518
74,10345.182,12533.394
74,2374.9502,8000.632
74,11894.9375,12660.638
74,18196.195,15668.438
74,18697.1,9048.238
74,10968.463,19634.703
74,12934.819,265.93118
74,4052.35,712.99255
74,7452.732,19112.965
74,1609.3083,5542.347
74,474.14273,14669.958
74,19396.293,7600.5293
74,14671.649,2440.714
74,10282.599,12770.674
74,7868.58,4641.8755
74,114.235504,9657.994
74,3494.023,13610.367
74,11699.494,14876.759
74,8446.392,4908.4937
74,17633.6,5049.68
74,1152.458,10498.109
74,13425.12,4509.6294
74,5763.053,17218.664
74,1134.7697,17779.303
74,11655.24,4514.039
74,5856.6553,2349.9324
74,7186.211,10308.729
74,9957.787,18403.951
74,479.47476,14817.844
74,14949.788,14729.494
74,12077.293,5310.2
74,12115.395,9985.749
74,19953.543,11097.876
74,2960.9414,18381.396
74,1310.0331,7334.9824
74,2941.6475,9128.796
74,9134.236,1439.0118
74,68.76501,6539.523
74,14225.942,16855.04
74,8815.627,6520.0615
74,11278.4795,3357.3926
74,17902.764,4088.765
74,10733.379,13464.777
74,5067.1226,19113.61
74,16566.455,222.04897
74,17380.555,15549.738
74,17811.621,3537.4858
74,7258.876,17013.375
74,6553.044,1392.5312
74,14535.36,5368.1606
74,11863.735,6325.958
74,7946.201,8671.939
74,1206.7526,6922.0435
74,18969.197,17443.738
74,17784.178,19342.078
74,16740.93,12102.594
74,17975.037,8195.161
74,6122.7163,10722.031
74,11031.908,8789.361
74,14332.755,8642.172
74,16899.791,3165.857
74,3469.7747,19356.152
74,8324.523,6972.2983
74,16424.055,12550.2705
74,17197.797,12912.364
74,1011.41846,18168.8
74,2726.3804,9972.472
74,19123.787,5528.3833
74,15638.212,18407.398
74,7965.0454,16362.15
74,5035.8335,2002.4915
74,16272.653,14840.322
74,19725.266,3895.2373
74,1550.3625,18143.957
74,12948.753,14750.267
74,14987.56,19244.336
74,19346.33,3173.1726
74,15622.991,18160.61
74,5015.8506,3298.0442
74,176.5612,11024.269
74,4837.184,12789.806
74,589.57007,985.53253
74,10050.921,1050.4369
74,18559.26,13998.354
74,10784.582,13980.017
74,8513.286,8294.986
74,5956.2266,1400.732
74,12035.338,13701.061
75,10000.0,10000.0
75,17763.184,13173.1045
75,2330.3374,8448.239
75,13254.369,11554.404
75,6837.3633,3045.6416
75,2408.7964,5607.095
75,19250.709,11602.648
75,16717.533,18013.809
75,6324.931,10657.987
75,11780.091,16717.494
75,9586.181,19292.021
75,18889.53,3850.018
75,4102.227,17040.912
75,14993.749,6445.182
75,17357.736,4144.2324
75,10554.806,14544.429
75,8358.017,12919.328
75,15976.526,10769.074
75,18982.758,11642.289
75,6674.4824,3165.5693
75,12504.033,1078.7782
75,9125.107,18140.56
75,17807.807,15414.812
75,6534.9634,18187.639
75,2312.6245,6764.862
75,1361.57,9574.247
75,560.39185,18751.812
75,14557.705,11942.863
75,19303.453,7403.2803
75,548.34607,19241.984
75,12369.2295,16326.856
75,2740.1172,17973.01
75,563.7629,3568.7002
75,12645.277,2177.7183
75,5938.0693,8437.239
75,4655.6895,12950.18
75,19251.826,7210.1587
75,10563.1045,16975.07
75,1744.7532,705.2465
75,10721.864,9962.308
75,18370.408,11443.214
75,8804.137,15877.914
75,9673.466,10839.318
75,9707.68,16497.225
75,13893.557,12412.815
75,12590.395,14583.578
75,16003.858,12346.186
75,19971.395,18171.71
75,7936.8013,2600.2852
75,8283.827,5917.983
75,12546.731,2824.1028
75,2907.359,18479.307
75,1876.0376,9958.311
75,9853.118,6490.7764
75,16852.895,12916.488
75,6528.0283,814.4028
75,12508.029,19654.635
75,16517.258,16501.447
75,12072.26,537.6123
75,8252.518,6649.463
75,15479.629,17099.344
75,18218.03,17204.254
75,472.99078,1351.0856
75,5909.244,10882.415
75,9132.919,2478.1145
75,14908.147,14963.054
75,1438.8633,15003.998
75,5370.3794,2342.0227
75,16442.025,6166.15
75,5523.6787,6921.099
75,8793.496,3825.8604
75,10905.08,577.2942
75,17088.229,6218.7773
75,762.95514,15101.84
75,10054.135,14384.224
75,15457.586,17653.877
75,7615.448,7039.946
75,4852.9214,10963.611
75,14886.161,5530.402
75,5568.0713,16846.754
75,2336.5645,15457.598
75,2336.2363,7104.662
75,18015.002,15636.24
75,6500.9,11710.064
75,7873.1255,6456.407
75,19012.537,15475.353
75,17525.197,6501.646
75,14517.133,5550.02
75,11747.441,12208.122
75,5195.643,3764.8345
75,5677.324,5843.415
75,12003.083,6373.9434
75,2510.9717,9285.441
75,2113.3948,10156.884
75,6939.3857,283.9058
75,10281.929,8553.426
75,14627.972,8368.159
75,4439.898,17206.059
75,4280.5176,6103.3623
75,13014.034,4673.106
75,5466.1104,5970.8037
75,4684.813,9931.6045
75,12647.598,5396.3203
75,12090.145,2399.711
75,10570.894,15322.522
75,6047.1543,16152.451
75,4617.3555,12049.275
75,5833.4204,2283.9312
75,14262.926,19288.809
75,18896.865,10999.057
75,16622.695,8182.3813
75,12198.163,7515.1113
75,7171.505,19116.146
75,6591.1445,2719.1206
75,16488.518,516.4465
75,14814.672,2578.6814
75,11892.812,18288.541
75,2492.1355,13177.759
75,13328.741,1663.4534
75,10450.394,897.5772
75,6477.149,3286.2732
75,16609.086,15722.906
75,16235.724,16669.383
75,6867.202,2511.5144
75,2689.9878,15143.197
75,15337.465,18662.05
75,8631.136,19301.084
75,7890.1245,12158.078
75,6712.5923,835.5042
75,17575.955,11875.515
75,817.30133,4842.847
75,14028.52,3407.7046
75,18472.42,16413.412
75,14419.473,16149.971
75,15459.864,1339.9473
75,5156.65,6566.9727
75,9919.567,2747.2698
75,7518.423,7358.0864
75,14360.058,10075.138
75,11293.362,49.56436
75,2016.617,6985.8525
75,19466.326,12389.379
75,15694.237,13302.51
75,637.59705,7945.3574
75,7354.836,19327.062
75,13421.1455,11989.265
75,894.93274,10311.242
75,12901.622,2328.8982
75,12104.43,5705.52
75,5374.4834,3354.9714
75,11639.635,11416.698
75,10174.642,8426.848
75,19058.076,9164.898
75,17763.193,1539.361
75,5022.298,15530.881
75,19927.941,3351.5356
75,3281.7786,18208.088
75,3086.549,12050.973
75,10376.737,2480.6223
75,11138.938,6516.8755
75,14401.289,9881.886
75,3774.2756,18863.736
75,5087.5293,8752.564
75,15835.483,15716.075
75,7988.297,9155.574
75,2037.5692,17790.736
75,4493.382,17543.47
75,6125.4756,4242.573
75,8491.807,1541.6074
75,10418.781,16399.719
75,11789.668,10329.838
75,9071.807,14788.376
75,1380.5758,8023.3027
75,10835.889,14864.233
75,18687.826,1478.7745
75,12155.428,17951.59
75,16567.475,5400.225
75,12415.508,1274.2434
75,967.4235,5194.748
75,2483.7766,296.5726
75,17710.422,14128.846
75,6529.1064,1720.5211
75,17975.668,16315.424
75,17230.16,15762.512
75,6852.34,14696.557
75,11890.67,3672.4702
75,1977.4077,2262.694
75,14194.159,17485.824
75,15230.969,34.1345
75,10640.564,7977.8813
76,10000.0,10000.0
76,15864.761,4400.67
76,4642.699,11558.543
76,9511.993,19400.766
76,13785.056,15047.847
76,1410.0868,2456.6997
76,18670.24,19701.068
76,18336.125,6394.989
76,1923.2114,2891.7295
76,10164.25,1335.9811
76,14574.693,19943.797
76,19206.523,8213.857
76,10340.781,6373.9985
76,11437.829,19364.094
76,18527.105,19962.309
76,19436.729,18982.389
76,13988.226,11874.786
76,12906.586,19594.016
76,15167.914,1670.0571
76,17221.877,19985.799
76,14423.185,12755.57
76,18395.373,17429.035
76,16283.016,17375.68
76,18160.68,15882.326
76,2723.0476,18137.7
76,12197.989,6657.514
76,18286.238,9.375421
76,1879.0872,2657.3726
76,18954.184,10656.968
76,18676.705,15142.123
76,16204.716,19311.322
76,11361.421,9900.437
76,11081.303,19516.398
76,16281.1875,14101.912
76,11395.275,19738.736
76,9010.983,10938.937
76,18350.684,11840.015
76,19472.48,13578.601
76,4850.066,4615.1147
76,5609.7183,5546.954
76,8774.56,13920.078
76,7085.7866,2530.4358
76,3427.8857,11523.673
76,9648.071,19828.266
76,17571.934,5956.7266
76,17852.338,12004.358
76,5561.453,18703.701
76,14732.515,9798.483
76,1288.7819,16459.582
76,7328.073,14179.591
76,13176.915,1658.422
76,11770.571,18542.982
76,49.069984,8326.505
76,10077.498,14533.195
76,6780.12,9258.293
76,15909.5625,3657.5383
76,2041.6316,18447.984
76,10598.827,14457.685
76,3605.3906,7719.6465
76,14148.484,18388.48
76,13276.161,15293.607
76,10896.578,9760.613
76,10725.614,9249.337
76,18474.47,1886.0326
76,13479.264,10235.117
76,15560.998,6372.1074
76,18336.266,5166.5615
76,16067.886,5738.3115
76,5484.2363,14153.534
76,8043.709,1994.6482
76,11209.476,14841.46
76,5335.7964,19110.826
76,12572.472,3343.602
76,5744.634,19042.033
76,2549.6086,14897.885
76,3173.6191,16679.951
76,15814.176,18684.264
76,18311.992,15045.682
76,19025.354,4388.786
76,423.53494,793.6745
76,3999.264,5391.48
76,9979.145,17309.695
76,9409.101,5963.317
76,4822.577,3414.668
76,13419.765,11341.533
76,19056.379,7315.1807
76,3714.3948,9498.492
76,8280.342,12297.307
76,9947.728,15128.831
76,8420.548,14932.59
76,4510.1245,15343.983
76,694.52734,14646.458
76,12774.996,608.4305
76,4122.558,12639.641
76,8356.368,12007.818
76,14895.026,18402.299
76,10833.917,15555.27
76,1517.2543,18604.484
76,19530.707,1170.8116
76,12688.717,18764.193
76,6677.771,19876.85
76,8998.98,7021.505
76,14564.427,19383.291
76,7691.224,1233.4706
76,746.8989,17166.363
76,259.53052,2459.204
76,6490.79,18561.352
76,19666.88,2764.4258
76,10965.132,2564.5176
76,16170.054,4407.02
76,906.3795,18621.176
76,16865.98,2829.4858
76,9373.128,17572.678
76,8194.142,5181.13
76,4258.9824,113.02854
76,10444.678,2994.2063
76,3253.9954,11979.99
76,13712.933,3907.176
76,18837.51,18747.498
76,13097.81,9530.2295
76,11401.928,15662.714
76,17150.873,6385.87
76,15011.265,7636.163
76,843.22394,12262.166
76,19383.139,9145.375
76,5172.429,4186.132
76,13561.527,7398.81
76,12805.143,14945.968
76,580.7206,850.3151
76,16429.193,7588.07
76,1191.9302,3349.0867
76,4182.7793,699.5683
76,8932.438,18561.53
76,10233.093,3014.5981
76,1468.4832,11998.702
76,2924.4504,13394.755
76,9824.096,4410.5293
76,7190.919,13164.157
76,15755.771,5141.9565
76,14566.059,10300.816
76,15622.503,12936.316
76,9100.821,15004.556
76,17096.557,10501.96
76,15571.543,8292.117
76,14497.644,18124.82
76,3346.8562,11543.479
76,3753.5073,15563.457
76,12671.043,3818.4216
76,7915.91,2148.1594
76,4404.3735,2023.1926
76,1408.8607,14820.074
76,2850.9685,7508.916
76,18993.664,14767.841
76,2264.6902,147.08374
76,18677.543,5343.221
76,18229.533,17122.908
76,1220.0123,2604.6814
76,4971.1,6721.934
76,13704.79,1417.1587
76,8367.326,18697.416
76,17460.91,16472.334
76,16266.347,12492.143
76,2407.5562,1063.2025
76,6143.7295,2415.0315
76,8054.398,4556.043
76,12682.838,3330.0725
76,12001.009,1463.3433
76,1061.8265,8430.004
76,17237.115,8819.671
76,18957.734,4087.023
76,18112.33,2693.8574
76,12590.384,15778.412
76,13124.487,9527.257
76,18735.936,15045.789
76,14422.424,4367.8486
76,10240.594,19560.387
76,18114.668,7936.3984
76,12960.203,17267.037
76,9117.082,18525.277
76,3508.76,14275.922
76,4457.756,2664.4607
76,7967.578,1311.5912
76,13102.367,9926.391
76,4608.549,5337.2
76,10643.854,15828.303
76,1316.2338,5362.7993
76,4029.588,19356.06
76,19929.67,6547.6743
76,10601.672,19291.145
76,19069.84,16683.78
76,13588.1455,17353.744
76,14271.704,5537.5293
76,6145.538,11322.479
76,11202.108,1196.1494
76,15385.646,12.516347
76,1771.3156,19917.273
76,5593.2812,5335.139
76,4607.775,4143.212
76,11112.899,5653.6777
76,10387.469,1126.0931
76,9561.955,2293.4297
76,876.4091,14488.978
76,19510.93,2497.45
76,14245.358,4518.0254
76,13009.131,19633.312
76,13401.086,4407.074
76,2877.061,7993.3228
76,14386.031,2430.1611
76,4661.0396,6429.8286
77,10000.0,10000.0
77,2012.7975,18768.836
77,13707.022,1048.6105
77,2156.679,3676.5005
77,12826.796,11950.821
77,256.9028,16914.396
77,18970.322,17886.084
77,19617.527,297.99933
77,4410.159,13723.198
77,11721.245,18027.68
77,7739.8853,6737.2544
77,838.5096,17897.865
77,1526.8779,12657.699
77,11898.978,7956.118
77,12498.521,9154.85
77,3356.2312,13755.012
77,6738.9233,15295.671
77,5821.6045,509.0172
77,19652.78,10068.688
77,4453.255,3634.6218
77,6350.3354,9823.024
77,49.041885,5291.151
77,16818.893,16232.416
77,13379.892,968.2232
77,17131.092,13978.641
77,7584.3335,10528.75
77,8085.232,5998.5024
77,14521.647,10371.027
77,11073.843,11175.109
77,16251.191,7667.669
77,10030.293,14898.951
77,5716.7295,5904.594
77,15475.452,14868.363
77,5393.8975,3334.7185
77,8279.073,1717.1667
77,9369.79,5646.1426
77,6757.106,19228.916
77,15643.497,4377.2617
77,3635.0078,17835.5
77,248.14081,13455.3955
77,3198.781,4663.3545
77,14451.733,4671.888
77,11330.431,5469.781
77,10517.994,9077.154
77,14459.005,7130.0938
77,2988.7715,13332.447
77,14231.254,8070.976
77,8713.802,4368.1313
77,2576.7122,8966.355
77,11376.172,1081.0707
77,16696.799,9776.602
77,17782.14,15250.991
77,16438.04,11407.598
77,9435.972,4454.592
77,10467.89,4714.8335
77,8819.893,13846.664
77,5164.1646,17852.014
77,12748.514,17402.312
77,9290.292,14406.126
77,11798.163,13056.314
77,11096.455,10121.7295
77,5782.9375,6291.536
77,13153.961,18296.305
77,17332.055,4819.387
77,11644.392,12454.743
77,2896.6665,7162.4395
77,9467.157,340.1526
77,3603.0657,16810.55
77,666.3071,9924.28
77,11685.327,13561.963
77,1242.4011,6535.571
77,9279.902,6926.515
77,13560.305,6187.4614
77,1453.6616,7834.3735
77,9653.576,6485.561
77,3209.0496,8213.327
77,10871.397,4926.5596
77,2117.5469,2881.768
77,10598.849,441.09897
77,3236.439,4168.8535
77,6577.8784,16409.018
77,17532.33,1938.6104
77,4490.728,17100.506
77,12345.222,10316.374
77,4602.244,2827.3335
77,14386.852,5598.0454
77,16341.773,19609.477
77,9337.397,9722.367
77,6758.3267,18296.652
77,19610.473,1830.6383
77,17399.412,1362.5745
77,9576.532,15558.221
77,1072.0529,605.3213
77,469.99194,12609.09
77,12938.213,11249.947
77,14668.168,13848.563
77,4530.0845,12796.652
77,1080.2866,18672.098
77,816.0327,10530.154
77,10793.175,9637.934
77,13856.72,7795.6016
77,2384.4321,12095.65
77,13262.633,16070.832
77,13019.549,19480.951
77,18988.996,1214.9775
77,17715.762,6625.117
77,4918.2427,18985.463
77,3102.832,1986.9885
77,506.70438,17571.885
77,1317.8018,12549.213
77,8151.478,13420.394
77,12057.809,17110.22
77,19943.225,915.1272
77,13253.93,1573.1514
77,8230.031,13424.71
77,14410.159,379.7135
77,9777.034,4897.2783
77,14206.316,13492.053
77,15299.499,5507.6997
77,4099.4844,2330.7712
77,11778.82,9292.109
77,9653.353,2286.6228
77,11.640107,2001.9353
77,5478.699,17367.436
77,3418.417,11858.354
77,13543.15,13670.189
77,16003.285,15557.457
77,1644.1812,4998.7114
77,7771.5674,12119.702
77,18715.488,7395.156
77,6521.795,14057.737
77,9086.728,1957.9429
77,6442.669,13805.606
77,5917.891,5125.373
77,42.83635,14070.503
77,11120.126,13697.765
77,640.11096,19717.287
77,8281.298,1807.6123
77,17266.172,12388.395
77,12779.865,602.0927
77,14461.317,17081.83
77,3481.055,9126.417
77,9483.491,4452.0317
77,14463.692,8265.637
77,1901.1428,6735.057
77,12330.374,5143.41
77,7722.318,11086.083
77,1899.4695,4060.7358
77,14097.681,7517.694
77,19925.902,4555.804
77,7306.4087,19264.945
77,16104.515,9232.169
77,9949.2705,2431.3818
77,6924.845,2307.9753
77,3676.5708,8911.846
77,19270.156,6399.008
77,19448.545,9286.204
77,17954.578,5802.7676
77,1550.2145,18569.74
77,14773.062,9913.345
77,9722.963,6615.1636
77,2738.292,4121.254
77,12719.844,16647.812
77,16359.757,9341.222
77,11765.229,16617.232
77,17490.566,7647.8394
77,1270.1182,7028.1123
77,18160.225,12560.393
77,3564.581,12513.123
77,75.27308,3714.358
77,14254.899,10169.287
77,319.54062,9515.566
77,17428.947,707.5665
77,12999.8545,6806.765
77,6450.0815,15209.939
77,9555.018,56.374634
77,9645.139,14866.772
77,11026.577,6771.218
77,3228.5366,12486.467
77,16015.24,10838.899
77,12328.122,6434.5537
77,18281.326,4133.3687
77,17060.398,11779.605
77,14718.932,8730.12
77,2089.2046,17045.48
77,3232.1658,16985.395
77,6261.43,9902.642
77,8945.508,8162.8555
77,18505.146,1577.8766
77,1612.1708,15502.4
77,3767.7227,6771.1377
77,14069.631,4512.012
77,8789.652,16554.852
77,8862.844,1856.7024
77,8097.344,6890.5557
77,13629.645,13150.113
77,1570.6569,17996.342
78,10000.0,10000.0
78,15891.7295,3557.9753
78,12790.537,10681.259
78,12687.431,7418.8364
78,15173.755,18880.703
78,16311.809,11049.315
78,10513.576,10729.801
78,15607.3,2027.3313
78,18421.777,5020.8784
78,3558.5906,6851.1675
78,3953.6057,15788.021
78,7140.076,3943.0947
78,1971.1713,17990.006
78,2218.411,15682.8125
78,1408.6888,567.34686
78,16861.191,4542.248
78,14681.537,12267.762
78,10656.25,2827.719
78,13405.042,17969.135
78,6183.746,13787.898
78,4163.542,6868.3433
78,16070.767,13834.567
78,10209.487,3223.9678
78,10310.111,7368.486
78,13251.868,18698.527
78,156.82852,1185.5073
78,19429.307,18832.895
78,8722.49,5393.3926
78,5040.238,1683.8174
78,9478.349,4208.551
78,8789.551,18659.062
78,15314.419,19664.75
78,18667.229,6598.1104
78,15270.608,11310.616
78,2489.1626,342.74066
78,8747.374,7345.7256
78,7249.032,1693.8082
78,17146.012,6692.549
78,5720.371,2754.383
78,8031.8975,15379.054
78,6709.427,6813.898
78,12442.706,11499.446
78,10718.279,4235.584
78,1464.0394,11744.654
78,19614.57,16133.774
78,13426.226,16163.494
78,6520.5576,19515.963
78,10656.705,6668.333
78,19232.246,9276.191
78,6154.2227,11780.017
78,8386.877,13230.2705
78,6487.3296,15441.658
78,18663.713,11486.666
78,2961.4932,8075.936
78,19695.723,9165.504
78,2023.3718,15279.937
78,7763.508,15020.993
78,4635.446,6279.9116
78,12576.648,19795.115
78,846.44434,1544.0302
78,17244.857,11653.551
78,16171.812,11621.823
78,11306.716,7102.9883
78,553.00964,347.10876
78,18947.37,16143.064
78,7111.9014,112.5776
78,17419.713,17087.479
78,5068.083,8188.5537
78,12566.877,5935.47
78,14965.447,9171.115
78,14571.687,14587.152
78,17384.842,6049.044
78,12886.918,6394.9595
78,1932.7002,9645.019
78,2958.9941,19469.303
78,12375.815,19811.004
78,5004.502,21.01935
78,14422.21,17263.016
78,14715.025,16811.033
78,15873.131,1811.945
78,12533.094,15094.066
78,7288.6875,9082.399
78,911.349,10238.6875
78,10883.0,4970.848
78,9112.679,19967.18
78,5295.0356,14584.147
78,11390.502,4205.68
78,8861.496,3233.4734
78,9276.313,8189.742
78,10575.5,1686.2189
78,17976.344,17764.277
78,2416.7275,4234.7446
78,11529.855,17089.66
78,7808.747,10217.128
78,10729.965,4943.356
78,272.39386,6316.698
78,4572.1597,12403.13
78,16676.002,8504.106
78,17238.64,9662.165
78,16836.188,12181.428
78,12609.932,11063.689
78,7196.939,16101.819
78,13655.369,15781.001
78,8137.371,5743.216
78,6802.1387,14373.507
78,19801.729,15637.858
78,1787.6322,10307.538
78,17536.525,19759.273
78,15651.32,9607.351
78,5538.313,9090.023
78,1290.7703,2646.1091
78,19332.188,8194.16
78,12120.442,5655.5674
78,17652.732,14195.627
78,1557.9836,10243.601
78,11779.1455,1007.70844
78,14377.367,18693.21
78,8314.285,2365.5454
78,6145.825,9964.335
78,9291.842,10040.682
78,11752.31,3957.5146
78,15620.215,3892.2458
78,15557.395,18959.65
78,13001.052,4838.597
78,6311.734,11403.992
78,15715.545,19746.062
78,1895.8347,9641.82
78,16945.926,15074.409
78,8404.536,12740.442
78,11655.893,19173.312
78,4723.6914,4942.0024
78,5767.256,5894.1016
78,19968.396,2656.546
78,4891.7437,2500.5256
78,10413.604,13272.975
78,2084.1433,14703.929
78,14633.384,19057.203
78,15384.432,10007.044
78,5450.69,6469.983
78,14664.617,6101.2305
78,16178.61,18854.037
78,16133.615,1981.575
78,18643.453,3020.7166
78,6245.725,19946.021
78,17406.352,14798.446
78,9942.624,250.01906
78,19296.111,5308.8516
78,15750.403,6191.3335
78,8129.379,14203.789
78,3510.1738,16949.111
78,19913.25,10260.915
78,13136.688,13855.021
78,19705.367,13656.998
78,957.9344,19321.877
78,245.71315,5793.504
78,17545.22,15256.815
78,19134.32,14675.649
78,19458.844,2532.9429
78,2816.3545,13731.009
78,14734.158,11113.374
78,2575.3613,6664.5225
78,9608.7,14051.248
78,11458.761,18156.424
78,5455.188,77.18343
78,8701.334,6990.8154
78,4920.3257,19135.61
78,8266.676,2226.2485
78,18866.754,16274.637
78,3941.7214,17426.674
78,7447.7026,11674.105
78,4609.591,5445.992
78,3011.073,5720.378
78,17098.662,19627.803
78,4938.1963,17869.502
78,12361.779,12089.673
78,16896.062,14691.179
78,18721.867,9387.786
78,6072.8027,11167.556
78,4262.203,1043.3269
78,7947.1626,17495.29
78,3135.495,11832.657
78,15817.143,11659.702
78,3729.7595,13711.393
78,13519.529,8572.451
78,541.35974,3894.5298
78,8021.0586,7255.0483
78,17565.629,15011.852
78,18643.992,16063.726
78,15450.923,8446.222
78,18856.545,9662.511
78,804.7679,2251.832
78,2410.8843,15413.878
78,19178.365,15497.359
78,9382.446,10253.635
78,11654.078,11211.324
78,11444.926,7976.856
78,17102.787,19378.771
78,3997.5237,16242.082
78,5550.228,15301.941
78,12192.212,4179.3604
78,13508.883,1633.352
78,2995.6753,4518.342
78,18002.625,15354.625
78,5631.0327,5191.844
78,18522.396,11049.609
78,7035.629,10821.533
78,19887.55,14021.514
78,5024.7397,1147.076
78,7747.1587,11279.819
78,7015.1777,9574.357
78,1542.0098,4106.1895
78,754.8047,19267.162
78,12713.607,19754.307
78,16018.692,16715.918
78,10839.684,10711.252
78,2103.895,10237.637
78,5087.925,16421.748
78,9431.361,14747.6455
78,5397.497,5258.7085
78,6625.7134,336.39172
78,5367.189,6726.572
78,12753.763,6502.8237
79,10000.0,10000.0
79,12840.385,13009.824
79,18574.287,18003.29
79,1221.6399,17462.074
79,9739.435,7796.487
79,14727.318,16565.531
79,13584.029,7417.7617
79,563.443,2033.8344
79,17393.816,7796.397
79,5527.6094,16664.355
79,18396.652,3613.1772
79,1122.2101,1695.2025
79,8644.302,849.3647
79,16860.453,16813.992
79,11783.629,8824.874
79,8228.743,12558.935
79,9380.308,8779.944
79,14014.335,9977.228
79,19022.258,2815.4155
79,531.2669,11533.663
79,11990.424,18803.922
79,17523.662,13954.993
79,16511.314,18386.1
79,8212.482,9391.824
79,11988.523,13961.738
79,6475.81,2622.8726
79,17576.098,18957.969
79,12162.972,16084.889
79,19856.87,7456.185
79,16852.48,5466.3213
79,10696.319,18775.873
79,19365.707,8822.227
79,14191.199,10135.521
79,14478.853,5722.0234
79,6568.19,10286.255
79,8102.2764,13409.6
79,14990.151,13145.175
79,11808.438,1582.2288
79,758.3792,15241.726
79,5483.792,6134.918
79,13577.007,2639.6636
79,6176.894,7705.5713
79,19103.07,6656.7627
79,17873.576,19584.129
79,3872.7515,8165.272
79,10902.292,876.78516
79,19230.672,2656.2888
79,18763.115,16192.82
79,739.2395,17772.736
79,17061.781,3329.982
79,10839.147,12536.151
79,9406.009,12718.191
79,2754.5342,10577.852
79,9929.041,1683.0215
79,15546.113,1240.2338
79,9416.548,9190.345
79,3530.7007,16370.163
79,1171.5331,2778.9739
79,15338.87,6969.737
79,5882.314,12104.525
79,9060.795,6933.1284
79,17643.691,18250.602
79,10693.444,703.2639
79,6992.726,15222.159
79,6575.176,1189.8682
79,1499.6896,12400.138
79,16958.174,5156.1943
79,6596.0684,1182.6633
79,6612.943,7153.806
79,6997.201,12487.233
79,13555.099,1941.0994
79,8330.113,10230.822
79,17984.172,19963.367
79,2347.3254,12839.011
79,131.4418,14742.893
79,1088.3424,5996.881
79,16890.486,18792.367
79,18122.941,12143.083
79,18789.031,10380.109
79,13228.331,14444.868
79,18856.69,8370.162
79,12532.872,16848.271
79,10576.122,13614.642
79,17921.898,1661.6498
79,7323.283,168.06421
79,17155.777,6891.6304
79,9544.0625,9492.127
79,9044.394,14836.889
79,5144.0347,10992.649
79,7778.5205,19509.965
79,8583.337,3028.245
79,2968.3354,4093.6145
79,19366.398,16350.835
79,15399.899,18490.484
79,19258.826,2558.878
79,15324.71,2077.621
79,15169.44,16807.697
79,15172.339,7577.3853
79,12691.124,11134.093
79,17741.08,13057.357
79,6687.807,9767.173
79,17552.1,5503.215
79,10270.292,12841.087
79,5210.4365,6958.8896
79,7902.49,11925.807
79,11586.237,2458.978
79,1549.4799,19495.613
79,15398.725,2382.3506
79,5733.518,4028.7437
79,9402.469,61.775883
79,12329.065,19557.31
79,10774.98,6125.0
79,5427.8047,5555.508
79,8070.499,5867.0806
79,9272.41,10645.885
79,17389.14,18099.37
79,2336.7598,4490.3755
79,10367.623,15820.354
79,1460.7909,2127.6782
79,4047.5076,1179.0702
79,16095.388,16032.264
79,14495.018,1815.7404
79,9195.474,11036.994
79,3757.4595,12140.518
79,13770.146,11520.158
79,901.7523,11791.149
79,1843.2166,3088.1785
79,9264.869,5174.777
79,17993.549,16459.787
79,3665.9148,11430.117
79,3119.22,11224.6
79,17145.123,16925.645
79,4204.679,8863.558
79,18385.314,16007.23
79,11915.961,2809.5342
79,11990.293,16821.596
79,14855.91,5663.883
79,13139.872,11535.069
79,10538.486,8184.36
79,11840.396,2555.715
79,1242.8024,9834.582
79,13869.55,11700.133
79,10851.798,3018.1487
79,14332.591,5244.653
79,13252.414,3040.8416
79,18392.5,1388.5482
79,15887.774,13684.653
79,13271.776,9910.465
79,17367.662,13696.392
79,6703.35,6582.904
79,13260.244,6446.536
79,9096.844,13111.924
79,14237.678,7855.581
79,3311.1838,5496.8945
79,15435.32,6692.205
79,12102.156,6724.972
79,12294.571,7592.16
79,11635.5,11068.108
79,12530.706,11493.086
79,17670.166,8649.227
79,4894.826,13574.109
79,18783.973,2116.004
79,850.524,10451.157
79,18808.541,19907.104
79,15425.79,18693.613
79,15245.051,592.1187
79,1597.633,1782.6179
79,10381.96,12886.095
79,4543.201,18608.215
79,14630.914,528.7442
79,5193.9365,16932.543
79,10842.208,8186.7944
79,17248.916,4742.8843
79,3093.8254,7646.8403
79,2775.7463,9411.57
79,4610.042,15328.606
79,10888.016,9553.829
79,3551.5552,2961.0442
79,11023.545,4829.5044
79,8633.952,11977.017
79,10281.11,19181.867
79,2433.3118,14941.222
79,11133.893,17253.258
79,165.04369,1945.3973
79,7204.8564,7548.7583
79,7384.4517,14319.443
79,12944.851,886.5032
79,7233.247,1237.71
79,9026.45,9757.797
79,958.26013,3411.325
79,317.47495,474.7512
79,3988.3484,4016.1018
79,14597.888,8395.816
79,16639.64,19874.17
79,1210.0515,13057.844
79,550.10925,9187.093
80,10000.0,10000.0
80,6738.3804,6693.44
80,14619.01,8416.869
80,13360.013,13600.783
80,15908.408,16929.816
80,1585.2051,9199.1
80,8059.1733,1116.1533
80,13875.864,13932.53
80,2362.4797,15370.97
80,19334.703,6785.018
80,5061.923,7812.2603
80,2894.2065,8108.209
80,5419.6675,5115.4966
80,16149.482,13094.507
80,9513.3,5690.452
80,17021.297,12475.947
80,4161.296,3907.6162
80,5959.272,321.2208
80,3226.7698,539.68524
80,14520.295,5813.8906
80,16146.952,17620.545
80,16490.34,18596.406
80,3620.936,3637.14
80,404.13812,18262.574
80,14491.116,1596.7744
80,13741.396,8092.8784
80,16239.912,851.2446
80,15813.274,8350.467
80,19339.531,9348.119
80,209.85896,16053.907
80,6707.252,18268.707
80,7759.924,6296.846
80,7039.966,18873.848
80,704.0487,8462.179
80,12405.4375,13031.565
80,11217.659,405.27075
80,7704.576,14558.797
80,4869.6035,2950.4106
80,3805.6846,1284.9075
80,15851.99,15261.04
80,3427.0166,1472.6858
80,17321.947,1887.7324
80,18526.355,4360.525
80,15219.962,6159.202
80,16035.527,15509.568
80,3271.972,12089.325
80,4582.793,10751.155
80,4898.712,2952.8242
80,16230.125,17015.85
80,11998.976,16988.604
80,5502.476,18478.256
80,505.33444,2675.5542
80,12326.773,11612.176
80,14104.137,11789.288
80,362.26718,14227.975
80,5638.4517,11065.454
80,10948.534,15134.036
80,10143.497,7237.3276
80,16191.23,19568.965
80,4824.826,6077.1333
80,1903.8015,155.79219
80,1735.4948,18118.303
80,11909.78,4037.63
80,13850.343,12026.703
80,10155.095,2375.3528
80,11338.797,14547.209
80,17892.877,2754.5266
80,11396.465,1897.8726
80,5620.647,10402.13
80,5588.6772,12761.937
80,8815.691,8209.895
80,3974.4072,2220.3218
80,3393.7896,10573.256
80,19160.01,9265.521
80,9913.6045,8210.115
80,17719.762,2413.3347
80,16973.49,6109.3594
80,12368.16,9489.022
80,17029.463,17583.41
80,12363.054,5519.5947
80,19549.494,19549.088
80,19982.062,4695.0317
80,7940.4194,19361.244
80,9190.3955,19734.533
80,1519.8253,10948.1045
80,19675.627,14270.065
80,15305.616,4125.759
80,18159.56,10881.867
80,16819.91,18509.008
80,18334.748,11484.237
80,18642.135,3469.135
80,10805.975,387.22177
80,17531.275,3590.7983
80,256.9707,87.98221
80,18849.396,16017.657
80,15789.485,14433.859
80,10042.72,9972.411
80,6026.571,5014.0093
80,5344.4604,2317.543
80,4713.657,8682.099
80,3048.904,17910.17
80,12345.303,15771.092
80,1592.0427,19812.906
80,10902.37,10471.225
80,832.64813,9489.065
80,19116.541,4514.78
80,4035.656,14152.922
80,18215.44,11745.733
80,13551.556,3613.4202
80,13033.851,19528.486
80,8203.403,4004.1182
80,3884.8674,2839.0603
80,15553.689,6640.448
80,5983.2075,14355.234
80,14823.017,7049.4565
80,1494.618,10945.277
80,3458.0776,19617.697
80,12744.15,6530.671
80,3206.0886,10266.893
80,5707.427,13423.92
80,5611.4116,10680.844
80,18954.857,1345.4377
80,1863.2344,4130.6914
80,11142.08,19114.709
80,2953.3235,10434.384
80,17914.59,11143.405
80,12869.626,6017.995
80,3206.592,14404.853
80,19016.178,17506.705
80,5081.9966,16500.828
80,5730.4243,1062.3435
80,10612.406,13851.946
80,15874.572,17436.89
80,17506.055,13369.283
80,11956.038,7321.381
80,9208.727,15900.42
80,12416.331,9118.6
80,2385.4453,10467.436
80,2993.356,3884.116
80,19285.78,10872.284
80,3677.2512,12147.922
80,18714.2,18182.303
80,11560.992,9359.377
80,19557.172,2467.9553
80,12097.305,1662.907
80,16906.04,17107.244
80,18709.547,7783.0176
80,11844.871,14464.542
80,6784.855,7485.1416
80,1230.4293,5911.748
80,7208.787,11018.319
80,18719.92,9064.361
80,11367.673,8848.892
80,3103.1033,18404.191
80,1761.5519,5626.4624
80,6198.35,795.3119
80,1621.9454,14323.576
80,5805.7505,15317.21
80,14443.31,16189.05
80,9531.318,7205.415
80,15532.895,13354.014
80,4676.168,10947.074
80,8197.365,13329.53
80,10865.652,1120.6581
80,8020.814,5863.7124
80,15863.145,18838.092
80,13131.933,912.70386
80,2248.4534,4661.0376
80,18687.3,1389.0397
80,18104.322,14534.318
80,18168.861,4813.2886
80,17206.07,18259.855
80,12131.225,3451.7776
80,14374.811,10345.411
80,4708.242,5024.998
80,14591.845,19091.541
80,7984.723,664.0662
80,4975.9707,834.59424
80,162.78197,9693.97
80,16598.15,7745.468
80,18175.1,790.9826
80,18763.615,1713.4423
80,6176.6045,2022.5964
80,9553.164,4707.546
80,14116.505,17157.06
80,3790.18,11457.451
80,17931.72,11547.612
80,17927.396,9669.161
80,17296.982,9609.576
80,118.870575,183.41
80,11771.348,1040.0195
80,18357.14,4151.285
80,4151.4673,11416.205
80,6225.0312,15263.493
80,19384.545,14196.806
80,16090.923,15474.088
80,1199.4318,7718.147
80,17238.559,1323.3127
80,9767.577,13806.393
80,19071.154,10055.604
80,19690.6,16653.547
80,2950.3335,5808.9004
80,14997.681,18568.496
80,3161.4583,2533.3145
80,16336.411,16162.635
80,2203.2693,870.4596
80,13230.416,5605.9277
80,909.8496,12934.003
80,16369.268,944.891
80,7252.992,15054.095
80,13915.254,12892.917
80,11250.114,11611.325
80,15129.8,15146.266
81,10000.0,10000.0
81,18895.809,10517.345
81,510.5216,13331.55
81,3849.3083,3711.8633
81,1998.7817,10705.093
81,8124.3047,2786.1328
81,3579.4846,4500.1855
81,19410.53,11564.541
81,15100.157,18768.635
81,11143.204,13163.187
81,5272.6743,15605.654
81,7418.879,19027.15
81,10044.669,13101.509
81,17445.865,17937.307
81,8497.967,9121.002
81,5257.0854,7659.729
81,1977.6945,1254.2598
81,103.76553,13058.866
81,10552.256,12154.201
81,12985.153,9147.782
81,18764.107,2724.7744
81,14844.209,1473.281
81,8068.202,4908.283
81,103.48689,679.3566
81,19456.648,7979.343
81,68.23443,4545.7666
81,12816.65,5032.6504
81,723.22144,6265.4644
81,8859.167,12377.584
81,16258.59,17871.617
81,19662.986,1168.3193
81,356.1263,18839.496
81,306.6658,19430.95
81,203.6375,2975.516
81,8845.936,12119.539
81,18440.846,15230.237
81,3644.228,9762.618
81,2476.0312,19166.297
81,7442.527,1041.8883
81,8203.332,6857.889
81,19888.803,8483.456
81,8697.072,19819.432
81,9182.0625,10085.023
81,902.17944,8384.204
81,13892.916,13919.421
81,12816.092,5795.5137
81,19086.19,4080.5728
81,17959.922,12884.543
81,8310.362,4520.7285
81,14380.099,8360.351
81,8217.68,8485.277
81,2054.7444,19538.742
81,9993.287,14654.089
81,708.86487,2359.2815
81,6238.6562,12468.358
81,8282.659,8800.532
81,951.2207,14915.669
81,11501.368,9596.758
81,2854.3225,13104.143
81,17656.441,18701.533
81,10211.557,7815.5767
81,14095.756,6135.629
81,11707.355,16533.168
81,3839.2708,16447.115
81,16455.096,1075.7186
81,255.42319,11655.089
81,2285.2046,18226.025
81,11024.135,18275.383
81,4883.4033,9766.926
81,18911.959,11919.857
81,13077.344,10323.157
81,2094.5767,16561.71
81,1453.9761,15811.97
81,17499.672,13700.155
81,9807.221,16422.877
81,19746.914,14176.519
81,1372.946,5877.155
81,15336.153,2700.7378
81,17313.521,12008.056
81,13070.082,6579.0073
81,854.9778,11778.402
81,6054.162,17100.184
81,11316.239,9969.927
81,16660.768,3650.5034
81,7691.315,12426.513
81,11842.077,8205.605
81,15536.972,12353.661
81,4608.8506,7153.712
81,1629.0596,11266.401
81,5477.107,1873.9956
81,12695.487,12331.188
81,15500.843,12700.752
81,8000.435,16350.353
81,17931.357,4748.8315
81,14727.546,12289.923
81,694.02386,3825.1777
81,2044.3047,8960.198
81,3409.5,1922.0585
81,19338.426,15814.793
81,1316.8369,15104.858
81,16519.734,12315.408
81,5280.0615,18110.482
81,17641.205,11924.593
81,15934.534,15554.285
81,16592.598,2052.7268
81,18914.11,17075.984
81,16601.67,13139.754
81,17098.918,2086.1885
81,7540.496,6546.502
81,12179.317,335.68036
81,3549.8484,13893.185
81,9973.09,3565.5815
81,252.81474,7879.902
81,12505.27,6635.503
81,2244.3027,3060.3582
81,5570.986,15403.895
81,6572.2974,11911.598
81,7769.9536,11588.383
81,16314.595,1842.9692
81,706.6589,13603.312
81,4937.4146,19008.854
81,2999.1306,19740.283
81,2360.607,5074.9893
81,14304.053,10016.769
81,12239.707,3540.3052
81,4505.173,19336.367
81,6856.4224,1989.7045
81,6907.259,9612.526
81,8556.346,6959.4272
81,11090.54,3804.5818
81,11239.741,11725.45
81,17525.906,9823.694
81,5576.232,7527.5244
81,7961.645,8859.136
81,4674.145,7862.128
81,15455.619,9056.564
81,10311.173,3948.071
81,8702.922,12761.802
81,2063.5486,14797.707
81,1351.2821,9444.974
81,588.8797,5042.9497
81,7687.309,97.750595
81,5785.903,11284.244
81,207.65147,11213.6045
81,16956.771,9798.73
81,15440.704,15280.549
81,15776.805,15762.446
81,9058.239,6737.877
81,11607.505,1009.9756
81,2755.59,19634.252
81,5742.07,19127.432
81,1644.2542,952.23663
81,13939.435,16966.012
81,3593.0,1867.0005
81,6261.2734,882.80927
81,17650.986,13108.44
81,15434.48,5733.262
81,714.9658,17406.293
81,14.123521,3568.8403
81,7745.163,7716.116
81,17929.854,16704.74
81,7863.1855,17881.73
81,13063.294,13076.974
81,13941.814,10185.893
81,6842.776,19906.844
81,933.785,10886.908
81,3808.477,16839.46
81,13470.625,18874.336
81,6414.439,6761.475
81,1652.515,6912.1826
81,2909.4639,5651.914
81,10055.485,11120.018
81,17264.441,8530.807
81,5712.793,11903.68
81,3548.3093,15739.805
81,10275.806,12122.91
81,3253.6658,16444.316
81,7541.7065,10704.078
81,11091.084,5137.0576
81,5465.662,17769.21
81,16767.355,19115.25
81,1466.2449,2814.5923
81,927.4043,17800.273
81,2074.7295,9141.798
81,14335.041,9572.608
81,15277.072,4939.073
81,10155.725,10912.859
81,691.8114,14564.744
81,10103.604,8291.534
81,18898.29,10511.645
81,16501.957,6700.6797
81,15842.405,6342.339
81,6523.0166,18215.426
81,11895.252,12979.928
81,12756.635,11984.282
81,5647.8403,17587.674
81,5457.5815,15536.879
81,2054.4363,6559.517
82,10000.0,10000.0
82,4946.124,15248.95
82,16126.623,12342.935
82,9558.508,6570.0986
82,2705.8599,9580.31
82,3388.0522,8437.212
82,14426.835,17440.973
82,12943.58,7516.521
82,9655.535,10415.128
82,18504.521,15757.721
82,14607.646,15603.219
82,10415.288,8112.427
82,13535.681,14201.836
82,10520.257,12954.008
82,8034.1914,8136.0815
82,13940.235,14866.566
82,12053.588,2292.4797
82,9624.464,3280.8298
82,7644.761,13359.854
82,14265.111,1593.0709
82,8644.722,13709.211
82,19649.3,17874.393
82,11175.171,14083.766
82,5785.3154,466.32773
82,3985.0227,6846.935
82,13717.064,18558.244
82,18831.883,18970.172
82,8781.492,2391.9526
82,6799.5586,11074.54
82,6691.073,51.32131
82,16968.273,19618.934
82,14777.527,11463.654
82,11667.349,18383.307
82,17928.441,7797.1543
82,3769.7483,4575.3755
82,13201.606,18899.648
82,5326.233,11633.502
82,7136.7285,8679.613
82,6348.88,17897.973
82,16215.614,12602.512
82,7082.2515,14893.916
82,18406.242,17215.133
82,6090.683,2521.8384
82,7912.408,9052.575
82,13156.9,12350.914
82,6956.252,9242.039
82,205.30194,19107.54
82,4734.338,6983.5923
82,12509.255,3502.2908
82,3031.6057,454.04388
82,17760.021,13025.594
82,6958.362,3396.5918
82,14801.097,12986.047
82,2103.5334,1531.6461
82,5986.7266,3455.0105
82,14987.236,9118.724
82,6769.069,11689.252
82,15551.722,19776.926
82,11561.364,17543.22
82,16577.451,18718.672
82,9563.097,5990.562
82,11130.085,2380.393
82,19756.791,14457.839
82,7363.968,4329.2686
82,2875.7964,9172.978
82,12614.587,12457.775
82,10893.564,15343.381
82,3721.5354,14236.588
82,2303.7957,9893.559
82,1448.6061,9301.181
82,6240.929,5039.5366
82,11188.46,19258.62
82,11702.392,5910.79
82,8573.809,13837.919
82,4229.9834,9635.049
82,18323.793,8873.614
82,3317.974,2786.1548
82,14711.761,1640.2568
82,13220.429,19731.584
82,5054.948,11962.206
82,13568.712,14171.481
82,8407.167,19473.193
82,19114.148,3566.0286
82,17823.766,2734.3428
82,5538.414,3775.8135
82,10339.0205,1445.8396
82,8021.07,1153.9545
82,4561.0454,32.36594
82,8178.574,19600.307
82,12951.629,16186.371
82,6142.4185,1786.551
82,11581.3545,739.82635
82,12964.404,16246.935
82,11494.248,2005.2843
82,3250.6255,16351.197
82,18571.574,4996.498
82,9180.31,4941.4595
82,6905.2563,11291.606
82,15517.7705,4835.6094
82,7650.53,15973.563
82,6075.4985,15502.121
82,10999.118,10048.446
82,2531.5723,10155.919
82,8235.343,19970.107
82,19350.2,3699.489
82,3947.3643,9527.413
82,1922.2097,14364.947
82,14032.854,3213.1077
82,2308.3386,18595.1
82,18914.344,2404.3945
82,1619.8928,2929.8643
82,6053.193,4113.515
82,13249.85,17149.277
82,4720.2983,18693.637
82,14899.494,8112.8936
82,16052.202,6877.9414
82,19467.709,6678.218
82,833.5885,2011.6632
82,8627.728,2715.399
82,1011.0634,5296.327
82,4752.4478,3495.1462
82,13248.623,13329.572
82,17121.068,2996.305
82,10062.13,1112.2787
82,12432.807,17972.736
82,16299.131,3790.6438
82,12749.857,16013.735
82,13768.245,6023.7827
82,2646.048,13651.362
82,2341.2212,7200.2637
82,7961.865,4280.3584
82,3503.1013,11021.977
82,10350.465,6512.341
82,18522.8,3054.32
82,16414.05,8718.047
82,10723.726,11071.848
82,2939.05,2169.734
82,17005.006,10224.243
82,9558.248,2599.382
82,14706.458,10805.191
82,10423.645,2904.7986
82,691.32355,8355.708
82,19452.922,15486.353
82,6050.4424,9565.752
82,13885.641,8777.842
82,16305.082,15217.486
82,15766.718,17515.559
82,17516.82,15970.192
82,18095.4,7315.425
82,16069.007,15273.604
82,9818.331,16663.86
82,9453.301,9354.059
82,15955.567,9874.578
82,19254.273,10386.894
82,10343.287,4311.237
82,2960.0835,9903.602
82,14804.146,15925.066
82,7257.517,2256.9744
82,18521.656,1147.31
82,2286.923,5560.065
82,7227.4556,17764.154
82,8129.687,8571.904
82,9684.816,3851.8965
82,19801.703,9872.389
82,17202.523,52.11779
82,19658.488,19752.668
82,5902.8965,15985.373
82,9629.643,15799.943
82,15050.634,8163.0503
82,258.88397,3072.3608
82,10277.749,3385.8118
82,15047.134,1872.0262
82,2339.9766,1754.0203
82,19680.719,3453.839
82,11981.885,14756.538
82,11477.791,10354.472
82,6867.797,16525.852
82,16087.406,7684.338
82,3926.3494,15027.601
82,3633.0066,15698.372
82,7563.027,9556.434
82,12702.487,19374.805
82,3142.0696,4889.9043
82,15799.076,16225.283
82,5179.72,6676.971
82,32.27801,2891.2744
82,8487.763,14760.85
82,2337.9702,16740.98
82,4705.296,17856.355
82,3757.5593,19083.354
82,6236.0356,19868.328
82,11696.098,10940.797
82,4393.9224,3825.3923
82,11189.817,7519.434
82,14195.193,13642.039
83,10000.0,10000.0
83,18905.453,14507.853
83,3858.9805,8144.099
83,13131.207,11384.724
83,12320.788,5194.6665
83,4374.591,1257.1302
83,8573.987,2608.773
83,16269.738,12713.003
83,14635.113,15720.001
83,4769.9707,14111.992
83,7443.51,9284.794
83,2176.3381,2487.7317
83,9742.498,17830.955
83,4902.4834,126.443695
83,234.37468,4366.209
83,8641.412,18684.162
83,9726.271,3252.555
83,15515.511,9764.526
83,13875.017,16765.291
83,10283.978,5046.952
83,4061.939,4908.536
83,6836.133,7718.9697
83,3899.2983,15228.593
83,9553.062,15515.582
83,3045.1235,9150.299
83,15811.637,14399.281
83,2206.3557,2349.2922
83,18129.047,13825.507
83,2601.892,7445.9536
83,10747.58,5280.164
83,6495.6885,10570.75
83,668.0134,13849.212
83,12015.827,6233.2363
83,17486.94,7883.9956
83,17325.059,17793.344
83,14198.592,11111.911
83,13994.387,18785.594
83,11303.725,18047.963
83,11968.813,15857.124
83,17624.625,14760.061
83,2174.6067,1226.5187
83,16585.227,3105.4417
83,3892.8655,18352.67
83,3625.016,9982.373
83,3541.2173,5172.1387
83,11352.814,5858.9565
83,18800.57,10874.194
83,5371.6196,8650.474
83,2898.4646,8384.996
83,14383.587,10115.459
83,18922.709,9259.31
83,1683.3522,14327.081
83,13945.931,3940.2227
83,1387.0801,8867.694
83,1973.4252,16807.21
83,6950.007,756.13275
83,11505.644,10837.156
83,15649.665,9977.343
83,3525.98,6690.2
83,8585.536,6306.909
83,16188.033,19553.35
83,11429.671,15813.222
83,2021.1532,19720.693
83,11370.135,1347.5393
83,6931.5957,11201.313
83,9988.861,9415.044
83,13388.533,17332.826
83,8159.759,13928.471
83,4786.4106,478.4111
83,17126.469,13520.325
83,14785.023,8324.217
83,12513.242,10318.741
83,4197.172,8577.865
83,10800.495,6930.539
83,9182.371,1691.6217
83,11350.987,8239.281
83,5400.7095,16824.74
83,8195.025,3532.861
83,1509.7703,2204.779
83,15988.393,8451.249
83,15297.992,18141.688
83,8961.562,19895.225
83,10557.019,4862.21
83,1285.18,16668.139
83,10001.154,16495.775
83,17841.908,5475.4204
83,7265.908,5175.881
83,17274.008,16031.546
83,17207.44,12889.729
83,1937.8049,6702.3096
83,10403.015,913.2991
83,14447.73,18387.078
83,17293.582,7671.3633
83,8919.032,3837.2559
83,11025.567,13709.386
83,11364.175,12846.42
83,15507.691,3940.7449
83,11177.35,327.1592
83,17711.707,2333.9175
83,5772.958,3500.372
83,18981.451,16503.922
83,7242.541,7435.9106
83,16460.158,10307.258
83,12907.0,19447.78
83,19128.375,11112.079
83,3889.4648,18437.467
83,9491.896,5.862221
83,13828.764,12393.836
83,9856.21,12655.43
83,7190.067,6386.068
83,18980.242,17255.232
83,11509.31,16820.406
83,11516.259,11152.649
83,8321.624,9125.606
83,9038.981,9487.815
83,5617.233,17929.057
83,8694.833,3544.9832
83,7748.901,1282.3151
83,19187.2,1638.499
83,4393.1,8808.583
83,16370.713,13544.836
83,14671.148,11359.011
83,8221.921,13668.539
83,5981.5073,9735.971
83,17478.047,11571.927
83,7977.78,11413.552
83,6249.2393,14573.556
83,14929.182,17640.145
83,3458.1023,18830.469
83,15296.959,12907.414
83,19857.143,13234.787
83,83.01553,2694.4136
83,8562.445,15222.425
83,16511.717,936.5719
83,11916.043,11552.174
83,14068.186,8069.4585
83,14841.153,10151.254
83,19495.447,10425.426
83,2957.625,19272.342
83,1848.4059,71.734055
83,8810.038,13078.358
83,15519.794,16716.934
83,9046.844,15248.527
83,11575.374,15651.577
83,2353.199,4897.2334
83,6776.191,8866.318
83,3531.2817,11876.023
83,13249.448,5671.603
83,170.65121,13956.698
83,8439.728,3018.9126
83,13148.827,16429.623
83,1492.7826,16045.457
83,1446.7732,1608.2456
83,880.4699,17742.484
83,18914.918,3049.5183
83,13404.928,4809.1914
83,13025.838,1740.4207
83,921.94434,16961.48
83,19117.516,6448.5474
83,2324.4675,19876.62
83,9773.835,16556.574
83,11376.328,7665.2173
83,3818.1565,13333.723
83,19620.57,3765.1172
83,2023.8123,3486.9636
83,5595.021,11576.953
83,1575.6813,9016.17
83,3862.4924,8900.151
83,13838.351,8673.567
83,6862.9956,18444.062
83,158.96416,15636.118
83,15100.552,3453.5251
83,18176.984,9216.699
83,12961.833,13817.18
83,2315.6567,7842.7573
83,2669.3396,4333.365
83,671.36676,583.80945
83,9061.99,15206.7
83,17534.873,6541.356
83,18126.418,5423.3843
83,1604.6306,2381.7795
83,7878.987,17398.889
83,7512.7817,4649.9355
83,6645.426,16861.883
83,8729.164,4520.7227
83,14473.4375,13346.665
83,4479.84,5825.5103
83,1535.4464,13517.052
83,9821.507,3524.8418
84,10000.0,10000.0
84,7965.078,16888.676
84,5147.6826,3493.1248
84,4575.5938,2461.4067
84,9408.36,6878.501
84,1704.96,13941.056
84,3010.5166,14433.69
84,7940.1772,4756.8354
84,8318.767,14336.318
84,8207.623,19706.957
84,16788.664,3049.832
84,3894.4893,745.76825
84,12738.467,7447.3354
84,7731.8647,5173.4053
84,12481.617,16566.314
84,17005.744,11506.213
84,18121.844,14025.218
84,17615.004,3870.4768
84,16490.621,7596.3623
84,12948.317,15059.818
84,19113.865,676.02356
84,6038.899,5925.4263
84,4354.4043,12056.826
84,3600.809,5126.8384
84,19981.025,4872.305
84,5583.2324,14373.905
84,868.32697,16658.836
84,10627.059,11882.744
84,11791.709,5325.4204
84,19978.225,11576.433
84,15947.252,6436.833
84,8263.921,5659.735
84,12476.94,1055.5963
84,1123.3639,18676.754
84,14728.955,1015.4357
84,2477.7463,1715.0486
84,7743.448,9066.673
84,19100.844,16956.908
84,7743.9033,854.2407
84,13119.958,4373.333
84,8185.9873,16547.49
84,12009.265,9429.947
84,2590.2527,9164.536
84,7695.5513,2024.7625
84,4651.5854,18588.248
84,3406.803,19983.674
84,3061.1064,19410.463
84,5908.511,2304.0178
84,1745.3848,19410.834
84,19441.328,325.73517
84,15113.143,3148.027
84,15424.633,17630.02
84,12878.4,12102.324
84,7989.793,14350.672
84,5977.0063,2507.6667
84,17838.79,7538.92
84,6382.4062,11231.235
84,17345.389,16903.85
84,15161.45,1714.9817
84,2457.2573,16122.271
84,13516.608,1792.2092
84,14464.65,14829.717
84,19732.56,4765.4663
84,5242.9336,987.0697
84,10242.59,16677.49
84,9628.267,5403.25
84,15315.542,16019.652
84,3995.9512,5816.095
84,1747.4417,17642.031
84,13947.562,1976.0873
84,11831.8955,290.32492
84,2250.8845,9758.323
84,16951.588,2864.1707
84,18931.31,1588.0045
84,7053.2676,7689.1943
84,5713.9336,11874.551
84,4350.389,4263.1196
84,14660.872,13482.843
84,13805.0,10468.654
84,3449.935,16001.067
84,9462.036,18117.11
84,11007.017,12171.887
84,18810.477,6107.8115
84,8059.161,16717.742
84,3027.7334,16216.526
84,14548.612,12610.121
84,17564.73,8393.797
84,5154.855,18700.256
84,17222.459,6309.956
84,19679.588,13389.945
84,17671.576,16390.547
84,9614.793,10988.362
84,1563.4017,9865.791
84,13300.254,17413.62
84,8585.763,13054.664
84,2606.7622,16980.182
84,4973.456,7433.673
84,5251.825,1123.9307
84,2372.9573,8398.027
84,3728.692,7153.1826
84,4399.791,18930.61
84,6949.222,5723.5854
84,10488.51,1334.4152
84,2382.7285,275.68677
84,19836.744,1736.167
84,7296.4155,6788.704
84,13658.46,5493.353
84,13634.654,5753.092
84,19880.482,2607.2935
84,15713.793,18910.902
84,17474.965,1806.3613
84,16727.252,298.05576
84,6068.1206,17581.535
84,6982.841,3138.9785
84,8451.18,3836.9624
84,14009.22,2580.5205
84,4108.45,5102.837
84,13805.7,9481.116
84,4784.9624,6857.063
84,4198.334,7201.735
84,2818.8748,5815.127
84,3776.804,17406.72
84,1855.5076,16117.962
84,6896.906,13491.4795
84,16912.533,2647.0925
84,13397.911,4191.999
84,13920.143,9619.588
84,8312.173,8272.657
84,4681.5444,10334.621
84,18412.396,2751.8655
84,16636.123,10935.251
84,201.9795,8942.296
84,4792.132,7044.4917
84,4315.6577,12407.013
84,17896.684,4846.3237
84,6269.4175,17612.469
84,18503.168,1339.7701
84,15425.016,18054.068
84,2289.9133,11456.292
84,8404.5205,11096.7295
84,12025.713,9987.401
84,16431.42,795.2652
84,19126.896,15393.408
84,8428.622,18869.996
84,269.22342,4381.7417
84,12825.505,7192.2144
84,5053.0044,13833.223
84,3573.8784,18965.107
84,19839.807,12376.337
84,9217.935,16173.849
84,16146.844,9691.3545
84,14913.28,5660.346
84,13976.114,15347.953
84,3668.0527,16140.154
84,5302.8076,14944.674
84,15604.883,13420.985
84,751.8977,18846.424
84,3019.4788,14443.84
84,19438.326,7186.0703
84,3370.3418,9328.957
84,6294.6167,18861.357
84,15656.261,13566.216
84,10084.801,1252.3345
84,16317.298,17029.367
84,17080.967,8287.439
84,10358.628,3008.8137
84,7974.02,15021.756
84,19695.48,13344.056
84,16076.631,11162.379
84,6815.0967,8051.715
84,10533.255,17040.135
84,17714.541,14273.029
84,6645.458,19368.479
84,11132.021,15906.654
84,15471.374,18532.064
84,11607.685,18384.041
84,10868.672,1686.975
84,11630.215,11268.263
84,13837.622,10931.441
84,8652.879,910.5319
84,15923.458,10997.595
84,19574.922,3313.6182
84,14640.701,11788.134
84,3728.9329,4353.4214
84,1336.8961,3890.703
84,15937.297,1226.8801
84,10326.234,5342.156
84,15411.147,3249.4597
84,7275.8516,13070.576
84,3647.183,8129.668
84,5145.049,16176.118
84,5747.368,11189.029
85,10000.0,10000.0
85,19803.266,18354.814
85,10790.626,3751.896
85,6959.038,12334.305
85,3791.5393,11304.571
85,1989.9111,15195.781
85,5725.4795,828.3733
85,18743.666,17146.03
85,8089.6367,2566.7551
85,11844.172,12742.498
85,18314.33,17267.674
85,18392.059,2186.9895
85,11776.404,16054.974
85,16346.301,12489.073
85,6958.75,7546.3726
85,13513.886,6515.559
85,18523.133,4877.102
85,6893.9365,16606.79
85,3498.577,5668.663
85,5762.4385,12509.296
85,16764.975,18316.533
85,4936.672,5747.706
85,12661.172,9471.803
85,6898.3438,7157.5903
85,12175.105,7838.848
85,5081.0615,11966.144
85,12556.451,19526.977
85,7481.204,18196.445
85,6443.226,12847.088
85,11071.705,3159.5864
85,4860.0615,6619.263
85,5286.49,16909.7
85,9061.003,8564.926
85,13806.84,10885.755
85,16142.637,603.4503
85,10831.894,5419.82
85,7627.0347,18050.94
85,17729.69,18425.248
85,6599.3613,244.89584
85,10922.188,6294.5
85,9242.432,17109.49
85,10210.88,14605.934
85,19705.314,6526.099
85,2951.3938,6178.2676
85,15953.901,339.68695
85,19709.016,15362.114
85,2956.479,13339.962
85,10052.216,119.30561
85,11518.424,8336.341
85,13939.922,1087.5051
85,5637.009,13226.146
85,16707.98,16064.431
85,14480.365,5543.9683
85,8631.311,2273.2693
85,19732.857,10261.017
85,3141.7148,16786.68
85,10173.911,16921.496
85,14601.53,4376.1797
85,908.9389,11823.461
85,12587.882,4894.053
85,17333.945,12899.617
85,1632.0427,19665.514
85,14200.187,8261.597
85,1893.9003,10738.406
85,9070.86,14088.605
85,11666.035,18285.504
85,38.423378,13687.32
85,17335.13,261.67548
85,9335.491,13451.388
85,5469.293,211.6299
85,9527.033,19847.326
85,16056.336,4199.7974
85,4787.0576,12190.807
85,17810.941,8496.473
85,3518.155,4822.493
85,14034.926,11055.09
85,14711.725,17867.404
85,7043.5073,14644.542
85,6693.4526,15986.442
85,16683.506,2573.6624
85,11490.407,7252.762
85,2995.4924,6914.5786
85,14564.627,14143.577
85,8522.099,4119.618
85,12380.987,8332.572
85,9247.739,15109.716
85,17637.67,1957.2373
85,2331.7236,9827.729
85,827.25104,4138.9316
85,3561.6072,14540.53
85,3644.2397,8180.282
85,8676.747,4331.9106
85,15247.504,8531.468
85,17798.932,3619.8762
85,11857.143,4320.487
85,18322.26,15650.696
85,4217.8735,16699.338
85,4358.606,11106.454
85,11182.8955,15608.614
85,13310.973,13622.1455
85,9080.691,19815.979
85,2211.4785,16173.758
85,19341.646,16470.58
85,232.66096,7155.7495
85,5317.2104,2852.7356
85,14746.653,9772.128
85,17495.025,6287.6
85,16769.58,18969.486
85,13094.453,10284.195
85,7043.8276,17384.818
85,3408.5605,17185.145
85,5633.074,5017.2915
85,255.47914,564.7171
85,14745.5,10533.304
85,17754.912,501.83923
85,15449.486,9441.177
85,4079.1008,14704.57
85,4053.7026,8563.671
85,17971.193,16659.57
85,8483.682,6892.023
85,963.52094,16786.842
85,17853.908,11582.426
85,14295.433,12212.356
85,13468.503,14025.8955
85,11525.754,19921.396
85,7364.0015,7573.0015
85,13680.967,10308.219
85,5406.482,6182.8887
85,15975.81,18583.24
85,7869.9956,6033.721
85,13966.254,13305.956
85,18739.475,870.87964
85,9857.588,16877.273
85,11480.357,2705.208
85,5837.181,7492.4766
85,16414.336,14329.666
85,16333.671,17842.492
85,2182.287,9108.336
85,7429.312,7696.2427
85,3728.9868,10256.24
85,14979.303,11268.525
85,1629.5928,511.59927
85,14162.825,10991.232
85,802.5065,16253.071
85,11409.849,15057.9795
85,13920.319,5391.9116
85,1632.097,185.44614
85,15255.143,7806.2886
85,14275.054,9387.338
85,14441.96,2040.4464
85,14558.086,3965.8281
85,8996.195,2335.9478
85,15142.398,5614.674
85,10224.867,646.61084
85,9090.277,11758.196
85,17014.238,13250.39
85,16847.14,17644.695
85,3243.264,17819.467
85,18079.357,4688.072
85,9110.378,15970.131
85,4964.439,13372.953
85,3164.1487,11427.502
85,4417.1772,9842.293
85,13049.222,8598.578
85,2198.8145,1358.0099
85,17650.49,17170.688
85,12583.279,7482.1406
85,10495.361,13655.24
85,7501.679,12079.761
85,8029.0493,14102.424
85,9213.323,6380.244
85,17131.701,9400.959
85,18024.506,4098.043
85,9096.73,14501.923
85,14176.341,12519.027
85,1730.1509,13466.844
85,15571.44,6890.832
85,16355.763,18131.006
85,4730.6187,5269.1987
85,12151.363,4035.0605
85,7570.6216,9914.682
85,3710.5244,3718.4673
85,12226.987,15892.214
85,17433.889,4559.059
85,6452.8525,8346.217
85,16310.152,7944.0586
85,17831.535,12180.125
85,6097.951,10803.486
85,7387.6367,6661.535
85,11683.94,19185.969
85,8885.876,8990.059
85,15611.153,14942.244
85,4037.4011,10090.8125
85,6867.464,14172.621
85,1083.8848,4035.032
85,14060.9795,8882.35
85,18647.812,770.1531
85,8224.945,13225.156
85,8886.28,15482.39
85,18644.736,13075.897
85,16717.463,13231.049
85,1325.8291,3386.5186
85,14990.154,5453.082
85,19373.59,19011.303
85,19247.348,8774.504
85,8487.543,15321.837
85,2226.0513,8119.1006
85,18930.58,2353.474
85,1617.0853,4858.7837
85,18997.781,1655.8597
85,15291.705,17996.207
85,17911.947,16325.121
85,7216.599,2447.4204
85,15203.275,10811.378
85,954.504,18777.295
85,113.289566,11145.374
86,10000.0,10000.0
86,13676.398,9394.004
86,18628.695,14009.515
86,12682.836,4620.7026
86,7309.486,16312.24
86,4255.7095,2038.8055
86,7112.897,1339.0234
86,11599.728,2093.005
86,13455.621,5409.4556
86,9737.258,12791.089
86,14525.299,362.50287
86,4887.445,1584.9922
86,11092.543,12558.062
86,10871.101,3544.4807
86,577.8473,17552.223
86,14193.371,13704.456
86,11105.198,152.44942
86,14567.142,11928.812
86,12928.766,1368.1543
86,5718.6353,618.58734
86,17778.643,11102.978
86,10828.938,13378.306
86,6262.9917,7304.382
86,19540.662,7795.2925
86,3227.9607,5797.3896
86,15545.569,14752.277
86,1361.3815,9026.196
86,1314.6396,3199.232
86,19269.568,3904.3647
86,17137.416,8975.614
86,12435.88,7726.7188
86,10400.228,16608.791
86,8195.697,3247.9956
86,3787.0747,17601.586
86,10838.064,13235.058
86,4309.0815,136.47458
86,16980.73,624.1489
86,12131.673,5864.117
86,11860.477,12663.678
86,15002.597,18351.316
86,9915.173,15652.003
86,6604.856,2621.1013
86,19206.36,193.3234
86,3759.581,4093.7515
86,14038.151,8959.868
86,4106.6665,18660.596
86,4148.231,16727.564
86,3417.4473,13283.287
86,19429.016,14988.593
86,15281.123,1834.3672
86,7468.6807,1508.1846
86,1201.6959,19496.078
86,3992.559,18768.049
86,19034.688,15607.768
86,14217.033,17497.283
86,14145.879,17980.97
86,12446.79,14056.348
86,11536.088,961.2887
86,19579.74,19027.197
86,13410.017,12222.456
86,14007.983,19169.156
86,4225.348,2725.9019
86,14738.601,5570.674
86,4544.0957,5467.5576
86,3683.1707,8327.732
86,5879.019,12593.443
86,12931.15,8776.576
86,12939.266,2665.5112
86,5011.2676,11708.654
86,3112.7024,17761.443
86,5107.0454,2986.3691
86,6934.9395,18056.049
86,16529.42,15178.31
86,13330.989,13697.774
86,19741.312,14300.294
86,4326.0117,15225.966
86,12229.827,10402.794
86,13222.071,1516.7142
86,12117.492,1612.2845
86,8745.939,18885.457
86,16691.531,15568.497
86,16945.803,8547.253
86,7035.0835,7901.9805
86,1241.0204,13941.677
86,4835.4336,9438.984
86,15582.742,1026.5354
86,8082.01,2859.5789
86,8562.162,17536.13
86,7648.807,18344.572
86,10693.304,15052.2
86,7514.404,9201.635
86,11077.009,4862.624
86,17710.652,8840.612
86,17455.057,7052.8335
86,3109.678,8745.179
86,7068.2944,15437.365
86,1819.8822,13994.494
86,6036.65,18101.484
86,1104.153,5536.3716
86,18706.553,16179.034
86,19863.629,17289.23
86,1487.3505,16792.027
86,6533.2217,1736.0676
86,15180.511,10979.1875
86,12387.815,1255.2231
86,12969.192,42.30103
86,9567.39,13871.369
86,17534.047,10512.121
86,3689.2095,17778.795
86,10953.186,10347.747
86,1267.9147,15963.366
86,1620.9938,10929.235
86,836.9954,10293.403
86,8873.989,13589.517
86,12439.298,15925.877
86,8817.775,6508.18
86,8492.23,12455.394
86,12940.873,19113.602
86,5371.615,10573.457
86,7333.235,13373.951
86,7616.202,2981.3547
86,14457.677,6531.644
86,16319.624,15393.622
86,11127.394,9938.166
86,5401.409,2436.4739
86,6088.7896,14546.821
86,12622.995,2976.9475
86,3044.308,16910.646
86,7316.341,12699.95
86,3543.2947,8370.114
86,5413.7495,977.83545
86,5747.302,5098.373
86,7262.061,18809.365
86,15538.282,4144.918
86,5769.975,777.7607
86,1004.37897,7960.662
86,12805.693,7150.2495
86,13131.47,7598.633
86,11791.585,14932.76
86,4719.101,15075.166
86,6344.7188,14998.01
86,8219.802,5638.826
86,9161.929,9718.615
86,16080.932,17041.266
86,16475.76,45.836353
86,9118.727,11546.194
86,13116.527,8352.955
86,14314.903,10237.98
86,1052.7332,18647.457
86,4005.8994,805.1672
86,13315.704,14900.04
86,9386.197,313.74026
86,2979.802,4563.656
86,4472.672,4267.989
86,12131.408,561.7401
86,8673.984,971.007
86,1194.6412,13435.225
86,15263.891,16585.807
86,91.3767,14350.85
86,12307.971,12273.247
86,9503.614,1630.6914
86,15953.681,6213.6226
86,15521.837,17967.367
86,19628.723,11411.671
86,15911.602,14878.954
86,15568.646,58.7723
86,13878.143,18976.844
86,1772.7501,2897.947
86,19280.22,4874.6196
86,13616.023,8120.456
86,14947.771,7262.63
86,5297.7485,292.2885
86,1895.9597,11742.418
86,10743.637,16693.904
86,11985.169,10045.607
86,10714.728,11391.685
86,7535.4346,9473.909
86,3182.4675,2734.5542
86,11890.202,3702.0828
86,14730.109,12775.162
86,2109.574,12606.91
86,16742.127,7012.9907
86,11260.41,17586.025
86,2579.8762,10796.302
86,12645.38,10742.592
86,3848.4297,16202.075
86,7740.5923,19752.422
86,12023.74,9149.6
86,14192.517,14461.14
86,18323.947,12183.776
86,13572.016,10193.353
86,16914.91,12521.259
86,12822.158,16289.982
86,16584.678,12633.722
86,12981.784,14947.384
86,7785.637,10877.3955
86,7997.9355,6416.608
86,14531.375,14068.699
86,12074.414,3251.5916
86,18673.812,7827.394
86,4868.582,16173.237
86,7374.8525,4547.333
86,4122.9927,9414.929
86,16320.498,3299.5562
86,2695.3962,15350.857
87,10000.0,10000.0
87,16492.246,170.67914
87,18119.865,9217.238
87,16215.672,7805.255
87,7336.386,12875.495
87,2184.3071,12869.903
87,19607.438,16062.728
87,9739.837,7254.1416
87,8607.014,18216.328
87,18503.324,4614.612
87,5801.367,12836.525
87,6412.9185,1969.6514
87,19834.932,18838.762
87,14610.039,6697.39
87,5120.2666,214.90825
87,12869.16,11273.8
87,8704.563,14021.074
87,12634.544,10680.387
87,13140.608,5898.759
87,11826.916,11078.736
87,5057.54,13335.396
87,11351.079,14820.422
87,4508.8735,6756.984
87,2714.694,8711.401
87,4795.5596,13320.782
87,17969.74,10068.333
87,15269.124,12981.995
87,9160.174,4771.6133
87,136.27513,17158.799
87,3899.4023,1114.3219
87,16524.666,2492.671
87,9901.713,6474.883
87,6953.4478,8425.739
87,9501.316,6350.664
87,9926.794,11977.45
87,14237.144,15972.82
87,10924.053,14168.706
87,17191.979,4448.9546
87,8898.238,12838.949
87,6706.8467,1073.677
87,9025.339,12409.883
87,2245.9475,6452.997
87,8939.594,6827.598
87,8136.0596,18850.344
87,16342.691,18804.61
87,19711.387,18243.129
87,19936.729,13233.229
87,8557.83,16259.59
87,5764.595,6852.8164
87,14143.616,1948.2391
87,10907.635,9774.375
87,18684.816,6698.6807
87,14481.655,7253.4585
87,14781.328,470.57367
87,18107.78,5910.9517
87,5825.92,17184.525
87,17498.709,8819.345
87,6255.966,8129.2104
87,12348.303,79.978775
87,6488.5957,3047.5017
87,8175.407,11788.851
87,14970.622,14715.379
87,9381.775,18042.842
87,6238.211,2640.536
87,18352.809,18838.365
87,7309.691,18066.746
87,1438.3058,6699.4946
87,12605.186,4511.313
87,16356.015,4409.0596
87,14346.175,12707.216
87,19258.463,19081.67
87,19330.348,18191.355
87,6295.11,19519.432
87,7.988917,14725.585
87,17437.24,3134.0686
87,20.355902,12777.286
87,10462.819,15723.765
87,7634.202,3592.789
87,19308.172,7653.6675
87,7272.374,11970.011
87,14259.93,10570.027
87,984.89716,2392.4985
87,3386.4258,4189.824
87,133.63632,14285.912
87,10990.583,5203.322
87,18828.248,5629.359
87,6215.466,12869.548
87,9985.707,15272.91
87,3383.8613,6712.6665
87,11023.086,13455.98
87,9854.497,16501.865
87,5842.527,10197.82
87,9783.675,9594.276
87,15912.198,634.02734
87,13372.938,9530.286
87,1729.236,18567.713
87,7425.1064,1811.2426
87,17325.768,16640.979
87,15980.374,2279.7554
87,18807.875,2949.412
87,1584.4238,19432.957
87,15422.322,11415.6045
87,15449.114,16230.732
87,19605.982,17908.223
87,16079.678,4193.888
87,14952.586,3389.333
87,13225.354,1435.8982
87,10076.827,7368.0024
87,950.54486,10574.369
87,18540.795,7553.3623
87,13773.322,11890.876
87,7517.3086,8489.243
87,4662.622,10934.83
87,17170.734,18978.225
87,3066.81,10438.438
87,3727.235,14829.261
87,15990.436,14500.746
87,850.70935,18354.172
87,13848.225,2326.5203
87,17455.994,638.31323
87,7127.537,18841.14
87,9405.325,19254.756
87,648.41986,6673.089
87,3401.1875,5580.9893
87,10667.258,8870.69
87,14452.206,10210.056
87,17592.207,969.0938
87,1401.1533,18495.775
87,18553.354,3016.7773
87,14060.118,4043.9856
87,5541.539,18975.588
87,3134.2163,11948.5205
87,3561.5635,5037.956
87,19301.682,14797.287
87,6632.6177,10092.477
87,3374.5452,17912.62
87,8540.314,2821.4897
87,4761.766,5957.5073
87,11698.903,8871.648
87,2390.139,1148.9225
87,287.59024,3225.8213
87,16954.398,5614.6133
87,12980.301,17171.8
87,13637.098,10596.95
87,5394.7236,2335.0044
87,12542.818,10314.575
87,19845.627,4384.177
87,9531.094,9605.371
87,16696.09,6001.4834
87,18688.982,14375.06
87,14064.391,12389.956
87,17872.2,13900.885
87,6466.032,1190.2222
87,7591.239,8243.029
87,4107.2935,3062.9666
87,9748.666,1019.3992
87,17363.607,7587.948
87,13055.955,12823.701
87,16956.361,11798.215
87,12170.986,14970.652
87,16673.986,12188.275
87,15967.306,13255.098
87,3159.6152,15352.369
87,9582.601,4406.461
87,12774.28,4524.6216
87,13186.942,18790.443
87,14138.22,18735.27
87,6790.6494,7521.808
87,3433.4163,8582.379
87,9152.025,8128.3813
87,9806.204,7298.811
87,187.66473,6226.362
87,13625.397,6887.4004
87,10504.057,4125.1714
87,17611.213,14346.417
87,5160.308,15570.359
87,4844.464,8317.945
87,5325.5947,9662.125
87,7735.871,8939.893
87,5559.6084,16415.547
87,5899.6216,10738.505
87,1016.6456,16483.318
87,6418.7324,11906.868
87,9718.554,12468.575
87,15995.432,12533.041
87,9028.097,12188.622
87,1570.3198,16062.833
87,8068.0674,14196.6455
87,1859.407,7207.649
87,15680.294,4815.791
87,18831.812,10115.811
87,19455.64,4516.1924
87,10479.553,2112.1606
87,13306.177,3342.4924
87,3308.741,1810.978
87,17925.316,14436.642
87,6494.4263,7119.5225
87,5903.849,18995.443
87,4203.138,15252.16
87,18467.459,4704.2812
87,9660.396,16173.478
87,12784.744,2212.5718
87,15805.386,7544.3335
88,10000.0,10000.0
88,7939.67,13080.129
88,16266.56,8236.633
88,14597.841,3683.2349
88,8643.463,9432.626
88,18979.738,11050.038
88,565.083,8488.66
88,7707.9395,13530.469
88,11772.733,15905.05
88,8941.49,12174.708
88,11051.088,4823.0903
88,277.99155,9747.757
88,18698.344,5931.3276
88,1822.9225,9345.292
88,3867.97,18059.967
88,15698.538,11077.601
88,12523.639,7601.5615
88,11344.145,15431.997
88,13785.53,9958.232
88,3382.0742,3904.8916
88,6607.856,456.98895
88,14584.286,18241.11
88,505.03812,12673.089
88,8976.542,3570.98
88,6222.242,15126.7705
88,3544.6572,541.5911
88,18284.957,17587.078
88,16278.832,12496.6875
88,958.5358,16472.576
88,18663.549,6254.114
88,2222.8657,370.5993
88,10060.824,18035.967
88,7182.37,1044.533
88,419.73227,13206.269
88,16139.619,19206.137
88,8848.18,16278.28
88,6750.665,13571.371
88,3482.9158,11747.421
88,10480.291,6828.976
88,17766.998,19338.271
88,12403.583,14777.881
88,4632.9917,5166.91
88,13213.603,8827.715
88,16454.9,3668.759
88,5003.3164,3647.622
88,9885.56,9098.542
88,3825.4985,15660.483
88,4277.2236,8932.291
88,11786.044,4299.4487
88,2372.3118,10266.967
88,15416.457,19460.686
88,16266.818,10359.391
88,1872.6934,13874.381
88,19858.707,19475.264
88,14289.786,13454.223
88,16696.158,10717.282
88,6908.687,15921.642
88,9710.407,19471.402
88,9299.808,19290.658
88,863.1384,3221.8699
88,5288.8843,7514.4097
88,4477.836,19179.387
88,19523.44,14645.314
88,19750.125,12200.613
88,1818.1337,1736.253
88,275.0594,15741.724
88,2902.148,4058.2415
88,7318.678,3954.6885
88,18086.098,18200.28
88,13592.911,10511.059
88,16760.406,6790.888
88,14789.806,14762.171
88,11949.644,12436.316
88,7047.1245,12366.19
88,12204.461,15043.85
88,13239.452,15380.891
88,11551.785,17511.24
88,13438.934,17598.81
88,10351.527,2262.1716
88,6553.7773,4455.7314
88,14676.04,12153.109
88,6699.8335,18920.041
88,18099.896,2776.3008
88,2931.6162,1211.147
88,12322.973,18715.652
88,3490.6907,614.10486
88,12989.063,12040.31
88,15023.759,10301.168
88,6449.05,6389.6797
88,10593.124,3234.8599
88,3536.4258,18264.498
88,791.0868,15359.251
88,5279.673,19584.38
88,8051.854,4327.466
88,11047.209,14028.352
88,14069.32,15540.712
88,14857.569,18426.32
88,12366.413,19572.229
88,2802.544,8060.0117
88,18828.863,3743.876
88,17745.896,14693.561
88,7649.6055,18566.922
88,8322.491,6261.2793
88,14172.743,13099.698
88,15708.44,7321.587
88,13420.401,3084.0054
88,18533.658,5409.332
88,5444.4624,10165.544
88,17030.479,11226.789
88,9422.561,3912.9495
88,14110.023,7537.156
88,2212.8516,8437.973
88,18643.62,1154.0026
88,7836.933,102.76206
88,3595.9036,13840.416
88,19719.236,2938.7947
88,3841.168,7471.3643
88,9502.131,8914.349
88,1731.8513,19689.453
88,1375.9657,9823.303
88,14478.365,17312.998
88,16545.78,3916.5059
88,13407.0205,12404.023
88,13537.394,9541.382
88,15770.997,19324.217
88,7634.9175,433.1288
88,18099.094,18109.67
88,1390.228,6440.988
88,18518.902,1050.9156
88,6419.8096,2792.3735
88,11311.799,3898.754
88,14646.924,7599.486
88,16906.033,753.1953
88,12014.827,17982.732
88,13118.929,10012.798
88,2304.996,8258.651
88,16521.639,13620.073
88,19129.172,17111.643
88,8081.4204,18318.29
88,1134.0865,1697.3184
88,19040.203,8502.029
88,8464.343,15580.078
88,14545.3955,8627.715
88,9792.997,16823.234
88,1117.3513,7534.79
88,8495.618,4074.7036
88,11834.77,7061.706
88,16294.704,1629.0197
88,7824.334,8874.573
88,5543.837,3614.7217
88,14925.826,6209.9395
88,16885.436,4109.737
88,5103.9165,9543.99
88,19726.967,3221.3286
88,18607.39,12426.163
88,5096.419,12835.686
88,10247.191,13616.88
88,6151.5815,18550.816
88,9701.228,18213.94
88,14051.592,12229.736
88,6017.737,11892.237
88,18447.678,16634.148
88,2889.393,10714.53
88,11479.661,15790.416
88,12474.18,1428.8271
88,19940.188,3597.3428
88,5492.1343,9324.425
88,18608.45,5878.9575
88,6453.458,7953.533
88,1510.7501,17377.598
88,1695.2036,9094.509
88,7960.505,11406.267
88,11000.438,14490.958
88,17452.27,15347.486
88,3325.8083,12840.6875
88,10965.061,12536.116
88,15902.143,8211.428
88,6923.6772,5994.875
88,4877.726,6770.685
88,19380.273,4277.8887
88,4186.9326,8025.662
88,9365.1455,15125.394
88,18299.621,10651.686
88,11374.639,7432.4995
88,14791.986,6992.62
88,6331.765,16036.406
88,13840.853,5653.8965
88,8216.906,403.34546
88,18428.926,12927.733
88,2746.1038,2805.4382
88,16278.427,14340.869
88,17213.287,5364.1357
88,15791.6875,6137.5923
88,17074.57,15554.054
88,6594.4893,12127.564
88,18512.414,10567.874
88,15134.292,18742.02
88,10564.229,6192.0176
88,5690.4443,8189.854
88,13459.39,10093.496
88,4628.155,2523.6223
88,5864.5527,2832.9202
88,2826.0293,19776.986
88,6483.2173,9396.904
88,1588.9252,5552.0137
88,8261.048,134.77045
88,11214.256,12160.475
88,10084.859,10744.385
88,8287.837,5178.3706
88,2621.4119,4287.528
88,6845.3726,10983.342
88,1082.7946,1145.1584
88,6859.9644,16421.256
88,15053.59,7846.0933
88,5728.051,8765.614
88,15821.403,7886.295
88,5923.145,2636.9568
89,10000.0,10000.0
89,3035.2153,11745.105
89,9483.308,17730.668
89,7262.234,837.72156
89,12879.041,12792.837
89,18541.27,5686.341
89,8868.476,5882.1973
89,3931.0452,13107.53
89,2171.5713,13465.098
89,9682.278,18267.447
89,677.35895,12533.945
89,17135.033,17186.166
89,5315.803,17516.525
89,18485.752,4558.3647
89,5247.8145,7269.057
89,9065.104,18174.234
89,13634.752,17289.613
89,2838.1462,19643.988
89,6068.9707,2.363582
89,18782.896,16180.9795
89,14759.879,19605.0
89,14338.887,19513.105
89,16354.977,8619.367
89,6459.0703,16140.687
89,7121.8525,12417.596
89,8401.477,8309.558
89,18648.805,12111.575
89,9611.686,16175.224
89,8979.654,17039.447
89,6361.769,13514.109
89,15211.089,5539.645
89,10415.701,14321.17
89,3882.096,5515.258
89,14270.248,5936.714
89,350.07065,7430.855
89,3811.5095,1710.9933
89,12759.583,16420.615
89,13183.765,19010.164
89,11630.942,13565.51
89,15428.519,14085.309
89,8740.64,18409.004
89,6237.8496,8022.3945
89,7000.433,13796.993
89,17031.725,6584.796
89,19902.238,16357.815
89,18208.686,983.8729
89,9027.755,15398.668
89,5404.003,9479.297
89,15020.87,14087.705
89,9661.982,8771.347
89,19462.338,2653.576
89,5476.611,17485.043
89,19616.445,16177.882
89,11138.215,8696.933
89,5893.423,19725.807
89,17167.746,10883.325
89,2668.7937,12942.515
89,2893.2905,18092.621
89,5784.3486,3646.8953
89,19905.715,9920.905
89,12084.291,3965.2249
89,3865.9675,5470.487
89,2066.8025,18744.1
89,5568.9473,19390.986
89,6006.489,17706.025
89,12099.375,17880.943
89,16529.936,6876.2075
89,10463.759,19349.04
89,11596.65,10724.048
89,18299.586,10868.895
89,8894.491,8512.052
89,11114.756,11015.016
89,5962.9346,17152.018
89,2299.526,11474.44
89,9450.645,16766.162
89,7720.2676,1019.1349
89,8128.375,15879.819
89,4325.174,7652.778
89,403.64505,7017.0425
89,9921.04,6814.124
89,16721.55,19068.217
89,2473.6218,3780.489
89,3879.7585,418.78162
89,18931.453,14164.467
89,18733.424,13668.846
89,11572.274,18241.445
89,16094.865,15296.732
89,15153.961,18578.105
89,1054.672,15558.771
89,10884.949,13837.076
89,17744.486,18603.129
89,2989.7334,15594.171
89,12945.779,10179.569
89,9584.852,16662.764
89,15670.944,9379.508
89,17387.967,6151.116
89,12480.187,5909.0273
89,8531.14,8217.157
89,845.275,8565.79
89,784.7717,7503.825
89,8674.193,7945.9834
89,16842.814,508.85532
89,15681.054,8073.8843
89,5093.9854,13347.399
89,18009.803,14692.627
89,12805.385,12807.981
89,9842.954,4295.997
89,11264.226,15859.105
89,3520.7517,6450.0854
89,289.76587,2641.7092
89,1353.542,11364.466
89,5222.458,10963.413
89,7759.2285,2580.4072
89,5834.014,10281.831
89,10445.483,8791.274
89,5380.2173,11079.393
89,10598.425,6299.515
89,5625.0933,7907.9487
89,14221.627,11286.519
89,3470.3071,3822.463
89,18751.17,15088.96
89,5402.617,2068.745
89,8194.504,3023.5715
89,17325.037,9034.745
89,11081.125,16907.664
89,15849.718,4676.548
89,279.05975,19389.484
89,19135.691,702.61456
89,7254.9272,16694.266
89,12489.862,4790.3354
89,16371.758,12733.774
89,9319.564,1264.8191
89,9042.067,19314.895
89,3338.4775,11453.062
89,8971.3125,1892.1761
89,7666.314,15050.659
89,11796.969,13685.977
89,10269.505,13081.515
89,4131.8926,13060.189
89,11805.876,2304.9785
89,4127.098,5042.375
89,12745.401,4970.609
89,17401.896,8049.0073
89,1017.56024,11089.381
89,5390.0103,13135.976
89,13396.987,2860.5212
89,3653.3538,2471.5068
89,13637.259,15601.1045
89,18400.463,17110.55
89,1533.566,7132.0063
89,2702.799,17655.01
89,7892.1655,17937.412
89,6209.0796,17501.55
89,7449.737,3488.588
89,7125.209,10605.749
89,17557.014,8116.828
89,12736.7295,10884.618
89,15602.867,7002.6675
89,5678.7617,510.16235
89,3579.226,10124.619
89,465.02692,14846.981
89,19102.299,13959.289
89,184.0882,13685.393
89,19115.738,19932.004
89,12611.962,11020.298
89,8791.686,6862.0674
89,5810.345,2650.885
89,8665.108,13103.482
89,16283.708,4112.494
89,15835.74,3469.523
89,14193.229,521.2164
89,9569.921,17239.365
89,19378.498,16671.93
89,7238.4707,5716.9976
89,14090.352,2545.041
89,1452.4729,17138.414
89,7792.1553,6059.1465
89,5013.5054,4045.3699
89,3547.6936,15230.196
89,11925.446,15985.916
89,10959.206,16511.047
89,568.8829,18019.39
89,8244.641,16376.119
89,2173.3464,18546.746
89,11311.694,2039.7373
89,18030.588,9612.43
89,9292.872,5118.6777
89,19586.738,8315.074
89,17579.094,17509.574
90,10000.0,10000.0
90,228.01851,7379.0337
90,8408.738,15894.075
90,1922.2886,1416.2548
90,3983.1636,1748.4442
90,6788.7397,17461.293
90,11497.209,10699.674
90,6839.708,8078.649
90,2734.246,8841.545
90,9002.029,13072.557
90,18318.496,4947.0522
90,1849.5348,1334.1102
90,18408.031,14929.263
90,15448.106,3144.0466
90,13418.361,18657.842
90,15226.603,4715.252
90,15113.406,17292.299
90,12672.757,9436.405
90,9201.379,6021.3613
90,8998.941,12696.17
90,3440.8823,12760.985
90,3580.703,19771.5
90,854.02765,19331.01
90,13621.718,13498.99
90,13390.981,2822.3264
90,13528.42,10731.896
90,2574.585,4918.966
90,5549.9194,9128.286
90,1843.0771,13375.3955
90,17019.15,18510.852
90,3629.4656,10533.572
90,1418.4978,4373.7056
90,7402.7437,11291.683
90,954.5903,8592.626
90,19565.02,16790.857
90,8763.675,13450.712
90,1373.3604,4552.2153
90,17944.432,12755.829
90,15285.217,8295.947
90,1477.0695,1748.1124
90,1273.225,12664.123
90,410.55817,15890.868
90,4696.877,565.1604
90,280.12747,1741.8951
90,19792.229,2506.3713
90,3933.075,9032.337
90,2520.206,15636.446
90,19447.965,9457.962
90,15368.819,1065.4478
90,16771.877,12688.848
90,2125.8594,14261.673
90,12733.879,2689.8076
90,4519.9585,7747.5835
90,8304.382,4298.008
90,5688.0186,1870.9739
90,6764.647,2067.6746
90,4572.2935,5239.053
90,11229.5205,17353.734
90,9074.937,4265.989
90,13721.443,557.97546
90,3944.3357,3593.5833
90,4272.556,9505.061
90,19143.508,3984.543
90,9150.068,17744.268
90,1547.0803,13681.432
90,5443.0293,8413.339
90,11257.267,17086.533
90,962.02313,10361.149
90,14912.09,5446.493
90,13119.47,16736.361
90,19960.168,17136.057
90,17838.125,17563.422
90,437.04385,16700.91
90,18118.783,4361.081
90,865.6479,2095.465
90,5495.8257,12162.245
90,6572.948,19538.074
90,15476.63,8934.101
90,5492.714,17830.738
90,5486.374,9565.697
90,5175.465,16416.64
90,5884.972,11255.923
90,13737.746,17689.09
90,5505.5757,564.6516
90,12881.398,4713.6445
90,6297.0425,17394.29
90,9737.542,11405.64
90,12239.366,19055.814
90,4482.5444,17982.623
90,9078.438,1028.523
90,9955.352,14785.894
90,10540.974,124.38914
90,14313.499,17055.896
90,11393.103,9115.421
90,11926.283,14116.057
90,15704.587,17624.309
90,19897.043,15910.775
90,19295.611,15979.572
90,1287.359,3871.1428
90,2701.9812,7829.758
90,11025.218,9428.257
90,13152.811,18605.633
90,10363.951,6909.4688
90,12641.845,19240.418
90,18027.162,10308.002
90,9689.218,1063.0227
90,14499.676,12449.54
90,1438.5548,6314.674
90,15701.509,5440.437
90,10027.973,6820.584
90,8358.167,9529.043
90,15724.096,2520.0664
90,7022.1313,19889.824
90,9353.46,18165.71
90,3880.6257,5333.7876
90,14088.539,2953.6956
90,15191.525,1067.823
90,18695.191,5255.0557
90,12168.244,771.47534
90,1905.9069,8539.607
90,13977.774,16830.996
90,18634.562,2810.8484
90,4988.9844,6571.3345
90,5104.593,7694.1587
90,998.1141,18638.385
90,8481.366,5826.851
90,14514.829,14855.414
90,13899.303,17974.379
90,6682.1953,18599.502
90,16992.928,2135.06
90,19399.875,1525.522
90,14357.239,19127.906
90,17930.701,18307.434
90,6960.842,11547.106
90,1739.3883,19004.502
90,11873.412,4376.3745
90,4635.7554,17079.143
90,579.8409,841.3561
90,10055.395,7705.746
90,6866.047,18805.447
90,510.5956,15875.056
90,17204.215,18990.764
90,11983.837,16561.67
90,3299.733,4000.7358
90,8789.446,19118.03
90,10066.191,11351.153
90,14113.033,19352.59
90,9654.678,18334.85
90,13846.539,17447.176
90,9242.884,9402.126
90,13696.953,11490.098
90,16311.014,12319.027
90,8916.403,12295.038
90,1649.6437,12678.773
90,14546.337,17786.684
90,10563.431,10962.106
90,1465.3282,17914.127
90,5724.741,7287.8306
90,10320.959,5217.089
90,1531.9896,2662.146
90,12518.909,2909.9844
90,18893.47,2339.4258
90,205.59251,2605.2505
90,2534.2346,16475.629
90,2151.7231,19457.91
90,860.494,19440.127
90,17758.51,8040.5054
90,2142.2383,6080.8877
90,12937.415,3481.3547
90,13229.899,13225.739
90,876.2942,12023.448
90,3964.4065,17255.266
90,7078.372,8315.908
90,221.47789,18774.703
90,4417.6934,6654.606
90,2558.8127,9364.306
90,4949.042,16859.652
90,18880.176,1216.4188
90,14438.355,18223.459
90,16618.48,2462.5918
90,9476.754,18173.691
90,8307.783,2612.8684
90,4628.9766,17461.04
90,11984.65,8487.499
90,9278.545,9474.564
90,2409.1882,17211.984
90,10920.6045,8759.798
90,11966.815,15793.45
90,6108.956,2761.8198
90,16811.096,15629.59
90,8820.078,10125.278
90,13253.591,8376.923
90,7830.8057,6676.9683
90,10635.338,9190.518
90,18648.77,7477.573
90,2933.7234,16933.223
90,10225.431,19912.072
90,11911.664,16355.108
90,15946.258,12815.671
90,15926.707,14531.113
90,15917.786,6807.0903
90,9328.457,10384.067
90,1854.812,13763.931
90,17273.84,8280.166
90,14435.158,2553.1946
90,8512.003,6113.3535
90,6863.1123,17479.125
90,10394.604,2271.5925
90,6066.137,4763.247
90,15847.53,12053.733
90,14572.774,7949.9565
90,18261.932,10020.935
90,8881.202,19803.934
90,17619.123,3783.355
90,12750.405,9413.932
90,15260.02,5583.4126
90,3048.0188,10929.273
90,1629.3447,16845.623
90,4138.5415,1484.2576
91,10000.0,10000.0
91,4097.156,4317.529
91,12641.942,5000.7363
91,12613.991,19009.148
91,253.20906,19285.533
91,2751.3706,15925.75
91,939.2176,6402.838
91,3949.3562,1546.2968
91,5643.37,6195.6465
91,15435.478,14891.242
91,9588.829,12037.815
91,7309.813,8195.3955
91,4747.5786,3315.8481
91,15250.499,4635.2373
91,14814.246,3990.447
91,1315.3616,11224.894
91,9677.367,7370.778
91,1929.9176,18444.139
91,15633.594,1029.9092
91,5949.808,8767.387
91,18387.6,17703.797
91,4008.9927,2529.2795
91,7371.825,8886.369
91,6953.428,6041.066
91,5685.8726,14343.757
91,5356.938,1694.6141
91,10550.536,6420.654
91,8256.86,4053.6958
91,10605.212,2845.9646
91,2160.828,18157.283
91,3103.4067,1076.2909
91,8611.215,18217.35
91,18748.734,4384.729
91,15666.866,14754.082
91,19456.986,7209.0713
91,5787.8975,16354.233
91,13305.097,3106.5093
91,6010.1807,10394.205
91,13579.316,19971.916
91,14709.995,11604.908
91,15551.808,6699.2065
91,6189.7515,6110.403
91,8793.989,19374.598
91,9796.411,8117.736
91,12592.249,13497.638
91,17522.447,11247.219
91,11234.5,6277.188
91,4689.572,134.57863
91,281.6952,16988.842
91,8913.115,1680.1449
91,15488.371,3574.014
91,11724.247,18975.123
91,11415.206,2171.5051
91,2713.5452,7352.5933
91,5261.3184,8274.62
91,77.966896,15596.42
91,1122.8107,17018.59
91,19369.652,3042.8894
91,3094.1548,15557.669
91,1216.9229,11395.853
91,19163.79,10061.977
91,19348.768,11878.639
91,9298.487,5888.8687
91,11014.395,8914.888
91,12027.795,5229.9785
91,6429.019,17473.904
91,8167.337,5792.386
91,7623.9414,10506.133
91,2788.8616,10263.49
91,1710.9402,5877.675
91,4793.8096,10396.701
91,13877.747,6529.2344
91,16554.576,7729.5312
91,1599.6792,483.92468
91,19992.938,14978.266
91,5390.937,15254.515
91,3894.9656,14035.41
91,9502.507,13957.726
91,12417.312,2784.4846
91,10537.196,2240.399
91,17233.57,12036.445
91,8315.984,8252.132
91,7346.7783,14162.876
91,6802.285,7420.472
91,7201.4746,11506.027
91,14804.352,10454.86
91,14249.855,14119.928
91,1072.4866,500.6792
91,15.353014,4568.8135
91,409.73688,1258.8008
91,7333.4443,1813.9526
91,18825.094,11201.106
91,5318.5566,16178.341
91,13595.55,9882.985
91,9912.412,10338.47
91,11497.743,2074.465
91,12495.059,19923.072
91,18671.14,1194.0101
91,9580.558,2337.0447
91,6723.4287,7216.127
91,11244.285,1325.4708
91,11539.71,497.40594
91,4462.8354,9014.041
91,6022.749,18698.902
91,2863.7495,16796.418
91,8707.56,19234.125
91,15932.682,12497.119
91,6604.9434,14365.058
91,8707.958,521.67975
91,4780.9307,17224.895
91,4519.0107,19275.684
91,14663.754,1994.1178
91,4387.779,4833.3525
91,13146.767,2663.6487
91,13003.379,19433.695
91,15717.119,1093.3915
91,2666.545,2559.116
91,12465.969,6271.191
91,1557.0658,13895.277
91,11765.376,14669.066
91,9208.159,5410.1245
91,1070.6346,7986.4653
91,14489.014,15818.011
91,16144.914,5459.407
91,5915.336,18680.45
91,5441.4463,13264.331
91,17435.701,7891.2227
91,2836.1035,6642.66
91,1977.2463,48.623158
91,16602.537,14441.786
91,17574.314,9449.903
91,8180.9,17836.871
91,3608.5332,15146.132
91,9765.913,715.7684
91,11150.407,7895.4277
91,18190.43,5414.3657
91,1018.45905,11467.188
91,19067.627,9956.502
91,19252.9,10225.119
91,950.7001,15152.582
91,15544.339,8053.59
91,12078.547,9690.236
91,7930.9106,1467.389
91,16094.298,3905.9475
91,16261.6045,18885.047
91,3107.6587,4143.895
91,2116.5054,5950.7607
91,1007.9354,5408.9224
91,15967.695,18405.773
91,17462.637,18372.387
91,12246.498,3779.7805
91,12758.999,11156.13
91,16402.98,10646.906
91,6630.6787,17881.453
91,10172.518,42.861507
91,12220.384,14473.785
91,15738.642,19995.965
91,6471.005,1272.813
91,27.709827,3291.8206
91,15665.977,12096.194
91,18689.336,19718.213
91,13834.779,13613.22
91,17387.709,10696.807
91,7490.5435,13829.236
91,9972.661,7592.552
91,19491.514,16292.098
91,14586.279,13880.563
91,11053.004,1436.3707
91,18862.465,18838.346
91,19087.658,17952.371
91,16292.4375,15881.393
91,7291.971,19346.28
91,5252.464,8419.805
91,15979.67,1623.7101
91,15969.233,16908.693
91,12695.985,3377.77
91,12909.405,5207.1343
91,17206.014,16388.107
91,14038.953,1821.1814
91,2503.272,9883.351
91,11928.443,13926.148
91,3744.9392,17186.629
91,12340.186,16793.967
91,14310.492,6271.056
91,16605.984,7919.665
91,929.73566,15483.476
91,6984.185,15037.999
91,13260.862,13704.708
91,16672.004,8689.262
91,12258.138,2877.7295
91,3682.2275,12325.33
91,5875.645,15289.111
91,13860.913,13590.076
91,7969.559,1713.8412
91,16684.604,15172.097
91,7223.5347,10352.814
91,10315.821,581.4066
91,9977.832,16097.319
91,16339.5205,10738.374
91,6396.7964,4317.197
91,9473.622,526.7677
92,10000.0,10000.0
92,15588.198,127.05876
92,3084.5403,12014.675
92,10286.086,4451.485
92,13813.66,164.75879
92,14727.49,5494.1504
92,11711.521,14129.4795
92,15439.834,12197.9795
92,7757.8975,5979.2246
92,2228.4746,10830.175
92,4744.529,8978.499
92,286.03012,13817.985
92,1102.735,7949.56
92,16257.12,10002.275
92,16978.775,15222.45
92,602.34283,18198.527
92,7023.216,4465.391
92,11492.039,14514.42
92,8063.0015,14769.071
92,9966.919,11768.599
92,5251.771,745.33276
92,11407.852,16783.541
92,6782.4307,9164.362
92,17331.834,2557.837
92,17969.81,71.56622
92,31.950796,15341.45
92,4488.2056,8960.921
92,13288.095,19250.771
92,8171.94,12764.017
92,5211.2837,4240.155
92,6222.2646,18073.291
92,7343.5913,19214.416
92,13523.688,1098.154
92,15117.901,4903.6655
92,16470.65,10530.421
92,11575.439,7478.5854
92,2267.4446,10497.874
92,7464.763,9201.935
92,17105.627,2804.8765
92,14251.585,15584.335
92,5925.5127,6859.7803
92,17963.91,10936.709
92,13823.247,9623.077
92,5121.97,1434.9218
92,6257.8667,8117.9106
92,170.06573,13186.609
92,3168.2354,17037.701
92,958.2267,11784.928
92,13424.957,2096.4575
92,18535.607,19536.63
92,8810.562,3320.2146
92,16917.738,19808.23
92,9666.253,892.4256
92,12467.753,16662.996
92,11419.564,18209.52
92,17938.275,19914.865
92,6563.994,2871.8826
92,11891.33,5459.365
92,16901.08,10380.487
92,11541.492,6127.652
92,19558.963,12090.909
92,19011.633,3152.9868
92,19322.26,295.22858
92,2955.6135,7778.2607
92,11530.239,10900.331
92,1801.1974,6164.135
92,3954.7026,2007.1663
92,13993.299,19651.803
92,5303.683,1877.8534
92,11756.045,11010.004
92,16396.318,7097.889
92,7875.862,5265.496
92,5925.372,9956.075
92,7928.9844,3055.1099
92,16594.297,10091.992
92,8874.302,1932.1326
92,3030.5073,14094.575
92,15895.091,926.91797
92,7927.4736,15477.409
92,13722.605,4070.3455
92,6667.0205,10871.754
92,345.97028,6828.686
92,12095.775,13325.142
92,17737.537,17986.83
92,2020.1288,15192.036
92,18423.088,3980.7646
92,12893.192,17397.451
92,18482.705,4036.8608
92,8832.289,8458.537
92,1722.7018,12494.406
92,14875.529,9829.583
92,11909.818,12301.894
92,14059.295,2875.5098
92,14533.893,16316.621
92,13169.276,2510.938
92,19420.303,5843.0894
92,15844.393,16379.669
92,9859.553,7301.415
92,8639.221,16970.912
92,827.2179,16113.874
92,9456.713,18699.23
92,3972.9937,19111.848
92,13482.325,11618.2705
92,17235.592,2115.339
92,3871.3975,11760.595
92,6026.061,1465.706
92,13413.469,10375.205
92,15756.105,18768.746
92,12148.888,18071.652
92,5429.4106,11126.911
92,12039.984,8137.568
92,317.54053,10907.628
92,7735.06,10459.788
92,2491.129,12717.523
92,7342.6987,14711.231
92,8529.286,7473.7427
92,413.25745,8614.858
92,6548.6606,5738.036
92,18648.379,4409.558
92,11175.43,2232.3682
92,5287.521,7373.3916
92,13633.198,17069.818
92,17080.266,13593.647
92,11924.567,12148.745
92,8893.1875,16031.445
92,14991.914,14552.717
92,15446.856,16337.393
92,8524.704,13918.723
92,1065.4009,4441.3228
92,15643.771,1260.4524
92,16007.241,2551.687
92,18590.016,12984.019
92,13558.351,3183.2153
92,10761.572,16673.99
92,12855.716,14836.492
92,10089.218,11623.369
92,10824.811,5248.927
92,2806.0896,9633.955
92,402.87314,18294.516
92,3455.3337,11290.262
92,8304.413,17224.54
92,15214.167,6571.0464
92,10627.463,12575.077
92,19105.178,2269.253
92,12182.434,15978.028
92,13587.547,15870.08
92,11818.865,19930.68
92,16887.15,2963.2214
92,12501.228,7354.12
92,14465.012,3069.5647
92,12593.611,15351.398
92,11073.911,10414.431
92,10149.268,5513.2275
92,3795.7603,10843.697
92,1556.6677,5692.508
92,5268.6787,13895.502
92,13913.764,14999.751
92,11469.806,1109.0709
92,14666.029,15122.068
92,18127.678,11080.987
92,11093.051,3726.2827
92,16133.588,2589.7153
92,3268.6829,13829.74
92,15739.798,1998.8351
92,9306.632,3838.9622
92,11991.396,1872.1786
92,3775.206,7282.256
92,10702.307,8941.95
92,16772.834,9423.457
92,17796.832,19665.969
92,13923.533,8796.729
92,19967.28,206.74834
92,13057.543,12953.483
92,4369.458,19447.893
92,6588.608,19834.547
92,16419.77,12136.717
92,13069.866,6300.423
92,7222.6313,14512.998
92,8235.471,11866.249
92,15127.727,5052.9556
92,668.4734,12231.392
92,5301.3857,12640.717
92,1140.3308,11607.604
92,5158.241,14442.688
92,18397.723,3961.1355
92,15410.033,9448.248
92,18926.914,19397.605
92,18600.537,1507.7753
92,16778.605,12854.731
92,18945.521,19956.25
92,11535.413,2904.3176
92,2789.1157,1112.2256
92,4670.412,10848.106
92,6225.5566,19742.562
92,750.14374,17098.457
92,13377.164,1176.9199
92,18678.988,11589.32
92,17618.031,9926.875
92,14883.348,18443.426
92,15231.119,19015.043
92,19678.145,1299.7457
92,1963.7797,13387.586
92,16851.299,19614.375
92,11674.997,10576.415
92,1599.9077,12070.106
92,17048.074,15491.451
92,17445.75,9496.237
92,7485.637,10236.604
92,7081.2925,3163.7068
92,19056.969,19088.287
93,10000.0,10000.0
93,10610.27,6235.6235
93,11735.797,8421.772
93,15203.216,10441.856
93,18806.318,1203.2913
93,8164.3247,492.37665
93,19256.541,8339.258
93,10615.332,8725.862
93,5545.089,13867.046
93,11051.536,14431.784
93,2495.6704,12274.862
93,12014.528,2675.5994
93,10118.857,2271.2917
93,10195.985,11374.695
93,10414.68,16207.914
93,11752.366,8033.2886
93,5411.9224,8552.335
93,1665.8698,15611.611
93,19608.277,14187.775
93,19364.691,8145.7505
93,579.74817,5657.334
93,9465.185,8610.002
93,10681.581,4591.6416
93,19833.318,2707.9004
93,10570.563,15881.406
93,15919.876,3394.3792
93,19912.832,2965.2815
93,17484.402,11431.338
93,15503.512,9215.438
93,9522.841,19409.145
93,5248.7905,8733.68
93,7278.214,16.94984
93,12438.079,16739.105
93,7638.535,3952.503
93,8615.975,4442.8506
93,1051.1127,9146.313
93,10149.177,16755.754
93,3170.741,10578.944
93,5592.586,8137.817
93,12730.556,1289.4915
93,9906.1875,17546.648
93,8010.918,4103.9087
93,2600.1602,10983.416
93,14210.7295,15056.6875
93,8088.9995,5142.3696
93,19377.361,11822.876
93,19757.584,10613.907
93,7048.229,7041.0215
93,6917.9565,11252.136
93,2605.7463,16009.037
93,3342.6628,5321.7114
93,8415.998,11708.535
93,4396.392,2123.7078
93,13812.222,4376.025
93,19648.625,3279.2046
93,11011.761,16680.922
93,14672.089,13500.19
93,17818.385,17140.336
93,18772.342,1149.1448
93,7208.817,8925.773
93,353.94263,12925.365
93,4634.3384,7369.456
93,680.4095,8554.689
93,11345.08,12847.006
93,89.70807,18527.85
93,264.01144,3155.004
93,13730.42,12020.967
93,6095.227,13297.16
93,17778.709,15241.871
93,6697.217,16663.52
93,13943.887,7012.009
93,2165.7773,8610.093
93,3581.0452,9129.675
93,17383.465,19650.355
93,5872.402,15441.873
93,2825.1067,5858.724
93,3044.5217,12869.504
93,13344.86,17585.48
93,18359.658,18863.342
93,4770.82,8799.398
93,15572.651,15651.252
93,4377.556,10422.132
93,14822.633,17958.865
93,4613.1953,274.57678
93,7600.461,13072.433
93,9242.6455,11819.402
93,9458.212,6636.0264
93,9859.649,7762.5684
93,14015.947,17783.379
93,10818.203,11193.692
93,4196.4624,9177.81
93,3202.5583,14934.033
93,11589.57,2376.538
93,13521.704,15734.833
93,18567.303,1622.5743
93,6572.3477,7668.159
93,11310.246,227.07254
93,13685.219,16524.838
93,17461.93,3234.6052
93,15730.029,15408.919
93,9257.044,554.5068
93,7350.6016,10543.021
93,17553.447,13411.58
93,17405.096,6824.443
93,19668.371,4535.7817
93,16843.617,4988.5195
93,9627.658,17453.566
93,11823.607,4827.327
93,2237.1433,19994.768
93,17340.488,1106.61
93,2979.9739,16549.549
93,18836.771,15996.963
93,9366.083,4871.878
93,16244.449,13976.343
93,13033.361,12214.316
93,5375.0986,4959.091
93,5737.1113,4155.764
93,222.92265,15685.119
93,10562.8955,11332.278
93,11660.611,2569.8096
93,14283.632,3318.5842
93,9702.983,14911.758
93,3613.3599,6428.0903
93,19785.719,13757.545
93,19062.943,6934.01
93,4244.2227,9056.5625
93,3627.4333,2804.807
93,7567.401,18207.297
93,10618.472,4067.0864
93,5151.333,12144.109
93,19729.244,15217.448
93,3904.679,18181.908
93,1283.8005,6330.101
93,2102.507,18756.346
93,18457.25,4454.2256
93,741.1836,13654.545
93,845.971,19118.213
93,17860.68,1885.3339
93,9961.602,11324.848
93,19273.207,14452.754
93,18478.648,12375.153
93,6452.7017,17592.88
93,256.06345,2784.9092
93,6520.325,11473.489
93,6504.1523,5289.879
93,9382.17,19330.02
93,4289.694,13160.182
93,5677.449,13258.498
93,7032.284,17485.818
93,4375.829,2920.2393
93,16801.135,5730.3574
93,15003.543,8378.334
93,67.08158,1840.0331
93,6864.9897,11765.993
93,16828.607,4446.9834
93,10289.073,551.6602
93,577.9031,19734.102
93,3429.608,4567.604
93,15816.578,16007.925
93,5507.169,19061.932
93,15922.774,2839.8508
93,19539.734,1952.1545
93,17272.105,14504.522
93,5345.966,7133.3506
93,18799.04,5443.665
93,13379.128,17321.291
93,9129.977,14668.145
93,15039.236,17687.637
93,8268.006,11857.047
93,11222.151,16235.475
93,6029.1343,7268.48
93,19280.572,17668.99
93,8808.77,9422.88
93,7356.948,13835.314
93,1799.7189,11898.72
93,15947.538,4396.001
93,13162.562,524.74347
93,659.7412,9913.724
93,7569.002,2315.057
93,12084.304,11155.444
93,9173.099,12433.49
93,15329.725,14961.93
93,16687.09,4203.4854
93,9504.58,9896.661
93,12123.558,16218.749
93,8077.046,13515.5
93,13321.85,12449.994
93,6173.19,648.6099
93,13946.334,13825.619
93,10476.314,6247.5303
94,10000.0,10000.0
94,10107.915,8361.823
94,19998.521,53.869236
94,5589.467,2341.012
94,3328.1865,2193.313
94,19216.844,14793.014
94,1264.1346,7619.391
94,6646.6533,11452.917
94,19307.896,17392.232
94,16959.314,17098.654
94,19657.371,19884.154
94,14481.055,9010.214
94,3756.6797,19637.658
94,3434.59,2380.1848
94,3992.852,3979.126
94,17516.123,5874.5215
94,10293.142,1637.9261
94,5956.3486,8471.67
94,1414.2653,15731.962
94,12388.742,8224.919
94,5679.2627,8849.492
94,16746.453,2558.4539
94,996.00653,14507.815
94,9683.203,56.261395
94,17943.584,486.6025
94,12087.5625,19944.053
94,8161.809,4636.916
94,5085.404,3921.4011
94,4888.9414,13251.076
94,5513.833,4887.3403
94,9186.804,9209.353
94,19257.773,16584.021
94,6831.7217,10183.612
94,13048.461,19305.416
94,16330.431,17805.107
94,11851.078,11124.152
94,16935.39,8464.992
94,7058.5693,17691.357
94,7935.2676,3360.947
94,15665.885,15974.012
94,14342.503,10374.704
94,1370.4229,18216.828
94,3475.0688,3691.6387
94,14734.397,4382.613
94,10468.846,6910.05
94,7173.0547,5075.4907
94,17718.88,13413.79
94,251.73924,16765.496
94,14583.867,11689.876
94,6832.469,10733.668
94,15673.723,14304.945
94,19777.773,6031.394
94,5236.7344,6495.324
94,7333.315,5824.204
94,8851.809,149.67232
94,10335.657,6550.531
94,13088.669,13648.547
94,10462.666,6137.458
94,13510.435,3487.898
94,6898.6875,11717.804
94,7330.117,11203.03
94,11083.522,10157.528
94,16075.321,4492.304
94,9270.301,8480.163
94,16866.213,3133.2349
94,11128.957,19765.854
94,19648.238,2258.8894
94,12314.349,2308.9836
94,2553.2422,11121.318
94,18066.275,16700.791
94,9596.41,4217.223
94,15634.536,8029.3477
94,19907.64,19787.773
94,4421.0005,5290.0737
94,11424.204,7626.5376
94,9716.916,15164.176
94,1970.6964,17492.393
94,11920.89,13348.164
94,17861.928,7978.027
94,9201.791,14903.892
94,9912.281,3499.3494
94,15150.646,18496.277
94,992.1489,15582.941
94,2944.911,4370.666
94,19937.605,2425.8064
94,19698.09,12898.108
94,6351.49,13653.193
94,18051.373,7165.4595
94,17445.367,13832.287
94,4827.101,11258.918
94,3661.7559,15225.4
94,17822.834,7110.32
94,18893.418,12510.53
94,19498.861,10770.395
94,15090.736,1706.6432
94,6925.3164,15996.799
94,7151.5684,5696.336
94,4162.205,7258.284
94,17072.998,15699.2705
94,12140.192,10108.577
94,9440.05,5279.6797
94,5465.9727,3087.2966
94,16847.518,15027.712
94,5154.738,13647.597
94,18209.373,476.3682
94,5799.1826,12684.077
94,4383.723,8725.806
94,15517.0205,17047.709
94,10244.657,400.27554
94,11050.822,5056.216
94,10612.899,6836.0596
94,13044.555,11444.913
94,2096.9934,17420.908
94,6794.8013,18432.992
94,15312.759,3420.5872
94,12979.859,14345.891
94,6672.795,9808.617
94,14537.36,16683.7
94,12161.95,15981.163
94,1116.085,5711.849
94,15541.298,14408.104
94,13062.529,18191.71
94,9313.896,3854.9905
94,6481.003,2015.7173
94,9269.554,10073.954
94,12172.215,12057.771
94,12190.564,14913.056
94,9764.834,5923.0903
94,19719.8,18068.268
94,11230.66,19360.705
94,13610.044,48.9496
94,4960.0747,17908.654
94,7369.2163,7740.166
94,6375.37,6386.016
94,2848.0076,13256.453
94,2463.9229,3160.6934
94,12209.2705,14904.229
94,10866.63,5070.3696
94,138.77083,9045.451
94,14260.519,17494.06
94,7892.9233,7232.5474
94,14796.758,19688.469
94,13213.226,13348.986
94,15883.74,14282.44
94,4554.744,18905.273
94,5.4356527,2655.187
94,11223.948,9121.902
94,18934.125,15044.493
94,18766.021,9546.426
94,6377.7905,627.41296
94,15918.425,1970.2366
94,14936.052,7807.5874
94,4637.795,17509.186
94,11271.506,16176.746
94,18634.059,2588.8604
94,18103.305,14232.538
94,1257.3895,16958.426
94,19896.512,2341.664
94,16322.7295,121.76616
94,11506.2,2080.3083
94,12714.04,14641.482
94,1212.4478,3236.0688
94,13943.242,676.4465
94,4301.411,2129.4026
94,10278.945,418.60773
94,11242.233,8899.173
94,1602.2617,18063.832
94,385.79385,18701.172
94,12272.0625,18004.346
94,4270.782,5689.3726
94,4874.967,3854.6333
94,18352.146,19575.068
94,8447.793,327.16046
94,3072.618,5200.5537
94,9811.4375,10358.237
94,11796.125,11519.32
94,16661.605,18150.72
94,5283.168,15344.884
94,10937.635,15204.392
94,2102.6904,19270.912
94,17341.008,775.4848
94,18015.074,5551.161
94,17350.564,18415.63
94,16722.848,5770.1484
94,10944.021,668.952
94,6905.801,16386.465
94,7419.122,2036.251
94,19386.533,9958.989
94,2419.6992,17401.69
94,13516.216,12427.49
94,5337.6694,17461.402
94,16754.658,13560.585
94,8015.29,16768.066
94,10114.462,12786.898
94,17025.828,17867.959
94,5938.682,10968.074
94,15573.606,45.85532
94,8940.712,16728.725
94,4358.916,15020.72
94,13218.855,10160.651
94,1346.4609,8540.291
94,11902.537,15026.03
94,10743.456,16170.292
94,18002.533,3757.744
94,19860.463,15216.62
94,1706.1439,6460.4507
94,13118.95,17037.574
94,154.84592,6595.283
94,2096.1206,1945.9825
94,14971.466,13258.191
94,17150.502,10008.327
94,7374.813,2701.8828
94,10267.016,10224.347
94,19915.062,9363.261
94,8248.64,13542.617
94,15224.778,2722.5457
94,18690.227,12579.588
94,5309.601,14346.067
94,430.71643,3819.9568
94,14630.073,16443.49
94,4068.2026,7005.184
94,9605.945,10384.876
94,3897.1562,17801.504
94,14352.445,9179.212
94,11047.316,17973.633
94,14247.524,2378.213
94,14325.302,6501.041
94,2567.2449,6064.5396
94,3625.1555,5750.225
94,17230.186,6728.3994
94,10036.384,18839.283
94,7866.562,8508.945
94,11739.496,14502.661
94,2107.6257,3730.611
94,14084.097,17523.232
95,10000.0,10000.0
95,3020.677,10778.504
95,15867.844,9860.241
95,14239.225,3607.574
95,2939.609,19885.305
95,5080.2817,11385.023
95,13764.008,8523.542
95,10625.702,10638.789
95,4500.4595,15677.876
95,5804.308,11599.6
95,16893.273,10765.646
95,12739.937,19307.58
95,11840.723,17647.14
95,10031.2295,7348.75
95,376.25873,17677.133
95,9066.495,12568.963
95,9700.597,16074.022
95,9166.269,2527.6387
95,12960.426,8821.359
95,9701.897,1537.6144
95,16674.357,9012.989
95,1812.5347,10460.982
95,12245.797,19548.637
95,13980.433,17445.688
95,10692.388,5209.359
95,7592.536,7862.376
95,4565.4395,5173.6836
95,16486.914,6142.3306
95,1734.5913,15728.718
95,16687.098,17797.53
95,4227.265,7057.547
95,782.5798,16393.928
95,15005.333,7821.54
95,4633.3936,10207.566
95,12900.604,9580.406
95,14094.12,8443.273
95,16100.068,4413.013
95,3837.3892,11546.548
95,16747.646,12253.669
95,877.7746,17337.184
95,18914.6,17848.457
95,5595.3657,22.707209
95,16995.105,7151.096
95,4317.0645,5858.082
95,17263.074,16416.006
95,1988.7975,18751.822
95,8369.874,6792.325
95,1467.8787,14546.417
95,5993.485,1337.4255
95,19970.76,18762.105
95,17047.828,12585.244
95,19269.945,14058.469
95,15944.804,723.03705
95,9160.016,15499.848
95,2214.2368,1075.9868
95,12257.198,18933.676
95,11779.353,8046.257
95,7682.7886,8497.99
95,4975.972,2892.4204
95,4261.379,12990.279
95,17684.14,19128.643
95,6954.279,8086.5903
95,3850.734,3617.059
95,2985.1016,14745.628
95,12811.879,5470.9414
95,19935.674,11001.933
95,8025.8594,12805.498
95,11764.156,12035.169
95,4531.0312,4049.9668
95,7605.373,19157.018
95,7875.005,8399.29
95,4421.996,9145.597
95,19808.703,10214.124
95,5230.514,222.24712
95,16093.385,3766.7478
95,4446.072,5497.5513
95,12849.103,13111.012
95,19617.049,7445.874
95,147.3015,3148.362
95,15574.622,7686.216
95,12833.467,13016.557
95,5597.6416,18558.32
95,10234.063,2101.7993
95,9249.748,15503.928
95,8599.764,17375.322
95,2079.077,5186.075
95,3532.9958,14009.488
95,1576.2456,4248.206
95,2494.8362,14774.362
95,13736.743,4959.0786
95,8805.273,451.56973
95,1388.5232,9398.357
95,16723.705,5091.2275
95,5676.6,17066.197
95,3802.801,19454.33
95,10683.028,16659.695
95,15438.53,9515.15
95,3764.7405,13684.233
95,13666.516,4410.4966
95,19177.543,113.08429
95,1807.2444,6585.225
95,1212.218,12304.281
95,8550.857,7187.025
95,11329.214,10139.181
95,12766.619,18563.16
95,2382.1946,13598.495
95,18043.143,12951.042
95,10074.19,7617.5635
95,15431.223,1297.7451
95,11950.649,7685.1724
95,19062.488,18571.008
95,11228.476,2810.98
95,10837.2705,14350.829
95,12002.767,18037.875
95,1789.5908,8321.306
95,5097.091,13504.483
95,1607.1351,17092.053
95,7393.763,9261.76
95,6383.906,5414.7593
95,4628.542,5077.4067
95,9533.901,14182.897
95,13559.012,12272.974
95,13079.083,18239.098
95,19238.938,4533.49
95,17328.592,2798.5425
95,17033.383,2496.5732
95,5739.837,9401.84
95,11979.662,4554.618
95,6862.0513,18676.744
95,15748.692,5322.8164
95,8458.321,18168.043
95,3726.018,8552.531
95,11455.659,18595.553
95,1751.8743,10733.17
95,19907.21,16883.486
95,5412.638,9324.478
95,4213.583,17330.38
95,7225.3213,6477.381
95,6618.053,7955.858
95,9759.368,883.0952
95,619.5978,4646.3774
95,17337.42,1153.8458
95,9107.574,11851.269
95,2007.1881,18555.672
95,18387.752,4346.412
95,533.1671,18825.574
95,13085.14,389.28534
95,11652.677,18488.412
95,242.76843,18144.305
95,16076.56,9239.388
95,8793.725,10284.263
95,15303.645,2849.0396
95,7541.6387,7980.368
95,19217.078,14117.0
95,1473.1167,14877.319
95,4446.047,10400.814
95,6973.7515,10119.6875
95,11616.781,5080.5137
95,8489.941,7319.965
95,381.99042,10660.884
95,5569.068,8840.58
95,6467.602,5555.5474
95,8901.88,11206.744
95,111.36238,17253.355
95,11000.253,17361.246
95,8365.036,9839.597
95,483.05698,3755.3936
95,9719.835,9180.631
95,17642.434,9093.22
95,12275.567,1644.1083
95,861.9593,2014.7758
95,955.98956,11137.355
95,16861.486,78.22723
95,19251.674,18767.656
95,3296.82,9974.205
95,2991.2537,7738.3535
95,17402.717,4325.2197
95,12014.753,16272.262
95,5081.0454,16269.057
95,18367.793,12670.209
95,5101.6406,13390.98
95,4556.8237,3266.0657
95,5718.217,8749.175
95,17778.951,13587.991
95,13879.372,8981.963
95,4816.028,4616.7876
95,19371.012,5848.492
95,1263.8782,5287.9263
95,10530.852,10931.459
95,11302.546,4759.702
95,11272.045,13498.232
95,12163.175,14208.009
95,1392.184,17773.752
95,5772.5176,17758.191
95,4980.421,16799.414
95,11670.42,3703.1772
95,13115.757,6428.541
95,10736.147,17786.703
95,12651.499,18330.432
95,14198.935,4061.03
95,4462.9004,10705.105
95,1137.8038,15110.0625
95,3711.378,2363.7861
95,17389.926,7676.58
95,12244.9,16008.813
95,8988.743,11305.321
95,18612.508,8191.666
95,715.0542,10408.973
95,962.277,15702.734
95,14567.152,9616.155
95,14897.572,10218.333
95,7283.281,14154.5
95,14933.52,9345.39
95,4275.5527,14198.978
96,10000.0,10000.0
96,9167.87,968.7244
96,9968.497,777.5867
96,9540.299,15659.323
96,14001.963,3100.121
96,15393.447,17201.771
96,14942.3955,9279.005
96,1205.3402,5340.069
96,11189.932,8022.143
96,18721.049,12413.137
96,1912.4144,8932.9795
96,7510.0176,2795.8215
96,8146.8955,9072.613
96,6386.775,11564.431
96,3969.676,2398.4517
96,16340.667,11509.517
96,9634.482,16336.854
96,18915.111,5123.9956
96,16716.393,14152.032
96,12400.901,1993.2267
96,7849.299,1720.4835
96,6809.5635,4062.965
96,16810.783,6107.028
96,4745.567,4573.303
96,2338.2341,10043.252
96,16273.128,2992.1035
96,3130.4976,12652.874
96,3952.8225,17058.658
96,6395.7246,15555.636
96,9164.231,7233.245
96,10310.086,14327.732
96,11412.112,17998.875
96,7124.6226,7061.038
96,18298.896,2805.0933
96,11074.158,15319.896
96,11686.071,17934.986
96,4200.9272,17208.998
96,576.47577,11804.921
96,12041.179,5385.423
96,16150.713,6149.1123
96,13659.416,2911.5793
96,2398.4736,12686.92
96,18642.361,2931.9915
96,19638.402,722.4702
96,19308.615,14672.947
96,11872.166,1782.8064
96,19724.99,3647.337
96,10134.933,10536.013
96,17490.941,9277.233
96,9317.491,16993.627
96,5331.8237,14815.71
96,15492.984,2578.5574
96,12020.989,6918.073
96,2243.3596,6128.289
96,10694.235,10034.13
96,18434.918,17607.717
96,12748.736,11351.403
96,2190.216,17109.574
96,15286.049,18831.406
96,4683.4604,1326.2709
96,13039.555,14390.345
96,530.5787,4077.2812
96,18789.598,19349.584
96,14952.85,10381.517
96,19216.496,4643.9946
96,9644.24,3082.2795
96,8989.054,7114.9995
96,15580.194,710.9776
96,16663.652,7426.6533
96,8231.089,12020.613
96,5475.6484,11729.215
96,9949.206,14798.934
96,17345.56,8671.452
96,15938.26,6656.7705
96,3359.8718,18395.105
96,1719.1447,19950.924
96,2501.2512,18994.697
96,10755.428,1826.536
96,1306.1747,3497.4028
96,15273.012,13583.881
96,9819.15,19193.121
96,19179.57,16911.264
96,8469.579,18099.096
96,16482.15,19687.121
96,4734.9443,7814.3535
96,623.5766,1558.3489
96,6960.4243,2878.5085
96,19573.691,2381.0957
96,4536.5977,511.86514
96,928.2485,4864.378
96,10964.004,3122.391
96,18053.652,8946.483
96,12155.833,8825.641
96,2139.9912,9347.815
96,6178.5054,12637.195
96,10116.859,19922.096
96,6620.615,3889.6897
96,1247.9581,17752.414
96,13721.344,7882.7734
96,2021.117,9365.124
96,11153.759,8385.85
96,19302.068,10635.094
96,15567.95,4202.5776
96,14211.711,8310.968
96,5303.493,2138.7925
96,604.58716,14365.971
96,4738.6177,17443.346
96,18479.812,7236.5977
96,1688.3541,15789.45
96,17429.607,15486.024
96,10554.114,9431.018
96,11944.286,19600.82
96,11828.81,13466.911
96,1065.5944,1789.7504
96,15069.947,4001.6333
96,19407.309,13507.921
96,322.88098,2989.1724
96,7191.913,19388.586
96,7585.251,6266.148
96,11351.706,8081.5186
96,5419.084,4104.0894
96,5510.6426,10583.548
96,2136.9626,8512.901
96,5124.0864,7010.3843
96,6254.9194,10644.553
96,1141.4304,7446.469
96,18316.467,9708.941
96,9802.603,17881.547
96,4827.575,3837.501
96,7504.742,7799.6504
96,16433.072,19392.242
96,3252.931,1114.473
96,7946.7505,14191.483
96,14323.91,2668.0808
96,4070.3486,2912.635
96,14675.769,17076.277
96,19323.73,16107.73
96,9478.767,4254.4683
96,19948.467,5016.777
96,18956.11,7923.326
96,63.211338,18636.166
96,14851.617,18289.477
96,10924.024,15611.715
96,14356.158,6574.03
96,19584.895,967.09216
96,8988.224,10572.421
96,4352.168,11333.959
96,1261.1594,1796.5024
96,7734.618,17612.83
96,6755.0054,1660.131
96,14843.273,13123.951
96,9930.2,12705.2
96,15887.32,13695.26
96,5745.6523,10550.059
96,12784.931,12408.805
96,3423.0693,16003.083
96,14551.193,15661.087
96,14781.866,16498.219
96,6958.5576,9438.762
96,8875.721,12903.782
96,10284.889,13283.196
96,7681.8706,4690.278
96,7269.843,15461.185
96,15767.748,14180.27
96,1745.9119,12801.693
96,11823.349,1315.8422
96,15698.831,11211.717
96,18939.555,12044.16
96,19033.676,19142.014
96,14585.123,1380.1023
96,1111.8612,5065.838
96,3260.8728,2908.9475
96,2524.553,16656.69
96,19229.115,14476.031
96,17785.963,17288.918
96,8876.759,17203.03
96,11311.112,1726.0878
96,11963.283,9751.13
96,1884.663,2516.21
96,13491.857,13568.706
96,8502.785,9700.778
96,18980.889,15185.456
96,10579.432,6163.8394
96,19590.049,9969.595
96,13855.952,3192.756
96,17091.348,11823.317
96,9752.838,4897.3896
96,11356.218,11469.389
96,18750.107,18520.277
96,1958.5016,19709.35
96,868.18,39.242264
96,18316.35,747.83624
96,9565.476,4313.884
96,19517.602,984.51117
96,1765.1544,18724.527
96,5606.219,14035.625
97,10000.0,10000.0
97,17621.072,2450.8079
97,16079.303,14423.414
97,13290.142,4700.0796
97,16488.451,8820.325
97,11849.458,3546.6377
97,3668.0857,15089.963
97,10319.909,8560.071
97,2774.1367,16799.719
97,12755.631,16147.24
97,16430.898,2618.844
97,12740.777,9071.604
97,2106.068,19301.285
97,9195.597,10027.471
97,9698.526,911.44714
97,1519.6613,102.26064
97,1809.4017,4763.1196
97,11156.923,17444.754
97,1788.6777,13997.096
97,18024.031,6797.9463
97,8239.387,16241.868
97,6578.465,8570.226
97,5100.1284,15542.945
97,838.1069,8542.3955
97,8056.697,11691.833
97,8202.426,11278.713
97,5525.524,9836.85
97,7014.9043,18702.074
97,12569.343,12796.166
97,3790.6829,16579.055
97,14779.974,19456.28
97,1983.7968,3708.5042
97,4715.491,16764.55
97,7822.225,4843.212
97,14848.864,6661.4146
97,19484.625,7773.8203
97,14411.17,2500.8167
97,4057.987,5275.033
97,1384.6205,14276.435
97,1103.0983,6991.26
97,15544.3125,3553.9883
97,12888.079,7370.6943
97,830.8594,2237.9983
97,5983.459,19571.186
97,12013.355,15118.784
97,7599.501,11944.096
97,17742.596,10235.584
97,6943.0503,8290.659
97,17930.082,11101.246
97,848.3588,3211.245
97,11862.663,913.5677
97,7195.1836,14430.122
97,10702.24,11151.4
97,10650.6455,17319.842
97,2474.7825,4656.522
97,15647.864,15147.081
97,6971.4985,13391.371
97,10130.869,12679.232
97,13917.545,15844.887
97,9004.145,6878.3994
97,7657.615,3220.2039
97,4314.6406,12911.833
97,4717.4614,1683.3359
97,6270.739,18972.96
97,7157.9263,12747.309
97,5054.459,431.50537
97,15555.178,15038.478
97,19784.193,17836.64
97,11298.589,12306.546
97,4185.799,14508.334
97,19289.2,17703.965
97,10182.543,9814.902
97,3845.956,5846.158
97,1872.574,2496.9475
97,13606.511,4755.656
97,8742.14,14229.577
97,4525.8066,6577.57
97,16568.26,10717.154
97,1283.5259,13220.217
97,867.36456,14419.462
97,9595.664,5645.422
97,1767.4191,14628.383
97,5712.6724,5528.627
97,17158.389,9560.634
97,4504.2593,493.5732
97,3496.254,18564.252
97,17360.121,12434.064
97,18428.672,15137.742
97,17578.455,3812.507
97,13982.411,10939.607
97,14692.661,19078.057
97,14667.586,19649.123
97,12845.675,17262.826
97,14185.643,3284.4194
97,7551.2676,8215.837
97,17626.607,15790.929
97,8603.897,9477.86
97,6609.5156,10529.476
97,3334.7869,19192.812
97,19962.371,1682.4814
97,11359.072,4702.1504
97,17859.656,11697.379
97,2848.1914,8616.587
97,131.83566,18672.055
97,12175.315,13707.304
97,13075.023,1597.6915
97,11845.117,17998.297
97,6932.1353,939.42096
97,10763.31,9629.72
97,9982.696,6909.2354
97,14589.139,5429.9487
97,12703.811,7792.9395
97,14242.324,74.85485
97,3724.908,18535.326
97,14475.602,15932.072
97,16840.207,19862.975
97,1544.0582,6733.57
97,11380.306,12001.812
97,4532.6597,3774.339
97,13644.379,11465.988
97,10277.277,8566.822
97,16740.71,3341.0547
97,15186.778,15513.259
97,584.4269,12796.346
97,7765.8945,19807.752
97,5594.882,14809.002
97,11598.15,1719.6686
97,921.6076,4597.8643
97,13694.724,18222.477
97,14464.309,11465.461
97,19392.695,2175.0068
97,17462.2,6966.3027
97,8678.149,8953.567
97,13495.383,10997.222
97,19048.227,5340.691
97,5963.4194,8296.667
97,17644.82,15781.196
97,10804.168,14670.822
97,15515.09,6864.0713
97,7854.5693,8141.7744
97,11216.487,10796.014
97,7536.23,15409.75
97,17207.922,5828.307
97,7234.6294,809.2872
97,5587.7183,9280.518
97,15310.857,17702.672
97,1508.2721,15073.275
97,1424.2914,2991.2827
97,8412.9375,18791.648
97,7210.574,17725.736
97,15340.045,18414.941
97,7274.0864,6644.26
97,5206.6333,17297.03
97,88.96601,455.0867
97,6077.935,939.17163
97,37.98541,12229.247
97,8028.501,10650.027
97,3463.1008,19815.3
97,4588.9165,18031.393
97,1929.7759,383.80927
97,10366.164,13491.275
97,6708.708,6974.6426
97,2432.3994,17416.842
97,1449.8745,14782.096
97,5375.612,355.4385
97,16825.928,718.8831
97,11618.821,14056.7
97,4423.938,15230.322
97,10532.636,8004.0083
97,9073.464,11617.194
97,13335.712,6776.9263
97,8377.399,10251.707
97,10219.798,18127.57
97,18498.441,19938.926
97,17478.326,8789.447
97,264.918,12086.853
97,13435.258,12136.522
97,8226.937,5344.28
97,17674.93,13814.804
97,4100.2837,2651.3562
97,19936.902,9116.035
97,13317.816,15546.131
97,15012.463,11710.12
97,9951.181,3345.266
97,13789.351,13513.768
97,4290.4395,12604.303
97,1785.1666,5505.7397
97,18809.523,2376.605
97,4822.618,15303.174
97,12389.606,6262.934
97,9093.598,5962.3315
97,9538.629,3884.2415
97,1036.7102,1240.0385
97,9841.197,18958.148
97,1808.8856,16702.137
97,4293.2085,116.50181
97,8572.944,1441.9866
97,14898.343,6160.9272
97,13636.774,16010.379
97,18391.803,10145.172
97,1694.9384,3257.6953
97,5538.334,6856.1
97,13536.951,7859.213
97,16236.553,2150.6272
97,7076.677,10567.686
97,3005.6855,200.70328
98,10000.0,10000.0
98,8884.503,67.51277
98,14884.815,4833.895
98,19302.523,17476.389
98,6206.1636,6982.304
98,9121.531,5423.9443
98,97.88619,9851.705
98,19613.281,2760.7612
98,16246.007,4273.7505
98,7798.478,16796.42
98,13776.446,6860.593
98,17519.135,10905.046
98,14289.602,11437.301
98,10940.359,3037.6396
98,1056.1515,3877.1409
98,4293.965,3117.907
98,13760.376,12032.69
98,874.9406,969.7047
98,18938.062,4522.8984
98,18857.654,13399.884
98,18008.91,2500.328
98,7151.1147,6971.19
98,16325.038,19457.115
98,19052.422,19832.059
98,18953.756,6601.0493
98,19074.865,11577.799
98,6525.681,13149.894
98,14025.572,1945.2422
98,13151.525,16953.553
98,4309.245,17986.654
98,5221.29,15425.419
98,1374.8196,18973.432
98,15757.88,19421.055
98,6020.438,12031.351
98,10326.14,4162.24
98,9944.076,11436.781
98,17748.629,9226.945
98,15198.965,7879.8584
98,8262.575,2402.1042
98,18395.133,12641.035
98,7801.5874,16300.866
98,7283.7085,9110.268
98,2246.5476,6534.443
98,55.857853,16019.799
98,18447.166,19354.213
98,19082.115,16021.229
98,18408.197,884.24646
98,17435.617,12920.699
98,10775.938,11787.546
98,16985.184,4780.989
98,18339.344,8709.494
98,7031.591,2192.2158
98,10090.644,14776.674
98,7174.779,9304.877
98,10436.686,8961.008
98,5363.615,4862.569
98,18126.885,13267.904
98,4059.938,748.8906
98,5091.4346,18597.998
98,4478.561,15863.189
98,7274.0693,10348.299
98,810.59045,14148.73
98,1686.2567,18940.46
98,14493.97,11453.919
98,13742.765,6190.182
98,16413.742,8599.037
98,12155.453,7206.016
98,19117.164,8090.0757
98,13305.142,1969.2634
98,15998.489,10625.541
98,83.05643,14923.427
98,10824.387,16401.273
98,5099.1216,11738.849
98,8591.207,15496.441
98,13391.674,8966.765
98,5005.441,16161.196
98,3198.7974,2544.2769
98,7901.6396,19139.635
98,7916.972,19013.162
98,868.841,16351.644
98,680.1554,16683.031
98,2029.4778,5691.3433
98,11053.377,8121.7344
98,3526.0527,10952.485
98,215.28671,7039.755
98,17983.68,6528.8467
98,18278.264,5052.7124
98,4419.7236,7363.473
98,13789.667,12894.401
98,6002.6016,11000.692
98,17579.91,18836.55
98,13717.08,11429.261
98,12587.357,10949.069
98,6435.4287,14836.369
98,10225.3125,19887.193
98,14848.252,8881.617
98,4915.419,6375.106
98,7401.836,10865.746
98,16743.32,8890.533
98,19060.39,5176.451
98,18673.084,6691.26
98,12577.511,18823.604
98,1435.0714,17064.441
98,8783.064,14307.773
98,11665.676,7601.7114
98,18543.047,13794.0205
98,13147.857,14562.812
98,18771.623,11125.064
98,18779.916,19928.082
98,19683.168,15837.617
98,5770.8203,13180.336
98,10238.022,15560.191
98,10559.296,13260.431
98,4224.003,16423.562
98,15034.824,14350.85
98,18490.842,12331.516
98,11232.098,3083.8423
98,12948.3955,10346.478
98,5966.8477,10734.015
98,13506.557,1728.531
98,8113.0034,5866.884
98,18791.65,10528.249
98,2817.4136,18181.24
98,18741.21,14028.643
98,15970.628,11636.846
98,476.21518,6753.884
98,446.6077,11059.386
98,11960.574,712.8671
98,6169.7363,4899.301
98,7656.284,14938.314
98,2828.3716,17947.426
98,8326.528,7837.769
98,15918.973,13741.775
98,16356.3125,1514.7374
98,1378.2256,2620.9597
98,1766.8528,19210.355
98,433.35294,8972.646
98,1861.9343,5007.869
98,13711.305,5276.6104
98,16219.901,2324.3865
98,8466.981,13339.255
98,6816.6006,1881.5858
98,16548.486,7083.6523
98,13880.396,15889.214
98,18312.412,6081.7007
98,13643.524,2488.1147
98,4082.003,1644.8805
98,9165.2295,18579.828
98,1473.6066,6937.0474
98,7351.4863,16228.847
98,16287.808,6929.143
98,8344.381,11367.852
98,1109.7101,18767.357
98,19540.09,11213.789
98,10371.984,6842.311
98,8208.8955,18948.139
98,19222.668,13182.173
98,12976.059,16029.182
98,19649.137,11342.583
98,10088.908,6199.468
98,79.21355,13281.326
98,5894.284,12519.485
98,7213.7764,19071.104
98,16956.512,3632.7808
98,4622.4805,16574.36
98,5618.073,9981.513
98,4435.5874,18336.055
98,5573.904,13388.344
98,9373.133,8680.892
98,11830.161,15418.203
98,10729.724,18589.037
98,2408.3909,2578.404
98,3205.9792,2520.1187
98,5085.1973,794.63635
98,11939.946,12062.975
98,12713.869,17262.225
98,12658.895,13264.956
98,12126.309,15259.373
98,4434.6357,182.58951
98,4546.3726,7022.736
98,12711.165,1988.6715
98,12370.866,13550.885
98,6524.012,8351.861
98,6121.524,574.19867
98,18483.436,6601.0166
98,10667.318,10278.971
98,2946.2515,7878.2046
98,19949.697,11475.712
98,8705.578,10496.549
98,10570.193,5537.914
98,19675.035,14531.4375
98,14035.016,19162.705
98,18231.09,9340.884
98,7017.0835,12175.016
99,10000.0,10000.0
99,11925.681,19387.2
99,1522.8643,9357.025
99,5877.8604,10648.505
99,14194.612,423.54413
99,15436.387,15713.213
99,17282.15,9350.872
99,13039.569,4750.0215
99,19086.764,11870.313
99,8994.553,6207.162
99,17709.398,18252.697
99,3393.9792,5263.1147
99,2560.4749,18368.846
99,18981.96,15043.936
99,5785.3906,8406.409
99,1654.0808,692.4781
99,12253.185,17649.887
99,5062.096,3269.6328
99,10219.462,6179.8125
99,19683.908,14992.12
99,15126.736,4454.2075
99,5984.5547,17617.94
99,8968.974,13118.524
99,4891.586,11883.907
99,12719.03,6656.9062
99,1960.175,16165.889
99,15884.554,12352.764
99,1620.1199,19065.516
99,5868.326,15324.408
99,8994.644,1748.0712
99,12919.501,7116.961
99,13814.827,6909.8896
99,9666.565,13561.549
99,13290.121,17388.635
99,12826.38,19904.293
99,443.4639,9905.389
99,7106.4414,11880.162
99,11820.433,11855.728
99,6228.516,15903.89
99,27.830845,645.7933
99,8361.308,3605.585
99,11026.674,15356.859
99,4809.023,4765.5264
99,11022.089,5140.6714
99,9890.744,2367.6765
99,9402.068,1626.0619
99,4222.3223,12966.779
99,7902.7573,16879.688
99,5327.0522,7633.4194
99,10241.211,17170.07
99,8295.907,18456.252
99,2856.7388,18798.852
99,58.066963,1381.8632
99,14863.773,4925.6226
99,11187.301,19263.947
99,10393.865,12542.428
99,5451.946,7724.7686
99,10161.646,3089.8542
99,16558.85,2318.9202
99,18147.69,199.11961
99,3247.826,12713.781
99,817.7944,4770.0146
99,8488.432,8799.041
99,11274.701,16593.02
99,7059.331,9826.945
99,4401.8296,18830.0
99,17153.441,13770.969
99,5543.2134,12982.209
99,3151.0889,11120.614
99,762.72614,18647.023
99,14540.287,15738.2
99,7091.5205,18117.959
99,13091.715,12817.325
99,4464.975,13728.2705
99,12935.315,4103.522
99,13625.206,11336.15
99,5826.805,9712.486
99,13664.878,5192.1807
99,8495.569,17212.71
99,6198.951,11277.631
99,1648.8643,16591.666
99,12291.532,16136.715
99,1122.8036,6278.205
99,8730.4375,14077.935
99,11602.822,1167.3198
99,875.63245,19238.04
99,3852.3164,9121.245
99,5164.6875,7301.17
99,10111.244,4328.121
99,4177.149,17323.252
99,16410.672,14406.3
99,8750.746,10816.251
99,12168.486,6736.605
99,3274.3755,18637.924
99,15096.66,14313.982
99,12772.831,17832.139
99,13634.632,5442.9385
99,11799.356,13261.702
99,16411.426,18002.326
99,12045.908,17396.732
99,15122.337,18459.166
99,7113.941,19823.408
99,1502.7124,4029.1365
99,2366.2246,1127.4912
99,15091.272,8352.928
99,5977.004,10676.585
99,5365.268,19277.887
99,18230.803,764.49976
99,11104.69,15102.964
99,7316.5645,9164.192
99,16522.771,9976.119
99,590.72675,8285.319
99,15924.814,2047.1003
99,3616.5105,15024.95
99,7160.948,3381.7024
99,18752.803,2687.879
99,14233.825,11598.913
99,10971.509,4215.7773
99,10887.376,341.76315
99,9065.821,16794.793
99,14776.613,11650.211
99,7119.584,14768.27
99,2105.118,17370.367
99,16828.44,11502.731
99,15000.489,18238.48
99,16662.99,4965.4717
99,2373.4116,2076.7437
99,457.078,16379.09
99,18532.127,9165.575
99,15988.222,12422.97
99,7678.741,15797.014
99,5526.0903,9783.294
99,19287.74,16595.537
99,10247.881,15079.519
99,3971.0037,15383.0205
99,380.75378,14688.421
99,11328.496,19791.121
99,15195.148,6296.6533
99,17071.432,17832.154
99,9887.271,4777.9546
99,16689.543,17407.395
99,11138.546,3114.7844
99,15150.652,8703.519
99,15428.07,17659.47
99,9669.818,11872.657
99,4986.034,4666.335
99,9083.353,3632.3965
99,4930.85,7076.2188
99,9098.872,5442.8247
99,15815.915,7976.9766
99,16257.409,3291.4182
99,12431.662,12004.76
99,1069.2625,7751.291
99,10176.567,427.34732
99,14363.904,1754.3212
99,12972.139,13164.637
99,1294.1603,7174.549
99,6155.026,5345.3477
99,10705.556,17742.562
99,5074.338,4677.7114
99,18519.732,4427.532
99,1208.5515,7670.4473
99,623.85645,1580.0691
99,12406.326,7104.21
99,12301.823,18493.73
99,2748.2122,17458.188
99,1755.9073,1128.5477
99,10279.102,4834.8486
99,6672.5645,5875.4775
99,9999.89,3763.1624
99,15719.993,12565.396
99,10819.772,11594.596
99,17295.78,1242.3402
99,15097.09,12316.103
99,8155.5024,6971.0786
99,12624.872,11535.933
99,16600.12,15829.022
99,6559.347,9107.279
99,19632.266,16946.871
99,16633.377,19829.908
99,9790.727,542.284
99,4993.729,15374.606
99,10399.775,4995.0664
99,16416.344,6960.502
99,9128.642,8832.417
99,1575.9272,13084.682
99,17977.297,12520.683
99,337.9849,16286.241
99,17905.871,7333.6143
99,9471.691,4366.1655
99,4271.19,15870.995
