replica,ready_times
0,32400
0,31606
0,32548
0,31780
0,33003
0,32123
0,33839
0,33861
0,34215
0,34327
0,33457
0,34737
0,33881
0,34064
0,34976
0,35321
0,35442
0,36089
0,36420
0,36700
0,36839
0,37747
0,37824
0,37176
0,38252
0,38311
0,37452
0,38524
0,37734
0,38739
0,39467
0,40032
0,40125
0,40490
0,40601
0,40682
0,39783
0,39840
0,39869
0,40812
0,40843
0,40000
0,40939
0,40198
0,40213
0,41147
0,41276
0,41358
0,41424
0,41454
0,41543
0,41602
0,41754
0,41808
0,41180
0,42091
0,42099
0,41229
0,41250
0,41325
0,42242
0,42289
0,41565
0,42824
0,42849
0,41989
0,42924
0,42956
0,43036
0,42285
0,42487
0,43529
0,42725
0,43633
0,43649
0,43663
0,42776
0,43851
0,44004
0,44062
0,44117
0,44167
0,43271
0,44195
0,43448
0,44450
0,44539
0,44573
0,44581
0,43729
0,44873
0,44877
0,44023
0,44926
0,44934
0,44948
0,45090
0,45160
0,45289
0,44529
0,45456
0,45512
0,44677
0,45663
0,45761
0,45790
0,45809
0,45883
0,45981
0,45996
0,46067
0,45430
0,46357
0,46511
0,46570
0,46595
0,45731
0,46668
0,46673
0,45837
0,46805
0,45938
0,46911
0,46014
0,47023
0,47061
0,47131
0,46332
0,47455
0,47475
0,47495
0,47514
0,46843
0,48011
0,48023
0,48188
0,48207
0,48838
0,48938
0,49079
0,49123
0,49203
0,48447
0,49491
0,48609
0,49682
0,49035
0,49066
0,50079
0,49200
0,50220
0,49446
0,49545
0,50477
0,49747
0,50715
0,50756
0,50764
0,49984
0,50956
0,50293
0,51308
0,50464
0,50731
0,51637
0,50787
0,51691
0,51016
0,51252
0,52402
0,51875
0,51908
0,52088
0,52278
0,53318
0,52424
0,53671
0,53717
0,53005
0,54475
0,53586
0,54623
0,53835
0,53941
0,54915
0,54050
0,54281
0,55196
0,55232
0,54582
0,54611
0,54635
0,54905
1,32400
1,32401
1,32744
1,32401
1,33443
1,33521
1,33585
1,33627
1,32899
1,33904
1,34032
1,33187
1,33658
1,34718
1,34755
1,34040
1,34981
1,34082
1,35341
1,34767
1,34847
1,36045
1,36180
1,36424
1,36544
1,36776
1,37539
1,36669
1,36820
1,37260
1,37393
1,38336
1,38477
1,38607
1,38609
1,37954
1,38126
1,39056
1,39110
1,38656
1,39702
1,39726
1,39826
1,40030
1,40045
1,40149
1,39434
1,40411
1,40752
1,39866
1,40939
1,41154
1,41183
1,41228
1,40354
1,41339
1,41431
1,41456
1,40766
1,40907
1,41840
1,41101
1,42022
1,42152
1,42223
1,42296
1,41436
1,42367
1,41486
1,42495
1,42498
1,42517
1,43156
1,43164
1,42344
1,43291
1,43379
1,43646
1,42797
1,43732
1,43742
1,42978
1,42997
1,43086
1,44051
1,44054
1,44169
1,44175
1,44267
1,44283
1,43404
1,43452
1,44356
1,44480
1,44511
1,44539
1,43834
1,44062
1,45176
1,44278
1,44313
1,45224
1,45307
1,45323
1,44467
1,45572
1,45734
1,45899
1,45159
1,46081
1,45182
1,46164
1,46224
1,46293
1,46308
1,45419
1,46423
1,46442
1,45555
1,46555
1,45739
1,45811
1,46759
1,46807
1,45989
1,47001
1,47205
1,46379
1,47496
1,46677
1,47879
1,47173
1,48098
1,48126
1,48257
1,48367
1,47530
1,48444
1,48523
1,49121
1,49227
1,49531
1,48662
1,49678
1,49822
1,49889
1,50014
1,50056
1,50264
1,50401
1,50457
1,50698
1,49814
1,50721
1,50807
1,50824
1,50915
1,51093
1,50241
1,50681
1,51639
1,51704
1,51736
1,51873
1,51153
1,51255
1,52214
1,52364
1,52438
1,51567
1,52489
1,52947
1,52977
1,53065
1,53094
1,53303
1,52675
1,52886
1,53305
1,54297
1,53652
1,54596
1,53840
1,54932
1,54093
1,54149
1,54407
1,54486
1,54744
2,32400
2,32414
2,31612
2,32518
2,31640
2,32603
2,33037
2,33139
2,33172
2,33377
2,33442
2,32754
2,32844
2,33762
2,33014
2,34057
2,33342
2,33347
2,33379
2,34432
2,34547
2,34898
2,34227
2,35298
2,34749
2,34754
2,34792
2,35136
2,36194
2,36197
2,36254
2,35519
2,36423
2,36498
2,36531
2,36623
2,36668
2,36222
2,36411
2,37561
2,36702
2,37648
2,36861
2,36954
2,37954
2,38133
2,38211
2,38527
2,38092
2,39009
2,39263
2,39647
2,39885
2,39906
2,40072
2,40130
2,40182
2,40184
2,40302
2,40456
2,40498
2,40565
2,39692
2,40632
2,39815
2,39890
2,40898
2,40078
2,41078
2,41127
2,41180
2,40402
2,41355
2,41521
2,41530
2,40739
2,41687
2,41782
2,41261
2,41327
2,42382
2,41512
2,42452
2,42534
2,42547
2,42560
2,41751
2,41996
2,42058
2,42065
2,43104
2,42333
2,43411
2,43520
2,43565
2,43573
2,42705
2,43606
2,43655
2,43712
2,42820
2,43746
2,43868
2,44119
2,44649
2,44676
2,44733
2,44841
2,44955
2,45040
2,45049
2,45058
2,45109
2,45131
2,45286
2,44558
2,45471
2,45530
2,45533
2,45750
2,45857
2,45903
2,45955
2,46048
2,45280
2,46221
2,46239
2,46269
2,45413
2,45437
2,46350
2,45600
2,46515
2,46533
2,46562
2,46569
2,46632
2,46824
2,46868
2,46985
2,46120
2,47032
2,47227
2,47328
2,47452
2,47453
2,46636
2,47832
2,47849
2,47321
2,47529
2,48769
2,48887
2,49046
2,49187
2,49215
2,49545
2,49670
2,48909
2,49033
2,49331
2,49425
2,50605
2,49765
2,50991
2,51008
2,51034
2,50239
2,51168
2,51273
2,51605
2,50718
2,51695
2,51946
2,51999
2,51145
2,52128
2,51266
2,52196
2,52391
2,52403
2,51505
2,52517
2,52536
2,52669
2,51870
2,52824
2,52926
2,53073
2,53201
2,52401
2,52419
2,53482
2,53565
2,52687
2,53670
2,53691
2,53835
2,52968
2,53931
2,54021
2,54327
2,53561
2,54587
2,54624
2,54648
2,54683
2,54711
2,54717
2,54864
2,55077
2,54236
2,55219
2,54329
3,32400
3,32707
3,32854
3,33024
3,33455
3,33495
3,32617
3,33781
3,34032
3,34291
3,33506
3,34619
3,34850
3,34333
3,34360
3,35471
3,35522
3,35573
3,35929
3,35279
3,35401
3,36372
3,36752
3,36848
3,36126
3,37209
3,36341
3,37316
3,37393
3,37522
3,37033
3,38164
3,37466
3,38504
3,37734
3,38772
3,38916
3,38218
3,39269
3,39315
3,39719
3,39748
3,39109
3,40115
3,39249
3,40209
3,39311
3,39491
3,40520
3,40549
3,40557
3,40566
3,40613
3,40662
3,40737
3,40177
3,41109
3,40454
3,41356
3,41436
3,41437
3,41533
3,41547
3,41735
3,41735
3,41810
3,41904
3,41933
3,41986
3,42029
3,42176
3,41457
3,42376
3,41552
3,42759
3,42871
3,42913
3,42183
3,43187
3,42385
3,43307
3,43328
3,42452
3,43385
3,43516
3,43521
3,43570
3,42820
3,43858
3,43882
3,43058
3,43998
3,43261
3,44191
3,44343
3,44372
3,43526
3,44579
3,43837
3,43885
3,43900
3,43937
3,44878
3,44911
3,44918
3,44082
3,44087
3,44998
3,45121
3,44336
3,45238
3,45282
3,45382
3,45509
3,45594
3,45607
3,45649
3,44950
3,45859
3,45911
3,45975
3,46134
3,46182
3,46365
3,46383
3,45505
3,46437
3,45558
3,46538
3,46732
3,46751
3,45962
3,46871
3,46892
3,47066
3,46242
3,47166
3,46304
3,47285
3,47353
3,46455
3,47366
3,46563
3,47577
3,47579
3,46773
3,46967
3,47922
3,48306
3,47421
3,47433
3,47527
3,48468
3,48734
3,48756
3,48985
3,48985
3,49000
3,49141
3,48454
3,48577
3,48626
3,49621
3,49816
3,48950
3,48976
3,49906
3,49028
3,49956
3,50094
3,49214
3,50140
3,49260
3,50209
3,49446
3,50370
3,50467
3,50929
3,50941
3,50208
3,51374
3,50571
3,51525
3,50657
3,51029
3,52032
3,51350
3,52307
3,52575
3,51718
3,52218
3,52300
3,52461
3,53463
3,52594
3,53645
3,53665
3,53973
3,54070
3,54072
3,54101
3,53250
3,54290
3,53417
3,54597
3,54645
3,54913
3,55206
3,55025
3,55197
4,32400
4,32463
4,32506
4,32529
4,32768
4,31908
4,33560
4,33800
4,33809
4,33932
4,33100
4,34077
4,34180
4,33898
4,34990
4,35147
4,35859
4,36013
4,36120
4,35321
4,35370
4,36568
4,36933
4,36169
4,36587
4,37706
4,37778
4,37877
4,37118
4,38036
4,38049
4,37166
4,38412
4,37723
4,38764
4,37930
4,38969
4,39538
4,38638
4,39607
4,39661
4,39745
4,40243
4,40319
4,40486
4,40518
4,40561
4,39719
4,39743
4,40744
4,40009
4,41001
4,41009
4,40122
4,41025
4,41101
4,41254
4,41254
4,40393
4,41377
4,40522
4,41426
4,41440
4,41593
4,41604
4,41670
4,40902
4,41807
4,40913
4,40947
4,41033
4,41998
4,42005
4,42109
4,42163
4,41332
4,42237
4,42289
4,41399
4,41478
4,42435
4,42440
4,42456
4,42463
4,42591
4,41873
4,43009
4,43060
4,42201
4,43125
4,43165
4,43204
4,43237
4,43334
4,43412
4,43665
4,43761
4,42892
4,43870
4,44041
4,43394
4,44399
4,44423
4,44655
4,43790
4,43834
4,44765
4,44772
4,43973
4,44938
4,44050
4,45030
4,45072
4,44221
4,44307
4,45350
4,45357
4,44490
4,44749
4,45802
4,44954
4,45869
4,45891
4,45903
4,46080
4,46156
4,46288
4,45431
4,45463
4,45536
4,46445
4,46469
4,46707
4,46727
4,47041
4,47088
4,46264
4,47179
4,46312
4,46451
4,46471
4,47379
4,47395
4,47614
4,47061
4,48031
4,47260
4,47454
4,47712
4,48717
4,48966
4,48222
4,49172
4,49245
4,49276
4,48476
4,49570
4,48932
4,50192
4,50330
4,50566
4,49713
4,50748
4,51183
4,51229
4,50452
4,51542
4,50663
4,51762
4,51040
4,51128
4,51239
4,52158
4,51279
4,52194
4,51504
4,52441
4,51727
4,51769
4,52849
4,52163
4,53082
4,52334
4,52392
4,52509
4,53415
4,52530
4,53527
4,53555
4,53556
4,53758
4,53975
4,54075
4,54156
4,53350
4,54303
4,54519
4,54632
4,54802
4,54892
4,55089
4,55160
4,54449
4,55044
4,55178
4,55195
5,32400
5,32482
5,32483
5,32820
5,32842
5,32859
5,32931
5,32137
5,33376
5,32579
5,33604
5,33701
5,33148
5,33565
5,34290
5,35291
5,34576
5,35477
5,34688
5,36021
5,36063
5,36082
5,36905
5,36918
5,36152
5,36667
5,37754
5,38013
5,37258
5,38679
5,38903
5,38126
5,39214
5,39712
5,39083
5,40118
5,40179
5,40250
5,40321
5,40342
5,40359
5,40378
5,40495
5,40512
5,40553
5,40631
5,40793
5,39899
5,41030
5,40191
5,41150
5,41279
5,41373
5,40547
5,41574
5,41762
5,41765
5,42138
5,41278
5,42372
5,42491
5,42528
5,41666
5,42574
5,41749
5,42873
5,42924
5,42928
5,42991
5,42134
5,43071
5,42205
5,42222
5,42299
5,43262
5,42418
5,42433
5,43703
5,43761
5,43781
5,43834
5,43937
5,44020
5,43172
5,43231
5,43235
5,43248
5,44268
5,43482
5,43542
5,44498
5,43772
5,44759
5,44761
5,44848
5,44860
5,43974
5,44174
5,45110
5,45385
5,45396
5,45440
5,45447
5,45460
5,45735
5,44882
5,45791
5,44918
5,44982
5,45926
5,45060
5,45969
5,45971
5,46059
5,46065
5,45210
5,46200
5,46369
5,45470
5,46457
5,46486
5,46506
5,46540
5,46566
5,45722
5,46650
5,45866
5,46767
5,46809
5,46874
5,46960
5,47047
5,47268
5,46380
5,47304
5,46415
5,47343
5,47357
5,47418
5,47441
5,47470
5,47522
5,47183
5,48367
5,48374
5,47589
5,47618
5,47632
5,49018
5,49172
5,49370
5,48659
5,49722
5,49980
5,49083
5,50000
5,50021
5,49219
5,49271
5,49661
5,49736
5,50085
5,51154
5,50473
5,51447
5,50731
5,51695
5,51703
5,51728
5,51747
5,50902
5,51818
5,51915
5,51097
5,52109
5,51366
5,52311
5,52493
5,51790
5,53002
5,52141
5,53143
5,53239
5,53316
5,52435
5,53560
5,53723
5,52989
5,53010
5,53178
5,54128
5,54210
5,54216
5,53481
5,54405
5,53593
5,54707
5,54126
5,54218
5,54620
5,54962
5,55031
6,32400
6,32207
6,32277
6,32608
6,34228
6,34483
6,34343
6,35368
6,35692
6,35967
6,35988
6,35293
6,35573
6,36485
6,36603
6,36885
6,37452
6,37483
6,36792
6,36797
6,37713
6,36894
6,38113
6,38204
6,38219
6,38225
6,37507
6,37569
6,38590
6,38653
6,38728
6,38962
6,38213
6,39251
6,39347
6,38485
6,39953
6,40272
6,40350
6,40448
6,39647
6,39665
6,39705
6,39754
6,40665
6,40738
6,40741
6,40791
6,40815
6,40930
6,41041
6,40186
6,40187
6,40217
6,41215
6,41401
6,41560
6,41566
6,41584
6,41598
6,40800
6,40896
6,40956
6,42050
6,41194
6,41254
6,42163
6,41380
6,42285
6,41391
6,42338
6,42346
6,42424
6,42463
6,42741
6,42750
6,41889
6,42846
6,41970
6,43025
6,42275
6,43210
6,42475
6,42692
6,43608
6,43721
6,43868
6,43905
6,43954
6,44127
6,43365
6,44517
6,44534
6,43688
6,44793
6,44806
6,44878
6,44975
6,44134
6,45156
6,45252
6,44415
6,45381
6,45428
6,45503
6,45539
6,45661
6,45749
6,45794
6,45825
6,45865
6,45928
6,46054
6,46125
6,46147
6,46368
6,46438
6,46634
6,45786
6,46687
6,46726
6,46866
6,46958
6,46966
6,46165
6,47148
6,46256
6,47166
6,47183
6,47213
6,47404
6,46594
6,47513
6,46643
6,46675
6,46963
6,47902
6,48095
6,48170
6,47509
6,47580
6,48582
6,48803
6,48143
6,49058
6,49102
6,49162
6,49202
6,49288
6,49434
6,48552
6,49477
6,48623
6,49532
6,49641
6,49647
6,49802
6,49890
6,49943
6,49251
6,49346
6,50496
6,50524
6,50537
6,50879
6,50919
6,50194
6,51115
6,51268
6,51354
6,50882
6,51848
6,51099
6,52072
6,52208
6,51770
6,52807
6,52842
6,52845
6,52016
6,52184
6,52217
6,53164
6,53180
6,52526
6,53533
6,52664
6,53698
6,53732
6,53099
6,54214
6,54334
6,54799
6,54882
6,54006
6,54038
6,55129
6,55195
6,54333
6,54547
6,54660
6,54699
6,54732
7,32400
7,32808
7,33102
7,33392
7,32756
7,33825
7,34026
7,34831
7,34890
7,35117
7,34360
7,35262
7,35315
7,34705
7,35646
7,34973
7,35997
7,36162
7,36267
7,36282
7,37355
7,37504
7,37100
7,38739
7,38776
7,37883
7,38891
7,38023
7,38037
7,38078
7,38262
7,38416
7,39561
7,39578
7,40073
7,40365
7,40368
7,39570
7,40476
7,40518
7,39668
7,40644
7,40753
7,40780
7,39935
7,40875
7,40889
7,41006
7,41118
7,41204
7,41409
7,41432
7,41137
7,41140
7,41151
7,41162
7,42079
7,42310
7,41446
7,41523
7,42448
7,42497
7,42511
7,42522
7,42590
7,42595
7,42700
7,42701
7,42823
7,42868
7,42899
7,43095
7,43111
7,43206
7,43251
7,43333
7,43336
7,43363
7,43365
7,42576
7,42676
7,43618
7,43693
7,43255
7,44187
7,43315
7,44257
7,44314
7,43433
7,43449
7,44354
7,43456
7,43498
7,44438
7,44465
7,43592
7,44606
7,44614
7,44626
7,44722
7,43838
7,43844
7,44814
7,44815
7,44884
7,45078
7,44222
7,45387
7,45400
7,45488
7,45510
7,45510
7,45568
7,44677
7,44720
7,44739
7,45830
7,46248
7,45451
7,46424
7,46569
7,46669
7,46677
7,46776
7,46819
7,46819
7,46863
7,46933
7,46058
7,46962
7,46968
7,47043
7,47110
7,47202
7,47310
7,47343
7,47439
7,46614
7,46639
7,47541
7,46648
7,47566
7,46711
7,47669
7,46823
7,46859
7,47767
7,47772
7,46925
7,47835
7,47845
7,47904
7,47987
7,47197
7,48100
7,48113
7,47246
7,48295
7,48594
7,49174
7,49204
7,49270
7,49417
7,49482
7,49701
7,48804
7,49727
7,49921
7,49990
7,49344
7,50582
7,49695
7,49913
7,50861
7,50865
7,50322
7,50399
7,50997
7,52114
7,52244
7,52248
7,52259
7,52340
7,51463
7,52588
7,51720
7,52700
7,52840
7,52167
7,53253
7,53326
7,53391
7,53436
7,53213
7,53308
7,53389
7,54362
7,54386
7,53496
7,53511
7,54463
7,54503
7,53737
7,54686
7,54844
7,54922
7,54849
7,55197
8,32400
8,32965
8,32084
8,33026
8,33421
8,33428
8,33661
8,34113
8,34295
8,34610
8,33941
8,35021
8,35089
8,34447
8,34686
8,34762
8,35890
8,36023
8,36130
8,36549
8,36580
8,36712
8,37632
8,37700
8,37848
8,37134
8,38263
8,38291
8,38766
8,38610
8,38864
8,38880
8,40051
8,40141
8,40199
8,40215
8,39317
8,40316
8,39481
8,40427
8,40503
8,40535
8,40607
8,40678
8,40711
8,39880
8,40900
8,40925
8,41042
8,41112
8,41151
8,41190
8,41318
8,41445
8,41619
8,41678
8,41735
8,41752
8,41772
8,41784
8,41793
8,41960
8,42003
8,41179
8,42172
8,42274
8,42301
8,42319
8,41431
8,42355
8,41486
8,42471
8,42530
8,42705
8,42726
8,42858
8,43165
8,42282
8,43261
8,42381
8,43301
8,43452
8,42647
8,43637
8,42786
8,43000
8,43930
8,44117
8,44185
8,43317
8,43361
8,44299
8,44722
8,44790
8,44804
8,44967
8,44975
8,45000
8,44108
8,44148
8,45123
8,44261
8,44310
8,45256
8,45304
8,45369
8,45389
8,45476
8,45572
8,44772
8,44789
8,45731
8,44937
8,44962
8,45866
8,45902
8,46093
8,45225
8,45239
8,46171
8,45324
8,46339
8,45489
8,45505
8,45577
8,45678
8,45793
8,46809
8,46947
8,47029
8,47174
8,47280
8,46431
8,47347
8,47424
8,47444
8,46595
8,47594
8,47629
8,47685
8,47750
8,47790
8,47987
8,48211
8,48352
8,48421
8,48548
8,48562
8,48586
8,47812
8,49017
8,49307
8,49443
8,48784
8,48805
8,49005
8,49109
8,49177
8,49212
8,50249
8,49459
8,49484
8,50496
8,49643
8,50567
8,50704
8,50782
8,50882
8,50095
8,51035
8,51036
8,50224
8,50255
8,51160
8,51165
8,51189
8,50552
8,51604
8,51687
8,51729
8,51750
8,51772
8,51794
8,51795
8,51969
8,51069
8,52050
8,52317
8,52395
8,52774
8,51991
8,52967
8,52123
8,53037
8,53068
8,53191
8,52336
8,53251
8,52371
8,53431
8,52553
8,52575
8,53511
8,53623
8,53734
8,53066
8,53113
8,54073
8,54076
8,53246
8,54311
8,54543
8,54596
8,54798
8,54956
8,55195
8,54404
8,54902
9,32400
9,33002
9,33720
9,33947
9,34166
9,34240
9,33374
9,34576
9,34675
9,34751
9,34865
9,34884
9,34241
9,35522
9,35050
9,36247
9,36343
9,35479
9,36462
9,35629
9,35671
9,35692
9,36623
9,37408
9,37434
9,37557
9,37633
9,37165
9,38109
9,37362
9,37439
9,38528
9,38770
9,38823
9,38909
9,38991
9,38128
9,39891
9,40128
9,40135
9,40181
9,39481
9,40479
9,39717
9,40795
9,40803
9,40094
9,41071
9,41118
9,41389
9,41531
9,41614
9,41685
9,40813
9,40936
9,41958
9,41959
9,41968
9,42005
9,41458
9,42364
9,42401
9,42451
9,41768
9,42739
9,42875
9,42002
9,43153
9,43303
9,43311
9,43354
9,43389
9,43392
9,43466
9,43488
9,43627
9,42836
9,43758
9,43775
9,42923
9,43933
9,43049
9,44097
9,44144
9,43273
9,43361
9,43371
9,43392
9,43904
9,44984
9,45125
9,45157
9,44326
9,45308
9,44410
9,44430
9,45438
9,45449
9,44549
9,45567
9,45699
9,45734
9,45766
9,44970
9,45900
9,45908
9,46120
9,46211
9,45401
9,45477
9,46462
9,45691
9,46709
9,46811
9,45969
9,45974
9,46879
9,46992
9,47061
9,47137
9,47167
9,47183
9,47328
9,47348
9,47485
9,47612
9,46735
9,46749
9,47732
9,47769
9,46900
9,47803
9,48012
9,47206
9,48197
9,48960
9,48119
9,48188
9,49110
9,49435
9,49788
9,50117
9,49250
9,50200
9,50206
9,50275
9,50385
9,50413
9,50513
9,50799
9,51003
9,51139
9,51208
9,51475
9,51751
9,51877
9,52090
9,51240
9,52444
9,52510
9,51636
9,52935
9,53047
9,52281
9,53469
9,53527
9,53813
9,53968
9,53235
9,54168
9,54228
9,54270
9,54289
9,53467
9,53581
9,54682
9,54740
9,53846
9,54976
9,54986
9,55046
9,55049
9,55101
9,55062
10,32400
10,32408
10,32427
10,33898
10,34338
10,33473
10,33671
10,34697
10,34746
10,35338
10,35369
10,35409
10,34552
10,35523
10,35843
10,35214
10,36195
10,36229
10,35340
10,36342
10,36963
10,37182
10,37472
10,37492
10,37993
10,38379
10,37518
10,37607
10,38731
10,38983
10,39319
10,38575
10,40147
10,40186
10,40401
10,39607
10,40565
10,40596
10,40625
10,39746
10,40652
10,40652
10,39858
10,40097
10,41133
10,41158
10,41449
10,41476
10,40874
10,41887
10,42043
10,41278
10,42205
10,42214
10,41404
10,42475
10,41655
10,41706
10,41740
10,41782
10,42793
10,42799
10,42995
10,42163
10,43108
10,42319
10,43257
10,42441
10,43364
10,42569
10,43492
10,43516
10,42651
10,42671
10,43636
10,42747
10,43675
10,43790
10,42942
10,43911
10,43082
10,44044
10,44070
10,43182
10,44124
10,43224
10,44214
10,44437
10,44513
10,44553
10,43747
10,44678
10,44836
10,44895
10,44008
10,44169
10,45076
10,45114
10,45244
10,45256
10,45335
10,44486
10,45394
10,45580
10,45642
10,45697
10,44825
10,45748
10,45802
10,45951
10,45051
10,45146
10,46106
10,45366
10,45379
10,46285
10,46422
10,46609
10,45905
10,46887
10,46893
10,46979
10,46082
10,46085
10,47108
10,47113
10,46568
10,47564
10,47887
10,47917
10,47940
10,47987
10,47281
10,48228
10,47332
10,48341
10,47461
10,47852
10,48788
10,47938
10,49070
10,48184
10,49170
10,49172
10,48359
10,49332
10,49515
10,48631
10,49594
10,49632
10,50171
10,50408
10,50632
10,49954
10,50919
10,51022
10,51027
10,51032
10,51102
10,50392
10,51519
10,51530
10,51968
10,51143
10,52191
10,52218
10,52322
10,52799
10,51961
10,52894
10,52988
10,52100
10,53189
10,52383
10,52604
10,53517
10,54026
10,54032
10,54061
10,54119
10,54145
10,53566
10,54641
10,53871
10,54979
10,54350
10,54402
10,55121
11,32400
11,32460
11,31562
11,33145
11,32662
11,33619
11,33727
11,33283
11,33622
11,34603
11,34809
11,34813
11,35051
11,35075
11,35014
11,35149
11,36261
11,35455
11,36100
11,37003
11,37105
11,37277
11,37447
11,37609
11,37729
11,37796
11,37269
11,38443
11,38565
11,38859
11,38873
11,38076
11,38106
11,39111
11,38449
11,38734
11,40230
11,40315
11,40333
11,40445
11,39546
11,39678
11,39787
11,39791
11,40789
11,40810
11,40872
11,40877
11,40015
11,41109
11,41162
11,41215
11,41320
11,41321
11,41383
11,41678
11,41798
11,41853
11,41935
11,42080
11,42102
11,42490
11,42686
11,41951
11,42911
11,42019
11,42022
11,42976
11,43168
11,43217
11,43224
11,43240
11,43309
11,43323
11,43411
11,43493
11,43741
11,42890
11,42893
11,43975
11,43991
11,44094
11,44098
11,43273
11,43278
11,44218
11,44320
11,44372
11,43507
11,43536
11,44600
11,44628
11,44636
11,44664
11,43973
11,44149
11,45079
11,45298
11,45313
11,45360
11,45388
11,45430
11,45475
11,44583
11,45520
11,45600
11,45774
11,45923
11,46266
11,46603
11,45710
11,46676
11,46688
11,46726
11,45853
11,45966
11,46870
11,47116
11,46245
11,47274
11,47348
11,46474
11,47441
11,47459
11,47519
11,46627
11,46798
11,48043
11,48051
11,48096
11,48137
11,48251
11,48318
11,48335
11,48485
11,47745
11,48811
11,48896
11,49277
11,49348
11,49476
11,49532
11,48715
11,49626
11,48780
11,49696
11,49830
11,49969
11,49108
11,50028
11,49244
11,50178
11,50336
11,49750
11,49817
11,50780
11,50830
11,50055
11,50191
11,50273
11,50392
11,51331
11,51359
11,51400
11,51460
11,51600
11,51631
11,51698
11,51710
11,50818
11,50860
11,51018
11,52070
11,52247
11,52250
11,52389
11,52491
11,52707
11,52854
11,51977
11,53207
11,52467
11,52532
11,53458
11,54114
11,54153
11,54165
11,54200
11,54226
11,54252
11,53377
11,53447
11,53448
11,54453
11,54471
11,54885
11,55155
11,54399
11,54416
11,54541
11,54627
11,54715
11,54843
11,54864
11,54868
12,32400
12,31543
12,32469
12,32609
12,32908
12,33313
12,33357
12,32601
12,33808
12,33816
12,33881
12,34226
12,34506
12,34509
12,33617
12,34541
12,33893
12,34799
12,34939
12,34198
12,34296
12,35356
12,35381
12,35498
12,34898
12,35944
12,36233
12,36373
12,36439
12,35583
12,36631
12,36879
12,36005
12,37261
12,37633
12,36990
12,38060
12,37450
12,38517
12,37851
12,38976
12,39632
12,38835
12,39777
12,39919
12,39079
12,40077
12,40143
12,40220
12,40241
12,40424
12,40564
12,39690
12,39729
12,40811
12,40827
12,40849
12,40881
12,40919
12,40948
12,40966
12,40990
12,41082
12,41101
12,41218
12,41596
12,41814
12,41859
12,41971
12,41987
12,41117
12,41124
12,42033
12,42034
12,42103
12,41268
12,41446
12,42437
12,42451
12,41662
12,42635
12,41883
12,42918
12,43067
12,42186
12,43219
12,42382
12,42483
12,43425
12,43430
12,42626
12,43528
12,43653
12,43715
12,43864
12,43900
12,43908
12,43972
12,43096
12,44018
12,44043
12,44108
12,44218
12,44233
12,44238
12,44393
12,43532
12,44453
12,43919
12,43932
12,44928
12,45152
12,45195
12,44593
12,45565
12,45697
12,44890
12,45796
12,46088
12,46232
12,46256
12,45446
12,46432
12,45738
12,46668
12,46795
12,46868
12,46926
12,46952
12,46108
12,46126
12,46159
12,47159
12,47197
12,47213
12,47564
12,47636
12,47781
12,47165
12,48168
12,48250
12,48467
12,48598
12,48858
12,48249
12,49158
12,49200
12,49311
12,49324
12,49522
12,49628
12,49660
12,49734
12,49761
12,49800
12,49823
12,50176
12,50322
12,49483
12,50426
12,50815
12,49951
12,50992
12,51016
12,51211
12,50378
12,51293
12,51317
12,50514
12,50536
12,51491
12,51599
12,50905
12,52292
12,51702
12,51901
12,52841
12,51974
12,52892
12,52895
12,53012
12,52226
12,53140
12,53436
12,53502
12,53672
12,52992
12,53977
12,54146
12,54242
12,54250
12,53422
12,54412
12,53661
12,54653
12,54949
12,54990
12,54156
12,54185
12,54217
12,54429
12,54621
13,32400
13,32500
13,32519
13,32705
13,33519
13,33683
13,33722
13,33032
13,34109
13,34611
13,34242
13,34328
13,35260
13,35558
13,35622
13,35733
13,35860
13,35923
13,35204
13,36475
13,36480
13,35610
13,36605
13,36798
13,36870
13,36075
13,37056
13,36194
13,36263
13,37175
13,37572
13,37861
13,38092
13,37692
13,38683
13,40026
13,40672
13,39779
13,40697
13,40722
13,39911
13,40821
13,40947
13,40962
13,41090
13,40283
13,41377
13,41436
13,41562
13,41750
13,41807
13,41835
13,41003
13,42003
13,42022
13,41378
13,42326
13,41432
13,42391
13,42410
13,42489
13,42643
13,42711
13,42738
13,41850
13,43047
13,43068
13,43283
13,42453
13,43430
13,43574
13,43618
13,43828
13,43929
13,43943
13,43972
13,43073
13,43991
13,43168
13,43371
13,44286
13,44299
13,44324
13,44364
13,43544
13,43584
13,44507
13,44520
13,43648
13,43673
13,44662
13,45083
13,45109
13,45200
13,45294
13,45325
13,44626
13,45653
13,45698
13,45755
13,45818
13,45967
13,45199
13,46129
13,46250
13,46266
13,46326
13,46415
13,45683
13,45954
13,46877
13,47089
13,46610
13,47523
13,46686
13,46966
13,47882
13,47033
13,47971
13,47976
13,48117
13,48130
13,47292
13,47311
13,48238
13,48251
13,48336
13,48808
13,48950
13,49001
13,49039
13,49166
13,49208
13,49354
13,49522
13,49532
13,49624
13,49037
13,50025
13,50140
13,49353
13,50420
13,50567
13,49739
13,50644
13,50759
13,50866
13,50900
13,50913
13,50053
13,51041
13,51357
13,51547
13,51675
13,52044
13,51204
13,52233
13,52402
13,52484
13,52534
13,52649
13,51912
13,52820
13,51983
13,52924
13,52969
13,53144
13,53235
13,53305
13,53341
13,52447
13,53587
13,53821
13,52987
13,54082
13,53307
13,53531
13,54761
13,54804
13,54843
13,55187
13,54456
13,54854
13,54943
14,32400
14,32432
14,31666
14,32920
14,32924
14,33100
14,32389
14,33370
14,32489
14,33606
14,33619
14,33938
14,33986
14,33352
14,34367
14,34874
14,34190
14,35235
14,35362
14,35695
14,35941
14,36078
14,36086
14,36201
14,36287
14,36340
14,36364
14,36395
14,36550
14,36752
14,36780
14,36841
14,36890
14,37602
14,38227
14,37384
14,39212
14,39495
14,40140
14,40217
14,39479
14,40438
14,39553
14,39639
14,40697
14,39797
14,40850
14,40902
14,40981
14,40087
14,41374
14,41389
14,40580
14,41486
14,40740
14,41688
14,41876
14,41093
14,42145
14,41331
14,41413
14,41439
14,41447
14,41516
14,42556
14,42684
14,42745
14,42783
14,42842
14,42995
14,43315
14,43320
14,43490
14,43652
14,43690
14,43698
14,43757
14,42917
14,43820
14,42935
14,43409
14,44370
14,44483
14,44537
14,44549
14,44692
14,44711
14,44871
14,44921
14,44986
14,45005
14,45044
14,44187
14,45107
14,44504
14,45431
14,45473
14,45484
14,45509
14,45526
14,45808
14,45850
14,45071
14,46059
14,45208
14,45378
14,45529
14,46468
14,45569
14,45689
14,46650
14,46658
14,46706
14,45900
14,45990
14,46903
14,46961
14,46995
14,47138
14,47227
14,47245
14,47333
14,47423
14,47613
14,47635
14,47690
14,47035
14,47983
14,48283
14,47423
14,48325
14,48439
14,48461
14,48703
14,49564
14,49571
14,48723
14,49859
14,49062
14,49136
14,50099
14,49245
14,49466
14,50594
14,50798
14,50942
14,51021
14,51040
14,50143
14,50186
14,51155
14,51185
14,51459
14,51459
14,50568
14,50658
14,51762
14,52307
14,52547
14,51729
14,53083
14,53113
14,53130
14,53193
14,53203
14,53625
14,53696
14,53756
14,53960
14,53299
14,53672
14,53871
14,55048
14,55088
14,54455
14,54564
15,32400
15,31547
15,31671
15,32719
15,32865
15,32055
15,33284
15,32410
15,32452
15,33394
15,33594
15,33596
15,32764
15,33832
15,34172
15,33373
15,34354
15,34841
15,34843
15,34967
15,34073
15,35079
15,34210
15,35341
15,35702
15,35354
15,36383
15,36442
15,36743
15,35937
15,36888
15,37117
15,36230
15,37186
15,37307
15,36480
15,37819
15,37870
15,37301
15,38286
15,37583
15,38656
15,38671
15,38985
15,38198
15,38236
15,39189
15,38295
15,39200
15,39205
15,38392
15,39377
15,39413
15,38534
15,39489
15,38710
15,39677
15,38800
15,38863
15,40041
15,40045
15,40125
15,40223
15,40304
15,39569
15,39579
15,40518
15,39636
15,39728
15,39822
15,41009
15,41019
15,41149
15,41157
15,41334
15,40538
15,41524
15,41550
15,41575
15,41590
15,41654
15,41856
15,41123
15,42252
15,42268
15,42425
15,42548
15,41671
15,42597
15,42613
15,42768
15,41888
15,42904
15,42932
15,42070
15,43001
15,43032
15,42215
15,42247
15,43188
15,43269
15,43316
15,42435
15,43383
15,43486
15,42622
15,43585
15,43602
15,43744
15,43878
15,44046
15,44126
15,43262
15,44223
15,44262
15,44405
15,44429
15,44481
15,44568
15,43878
15,44840
15,44842
15,44869
15,44875
15,44001
15,44055
15,45070
15,44253
15,45161
15,45175
15,45277
15,45359
15,45447
15,44830
15,45821
15,44971
15,45136
15,45156
15,46112
15,46122
15,45253
15,46181
15,46441
15,46538
15,45679
15,46603
15,45720
15,45914
15,46907
15,46915
15,46917
15,46936
15,46979
15,46143
15,46165
15,46196
15,47097
15,47139
15,46377
15,47463
15,47596
15,47635
15,48258
15,47451
15,47519
15,47814
15,47859
15,48762
15,48046
15,48948
15,48249
15,49334
15,49453
15,49700
15,49810
15,50034
15,50062
15,49191
15,50135
15,49857
15,50055
15,50133
15,51142
15,51160
15,50463
15,51403
15,50865
15,51779
15,50922
15,52195
15,52207
15,52286
15,52420
15,51679
15,52691
15,52727
15,51853
15,51893
15,52809
15,52974
15,53053
15,53086
15,53233
15,52363
15,53274
15,53345
15,53509
15,53668
15,53696
15,53702
15,53703
15,53755
15,52949
15,54170
15,53274
15,54190
15,53362
15,53645
15,54676
15,54694
15,54697
15,54819
15,54759
15,55194
16,32400
16,32401
16,33002
16,33634
16,33901
16,34130
16,34682
16,34965
16,35037
16,35091
16,35692
16,35704
16,36086
16,36235
16,36629
16,36134
16,36173
16,36387
16,36844
16,37755
16,38077
16,38429
16,38542
16,38673
16,38760
16,38401
16,39343
16,39423
16,39830
16,39851
16,40075
16,40094
16,40197
16,40305
16,39440
16,39498
16,40431
16,40502
16,39799
16,40958
16,41023
16,41227
16,40461
16,41437
16,40560
16,41519
16,41577
16,41858
16,41937
16,41974
16,41077
16,42002
16,42009
16,42036
16,42164
16,42229
16,42293
16,41521
16,42431
16,41767
16,41804
16,41820
16,42743
16,42798
16,42958
16,42991
16,42159
16,43291
16,43467
16,43699
16,43975
16,43981
16,44019
16,44170
16,44383
16,44394
16,44402
16,43541
16,43588
16,44553
16,43654
16,44562
16,43748
16,44661
16,44663
16,44815
16,44865
16,44136
16,45046
16,44199
16,45207
16,45207
16,45242
16,45246
16,45386
16,44491
16,44514
16,45863
16,45923
16,45127
16,46091
16,46116
16,45227
16,46213
16,46255
16,45577
16,45593
16,46542
16,46659
16,45772
16,46749
16,46848
16,47263
16,47313
16,46460
16,46561
16,47647
16,47648
16,47773
16,47251
16,47550
16,47673
16,47951
16,48227
16,49221
16,48366
16,49271
16,49421
16,49466
16,48608
16,49568
16,48770
16,49957
16,50073
16,50183
16,50464
16,50582
16,50707
16,50734
16,50037
16,50153
16,50314
16,51300
16,51301
16,51332
16,51463
16,51478
16,51495
16,51589
16,50907
16,52038
16,52220
16,52239
16,52385
16,52403
16,51635
16,53140
16,53179
16,52510
16,53646
16,53929
16,54192
16,54268
16,54390
16,53491
16,54497
16,54516
16,55074
16,54344
16,54365
16,54499
16,54766
17,32400
17,31720
17,32692
17,33166
17,32523
17,33530
17,33912
17,33030
17,34030
17,33363
17,34438
17,34640
17,34676
17,34841
17,35245
17,34399
17,35610
17,34727
17,35138
17,36176
17,36392
17,36455
17,36503
17,36730
17,35940
17,36000
17,36063
17,37088
17,37271
17,37609
17,37794
17,37807
17,37094
17,38172
17,37570
17,38841
17,38006
17,39085
17,39443
17,39852
17,39920
17,39970
17,40132
17,40181
17,40212
17,39366
17,40337
17,40363
17,39531
17,40479
17,40528
17,39635
17,39648
17,40637
17,39778
17,39869
17,40814
17,40069
17,40135
17,41070
17,40252
17,41206
17,41274
17,41289
17,41471
17,40814
17,41743
17,40888
17,40991
17,41900
17,41040
17,41943
17,41057
17,42003
17,42016
17,42285
17,42471
17,42504
17,41608
17,42544
17,42700
17,42859
17,42045
17,42048
17,43006
17,43019
17,43199
17,43248
17,43259
17,42376
17,42557
17,43647
17,43718
17,43719
17,43868
17,43007
17,43023
17,43146
17,43288
17,44305
17,43427
17,44343
17,44351
17,44373
17,44464
17,44544
17,43647
17,44553
17,44579
17,44597
17,44637
17,44726
17,44733
17,44743
17,44829
17,44913
17,44930
17,44936
17,44949
17,44978
17,45015
17,45104
17,45129
17,44370
17,45344
17,45346
17,45536
17,44697
17,44708
17,45658
17,45797
17,45829
17,45449
17,45495
17,45551
17,45855
17,47041
17,47156
17,47165
17,47242
17,46434
17,47388
17,47487
17,47929
17,48098
17,47233
17,48345
17,48362
17,47494
17,48662
17,48689
17,47924
17,48019
17,48953
17,49149
17,49202
17,48433
17,48500
17,49427
17,49445
17,48604
17,49687
17,49738
17,49767
17,48931
17,49997
17,49295
17,49473
17,49501
17,49592
17,50871
17,50874
17,51416
17,51973
17,52009
17,52069
17,51221
17,52184
17,52303
17,52310
17,52489
17,51764
17,51776
17,52947
17,53308
17,53397
17,53527
17,53021
17,53054
17,54007
17,54056
17,53169
17,54268
17,53398
17,53547
17,54681
17,54718
17,54755
17,54942
17,55015
17,55086
18,32400
18,32489
18,31827
18,31997
18,32899
18,33078
18,33569
18,33656
18,33782
18,34178
18,33352
18,34580
18,34853
18,33992
18,34923
18,34096
18,34430
18,34743
18,35782
18,35798
18,35877
18,35910
18,35916
18,35937
18,36073
18,35565
18,36112
18,37101
18,37366
18,37416
18,37462
18,37521
18,37616
18,38051
18,38211
18,37313
18,37674
18,37723
18,38910
18,38971
18,39268
18,39732
18,38929
18,39054
18,40162
18,39286
18,40219
18,40247
18,40386
18,40388
18,39506
18,40570
18,40698
18,40804
18,39919
18,40886
18,40893
18,40966
18,40975
18,40191
18,41189
18,41242
18,41274
18,41282
18,41291
18,41311
18,41615
18,41887
18,42152
18,42210
18,41328
18,42321
18,42441
18,41608
18,42552
18,42645
18,41812
18,41984
18,42907
18,42046
18,42967
18,42240
18,42279
18,42310
18,43431
18,43788
18,42910
18,43867
18,43936
18,43162
18,43169
18,44144
18,44175
18,44254
18,43439
18,44434
18,43666
18,44575
18,43769
18,43774
18,44741
18,43873
18,43907
18,44008
18,44951
18,45093
18,45297
18,45324
18,44559
18,44589
18,45517
18,45520
18,45524
18,45635
18,44766
18,45692
18,45855
18,45923
18,45944
18,45128
18,45570
18,46871
18,46215
18,47191
18,47203
18,47232
18,47253
18,47279
18,46581
18,47503
18,47508
18,46684
18,47823
18,47831
18,47972
18,48260
18,48429
18,48518
18,48520
18,47786
18,48767
18,49029
18,49043
18,48298
18,48654
18,49614
18,49644
18,49741
18,49945
18,50172
18,49676
18,49880
18,49886
18,49953
18,51344
18,51417
18,51489
18,50671
18,50870
18,51989
18,52000
18,52127
18,52159
18,52554
18,52734
18,52743
18,52747
18,52872
18,52066
18,53071
18,52451
18,53374
18,53591
18,53692
18,53704
18,52850
18,52998
18,54123
18,53238
18,53400
18,54323
18,54404
18,54453
18,54608
18,54635
18,53737
18,54636
18,54675
18,54769
18,54954
18,54980
18,55054
18,55222
19,32400
19,32424
19,32792
19,32907
19,32985
19,32997
19,33417
19,33474
19,32837
19,33800
19,34239
19,34239
19,33492
19,34419
19,34640
19,34126
19,35264
19,35282
19,34455
19,35420
19,35710
19,36082
19,36348
19,36404
19,35531
19,36538
19,36653
19,36726
19,36726
19,35968
19,37090
19,37954
19,37957
19,38140
19,38211
19,38431
19,37611
19,38519
19,37853
19,38103
19,39005
19,39213
19,39250
19,39300
19,39306
19,39463
19,39560
19,39597
19,39683
19,40129
19,40280
19,40376
19,39551
19,40452
19,40490
19,40504
19,40518
19,40646
19,40647
19,40714
19,40737
19,40943
19,40071
19,41082
19,41111
19,41198
19,40306
19,40321
19,41371
19,41449
19,40644
19,40650
19,40868
19,41806
19,41916
19,41951
19,42022
19,42051
19,42086
19,41210
19,42265
19,42543
19,42560
19,42568
19,41686
19,41697
19,42606
19,42658
19,41801
19,41810
19,42911
19,43054
19,43093
19,42250
19,43195
19,43345
19,43401
19,43619
19,42795
19,43792
19,43883
19,42998
19,43016
19,44436
19,44464
19,44499
19,44623
19,44662
19,45194
19,45221
19,44366
19,45369
19,45621
19,45663
19,45666
19,44775
19,44827
19,44844
19,44846
19,45761
19,46050
19,46075
19,46082
19,45190
19,46186
19,46243
19,46263
19,46433
19,45535
19,46438
19,45632
19,46534
19,45708
19,46724
19,46820
19,46837
19,46988
19,47263
19,47331
19,47355
19,47438
19,46723
19,47924
19,47144
19,47400
19,48468
19,48469
19,48667
19,48815
19,47997
19,48179
19,48180
19,49108
19,48477
19,49568
19,49618
19,49089
19,49460
19,49470
19,50725
19,50834
19,50854
19,50929
19,50962
19,51106
19,50244
19,50308
19,50528
19,51475
19,50866
19,51866
19,51955
19,52068
19,51413
19,52542
19,51953
19,52888
19,52131
19,53197
19,52413
19,52429
19,52465
19,52573
19,53481
19,52593
19,53628
19,53965
19,54278
19,53382
19,54298
19,53435
19,54577
19,54592
19,54649
19,53846
19,53966
19,54879
19,54940
19,55062
19,55132
19,55187
19,54421
19,54811
19,55041
19,55160
20,32400
20,31786
20,32815
20,33279
20,33689
20,34418
20,34824
20,33948
20,35048
20,35074
20,35457
20,36006
20,36228
20,35402
20,35523
20,35570
20,36991
20,36220
20,37248
20,37283
20,36415
20,37499
20,37515
20,37533
20,36860
20,38057
20,37398
20,37534
20,38489
20,38490
20,37663
20,38728
20,39038
20,39054
20,39102
20,38411
20,39420
20,39938
20,40014
20,40031
20,40267
20,40278
20,40467
20,40484
20,40497
20,39789
20,40806
20,40938
20,40940
20,40357
20,41315
20,41410
20,40544
20,40574
20,41575
20,41628
20,41740
20,41864
20,40995
20,41035
20,41071
20,42021
20,42126
20,41383
20,42285
20,42292
20,42325
20,42398
20,41502
20,42403
20,41698
20,42603
20,42723
20,42889
20,43013
20,43076
20,43121
20,43170
20,43273
20,43433
20,42569
20,43490
20,43610
20,43649
20,43703
20,43718
20,43770
20,43870
20,43040
20,44045
20,44055
20,44071
20,43449
20,43716
20,44625
20,43915
20,44830
20,44263
20,45174
20,45175
20,45229
20,45385
20,45393
20,45431
20,45513
20,45563
20,45568
20,45576
20,44705
20,45618
20,45626
20,44742
20,44908
20,45809
20,45844
20,45931
20,45972
20,45109
20,46027
20,46045
20,46106
20,45236
20,46571
20,46669
20,46687
20,46735
20,45878
20,46806
20,46914
20,47102
20,47169
20,47230
20,47342
20,47478
20,47480
20,46617
20,46632
20,46722
20,46762
20,47781
20,47941
20,48014
20,48054
20,48181
20,47377
20,48520
20,49048
20,49266
20,49296
20,49337
20,49373
20,49520
20,48758
20,49891
20,49915
20,49164
20,50105
20,50119
20,50185
20,50236
20,49446
20,49526
20,50427
20,50514
20,50551
20,51006
20,50193
20,50267
20,50359
20,50432
20,51351
20,51536
20,51633
20,51825
20,50974
20,51982
20,51138
20,52074
20,51280
20,52237
20,52764
20,52034
20,52248
20,53186
20,53255
20,52528
20,53544
20,53547
20,53715
20,53929
20,53064
20,53976
20,54007
20,54098
20,54319
20,54332
20,53554
20,54476
20,53583
20,54528
20,53652
20,54648
20,54762
20,54930
20,55006
20,55170
20,54618
20,54766
20,54833
20,54996
20,55115
21,32400
21,32480
21,31748
21,31771
21,31920
21,32474
21,33392
21,33466
21,32620
21,32738
21,33112
21,34084
21,33303
21,33342
21,34544
21,34697
21,34153
21,34632
21,34717
21,35683
21,34899
21,35819
21,35050
21,35351
21,36444
21,36518
21,35640
21,36890
21,37021
21,37022
21,36215
21,37357
21,37718
21,36986
21,37298
21,38205
21,38385
21,38404
21,38502
21,38598
21,39173
21,38445
21,38512
21,38833
21,40153
21,40158
21,40250
21,39365
21,40376
21,39578
21,40504
21,39649
21,40620
21,40672
21,40754
21,40910
21,40910
21,40927
21,40931
21,40981
21,41011
21,41119
21,40326
21,41339
21,40445
21,40463
21,41404
21,41547
21,41741
21,41763
21,40933
21,40989
21,42134
21,42142
21,41272
21,42183
21,42218
21,42225
21,41435
21,42422
21,41620
21,42545
21,41720
21,42638
21,42709
21,42808
21,42855
21,42961
21,42983
21,43034
21,43243
21,42389
21,42439
21,42511
21,43424
21,43438
21,43632
21,43733
21,43767
21,43809
21,43903
21,43060
21,44224
21,44248
21,44285
21,44306
21,44368
21,43583
21,44494
21,43716
21,44630
21,43783
21,43820
21,44776
21,44820
21,44832
21,44053
21,44974
21,44139
21,44229
21,44288
21,45397
21,45416
21,44566
21,45494
21,44688
21,44734
21,45923
21,45069
21,45165
21,46240
21,46267
21,46443
21,46512
21,46609
21,45797
21,46778
21,45881
21,46849
21,46916
21,47065
21,46253
21,46296
21,46367
21,46372
21,46391
21,47356
21,47418
21,47531
21,47546
21,47628
21,46796
21,47721
21,47063
21,47365
21,47420
21,48582
21,48690
21,47990
21,49321
21,48523
21,49738
21,49825
21,49856
21,50180
21,50368
21,49552
21,50850
21,50883
21,51102
21,50206
21,51107
21,51140
21,51189
21,50407
21,51385
21,51471
21,51487
21,51563
21,50944
21,51171
21,51208
21,51345
21,52446
21,52640
21,51797
21,51830
21,52751
21,52868
21,53054
21,53217
21,53523
21,52729
21,53714
21,53867
21,52984
21,53951
21,54013
21,54089
21,53272
21,53483
21,54400
21,54402
21,54833
21,55086
21,55178
21,55250
21,54483
21,54514
21,54722
21,54727
21,54817
21,55172
22,32400
22,32564
22,31843
22,31983
22,33106
22,33252
22,33378
22,32605
22,33691
22,33752
22,34244
22,34546
22,34669
22,34859
22,34875
22,34066
22,35127
22,35793
22,36103
22,36119
22,36126
22,35407
22,36486
22,36558
22,36569
22,37047
22,36395
22,36543
22,37577
22,36808
22,37965
22,37361
22,38880
22,39245
22,39372
22,39419
22,39841
22,40242
22,40272
22,40294
22,40326
22,39733
22,40723
22,39932
22,40952
22,40990
22,40111
22,41179
22,41313
22,41363
22,41372
22,41389
22,41391
22,41435
22,41503
22,41560
22,41723
22,40830
22,41789
22,41939
22,42148
22,42242
22,42320
22,42325
22,42337
22,42389
22,42403
22,42431
22,42639
22,42034
22,42940
22,43002
22,42122
22,43087
22,43106
22,43262
22,43370
22,42482
22,43405
22,42685
22,42860
22,43804
22,43102
22,44058
22,44063
22,44424
22,44491
22,44723
22,43850
22,44765
22,44946
22,44960
22,44109
22,44207
22,45180
22,44651
22,45559
22,45603
22,44751
22,45748
22,45820
22,45837
22,45890
22,45985
22,45994
22,45179
22,45340
22,45379
22,45484
22,46430
22,46545
22,45718
22,45891
22,46816
22,45937
22,46056
22,46981
22,46135
22,47082
22,46384
22,46400
22,47423
22,47482
22,47698
22,48065
22,47179
22,48317
22,48337
22,47448
22,48497
22,47634
22,48551
22,48675
22,47927
22,47979
22,48894
22,48015
22,49014
22,49058
22,48388
22,48614
22,49599
22,48799
22,49740
22,48848
22,49777
22,49859
22,49211
22,49298
22,50297
22,50366
22,49527
22,50463
22,50478
22,50545
22,50548
22,49733
22,50735
22,50787
22,50863
22,51061
22,51306
22,51498
22,51511
22,50634
22,51605
22,51611
22,51703
22,51706
22,52045
22,52158
22,51336
22,52653
22,52729
22,51872
22,53051
22,52305
22,53281
22,52644
22,53548
22,53747
22,53752
22,53894
22,53941
22,53067
22,54068
22,54156
22,54441
22,53632
22,53678
22,53698
22,54666
22,54698
22,53994
22,55061
22,54206
22,55205
22,55248
23,32400
23,31927
23,33276
23,34200
23,33914
23,34942
23,34081
23,34384
23,35548
23,35588
23,36421
23,36627
23,36674
23,36826
23,36958
23,36385
23,37487
23,36885
23,37911
23,37166
23,38251
23,37414
23,38597
23,37735
23,38990
23,39105
23,39418
23,39420
23,39506
23,39740
23,39881
23,40240
23,40502
23,39697
23,40714
23,39916
23,40918
23,40994
23,40117
23,40200
23,41206
23,41330
23,41391
23,41446
23,41669
23,40815
23,41720
23,41799
23,41830
23,41840
23,41931
23,41031
23,41993
23,42082
23,42126
23,42313
23,41435
23,42345
23,42412
23,42498
23,42530
23,41698
23,42627
23,42674
23,42804
23,42011
23,42105
23,43067
23,43177
23,43202
23,43234
23,42341
23,43487
23,42645
23,44025
23,44087
23,43230
23,44152
23,43288
23,44274
23,44459
23,44543
23,44668
23,43892
23,44828
23,43970
23,44009
23,44025
23,44026
23,44970
23,44135
23,45066
23,45183
23,45198
23,45236
23,45275
23,45387
23,45420
23,45613
23,45732
23,45780
23,45023
23,45041
23,45970
23,45225
23,46157
23,46203
23,46216
23,46444
23,46690
23,45794
23,46732
23,46812
23,47043
23,47052
23,47116
23,47119
23,46267
23,46288
23,47213
23,47302
23,46474
23,47423
23,46538
23,47620
23,47917
23,47983
23,47096
23,47137
23,48096
23,48418
23,48549
23,48782
23,48846
23,48877
23,48905
23,49092
23,49275
23,49333
23,48458
23,49489
23,49527
23,48650
23,49561
23,48743
23,49733
23,49775
23,49019
23,50062
23,50123
23,49272
23,49447
23,50873
23,49977
23,50015
23,50982
23,51261
23,50404
23,51637
23,50902
23,51903
23,51081
23,52038
23,51283
23,52374
23,52473
23,51593
23,52519
23,51621
23,52783
23,52850
23,53054
23,53249
23,52763
23,53842
23,53968
23,54102
23,53204
23,54185
23,54243
23,53361
23,54286
23,53530
23,54527
23,54564
23,54596
23,54693
23,54747
23,54858
23,55096
23,54432
23,54609
23,55195
24,32400
24,31668
24,32832
24,32035
24,33348
24,33457
24,33497
24,33553
24,33672
24,33913
24,33980
24,35269
24,35506
24,34663
24,35584
24,35694
24,35742
24,35890
24,35963
24,36214
24,36791
24,36872
24,36888
24,37716
24,38108
24,38424
24,38488
24,38927
24,38248
24,39297
24,39388
24,38513
24,39448
24,39550
24,39837
24,39879
24,39927
24,40117
24,40365
24,40439
24,39676
24,40632
24,40067
24,40083
24,41062
24,41070
24,41072
24,41094
24,40334
24,41257
24,41445
24,41499
24,41501
24,41536
24,40681
24,41638
24,40791
24,40975
24,41993
24,42042
24,42081
24,42323
24,42497
24,42499
24,42605
24,42677
24,42742
24,42753
24,42845
24,41969
24,42916
24,43042
24,43114
24,43137
24,43196
24,43451
24,42824
24,43772
24,42920
24,43888
24,43005
24,43132
24,44051
24,44075
24,44158
24,43287
24,44251
24,44357
24,43465
24,43487
24,43537
24,44513
24,44563
24,44601
24,43821
24,44197
24,45262
24,44376
24,45304
24,44428
24,44435
24,44534
24,44634
24,45548
24,45570
24,45580
24,45698
24,45783
24,45801
24,44909
24,45972
24,46028
24,46043
24,46119
24,46163
24,45265
24,46204
24,46330
24,46408
24,46415
24,45662
24,45795
24,46730
24,46808
24,46105
24,46143
24,47051
24,46304
24,46377
24,47330
24,46463
24,46493
24,47524
24,47690
24,46865
24,46908
24,46987
24,48256
24,48323
24,47442
24,48603
24,47767
24,48766
24,48000
24,48952
24,49031
24,48259
24,49235
24,49425
24,49854
24,49165
24,50153
24,50176
24,50668
24,50684
24,49918
24,50957
24,51053
24,51056
24,50263
24,51319
24,51513
24,50799
24,51867
24,52021
24,52116
24,52386
24,51564
24,52486
24,52711
24,51855
24,52963
24,52065
24,53059
24,52275
24,53405
24,53415
24,53423
24,52632
24,53654
24,53673
24,53994
24,53252
24,54287
24,54287
24,54318
24,53552
24,54498
24,54725
24,53897
24,54798
24,53952
24,54078
24,55023
24,55087
24,55129
24,54279
24,54335
24,55245
24,54884
24,55062
24,55079
24,55202
24,55230
25,32400
25,32463
25,32890
25,33194
25,33479
25,33481
25,33789
25,32909
25,33872
25,34071
25,33263
25,33464
25,34566
25,34596
25,34724
25,34822
25,34894
25,35061
25,34287
25,35441
25,35476
25,35501
25,35875
25,36029
25,35387
25,36321
25,36347
25,35820
25,35846
25,36960
25,37408
25,36585
25,37606
25,36848
25,37962
25,37966
25,38106
25,39594
25,39892
25,40143
25,40342
25,40416
25,40447
25,40720
25,39847
25,39882
25,39955
25,41020
25,41029
25,41079
25,40362
25,40379
25,40399
25,41390
25,41404
25,41480
25,41548
25,41566
25,41580
25,40921
25,40930
25,41102
25,42186
25,42291
25,42315
25,42383
25,41585
25,41591
25,41606
25,42522
25,42578
25,42799
25,42857
25,42876
25,41984
25,42889
25,42955
25,42065
25,43004
25,43010
25,43020
25,43186
25,43311
25,43345
25,43513
25,42640
25,42804
25,43732
25,42888
25,42927
25,43918
25,44012
25,43122
25,43140
25,43159
25,43165
25,44105
25,43289
25,44249
25,43418
25,44326
25,44336
25,44503
25,43724
25,44854
25,44886
25,44989
25,45042
25,44174
25,45092
25,45103
25,44310
25,45316
25,45468
25,45507
25,45520
25,44688
25,45614
25,44798
25,45707
25,44877
25,44878
25,45832
25,44964
25,45914
25,45990
25,45310
25,46237
25,46238
25,45536
25,46491
25,45629
25,46548
25,45713
25,46638
25,46744
25,45986
25,46931
25,47270
25,46542
25,46577
25,47517
25,47533
25,47541
25,46682
25,47698
25,47825
25,47123
25,47183
25,48293
25,47449
25,48601
25,47869
25,49381
25,49570
25,48941
25,48941
25,50369
25,50402
25,50481
25,49891
25,50885
25,50953
25,51003
25,50461
25,50476
25,51413
25,50603
25,50832
25,51753
25,50884
25,51866
25,51885
25,52237
25,52533
25,52728
25,51922
25,52844
25,52950
25,53120
25,52343
25,53281
25,52394
25,52448
25,52585
25,53499
25,52669
25,53607
25,53614
25,53763
25,53977
25,54010
25,53296
25,53308
25,54250
25,54361
25,54511
25,53782
25,54817
25,54060
25,55133
25,55028
26,32400
26,31519
26,32854
26,32430
26,34057
26,33421
26,33511
26,34512
26,34913
26,35372
26,35460
26,35773
26,34895
26,36220
26,36305
26,35656
26,36711
26,36794
26,36871
26,37358
26,37422
26,37512
26,36762
26,37822
26,38162
26,38289
26,37487
26,38558
26,37792
26,38776
26,38779
26,38881
26,38885
26,38887
26,38405
26,39508
26,38663
26,39587
26,40032
26,40051
26,40084
26,40127
26,40383
26,40478
26,40491
26,39909
26,40810
26,39948
26,40903
26,40172
26,41144
26,41151
26,41186
26,41189
26,41311
26,40472
26,40551
26,41503
26,40710
26,41669
26,41671
26,41762
26,40866
26,40972
26,41906
26,41316
26,42279
26,42333
26,41574
26,42476
26,42661
26,42807
26,41935
26,42885
26,42891
26,42902
26,42905
26,43028
26,43098
26,43215
26,43261
26,42448
26,42619
26,43564
26,43607
26,43723
26,42869
26,42927
26,43879
26,43903
26,43346
26,43384
26,43455
26,44373
26,43473
26,43481
26,44394
26,44416
26,44567
26,44642
26,44643
26,43780
26,44723
26,44962
26,44092
26,45033
26,45084
26,44207
26,45165
26,45177
26,45324
26,44442
26,45618
26,44738
26,45650
26,45762
26,44899
26,44961
26,45964
26,46007
26,46105
26,46112
26,46147
26,46154
26,46174
26,46527
26,46538
26,46649
26,46669
26,46686
26,46709
26,46793
26,46867
26,46078
26,47042
26,46158
26,46243
26,47229
26,47336
26,46453
26,47470
26,46694
26,47977
26,47079
26,48045
26,48063
26,48342
26,48443
26,48483
26,48560
26,48620
26,48689
26,48718
26,49018
26,49051
26,48224
26,49143
26,48609
26,49560
26,49948
26,50051
26,49201
26,49568
26,49717
26,49807
26,50711
26,50852
26,50940
26,50084
26,51125
26,50284
26,51232
26,51258
26,50406
26,50440
26,51379
26,51404
26,50586
26,51686
26,50920
26,51105
26,52089
26,51202
26,52368
26,52607
26,51818
26,52035
26,53086
26,53174
26,52367
26,53288
26,53388
26,53454
26,53478
26,53636
26,53677
26,53714
26,53797
26,53863
26,54588
26,53821
26,54723
26,53887
26,55102
26,54233
26,54363
26,54867
26,54941
27,32400
27,32789
27,32906
27,33180
27,32330
27,33250
27,33414
27,32864
27,33582
27,34677
27,34843
27,35013
27,35175
27,35247
27,35255
27,35293
27,35333
27,34679
27,35616
27,36052
27,36231
27,35716
27,36617
27,36667
27,35927
27,36863
27,36282
27,36607
27,37917
27,37616
27,38162
27,39075
27,38179
27,38333
27,39487
27,39693
27,39740
27,38918
27,40021
27,40101
27,40205
27,40286
27,40401
27,40714
27,40855
27,40899
27,41061
27,40187
27,40308
27,40318
27,40405
27,41423
27,41539
27,40651
27,41698
27,41876
27,41129
27,42054
27,41159
27,42133
27,41267
27,41284
27,42255
27,41572
27,42494
27,42517
27,41621
27,42988
27,42130
27,43096
27,43174
27,43410
27,42529
27,43516
27,43597
27,43649
27,42767
27,43675
27,43798
27,43916
27,43958
27,44010
27,44053
27,44340
27,44381
27,44406
27,43530
27,44593
27,43695
27,44693
27,44905
27,45113
27,45229
27,45229
27,44332
27,45302
27,45522
27,45525
27,44773
27,45712
27,45731
27,45759
27,45796
27,45185
27,45189
27,46103
27,46104
27,46301
27,46331
27,46452
27,46549
27,46616
27,45748
27,46763
27,46997
27,47011
27,46160
27,47310
27,46612
27,47607
27,47680
27,47753
27,46953
27,47855
27,47906
27,47920
27,47936
27,47186
27,47203
27,48183
27,48211
27,48375
27,48391
27,47679
27,48721
27,48921
27,49008
27,49206
27,49305
27,49643
27,49810
27,49820
27,49926
27,49049
27,49507
27,50563
27,49800
27,50742
27,50769
27,51237
27,51395
27,50562
27,50895
27,51891
27,51893
27,52022
27,52316
27,52335
27,52352
27,52715
27,52726
27,51993
27,52925
27,53020
27,52265
27,53215
27,53427
27,53589
27,53683
27,53114
27,54090
27,54175
27,54220
27,54381
27,54430
27,54542
27,53883
27,54164
27,54244
27,54421
27,54844
27,54864
27,54928
27,55080
28,32400
28,32992
28,32124
28,33370
28,32477
28,33514
28,33692
28,34444
28,34502
28,34782
28,34844
28,34085
28,35115
28,35391
28,34674
28,35853
28,36251
28,36314
28,36596
28,36635
28,36834
28,36835
28,36958
28,37287
28,36538
28,36659
28,38027
28,37249
28,37504
28,38443
28,37805
28,38820
28,38828
28,38866
28,38938
28,38970
28,39319
28,39327
28,39398
28,39052
28,40230
28,40317
28,39441
28,40384
28,39536
28,39827
28,39835
28,39844
28,39892
28,40914
28,40922
28,40939
28,41008
28,41071
28,41125
28,40254
28,41212
28,41212
28,40337
28,41286
28,40448
28,41375
28,40560
28,41604
28,40793
28,41781
28,41823
28,41834
28,41852
28,40975
28,41886
28,42061
28,41168
28,42073
28,42205
28,42244
28,42257
28,41463
28,42435
28,41755
28,42707
28,42715
28,42743
28,42822
28,41973
28,42051
28,43056
28,43105
28,42335
28,43364
28,43421
28,43500
28,43568
28,42669
28,42703
28,43759
28,43857
28,43176
28,44268
28,43372
28,44298
28,44331
28,44356
28,44404
28,44430
28,43652
28,43715
28,43828
28,44810
28,44813
28,44989
28,44090
28,44125
28,44231
28,44272
28,44329
28,45343
28,45501
28,45657
28,45667
28,44845
28,45819
28,45040
28,45946
28,46006
28,46071
28,46090
28,46104
28,46104
28,45224
28,45430
28,46456
28,45627
28,46719
28,46805
28,46067
28,47048
28,46148
28,47072
28,47073
28,47161
28,47202
28,47250
28,47302
28,46487
28,46556
28,47476
28,47538
28,46760
28,47665
28,47757
28,47044
28,47077
28,48122
28,48216
28,48303
28,47431
28,48354
28,48523
28,47684
28,48740
28,48782
28,47888
28,47982
28,48888
28,48907
28,48347
28,49441
28,48552
28,49632
28,49763
28,49768
28,49834
28,48991
28,50047
28,50159
28,50307
28,49523
28,50481
28,50592
28,49884
28,49911
28,50082
28,51377
28,51426
28,50568
28,50582
28,51559
28,50723
28,51713
28,51744
28,51813
28,52008
28,52505
28,52531
28,52557
28,52712
28,52113
28,53179
28,52291
28,53353
28,53428
28,52615
28,52709
28,52735
28,53695
28,52849
28,53836
28,53891
28,54215
28,53386
28,53387
28,54395
28,53607
28,53622
28,53711
28,54723
28,53954
28,54103
28,55008
28,55016
28,55071
28,54354
28,54652
28,55155
29,32400
29,32535
29,32641
29,32757
29,32228
29,32346
29,33599
29,32791
29,33743
29,33378
29,34331
29,34359
29,33800
29,34767
29,33909
29,35614
29,35805
29,34991
29,35014
29,36309
29,36425
29,36465
29,35884
29,36918
29,36074
29,37220
29,36668
29,37630
29,37679
29,36780
29,37709
29,37904
29,37950
29,37979
29,37981
29,38301
29,38491
29,37958
29,37961
29,38898
29,38969
29,39429
29,39866
29,39877
29,39912
29,39055
29,40096
29,40128
29,40380
29,40401
29,39538
29,40502
29,40524
29,40524
29,40599
29,39721
29,40664
29,40666
29,40721
29,39979
29,39984
29,40912
29,40071
29,40208
29,40210
29,41198
29,41199
29,41520
29,41553
29,41661
29,41684
29,41757
29,40911
29,41837
29,40968
29,42485
29,41670
29,42579
29,42663
29,42668
29,42668
29,41873
29,42841
29,42922
29,42076
29,42385
29,43503
29,43744
29,43818
29,43842
29,43865
29,43063
29,44048
29,44144
29,43282
29,44226
29,44373
29,44429
29,44462
29,44539
29,44628
29,43802
29,44746
29,45294
29,45319
29,45475
29,45509
29,45590
29,45645
29,45666
29,44767
29,45722
29,44902
29,45815
29,44917
29,45919
29,45922
29,45136
29,46070
29,46077
29,45210
29,46154
29,46171
29,46334
29,46417
29,46417
29,46424
29,46494
29,45660
29,45699
29,46616
29,46804
29,46824
29,45996
29,46080
29,46986
29,47007
29,47036
29,46212
29,46356
29,47472
29,46702
29,47737
29,47031
29,47979
29,47996
29,47103
29,48005
29,48072
29,47204
29,47261
29,47264
29,47506
29,48864
29,47964
29,49224
29,48506
29,49427
29,49475
29,49663
29,49674
29,49738
29,49749
29,49893
29,49988
29,50018
29,50100
29,50122
29,50217
29,50261
29,50338
29,50404
29,50409
29,49651
29,49761
29,50746
29,50858
29,50029
29,51135
29,50384
29,51399
29,51834
29,50987
29,51073
29,51449
29,52547
29,52566
29,51704
29,52667
29,51802
29,51933
29,52118
29,53147
29,52290
29,52502
29,53459
29,52603
29,53547
29,52649
29,53050
29,53067
29,53172
29,54108
29,54145
29,53258
29,54168
29,53708
29,54818
29,55006
29,54194
29,55201
29,54345
29,54372
29,55180
30,32400
30,31557
30,31629
30,32700
30,32817
30,33009
30,33081
30,33172
30,32284
30,33211
30,33248
30,33490
30,33548
30,32784
30,32980
30,34245
30,34263
30,34382
30,34583
30,33752
30,34728
30,35055
30,35076
30,35098
30,35525
30,35594
30,34927
30,35040
30,36053
30,36066
30,35262
30,36263
30,36293
30,36490
30,36875
30,36122
30,37220
30,38042
30,38085
30,38772
30,37985
30,39074
30,39530
30,39612
30,38762
30,39817
30,39988
30,40179
30,39472
30,39708
30,39714
30,39752
30,40665
30,40668
30,39896
30,40853
30,40877
30,39984
30,40099
30,40206
30,40731
30,41896
30,41045
30,41960
30,41978
30,42012
30,42015
30,42021
30,42096
30,41280
30,42265
30,42302
30,42331
30,42417
30,41532
30,42670
30,42745
30,42748
30,42856
30,42126
30,42294
30,43210
30,43579
30,43705
30,43790
30,42971
30,42975
30,43913
30,44138
30,44180
30,44186
30,44189
30,44194
30,44254
30,44285
30,44412
30,44612
30,44989
30,44160
30,45088
30,45116
30,44338
30,45258
30,44392
30,44534
30,45481
30,45531
30,44698
30,45628
30,45659
30,45918
30,45027
30,45461
30,46429
30,46475
30,46584
30,45840
30,46789
30,45889
30,46141
30,47055
30,46189
30,47191
30,47209
30,47269
30,47338
30,48201
30,47665
30,48634
30,48638
30,48667
30,47881
30,48816
30,48188
30,49097
30,49335
30,49355
30,50006
30,50212
30,50243
30,50267
30,50288
30,50391
30,50544
30,49662
30,50570
30,50655
30,50721
30,50150
30,51099
30,51437
30,50641
30,51699
30,51211
30,52129
30,51276
30,52327
30,52339
30,51705
30,52677
30,52799
30,51925
30,52942
30,53071
30,53107
30,53147
30,53177
30,52292
30,52367
30,53349
30,53386
30,53723
30,54025
30,54082
30,54223
30,54281
30,53386
30,54308
30,54425
30,54781
30,53918
30,54850
30,54867
30,55176
30,55212
30,54652
31,32400
31,32525
31,32955
31,33124
31,33146
31,32297
31,33348
31,32608
31,33641
31,33787
31,33818
31,33830
31,33089
31,34001
31,33317
31,34273
31,34401
31,34890
31,34904
31,35227
31,35522
31,35582
31,35591
31,34779
31,35999
31,36143
31,36250
31,36298
31,36917
31,36130
31,37235
31,36374
31,37642
31,37074
31,38534
31,39131
31,39318
31,38734
31,38947
31,39053
31,40130
31,40206
31,40214
31,40294
31,39462
31,40437
31,40819
31,40855
31,40963
31,40125
31,41219
31,40518
31,41419
31,41459
31,40683
31,41711
31,40842
31,42237
31,42391
31,41526
31,42439
31,42708
31,41921
31,41935
31,42848
31,42896
31,42911
31,42939
31,42983
31,42113
31,43040
31,43061
31,42187
31,42340
31,42358
31,43288
31,43360
31,42530
31,43629
31,43633
31,43660
31,42916
31,42959
31,44061
31,44069
31,43182
31,43311
31,44248
31,44300
31,44393
31,44467
31,44529
31,44637
31,44796
31,43946
31,44993
31,45015
31,45069
31,45115
31,45196
31,44307
31,44384
31,44413
31,45318
31,45348
31,45415
31,45479
31,45503
31,45565
31,45580
31,45609
31,45707
31,45738
31,44976
31,45931
31,46005
31,46030
31,46203
31,46238
31,46369
31,46535
31,46931
31,46946
31,46968
31,46263
31,47219
31,46348
31,47255
31,46413
31,47338
31,47344
31,47492
31,47497
31,46623
31,46661
31,47615
31,47632
31,47691
31,47727
31,46980
31,47136
31,47240
31,47272
31,48182
31,48241
31,48313
31,47417
31,48409
31,47530
31,48515
31,47628
31,48710
31,48783
31,48795
31,48076
31,49041
31,49263
31,48418
31,49607
31,49626
31,49660
31,50021
31,50355
31,50384
31,49823
31,49924
31,50059
31,51088
31,50301
31,50354
31,50616
31,51621
31,50790
31,51764
31,51804
31,51980
31,52384
31,51560
31,52698
31,53127
31,53468
31,53666
31,53740
31,52882
31,52943
31,53851
31,53880
31,53013
31,53069
31,54519
31,53913
31,54912
31,54052
31,54957
31,54058
31,55006
31,55033
31,54186
31,55111
32,32400
32,31605
32,32865
32,33271
32,33351
32,32565
32,33622
32,34142
32,33674
32,34640
32,34873
32,35103
32,35105
32,34214
32,35207
32,35259
32,34417
32,35350
32,35478
32,35482
32,35546
32,35046
32,35070
32,35278
32,36316
32,36497
32,36625
32,35733
32,36750
32,36995
32,36215
32,36496
32,36516
32,37083
32,38018
32,38433
32,38690
32,38985
32,38213
32,39168
32,39534
32,39705
32,40007
32,40210
32,40330
32,40443
32,40445
32,39670
32,40579
32,40779
32,40869
32,39990
32,40897
32,40928
32,40975
32,41016
32,41041
32,40251
32,40397
32,41437
32,41517
32,41583
32,40692
32,40707
32,41619
32,40814
32,41814
32,40988
32,41079
32,41122
32,42133
32,41275
32,42180
32,42385
32,41575
32,42532
32,42570
32,41693
32,41806
32,42917
32,42937
32,43041
32,42155
32,42199
32,43356
32,43392
32,43480
32,43581
32,43592
32,43688
32,43777
32,43006
32,44013
32,44037
32,44048
32,44109
32,44270
32,44275
32,43378
32,43385
32,44327
32,44411
32,43659
32,44586
32,44608
32,44700
32,43877
32,44819
32,44879
32,44061
32,44974
32,45058
32,45151
32,45299
32,44412
32,45400
32,45441
32,44649
32,44686
32,44765
32,45693
32,45697
32,44813
32,44905
32,45100
32,46066
32,45485
32,46394
32,46449
32,46592
32,46816
32,46892
32,46924
32,47044
32,47183
32,47239
32,46576
32,47491
32,47516
32,47532
32,46669
32,46680
32,47594
32,47608
32,47688
32,47794
32,47069
32,47988
32,47132
32,48353
32,48464
32,48106
32,49132
32,48299
32,48406
32,49349
32,48732
32,49642
32,49188
32,50357
32,50359
32,50442
32,50453
32,49553
32,49559
32,50469
32,49792
32,50866
32,51038
32,51049
32,50212
32,51204
32,50326
32,51422
32,50787
32,51723
32,51814
32,51818
32,50981
32,51005
32,52022
32,52027
32,52062
32,52162
32,52655
32,52933
32,53235
32,53354
32,53570
32,52676
32,53874
32,53886
32,53074
32,53077
32,53979
32,54025
32,54273
32,54348
32,54418
32,54604
32,53714
32,54627
32,53945
32,54001
32,55034
32,55140
32,54526
32,54533
32,54616
32,54639
32,55200
33,32400
33,32459
33,32815
33,32882
33,31983
33,33023
33,32493
33,33604
33,33278
33,34206
33,34416
33,34442
33,33545
33,34570
33,34653
33,34808
33,34873
33,35059
33,35100
33,35360
33,35571
33,34699
33,35706
33,36270
33,36423
33,36570
33,36652
33,36720
33,35981
33,36885
33,37025
33,37109
33,37124
33,36326
33,37258
33,37374
33,36608
33,37610
33,36806
33,36901
33,37002
33,37056
33,38070
33,37328
33,37463
33,37596
33,38676
33,38926
33,38252
33,39197
33,38365
33,39422
33,38884
33,40181
33,40298
33,39476
33,40377
33,39827
33,40892
33,41226
33,41235
33,41264
33,41284
33,40491
33,40585
33,41599
33,40760
33,41722
33,41376
33,42319
33,41707
33,42681
33,42755
33,42868
33,42891
33,42979
33,43115
33,42223
33,42253
33,43286
33,43295
33,43444
33,43505
33,42670
33,43670
33,43728
33,43742
33,43923
33,43950
33,43962
33,43089
33,43991
33,43342
33,44261
33,44284
33,44366
33,44480
33,43618
33,44588
33,44605
33,44797
33,44856
33,44887
33,44892
33,44931
33,44954
33,44184
33,44267
33,44279
33,44329
33,45297
33,45345
33,44518
33,45471
33,44626
33,44670
33,45837
33,45977
33,46069
33,45181
33,46174
33,46199
33,46281
33,45396
33,46308
33,46341
33,46343
33,46449
33,45568
33,46592
33,46619
33,46620
33,45725
33,46666
33,46678
33,46830
33,47104
33,47504
33,47655
33,47679
33,46849
33,46853
33,47812
33,46939
33,46994
33,48151
33,47266
33,47366
33,48928
33,48146
33,48294
33,49275
33,49454
33,49780
33,49824
33,49015
33,49315
33,50345
33,50373
33,49571
33,50488
33,50602
33,49797
33,50704
33,50784
33,50876
33,50985
33,51099
33,51398
33,50606
33,50636
33,51964
33,52032
33,51138
33,52163
33,51375
33,52297
33,52341
33,51475
33,51545
33,52572
33,52758
33,52936
33,53085
33,53487
33,53516
33,53643
33,54119
33,54230
33,54318
33,53788
33,54925
33,55001
33,55207
33,54366
33,54807
33,55117
34,32400
34,33237
34,33287
34,32620
34,33704
34,33463
34,33676
34,34580
34,34640
34,34796
34,35025
34,35155
34,34288
34,34438
34,35530
34,35674
34,35026
34,35942
34,36003
34,36121
34,36220
34,36465
34,35580
34,36541
34,36593
34,35945
34,37124
34,37259
34,37342
34,37357
34,36470
34,37404
34,37408
34,37487
34,36596
34,37707
34,37793
34,37116
34,38176
34,38264
34,38330
34,38333
34,37574
34,37718
34,38675
34,38727
34,38842
34,39021
34,39580
34,39996
34,40085
34,40099
34,39495
34,40418
34,40793
34,40826
34,40867
34,40965
34,41046
34,41066
34,41131
34,40306
34,41384
34,41455
34,41465
34,40589
34,41634
34,41869
34,41069
34,42043
34,41208
34,41269
34,41344
34,41358
34,42265
34,42266
34,41459
34,42456
34,41560
34,41633
34,41762
34,41806
34,42754
34,42795
34,42822
34,42912
34,42147
34,43072
34,43173
34,42307
34,43323
34,43362
34,43383
34,43412
34,43525
34,42939
34,42976
34,43930
34,43042
34,44010
34,44047
34,44051
34,44086
34,44091
34,43282
34,44207
34,44236
34,43385
34,43392
34,44295
34,44325
34,43555
34,44471
34,44499
34,43636
34,43739
34,44672
34,44684
34,44696
34,44714
34,43881
34,43895
34,45058
34,44328
34,45343
34,45395
34,45400
34,45669
34,44771
34,45675
34,44782
34,45846
34,44980
34,45040
34,46019
34,46028
34,46034
34,45200
34,46116
34,46129
34,45354
34,46408
34,46607
34,46779
34,46822
34,46839
34,47297
34,47318
34,47341
34,46469
34,47406
34,47485
34,47601
34,47617
34,47714
34,47739
34,46863
34,47925
34,48114
34,48136
34,48320
34,47482
34,47554
34,48601
34,47702
34,47819
34,48847
34,48102
34,49142
34,49508
34,49667
34,48819
34,49170
34,49523
34,50480
34,49602
34,50694
34,49803
34,50942
34,50173
34,51236
34,51241
34,50496
34,51558
34,51581
34,50770
34,51753
34,50893
34,51881
34,51923
34,51590
34,52748
34,52098
34,53072
34,53175
34,53279
34,53299
34,53481
34,52590
34,53502
34,52660
34,53668
34,52929
34,53200
34,54283
34,53385
34,53431
34,54341
34,54384
34,54646
34,54673
34,53777
34,54736
34,54842
34,54442
34,54638
34,54883
34,55120
35,32400
35,32539
35,32742
35,32935
35,32977
35,32987
35,32118
35,33118
35,33115
35,34312
35,33422
35,33707
35,33728
35,34775
35,34831
35,33949
35,34963
35,34966
35,34370
35,34392
35,34701
35,35082
35,36112
35,36908
35,37159
35,36285
35,37227
35,37236
35,37317
35,36515
35,37617
35,37042
35,37042
35,38045
35,38120
35,37348
35,38338
35,38367
35,38582
35,38607
35,38622
35,38627
35,38142
35,39141
35,39214
35,39239
35,38539
35,39470
35,39862
35,39863
35,39149
35,40280
35,40452
35,40454
35,40654
35,40841
35,40006
35,40954
35,40979
35,40988
35,41087
35,41093
35,41110
35,41133
35,41196
35,40364
35,40786
35,40862
35,41777
35,41853
35,41945
35,41987
35,41136
35,41160
35,42113
35,42235
35,42381
35,42446
35,42519
35,42544
35,42754
35,42762
35,41969
35,42097
35,43000
35,43215
35,42326
35,43257
35,42404
35,42475
35,42512
35,43501
35,43701
35,43718
35,43729
35,43922
35,43994
35,43111
35,44016
35,44131
35,43359
35,44311
35,44410
35,44463
35,44518
35,44690
35,44775
35,43975
35,45122
35,44239
35,44251
35,45152
35,45256
35,45299
35,44522
35,45641
35,45664
35,44807
35,45732
35,45732
35,45768
35,45829
35,45221
35,46282
35,46446
35,46467
35,46589
35,45727
35,46768
35,46819
35,46852
35,46035
35,47005
35,47071
35,47307
35,47345
35,47384
35,47424
35,47455
35,46581
35,47791
35,47833
35,47222
35,47233
35,47314
35,48218
35,47444
35,48413
35,48454
35,47932
35,48898
35,49051
35,49094
35,49128
35,49231
35,49350
35,48641
35,48866
35,49826
35,49921
35,49982
35,50227
35,50294
35,50368
35,49469
35,50485
35,50849
35,50995
35,51196
35,51261
35,51359
35,51555
35,51655
35,51034
35,51940
35,52009
35,52174
35,52225
35,52267
35,52431
35,52558
35,51707
35,52628
35,52797
35,52043
35,53188
35,53194
35,53236
35,52652
35,53597
35,52723
35,52732
35,53657
35,54141
35,53383
35,53817
35,54827
35,53985
35,54943
35,55029
35,55097
35,55172
35,54311
35,55057
35,55125
36,32400
36,31773
36,32687
36,33125
36,33135
36,32593
36,32633
36,32797
36,33479
36,34531
36,33787
36,34769
36,34925
36,34972
36,34135
36,35248
36,34530
36,34832
36,35806
36,35821
36,35354
36,35382
36,37024
36,37516
36,36765
36,37670
36,37185
36,38358
36,38395
36,38731
36,37831
36,37953
36,38932
36,38168
36,39345
36,39385
36,39468
36,38947
36,40071
36,40107
36,40117
36,40156
36,40160
36,40194
36,40206
36,40310
36,40412
36,40451
36,40515
36,40535
36,39898
36,39946
36,40015
36,40983
36,40986
36,41053
36,40194
36,41227
36,40430
36,41335
36,41460
36,40604
36,41547
36,40688
36,41613
36,40727
36,40758
36,41697
36,40920
36,41834
36,41909
36,42048
36,42069
36,42091
36,41214
36,41563
36,41685
36,42706
36,41808
36,43200
36,42319
36,43246
36,42359
36,43260
36,43272
36,42374
36,43339
36,43383
36,42684
36,42833
36,43742
36,43761
36,43787
36,44002
36,44056
36,44081
36,44116
36,44220
36,44221
36,43417
36,43508
36,43571
36,44568
36,44627
36,44907
36,44989
36,45047
36,45186
36,45214
36,45236
36,45278
36,45306
36,45596
36,45696
36,44884
36,46114
36,46208
36,45341
36,45463
36,46401
36,46422
36,46543
36,46641
36,46678
36,45789
36,46735
36,46772
36,46811
36,45935
36,46838
36,46865
36,46919
36,47022
36,47106
36,47293
36,47426
36,46646
36,46702
36,47638
36,47701
36,47725
36,46894
36,47893
36,47950
36,48016
36,47147
36,48055
36,47170
36,48216
36,48268
36,48269
36,48398
36,48587
36,48715
36,47933
36,47954
36,48986
36,49024
36,49319
36,49323
36,49371
36,48528
36,48584
36,49716
36,49075
36,50059
36,49207
36,49211
36,50210
36,49354
36,50432
36,50493
36,50609
36,49745
36,50806
36,50834
36,49953
36,50858
36,50382
36,51603
36,51649
36,51694
36,51810
36,51836
36,51935
36,51108
36,52155
36,52312
36,52345
36,52502
36,51692
36,52636
36,52649
36,51832
36,52770
36,52772
36,51973
36,52929
36,53022
36,53295
36,53433
36,53982
36,54057
36,53357
36,53384
36,54460
36,54540
36,53722
36,54733
36,54745
36,54003
36,54980
36,55140
36,55220
36,54526
36,54529
36,54793
36,54802
37,32400
37,31868
37,32926
37,33477
37,32925
37,33987
37,34344
37,33637
37,34665
37,34698
37,34768
37,34121
37,35149
37,34284
37,34678
37,34998
37,36018
37,36228
37,36626
37,36982
37,37234
37,37613
37,37897
37,38085
37,37222
37,39124
37,38578
37,38663
37,39700
37,39945
37,40073
37,40135
37,40171
37,40249
37,40373
37,40404
37,39621
37,39660
37,39674
37,40591
37,40712
37,39814
37,40812
37,40093
37,40127
37,41150
37,41213
37,41386
37,40572
37,41473
37,41618
37,41731
37,41901
37,41982
37,41096
37,42047
37,42053
37,42066
37,42174
37,41275
37,41446
37,41464
37,41562
37,42499
37,41619
37,41690
37,42750
37,42771
37,42106
37,43052
37,42157
37,43110
37,43136
37,43171
37,43187
37,43276
37,42778
37,43837
37,43965
37,43254
37,44201
37,44227
37,44519
37,43635
37,44571
37,43687
37,43748
37,43793
37,44818
37,44872
37,43972
37,44884
37,44933
37,44120
37,44255
37,45160
37,45226
37,45228
37,45324
37,45352
37,45371
37,45379
37,44513
37,44531
37,44623
37,45563
37,45601
37,45642
37,44744
37,45649
37,45773
37,45811
37,44981
37,46041
37,46108
37,46208
37,45398
37,45423
37,45502
37,45626
37,46611
37,46647
37,46744
37,45929
37,46100
37,47071
37,47089
37,47122
37,47184
37,47285
37,46484
37,47388
37,47394
37,47540
37,47925
37,47938
37,47104
37,48072
37,47235
37,48153
37,48184
37,47457
37,48382
37,48440
37,48669
37,48693
37,48725
37,48788
37,48847
37,48951
37,48957
37,48061
37,48973
37,49004
37,49005
37,48153
37,49139
37,49244
37,49324
37,49445
37,48575
37,49493
37,49794
37,49907
37,50009
37,50040
37,50288
37,49396
37,50348
37,50351
37,51074
37,50217
37,50258
37,51273
37,50388
37,51499
37,51662
37,51808
37,51898
37,52162
37,52173
37,52208
37,52274
37,52300
37,52587
37,51817
37,52771
37,51880
37,52824
37,53161
37,53212
37,53272
37,53343
37,53408
37,53649
37,53678
37,53819
37,53988
37,54053
37,54353
37,53543
37,54446
37,54649
37,54699
37,54720
37,54788
37,54867
37,54236
37,54336
37,54441
38,32400
38,31665
38,32837
38,33366
38,33426
38,33731
38,32921
38,34124
38,34810
38,34926
38,35310
38,34622
38,35550
38,34689
38,36120
38,36344
38,36423
38,36558
38,36783
38,36007
38,36950
38,36324
38,36589
38,37849
38,37980
38,37095
38,38028
38,38038
38,37353
38,37753
38,37904
38,38149
38,38237
38,39139
38,39178
38,39301
38,39647
38,39816
38,38953
38,40062
38,40063
38,40181
38,40183
38,40374
38,39682
38,39796
38,40735
38,40794
38,40847
38,40860
38,40876
38,40930
38,40985
38,40987
38,41003
38,41011
38,41030
38,41042
38,41064
38,41151
38,41215
38,41239
38,40374
38,41386
38,41396
38,40686
38,40696
38,41621
38,41939
38,41954
38,42021
38,42155
38,41281
38,41361
38,42295
38,42389
38,42633
38,41804
38,41807
38,41844
38,41931
38,42844
38,42909
38,43028
38,42134
38,43169
38,42285
38,43205
38,43232
38,42352
38,43373
38,42551
38,43490
38,43591
38,43664
38,43691
38,43756
38,42863
38,43127
38,44140
38,44211
38,44246
38,44386
38,43530
38,43581
38,44557
38,44645
38,44652
38,44856
38,44861
38,44066
38,44992
38,45079
38,45232
38,44370
38,45300
38,44535
38,45507
38,44831
38,45900
38,45920
38,45097
38,45170
38,45304
38,46296
38,45521
38,45569
38,45677
38,46620
38,45744
38,46761
38,46926
38,46999
38,46151
38,47129
38,46377
38,47324
38,47624
38,47849
38,48182
38,47343
38,47432
38,47455
38,48431
38,48629
38,48648
38,48726
38,48882
38,48009
38,48942
38,48475
38,49399
38,48677
38,49608
38,48763
38,49877
38,50658
38,50921
38,51278
38,50450
38,50596
38,50783
38,51690
38,51925
38,52320
38,52508
38,52612
38,52983
38,52358
38,52515
38,52534
38,52544
38,53711
38,53777
38,52925
38,53944
38,54316
38,54333
38,53669
38,54573
38,54953
38,54079
38,54404
38,54497
38,54726
39,32400
39,32448
39,33187
39,33402
39,32603
39,32667
39,33592
39,32837
39,34131
39,34549
39,34749
39,33937
39,34840
39,35015
39,35347
39,34468
39,35768
39,35920
39,36063
39,36560
39,36577
39,35922
39,37103
39,36342
39,37261
39,37406
39,37596
39,37701
39,37764
39,37438
39,38513
39,38871
39,38058
39,38090
39,39471
39,38611
39,38759
39,40097
39,39212
39,40169
39,39300
39,40288
39,40478
39,40583
39,39738
39,40655
39,39772
39,40709
39,40730
39,40766
39,39937
39,40865
39,40911
39,40036
39,41020
39,41204
39,40398
39,41501
39,41594
39,41687
39,41702
39,40805
39,41708
39,41725
39,40828
39,41811
39,41827
39,40962
39,41950
39,41968
39,42396
39,42412
39,42465
39,41574
39,42557
39,42734
39,41921
39,42884
39,43107
39,42301
39,42381
39,42409
39,43397
39,42513
39,43426
39,43506
39,43626
39,43718
39,43853
39,43883
39,43929
39,43316
39,44327
39,43427
39,44412
39,44502
39,44623
39,44659
39,44666
39,44775
39,44821
39,44826
39,43955
39,44896
39,44214
39,44369
39,45289
39,45639
39,45658
39,45663
39,44826
39,45801
39,45900
39,45023
39,45115
39,46165
39,46291
39,46316
39,46335
39,46336
39,46347
39,46412
39,46458
39,46490
39,45626
39,45663
39,45814
39,46849
39,47145
39,46280
39,47254
39,47270
39,47397
39,47411
39,46760
39,46815
39,47795
39,46970
39,47900
39,47900
39,47041
39,47051
39,48084
39,47343
39,48515
39,47824
39,48907
39,48189
39,49328
39,49340
39,48472
39,48752
39,49739
39,48994
39,50086
39,49332
39,49476
39,50421
39,50689
39,50034
39,50966
39,51055
39,51249
39,51736
39,52038
39,52062
39,51277
39,52182
39,51354
39,51422
39,51580
39,52656
39,53102
39,53214
39,52404
39,52500
39,52685
39,53773
39,52964
39,53039
39,54232
39,54630
39,54653
39,54760
39,53997
39,55007
39,54331
39,54394
39,54845
39,54999
40,32400
40,31517
40,32489
40,31735
40,31779
40,32918
40,33220
40,32320
40,33380
40,32580
40,33586
40,32974
40,33881
40,34084
40,33594
40,33615
40,33852
40,34882
40,35225
40,35696
40,35907
40,35928
40,35057
40,35487
40,35535
40,35772
40,36815
40,37028
40,37207
40,36492
40,37573
40,37593
40,36897
40,37839
40,37927
40,37193
40,38537
40,38613
40,37904
40,38934
40,38950
40,38954
40,38957
40,39206
40,40046
40,40120
40,40200
40,40301
40,39408
40,39445
40,39554
40,40483
40,40518
40,40695
40,40764
40,40807
40,41001
40,40130
40,40230
40,41198
40,41253
40,40379
40,40382
40,41335
40,41340
40,40483
40,40670
40,41584
40,40718
40,40805
40,41818
40,41844
40,40966
40,41080
40,41987
40,42312
40,41466
40,42433
40,42545
40,42608
40,42622
40,42657
40,41907
40,42882
40,43212
40,42328
40,43556
40,43615
40,43640
40,43660
40,43737
40,43778
40,43866
40,43903
40,43080
40,44063
40,44165
40,44225
40,43344
40,44484
40,43778
40,44693
40,44755
40,43953
40,43999
40,44910
40,44926
40,44068
40,45006
40,44155
40,44795
40,44856
40,44859
40,45776
40,45062
40,45107
40,45141
40,46086
40,46088
40,45195
40,45286
40,46237
40,46278
40,46513
40,45790
40,45798
40,46738
40,46766
40,46915
40,47123
40,47131
40,47166
40,47182
40,47271
40,47360
40,46473
40,47407
40,47473
40,47588
40,46867
40,46916
40,47083
40,48154
40,47274
40,47358
40,47359
40,47456
40,48438
40,48500
40,48635
40,47822
40,47966
40,48998
40,49062
40,49193
40,49322
40,49622
40,49699
40,49725
40,49022
40,49947
40,49951
40,49998
40,49144
40,50143
40,50256
40,50551
40,50743
40,50751
40,50874
40,50305
40,50883
40,50898
40,51842
40,51303
40,51508
40,52455
40,51917
40,52996
40,52253
40,53237
40,53724
40,53729
40,52881
40,52981
40,53972
40,53127
40,54135
40,54460
40,54483
40,54487
40,54686
40,54921
40,54953
40,55003
40,54111
40,54168
40,55184
40,55199
40,54563
40,54628
41,32400
41,32109
41,33345
41,33470
41,33547
41,32676
41,32693
41,33731
41,33922
41,34032
41,34045
41,34234
41,33336
41,33941
41,34098
41,34293
41,34358
41,35310
41,35531
41,35533
41,34814
41,35728
41,34897
41,34962
41,35015
41,35925
41,36190
41,36348
41,36721
41,36726
41,35932
41,36076
41,37101
41,36232
41,36344
41,36374
41,36810
41,38174
41,38206
41,38410
41,38000
41,38025
41,39375
41,39722
41,39763
41,39127
41,40260
41,39472
41,39485
41,40392
41,40587
41,39709
41,40850
41,40851
41,40898
41,40899
41,40026
41,40940
41,40983
41,40997
41,40998
41,41131
41,41146
41,41227
41,41264
41,40392
41,41378
41,41472
41,41479
41,40714
41,40733
41,41668
41,41743
41,40884
41,41818
41,40928
41,41078
41,41381
41,42334
41,41762
41,41773
41,41940
41,42922
41,42928
41,42952
41,42957
41,42986
41,43148
41,43202
41,42309
41,42310
41,43351
41,42580
41,43529
41,43598
41,43604
41,42778
41,44029
41,43141
41,44147
41,44192
41,44225
41,44264
41,44291
41,44327
41,43466
41,43560
41,43629
41,44550
41,44623
41,43769
41,44692
41,44791
41,43929
41,45178
41,44352
41,45361
41,45438
41,45456
41,45485
41,45535
41,45732
41,45778
41,45780
41,45986
41,46091
41,46150
41,46190
41,45390
41,46353
41,46354
41,46400
41,46409
41,46450
41,46509
41,45691
41,46716
41,45854
41,45892
41,46831
41,45956
41,46858
41,47110
41,47126
41,47140
41,46259
41,47174
41,47293
41,46402
41,47303
41,46429
41,46447
41,47369
41,47649
41,47813
41,47204
41,47539
41,48536
41,48857
41,48018
41,48042
41,48206
41,48901
41,49224
41,49232
41,50303
41,50463
41,50468
41,50557
41,50715
41,50807
41,50830
41,50985
41,51042
41,50379
41,51287
41,51297
41,51355
41,51465
41,51532
41,51794
41,50895
41,51824
41,50987
41,51894
41,52200
41,52086
41,53008
41,52226
41,53265
41,52739
41,53642
41,53646
41,53762
41,53857
41,53039
41,54068
41,54092
41,53355
41,54303
41,54348
41,54423
41,54574
41,53687
41,54620
41,54693
41,54894
41,54089
41,54230
41,54400
42,32400
42,31627
42,31698
42,32895
42,33092
42,32299
42,33727
42,33958
42,34325
42,34462
42,33581
42,34555
42,33832
42,34766
42,35209
42,35335
42,35892
42,35917
42,35239
42,35369
42,36288
42,36485
42,36708
42,36771
42,36105
42,37056
42,37781
42,36889
42,37911
42,37938
42,38213
42,38294
42,38341
42,38622
42,37883
42,37942
42,38879
42,38896
42,38253
42,39190
42,38428
42,38515
42,39463
42,39490
42,38620
42,39557
42,39803
42,38934
42,39160
42,40200
42,40245
42,39409
42,40422
42,40442
42,39603
42,40696
42,40776
42,40813
42,40070
42,41089
42,40213
42,41228
42,41248
42,41296
42,41309
42,40468
42,41412
42,40548
42,40559
42,40721
42,40721
42,41678
42,41687
42,41692
42,41880
42,41151
42,42365
42,42396
42,41582
42,42507
42,41789
42,42895
42,43039
42,43134
42,43162
42,43178
42,43188
42,43201
42,43213
42,43267
42,42434
42,43396
42,43426
42,42644
42,43569
42,42739
42,42915
42,43898
42,43936
42,43039
42,43052
42,43068
42,44000
42,43123
42,44174
42,44387
42,44424
42,43721
42,43847
42,43858
42,43965
42,44017
42,44970
42,45122
42,45194
42,44302
42,44347
42,45252
42,45389
42,45498
42,45505
42,45590
42,45590
42,45656
42,45709
42,45814
42,46071
42,45173
42,46178
42,46298
42,46379
42,46501
42,46529
42,46539
42,46627
42,46680
42,46706
42,45847
42,46798
42,45918
42,45956
42,46875
42,46939
42,46191
42,47109
42,46320
42,47311
42,47344
42,46507
42,47422
42,46534
42,47575
42,47577
42,47589
42,46698
42,47618
42,47653
42,47011
42,47950
42,48134
42,47434
42,48337
42,48402
42,48602
42,47840
42,48778
42,47952
42,49130
42,49402
42,49604
42,49648
42,49667
42,49026
42,50128
42,50138
42,50190
42,50311
42,50330
42,49623
42,50703
42,50841
42,50019
42,50957
42,51233
42,51515
42,50794
42,51025
42,52129
42,52183
42,52314
42,52331
42,52361
42,52491
42,52542
42,51768
42,52717
42,52723
42,52823
42,52949
42,52967
42,53010
42,52224
42,52276
42,53195
42,53282
42,53299
42,53313
42,52417
42,52762
42,53711
42,52915
42,53028
42,54042
42,53528
42,54484
42,53612
42,53913
42,54928
42,54053
42,54435
42,54466
43,32400
43,31637
43,31796
43,32792
43,32971
43,33109
43,33240
43,33256
43,33388
43,33809
43,32959
43,33063
43,34006
43,33331
43,33374
43,34275
43,34433
43,34672
43,34400
43,35406
43,35689
43,36336
43,36678
43,36139
43,36140
43,36284
43,37190
43,37318
43,38058
43,38397
43,37833
43,37945
43,38925
43,38095
43,39187
43,39213
43,38530
43,39734
43,39809
43,38997
43,40032
43,40205
43,40226
43,40325
43,39457
43,39545
43,40488
43,40513
43,39697
43,40628
43,40662
43,40666
43,40743
43,40864
43,40123
43,41289
43,41550
43,41568
43,40703
43,41888
43,42099
43,42127
43,41245
43,42239
43,41414
43,41414
43,42340
43,42392
43,41520
43,42570
43,42733
43,42872
43,42934
43,42954
43,43002
43,43263
43,42492
43,43540
43,42804
43,42876
43,43819
43,43856
43,44001
43,44021
43,44080
43,43221
43,43289
43,44318
43,44419
43,44435
43,44511
43,44554
43,44569
43,43802
43,43923
43,44021
43,45027
43,45060
43,45093
43,45144
43,45165
43,45355
43,44542
43,45540
43,45547
43,44648
43,44711
43,44815
43,45797
43,45949
43,45088
43,46113
43,46114
43,46140
43,46280
43,45461
43,46455
43,46557
43,45843
43,46760
43,46838
43,45981
43,46936
43,46999
43,47006
43,47165
43,46303
43,47214
43,46320
43,47405
43,47438
43,46628
43,47567
43,46722
43,46867
43,47846
43,47955
43,47139
43,48110
43,48186
43,47386
43,47490
43,48493
43,48620
43,48728
43,48923
43,48040
43,49007
43,49197
43,49570
43,49052
43,50326
43,50344
43,50471
43,50657
43,49808
43,49846
43,50784
43,50953
43,51133
43,50236
43,50310
43,50686
43,51744
43,51897
43,51035
43,52341
43,52939
43,53069
43,53473
43,52576
43,52589
43,53543
43,53584
43,53003
43,53996
43,54028
43,53433
43,54487
43,53648
43,53728
43,54902
43,54994
43,55011
43,54155
43,54232
43,55012
43,55081
43,55250
44,32400
44,31506
44,32525
44,32708
44,33217
44,33387
44,33437
44,34042
44,33637
44,33740
44,34700
44,35720
44,35798
44,35285
44,37047
44,37050
44,37164
44,37876
44,37963
44,38160
44,38186
44,37395
44,37643
44,38563
44,38603
44,38679
44,38844
44,38918
44,38266
44,39257
44,38527
44,39520
44,38692
44,38889
44,39996
44,40055
44,40092
44,40156
44,40199
44,40210
44,39842
44,39850
44,40759
44,40836
44,40871
44,40226
44,41163
44,41179
44,41313
44,41330
44,41361
44,41541
44,41653
44,40756
44,41768
44,41907
44,41051
44,42019
44,42022
44,41137
44,42045
44,41246
44,41251
44,42155
44,42217
44,42378
44,42430
44,42475
44,41614
44,42593
44,41709
44,41726
44,42789
44,42841
44,42854
44,42001
44,42910
44,42952
44,42976
44,43012
44,43055
44,42209
44,42211
44,43127
44,42276
44,42465
44,43469
44,43544
44,43639
44,43647
44,43688
44,43989
44,43998
44,44048
44,44072
44,44180
44,44202
44,44229
44,44253
44,44393
44,44711
44,44727
44,43873
44,44825
44,44826
44,43947
44,44020
44,44987
44,44992
44,44998
44,44247
44,45180
44,45311
44,45357
44,44577
44,45503
44,45576
44,45718
44,45724
44,45730
44,44873
44,45777
44,45800
44,45154
44,46179
44,45440
44,45704
44,46627
44,46807
44,45927
44,46848
44,46850
44,46887
44,46986
44,47014
44,47144
44,47145
44,47167
44,46511
44,46557
44,47592
44,47605
44,47615
44,47665
44,46769
44,47807
44,47951
44,47109
44,48243
44,47364
44,47638
44,47791
44,47879
44,49365
44,49740
44,49756
44,50007
44,50015
44,49126
44,50352
44,50394
44,49713
44,50644
44,49817
44,49921
44,50823
44,50960
44,51123
44,50484
44,50589
44,50632
44,50741
44,51686
44,51750
44,50911
44,52120
44,52811
44,52053
44,53334
44,53371
44,52546
44,53501
44,53504
44,53775
44,53832
44,53901
44,53906
44,53084
44,53368
44,54501
44,54608
44,53904
44,54897
44,54053
44,55031
44,55153
44,54288
45,32400
45,31642
45,32625
45,32718
45,32754
45,32828
45,33193
45,33551
45,33708
45,32907
45,33865
45,33975
45,34559
45,33777
45,34985
45,35053
45,34198
45,35157
45,35158
45,35199
45,35279
45,34493
45,34772
45,34821
45,36160
45,36556
45,36795
45,36974
45,37134
45,37238
45,37398
45,37486
45,37618
45,36722
45,37703
45,37938
45,38228
45,37484
45,38447
45,38515
45,37615
45,37657
45,38745
45,38799
45,38924
45,39106
45,39112
45,39287
45,39348
45,39393
45,39554
45,39914
45,39113
45,40049
45,40195
45,40236
45,40262
45,40315
45,40324
45,40341
45,40349
45,40438
45,40488
45,40543
45,40612
45,40615
45,40640
45,39906
45,40827
45,39965
45,39989
45,40970
45,40195
45,41268
45,41355
45,41441
45,40552
45,41498
45,41599
45,41618
45,41743
45,41824
45,42059
45,42354
45,42404
45,41626
45,41635
45,42616
45,42626
45,42786
45,42788
45,42801
45,41908
45,42847
45,41959
45,41989
45,42024
45,43121
45,43159
45,43319
45,42544
45,43446
45,43463
45,43542
45,43646
45,43669
45,43675
45,43687
45,42894
45,43864
45,43946
45,44001
45,44007
45,44123
45,43241
45,43499
45,44443
45,44468
45,44503
45,44549
45,43684
45,44639
45,44652
45,43819
45,44732
45,44796
45,43997
45,44925
45,44272
45,45310
45,44448
45,44483
45,44541
45,45503
45,45590
45,44693
45,44958
45,45887
45,46017
45,46069
45,45178
45,46141
45,46299
45,46359
45,46388
45,46527
45,45746
45,46841
45,46100
45,47230
45,47300
45,47336
45,47404
45,47484
45,47892
45,47330
45,48360
45,48374
45,48390
45,48511
45,48584
45,47699
45,47765
45,47977
45,48986
45,49020
45,49200
45,48376
45,49381
45,49639
45,48816
45,49773
45,49865
45,50058
45,49158
45,50092
45,50112
45,50120
45,50145
45,49399
45,49579
45,49950
45,49953
45,50167
45,50624
45,51543
45,51027
45,52246
45,52368
45,52411
45,51648
45,52707
45,52824
45,51974
45,52998
45,53079
45,53234
45,53234
45,53350
45,53416
45,53616
45,53786
45,53887
45,53008
45,53938
45,53964
45,53974
45,54120
45,53288
45,54378
45,53563
45,54476
45,53671
45,53729
45,53759
45,54789
45,54873
45,54076
45,55038
45,55140
45,55220
45,55256
45,54556
45,54867
45,55083
46,32400
46,32492
46,32815
46,32875
46,33120
46,33166
46,33520
46,33735
46,32957
46,33323
46,33838
46,35467
46,35598
46,35836
46,36060
46,35652
46,35717
46,36686
46,35992
46,37106
46,36333
46,37692
46,37798
46,37902
46,37499
46,38427
46,38930
46,38177
46,39205
46,39357
46,38571
46,38611
46,38827
46,40032
46,40140
46,40206
46,40206
46,40330
46,39450
46,40443
46,39604
46,40555
46,39743
46,40664
46,40933
46,40946
46,40074
46,40975
46,41206
46,41348
46,40592
46,41548
46,41574
46,41671
46,41690
46,41710
46,40839
46,40898
46,41850
46,41857
46,41919
46,41924
46,41962
46,41123
46,42057
46,42059
46,42188
46,41306
46,41389
46,42325
46,42458
46,42459
46,42481
46,42539
46,42586
46,41716
46,42750
46,42766
46,41896
46,42820
46,42926
46,43076
46,42332
46,42373
46,43284
46,42446
46,42495
46,43484
46,42616
46,43608
46,43690
46,43718
46,43751
46,43841
46,43881
46,43914
46,43109
46,43205
46,44165
46,44385
46,43490
46,44454
46,43757
46,43762
46,43836
46,43888
46,43913
46,44937
46,44249
46,45167
46,45303
46,44463
46,45393
46,45408
46,45419
46,44684
46,44782
46,45720
46,45755
46,44892
46,45838
46,44940
46,45898
46,45195
46,46151
46,46270
46,45424
46,46332
46,46411
46,45586
46,46548
46,46673
46,45807
46,45861
46,46791
46,46803
46,46848
46,45948
46,46016
46,46924
46,47008
46,46109
46,47080
46,47085
46,47086
46,47121
46,47166
46,47167
46,47190
46,46351
46,47290
46,46442
46,47408
46,47473
46,46619
46,47673
46,47687
46,46929
46,47935
46,48076
46,47426
46,48659
46,48689
46,48994
46,49029
46,49082
46,49268
46,49356
46,49444
46,48603
46,48727
46,49692
46,50103
46,50312
46,50345
46,50663
46,50664
46,50978
46,51144
46,50357
46,50705
46,51700
46,51709
46,51720
46,51837
46,51839
46,52386
46,51548
46,52514
46,52670
46,51774
46,51929
46,52869
46,52419
46,53470
46,53539
46,53586
46,53723
46,53859
46,54273
46,53897
46,54035
46,54061
46,54068
46,54555
46,55157
47,32400
47,32658
47,33208
47,33443
47,32903
47,33003
47,34053
47,34236
47,34533
47,34537
47,34915
47,35192
47,35247
47,34518
47,35512
47,35730
47,35933
47,36651
47,36658
47,35772
47,36784
47,36850
47,36851
47,36910
47,37502
47,37508
47,37283
47,38469
47,37791
47,39038
47,39200
47,38370
47,38440
47,39461
47,38684
47,39655
47,39844
47,39886
47,39427
47,40418
47,39572
47,40477
47,39640
47,39654
47,39772
47,40684
47,40039
47,41008
47,41047
47,41082
47,41176
47,41185
47,41188
47,41359
47,41386
47,40492
47,41628
47,41754
47,41793
47,40905
47,41840
47,41868
47,42127
47,41357
47,42272
47,41458
47,42376
47,42390
47,42394
47,42400
47,42447
47,42571
47,42664
47,41818
47,41957
47,42932
47,42958
47,42080
47,42124
47,43083
47,42201
47,42283
47,42347
47,43313
47,43376
47,42529
47,43578
47,43901
47,44006
47,44009
47,44081
47,44082
47,43401
47,44317
47,43561
47,44518
47,43679
47,44588
47,44588
47,44663
47,44696
47,43855
47,44787
47,44828
47,43966
47,43968
47,44900
47,44991
47,45124
47,45310
47,44520
47,44531
47,45432
47,45446
47,45483
47,45495
47,45529
47,45573
47,45756
47,45811
47,45884
47,45952
47,45179
47,46124
47,46217
47,46226
47,46270
47,46330
47,45484
47,46421
47,45567
47,45649
47,46569
47,45757
47,46678
47,45783
47,45937
47,46843
47,46965
47,46987
47,47047
47,46165
47,47164
47,46277
47,46507
47,47541
47,47654
47,47747
47,47782
47,47821
47,47943
47,47154
47,48075
47,47209
47,48220
47,48483
47,48527
47,48713
47,47842
47,49245
47,49255
47,49315
47,49317
47,48647
47,50019
47,50313
47,50393
47,49937
47,50859
47,51205
47,51243
47,50414
47,51326
47,51422
47,50524
47,51636
47,51741
47,51913
47,51916
47,51253
47,52188
47,51529
47,52498
47,52522
47,52658
47,52866
47,52190
47,53117
47,52415
47,52524
47,52941
47,53246
47,53249
47,54367
47,54416
47,54880
47,54923
47,55019
47,54448
47,54498
47,55252
48,32400
48,31613
48,32064
48,33192
48,32361
48,33287
48,32402
48,32609
48,33630
48,32861
48,33790
48,33841
48,33012
48,34052
48,34176
48,33412
48,34337
48,34731
48,34962
48,34214
48,35212
48,34353
48,35444
48,34911
48,35455
48,36538
48,36108
48,36141
48,36185
48,36383
48,37387
48,36675
48,36701
48,36731
48,36829
48,37751
48,37910
48,38153
48,37271
48,38181
48,38253
48,38719
48,38896
48,38960
48,39092
48,39451
48,39616
48,39701
48,38958
48,40111
48,39279
48,40193
48,40238
48,40318
48,39422
48,39438
48,40368
48,40411
48,40524
48,40552
48,39685
48,39749
48,40793
48,40795
48,39953
48,41015
48,40251
48,41153
48,41179
48,40424
48,41423
48,41486
48,41506
48,41538
48,41546
48,41552
48,41563
48,41599
48,41634
48,41750
48,41888
48,41981
48,42063
48,41203
48,42344
48,41672
48,42649
48,42654
48,41933
48,42971
48,42990
48,43011
48,43043
48,43092
48,43101
48,42317
48,42398
48,43406
48,43475
48,43654
48,42764
48,43670
48,43689
48,42893
48,44105
48,43495
48,43590
48,44512
48,44529
48,44549
48,44559
48,44568
48,43750
48,44924
48,44028
48,45153
48,44253
48,45254
48,44429
48,44524
48,44582
48,44630
48,45533
48,45536
48,45563
48,45775
48,45789
48,45851
48,45854
48,45227
48,45232
48,46150
48,46373
48,46485
48,46625
48,46689
48,46736
48,46770
48,46779
48,46832
48,46015
48,46281
48,47214
48,47276
48,47282
48,47288
48,47407
48,47437
48,46598
48,46733
48,46866
48,47203
48,47260
48,47261
48,47317
48,47331
48,48451
48,49259
48,49482
48,49584
48,48887
48,49819
48,49920
48,49065
48,49126
48,50179
48,49481
48,50685
48,50782
48,50227
48,51129
48,50574
48,50725
48,50916
48,51933
48,51523
48,52547
48,51724
48,52156
48,53364
48,52523
48,53587
48,53887
48,54081
48,53213
48,53320
48,54258
48,53464
48,54374
48,54423
48,54644
48,53841
48,54888
48,54953
48,55119
48,55135
49,32400
49,32550
49,31962
49,32023
49,32031
49,32975
49,32315
49,32411
49,33406
49,33411
49,32541
49,32613
49,32838
49,32862
49,33820
49,33055
49,34127
49,34305
49,34410
49,35456
49,35628
49,34816
49,35948
49,35959
49,35660
49,36768
49,35879
49,37428
49,36582
49,37576
49,38034
49,38117
49,37527
49,38599
49,38712
49,38786
49,38832
49,39342
49,39470
49,39699
49,39777
49,40030
49,40043
49,40049
49,40139
49,39488
49,40410
49,40604
49,39867
49,39899
49,40805
49,39963
49,40902
49,40926
49,41063
49,41070
49,41252
49,40384
49,41451
49,40651
49,40653
49,40670
49,40674
49,41578
49,41634
49,40863
49,41852
49,41865
49,41875
49,41026
49,41992
49,42005
49,41166
49,42140
49,42249
49,42444
49,42550
49,41669
49,42611
49,42749
49,42765
49,42773
49,42794
49,41932
49,43041
49,42158
49,42232
49,43152
49,43334
49,42464
49,42586
49,43620
49,42794
49,43717
49,42827
49,43732
49,43772
49,43828
49,43886
49,44105
49,43336
49,44341
49,43482
49,44479
49,44505
49,43672
49,44605
49,44743
49,43858
49,44886
49,44121
49,45033
49,44223
49,45125
49,45209
49,44470
49,44484
49,45410
49,45447
49,45521
49,44633
49,45539
49,45548
49,45890
49,45041
49,46005
49,45129
49,46197
49,45407
49,46372
49,46451
49,46490
49,46625
49,46780
49,46791
49,46832
49,46990
49,47121
49,47129
49,47231
49,47586
49,47594
49,47651
49,46882
49,47850
49,47918
49,48414
49,48814
49,48816
49,48079
49,49381
49,49506
49,49510
49,49817
49,49063
49,50052
49,50200
49,49310
49,50283
49,49429
49,49461
49,49673
49,50584
49,50606
49,50638
49,49870
49,50569
49,51541
49,50781
49,51869
49,51046
49,52159
49,52209
49,52238
49,52335
49,52528
49,51764
49,52856
49,51964
49,53029
49,53751
49,53098
49,54020
49,54083
49,54149
49,54309
49,54780
49,54105
49,55120
49,55166
49,54673
49,54707
49,54891
50,32400
50,32502
50,31702
50,32969
50,32992
50,33263
50,33390
50,34254
50,34465
50,34526
50,33637
50,34642
50,34326
50,34493
50,35697
50,35703
50,35003
50,35229
50,35308
50,36331
50,36757
50,37147
50,37222
50,37282
50,36552
50,36864
50,36926
50,38142
50,38256
50,38598
50,38669
50,38673
50,39166
50,38603
50,38684
50,39597
50,39739
50,39844
50,39948
50,40024
50,40046
50,39288
50,40205
50,40377
50,39643
50,40587
50,40607
50,40796
50,39964
50,40038
50,41034
50,40138
50,40239
50,41142
50,41163
50,41276
50,40407
50,41355
50,40539
50,40690
50,41597
50,41781
50,41038
50,41091
50,42056
50,42215
50,42316
50,41451
50,41512
50,42414
50,41548
50,42501
50,42524
50,42553
50,42605
50,41786
50,42801
50,42846
50,42899
50,43025
50,43061
50,43068
50,43178
50,43235
50,43257
50,42457
50,42463
50,43557
50,43568
50,43665
50,43829
50,43886
50,43891
50,43903
50,44075
50,44111
50,44130
50,43253
50,43259
50,43351
50,44380
50,44618
50,44653
50,44664
50,44690
50,43961
50,45094
50,44371
50,45333
50,44563
50,45469
50,45483
50,45516
50,45653
50,45742
50,45771
50,45804
50,44911
50,45821
50,44923
50,45170
50,46172
50,46207
50,45431
50,46646
50,46757
50,46874
50,45974
50,45983
50,46909
50,46976
50,47046
50,47063
50,47093
50,47101
50,47252
50,47309
50,47346
50,46549
50,47515
50,47557
50,47568
50,47572
50,46722
50,47638
50,46793
50,47795
50,48092
50,47318
50,48531
50,47747
50,47748
50,48696
50,47980
50,48064
50,49644
50,48809
50,49936
50,50079
50,49365
50,49467
50,49504
50,50610
50,50625
50,51317
50,50622
50,51630
50,50914
50,51179
50,51325
50,51538
50,51867
50,51904
50,52809
50,51923
50,52850
50,52056
50,53050
50,53127
50,53147
50,53260
50,53422
50,52608
50,52809
50,53786
50,53857
50,53961
50,53332
50,54482
50,54590
50,53733
50,53931
50,55047
50,55161
51,32400
51,32467
51,32652
51,32898
51,32899
51,32056
51,32197
51,33353
51,32583
51,33504
51,33590
51,33991
51,33243
51,34180
51,33847
51,34792
51,34135
51,35061
51,35082
51,35107
51,35369
51,34537
51,35527
51,35618
51,35780
51,35983
51,35529
51,36484
51,35717
51,36714
51,35841
51,36787
51,36218
51,37285
51,37065
51,37966
51,38126
51,38174
51,38185
51,38715
51,38172
51,39110
51,39194
51,39395
51,39521
51,39875
51,39966
51,39309
51,40217
51,40364
51,40375
51,40391
51,39500
51,40561
51,40661
51,39821
51,39828
51,40923
51,40932
51,40937
51,40949
51,40998
51,41219
51,40595
51,41622
51,41764
51,42016
51,41169
51,42223
51,41364
51,42309
51,42312
51,41436
51,42379
51,42539
51,41665
51,42691
51,41949
51,42063
51,43134
51,42260
51,43282
51,43296
51,43375
51,43447
51,43612
51,43677
51,43791
51,43817
51,43889
51,43933
51,44032
51,43168
51,43256
51,44200
51,44226
51,44271
51,44353
51,43466
51,44514
51,44798
51,44072
51,44976
51,44990
51,44990
51,45042
51,44216
51,45175
51,45180
51,44336
51,45259
51,44443
51,45349
51,45374
51,44484
51,44558
51,45477
51,45573
51,45916
51,46036
51,46333
51,46369
51,46506
51,46529
51,46597
51,46673
51,45820
51,46788
51,46833
51,45978
51,46934
51,46971
51,46089
51,47196
51,47453
51,47470
51,47588
51,46709
51,46857
51,47087
51,47181
51,47245
51,48401
51,48446
51,47565
51,48512
51,48600
51,47709
51,48914
51,49021
51,48163
51,48211
51,49334
51,49456
51,49571
51,49694
51,49698
51,49920
51,49999
51,50085
51,49287
51,50215
51,49345
51,50490
51,50518
51,50651
51,50742
51,50789
51,50005
51,51027
51,50242
51,51263
51,51271
51,51479
51,51570
51,51699
51,50844
51,51811
51,51942
51,51946
51,51071
51,51978
51,52152
51,52274
51,52359
51,52411
51,52457
51,52535
51,52744
51,52389
51,52468
51,53387
51,53475
51,53858
51,53949
51,54108
51,54161
51,53316
51,53437
51,54395
51,53586
51,54501
51,54609
51,54810
51,54856
51,54005
51,54997
51,55023
51,54206
51,54320
51,54511
51,54522
51,55091
52,32400
52,32694
52,32030
52,33469
52,33529
52,33723
52,33860
52,33926
52,34011
52,33246
52,34159
52,34283
52,34476
52,33778
52,34737
52,35093
52,35732
52,35284
52,36656
52,35816
52,36201
52,37136
52,37345
52,37376
52,37587
52,38040
52,38169
52,37275
52,38292
52,38458
52,38529
52,38845
52,39025
52,39445
52,38672
52,39756
52,39774
52,38934
52,40008
52,39170
52,40120
52,40197
52,40315
52,40504
52,40541
52,39704
52,39740
52,39863
52,40809
52,40825
52,40988
52,40095
52,41006
52,41021
52,41143
52,41210
52,41227
52,41356
52,41373
52,40492
52,40535
52,41442
52,41523
52,41555
52,41677
52,41705
52,41785
52,41818
52,41002
52,41980
52,41985
52,42009
52,41236
52,42222
52,42253
52,42284
52,41427
52,42530
52,42698
52,42776
52,41991
52,41996
52,43146
52,43241
52,43324
52,42477
52,43532
52,42738
52,42745
52,42747
52,42767
52,43671
52,43849
52,43099
52,44052
52,44062
52,44254
52,44334
52,43472
52,44621
52,44896
52,44946
52,45067
52,44168
52,45306
52,45328
52,45357
52,45378
52,44501
52,45477
52,45513
52,45550
52,45621
52,45669
52,44794
52,45839
52,44944
52,45908
52,46049
52,46286
52,46332
52,46450
52,45644
52,46564
52,46566
52,46631
52,46733
52,46936
52,47210
52,46489
52,47430
52,47517
52,47583
52,47683
52,46853
52,47843
52,47032
52,47949
52,48141
52,48167
52,48223
52,48240
52,47516
52,47612
52,48548
52,47803
52,48180
52,49159
52,48267
52,48280
52,49187
52,49209
52,48614
52,48702
52,49872
52,48975
52,49084
52,49429
52,50408
52,50445
52,50446
52,50732
52,50773
52,50882
52,50402
52,51480
52,50680
52,50961
52,51013
52,52058
52,52128
52,51465
52,51599
52,52532
52,52657
52,51831
52,52011
52,52994
52,52254
52,52505
52,53422
52,53467
52,53586
52,53651
52,53670
52,54023
52,54416
52,53797
52,54865
52,54984
52,54992
52,54359
52,54668
53,32400
53,32520
53,32732
53,32092
53,32135
53,32223
53,32238
53,32417
53,33452
53,33657
53,33029
53,33945
53,34465
53,34563
53,34574
53,34602
53,33766
53,34731
53,34870
53,34154
53,34315
53,34571
53,34643
53,35752
53,36164
53,36588
53,35764
53,36709
53,36748
53,37262
53,37323
53,37350
53,37558
53,36694
53,37895
53,38081
53,38255
53,38694
53,38949
53,38981
53,39256
53,39320
53,38566
53,38581
53,39662
53,39676
53,38789
53,39899
53,40169
53,39287
53,40317
53,40337
53,40454
53,39554
53,40543
53,40603
53,40728
53,39918
53,39942
53,40866
53,40063
53,41000
53,41173
53,41280
53,41477
53,41556
53,41700
53,40809
53,40825
53,41811
53,41819
53,41920
53,41985
53,42062
53,42078
53,41345
53,41393
53,41429
53,42465
53,41674
53,41854
53,42840
53,42035
53,42992
53,42332
53,43264
53,43370
53,42654
53,43557
53,43625
53,42734
53,43671
53,43716
53,42816
53,43750
53,42855
53,43894
53,43114
53,44036
53,43157
53,44155
53,44158
53,43264
53,44357
53,44390
53,44630
53,44746
53,43907
53,44818
53,44866
53,44025
53,45027
53,44248
53,45347
53,44552
53,44617
53,44657
53,44711
53,44744
53,45672
53,45675
53,44829
53,44833
53,45844
53,45862
53,45935
53,46180
53,46367
53,45877
53,46786
53,46860
53,47029
53,47060
53,46184
53,46186
53,47216
53,47233
53,46518
53,46531
53,47519
53,46791
53,46922
53,47912
53,48080
53,48131
53,47232
53,48246
53,48433
53,48436
53,47603
53,48508
53,48619
53,47728
53,47737
53,47912
53,47946
53,47971
53,49202
53,49251
53,49345
53,48701
53,49779
53,49779
53,49967
53,50068
53,50077
53,50182
53,50231
53,49577
53,50478
53,50488
53,50687
53,50714
53,50750
53,50772
53,50981
53,51252
53,51361
53,50592
53,52210
53,52498
53,51608
53,52605
53,53059
53,53080
53,52200
53,53214
53,52352
53,53459
53,53686
53,53982
53,54294
53,54482
53,54693
53,53837
53,54848
53,54873
53,54060
53,55057
53,54400
53,54747
53,55031
54,32400
54,32564
54,32756
54,33028
54,33376
54,33390
54,34496
54,33650
54,34758
54,35156
54,35645
54,35719
54,35997
54,36105
54,36132
54,36144
54,36178
54,36215
54,36323
54,36497
54,36559
54,36820
54,37040
54,37493
54,37636
54,36862
54,37919
54,38021
54,38196
54,38240
54,38744
54,38103
54,38267
54,39349
54,38835
54,38916
54,39116
54,39143
54,40075
54,40087
54,40138
54,40143
54,39284
54,40279
54,40292
54,39409
54,40553
54,40641
54,40865
54,40922
54,40943
54,40074
54,40090
54,41000
54,41058
54,40158
54,41066
54,41247
54,40436
54,41404
54,41535
54,41633
54,40841
54,41757
54,40960
54,41928
54,41942
54,41332
54,42260
54,42563
54,41722
54,42828
54,42979
54,43129
54,43251
54,42358
54,43364
54,43424
54,42554
54,42568
54,42599
54,43517
54,43550
54,42686
54,43049
54,43138
54,44305
54,43495
54,44548
54,44566
54,44630
54,43761
54,43791
54,44740
54,43860
54,44777
54,43895
54,44860
54,44897
54,44909
54,44934
54,45219
54,45254
54,45417
54,45509
54,44773
54,44782
54,45689
54,45691
54,44918
54,45828
54,45949
54,46103
54,46208
54,46303
54,46323
54,46342
54,45455
54,45858
54,45927
54,46928
54,46945
54,46999
54,47445
54,46554
54,46653
54,46725
54,47653
54,46822
54,47771
54,46929
54,47162
54,47170
54,47292
54,48272
54,48404
54,48647
54,48827
54,48857
54,48157
54,49134
54,48265
54,48359
54,49305
54,48587
54,49873
54,50002
54,50111
54,50195
54,50277
54,49519
54,49667
54,49714
54,50629
54,50698
54,50837
54,50952
54,50130
54,51221
54,50397
54,51343
54,50787
54,51730
54,50969
54,51901
54,51918
54,51031
54,51962
54,51076
54,52039
54,52306
54,51524
54,52459
54,52505
54,52577
54,51736
54,51804
54,52785
54,52807
54,52839
54,53101
54,53204
54,52345
54,52677
54,53682
54,53785
54,53865
54,53180
54,54328
54,54420
54,54564
54,54694
54,54083
54,55104
54,55116
54,55140
55,32400
55,32546
55,32838
55,32937
55,32081
55,33235
55,32519
55,33478
55,33893
55,33183
55,34169
55,34350
55,33465
55,34891
55,35040
55,34374
55,34434
55,35617
55,35868
55,35966
55,36003
55,35514
55,36862
55,37043
55,37214
55,37469
55,37602
55,37735
55,37949
55,38073
55,38188
55,37469
55,37618
55,38521
55,38604
55,37765
55,38744
55,38899
55,38061
55,38165
55,39091
55,39125
55,39453
55,39815
55,39000
55,40004
55,39118
55,40049
55,40362
55,40385
55,40421
55,40532
55,39673
55,40708
55,40710
55,40736
55,40812
55,39930
55,40834
55,40840
55,40969
55,41021
55,41034
55,41075
55,40209
55,41111
55,40241
55,41259
55,41412
55,41422
55,41446
55,40550
55,41572
55,40699
55,40754
55,40786
55,40974
55,41973
55,42006
55,42035
55,42120
55,42183
55,42216
55,42277
55,42348
55,41565
55,42481
55,42045
55,43121
55,43137
55,43346
55,43362
55,43366
55,42547
55,42639
55,43564
55,43570
55,42670
55,42672
55,43587
55,42925
55,43863
55,44163
55,44296
55,44386
55,43494
55,44397
55,44470
55,44481
55,44524
55,43659
55,44585
55,43707
55,44615
55,43789
55,44737
55,44819
55,43948
55,44945
55,44111
55,44281
55,44436
55,45340
55,45557
55,45575
55,45654
55,45722
55,45746
55,45753
55,45757
55,45763
55,45923
55,46239
55,45374
55,46283
55,46294
55,45454
55,46371
55,45528
55,46517
55,46566
55,45695
55,46628
55,46668
55,46682
55,46839
55,46954
55,47061
55,47101
55,46295
55,46338
55,47312
55,46476
55,47426
55,47658
55,47752
55,47890
55,48002
55,47189
55,47399
55,47634
55,48563
55,48628
55,47995
55,48998
55,49052
55,48308
55,48327
55,49271
55,48371
55,49272
55,48585
55,49796
55,49869
55,49494
55,50432
55,50709
55,50751
55,50761
55,49879
55,50973
55,51277
55,50701
55,50888
55,51275
55,52712
55,52851
55,52922
55,52114
55,52363
55,52503
55,52536
55,53456
55,53807
55,53845
55,54031
55,54055
55,54077
55,54318
55,54401
55,53828
55,53860
55,54761
55,54821
55,54048
55,54971
55,54073
55,55006
55,55150
55,54721
55,54722
55,54970
55,55184
56,32400
56,32982
56,33211
56,33672
56,33691
56,33128
56,34176
56,34226
56,34297
56,34347
56,33665
56,34577
56,34578
56,34603
56,34938
56,35164
56,35176
56,35431
56,35849
56,34988
56,35922
56,36196
56,36397
56,35685
56,35858
56,36179
56,37605
56,37777
56,36967
56,38428
56,37546
56,38696
56,37895
56,38115
56,39102
56,39111
56,38358
56,38366
56,39629
56,39799
56,39861
56,39918
56,40066
56,39260
56,40208
56,40257
56,40324
56,39451
56,40407
56,40410
56,40416
56,40419
56,40435
56,40500
56,40521
56,39652
56,40700
56,40701
56,39897
56,40868
56,40920
56,40174
56,41089
56,41206
56,41285
56,41314
56,41372
56,40582
56,40626
56,40695
56,40720
56,41638
56,41746
56,41778
56,41781
56,41785
56,41794
56,41822
56,41824
56,41021
56,41995
56,42017
56,42125
56,41388
56,42359
56,42361
56,41558
56,42482
56,41752
56,41879
56,42782
56,42793
56,43055
56,43120
56,42353
56,42405
56,43310
56,43331
56,43339
56,43378
56,42493
56,43410
56,43564
56,42716
56,42816
56,43067
56,43288
56,44431
56,44509
56,44594
56,43718
56,44631
56,44725
56,44843
56,44893
56,43994
56,44231
56,45152
56,45264
56,44433
56,45439
56,45585
56,45592
56,45594
56,45609
56,45706
56,44819
56,44848
56,45828
56,45931
56,46025
56,46076
56,46124
56,46135
56,46239
56,46259
56,46352
56,46555
56,46620
56,46633
56,46738
56,45843
56,45922
56,46884
56,46890
56,46897
56,46898
56,46910
56,47047
56,46214
56,47156
56,47283
56,46394
56,46779
56,47064
56,47981
56,48094
56,48242
56,48379
56,47593
56,47720
56,48621
56,47887
56,48930
56,49045
56,49074
56,49100
56,48537
56,48594
56,49755
56,49823
56,50993
56,51047
56,50233
56,51376
56,51418
56,51555
56,51570
56,51702
56,51714
56,51795
56,50997
56,52023
56,52056
56,51228
56,51270
56,52300
56,52367
56,51981
56,52096
56,52138
56,53104
56,53412
56,53428
56,52655
56,53580
56,53859
56,53198
56,53275
56,54371
56,54624
56,54632
56,54699
56,54763
56,53937
56,53994
56,54977
56,55049
56,55110
56,55156
56,54271
56,54340
56,54692
56,54713
56,54805
56,54989
57,32400
57,32590
57,33370
57,32470
57,32475
57,32539
57,32625
57,33875
57,34025
57,34260
57,35188
57,35245
57,35307
57,35317
57,34893
57,35134
57,35669
57,35680
57,36606
57,36901
57,37305
57,38527
57,38723
57,39034
57,39276
57,38629
57,39697
57,39735
57,39788
57,39877
57,39081
57,39999
57,40052
57,40072
57,39219
57,40326
57,40367
57,40398
57,39583
57,39769
57,40702
57,39924
57,41076
57,41165
57,40307
57,41244
57,41409
57,41413
57,40518
57,41475
57,41543
57,40747
57,40752
57,40844
57,41783
57,40919
57,41972
57,41165
57,42225
57,42253
57,42365
57,42399
57,41631
57,41662
57,42580
57,42628
57,42666
57,42667
57,42743
57,41967
57,41968
57,41994
57,42966
57,42258
57,43197
57,42316
57,43303
57,42466
57,42595
57,43571
57,43606
57,42786
57,43689
57,43768
57,42894
57,43856
57,44035
57,44084
57,43207
57,44199
57,44215
57,44226
57,43326
57,44234
57,43377
57,44350
57,43501
57,44458
57,43608
57,44559
57,43737
57,44965
57,44087
57,44190
57,45172
57,45190
57,45280
57,45300
57,45384
57,44523
57,45433
57,45615
57,45643
57,45650
57,45668
57,45688
57,45896
57,45962
57,46069
57,46205
57,46209
57,45334
57,45483
57,46405
57,46434
57,46460
57,45679
57,46582
57,45850
57,46015
57,47028
57,47098
57,47178
57,47211
57,47223
57,47303
57,47323
57,47329
57,47358
57,47487
57,47557
57,47569
57,47602
57,46708
57,46718
57,47727
57,46832
57,47843
57,47209
57,47460
57,48471
57,48716
57,48723
57,48852
57,48890
57,49059
57,49228
57,49435
57,49455
57,49987
57,50008
57,50013
57,50027
57,49719
57,50772
57,50935
57,51073
57,51307
57,51385
57,51402
57,51658
57,51753
57,50930
57,52079
57,52154
57,52171
57,51277
57,52399
57,52401
57,51529
57,52430
57,52577
57,51684
57,51692
57,52646
57,52877
57,52912
57,52953
57,53291
57,53549
57,54076
57,53205
57,53216
57,54376
57,53516
57,54474
57,54564
57,54590
57,55250
57,54610
57,54648
57,54845
57,55000
58,32400
58,32454
58,31816
58,32741
58,32773
58,32461
58,32546
58,33653
58,34252
58,33810
58,35286
58,35310
58,35376
58,35409
58,35496
58,35663
58,34898
58,34947
58,35917
58,36267
58,36302
58,35497
58,35598
58,36659
58,36785
58,36844
58,36986
58,36157
58,37341
58,37364
58,38179
58,38033
58,39202
58,39488
58,40170
58,40608
58,39931
58,40982
58,41211
58,41243
58,41392
58,41484
58,41510
58,41525
58,41534
58,41630
58,41745
58,41755
58,41932
58,41983
58,42012
58,42039
58,41144
58,42415
58,42479
58,42507
58,41614
58,42595
58,42997
58,42166
58,43140
58,43148
58,43157
58,43190
58,43287
58,43318
58,43393
58,43540
58,43784
58,43905
58,43912
58,43985
58,44078
58,44094
58,43297
58,44246
58,43457
58,43531
58,44496
58,44501
58,44528
58,44571
58,44715
58,44822
58,44871
58,45005
58,44107
58,45039
58,45198
58,45275
58,45299
58,45330
58,45354
58,44504
58,45555
58,44839
58,45809
58,45829
58,45875
58,45992
58,46013
58,46120
58,45369
58,46367
58,46442
58,45610
58,45645
58,45894
58,45943
58,45945
58,46881
58,47009
58,46120
58,46131
58,47071
58,46224
58,47232
58,47301
58,47316
58,47350
58,47398
58,47516
58,47540
58,47749
58,46867
58,47909
58,47918
58,47979
58,48004
58,47309
58,48274
58,47481
58,48525
58,49323
58,49524
58,49640
58,48875
58,49795
58,50029
58,49174
58,50086
58,50140
58,50254
58,49371
58,49431
58,49547
58,50457
58,50521
58,50077
58,51105
58,51306
58,51379
58,51507
58,51510
58,51513
58,51821
58,50968
58,52206
58,52392
58,52429
58,53161
58,52275
58,53176
58,52692
58,52828
58,53779
58,53903
58,53031
58,54588
58,54620
58,54890
58,54134
58,55148
58,55259
59,32400
59,31528
59,31745
59,32660
59,32905
59,32995
59,32129
59,32390
59,32591
59,34126
59,33341
59,34082
59,35102
59,34303
59,35426
59,35481
59,36256
59,36554
59,36561
59,36719
59,36919
59,36944
59,36052
59,36290
59,37576
59,36752
59,36768
59,36886
59,38031
59,37243
59,38569
59,38771
59,38817
59,39005
59,38560
59,38623
59,39621
59,39692
59,38888
59,39230
59,40409
59,39594
59,39687
59,40627
59,40711
59,41013
59,41025
59,41032
59,41145
59,41200
59,41206
59,40352
59,41367
59,41437
59,41441
59,41458
59,40584
59,41589
59,41637
59,41752
59,40855
59,42088
59,42138
59,41319
59,41381
59,42386
59,41508
59,42671
59,42900
59,42016
59,42125
59,42286
59,43260
59,43288
59,43442
59,43447
59,43560
59,43564
59,43986
59,43108
59,43159
59,44080
59,44187
59,44275
59,44574
59,43675
59,44801
59,44813
59,44820
59,44967
59,45028
59,45048
59,45081
59,45094
59,44226
59,44429
59,45336
59,45576
59,45586
59,44705
59,45611
59,44835
59,45787
59,45840
59,45878
59,45889
59,44998
59,45924
59,46019
59,46066
59,46222
59,46382
59,46391
59,46591
59,46692
59,46717
59,45874
59,46944
59,46169
59,47107
59,46220
59,47159
59,47331
59,47420
59,46596
59,46706
59,46848
59,46958
59,47959
59,47109
59,48054
59,48159
59,47331
59,47338
59,47520
59,48504
59,48809
59,48065
59,48990
59,49198
59,49212
59,49239
59,48432
59,49446
59,48561
59,49476
59,48585
59,49549
59,49575
59,49632
59,49931
59,50046
59,49222
59,50351
59,49525
59,49532
59,50613
59,50639
59,50771
59,49952
59,50911
59,50079
59,51192
59,51518
59,50623
59,51884
59,51885
59,51896
59,51942
59,51062
59,52067
59,51293
59,52795
59,52863
59,52945
59,53140
59,52467
59,53425
59,53491
59,52657
59,53654
59,53654
59,53805
59,52917
59,53836
59,54038
59,54240
59,54287
59,53485
59,53487
59,54398
59,54441
59,54602
59,53751
59,54192
59,55096
59,54514
60,32400
60,32528
60,32983
60,32260
60,33223
60,33315
60,33728
60,33003
60,33039
60,34021
60,34045
60,33437
60,33538
60,33818
60,33974
60,35160
60,34298
60,34307
60,34374
60,35303
60,35309
60,34514
60,34713
60,35734
60,35746
60,35779
60,35835
60,35924
60,35608
60,36789
60,36994
60,36306
60,37212
60,37259
60,36427
60,36977
60,37905
60,38168
60,38204
60,38452
60,37718
60,38822
60,39071
60,39186
60,39201
60,39751
60,40096
60,40247
60,40547
60,40565
60,39732
60,40715
60,40768
60,39881
60,39971
60,41121
60,41149
60,40266
60,40295
60,41217
60,41340
60,40447
60,41524
60,40767
60,40813
60,41716
60,41875
60,41887
60,41039
60,41218
60,42131
60,42193
60,41397
60,42339
60,42383
60,42411
60,42489
60,42499
60,41741
60,41782
60,42787
60,41966
60,43014
60,43185
60,43245
60,42350
60,43350
60,43442
60,43483
60,43518
60,43737
60,43816
60,42991
60,43907
60,44007
60,44075
60,43179
60,44085
60,43265
60,44182
60,44261
60,44324
60,44362
60,43668
60,43727
60,44778
60,43935
60,44842
60,44873
60,44944
60,45009
60,45121
60,45188
60,45192
60,45197
60,45236
60,44349
60,45293
60,44522
60,45433
60,44597
60,45500
60,45751
60,44967
60,45993
60,46068
60,46091
60,46102
60,46291
60,45461
60,46403
60,46411
60,45562
60,46722
60,46752
60,46795
60,45943
60,45985
60,45995
60,46925
60,46979
60,46250
60,47216
60,47356
60,46470
60,46500
60,47563
60,47632
60,47781
60,47911
60,47941
60,47950
60,47987
60,48084
60,48090
60,48284
60,48339
60,48501
60,48824
60,48849
60,48888
60,48152
60,49083
60,48473
60,49491
60,48934
60,49313
60,49466
60,50539
60,50698
60,49819
60,50860
60,50879
60,51179
60,50307
60,51336
60,51366
60,51578
60,52048
60,51170
60,52215
60,52516
60,52738
60,52832
60,52852
60,52933
60,52966
60,53251
60,52771
60,53990
60,53347
60,55078
60,54210
60,54236
60,54435
60,54567
60,54605
60,54838
60,55082
61,32400
61,32499
61,32507
61,32091
61,33106
61,32414
61,32554
61,33721
61,33091
61,33649
61,34741
61,34814
61,34904
61,34982
61,35026
61,34286
61,34787
61,35713
61,35738
61,36650
61,36017
61,36954
61,37333
61,36947
61,37989
61,38326
61,38344
61,38420
61,38712
61,37973
61,38920
61,38213
61,39138
61,38417
61,39381
61,39522
61,39584
61,39885
61,39035
61,39067
61,40133
61,40166
61,40197
61,40219
61,39437
61,40415
61,40415
61,40420
61,40479
61,40527
61,40582
61,40610
61,40783
61,39941
61,39975
61,41382
61,41567
61,41595
61,41648
61,41674
61,41719
61,41768
61,41824
61,41004
61,42132
61,41324
61,42327
61,42359
61,41477
61,42389
61,41588
61,42599
61,42628
61,42839
61,41990
61,43047
61,42161
61,43199
61,43199
61,43328
61,42597
61,42698
61,43695
61,43765
61,43816
61,42961
61,44013
61,44041
61,44204
61,44249
61,43476
61,43539
61,43760
61,43801
61,44724
61,43852
61,44810
61,44068
61,45080
61,45096
61,45101
61,45169
61,45216
61,44402
61,44404
61,45362
61,45391
61,45649
61,45025
61,45106
61,45119
61,46087
61,46308
61,46427
61,45546
61,46559
61,46597
61,46854
61,46864
61,47026
61,47139
61,47212
61,47237
61,47294
61,47378
61,47460
61,47687
61,47834
61,47194
61,48223
61,47527
61,47535
61,48718
61,48748
61,48784
61,48182
61,49559
61,49600
61,48728
61,49645
61,49734
61,48863
61,49947
61,50057
61,50098
61,49396
61,50304
61,50381
61,50507
61,50562
61,50723
61,50831
61,51293
61,51519
61,50760
61,51863
61,51868
61,51948
61,52022
61,52084
61,51256
61,52261
61,51485
61,52559
61,52564
61,51681
61,52660
61,51804
61,52718
61,53477
61,53804
61,53060
61,53990
61,54571
61,54732
61,53907
61,55234
61,54482
61,54518
62,32400
62,31759
62,31893
62,32803
62,33115
62,33467
62,33585
62,34039
62,34046
62,33323
62,35356
62,35411
62,35636
62,35749
62,34960
62,35950
62,36088
62,36100
62,36102
62,35367
62,36275
62,36349
62,36582
62,37032
62,37328
62,37407
62,37498
62,37582
62,37592
62,38013
62,37593
62,38872
62,38916
62,39278
62,39578
62,39626
62,39769
62,39803
62,38986
62,40063
62,40102
62,40170
62,40442
62,39777
62,39795
62,39808
62,39837
62,40750
62,40798
62,40812
62,40043
62,41035
62,41037
62,41087
62,41201
62,41347
62,41543
62,40722
62,41795
62,40937
62,41958
62,42056
62,42083
62,41335
62,42306
62,42313
62,41438
62,41452
62,41458
62,42384
62,41735
62,42641
62,41858
62,41865
62,42832
62,42959
62,42976
62,42176
62,43080
62,43113
62,43131
62,42281
62,43218
62,43225
62,43406
62,43408
62,42527
62,43484
62,43496
62,42631
62,42632
62,43544
62,43571
62,43582
62,42742
62,42903
62,43013
62,43914
62,43103
62,43170
62,44096
62,43221
62,44224
62,43405
62,44476
62,44490
62,43794
62,44697
62,44542
62,45488
62,45496
62,45703
62,45773
62,45789
62,45919
62,45971
62,45293
62,46296
62,46423
62,46434
62,45873
62,46878
62,46899
62,47199
62,47244
62,47326
62,47378
62,46490
62,47458
62,46626
62,47877
62,47005
62,47983
62,47125
62,48310
62,47514
62,48529
62,48616
62,47802
62,48776
62,49172
62,49189
62,49193
62,48658
62,49712
62,48855
62,49903
62,49959
62,49991
62,50070
62,49179
62,50206
62,50235
62,50329
62,49524
62,49898
62,51204
62,51367
62,50482
62,51541
62,50966
62,51029
62,52074
62,52114
62,52145
62,52158
62,51312
62,52221
62,52424
62,52868
62,52132
62,53070
62,53158
62,52546
62,53482
62,52601
62,52714
62,53736
62,53785
62,53987
62,53994
62,54054
62,53468
62,54518
62,53850
62,54184
62,55115
63,32400
63,32479
63,31757
63,31818
63,32270
63,33206
63,33227
63,33375
63,33794
63,33929
63,34216
63,35569
63,35700
63,35827
63,34965
63,35133
63,36220
63,36224
63,35401
63,36478
63,36036
63,36168
63,36661
63,37606
63,37788
63,37094
63,38242
63,38312
63,38375
63,37609
63,37861
63,37898
63,38843
63,39031
63,38249
63,39191
63,39259
63,39551
63,39558
63,39633
63,39891
63,40031
63,39192
63,40257
63,39474
63,40411
63,39530
63,40480
63,40503
63,40512
63,39715
63,39817
63,40787
63,40803
63,39961
63,40939
63,40195
63,41098
63,41217
63,41355
63,40498
63,41524
63,40648
63,41657
63,41678
63,41734
63,41739
63,41804
63,41844
63,41862
63,41896
63,41908
63,42184
63,42195
63,42260
63,42263
63,42334
63,42471
63,41711
63,42738
63,42927
63,43030
63,43043
63,42167
63,42432
63,43364
63,42491
63,43409
63,42525
63,42575
63,42645
63,43591
63,43619
63,42801
63,43704
63,43777
63,43891
63,44011
63,44120
63,43224
63,44217
63,44248
63,44298
63,44909
63,44371
63,44777
63,45730
63,45857
63,44963
63,45931
63,45053
63,46047
63,46084
63,46326
63,46338
63,46568
63,46642
63,45787
63,46985
63,47013
63,47225
63,47394
63,47446
63,47451
63,47526
63,47559
63,46789
63,47075
63,48155
63,48263
63,48507
63,48962
63,49002
63,49103
63,48322
63,49260
63,49278
63,49279
63,49334
63,49399
63,49423
63,48588
63,49517
63,48688
63,49615
63,49689
63,48798
63,49702
63,49728
63,49784
63,48999
63,49231
63,49301
63,50536
63,49924
63,49984
63,51271
63,51280
63,51348
63,51453
63,51733
63,51833
63,51911
63,52042
63,51359
63,51673
63,51678
63,52643
63,53053
63,53167
63,53204
63,53263
63,53297
63,53698
63,53706
63,53751
63,53805
63,53916
63,53259
63,54472
63,54664
63,54779
63,54853
63,54908
63,54943
63,54954
63,55060
63,55103
63,55214
63,54761
63,54821
63,54994
63,55058
63,55151
64,32400
64,31768
64,32715
64,32772
64,32975
64,32175
64,32586
64,33619
64,33668
64,34178
64,33476
64,34404
64,34494
64,34678
64,35075
64,35203
64,35342
64,35645
64,34899
64,35879
64,35939
64,35964
64,36291
64,36592
64,36758
64,36104
64,37179
64,37286
64,36559
64,36617
64,37522
64,37691
64,38102
64,37203
64,38214
64,39284
64,39366
64,38501
64,39527
64,40267
64,40368
64,39827
64,40781
64,40819
64,40985
64,40992
64,40102
64,40111
64,40112
64,40165
64,41180
64,41238
64,41367
64,41516
64,41640
64,41723
64,41820
64,41890
64,41003
64,42045
64,42343
64,42487
64,41637
64,42568
64,42773
64,42844
64,42912
64,43367
64,42505
64,42581
64,42595
64,43598
64,43700
64,42815
64,43887
64,43146
64,43209
64,43264
64,44343
64,44392
64,44411
64,43515
64,43598
64,43661
64,43709
64,44700
64,44726
64,44759
64,44822
64,43948
64,44850
64,43963
64,44097
64,44122
64,44172
64,45265
64,44432
64,45359
64,45478
64,45527
64,45563
64,44683
64,44795
64,45696
64,45715
64,44887
64,46170
64,45445
64,46392
64,46563
64,45874
64,45933
64,46840
64,45950
64,46917
64,47109
64,47118
64,46279
64,47192
64,47203
64,47323
64,47326
64,47343
64,46449
64,47369
64,47373
64,46518
64,47486
64,47515
64,47551
64,47705
64,47938
64,47067
64,48094
64,47218
64,47274
64,47425
64,48426
64,47592
64,48588
64,48700
64,47813
64,48830
64,48323
64,48435
64,49472
64,49474
64,49489
64,49522
64,48658
64,48795
64,49734
64,49009
64,49964
64,49089
64,50008
64,50078
64,49189
64,50145
64,49382
64,50339
64,50429
64,49558
64,50773
64,50854
64,50963
64,51026
64,50144
64,51406
64,51720
64,51859
64,50971
64,51089
64,52095
64,51299
64,51406
64,52308
64,51576
64,51841
64,52770
64,53030
64,53073
64,52303
64,53213
64,53378
64,53515
64,53563
64,52764
64,53955
64,54135
64,54225
64,54318
64,54569
64,54782
64,53901
64,53948
64,54045
64,54976
64,54148
64,54270
65,32400
65,31694
65,32611
65,31958
65,33056
65,33295
65,32523
65,33653
65,33714
65,34098
65,34139
65,33312
65,34479
65,34882
65,34046
65,35820
65,36041
65,36770
65,35985
65,37049
65,37424
65,37455
65,37765
65,37868
65,37129
65,38037
65,38071
65,38132
65,38673
65,37818
65,38741
65,39058
65,39151
65,39217
65,39249
65,39638
65,39711
65,39005
65,40025
65,39441
65,40384
65,39516
65,40469
65,39580
65,40676
65,40733
65,39893
65,40852
65,40875
65,41050
65,40151
65,41118
65,41179
65,40349
65,40480
65,41389
65,41468
65,41483
65,41505
65,41509
65,40815
65,40837
65,40923
65,40927
65,41887
65,41894
65,41974
65,42098
65,41278
65,41539
65,42506
65,41805
65,41813
65,41942
65,42949
65,42137
65,43151
65,42282
65,43202
65,43317
65,42419
65,42451
65,43394
65,42531
65,43491
65,42606
65,43530
65,43711
65,43733
65,42897
65,43175
65,44430
65,44488
65,43655
65,43791
65,44811
65,44822
65,44957
65,45022
65,45237
65,45313
65,45354
65,45415
65,45444
65,44580
65,45584
65,44764
65,45689
65,45907
65,45954
65,45124
65,46123
65,46176
65,46295
65,45606
65,45633
65,46706
65,46876
65,46975
65,47108
65,47161
65,47306
65,47430
65,47487
65,47507
65,46693
65,46774
65,47692
65,47719
65,46963
65,46971
65,48209
65,48575
65,48608
65,48627
65,48860
65,48957
65,49182
65,49242
65,49248
65,49384
65,49406
65,49453
65,49592
65,49671
65,49752
65,49170
65,50161
65,50252
65,50318
65,50402
65,50451
65,50457
65,49725
65,51272
65,50466
65,51414
65,50891
65,51812
65,51882
65,52011
65,52023
65,52100
65,52141
65,52232
65,52243
65,52314
65,51657
65,52615
65,52740
65,52985
65,52994
65,53066
65,53464
65,53481
65,52621
65,52655
65,53718
65,52870
65,52943
65,53169
65,54072
65,54103
65,53259
65,53306
65,53317
65,53400
65,54382
65,53507
65,54480
65,53596
65,54507
65,54565
65,54600
65,54913
65,55041
65,54318
65,54713
66,32400
66,33201
66,33303
66,33424
66,33610
66,33017
66,33060
66,33133
66,34157
66,34160
66,33381
66,34372
66,34442
66,33590
66,33884
66,34924
66,35125
66,35189
66,35209
66,35309
66,35437
66,35173
66,36403
66,36411
66,36613
66,37077
66,36222
66,37349
66,37351
66,37637
66,37971
66,38210
66,38249
66,37855
66,38014
66,38262
66,39876
66,39877
66,39905
66,40015
66,39172
66,40146
66,40238
66,39391
66,40314
66,39468
66,40572
66,39682
66,39760
66,40679
66,39811
66,40819
66,40145
66,41085
66,41120
66,40400
66,41335
66,40586
66,41689
66,40829
66,41892
66,41896
66,41903
66,41935
66,41132
66,42254
66,41664
66,43037
66,43205
66,42457
66,43362
66,43538
66,42684
66,43858
66,43917
66,43170
66,43290
66,44199
66,43324
66,44271
66,43479
66,43517
66,44451
66,43583
66,44559
66,44818
66,44922
66,44176
66,45117
66,45127
66,45257
66,45263
66,45365
66,44523
66,45593
66,44730
66,45644
66,44827
66,45728
66,45796
66,44917
66,45860
66,45881
66,46359
66,46387
66,45500
66,45628
66,46757
66,46837
66,46275
66,46390
66,46490
66,46515
66,47445
66,47494
66,47700
66,46967
66,47938
66,48053
66,47203
66,48158
66,48325
66,48412
66,48443
66,47555
66,48484
66,47586
66,47657
66,48586
66,48617
66,47869
66,48786
66,47892
66,48991
66,48212
66,49215
66,49248
66,49332
66,49423
66,49512
66,49781
66,48888
66,49839
66,50025
66,49140
66,50064
66,50299
66,50378
66,50483
66,49591
66,50529
66,50696
66,50771
66,50842
66,50041
66,50125
66,51166
66,50397
66,50533
66,50565
66,51471
66,51721
66,51805
66,50944
66,51899
66,51045
66,51981
66,52119
66,51444
66,51568
66,51694
66,52688
66,51855
66,52778
66,53498
66,52637
66,53654
66,53764
66,53898
66,53967
66,54060
66,53575
66,53614
66,54665
66,55068
66,55090
66,54218
66,54928
66,55258
67,32400
67,31896
67,32839
67,32879
67,32898
67,33009
67,33030
67,33072
67,33617
67,34013
67,34048
67,33321
67,34743
67,35666
67,35670
67,34905
67,36089
67,36563
67,36638
67,36842
67,37052
67,37095
67,36244
67,37714
67,37881
67,37008
67,38336
67,38342
67,38368
67,39056
67,39329
67,39514
67,38907
67,38931
67,40049
67,40068
67,40075
67,40106
67,40134
67,40245
67,40261
67,40327
67,39433
67,40367
67,40384
67,40395
67,40554
67,40575
67,40609
67,40650
67,40739
67,40797
67,39899
67,40863
67,40002
67,40007
67,40999
67,41050
67,41222
67,40509
67,41533
67,41550
67,41559
67,40912
67,41890
67,41004
67,41935
67,42055
67,41176
67,41180
67,42237
67,42311
67,41528
67,41548
67,42526
67,41814
67,41814
67,42977
67,43007
67,42171
67,43076
67,43141
67,43339
67,43389
67,43395
67,43470
67,43708
67,42817
67,43760
67,43842
67,43985
67,44022
67,44056
67,43428
67,44350
67,44477
67,44916
67,44997
67,44164
67,44177
67,45080
67,45120
67,45289
67,45311
67,44619
67,44672
67,45708
67,44868
67,45803
67,45934
67,45976
67,46001
67,46071
67,45434
67,46477
67,46528
67,46530
67,46561
67,45685
67,46746
67,46751
67,46754
67,46776
67,46867
67,45983
67,46954
67,46957
67,46075
67,46168
67,47100
67,47101
67,46566
67,46674
67,47605
67,46771
67,47717
67,46818
67,46851
67,46895
67,47828
67,46970
67,47936
67,47998
67,48073
67,48102
67,47211
67,48163
67,48216
67,48229
67,48274
67,48357
67,48429
67,48645
67,47808
67,48863
67,48133
67,49100
67,49300
67,49484
67,48599
67,49573
67,49881
67,49292
67,49361
67,50271
67,50412
67,49543
67,49817
67,49879
67,50969
67,50168
67,51069
67,51180
67,50308
67,51273
67,50395
67,50813
67,51027
67,52028
67,52044
67,52265
67,52364
67,51895
67,51944
67,52851
67,52937
67,52050
67,53137
67,53242
67,53627
67,53647
67,53808
67,54185
67,54580
67,53876
67,54802
67,54988
67,55172
67,55201
67,54590
67,55186
68,32400
68,32483
68,32538
68,32635
68,32673
68,31977
68,32952
68,32143
68,33213
68,32492
68,33428
68,33515
68,33613
68,33031
68,34418
68,33588
68,34696
68,35282
68,35326
68,36294
68,35425
68,35504
68,35671
68,36576
68,36697
68,37208
68,38482
68,38299
68,39372
68,40034
68,39134
68,40051
68,40097
68,40142
68,40286
68,40430
68,40441
68,40468
68,40633
68,40705
68,40760
68,39951
68,39985
68,40968
68,40134
68,41106
68,40382
68,40625
68,41532
68,41564
68,41565
68,41650
68,40889
68,41209
68,42148
68,42151
68,42153
68,42321
68,41486
68,42398
68,41564
68,41626
68,42532
68,41691
68,42669
68,41778
68,41803
68,41937
68,42842
68,42177
68,43107
68,43115
68,43139
68,42420
68,43337
68,42541
68,43584
68,42769
68,42784
68,43776
68,43813
68,42917
68,42990
68,43062
68,44356
68,43564
68,44529
68,44535
68,43798
68,44709
68,44743
68,44762
68,44883
68,44062
68,44972
68,45140
68,45249
68,44370
68,45298
68,44488
68,45408
68,45427
68,45437
68,45496
68,45569
68,44764
68,45706
68,45730
68,45923
68,45169
68,46073
68,46122
68,46220
68,45406
68,45426
68,46427
68,46503
68,45643
68,46643
68,45860
68,45904
68,46809
68,46864
68,46897
68,47064
68,46170
68,46245
68,46395
68,47296
68,46459
68,47376
68,47470
68,47553
68,47559
68,46661
68,47600
68,47629
68,47731
68,47742
68,47894
68,47907
68,47050
68,47200
68,47326
68,47345
68,48306
68,48398
68,47509
68,48789
68,48814
68,48912
68,48954
68,48980
68,49021
68,49053
68,49085
68,49170
68,49214
68,49286
68,49626
68,48744
68,49662
68,49804
68,50155
68,49353
68,50314
68,50570
68,50589
68,50873
68,50900
68,50960
68,50255
68,51352
68,50733
68,50813
68,51912
68,51246
68,51382
68,51656
68,52622
68,52846
68,53504
68,52800
68,53831
68,54559
68,53810
68,54046
68,54094
68,55154
68,54622
69,32400
69,31590
69,32585
69,32930
69,32058
69,33035
69,32471
69,33572
69,33605
69,33609
69,33789
69,33032
69,34018
69,33379
69,34483
69,33744
69,34991
69,35087
69,35436
69,35724
69,35758
69,35685
69,37066
69,36258
69,37297
69,37331
69,36442
69,37492
69,37760
69,36881
69,37814
69,37878
69,38113
69,38417
69,38451
69,38793
69,38924
69,38938
69,38943
69,38093
69,39458
69,39753
69,39836
69,39881
69,39106
69,40033
69,40111
69,40200
69,40224
69,39358
69,40292
69,39508
69,40420
69,40440
69,40453
69,40463
69,39613
69,39675
69,40600
69,39705
69,40734
69,40793
69,40808
69,40843
69,40111
69,40158
69,41093
69,41100
69,40459
69,41465
69,41505
69,41536
69,41566
69,41947
69,41962
69,41080
69,42037
69,42039
69,42098
69,42251
69,42303
69,42345
69,42434
69,42497
69,42782
69,41928
69,42859
69,42039
69,42085
69,42088
69,42244
69,43163
69,42324
69,43300
69,43320
69,42506
69,42567
69,43619
69,42770
69,43990
69,43131
69,44049
69,43165
69,44099
69,44264
69,44329
69,44364
69,44390
69,44397
69,44832
69,44998
69,45024
69,45069
69,45095
69,45170
69,45198
69,44328
69,45300
69,45465
69,45646
69,45670
69,45693
69,44850
69,45754
69,44929
69,44943
69,45993
69,45220
69,46506
69,46515
69,45699
69,46650
69,46680
69,46753
69,46773
69,46812
69,46011
69,46049
69,46319
69,47366
69,47377
69,47383
69,47411
69,46556
69,47463
69,47521
69,47658
69,46759
69,47736
69,47853
69,47948
69,47950
69,47191
69,48230
69,47355
69,48293
69,48487
69,48527
69,47914
69,49101
69,49350
69,49352
69,49604
69,50066
69,50069
69,50118
69,49309
69,50227
69,49738
69,50786
69,50248
69,51190
69,50563
69,51556
69,51573
69,51578
69,50735
69,50863
69,51840
69,52068
69,52293
69,52346
69,52395
69,52410
69,52585
69,52935
69,53524
69,53694
69,52797
69,53751
69,53754
69,53981
69,54025
69,54109
69,54202
69,54308
69,54478
69,53618
69,54691
69,54770
69,54109
69,55119
69,54409
69,54965
69,55242
70,32400
70,33144
70,33250
70,33415
70,32777
70,33684
70,32967
70,33019
70,33129
70,34079
70,33219
70,33240
70,34515
70,33886
70,34034
70,34053
70,34112
70,34171
70,34450
70,35668
70,35747
70,34848
70,35760
70,36047
70,36117
70,35307
70,36313
70,36389
70,36390
70,36562
70,36574
70,35782
70,36958
70,37058
70,37239
70,36469
70,36558
70,37985
70,38405
70,38426
70,37754
70,38698
70,38702
70,38759
70,37998
70,39009
70,39110
70,39201
70,39313
70,39347
70,39454
70,38571
70,39948
70,40183
70,40298
70,39421
70,40396
70,40577
70,40595
70,39701
70,39801
70,40965
70,40116
70,41149
70,41216
70,40388
70,41549
70,41602
70,40882
70,41997
70,42097
70,41255
70,42166
70,41305
70,42279
70,42347
70,42391
70,42427
70,41606
70,42513
70,42567
70,41782
70,42272
70,43190
70,43312
70,43348
70,43350
70,42563
70,43572
70,43726
70,42962
70,43983
70,43996
70,44082
70,44185
70,44250
70,44355
70,44442
70,44457
70,44505
70,44599
70,43699
70,44735
70,43841
70,44783
70,44811
70,44833
70,44014
70,44035
70,45299
70,45380
70,44493
70,45548
70,45590
70,45615
70,44847
70,44883
70,45785
70,45844
70,45211
70,45253
70,45260
70,46205
70,46227
70,46270
70,46463
70,46561
70,46648
70,46666
70,46679
70,46688
70,46762
70,46818
70,47146
70,46274
70,46298
70,47264
70,47447
70,47538
70,46734
70,46744
70,46919
70,47005
70,47132
70,47136
70,47212
70,47245
70,47433
70,48380
70,47482
70,48445
70,48795
70,48833
70,48978
70,48995
70,49124
70,48236
70,49230
70,48352
70,48563
70,48592
70,48642
70,49783
70,49166
70,50256
70,50449
70,49550
70,49793
70,50785
70,50789
70,49918
70,49944
70,51108
70,51150
70,50333
70,51262
70,51486
70,50647
70,51580
70,51598
70,51661
70,50773
70,51839
70,51914
70,51098
70,51190
70,51235
70,52178
70,52193
70,52267
70,52352
70,52458
70,52506
70,51828
70,52778
70,53237
70,53238
70,53299
70,53367
70,53427
70,52604
70,53549
70,53734
70,52843
70,52873
70,53177
70,53191
70,54204
70,54228
70,54580
70,54597
70,54647
70,54895
70,54003
70,55071
70,55153
70,54294
70,55234
70,54636
70,55213
71,32400
71,32566
71,32635
71,32701
71,33089
71,33794
71,33999
71,34096
71,34216
71,34365
71,34563
71,33682
71,34960
71,35179
71,34318
71,34426
71,34588
71,34779
71,35910
71,36213
71,36296
71,35600
71,36655
71,36024
71,37090
71,36202
71,36459
71,36801
71,37778
71,37911
71,37945
71,38266
71,38274
71,38658
71,38763
71,39213
71,39225
71,39325
71,39377
71,39621
71,40027
71,40064
71,39222
71,40157
71,40294
71,40532
71,39657
71,40723
71,39859
71,40819
71,40833
71,40848
71,40014
71,40965
71,41025
71,41108
71,41163
71,40284
71,40288
71,40331
71,41296
71,41383
71,40492
71,41411
71,40521
71,41461
71,40709
71,40789
71,40796
71,40909
71,41881
71,41159
71,42061
71,41162
71,42111
71,42114
71,42164
71,42172
71,42214
71,42247
71,42285
71,42470
71,42549
71,42560
71,41799
71,41850
71,41877
71,42917
71,42091
71,43138
71,42313
71,42660
71,43597
71,42911
71,43140
71,44059
71,44247
71,44271
71,44278
71,44325
71,44446
71,44544
71,43663
71,44690
71,44830
71,44886
71,43992
71,45118
71,45158
71,44283
71,44314
71,45247
71,44379
71,45282
71,45378
71,45473
71,44627
71,45924
71,46014
71,46136
71,46169
71,46221
71,46287
71,46630
71,46663
71,46827
71,45960
71,45960
71,47340
71,47351
71,47442
71,47457
71,46591
71,47608
71,47773
71,46892
71,47318
71,48221
71,48241
71,48337
71,47487
71,48470
71,48637
71,48640
71,47782
71,47919
71,47941
71,48911
71,48914
71,49056
71,48227
71,49577
71,48724
71,49643
71,49811
71,49040
71,49132
71,50176
71,49276
71,50242
71,50243
71,50253
71,50680
71,50910
71,50955
71,51024
71,51326
71,50821
71,51766
71,51854
71,50974
71,51116
71,52316
71,52397
71,51555
71,52543
71,51780
71,52723
71,51971
71,52908
71,52026
71,53127
71,53131
71,53189
71,52327
71,53259
71,53458
71,53765
71,53968
71,54049
71,54059
71,54229
71,54492
71,54980
71,55105
71,55154
71,55181
71,55213
71,55248
71,54658
71,54789
72,32400
72,32594
72,33035
72,33140
72,33164
72,32308
72,33372
72,32641
72,33653
72,33969
72,33244
72,34196
72,34534
72,34575
72,34779
72,34883
72,34160
72,35460
72,35256
72,36825
72,36828
72,37131
72,37443
72,37683
72,36824
72,37797
72,38047
72,38109
72,38231
72,38310
72,38565
72,38707
72,38904
72,38922
72,38338
72,38578
72,38692
72,39593
72,39598
72,39623
72,39002
72,39133
72,40268
72,40276
72,40281
72,40423
72,40482
72,40733
72,40734
72,40749
72,40751
72,40803
72,40857
72,40890
72,40968
72,40978
72,40990
72,40099
72,41029
72,41117
72,41167
72,40370
72,41274
72,40439
72,40511
72,40581
72,41519
72,40669
72,41661
72,40765
72,40916
72,41952
72,41089
72,42116
72,42222
72,42249
72,41542
72,42854
72,42865
72,42867
72,42914
72,43009
72,43099
72,43147
72,42469
72,42489
72,43733
72,42844
72,43889
72,44046
72,44174
72,43365
72,44287
72,44560
72,44689
72,44881
72,44999
72,45061
72,45072
72,45114
72,44214
72,44290
72,45234
72,45345
72,45420
72,44589
72,45513
72,44622
72,45575
72,45590
72,44713
72,45619
72,44732
72,44833
72,44868
72,45801
72,45926
72,45969
72,45458
72,46370
72,45604
72,45665
72,46592
72,46690
72,45855
72,46788
72,46188
72,47129
72,46278
72,47324
72,47431
72,47560
72,46804
72,48107
72,48125
72,48444
72,48601
72,48784
72,48796
72,47902
72,47903
72,48843
72,48935
72,48035
72,48056
72,49061
72,48203
72,48622
72,49539
72,48708
72,48789
72,49743
72,49746
72,49781
72,48894
72,49864
72,48986
72,50196
72,49297
72,50367
72,50537
72,50737
72,50794
72,49938
72,51167
72,50289
72,51343
72,51387
72,51578
72,51611
72,51707
72,51019
72,51242
72,51507
72,52550
72,51900
72,52840
72,52841
72,51970
72,52984
72,52115
72,53249
72,53366
72,53735
72,52905
72,53817
72,54092
72,54182
72,53664
72,53730
72,54639
72,54669
72,53776
72,53817
72,54748
72,54426
72,54470
73,32400
73,31525
73,32438
73,31703
73,33277
73,33309
73,32513
73,33450
73,32607
73,32885
73,34171
73,34365
73,34639
73,34666
73,34841
73,35376
73,34487
73,34701
73,34981
73,35918
73,35360
73,36687
73,35942
73,35992
73,37041
73,36175
73,37103
73,37205
73,37238
73,37246
73,38304
73,38336
73,37612
73,38575
73,39514
73,38954
73,39940
73,40066
73,40124
73,40250
73,40274
73,40289
73,39593
73,39651
73,39696
73,39783
73,40711
73,40748
73,41021
73,40164
73,41091
73,41118
73,41268
73,40475
73,41564
73,41569
73,40728
73,42061
73,41168
73,42305
73,41410
73,42351
73,42484
73,42513
73,41734
73,41852
73,42818
73,42933
73,42944
73,42946
73,43003
73,43039
73,42340
73,43249
73,43267
73,43444
73,43635
73,44136
73,43320
73,43415
73,44324
73,44388
73,43496
73,44427
73,43552
73,44529
73,44543
73,43676
73,43691
73,43700
73,43703
73,43862
73,43902
73,44838
73,44084
73,45016
73,44304
73,44340
73,44389
73,45328
73,45366
73,45450
73,45486
73,45582
73,44779
73,44826
73,45860
73,44967
73,45931
73,46138
73,46176
73,45282
73,46214
73,46288
73,46426
73,46473
73,46792
73,47065
73,47074
73,47158
73,46310
73,47332
73,46489
73,47535
73,46656
73,47631
73,47714
73,46890
73,47830
73,48409
73,48651
73,47762
73,47776
73,48888
73,48977
73,48234
73,49539
73,49619
73,50014
73,50155
73,50206
73,50357
73,50385
73,49488
73,49524
73,50441
73,49668
73,50634
73,50707
73,49852
73,50888
73,50076
73,50979
73,51258
73,50467
73,51410
73,50574
73,51531
73,51734
73,51749
73,51751
73,52621
73,52729
73,52780
73,52811
73,52006
73,53120
73,53338
73,53441
73,53474
73,52909
73,52937
73,53891
73,53043
73,53976
73,53984
73,54419
73,53589
73,54496
73,54581
73,54784
73,55013
73,54278
73,54399
73,54586
73,55043
74,32400
74,32850
74,32055
74,33111
74,33126
74,33170
74,32709
74,34289
74,34481
74,33630
74,34592
74,34595
74,34691
74,35149
74,34655
74,35737
74,35488
74,35678
74,37224
74,37287
74,37303
74,37389
74,37475
74,37476
74,37916
74,37120
74,38151
74,37289
74,38333
74,38515
74,38535
74,38699
74,39362
74,38516
74,38646
74,39562
74,39756
74,38901
74,38925
74,39833
74,40098
74,40204
74,40265
74,40580
74,40626
74,40638
74,39831
74,40734
74,39866
74,40768
74,40769
74,39877
74,40897
74,41076
74,40220
74,40308
74,41230
74,40341
74,40376
74,41281
74,41289
74,40440
74,40520
74,41700
74,41733
74,40866
74,41881
74,41965
74,41215
74,42168
74,42249
74,42335
74,42382
74,41630
74,41753
74,42655
74,42714
74,42833
74,42972
74,42992
74,42102
74,43270
74,43308
74,43315
74,42430
74,43358
74,42492
74,42511
74,42516
74,43459
74,43587
74,42732
74,43766
74,43903
74,43955
74,43072
74,43973
74,43161
74,43165
74,43236
74,43238
74,43316
74,43424
74,43543
74,43598
74,43600
74,44591
74,43707
74,44670
74,44837
74,43947
74,43965
74,44886
74,44917
74,44094
74,44096
74,45099
74,44202
74,44327
74,45228
74,45412
74,44512
74,45501
74,45554
74,45571
74,44845
74,45819
74,45923
74,45937
74,46010
74,46072
74,45238
74,46267
74,45404
74,46353
74,46461
74,45570
74,46506
74,46549
74,46571
74,46626
74,46661
74,45814
74,45875
74,45936
74,46910
74,46932
74,46972
74,46997
74,46228
74,47145
74,47176
74,47268
74,47306
74,47326
74,47342
74,47401
74,47420
74,47442
74,47524
74,47651
74,47718
74,46829
74,46974
74,47077
74,48008
74,48069
74,47177
74,47466
74,48411
74,47589
74,47646
74,48561
74,48565
74,48607
74,48666
74,49115
74,49336
74,49359
74,49478
74,48724
74,49734
74,48971
74,50042
74,50271
74,50406
74,50409
74,49673
74,50641
74,49806
74,50941
74,50436
74,51444
74,51513
74,51517
74,51597
74,51858
74,51876
74,51907
74,51938
74,51957
74,52347
74,52679
74,52715
74,52041
74,52091
74,53001
74,52392
74,52399
74,53430
74,53435
74,53489
74,52626
74,53685
74,53767
74,52904
74,53897
74,53915
74,53329
74,54526
74,53660
74,53790
74,54131
74,54660
74,54740
74,54755
74,55083
75,32400
75,32463
75,31887
75,32913
75,33129
75,33223
75,33078
75,34304
75,34330
75,34857
75,34947
75,35044
75,34167
75,35196
75,35772
75,36408
75,35633
75,36609
75,36066
75,37063
75,36180
75,37093
75,36721
75,37761
75,37221
75,38130
75,38188
75,38319
75,38362
75,37591
75,37709
75,38826
75,38197
75,39122
75,38354
75,39327
75,38590
75,39624
75,39748
75,39922
75,39946
75,39101
75,40123
75,40199
75,40589
75,41046
75,41240
75,40423
75,42426
75,41575
75,42499
75,41599
75,42533
75,41640
75,42627
75,42759
75,42817
75,41936
75,41969
75,42965
75,42985
75,42107
75,43056
75,43160
75,43162
75,43272
75,43452
75,43495
75,43501
75,42603
75,43678
75,43687
75,43791
75,43829
75,43967
75,43999
75,43143
75,43169
75,44127
75,44127
75,44132
75,43233
75,43480
75,44384
75,44446
75,43616
75,44610
75,43822
75,44744
75,44760
75,44071
75,45028
75,44241
75,45238
75,45365
75,45412
75,44526
75,45633
75,45654
75,45108
75,45226
75,46188
75,46387
75,46388
75,46417
75,46498
75,46528
75,46536
75,46601
75,46642
75,46722
75,46798
75,45926
75,46900
75,46302
75,47279
75,46459
75,47362
75,47444
75,47572
75,47752
75,48018
75,48034
75,48056
75,48110
75,47273
75,48276
75,48293
75,48298
75,48390
75,48483
75,48594
75,47909
75,49061
75,49071
75,49151
75,49169
75,49231
75,49363
75,49520
75,49584
75,48855
75,50014
75,50096
75,50099
75,50371
75,50835
75,50884
75,51102
75,51177
75,51286
75,51361
75,50547
75,51520
75,51547
75,50705
75,51710
75,51724
75,51846
75,51906
75,51976
75,51247
75,52166
75,51551
75,51771
75,52759
75,52835
75,52925
75,52973
75,52100
75,53318
75,53350
75,53508
75,54025
75,54027
75,53173
75,54157
75,54179
75,54185
75,54204
75,54278
75,54626
75,54698
75,54728
75,54735
75,54737
75,54858
75,54859
75,54218
75,55170
76,32400
76,31559
76,31694
76,32683
76,32375
76,32424
76,32501
76,33623
76,33954
76,34126
76,34127
76,33264
76,34274
76,34321
76,34461
76,33628
76,34730
76,33946
76,35452
76,34714
76,35849
76,36116
76,35291
76,36944
76,36362
76,36419
76,36688
76,37724
76,37935
76,37123
76,38228
76,38308
76,38337
76,38511
76,38551
76,38684
76,38886
76,39260
76,39343
76,39371
76,39398
76,38584
76,39554
76,39638
76,38832
76,40060
76,40123
76,40142
76,40170
76,40324
76,40357
76,40410
76,40452
76,40641
76,40642
76,40789
76,40800
76,39970
76,40023
76,40054
76,41080
76,41086
76,41087
76,41201
76,41230
76,41323
76,40447
76,41375
76,40650
76,41554
76,41629
76,41672
76,41696
76,40927
76,41119
76,42153
76,41257
76,42235
76,42262
76,42277
76,42465
76,42612
76,42635
76,41742
76,41803
76,41808
76,42716
76,41873
76,42795
76,42955
76,43000
76,43026
76,42225
76,43242
76,43274
76,43365
76,43399
76,43425
76,43510
76,43549
76,43568
76,42706
76,42750
76,42801
76,43712
76,43758
76,44002
76,44136
76,44230
76,44282
76,44292
76,43520
76,44541
76,44602
76,44660
76,44706
76,43853
76,44878
76,44932
76,44955
76,44348
76,44456
76,45398
76,45467
76,44650
76,45573
76,45758
76,45805
76,44925
76,45840
76,44947
76,46090
76,45240
76,45459
76,45665
76,46636
76,45753
76,46790
76,46816
76,46821
76,46901
76,46097
76,47075
76,46211
76,47138
76,47306
76,47325
76,46460
76,47590
76,47599
76,47653
76,46830
76,47803
76,47937
76,47130
76,48040
76,48114
76,47260
76,48897
76,48901
76,48036
76,49228
76,49392
76,49427
76,48773
76,49679
76,49710
76,49772
76,50057
76,49279
76,49440
76,49863
76,50003
76,50081
76,50364
76,51291
76,51357
76,51485
76,50591
76,51584
76,50755
76,51734
76,51754
76,50873
76,51812
76,51868
76,52057
76,52093
76,52096
76,52116
76,51562
76,51861
76,52780
76,52825
76,52900
76,53011
76,52216
76,52903
76,53892
76,53050
76,53128
76,54041
76,53319
76,54444
76,54477
76,53690
76,54923
76,55045
76,54770
77,32400
77,32423
77,31753
77,32758
77,32904
77,32152
77,33151
77,33315
77,32443
77,33433
77,33816
77,33864
77,34087
77,34393
77,33505
77,34642
77,34838
77,35102
77,35141
77,34384
77,34583
77,35661
77,35840
77,36046
77,35365
77,36276
77,36654
77,36737
77,36764
77,36876
77,36907
77,36934
77,37385
77,37475
77,36685
77,36930
77,36958
77,38053
77,38151
77,38153
77,38613
77,39230
77,39243
77,38430
77,39600
77,40070
77,40081
77,40485
77,40826
77,40863
77,40867
77,40892
77,41234
77,40674
77,41594
77,41622
77,40871
77,40873
77,41823
77,41848
77,41918
77,42031
77,42032
77,42049
77,42056
77,41159
77,41166
77,41309
77,42231
77,42309
77,42432
77,42432
77,42592
77,42630
77,42844
77,41965
77,42909
77,42962
77,42078
77,43039
77,43095
77,43279
77,43358
77,43641
77,43674
77,42816
77,43780
77,43841
77,43882
77,43897
77,43010
77,43951
77,43051
77,43981
77,44065
77,43247
77,44284
77,43804
77,43902
77,44952
77,44092
77,44373
77,45298
77,45326
77,45479
77,45490
77,44802
77,45721
77,45790
77,45849
77,45859
77,45941
77,45263
77,46191
77,46362
77,45548
77,46509
77,45675
77,45782
77,46692
77,45798
77,46713
77,45979
77,46251
77,46326
77,47261
77,46388
77,47367
77,46502
77,47493
77,47618
77,47621
77,47640
77,46753
77,46839
77,47785
77,46956
77,48074
77,48157
77,47259
77,48429
77,48642
77,47790
77,47964
77,48000
77,48119
77,49235
77,48398
77,49353
77,48736
77,49687
77,48833
77,49901
77,50008
77,49389
77,50748
77,50824
77,49995
77,50972
77,51162
77,50262
77,50279
77,51231
77,51292
77,51403
77,50509
77,51693
77,51895
77,52150
77,52443
77,52446
77,51620
77,52658
77,53014
77,53028
77,52184
77,52186
77,53235
77,53235
77,53324
77,53360
77,53674
77,53701
77,52878
77,54228
77,53390
77,54331
77,54368
77,53527
77,53614
77,53863
77,54783
77,53899
77,54985
77,55009
77,55029
77,55002
78,32400
78,32625
78,32285
78,33290
78,33505
78,33599
78,33632
78,33821
78,33090
78,34391
78,34547
78,34851
78,34889
78,34897
78,34110
78,35163
78,34308
78,35271
78,35282
78,35358
78,35385
78,35583
78,34691
78,34701
78,35731
78,35893
78,35937
78,36154
78,36237
78,36257
78,36430
78,36477
78,37010
78,37109
78,36267
78,37218
78,36450
78,36489
78,37443
78,36782
78,36827
78,38201
78,38220
78,37501
78,37592
78,38655
78,38719
78,38780
78,38874
78,38997
78,38350
78,39378
78,39463
78,39565
78,38740
78,39664
78,38862
78,40179
78,40209
78,40216
78,40391
78,39518
78,40421
78,40432
78,40480
78,39601
78,39617
78,40636
78,39739
78,40670
78,40681
78,40725
78,40732
78,40873
78,40923
78,40051
78,40053
78,40995
78,40096
78,41006
78,41020
78,41121
78,41122
78,41409
78,41566
78,41846
78,41966
78,42044
78,42108
78,41231
78,42229
78,42347
78,41719
78,42629
78,41794
78,42743
78,42806
78,41906
78,42833
78,43062
78,42173
78,43087
78,43149
78,43222
78,42348
78,43298
78,42432
78,43416
78,43458
78,43464
78,42599
78,43554
78,42677
78,43631
78,43755
78,43870
78,44116
78,44195
78,44266
78,44332
78,44370
78,44515
78,44753
78,44857
78,45035
78,45120
78,45150
78,45163
78,45192
78,45266
78,45333
78,45376
78,45380
78,45446
78,44702
78,44831
78,45741
78,45808
78,45811
78,45854
78,45877
78,46066
78,46142
78,45249
78,46184
78,45297
78,46294
78,45502
78,46615
78,45864
78,45938
78,46879
78,46978
78,47010
78,47063
78,47105
78,47179
78,47446
78,46686
78,46711
78,47658
78,46923
78,47011
78,47067
78,47211
78,48146
78,48191
78,47425
78,48367
78,48521
78,48751
78,48832
78,48873
78,48137
78,48212
78,49574
78,49604
78,49811
78,48953
78,49077
78,49098
78,50012
78,50123
78,50199
78,50386
78,50424
78,49545
78,49561
78,50475
78,50567
78,49859
78,50162
78,50241
78,50260
78,51350
78,50544
78,51711
78,51923
78,52189
78,51349
78,52584
78,51885
78,52005
78,53037
78,52445
78,52598
78,53080
78,53104
78,54039
78,53202
78,54112
78,54280
78,54372
78,54515
78,53662
78,54691
78,54762
78,54794
78,55102
78,55214
78,55233
78,54523
79,32400
79,32437
79,31792
79,32717
79,32995
79,33022
79,33206
79,32375
79,34124
79,34259
79,34399
79,33661
79,34698
79,33885
79,35149
79,35215
79,35604
79,34755
79,34842
79,35004
79,36034
79,36085
79,36436
79,36710
79,36753
79,37084
79,37471
79,37655
79,37668
79,38012
79,38159
79,38296
79,38596
79,38674
79,37919
79,38446
79,38541
79,39611
79,39677
79,39697
79,39841
79,39850
79,40264
79,39382
79,40304
79,40308
79,40340
79,40500
79,39658
79,40576
79,40648
79,40777
79,40844
79,40003
79,40907
79,41131
79,40250
79,40352
79,41551
79,41570
79,41587
79,41612
79,41692
79,41844
79,41952
79,41069
79,41979
79,42200
79,42203
79,41320
79,41325
79,41339
79,42286
79,41659
79,41661
79,42809
79,41939
79,42854
79,42886
79,42911
79,43048
79,42226
79,43330
79,43368
79,43518
79,43530
79,43639
79,43684
79,42799
79,42811
79,42892
79,43966
79,43265
79,44211
79,44312
79,44358
79,44398
79,44407
79,44461
79,44461
79,44520
79,44684
79,43808
79,45034
79,45087
79,45100
79,45101
79,44226
79,45243
79,45671
79,44784
79,45720
79,44869
79,45812
79,45864
79,45091
79,46043
79,45317
79,46310
79,46389
79,45648
79,46584
79,46599
79,45918
79,45928
79,46040
79,46947
79,46067
79,47040
79,46280
79,47266
79,47271
79,47282
79,47345
79,46450
79,47415
79,46538
79,47451
79,46642
79,47544
79,46654
79,46666
79,46694
79,46707
79,47707
79,47816
79,47959
79,47230
79,48165
79,47295
79,47669
79,48578
79,48630
79,47772
79,48691
79,47791
79,48731
79,48998
79,49434
79,49701
79,49266
79,50337
79,50473
79,49823
79,49834
79,49959
79,51311
79,51556
79,50831
79,51781
79,50996
79,52102
79,52211
79,52327
79,52582
79,51787
79,51992
79,52977
79,53552
79,52730
79,53136
79,54170
79,53376
79,54300
79,53596
79,54532
79,53992
79,54894
79,54900
79,54916
79,54944
79,54983
79,55236
79,55246
79,54412
79,54539
80,32400
80,32650
80,32683
80,32722
80,33478
80,33675
80,33709
80,33816
80,33006
80,34568
80,33727
80,33743
80,34800
80,34873
80,34027
80,34036
80,35107
80,35422
80,35561
80,35657
80,35965
80,35983
80,35171
80,36614
80,36690
80,37000
80,37024
80,37194
80,37609
80,37683
80,36962
80,37019
80,38167
80,38204
80,38500
80,37941
80,38844
80,38008
80,38937
80,39007
80,38284
80,38340
80,38664
80,39850
80,40022
80,40059
80,40089
80,40190
80,40196
80,39503
80,40426
80,39590
80,40509
80,40566
80,39734
80,40662
80,40677
80,39804
80,40917
80,40189
80,40221
80,41196
80,41308
80,41378
80,41431
80,40584
80,41675
80,41883
80,41914
80,41168
80,42074
80,42118
80,41323
80,42321
80,42447
80,41597
80,42510
80,42534
80,41710
80,42669
80,42772
80,42862
80,42909
80,42929
80,43146
80,43150
80,43210
80,42312
80,42326
80,42524
80,42552
80,43548
80,43580
80,43639
80,43650
80,43653
80,42802
80,42865
80,43086
80,44030
80,44044
80,44085
80,44283
80,43398
80,44794
80,44879
80,45056
80,44319
80,44321
80,44374
80,44408
80,45376
80,45378
80,45398
80,44499
80,44553
80,45529
80,45558
80,45644
80,44758
80,45813
80,45830
80,45853
80,45864
80,46054
80,46094
80,45231
80,45252
80,46159
80,45295
80,46235
80,45381
80,46316
80,45449
80,46353
80,45456
80,45508
80,45548
80,45685
80,46622
80,45806
80,46746
80,45895
80,46909
80,46968
80,46084
80,47102
80,47385
80,47388
80,47483
80,47514
80,47608
80,47621
80,46756
80,46769
80,47757
80,46971
80,47064
80,47139
80,47479
80,48397
80,48516
80,48603
80,48758
80,48773
80,48923
80,49066
80,48298
80,49231
80,49246
80,49323
80,49387
80,49472
80,49555
80,49712
80,49741
80,49944
80,50310
80,50454
80,50530
80,49692
80,50610
80,50916
80,50943
80,50964
80,51128
80,51273
80,50378
80,51299
80,51322
80,50659
80,51827
80,51847
80,51104
80,52113
80,52116
80,52389
80,52463
80,52474
80,52571
80,51897
80,52094
80,52162
80,52240
80,53286
80,52886
80,52892
80,53972
80,53985
80,53246
80,54198
80,54765
80,54935
81,32400
81,32402
81,31638
81,32585
81,31781
81,32184
81,32210
81,33364
81,32665
81,33598
81,33915
81,34323
81,34387
81,33713
81,34918
81,35028
81,35051
81,35075
81,34593
81,36548
81,36669
81,36743
81,37318
81,37716
81,37786
81,37824
81,37385
81,38260
81,39349
81,39514
81,38777
81,39747
81,39997
81,40081
81,40166
81,40209
81,40227
81,39353
81,40255
81,40372
81,40402
81,40512
81,39731
81,40645
81,40717
81,40768
81,39882
81,40791
81,40054
81,41041
81,41136
81,41164
81,41449
81,41462
81,41551
81,41625
81,41640
81,41771
81,40907
81,41896
81,41923
81,41023
81,41991
81,41099
81,42059
81,42089
81,41233
81,42151
81,42193
81,42198
81,42319
81,41427
81,42367
81,42505
81,42516
81,42603
81,41711
81,42719
81,42727
81,41839
81,42093
81,43177
81,43179
81,43327
81,42477
81,43397
81,42647
81,43590
81,43604
81,43905
81,43927
81,43080
81,43156
81,43197
81,44098
81,44158
81,44375
81,43642
81,43782
81,44690
81,44887
81,44061
81,44081
81,45197
81,45338
81,45362
81,45382
81,45468
81,45554
81,44879
81,45822
81,45849
81,45930
81,46184
81,45367
81,46268
81,46269
81,46311
81,46318
81,46405
81,45527
81,45802
81,46720
81,45873
81,45983
81,46951
81,47003
81,47023
81,46140
81,47137
81,47139
81,47146
81,47294
81,47334
81,46660
81,47582
81,47587
81,46812
81,47716
81,47742
81,47942
81,47088
81,47323
81,47439
81,48482
81,47601
81,47851
81,48885
81,48052
81,49067
81,48180
81,48225
81,49267
81,49357
81,49453
81,49544
81,49779
81,48897
81,49807
81,50043
81,50058
81,50080
81,50319
81,49455
81,50419
81,50489
81,50641
81,49956
81,51023
81,51109
81,50385
81,51550
81,51849
81,51124
81,51567
81,52700
81,53061
81,52246
81,53194
81,52409
81,53447
81,53469
81,52780
81,53046
81,54584
81,54599
81,54699
81,54841
81,54962
81,54977
81,55026
81,55068
81,55146
81,55163
81,54537
81,54735
81,54864
81,55062
82,32400
82,32503
82,32032
82,33433
82,33675
82,33729
82,33825
82,33838
82,33906
82,33072
82,34394
82,34450
82,33847
82,34923
82,34064
82,34265
82,35441
82,35490
82,35868
82,35005
82,36333
82,36564
82,36816
82,36993
82,37236
82,36454
82,37849
82,38031
82,38161
82,38280
82,38395
82,38558
82,38614
82,39473
82,38706
82,39611
82,39783
82,39938
82,39951
82,39992
82,40271
82,40376
82,39477
82,39664
82,40657
82,40799
82,39907
82,40902
82,40178
82,41161
82,41177
82,40337
82,41297
82,40407
82,41329
82,41376
82,40501
82,40702
82,40919
82,41849
82,42016
82,41224
82,42128
82,42181
82,42243
82,42320
82,42371
82,42390
82,41503
82,42560
82,41724
82,42675
82,42050
82,43007
82,43098
82,42235
82,43243
82,43270
82,43272
82,42407
82,43377
82,43486
82,43530
82,43538
82,43639
82,42742
82,42749
82,43887
82,42991
82,43981
82,44041
82,44317
82,44428
82,44452
82,44731
82,44875
82,43999
82,44951
82,44989
82,44148
82,45074
82,44201
82,44264
82,44284
82,45348
82,45504
82,44611
82,45645
82,45743
82,46122
82,46123
82,46132
82,46251
82,45395
82,46357
82,46470
82,46587
82,46702
82,45809
82,46916
82,46925
82,46046
82,47191
82,47225
82,47246
82,46361
82,47369
82,46499
82,46541
82,47475
82,47748
82,47765
82,47771
82,47812
82,47986
82,48067
82,47276
82,48229
82,48513
82,47872
82,48861
82,49015
82,48171
82,48384
82,49331
82,49569
82,48868
82,49895
82,50045
82,50316
82,49428
82,49469
82,50406
82,50518
82,50637
82,50708
82,49850
82,49933
82,50972
82,51074
82,51101
82,51140
82,50380
82,51645
82,51767
82,50916
82,52066
82,52380
82,51588
82,52499
82,52103
82,53048
82,53141
82,53153
82,53174
82,53192
82,53301
82,52450
82,52522
82,53801
82,53826
82,54223
82,54253
82,54371
82,54383
82,54389
82,54836
82,54942
82,54093
82,54144
82,55052
82,55193
82,54337
82,54736
82,55033
83,32400
83,31595
83,32516
83,33120
83,33132
83,32379
83,33356
83,33884
83,33132
83,33701
83,34627
83,34647
83,34652
83,33796
83,33855
83,34275
83,36397
83,36550
83,36662
83,36829
83,36222
83,37442
83,36697
83,37912
83,37366
83,38349
83,38435
83,38823
83,38931
83,39257
83,39343
83,39448
83,39950
83,39117
83,39123
83,39523
83,40749
83,40852
83,40050
83,40967
83,41115
83,41288
83,40389
83,41349
83,41361
83,41554
83,40674
83,40768
83,40924
83,41831
83,40984
83,41021
83,42142
83,42168
83,42288
83,41484
83,41488
83,41508
83,42428
83,42451
83,42454
83,42462
83,41599
83,42659
83,42678
83,42255
83,42345
83,43377
83,42489
83,42515
83,42530
83,43506
83,43606
83,43619
83,43642
83,43720
83,42910
83,43860
83,44032
83,43152
83,43262
83,43286
83,44253
83,44318
83,43441
83,44426
83,43554
83,43627
83,43777
83,44680
83,44711
83,43897
83,43910
83,44149
83,45091
83,44201
83,45199
83,45205
83,44394
83,45331
83,44439
83,45547
83,44735
83,45671
83,44978
83,45961
83,46021
83,46267
83,46363
83,46395
83,46422
83,46493
83,46542
83,46553
83,46560
83,45678
83,46651
83,46873
83,46901
83,46092
83,46141
83,46303
83,47227
83,47313
83,47404
83,47440
83,47684
83,46908
83,47893
83,48036
83,47166
83,47371
83,47543
83,48473
83,48723
83,48824
83,48846
83,48883
83,48125
83,49252
83,49406
83,49691
83,49875
83,49999
83,50011
83,50014
83,50138
83,49246
83,50516
83,50591
83,49715
83,49897
83,50963
83,50255
83,51219
83,51283
83,51621
83,51990
83,52007
83,52073
83,52076
83,52207
83,52266
83,52295
83,51823
83,51926
83,53162
83,52331
83,53299
83,53316
83,53370
83,53431
83,52538
83,53554
83,53601
83,53876
83,53902
83,53278
83,54488
83,53777
83,54844
83,54043
83,54058
83,55113
83,54431
83,54577
83,54737
83,55086
83,55213
84,32400
84,31514
84,32488
84,32562
84,31775
84,31932
84,32873
84,33131
84,33336
84,33608
84,33674
84,33722
84,33816
84,33920
84,33163
84,33561
84,34512
84,34540
84,34063
84,35237
84,34431
84,34574
84,35773
84,35048
84,36125
84,36212
84,35354
84,36382
84,35782
84,37117
84,36676
84,37880
84,37939
84,37117
84,38090
84,37366
84,38283
84,38291
84,38426
84,38589
84,38010
84,39190
84,39263
84,38456
84,39504
84,38743
84,40021
84,40030
84,39638
84,40567
84,40858
84,40922
84,41106
84,40243
84,40258
84,40269
84,40271
84,41178
84,41238
84,41248
84,41408
84,40521
84,40619
84,41743
84,40854
84,41857
84,41986
84,41994
84,42223
84,42261
84,42285
84,42302
84,42341
84,42556
84,41701
84,42628
84,42686
84,42799
84,42881
84,41992
84,42952
84,43048
84,43104
84,43121
84,42428
84,42635
84,42667
84,43571
84,43586
84,43715
84,43723
84,42834
84,43763
84,43796
84,43853
84,43963
84,44092
84,44170
84,44176
84,43458
84,43473
84,44415
84,44483
84,43585
84,44550
84,44575
84,44598
84,44738
84,44841
84,44115
84,45042
84,45114
84,45162
84,45279
84,44386
84,44446
84,45410
84,44577
84,45546
84,44664
84,45604
84,45637
84,44768
84,45718
84,44890
84,46021
84,46068
84,46113
84,45259
84,46162
84,46230
84,46294
84,45959
84,46872
84,46332
84,46566
84,47543
84,46659
84,47716
84,47936
84,47063
84,47127
84,47160
84,47314
84,48664
84,47770
84,48074
84,49035
84,49063
84,49084
84,49163
84,49170
84,49239
84,48346
84,49507
84,49779
84,49817
84,49830
84,49065
84,49588
84,50490
84,50611
84,50787
84,49990
84,51041
84,50257
84,51178
84,51197
84,51286
84,51318
84,51594
84,51606
84,51763
84,51984
84,51614
84,52680
84,51913
84,52059
84,53166
84,52393
84,53661
84,52847
84,53866
84,54022
84,54270
84,53518
84,54686
84,54853
84,55110
84,54439
84,54604
84,54740
85,32400
85,32783
85,31944
85,32012
85,33008
85,32226
85,32276
85,33366
85,33397
85,33439
85,33939
85,33959
85,33113
85,34019
85,34146
85,33254
85,34330
85,33520
85,34421
85,34872
85,35029
85,34232
85,34328
85,35424
85,35442
85,35655
85,36029
85,35373
85,36346
85,36735
85,35955
85,36131
85,37160
85,37284
85,36658
85,37012
85,37921
85,37397
85,38615
85,39143
85,39191
85,39324
85,39342
85,39553
85,38892
85,40032
85,40043
85,40077
85,40129
85,40143
85,39327
85,40327
85,40419
85,40453
85,40483
85,40520
85,40542
85,39661
85,40565
85,40632
85,40640
85,39796
85,39834
85,40127
85,40242
85,41159
85,41181
85,40328
85,41364
85,41395
85,41421
85,41552
85,41655
85,41674
85,41701
85,41856
85,41857
85,41869
85,40982
85,40994
85,41089
85,42305
85,42328
85,42389
85,42543
85,41685
85,42662
85,41876
85,42796
85,41946
85,42069
85,42993
85,42995
85,42348
85,43342
85,43353
85,42469
85,43372
85,42633
85,42692
85,43600
85,43612
85,43615
85,43623
85,43659
85,44031
85,43205
85,44204
85,44206
85,44292
85,43405
85,44335
85,44345
85,44464
85,43607
85,44595
85,43697
85,44636
85,44790
85,44821
85,44829
85,44892
85,44901
85,44901
85,44945
85,44970
85,45011
85,45148
85,45205
85,45304
85,45360
85,44498
85,45430
85,45587
85,45765
85,45880
85,46053
85,46107
85,46434
85,46507
85,46564
85,46577
85,45756
85,46758
85,46769
85,46785
85,47070
85,47160
85,46287
85,47291
85,47425
85,47496
85,46942
85,47934
85,47992
85,48087
85,48294
85,47404
85,48307
85,48310
85,48398
85,48468
85,48849
85,48966
85,48150
85,49151
85,49270
85,49303
85,48563
85,48899
85,49844
85,49193
85,50304
85,50388
85,50541
85,50567
85,49798
85,49854
85,49947
85,50886
85,50015
85,51277
85,51324
85,51426
85,51443
85,51610
85,51713
85,51076
85,51096
85,52039
85,51405
85,52371
85,52448
85,52690
85,52710
85,51817
85,51863
85,51891
85,52308
85,53260
85,52367
85,53284
85,53318
85,53323
85,53371
85,53409
85,53854
85,53332
85,54376
85,54464
85,54567
85,54663
85,54711
85,54778
85,54959
85,54360
86,32400
86,32508
86,32608
86,33129
86,33241
86,33434
86,33443
86,32650
86,33611
86,33648
86,32763
86,33105
86,33216
86,34246
86,33401
86,33543
86,34638
86,34924
86,34949
86,34367
86,35476
86,35497
86,36295
86,36306
86,35557
86,36897
86,36934
86,36950
86,37050
86,37738
86,37480
86,38626
86,38668
86,37827
86,37831
86,39308
86,38520
86,39467
86,40089
86,40152
86,40443
86,40648
86,39876
86,40787
86,40826
86,40873
86,40937
86,40942
86,41041
86,41199
86,41220
86,41251
86,40400
86,41433
86,40771
86,41681
86,41770
86,40887
86,41815
86,42084
86,42218
86,42253
86,42269
86,42273
86,42327
86,42484
86,42596
86,42658
86,41788
86,41870
86,42847
86,42848
86,42877
86,42942
86,43050
86,42150
86,43199
86,43238
86,43279
86,43360
86,43401
86,43420
86,43495
86,43802
86,43825
86,43884
86,43038
86,43170
86,44097
86,43214
86,43284
86,44218
86,44432
86,43608
86,43609
86,44535
86,44552
86,44708
86,44738
86,44822
86,44901
86,44934
86,44977
86,45226
86,45235
86,45338
86,45347
86,45427
86,44527
86,45555
86,45613
86,45624
86,45682
86,44790
86,45713
86,45826
86,45848
86,45957
86,45967
86,45975
86,45985
86,45194
86,46149
86,46177
86,46276
86,46382
86,46640
86,45813
86,45915
86,47042
86,47263
86,47266
86,47536
86,46728
86,47681
86,47759
86,46910
86,47037
86,48014
86,47159
86,48417
86,48515
86,48526
86,48599
86,47714
86,48685
86,48875
86,49276
86,48405
86,49332
86,48444
86,48494
86,49400
86,49454
86,49483
86,49497
86,49602
86,48807
86,49730
86,49964
86,50098
86,50214
86,50235
86,50370
86,50549
86,50874
86,50262
86,51247
86,51259
86,51435
86,51437
86,51686
86,51035
86,51037
86,51222
86,51633
86,52699
86,52720
86,51822
86,52727
86,51971
86,52885
86,52914
86,52104
86,53227
86,53241
86,53364
86,53462
86,53505
86,54039
86,54154
86,54269
86,53412
86,54319
86,54375
86,53486
86,54424
86,54685
86,54704
86,54815
86,54871
86,54227
86,54261
86,54266
86,54463
87,32400
87,31665
87,32662
87,31882
87,32267
87,32669
87,33709
87,32976
87,33884
87,33776
87,34771
87,34787
87,35027
87,34266
87,35207
87,34326
87,35787
87,35121
87,36045
87,35269
87,36292
87,35423
87,36388
87,35535
87,36464
87,36601
87,35737
87,36034
87,36657
87,37312
87,38317
87,38017
87,39248
87,39267
87,38824
87,39082
87,40045
87,39165
87,40318
87,40357
87,40419
87,40517
87,40543
87,39645
87,40558
87,39712
87,40668
87,40721
87,40839
87,39945
87,40168
87,40171
87,41092
87,41154
87,40348
87,41419
87,41473
87,40603
87,41532
87,40678
87,40740
87,41755
87,41768
87,41004
87,41917
87,41990
87,42000
87,42072
87,41262
87,42391
87,42560
87,41777
87,42689
87,42825
87,42892
87,43019
87,43071
87,43316
87,43346
87,42531
87,43452
87,42571
87,43489
87,42676
87,43639
87,42884
87,43827
87,42953
87,43956
87,43056
87,43965
87,43976
87,44019
87,43177
87,44156
87,44256
87,44276
87,43572
87,43584
87,43907
87,44987
87,45057
87,45067
87,45205
87,45445
87,44714
87,44871
87,45970
87,45996
87,46127
87,45237
87,46172
87,46181
87,46258
87,45389
87,45423
87,45480
87,46414
87,45821
87,46819
87,46880
87,46921
87,46921
87,46035
87,46941
87,46999
87,47124
87,46224
87,47145
87,46326
87,47287
87,47393
87,47465
87,47485
87,47796
87,47009
87,47922
87,48041
87,48053
87,47238
87,48378
87,48449
87,48581
87,48666
87,48698
87,47980
87,48931
87,49002
87,49019
87,49020
87,49185
87,48292
87,49242
87,48393
87,49371
87,48534
87,49722
87,49829
87,50251
87,49435
87,50495
87,49868
87,49996
87,50058
87,50212
87,51284
87,51488
87,51524
87,51570
87,51608
87,50767
87,51740
87,51796
87,51911
87,52003
87,52012
87,51122
87,52065
87,52189
87,52241
87,51462
87,52397
87,51514
87,51768
87,52827
87,52835
87,51958
87,53216
87,52483
87,53566
87,52681
87,53838
87,53855
87,53993
87,53627
87,54850
87,54988
87,54101
87,54148
87,54420
87,54538
87,54755
87,55133
88,32400
88,31620
88,32643
88,32866
88,33380
88,33497
88,32840
88,33756
88,34277
88,34294
88,34593
88,35132
88,35265
88,35387
88,35715
88,35737
88,34855
88,35408
88,35464
88,36365
88,36405
88,36631
88,35808
88,36984
88,37266
88,37306
88,36508
88,36583
88,37608
88,37633
88,37729
88,36838
88,37771
88,37908
88,38021
88,37143
88,38124
88,38195
88,38199
88,37749
88,38676
88,38100
88,39173
88,38326
88,39273
88,39612
88,40100
88,40119
88,40161
88,40175
88,39486
88,39487
88,40493
88,40497
88,40562
88,40601
88,40682
88,40735
88,39912
88,40834
88,40868
88,40010
88,40095
88,41075
88,40185
88,40376
88,41308
88,41437
88,41468
88,40632
88,41667
88,41831
88,41885
88,41042
88,41969
88,41077
88,41982
88,41998
88,42056
88,42135
88,42247
88,42247
88,42271
88,42323
88,41469
88,42403
88,42585
88,42614
88,42680
88,42786
88,42857
88,42913
88,42939
88,42083
88,42088
88,43089
88,43261
88,43504
88,43564
88,43604
88,43749
88,42959
88,42965
88,43904
88,44041
88,44150
88,43256
88,43334
88,43668
88,44606
88,44621
88,44727
88,44857
88,44904
88,44909
88,45043
88,45173
88,45260
88,45335
88,44473
88,44601
88,45526
88,45530
88,45531
88,45544
88,45721
88,45877
88,45216
88,45301
88,46202
88,46413
88,45621
88,46729
88,46788
88,45916
88,46015
88,46016
88,46943
88,46072
88,47281
88,47469
88,47499
88,47539
88,46724
88,46766
88,47979
88,47103
88,48047
88,47197
88,47225
88,48192
88,48488
88,48559
88,48837
88,48948
88,49012
88,48148
88,48383
88,49441
88,49516
88,49520
88,49642
88,49871
88,49955
88,49065
88,50196
88,50282
88,49399
88,50457
88,50471
88,50512
88,50750
88,49854
88,50936
88,50048
88,50963
88,50168
88,50192
88,50209
88,51144
88,51393
88,52132
88,52164
88,51360
88,52523
88,52568
88,51830
88,51870
88,52779
88,52960
88,52997
88,53040
88,52371
88,53314
88,52538
88,53760
88,53789
88,53854
88,52982
88,53977
88,53997
88,54012
88,53176
88,53227
88,54144
88,53303
88,54260
88,54356
88,53546
88,54826
88,53997
88,54907
88,54170
88,55142
88,55155
88,54286
88,54724
89,32400
89,32463
89,32514
89,31751
89,32002
89,32562
89,33496
89,32836
89,33775
89,32899
89,33891
89,33911
89,33101
89,34027
89,34229
89,34305
89,34464
89,34864
89,33967
89,34956
89,35218
89,35541
89,34682
89,36005
89,36387
89,37178
89,37458
89,37619
89,37805
89,37970
89,37130
89,38143
89,38340
89,37521
89,38612
89,37821
89,38733
89,38871
89,39042
89,39819
89,39826
89,40097
89,39314
89,39421
89,39424
89,39571
89,40520
89,40574
89,40610
89,39772
89,39830
89,40736
89,39910
89,40840
89,39979
89,40028
89,40050
89,40050
89,40965
89,40096
89,41166
89,41191
89,40311
89,41294
89,41327
89,41390
89,40490
89,41557
89,41743
89,41839
89,42020
89,42059
89,41188
89,42164
89,42295
89,41536
89,41552
89,41699
89,42728
89,42816
89,42874
89,42893
89,42024
89,42088
89,43138
89,43161
89,43221
89,43231
89,42357
89,43794
89,43804
89,43908
89,44032
89,44336
89,44340
89,44387
89,44528
89,44577
89,44722
89,44761
89,43965
89,44910
89,45007
89,45024
89,45097
89,45251
89,45256
89,45279
89,44422
89,45608
89,44919
89,44920
89,45907
89,46002
89,45181
89,45251
89,46283
89,46380
89,45490
89,46529
89,46606
89,46615
89,46673
89,46830
89,46896
89,46898
89,46995
89,46445
89,47377
89,47592
89,47593
89,47846
89,47077
89,47157
89,48134
89,47264
89,48356
89,48384
89,47790
89,49058
89,48265
89,49448
89,48845
89,49826
89,48943
89,50219
89,50230
89,50371
89,50478
89,50564
89,49685
89,49774
89,50741
89,51050
89,51192
89,51201
89,51230
89,50509
89,50722
89,51758
89,51888
89,51193
89,51409
89,52492
89,52596
89,51696
89,52664
89,52699
89,52925
89,52092
89,53081
89,53414
89,53981
89,54111
89,54231
89,54401
89,53526
89,54439
89,54555
89,54572
89,54862
89,54887
89,54932
89,55017
89,54244
89,54480
89,54543
89,54721
89,54952
90,32400
90,31557
90,31570
90,32782
90,32891
90,32086
90,33226
90,33365
90,32903
90,33604
90,34922
90,34981
90,34097
90,35164
90,35396
90,34613
90,35964
90,36119
90,36150
90,36336
90,35564
90,36476
90,37038
90,37103
90,37261
90,37408
90,37550
90,36720
90,37663
90,36792
90,37757
90,36866
90,37810
90,38087
90,37269
90,38687
90,39204
90,39561
90,38694
90,38727
90,39180
90,40222
90,39454
90,39470
90,40399
90,40611
90,40617
90,40643
90,40676
90,39864
90,39898
90,40898
90,40956
90,40971
90,41013
90,40149
90,41096
90,41311
90,41323
90,41536
90,41539
90,40655
90,41735
90,40839
90,41754
90,41858
90,41973
90,42020
90,42031
90,42054
90,42054
90,41279
90,41284
90,42277
90,42312
90,42371
90,42389
90,42437
90,42466
90,42662
90,42708
90,41844
90,42776
90,42871
90,42905
90,42940
90,42952
90,43011
90,43109
90,42385
90,43292
90,43364
90,42550
90,42596
90,42649
90,43687
90,43771
90,43773
90,43821
90,42929
90,43855
90,42965
90,43879
90,44008
90,44171
90,44180
90,44253
90,44344
90,43445
90,43562
90,43623
90,43656
90,43759
90,44783
90,43999
90,44148
90,44173
90,44247
90,45150
90,44257
90,45313
90,45449
90,45576
90,44740
90,44742
90,44843
90,45986
90,46067
90,45214
90,46159
90,45275
90,46195
90,46196
90,45330
90,45379
90,45441
90,45534
90,46458
90,45642
90,46593
90,46635
90,46664
90,45917
90,46819
90,46968
90,46978
90,46159
90,47145
90,46345
90,47260
90,46360
90,47301
90,47312
90,47324
90,47513
90,47609
90,47702
90,46868
90,46894
90,46946
90,47028
90,47959
90,48272
90,48745
90,48318
90,49312
90,49316
90,49344
90,49428
90,49712
90,49713
90,49850
90,49869
90,49878
90,49952
90,49253
90,50167
90,49457
90,50369
90,50538
90,50573
90,50878
90,50951
90,50991
90,51044
90,51114
90,51183
90,51232
90,50356
90,50531
90,50547
90,50760
90,50805
90,52000
90,52059
90,52416
90,52605
90,52674
90,52121
90,53323
90,52505
90,52515
90,53657
90,52762
90,53680
90,53713
90,53035
90,54392
90,54413
90,54451
90,54480
90,53605
90,54575
90,54779
90,54935
90,55180
90,54642
90,54775
90,55201
91,32400
91,32603
91,32130
91,33248
91,33252
91,33255
91,32477
91,33619
91,33811
91,33150
91,33309
91,34322
91,34863
91,33975
91,35186
91,35261
91,35288
91,35426
91,35682
91,34958
91,35976
91,35178
91,35222
91,36232
91,36315
91,36724
91,36822
91,36956
91,37077
91,37099
91,37130
91,37242
91,37437
91,37707
91,37727
91,38100
91,38179
91,38397
91,37562
91,38872
91,38217
91,39511
91,39515
91,39825
91,39832
91,39297
91,40272
91,40329
91,40357
91,40470
91,40543
91,40657
91,39856
91,39856
91,40760
91,40861
91,40884
91,41191
91,40351
91,41298
91,41601
91,41678
91,40784
91,40794
91,41724
91,40846
91,40905
91,41929
91,42005
91,41179
91,42172
91,42224
91,41424
91,41428
91,42393
91,41556
91,41570
91,41575
91,41618
91,41640
91,41915
91,42912
91,42012
91,42174
91,42351
91,42383
91,43352
91,42459
91,43508
91,43647
91,43732
91,43851
91,43120
91,44043
91,43150
91,43182
91,44088
91,44213
91,44309
91,44334
91,44504
91,43637
91,44562
91,43705
91,44731
91,44107
91,45192
91,45195
91,45414
91,45461
91,45517
91,44640
91,44665
91,45670
91,45777
91,45822
91,46039
91,45155
91,46269
91,46346
91,46372
91,46394
91,45581
91,46589
91,46019
91,46176
91,46185
91,46370
91,46416
91,46552
91,47621
91,47663
91,47722
91,46928
91,47839
91,47900
91,48033
91,47220
91,47222
91,47270
91,48231
91,47683
91,47811
91,48994
91,49096
91,48376
91,49330
91,48475
91,49468
91,49584
91,48684
91,48763
91,49717
91,49737
91,49778
91,49009
91,49059
91,50246
91,50300
91,50729
91,50850
91,50941
91,51099
91,50281
91,51290
91,51297
91,51318
91,51451
91,51472
91,51528
91,50745
91,50778
91,51731
91,51866
91,51906
91,51106
91,52203
91,52407
91,52645
91,52661
91,52702
91,52830
91,53411
91,53485
91,52737
91,53665
91,52771
91,53753
91,53763
91,53346
91,54321
91,54511
91,53908
91,54022
91,55063
91,55171
91,54311
91,55220
91,54673
91,54895
91,55168
92,32400
92,32800
92,33141
92,33485
92,33612
92,32939
92,33899
92,34017
92,33337
92,34361
92,33526
92,34832
92,34896
92,35393
92,34497
92,35441
92,34855
92,35862
92,35871
92,36151
92,35405
92,35422
92,36542
92,35654
92,36716
92,36860
92,36107
92,37161
92,37235
92,37500
92,37771
92,37075
92,37311
92,38291
92,38391
92,37667
92,37697
92,37819
92,38749
92,39061
92,39137
92,38253
92,38374
92,38831
92,39807
92,39884
92,39044
92,40151
92,40279
92,39380
92,39412
92,40347
92,39464
92,40521
92,40554
92,40622
92,40629
92,40657
92,39807
92,40721
92,39850
92,39870
92,40800
92,40816
92,40836
92,40860
92,41116
92,41195
92,41219
92,40319
92,41246
92,40346
92,41266
92,40382
92,41569
92,41645
92,41726
92,41889
92,41955
92,42078
92,41219
92,42242
92,41407
92,41472
92,42382
92,42437
92,41654
92,42583
92,42613
92,41755
92,42683
92,42971
92,42220
92,43204
92,43204
92,43249
92,43623
92,43706
92,42853
92,43788
92,43901
92,43018
92,43052
92,44000
92,43194
92,44277
92,44313
92,44365
92,43498
92,44540
92,44597
92,44621
92,43791
92,44742
92,44960
92,45207
92,44435
92,44479
92,44538
92,45464
92,45593
92,45616
92,45654
92,45698
92,45727
92,45754
92,45768
92,45822
92,44941
92,45921
92,45078
92,45979
92,45100
92,46041
92,45341
92,46381
92,46423
92,46480
92,45619
92,45683
92,46640
92,46688
92,46868
92,46974
92,47115
92,47408
92,46509
92,46552
92,47458
92,47468
92,47531
92,46793
92,47947
92,47278
92,48563
92,47689
92,47738
92,48662
92,47768
92,47884
92,49018
92,49093
92,49158
92,48313
92,49240
92,49334
92,49492
92,49122
92,50181
92,49377
92,50503
92,50515
92,50845
92,50054
92,51079
92,51120
92,51394
92,51700
92,51767
92,50870
92,52269
92,52552
92,52552
92,52713
92,53047
92,53232
92,53319
92,53418
92,53616
92,53672
92,53693
92,52795
92,53807
92,53894
92,53898
92,53015
92,53970
92,54016
92,54198
92,53430
92,54358
92,54675
92,54749
92,53881
92,54069
92,55030
92,55147
92,55214
92,54541
92,55218
93,32400
93,32613
93,31862
93,32844
93,33103
93,33250
93,32433
93,32523
93,33431
93,33545
93,33621
93,33671
93,33876
93,33299
93,34242
93,34254
93,34342
93,34649
93,33890
93,35169
93,34381
93,34445
93,34750
93,34869
93,35665
93,36956
93,37568
93,37051
93,37965
93,38036
93,38039
93,37781
93,37959
93,38913
93,38191
93,39355
93,39721
93,39749
93,38954
93,40088
93,40220
93,40294
93,39910
93,39914
93,39925
93,41015
93,41142
93,40259
93,40287
93,40346
93,40346
93,40369
93,41444
93,41475
93,41522
93,40897
93,41982
93,42003
93,41278
93,42400
93,42650
93,42791
93,41996
93,42055
93,42073
93,42083
93,43035
93,43056
93,43115
93,43141
93,43155
93,43165
93,43260
93,43406
93,43490
93,42700
93,43623
93,42800
93,42830
93,43833
93,43982
93,43201
93,44194
93,44350
93,43504
93,44483
93,43598
93,43710
93,44619
93,44658
93,44782
93,43991
93,44138
93,45152
93,44276
93,45199
93,45209
93,44322
93,45266
93,45313
93,45447
93,45449
93,45590
93,44725
93,45675
93,45716
93,44834
93,44867
93,45845
93,44966
93,44967
93,45886
93,45890
93,45116
93,46045
93,45280
93,46225
93,46240
93,45340
93,45388
93,46306
93,46339
93,46422
93,46466
93,46469
93,45717
93,45792
93,47070
93,47110
93,46316
93,47486
93,46683
93,47677
93,46829
93,47825
93,48153
93,47278
93,47292
93,48245
93,48351
93,48531
93,48674
93,48769
93,48032
93,49141
93,49209
93,48404
93,49364
93,49423
93,49459
93,49854
93,49893
93,49979
93,50080
93,50187
93,49327
93,49451
93,49625
93,49734
93,50653
93,50776
93,50047
93,51150
93,50486
93,51425
93,51491
93,50639
93,51591
93,50766
93,51696
93,51838
93,51447
93,51525
93,52467
93,52674
93,53231
93,53391
93,53535
93,53763
93,53811
93,52983
93,53085
93,53352
93,53674
93,54008
93,55021
93,54221
93,54238
93,54388
93,55081
94,32400
94,32429
94,32556
94,32751
94,32245
94,33276
94,33340
94,33850
94,33896
94,33086
94,34159
94,34408
94,33514
94,33622
94,34622
94,34627
94,34791
94,33925
94,34850
94,34921
94,35045
94,35252
94,34382
94,35375
94,35782
94,35789
94,35004
94,36566
94,35891
94,36893
94,35999
94,37704
94,37752
94,37845
94,37957
94,37068
94,38056
94,37335
94,38526
94,38622
94,38723
94,37899
94,38100
94,39351
94,39360
94,39509
94,39526
94,38842
94,39770
94,40027
94,40377
94,40563
94,40652
94,40665
94,40870
94,39988
94,40116
94,41115
94,41178
94,41257
94,40538
94,41577
94,41623
94,40752
94,41761
94,41793
94,40979
94,40992
94,41948
94,41148
94,41228
94,41298
94,42248
94,42287
94,41454
94,41597
94,42579
94,42663
94,42678
94,42710
94,41839
94,41841
94,42113
94,42263
94,43207
94,43240
94,42419
94,43417
94,43603
94,43665
94,43724
94,43730
94,43741
94,42951
94,43868
94,43891
94,43942
94,43949
94,44006
94,44017
94,43160
94,44079
94,43295
94,44235
94,44237
94,44286
94,44318
94,43496
94,43707
94,44623
94,44635
94,43876
94,44812
94,43993
94,44945
94,44987
94,45123
94,45133
94,45133
94,45250
94,45324
94,44464
94,45394
94,45615
94,44746
94,45676
94,45690
94,45795
94,44896
94,45878
94,45356
94,46316
94,46427
94,46429
94,46491
94,45606
94,45626
94,46554
94,46554
94,45714
94,45748
94,46666
94,45831
94,45847
94,46877
94,46914
94,46996
94,47117
94,47181
94,47229
94,47241
94,47383
94,46612
94,47536
94,47581
94,46701
94,47612
94,47705
94,46831
94,47864
94,47550
94,47564
94,47615
94,47767
94,48965
94,49136
94,48316
94,49302
94,49331
94,49457
94,48604
94,49507
94,49547
94,48980
94,49882
94,49031
94,49046
94,49204
94,50144
94,50310
94,50611
94,50874
94,51110
94,51270
94,50427
94,51372
94,51410
94,51542
94,51591
94,51634
94,51676
94,50914
94,51832
94,51859
94,51917
94,52048
94,51238
94,52147
94,51310
94,52429
94,52636
94,51756
94,52684
94,51883
94,52801
94,52857
94,53152
94,52375
94,53331
94,52514
94,52532
94,52535
94,53552
94,53553
94,53642
94,53807
94,53814
94,53045
94,54134
94,54233
94,54288
94,54344
94,54355
94,54416
94,53608
94,54514
94,54651
94,53856
94,54889
94,54969
94,54089
94,54197
94,54224
94,55013
94,55018
95,32400
95,32904
95,33063
95,33064
95,33204
95,32375
95,33278
95,32480
95,33387
95,32957
95,33885
95,33276
95,33873
95,34904
95,35081
95,35161
95,35453
95,35552
95,35741
95,35791
95,35089
95,36667
95,36725
95,36898
95,36956
95,36245
95,36288
95,37843
95,38045
95,38151
95,38305
95,38453
95,38752
95,38927
95,39194
95,39264
95,39808
95,38978
95,40096
95,40234
95,40298
95,40369
95,40383
95,39492
95,40403
95,40441
95,39621
95,40587
95,40590
95,40714
95,40746
95,40782
95,40810
95,40820
95,40900
95,40038
95,40967
95,40078
95,41007
95,41068
95,41073
95,40295
95,41212
95,41345
95,40548
95,41644
95,41748
95,41848
95,41919
95,41060
95,42112
95,41300
95,42272
95,42310
95,41410
95,42371
95,42485
95,42534
95,41695
95,42761
95,41869
95,42772
95,42823
95,42156
95,43130
95,42243
95,42333
95,43302
95,42475
95,43415
95,43460
95,43517
95,43639
95,43749
95,43828
95,42977
95,44013
95,44113
95,44121
95,44127
95,44208
95,44214
95,43349
95,43356
95,43399
95,44344
95,43465
95,44369
95,44410
95,43517
95,44493
95,44586
95,44620
95,44827
95,43995
95,45080
95,45129
95,44264
95,45279
95,44471
95,44500
95,45415
95,45475
95,45553
95,44705
95,45856
95,45861
95,45865
95,45871
95,44980
95,45006
95,45934
95,45247
95,45559
95,45719
95,46695
95,46750
95,46769
95,45888
95,46060
95,47136
95,46247
95,46270
95,47185
95,47305
95,46510
95,47461
95,47518
95,47613
95,46731
95,46777
95,47818
95,47881
95,46992
95,47070
95,47075
95,47150
95,47409
95,47540
95,48611
95,48665
95,47969
95,48967
95,49002
95,49377
95,49500
95,49541
95,48885
95,49885
95,50014
95,50033
95,49618
95,50526
95,49743
95,50754
95,50793
95,50114
95,51146
95,51233
95,51315
95,50424
95,50442
95,51423
95,51515
95,51625
95,51678
95,51814
95,51969
95,51981
95,52001
95,51267
95,51414
95,52409
95,52878
95,53035
95,53180
95,52630
95,52797
95,52936
95,53027
95,53131
95,54194
95,54218
95,54238
95,54329
95,54369
95,54426
95,54521
95,54692
95,53908
95,54374
95,54404
95,54834
95,54947
96,32400
96,31593
96,32566
96,31940
96,32852
96,32980
96,33418
96,32848
96,33952
96,34035
96,34044
96,33267
96,34259
96,34824
96,34857
96,34014
96,35056
96,35433
96,34968
96,36116
96,35285
96,35475
96,35959
96,36120
96,36350
96,37505
96,37588
96,36736
96,36960
96,38356
96,38791
96,37929
96,38050
96,38457
96,38473
96,39522
96,38734
96,39739
96,40147
96,40200
96,40216
96,40297
96,40304
96,40318
96,40376
96,39697
96,40655
96,39994
96,41190
96,40311
96,40385
96,41454
96,41536
96,41582
96,40714
96,41623
96,41626
96,41635
96,40751
96,40770
96,40816
96,40836
96,41797
96,41810
96,40915
96,41821
96,41837
96,41877
96,41053
96,42009
96,41365
96,41396
96,42309
96,42409
96,42456
96,42485
96,41636
96,41653
96,42670
96,42729
96,42740
96,42822
96,42980
96,42080
96,43044
96,42300
96,43533
96,43542
96,43558
96,43640
96,43905
96,44098
96,44231
96,44232
96,43437
96,44626
96,44761
96,43963
96,44914
96,45197
96,45238
96,44487
96,45778
96,45787
96,44909
96,45014
96,45148
96,45150
96,46122
96,46177
96,46183
96,45530
96,46445
96,45547
96,46473
96,45606
96,46530
96,46588
96,46710
96,46727
96,46741
96,45850
96,46051
96,47056
96,46296
96,47330
96,46658
96,47708
96,47720
96,47776
96,47797
96,46933
96,46951
96,47858
96,46978
96,47999
96,47213
96,48286
96,48321
96,48359
96,48438
96,48544
96,48598
96,48679
96,47811
96,47939
96,48174
96,49108
96,49123
96,49292
96,49463
96,49583
96,48791
96,49715
96,49814
96,49824
96,49934
96,49991
96,50090
96,50157
96,50264
96,50308
96,49452
96,50494
96,50519
96,50570
96,50625
96,49777
96,49817
96,50835
96,50096
96,51030
96,50401
96,50538
96,51596
96,51953
96,52528
96,52687
96,52726
96,52912
96,52090
96,52227
96,52234
96,53176
96,52752
96,53739
96,53749
96,53930
96,54017
96,54090
96,53218
96,54511
96,54676
96,53854
96,54273
96,54933
97,32400
97,32498
97,31893
97,32237
97,33157
97,32747
97,32780
97,33892
97,34711
97,33847
97,35064
97,36093
97,36208
97,37361
97,37411
97,37451
97,36560
97,37927
97,37997
97,38151
97,38295
97,38658
97,37863
97,39100
97,39202
97,38432
97,39668
97,38845
97,40129
97,40315
97,39426
97,39434
97,40540
97,40618
97,40619
97,39722
97,40887
97,40025
97,40966
97,40117
97,40210
97,40268
97,40273
97,41194
97,40354
97,41326
97,41340
97,40487
97,41493
97,41569
97,41652
97,40834
97,41768
97,40919
97,40966
97,41870
97,40982
97,42135
97,42150
97,42217
97,41368
97,42286
97,41506
97,41771
97,42804
97,42896
97,42030
97,42129
97,43098
97,43112
97,43118
97,43157
97,42267
97,42344
97,43309
97,43340
97,43376
97,43377
97,43381
97,42637
97,43545
97,42649
97,43617
97,42729
97,43667
97,43675
97,43827
97,43350
97,44295
97,44496
97,43670
97,44600
97,44655
97,43771
97,44790
97,44065
97,44978
97,44991
97,45201
97,45204
97,45244
97,44359
97,45299
97,44404
97,45363
97,45722
97,44861
97,44868
97,45977
97,45983
97,45985
97,45130
97,45166
97,46102
97,46186
97,46250
97,46310
97,46366
97,46412
97,45552
97,46493
97,45614
97,46535
97,46545
97,45692
97,46597
97,46682
97,46902
97,46099
97,47074
97,47077
97,46326
97,47279
97,47698
97,47850
97,46969
97,47064
97,48083
97,48152
97,48163
97,47309
97,48451
97,47734
97,48680
97,48729
97,48761
97,47886
97,48953
97,48095
97,49130
97,49210
97,48360
97,48397
97,49344
97,49515
97,49748
97,49756
97,49843
97,50110
97,49291
97,50619
97,49992
97,50019
97,51167
97,51287
97,51357
97,51449
97,50656
97,50763
97,51669
97,51794
97,52166
97,51294
97,52436
97,52530
97,52614
97,52731
97,51850
97,52809
97,52903
97,52918
97,53190
97,53262
97,53384
97,53534
97,53732
97,52836
97,53814
97,53878
97,54000
97,54004
97,53160
97,53236
97,53299
97,54227
97,53339
97,54296
97,54322
97,54414
97,54441
97,54788
97,54796
97,54189
97,54345
97,54712
97,54744
98,32400
98,32407
98,32422
98,32800
98,32572
98,33565
98,32999
98,33098
98,33582
98,33888
98,34230
98,34310
98,34576
98,35496
98,34889
98,35202
98,36197
98,36329
98,36532
98,36540
98,35647
98,37222
98,37497
98,37935
98,38134
98,37419
98,38544
98,38009
98,38924
98,38101
98,38500
98,39642
98,39746
98,39898
98,40116
98,40218
98,40256
98,40372
98,40639
98,40680
98,40874
98,40914
98,40915
98,40943
98,41162
98,40330
98,40544
98,41486
98,41499
98,40761
98,40791
98,41723
98,41005
98,42033
98,41154
98,42116
98,42140
98,41289
98,42287
98,42639
98,41807
98,42738
98,42774
98,42793
98,42864
98,42891
98,43080
98,42288
98,43295
98,42398
98,43315
98,42425
98,43397
98,42622
98,43585
98,42720
98,42781
98,42806
98,43748
98,43792
98,43846
98,42957
98,43863
98,43874
98,42979
98,43946
98,44088
98,44163
98,44274
98,44443
98,43587
98,44530
98,43680
98,44590
98,44620
98,43740
98,44750
98,44835
98,44136
98,45074
98,44181
98,45219
98,44421
98,45401
98,44630
98,44661
98,45666
98,45833
98,45265
98,45422
98,46342
98,45723
98,46684
98,45887
98,47115
98,47267
98,46372
98,47314
98,47463
98,47580
98,46692
98,47599
98,46794
98,46837
98,47184
98,48176
98,48490
98,48547
98,47712
98,48623
98,48791
98,47961
98,48923
98,48930
98,49224
98,49274
98,49486
98,49515
98,49637
98,49720
98,49983
98,50033
98,49138
98,49267
98,49272
98,50222
98,50284
98,49941
98,50110
98,51056
98,51132
98,51154
98,51358
98,50530
98,51493
98,51506
98,50692
98,51630
98,51816
98,50957
98,51885
98,51074
98,51252
98,52220
98,52438
98,52481
98,51649
98,51677
98,52647
98,52696
98,52725
98,52739
98,52745
98,52127
98,53191
98,52302
98,53456
98,53888
98,54077
98,54090
98,54149
98,54155
98,54463
98,54536
98,54559
98,53696
98,53769
98,53776
98,54976
98,54215
98,55118
98,55212
98,55220
98,54548
99,32400
99,31936
99,32153
99,33129
99,33572
99,33704
99,33784
99,33928
99,34204
99,34682
99,34736
99,33837
99,33866
99,34913
99,35150
99,35386
99,34569
99,35551
99,35703
99,35977
99,36127
99,35341
99,35421
99,35863
99,35918
99,35988
99,37080
99,37376
99,37963
99,37986
99,37087
99,38016
99,37287
99,38250
99,38294
99,38485
99,38570
99,38812
99,39055
99,39336
99,39478
99,39479
99,39547
99,39608
99,39406
99,40493
99,40499
99,39648
99,40649
99,40675
99,39865
99,40811
99,39924
99,40963
99,40979
99,40138
99,40156
99,41212
99,41475
99,41541
99,41673
99,41961
99,41313
99,41364
99,42335
99,41446
99,42347
99,42490
99,42623
99,42626
99,42691
99,41823
99,42729
99,42739
99,42776
99,41912
99,42957
99,42065
99,43037
99,42388
99,43295
99,43315
99,43415
99,43434
99,43801
99,43821
99,43012
99,44020
99,43363
99,44304
99,43441
99,44347
99,43519
99,44458
99,44481
99,43874
99,44860
99,44885
99,45071
99,45146
99,44286
99,45413
99,44528
99,45505
99,45532
99,44637
99,45622
99,45704
99,45816
99,45192
99,46124
99,46237
99,45409
99,46378
99,46604
99,45757
99,46741
99,46744
99,45864
99,46048
99,47010
99,47034
99,46149
99,47089
99,47110
99,47163
99,46283
99,47204
99,47293
99,47511
99,47520
99,47536
99,47558
99,46694
99,47595
99,47600
99,47603
99,47625
99,46825
99,47752
99,46910
99,47835
99,48164
99,47413
99,47519
99,48591
99,48122
99,49137
99,48300
99,49201
99,49254
99,48439
99,48523
99,49741
99,48921
99,48943
99,49986
99,50011
99,50098
99,50219
99,50652
99,50726
99,49934
99,51195
99,51306
99,50441
99,51358
99,50483
99,51276
99,52189
99,51389
99,52316
99,51424
99,52416
99,52530
99,52582
99,52251
99,52642
99,53619
99,53733
99,53061
99,53995
99,54044
99,54262
99,53760
99,54717
99,55109
99,55126
99,54296
99,55198
99,54969
