replica,x,y
0,10000.0,10000.0
0,13391.105,9501.901
0,15525.4795,14773.998
0,16047.788,6748.1025
0,17536.799,11235.312
0,13975.501,9427.219
0,12052.065,10883.166
0,16524.86,9300.898
0,4136.3154,11582.122
0,1717.1309,5658.3164
0,4964.827,16721.998
0,13821.481,10273.295
0,2825.196,14750.363
0,15899.535,17070.898
0,8456.009,14832.005
0,14427.651,5579.293
0,15117.346,9516.368
0,7301.2065,3758.827
0,15304.849,8075.286
0,14581.746,8624.828
0,15597.625,15407.193
0,15693.676,13581.665
0,3186.0747,4832.3325
0,5046.9883,7874.79
0,16092.246,10586.67
0,4928.406,6060.275
0,12300.378,12676.03
0,15181.403,9658.06
0,14865.194,14065.278
0,16252.649,6257.1753
0,3236.457,15614.441
0,12133.282,5725.874
0,4977.9316,9998.631
0,6673.9062,8495.965
0,14150.419,12207.475
0,13165.081,11159.17
0,4563.6387,6488.5127
0,1598.3821,8649.962
0,4572.235,5258.52
0,15797.613,7592.8306
0,15861.375,13671.329
0,16689.383,8138.6733
0,13162.224,15213.917
0,4942.5347,5275.2583
0,17588.484,13784.255
0,15056.079,6256.365
0,4553.302,3104.2236
0,12161.389,15291.231
0,14538.247,11938.38
0,6276.893,14080.951
0,13477.323,6710.9604
0,11523.688,10611.131
0,8867.136,14256.245
0,16260.065,14506.93
0,5119.4297,6237.708
0,8928.35,13281.712
0,17612.135,7094.6465
0,11883.873,18791.84
0,2591.0474,15392.602
0,13629.619,12105.704
0,4484.54,12392.386
0,8205.947,13132.709
0,7020.5044,2661.7153
0,6134.2354,7485.4404
0,2139.2542,6443.835
0,7260.537,3149.6223
0,18872.973,5992.818
0,13938.971,5394.9233
0,6291.623,10679.233
0,14892.082,5129.8735
0,14073.42,6882.7144
0,15688.968,9973.386
0,14716.041,9889.224
0,10831.242,10292.65
0,5175.741,3740.248
0,15297.639,8968.508
0,13172.252,13455.025
0,10933.647,7041.208
0,5486.8384,4768.5034
0,14263.032,9957.705
0,8613.34,3690.9797
0,14684.641,9597.552
0,16466.713,10353.322
0,4961.3486,13449.048
0,17786.162,13177.818
0,16241.448,12279.692
0,3472.1865,12306.185
0,18348.887,14652.331
0,4822.7656,9635.1
0,3350.8943,4755.196
0,13434.705,12362.786
0,13592.179,4968.9614
0,6814.3066,13804.73
0,11129.152,12046.679
0,4380.4023,5202.3687
0,15438.682,8390.11
0,15213.577,10943.508
0,14375.2295,10472.167
0,16252.67,9900.475
0,5530.811,5189.0312
0,1677.4137,16154.337
0,15512.921,15715.485
0,17940.662,9662.339
0,15049.154,12147.378
0,2761.2239,14195.235
0,5111.565,15141.319
0,3955.6965,14345.15
0,13495.619,4249.681
0,5414.7505,2435.589
0,14746.649,0.0
0,14039.429,11816.605
0,5285.0947,14501.759
0,6905.936,4614.0137
0,4802.835,12990.91
0,13182.797,9185.2295
0,4165.0425,12448.702
0,5740.205,12011.366
0,2266.6155,16480.219
0,16582.998,14080.287
0,15356.44,9817.547
0,5023.698,13771.669
0,11577.733,11522.088
0,4234.1694,2822.704
0,12446.116,15392.824
0,4216.8735,8823.0205
0,19086.766,13848.965
0,14656.891,12369.368
0,17242.523,10288.3
0,1835.2246,16271.9795
0,11676.774,7010.7944
0,15592.484,11829.344
0,15067.345,10263.4795
0,4514.355,5201.9707
0,4558.383,17264.52
0,12256.411,11102.727
0,17222.178,11379.0205
0,14956.279,15484.186
0,15361.321,4805.1567
0,5605.113,3539.2944
0,15482.566,9667.724
0,3451.334,17627.318
0,10384.489,6198.797
0,3135.5967,15204.517
0,6982.3516,17102.455
0,14757.252,10519.282
0,5745.9297,13323.7295
0,14299.289,10732.304
0,13933.091,6651.6396
0,3072.9844,6776.4775
0,5441.209,16228.082
0,4434.408,5395.62
0,12389.061,6717.7373
0,6412.3984,16103.487
0,12286.194,5182.472
0,13730.778,4954.8047
0,16840.262,6825.254
0,1553.7256,12187.034
0,7368.003,17485.057
0,16614.842,7502.292
0,14469.065,13586.513
0,17175.588,9481.248
0,6464.644,3614.6519
0,11860.893,7989.4985
0,15148.686,6533.5986
0,15965.236,13294.605
0,14670.649,13897.158
0,5606.3203,5901.3135
0,5465.1836,3787.922
0,8232.0625,17830.166
0,0.0,4104.9746
0,14603.699,11057.199
0,16059.768,3418.8281
0,1223.4358,19466.344
0,15295.101,5954.713
0,16392.924,10358.249
0,3404.713,2878.1626
0,2468.0886,5399.4565
0,17958.682,12569.17
0,4023.592,1625.9984
0,6577.383,11977.683
0,16181.753,13159.228
0,931.3295,2720.7305
0,7211.994,6452.7427
0,4859.088,14964.203
0,16830.195,12730.609
0,11018.538,9602.373
0,2375.195,14476.149
0,14243.384,8713.792
0,13310.927,12081.076
0,1532.481,17179.797
0,14198.695,11574.397
0,7226.591,4665.219
0,5999.7656,16502.547
1,10000.0,10000.0
1,3185.3782,17742.875
1,1775.8082,67.016174
1,7344.998,2064.126
1,11732.248,10745.052
1,13877.877,4771.1523
1,3627.046,15503.558
1,14926.277,9023.585
1,3075.9893,5197.258
1,2542.4417,13432.291
1,15934.743,10123.833
1,2974.8906,2373.382
1,14703.982,10348.155
1,13643.388,17636.309
1,5477.6587,7327.071
1,6644.608,17453.232
1,14640.104,12152.737
1,15544.578,13754.424
1,15842.349,8547.505
1,14241.66,6138.068
1,17371.547,10565.195
1,15469.003,6371.6523
1,5231.0464,3264.831
1,14506.154,10726.466
1,13927.164,16203.724
1,15770.835,6469.8154
1,15286.8545,4998.513
1,8155.523,12937.218
1,3803.45,6616.0586
1,14652.133,16242.838
1,4132.423,11994.86
1,3953.8225,12827.507
1,3123.0388,2381.997
1,16387.854,5958.8853
1,15272.703,15224.282
1,10665.241,11982.795
1,15125.868,10132.391
1,3978.1606,3697.265
1,16379.087,9544.862
1,2637.251,6929.8887
1,15552.571,4237.1772
1,6954.4087,11465.602
1,6783.5312,3141.2754
1,11329.787,13448.262
1,3903.2163,5970.8867
1,9561.426,6847.4043
1,13329.774,8819.914
1,4748.7397,9586.873
1,4451.1274,2403.8335
1,6270.633,16571.857
1,6050.278,15009.081
1,6000.2656,7900.5522
1,15259.115,12491.527
1,15628.008,5479.7656
1,13911.037,12247.566
1,12742.132,7143.3545
1,4418.857,13182.115
1,17997.404,6328.577
1,3493.1357,14740.545
1,5268.4917,6093.9604
1,16015.205,14393.284
1,4302.8574,10789.464
1,17155.93,16401.936
1,6707.819,16183.511
1,15983.077,8441.262
1,6008.568,2658.8323
1,15840.585,9089.825
1,16303.174,6921.7534
1,15948.67,13854.085
1,4470.378,12832.061
1,17426.412,11018.745
1,5411.9775,7625.7446
1,2491.3818,3289.9734
1,14586.241,6147.3774
1,11783.431,8758.373
1,12856.268,13390.629
1,7275.02,2800.6404
1,16646.203,10064.603
1,9552.907,4757.496
1,14748.341,12150.932
1,13482.245,4516.213
1,14489.143,11181.506
1,3496.1687,6101.9385
1,13803.591,4907.606
1,16106.19,13245.945
1,5925.422,3652.6006
1,4593.828,11470.501
1,15706.607,13582.164
1,13942.037,9482.926
1,6310.1724,2478.6533
1,14442.946,15072.378
1,15780.261,10086.856
1,17243.748,3033.4314
1,3763.6343,7126.869
1,16187.253,7044.4087
1,17475.506,16106.619
1,4537.878,5782.398
1,16451.105,6284.714
1,7428.9595,12069.948
1,3703.6018,6031.3975
1,3614.0942,2928.7522
1,12684.551,11387.677
1,12956.172,9031.076
1,11935.578,9783.342
1,5578.187,12372.461
1,13893.32,5132.3623
1,16414.826,13119.942
1,6979.0796,9157.621
1,2104.0352,1925.323
1,17667.658,7489.176
1,14469.45,3438.5032
1,11828.488,12980.192
1,3919.7488,15221.991
1,3824.9653,5436.859
1,17569.768,10061.432
1,14292.656,8965.287
1,15395.758,7135.0356
1,11715.627,6403.221
1,15453.7,11662.8545
1,14514.723,4879.5264
1,7581.023,13210.038
1,16039.999,6634.879
1,14079.568,8721.673
1,4038.5054,14093.395
1,17435.566,12880.857
1,2996.4934,4550.933
1,15911.939,13351.92
1,3532.283,13413.703
1,12679.521,6299.0166
1,13577.054,8294.368
1,2029.6938,4333.3887
1,7167.6387,15076.851
1,2114.0806,17350.783
1,12978.701,5399.156
1,17506.477,7526.616
1,4371.672,4592.0723
1,5569.3506,13907.774
1,2340.605,14072.261
1,16550.441,11895.337
1,16723.379,7921.078
1,5718.1704,5296.1084
1,20000.0,16195.1
1,16763.387,12405.398
1,14054.75,9339.842
1,6595.1514,3531.6865
1,4641.8325,13407.853
1,3216.5684,6611.726
1,14157.139,3697.318
1,5272.8086,7473.0996
1,17318.236,6338.3027
1,2769.989,6860.6367
1,13611.159,11946.801
1,15997.37,10577.805
1,3549.0444,16147.712
1,5242.573,13017.592
1,9328.427,14045.972
1,1778.1743,5960.3257
1,9578.509,5188.9253
1,16132.518,14429.597
1,20000.0,13278.71
1,6152.633,4444.965
1,3518.8428,17079.488
1,13228.441,3416.671
1,6412.687,3330.2346
1,8593.553,1582.1344
1,15416.21,9004.2295
1,17357.799,6091.483
1,7921.5703,17486.893
1,4315.6753,8694.0625
1,5908.0884,4461.9414
1,6520.11,14351.485
1,3202.2783,16239.101
1,14796.708,1519.0089
1,16559.006,11624.8
1,14860.156,7179.9062
1,13601.338,8176.934
1,15051.21,12923.658
1,7773.431,6800.5615
1,13689.731,12508.256
1,13413.081,10041.008
1,13803.016,9115.836
1,5604.1074,16137.297
1,7215.1714,16224.772
1,4316.2783,15237.543
1,13650.907,8430.902
1,15449.877,9762.762
2,10000.0,10000.0
2,4976.1763,6059.437
2,6366.4395,16976.418
2,4239.939,5564.961
2,9115.348,4259.228
2,5548.3594,4424.1147
2,3970.5295,3884.4854
2,5364.6113,16459.17
2,17912.555,3955.69
2,7501.6514,7651.1143
2,13857.521,8863.818
2,13365.708,8962.536
2,6367.4165,5935.905
2,16519.564,12452.965
2,14341.391,11403.789
2,4189.358,16147.395
2,5942.227,3384.8547
2,16219.6045,10163.92
2,2719.7278,6746.1313
2,3469.4902,5904.9526
2,6135.395,16336.549
2,14253.609,8767.269
2,14093.148,9800.648
2,5134.844,3973.5261
2,2059.6643,1776.7141
2,4730.2944,6086.276
2,7936.773,6555.6494
2,12877.03,15236.39
2,16341.159,10376.072
2,14956.935,2238.84
2,8660.651,18147.074
2,3566.9333,15436.666
2,12972.795,12170.304
2,15786.584,11536.061
2,5649.0063,5709.5063
2,13773.698,12747.798
2,7657.4575,8870.755
2,9291.358,2267.6711
2,2958.1255,4863.557
2,17628.111,8000.8496
2,1960.4431,7097.3613
2,12674.926,10846.027
2,8927.75,8223.214
2,12026.981,15372.37
2,17481.074,6191.2676
2,15761.995,9539.818
2,13706.68,12756.125
2,6630.7964,4107.0537
2,5090.0356,12622.498
2,1876.0947,4899.418
2,6838.4346,7164.08
2,16147.363,7060.7827
2,12949.793,14895.041
2,14493.003,10391.774
2,5086.8745,14066.712
2,13357.257,4588.439
2,3286.9646,6067.384
2,4556.593,2947.2537
2,5194.8813,17381.363
2,6473.2593,13330.583
2,15196.089,8555.731
2,3781.8352,3031.3386
2,11828.142,15919.92
2,13826.664,5631.2827
2,5391.111,14813.944
2,12699.79,16371.814
2,5279.121,13069.752
2,15487.549,14272.8955
2,11765.171,11480.657
2,2217.608,15868.978
2,1278.3204,16752.62
2,5064.003,8872.349
2,6774.947,15730.552
2,15172.002,11433.799
2,4031.2517,15027.225
2,5444.896,1891.7423
2,16919.441,16825.426
2,2012.8369,7572.298
2,4841.2437,14638.007
2,12492.876,10268.878
2,13943.878,14245.954
2,3426.0862,5499.1533
2,1833.5199,17340.896
2,7145.411,5918.9233
2,3454.2805,3964.4265
2,7164.3745,10577.959
2,3549.554,13649.61
2,5411.4424,6687.2134
2,13526.162,8277.8
2,14872.303,9845.796
2,16673.455,5690.953
2,15898.396,14263.419
2,13570.722,9984.721
2,16835.963,14906.872
2,14362.145,9406.833
2,2661.4678,2880.7185
2,2666.631,6325.3247
2,13360.8955,9766.997
2,16275.634,14367.805
2,12539.274,14134.485
2,13908.819,5990.1475
2,13931.66,13516.878
2,7019.9844,19029.352
2,5453.0576,1291.5111
2,6437.0283,9369.089
2,6131.811,4639.018
2,2977.7883,6164.9414
2,13695.824,16547.715
2,13233.567,14390.003
2,4323.396,4138.722
2,2024.5255,12233.769
2,9032.525,6141.38
2,6316.58,15395.958
2,2775.8499,13052.352
2,8368.336,6635.5396
2,13424.622,9782.512
2,12886.9,12373.1875
2,4343.731,3360.191
2,5126.485,13407.935
2,14804.62,6957.069
2,7778.271,17000.598
2,11467.33,5078.0806
2,14185.579,15843.502
2,9699.395,16746.553
2,14927.982,15262.716
2,4182.285,15842.859
2,9107.417,14048.413
2,5956.467,19066.15
2,14356.279,11923.243
2,11627.228,9371.251
2,14238.322,10864.595
2,17621.363,7188.4453
2,5433.64,7655.664
2,11454.828,12506.702
2,5302.3496,17739.93
2,12432.324,4476.0474
2,6096.051,7516.641
2,17852.303,13703.698
2,7583.3584,4097.163
2,14323.125,13498.281
2,5604.6934,2929.1567
2,3908.1394,15466.491
2,4689.773,7590.5005
2,18964.041,15789.384
2,4206.8794,10316.158
2,11666.306,6760.806
2,4105.983,3409.6301
2,15535.793,6827.9854
2,1472.7759,20000.0
2,4304.304,14896.681
2,7699.5737,5532.4233
2,17074.357,4612.5024
2,1457.8954,1508.6705
2,15018.484,7257.0635
2,15316.818,13889.917
2,5175.0303,5344.577
2,5441.3706,6750.4487
2,6030.0205,4536.2275
2,14621.457,6861.586
2,14535.246,8089.5303
2,6014.188,18974.615
2,17171.127,10560.509
2,13207.541,11832.228
2,14844.463,14585.781
2,5328.644,15956.933
2,17096.451,11513.313
2,5193.4155,15447.859
2,6998.5205,17478.895
2,8212.59,17103.297
2,14609.442,13521.126
2,16864.781,12581.369
2,5808.9097,3223.917
2,4643.6924,6544.372
2,16434.127,11397.537
2,4245.9277,7761.3325
2,7723.9067,4760.2554
2,2737.9294,6377.4175
2,16812.123,13175.677
2,7188.976,14546.28
2,6259.7573,13261.698
2,15389.131,9008.773
2,2102.4058,4027.166
2,17138.697,12454.081
2,13828.722,12075.293
2,10517.218,2873.034
2,14067.194,7394.958
2,12314.847,7699.9736
2,13128.034,9285.69
2,12528.315,8797.5625
2,3401.3855,5208.3687
2,16026.6,11502.32
2,6165.3857,15841.466
2,4049.9187,12124.915
2,4148.916,14606.896
2,6124.7666,2497.1567
2,16131.438,10581.799
2,4860.945,8147.558
2,4967.168,15958.5
2,13520.881,15132.323
2,15890.18,5878.675
2,15307.836,11829.269
2,14841.338,5408.783
2,13007.808,5849.9165
2,7163.323,13280.507
2,16718.852,15903.597
3,10000.0,10000.0
3,3751.221,7801.39
3,15464.648,12821.1
3,17958.307,15022.851
3,4657.9385,11645.368
3,16284.997,8728.671
3,8837.346,14874.6045
3,11926.015,10921.155
3,10157.612,5390.697
3,15815.9795,15114.776
3,15040.869,12003.387
3,2904.9065,6797.697
3,17662.824,11637.968
3,2314.947,13823.121
3,2664.8755,16448.111
3,14442.855,8824.3955
3,15418.636,3146.797
3,4911.606,1369.742
3,8358.523,5337.796
3,5642.5444,13651.954
3,18231.348,11005.827
3,17503.69,7277.0337
3,14825.506,12248.049
3,17862.549,4011.4216
3,14751.068,11356.902
3,4601.7754,4285.794
3,6345.437,3583.9875
3,2516.7747,5298.308
3,3365.0723,16339.029
3,3252.9604,16853.377
3,17382.562,5697.3994
3,13679.434,7850.958
3,12874.033,8050.91
3,5547.6636,15523.746
3,2414.0981,15489.653
3,5923.4688,11824.574
3,13623.189,9378.2705
3,17511.127,12032.261
3,12002.692,5354.611
3,250.88754,6433.937
3,4959.681,7426.343
3,13298.05,10793.784
3,16612.307,18585.736
3,3783.5493,12995.916
3,14605.527,10908.234
3,15932.886,9904.865
3,13045.084,11356.876
3,5424.2246,14586.162
3,15102.378,3993.7302
3,15412.662,10717.278
3,6542.1763,18278.902
3,7651.248,8644.233
3,2211.7952,6809.6167
3,4229.478,14379.822
3,5603.818,14030.117
3,3445.325,14060.91
3,15558.635,8898.351
3,2449.4417,14317.348
3,7289.465,9098.03
3,11391.791,9277.014
3,15392.065,14048.022
3,1057.7672,14502.771
3,8779.6045,17207.797
3,15311.599,6686.619
3,3247.9585,1504.3854
3,14166.581,6355.412
3,15274.294,12777.275
3,13295.574,8454.163
3,17851.775,2721.2898
3,3691.3694,13665.712
3,17194.422,13739.811
3,5964.296,14274.49
3,4232.434,5279.7847
3,8518.762,11687.57
3,4723.7847,5585.4487
3,4604.243,14391.5205
3,4333.9766,2175.8804
3,13702.35,14977.345
3,12514.632,11132.102
3,6312.1616,5072.7983
3,3410.977,16339.292
3,5442.221,14790.07
3,5734.4604,4140.1074
3,3482.545,19706.133
3,13794.008,7247.912
3,6450.1963,3942.1445
3,13471.859,5175.5674
3,13935.159,14103.659
3,17423.793,13267.23
3,7531.2134,2659.9502
3,9566.938,7572.758
3,16156.116,11869.931
3,4565.0947,18113.396
3,1503.3784,2521.1616
3,17348.238,6633.224
3,17802.916,8493.925
3,11955.768,6614.8184
3,3513.48,18672.41
3,4750.2075,13366.541
3,3923.6555,3120.901
3,2314.8555,14207.936
3,3768.973,4673.2095
3,18668.62,9954.222
3,2929.9033,2429.3499
3,11312.479,12138.204
3,17123.852,10586.757
3,14576.597,12520.985
3,5292.545,4639.455
3,14452.513,9402.103
3,14463.011,10102.211
3,3805.9775,13146.106
3,14208.203,9361.722
3,4801.447,14153.267
3,4557.6284,12348.05
3,10570.145,14506.477
3,5511.8467,17214.383
3,5892.6274,1930.1744
3,18055.227,12211.36
3,15841.116,6987.533
3,5633.7803,15208.171
3,16607.053,16529.314
3,14853.284,4823.383
3,11623.169,6386.95
3,16678.639,12493.547
3,3512.2773,3396.8015
3,12516.035,6624.113
3,1193.691,13643.034
3,12951.548,4289.2666
3,16299.854,5190.4946
3,14279.0205,6116.4604
3,3648.1357,5193.8457
3,5594.672,3865.5225
3,16026.475,11325.171
3,2626.1365,7632.7275
3,16242.896,13001.748
3,4422.78,3012.2747
3,16685.328,13615.185
3,17341.354,9283.699
3,16361.369,15391.25
3,18812.861,9492.184
3,4702.0645,4296.798
3,18775.605,5658.016
3,3739.981,16859.24
3,6260.5303,16271.558
3,4438.805,1261.9563
3,16396.422,6035.192
3,16273.313,14110.777
3,7600.086,11828.357
3,14355.468,9184.725
3,4464.8154,0.0
3,17286.287,11686.343
3,3787.0242,15494.669
3,14576.823,12653.251
3,12725.055,10922.986
3,17316.994,13408.926
3,7002.4233,14781.152
3,6477.423,14611.7295
3,16545.697,10892.823
3,15254.115,9069.491
3,19622.951,6423.117
3,12587.048,4011.7205
3,7033.663,14606.264
3,15349.3955,3131.7954
3,13879.077,14390.391
3,5875.3027,14076.916
3,3299.618,13288.145
3,10987.352,3589.4446
3,7289.339,2965.2385
3,6428.6924,2839.1343
3,6058.9297,4981.39
3,14778.624,17485.936
3,4747.149,13479.876
3,12685.683,9166.984
3,18505.094,8499.059
3,19102.562,11964.869
3,16367.563,13000.436
3,3132.2473,6227.1104
3,6431.031,12805.329
3,2689.424,15742.31
3,16136.126,8111.906
3,13186.769,1564.819
3,3783.102,15843.083
3,2137.6445,6870.8516
3,11485.844,11764.3
3,1698.6444,17154.662
3,13276.155,12249.692
3,18283.03,7754.0327
3,3578.532,16342.407
3,17278.574,10416.212
3,5178.55,5370.817
3,14431.376,7605.222
3,4801.5874,14337.514
3,3728.1372,5334.1973
3,3141.146,3349.3413
3,5929.58,14340.896
4,10000.0,10000.0
4,8918.997,12774.036
4,17076.584,11327.952
4,14759.786,9859.337
4,8756.594,11666.654
4,7507.3438,16523.744
4,5138.045,15603.666
4,7483.0566,11292.728
4,16624.494,10069.486
4,3965.5288,14553.738
4,16751.096,12028.866
4,14085.668,13408.213
4,15906.347,11373.867
4,6138.5586,13729.624
4,15165.781,11622.038
4,14748.193,11078.907
4,15756.121,8925.009
4,15774.667,8987.477
4,3205.6106,10793.201
4,14057.375,6636.37
4,16627.055,13643.201
4,14395.986,9984.081
4,4673.582,6453.323
4,13673.143,9545.665
4,10754.513,11528.113
4,4752.3604,15140.3955
4,15884.881,14971.411
4,14603.884,6893.38
4,7300.107,15360.58
4,14112.3,11543.006
4,15244.231,6388.567
4,12836.737,4109.159
4,4349.902,5269.4175
4,1685.845,17157.94
4,13586.132,18104.707
4,6413.754,3924.4866
4,17893.465,9531.727
4,2331.1858,15719.726
4,14400.48,7382.962
4,3958.7883,12964.8545
4,17776.162,10967.426
4,16063.527,5242.4663
4,4250.172,15715.026
4,13977.155,11766.317
4,12084.442,8025.153
4,14413.13,9493.817
4,15256.808,13486.196
4,15790.809,5546.348
4,6694.8823,15371.178
4,14123.955,4358.8906
4,6438.301,12538.584
4,14525.41,14427.453
4,5947.895,7608.6284
4,13620.486,4031.8435
4,17733.379,11135.567
4,3443.3608,18750.1
4,3843.954,6340.7847
4,12010.804,10826.732
4,15703.357,14154.989
4,14152.75,9245.529
4,8105.5415,4094.348
4,6580.4736,16882.443
4,16096.176,13263.732
4,5897.3267,17498.04
4,5902.89,2521.432
4,7101.366,4637.4155
4,11068.765,5506.711
4,14101.908,13328.15
4,8323.056,5873.0176
4,17500.246,10872.392
4,946.87256,15966.024
4,13105.959,10655.915
4,14171.828,13414.29
4,9310.15,5239.3765
4,8170.4873,5911.159
4,6701.328,15526.627
4,15075.775,12598.008
4,17775.686,10855.142
4,20000.0,8322.597
4,8675.815,2769.308
4,15724.102,8733.605
4,14055.89,12008.218
4,6172.5396,16363.133
4,8856.693,14903.775
4,18320.652,10558.709
4,16480.643,6651.8174
4,15168.426,8742.431
4,6106.7764,11609.171
4,15943.878,6578.5054
4,15279.174,11159.736
4,19427.916,11277.939
4,15261.819,11646.815
4,17272.973,14185.597
4,17607.879,8770.59
4,5895.081,694.3496
4,2612.2412,15136.399
4,4178.0527,16814.191
4,16045.667,11853.666
4,5133.5444,6209.208
4,19424.406,11201.501
4,259.08536,15312.112
4,1605.9482,6925.687
4,7822.253,4582.9434
4,4542.17,16473.762
4,5214.572,8374.289
4,13000.768,4274.8755
4,4103.1987,6458.652
4,14358.019,6351.988
4,13934.496,9824.288
4,1426.0023,7645.513
4,14484.747,11495.307
4,14725.933,7812.9775
4,6286.9385,7688.116
4,3696.9036,4586.118
4,17663.307,8132.469
4,19104.814,7029.7925
4,18723.578,12565.719
4,5228.045,13504.428
4,17126.002,12727.7
4,7187.633,16563.303
4,4856.6846,5603.665
4,2012.8245,14437.81
4,13945.644,11896.339
4,3884.7412,5855.849
4,4477.588,15257.367
4,15015.542,11161.493
4,3912.2217,14000.427
4,12699.756,6044.3647
4,12892.252,6899.7144
4,5523.068,6860.2803
4,4310.7207,7828.591
4,18334.738,13773.877
4,1686.032,17471.557
4,1854.2083,852.5082
4,13458.798,5753.07
4,17072.562,15868.978
4,7592.122,16902.656
4,4285.932,13310.222
4,908.739,8779.929
4,2771.7715,4754.7627
4,4314.6694,12766.6
4,2139.1858,11065.456
4,4197.416,5180.0776
4,7837.074,1849.3047
4,5455.4062,16143.174
4,16926.57,13948.568
4,13252.109,14602.705
4,2607.5461,4659.077
4,5395.413,6120.858
4,6360.51,7484.0503
4,15628.677,9151.011
4,12718.3,11731.139
4,11596.1,12208.936
4,4037.0488,16007.087
4,7405.2847,13961.443
4,8344.471,14039.985
4,15435.553,4127.3687
4,16691.5,7956.399
4,4950.6987,9021.46
4,5306.0713,14174.659
4,5637.931,6089.2715
4,5465.278,15127.214
4,15389.637,6831.27
4,7977.7466,15060.162
4,4652.1753,4897.0923
4,15793.492,16981.605
4,403.32108,8706.929
4,14605.262,9415.046
4,5824.294,3830.3745
4,3631.3105,14666.423
4,3798.6555,14415.774
4,6981.0977,16254.975
4,15167.4795,14531.835
4,5186.9834,4264.079
4,5836.235,10863.96
4,14250.473,10691.263
4,17959.871,14049.212
4,3480.517,14560.449
4,13557.203,14192.666
4,18798.213,6271.9077
4,16394.004,12184.296
4,3737.9841,7056.8706
4,20000.0,7711.252
4,12693.674,8023.442
4,2555.6272,19033.885
4,13792.824,9140.74
4,13557.295,5427.1235
4,14939.594,10460.223
4,15217.501,0.0
4,16195.752,8365.305
4,7833.9277,14777.291
4,15438.712,6662.7925
4,17143.322,13133.493
4,6536.68,16654.938
4,17609.834,13985.623
4,13594.907,12276.61
4,15485.461,15015.211
4,15576.561,8335.564
4,14791.62,10752.042
4,14559.672,11516.877
4,12317.308,11240.788
4,9280.501,7977.4595
4,18424.19,13262.65
4,13803.884,14285.777
4,5392.213,14106.549
4,5789.782,14521.335
4,13031.338,10152.816
4,4168.1885,16307.414
4,12885.639,9258.634
4,14324.356,9756.095
4,14487.361,15316.764
4,17944.406,9399.077
4,18028.297,4962.402
4,17918.232,9509.374
4,18039.615,14782.742
4,12628.576,6080.0923
4,12650.21,11197.614
4,17225.668,9615.547
4,5750.6567,4316.1157
4,4751.0825,16109.884
4,4449.5933,14973.261
4,1332.5656,18652.928
4,9273.034,5467.467
4,20000.0,5563.0903
4,8680.842,6871.6807
4,7608.758,13416.609
4,16003.96,4714.4795
4,16011.768,6048.6514
4,16550.307,15062.032
4,2987.7568,4768.501
5,10000.0,10000.0
5,14596.263,13629.232
5,209.19041,13096.483
5,13909.557,10770.52
5,14710.01,12360.435
5,18972.4,5404.6807
5,14998.108,9897.477
5,787.02826,3698.0083
5,15229.404,10709.464
5,3435.3328,2974.187
5,2667.6392,6168.0405
5,12448.44,4428.6465
5,13382.949,11469.983
5,11778.284,9163.266
5,19256.465,4190.7764
5,821.0882,14243.12
5,2387.9622,16387.72
5,5439.8013,5636.3613
5,16099.811,11658.248
5,1006.0297,2823.4492
5,17158.934,8050.1245
5,15242.9795,5434.357
5,6270.957,13084.011
5,12495.302,10188.694
5,15750.379,10848.171
5,11745.965,15876.271
5,8474.776,7057.0513
5,6014.904,13649.891
5,15848.55,9910.842
5,7568.135,15588.653
5,12000.485,10269.302
5,2655.2273,14845.891
5,5073.1567,13439.691
5,5467.284,6920.72
5,14530.964,11797.598
5,4011.1152,2821.557
5,4873.2036,13381.3125
5,15109.886,9451.613
5,5368.782,7093.844
5,4372.62,5150.3887
5,13277.209,13160.221
5,5871.388,12549.209
5,7532.4253,12259.943
5,3699.7148,16308.272
5,4837.2544,15765.789
5,1342.2075,12627.249
5,14832.566,10024.591
5,18436.723,11915.392
5,6499.443,1075.8936
5,5782.0654,8721.568
5,11076.902,4740.3643
5,14380.704,11538.749
5,13610.531,12740.411
5,11387.689,14680.256
5,3860.1018,4671.0117
5,4901.527,13038.535
5,1805.1548,1737.785
5,1861.4479,6430.3506
5,3051.6628,12292.007
5,4993.014,2293.8918
5,5613.654,4914.6196
5,15425.609,5545.155
5,11129.322,13897.567
5,628.4691,14921.096
5,11041.719,10234.834
5,6316.1475,15023.108
5,14938.1875,5860.96
5,13704.286,9185.354
5,16796.664,8536.904
5,4704.0386,3173.6802
5,3685.7856,4118.21
5,10101.929,13024.717
5,3503.3245,13074.94
5,8505.26,15984.17
5,4945.042,4510.0874
5,14768.682,15718.519
5,15723.682,13539.527
5,3345.2847,13509.837
5,5256.1777,14373.605
5,16125.921,12061.704
5,8491.236,15210.948
5,17348.799,9708.398
5,1809.7542,11775.48
5,4772.485,7781.497
5,2735.6716,5478.622
5,14281.651,9983.193
5,6544.225,2102.8882
5,2140.9797,7020.232
5,5908.355,16826.203
5,8603.031,16621.047
5,14916.804,9003.082
5,12583.097,2591.0537
5,15563.35,7482.4907
5,2431.4583,2928.6099
5,16734.434,11543.846
5,2800.2332,14651.955
5,7523.5454,15894.67
5,13701.494,11320.633
5,669.49097,3317.4683
5,14838.044,16632.918
5,5273.921,16132.669
5,16847.717,10513.924
5,3122.3118,13674.543
5,4759.8384,6275.018
5,17654.238,10215.811
5,13609.225,8729.564
5,3345.1904,12598.802
5,5099.207,8160.1924
5,15335.785,4489.0938
5,16719.559,7228.9834
5,3903.379,0.0
5,15571.002,8052.1714
5,16207.428,13981.877
5,5542.6274,5632.8325
5,7851.3687,7723.569
5,17444.354,11467.768
5,14963.157,10018.949
5,15634.903,12917.616
5,14908.419,15281.729
5,16148.728,6841.2505
5,6696.041,6662.574
5,13761.265,11712.808
5,14267.837,9697.243
5,2046.3718,1942.1915
5,15827.092,11513.664
5,6937.598,16082.21
5,19429.8,4894.1084
5,14119.399,9316.755
5,2562.4695,4527.319
5,3387.7727,13700.626
5,6207.7114,3782.6028
5,17738.44,10382.48
5,14316.492,14570.652
5,5789.575,15841.884
5,2509.1873,6454.217
5,6194.689,5799.2974
5,11848.598,10168.207
5,16170.524,12201.025
5,18152.602,7206.576
5,1084.6351,19344.887
5,5884.863,10376.046
5,18546.28,7220.06
5,7775.0205,17341.61
5,11363.606,8638.518
5,13753.583,13700.563
5,14050.69,10572.081
5,13179.528,9830.87
5,3937.635,12820.73
5,3308.144,4609.701
5,4748.3667,13438.338
5,17007.164,14256.378
5,17074.766,13160.672
5,16103.107,12586.878
5,4721.541,14211.077
5,8322.052,15310.781
5,4848.6772,3732.63
5,15799.973,7439.832
5,5361.471,3041.4968
5,19034.188,8670.154
5,18248.473,8274.011
5,5707.304,12902.641
5,16690.285,8359.788
5,8190.7173,17470.178
5,6593.995,18572.148
5,14830.9,6995.0225
5,10424.081,11901.949
5,15607.047,10152.668
5,4797.78,4913.1343
5,17181.947,7261.5044
5,3175.7886,6701.265
5,16966.121,11502.688
5,13453.858,5265.6064
5,3566.2285,4687.585
5,5215.2847,6104.859
5,3949.138,4441.5664
5,8390.745,2432.8335
5,9498.817,6445.683
5,7534.8604,12241.349
5,7569.751,3072.4106
5,15945.691,9464.741
5,5956.923,5423.341
5,5300.1606,16192.779
5,12267.39,6925.114
5,5269.8696,17629.152
5,17701.01,3396.632
5,6837.8486,16804.838
5,7733.903,4726.149
5,9701.296,2770.0935
5,7642.664,5956.476
5,3631.0266,8076.3354
5,3285.7114,3768.5913
5,4668.5376,4404.4697
5,4138.2017,8707.533
5,1571.7001,6933.2476
5,7686.143,7600.159
5,15545.219,15409.887
5,4075.3523,4228.549
5,11519.753,11750.05
5,13391.299,12922.1455
5,12364.095,9716.431
5,4177.239,535.4133
5,6539.904,18628.027
5,6015.2915,1631.7294
5,14979.347,14570.527
5,5682.58,14420.753
5,5460.038,12505.84
5,6373.128,6101.698
5,12511.72,6954.4097
5,14422.376,11905.684
5,5578.843,1675.6095
5,12876.264,9061.14
5,13099.903,11138.952
5,14475.853,5527.9863
5,5463.053,13894.041
5,4285.4917,2407.9836
5,15483.211,8459.565
5,10870.661,10226.465
5,5583.464,3751.8945
6,10000.0,10000.0
6,7783.304,13013.913
6,1728.5823,885.413
6,8898.247,14754.263
6,3835.9521,4955.4116
6,5924.104,5209.7803
6,14626.664,9293.986
6,7230.86,14300.132
6,2616.3528,14045.39
6,15072.471,14758.954
6,5024.2524,7330.8296
6,12267.274,14057.165
6,7257.611,16867.906
6,3102.9478,11308.921
6,4772.1704,2935.855
6,12816.279,11089.001
6,4403.4077,14795.112
6,6019.7583,328.4973
6,16492.93,6312.586
6,15912.353,13941.803
6,15530.975,6703.939
6,13997.125,16516.805
6,2329.311,6157.193
6,3659.4421,17330.79
6,4927.3647,15452.997
6,5940.0225,13891.442
6,3684.1526,3700.8198
6,6336.826,3326.433
6,2992.5542,5054.0527
6,15396.297,6659.7476
6,3925.0674,14301.571
6,14909.187,7545.9243
6,14086.565,11123.686
6,3553.3591,1184.386
6,16178.816,10807.411
6,1021.88904,17998.908
6,1901.2296,18242.8
6,14151.222,9183.673
6,15344.644,20000.0
6,16803.617,15210.626
6,6284.6396,7160.2573
6,17687.488,5142.008
6,5353.1807,5710.925
6,4608.0903,7498.048
6,5717.559,6065.8726
6,14726.442,15979.086
6,2374.788,6358.075
6,9647.167,2473.4329
6,16610.832,10779.115
6,6210.646,17561.16
6,2705.6052,13148.413
6,2577.7678,14347.226
6,16323.049,10178.742
6,15303.58,10943.175
6,16039.939,11057.149
6,11565.5625,11098.542
6,12519.8955,10984.995
6,3849.2612,13819.988
6,12522.391,3989.2378
6,3874.911,15113.536
6,5181.0205,7009.582
6,15246.518,7902.251
6,4970.767,18651.135
6,13673.903,8219.079
6,13699.972,7265.581
6,17296.049,13428.688
6,13528.056,5889.3516
6,16091.658,6870.697
6,5579.589,4519.7734
6,5933.427,13493.9375
6,13161.215,8119.604
6,15484.174,13473.955
6,4757.6465,16672.443
6,7596.0537,2508.789
6,12036.87,9843.148
6,14900.684,12675.59
6,12532.804,10574.852
6,16314.152,16570.457
6,17660.168,12092.263
6,4283.5063,7066.031
6,6338.8735,9242.624
6,16829.05,9497.678
6,15864.159,11114.572
6,8652.503,2201.3213
6,14803.55,9343.978
6,6234.1445,14324.089
6,12849.144,12754.383
6,13109.756,8818.238
6,18002.406,6558.354
6,14972.811,12135.019
6,15128.243,9728.444
6,16429.684,4075.9165
6,13899.389,14524.656
6,16529.617,3574.9727
6,17912.318,13059.749
6,16775.705,4202.947
6,17970.658,7081.8135
6,4255.7866,13498.876
6,6361.12,15956.096
6,16240.03,11971.3
6,13640.979,10026.827
6,4093.7004,16850.006
6,5970.6636,6354.099
6,20000.0,12238.877
6,17622.148,13195.837
6,16407.531,10222.983
6,16717.512,12515.188
6,13499.275,9330.376
6,13743.658,5540.776
6,16399.64,7742.615
6,3365.3267,4451.2
6,11214.345,11253.226
6,16192.451,10823.737
6,7008.2725,8003.7344
6,14079.259,4586.2476
6,15308.599,17136.895
6,1765.7507,3222.1682
6,1984.6166,13773.28
6,9895.721,16471.477
6,14368.935,10890.895
6,15665.816,15610.766
6,2388.7275,17817.832
6,19012.945,6333.2715
6,3750.4878,3852.9622
6,13497.028,10201.604
6,5204.072,5854.9165
6,6344.214,17684.047
6,13231.797,1803.3209
6,6652.4727,18835.473
6,12674.72,14956.736
6,5628.4653,7123.419
6,14610.191,8690.012
6,4425.7964,4110.214
6,16332.423,4686.305
6,13454.333,11024.994
6,12593.103,5332.296
6,7293.8096,4825.7085
6,1768.8392,15322.469
6,18254.873,12553.312
6,13586.62,11023.463
6,12612.327,12087.058
6,3541.37,16211.094
6,15076.839,8887.91
6,7333.2173,12513.004
6,2865.8975,7772.462
6,4870.7856,16109.708
6,4325.0815,8213.604
6,4359.0093,14832.91
6,5153.439,3975.8552
6,14678.638,13476.75
6,4233.0537,5152.969
6,16070.568,7345.7754
6,6168.435,7041.8013
6,4770.166,8259.124
6,13260.933,12369.477
6,20000.0,12250.068
6,6875.1377,0.0
6,3157.2048,5283.5547
6,15425.771,9151.037
6,6714.9404,13148.023
6,15428.495,14052.889
6,15238.895,11586.065
6,15176.27,4280.532
6,14653.353,11613.358
6,6594.505,634.313
6,13951.388,8715.963
6,5063.4844,5261.9
6,5919.4175,3513.4038
6,0.0,2278.9622
6,13721.201,12554.208
6,7224.798,13737.075
6,2909.3997,2580.6758
6,13277.229,8122.3755
6,5487.7417,16618.72
6,9852.422,9956.043
6,6421.834,12149.051
6,15202.065,5404.116
6,12716.046,10784.364
6,13778.109,5126.1465
6,7259.4478,14389.263
6,8211.391,7558.352
6,6121.0547,13925.815
6,6762.5986,5406.551
6,14430.774,5015.0684
6,6793.8174,13953.411
7,10000.0,10000.0
7,15323.34,13216.117
7,4011.7898,1434.7643
7,12445.292,8397.913
7,15467.794,4105.975
7,12307.725,7339.2812
7,6077.07,10122.087
7,17240.812,3550.9866
7,13984.877,9800.915
7,13410.805,11135.883
7,10497.355,10271.021
7,15992.797,9105.996
7,18189.713,15660.512
7,11494.734,6389.9023
7,6538.1846,2253.9343
7,16151.335,12694.407
7,12407.305,10493.406
7,13524.298,7914.4873
7,2194.525,10813.716
7,13941.246,14965.636
7,15322.938,8489.802
7,4037.2844,15919.75
7,8664.524,14070.241
7,0.0,7233.344
7,10574.228,9726.388
7,15861.357,11695.257
7,6982.7944,11923.057
7,13663.873,10253.081
7,16628.607,13845.316
7,15231.044,8244.56
7,2758.9587,16118.258
7,16064.649,19055.678
7,16523.938,14671.777
7,16717.545,11886.648
7,6974.591,16231.706
7,5018.9507,4514.6235
7,2543.275,7178.773
7,5284.364,4150.661
7,13446.429,15286.747
7,6150.8984,6793.454
7,16133.979,6762.955
7,7526.8506,2115.3813
7,16168.972,0.0
7,13495.241,10881.569
7,7986.516,12617.173
7,7649.9287,7231.641
7,7763.2573,9586.572
7,8941.188,4226.3657
7,12311.6875,10808.0205
7,2984.0764,7963.7173
7,15021.218,13342.176
7,14887.494,16617.936
7,12335.329,5691.3325
7,11677.661,10906.558
7,4211.525,17255.205
7,17645.596,4044.6743
7,4454.238,4422.553
7,17816.12,3849.4265
7,5450.959,14864.057
7,16315.709,9955.075
7,15792.129,5735.693
7,4528.011,5088.918
7,6958.3574,4407.8086
7,11384.314,8900.773
7,4127.1025,1769.3132
7,4639.638,16658.965
7,5694.0093,4956.017
7,4149.187,15039.255
7,14726.662,13505.721
7,15194.548,14122.551
7,12218.105,13383.386
7,13540.45,11660.165
7,4790.549,5223.0
7,15991.41,7003.0405
7,12627.032,6541.4893
7,13913.269,10933.128
7,7957.508,14419.6
7,15617.894,3636.4238
7,3659.1384,4530.216
7,17845.266,8783.739
7,1432.6387,13848.449
7,17332.424,10775.624
7,13441.155,8805.406
7,3273.2615,6463.462
7,3284.0317,14533.249
7,18204.994,16996.799
7,7384.3945,4266.775
7,5818.607,11097.825
7,15410.013,11126.573
7,11576.595,6241.811
7,4997.645,6355.284
7,3343.0823,14077.721
7,6023.438,6985.788
7,11658.312,6479.157
7,4843.9478,13725.201
7,5948.2886,12668.901
7,4626.8203,4547.917
7,13720.569,6260.3154
7,4118.1895,5321.2695
7,14245.85,5443.618
7,13577.699,14797.176
7,4007.9277,12867.325
7,2888.942,4944.574
7,14334.756,9450.874
7,16922.883,12268.161
7,16271.974,3512.053
7,4005.2588,17693.074
7,12989.726,15194.503
7,7398.622,7170.6772
7,3767.5015,3583.553
7,3215.5305,6651.192
7,16332.428,12014.238
7,13593.288,19831.139
7,8208.708,1532.8148
7,18199.988,13071.042
7,13558.979,12242.968
7,14134.677,12678.754
7,3787.5444,2827.2725
7,15391.195,14736.898
7,2773.0989,6300.762
7,14773.691,12007.308
7,13119.321,9216.777
7,12827.523,9870.899
7,5044.46,1965.9421
7,6118.0264,350.30173
7,4998.121,16313.226
7,15820.563,5448.1255
7,2057.1765,5897.9395
7,6346.6724,3374.8752
7,3387.666,14375.5
7,8148.758,17185.623
7,14643.558,12678.825
7,2443.295,4437.716
7,8427.128,7756.927
7,13715.961,7564.864
7,17050.361,9589.725
7,15144.662,10962.345
7,3950.0435,1653.5509
7,7452.528,14084.344
7,4512.2603,3991.1472
7,6249.078,14601.932
7,8089.8887,12661.561
7,17388.176,4717.7686
7,7353.096,16953.004
7,5760.4517,2564.5706
7,14233.98,13975.82
7,16360.85,8179.349
7,1473.6816,17768.049
7,2441.7837,8129.6167
7,13311.231,16649.29
7,13154.861,8315.644
7,13343.799,13970.318
7,14460.203,9149.293
7,3936.1162,6484.17
7,13695.477,10174.501
7,14180.685,4069.0876
7,8319.45,9269.677
7,3611.5342,2582.3562
7,17077.53,16981.496
7,15403.07,9212.631
7,16327.731,8621.454
7,16062.304,6307.1797
7,14964.618,5495.081
7,13823.4,8084.885
7,7267.747,5163.148
7,5851.886,15020.901
7,16425.723,11450.486
7,17341.283,9447.855
7,15445.032,16554.555
7,1183.2982,2263.586
7,1711.98,16631.232
7,1951.8741,14777.969
7,16493.979,9276.399
7,10130.812,13209.919
7,7186.9517,4151.34
7,16734.426,8957.564
7,5903.4424,1717.375
7,3836.2236,2770.3965
7,13496.847,10898.13
7,3644.6,2552.086
7,14841.799,15506.242
7,11315.298,4018.8867
7,5364.815,13787.116
7,1202.4086,4058.16
7,5831.262,1231.7466
7,14941.151,5866.7104
7,4403.929,11864.526
7,342.105,7701.4385
7,6886.0547,2593.325
7,16947.66,12311.161
7,17008.693,8979.865
7,16033.939,15006.946
8,10000.0,10000.0
8,5713.9126,14779.659
8,16246.578,14568.364
8,7023.5684,5334.366
8,15361.857,15657.342
8,15524.69,10094.159
8,16185.169,9326.949
8,13542.995,14202.772
8,18260.357,6044.3076
8,13628.189,7339.81
8,15768.721,13403.685
8,13849.798,10414.847
8,14624.848,6722.2036
8,12418.831,7411.143
8,19286.45,8859.723
8,6190.1904,11451.046
8,5382.326,11090.538
8,14021.309,5494.5347
8,5294.658,14756.317
8,13768.846,16148.191
8,13235.736,3399.3127
8,11961.284,8955.8545
8,14846.866,11261.028
8,16715.457,11618.036
8,8094.8496,13753.232
8,3189.811,3575.0085
8,4474.4106,14996.217
8,6701.144,4400.6113
8,7654.9707,6519.7837
8,5463.24,13633.069
8,14755.894,14693.19
8,3732.5117,6207.9346
8,8537.908,2479.3403
8,15560.221,16302.446
8,6922.4917,14669.244
8,17658.637,13666.115
8,15221.269,4254.252
8,17710.291,5552.0596
8,13242.462,12619.767
8,5565.674,7953.498
8,10447.245,14735.252
8,14712.028,9825.405
8,13521.113,3294.1687
8,3052.059,15203.275
8,16076.288,7694.696
8,11831.947,13159.239
8,4352.2666,6695.67
8,14326.934,10119.941
8,13894.337,15862.067
8,2243.6985,3733.8936
8,15469.103,15936.175
8,5032.0093,5335.8257
8,5073.901,12478.44
8,16924.238,13718.956
8,5615.759,15618.317
8,13926.106,13292.621
8,5539.607,15629.488
8,7436.1826,10481.95
8,3160.2017,4348.366
8,2365.3894,15073.085
8,12294.443,3953.607
8,6819.583,15044.022
8,15049.392,5181.0703
8,16394.432,15424.428
8,11038.515,9259.796
8,5118.602,13925.423
8,2581.5027,2402.8225
8,3320.559,15561.147
8,15439.956,8623.674
8,2746.4763,15373.336
8,655.3076,5222.0317
8,1806.0547,2899.8008
8,14475.097,4795.178
8,16645.0,6297.286
8,7381.1074,4728.6606
8,4889.268,10792.718
8,3077.7046,14910.72
8,8672.62,11513.456
8,4651.9185,7923.442
8,4123.4155,4447.9414
8,4093.8167,5249.5117
8,15199.097,9264.829
8,15121.823,4389.0195
8,4345.225,13807.02
8,2541.319,3749.033
8,2224.1362,5024.392
8,7086.4336,4787.1
8,2940.1855,6628.271
8,17119.504,5934.887
8,5930.25,13951.315
8,17183.674,7963.436
8,16212.46,14082.621
8,15572.799,5715.0894
8,5675.3926,278.46774
8,16209.958,13436.044
8,14082.268,6414.6343
8,13798.256,6180.178
8,16637.777,6357.5864
8,2030.7534,15570.519
8,13234.87,5177.68
8,5772.0156,3652.2764
8,6813.4775,15873.382
8,15892.014,17319.42
8,8379.26,13552.8545
8,14249.316,12425.6
8,7020.6753,15311.681
8,16242.302,9737.301
8,9756.618,8077.673
8,3966.1887,3564.1694
8,15305.343,8179.3745
8,15843.631,12441.295
8,4860.633,7828.1167
8,14472.932,10819.544
8,18109.762,12805.199
8,3653.5483,5391.9062
8,4287.6,14420.94
8,6900.104,4356.634
8,15182.372,15743.584
8,1773.5767,13503.104
8,14908.433,11126.897
8,3944.2988,15934.245
8,4700.968,5416.263
8,6746.4893,5388.356
8,16309.917,10819.946
8,15665.632,11721.491
8,3953.5354,7134.3506
8,3374.604,12574.98
8,1959.4785,912.4179
8,13117.942,7418.223
8,11781.637,11207.286
8,6119.7954,6277.5483
8,18523.914,8443.067
8,1465.095,1793.1755
8,12051.981,7353.233
8,12221.107,5295.9785
8,3223.513,14723.764
8,15905.561,11109.473
8,4688.367,3420.4404
8,5479.2837,6754.695
8,16451.273,7586.5005
8,4099.014,14114.959
8,4413.506,5154.383
8,16862.041,5614.0264
8,16498.766,10114.007
8,3443.8264,16365.591
8,13385.317,11982.219
8,10997.729,15682.527
8,7765.6997,4853.2236
8,14153.118,11893.201
8,18764.95,7726.11
8,12843.391,6305.873
8,14068.341,9196.643
8,16066.99,16114.467
8,6303.7515,2850.3757
8,5911.044,15265.917
8,17420.55,13839.611
8,5379.4233,15596.64
8,15658.213,13022.921
8,5049.365,5599.7446
8,13178.979,6077.91
8,13107.6455,17199.98
8,13435.103,9211.634
8,8171.7334,4338.335
8,14674.026,10231.983
8,14382.242,1348.7418
8,5195.824,3632.369
8,12429.828,6072.6387
8,0.0,4290.459
8,15083.404,13333.482
8,13030.92,15054.416
8,4554.8345,15147.927
8,14669.216,4476.963
8,10622.227,7860.289
8,6860.208,8535.502
8,2454.4585,15339.016
8,13013.958,5863.488
8,2256.9678,5360.243
8,14888.037,14692.68
8,5637.1206,6800.1587
8,11777.984,6426.998
8,3500.014,5784.007
8,16057.511,15798.298
8,6334.8345,16128.671
8,13561.464,10008.797
8,15176.737,9640.019
8,5576.722,17204.766
8,4372.416,15838.038
8,4451.466,2147.7002
8,6431.862,5997.9893
8,527.02435,4114.143
8,17285.83,9884.584
9,10000.0,10000.0
9,14213.687,4323.911
9,16263.516,13018.683
9,16640.97,8265.574
9,5446.475,11986.601
9,13253.95,10951.237
9,14900.531,8261.0205
9,5376.1543,11013.398
9,13317.538,13866.78
9,4993.967,14978.631
9,14656.12,6644.5903
9,3831.5537,12498.117
9,17076.07,14009.522
9,16127.613,9662.416
9,13189.778,5984.698
9,4915.3135,6237.0894
9,16351.634,11002.03
9,3576.1099,6413.3154
9,17780.744,11966.371
9,16688.568,8526.442
9,4450.1616,15230.521
9,12922.027,12132.018
9,14110.208,10729.945
9,4521.7964,13776.418
9,4392.657,5114.89
9,4706.3745,14116.808
9,12498.256,6132.987
9,12444.131,10099.012
9,14347.442,13962.767
9,19908.754,8707.882
9,2691.3855,15212.676
9,13302.976,7728.1226
9,13601.84,12455.642
9,18448.482,6308.276
9,16030.925,9452.802
9,13740.133,11055.471
9,1763.5785,5255.2007
9,16642.352,5210.5083
9,15009.703,9120.568
9,14273.146,12435.078
9,14428.76,15063.646
9,5650.6035,3785.3315
9,15826.33,11206.546
9,14703.838,10998.673
9,3953.5305,15057.029
9,5180.8013,4901.7603
9,13398.845,11403.692
9,6448.7534,14099.768
9,13544.555,14507.649
9,3633.5027,13439.32
9,12261.222,8910.664
9,8388.305,6374.399
9,3174.1584,8516.879
9,13471.866,13520.207
9,12791.697,15056.735
9,4767.6377,2878.28
9,14365.968,6750.134
9,12722.716,16133.822
9,17692.607,13223.87
9,2908.6362,15620.531
9,10357.403,1841.2388
9,15458.117,11895.483
9,14705.298,10042.602
9,4890.145,576.8169
9,7173.6943,15155.716
9,15402.483,13798.385
9,16644.44,8130.6255
9,14164.284,7415.6533
9,13653.0,9103.741
9,19074.625,4950.334
9,4887.862,3634.8425
9,4574.8247,13583.395
9,13329.253,14921.473
9,12551.096,8726.4
9,13116.301,13219.529
9,8024.7954,15671.55
9,16604.842,4865.0156
9,2719.7744,15244.53
9,15600.439,14235.446
9,5546.4277,11996.239
9,6839.579,6036.582
9,10146.993,14974.376
9,15327.23,16545.926
9,7498.9297,20000.0
9,14980.18,12499.347
9,16388.152,12621.753
9,16808.723,14159.34
9,15650.216,12463.838
9,16634.014,14048.861
9,15345.774,7975.8164
9,14915.44,8733.272
9,5267.869,4371.001
9,15334.971,8194.48
9,15225.47,10585.862
9,6582.1636,4867.7334
9,15723.804,14615.316
9,4036.6619,16469.432
9,4999.2246,14839.46
9,15508.037,7680.4585
9,14011.62,10555.974
9,15305.355,7670.1133
9,8846.85,12097.848
9,2850.5571,5647.167
9,7090.4814,17007.025
9,5091.4893,7080.872
9,13006.901,8870.454
9,6801.2534,16017.989
9,91.86813,274.8177
9,6859.314,10971.39
9,14103.888,16052.578
9,2918.0247,15651.292
9,3429.2383,15253.189
9,13112.538,13900.773
9,19566.33,10299.012
9,12076.493,7678.454
9,3312.2476,13528.254
9,13503.863,7033.7236
9,16194.719,12513.236
9,10121.541,14987.672
9,7047.529,16875.668
9,6925.388,6944.154
9,2564.9954,16251.636
9,4360.3657,16293.347
9,3855.1707,7545.7065
9,2990.1377,18880.822
9,13978.49,12626.046
9,5209.048,6422.426
9,4920.161,15499.475
9,7862.0913,6886.691
9,3678.4622,3917.647
9,15468.796,10554.759
9,15865.475,501.3319
9,4269.491,4623.75
9,19040.055,5677.218
9,14185.81,4884.5815
9,16352.256,14686.952
9,2375.33,16439.598
9,11566.548,11725.793
9,13131.636,7524.063
9,16819.994,7891.7915
9,16752.602,7102.5493
9,19992.307,6674.171
9,5558.1455,15646.42
9,10281.46,6878.5454
9,3611.8374,14488.744
9,14998.151,4826.5557
9,1479.6614,7427.3174
9,13248.658,15277.129
9,16157.847,10927.179
9,6115.0034,14625.267
9,11333.599,6475.221
9,5463.1094,1670.263
9,5014.414,14862.121
9,3073.6582,3291.8728
9,14442.381,9197.495
9,2329.4763,18704.3
9,14333.091,6755.921
9,20000.0,13968.12
9,6684.2695,4316.4487
9,5314.7725,2629.2717
9,2645.98,8779.4795
9,5199.6577,15138.026
9,6600.02,16106.673
9,7422.977,7339.0146
9,3326.905,17796.34
9,18540.22,8625.4795
9,4003.1638,5108.148
9,15542.201,4262.254
9,8517.928,2742.2397
9,3386.1248,5572.8403
9,5998.6797,5803.829
9,15891.156,11763.542
9,12925.984,4920.122
9,14945.644,10363.102
9,6685.5757,6423.5156
9,17060.375,9188.003
9,5455.466,4806.8525
9,6122.537,15758.848
9,16386.385,11109.858
9,14504.766,11753.283
9,17016.021,14698.117
9,16273.508,6648.9746
9,2292.5098,16198.916
9,13514.071,5752.317
9,2335.557,4748.8438
9,4094.2263,10289.607
9,3010.2615,7153.365
9,9799.687,8925.57
9,6125.751,3606.006
9,5551.063,15658.987
9,12966.822,8076.6333
9,5323.6177,4985.7354
9,4438.396,6099.2764
9,1898.31,13117.6
9,375.7664,15215.855
9,17318.973,13081.901
9,6017.3857,4521.76
9,9498.119,7197.6006
9,3709.1565,10619.918
9,15304.612,9168.656
9,15674.959,9915.424
9,13212.662,11832.344
9,7454.261,4714.143
9,15064.841,12439.07
9,16181.192,10485.461
10,10000.0,10000.0
10,8043.7314,13733.305
10,13122.32,9070.249
10,17097.242,8151.9194
10,16301.022,7554.126
10,6041.347,14104.251
10,6289.302,6650.511
10,13566.811,13325.203
10,13182.254,13613.1455
10,17137.479,7296.6094
10,3702.7297,1714.7352
10,6586.47,15992.485
10,3713.965,2901.1023
10,14767.298,7962.0605
10,13030.837,15274.089
10,5597.2397,5737.829
10,15350.11,9903.0205
10,6104.5625,1961.7693
10,15555.733,15079.934
10,5089.0234,16482.412
10,8893.913,3941.946
10,12061.857,14193.35
10,3148.485,13689.074
10,13773.883,9943.574
10,13735.399,7514.089
10,5447.588,7150.2954
10,17363.596,6917.941
10,14591.476,9748.606
10,15396.106,6685.438
10,2464.6326,15231.604
10,13585.956,12315.708
10,16013.257,17783.525
10,17214.57,8803.575
10,14907.918,14103.38
10,4235.454,17242.354
10,12158.362,7984.8022
10,14268.849,10956.515
10,5277.2837,3212.4973
10,2340.3894,5653.164
10,16389.645,12197.68
10,13257.375,10825.903
10,1744.8674,15394.356
10,11882.881,8908.729
10,16907.35,3651.9897
10,10797.163,7554.629
10,13029.493,15776.809
10,14722.673,5425.7847
10,11443.163,11465.28
10,2462.9128,2706.7102
10,6465.956,4175.4355
10,7514.728,2036.3069
10,9830.104,5683.898
10,14491.701,6416.5386
10,12808.129,16803.244
10,1661.2885,3171.1306
10,15226.837,13127.254
10,16488.328,13541.568
10,3027.2952,16407.088
10,4096.5977,18969.94
10,15573.621,8990.464
10,5672.784,17782.314
10,15818.343,15668.149
10,2256.2385,5634.4795
10,7773.352,4509.6543
10,3569.3926,14201.518
10,15236.923,5925.3027
10,1573.5957,13104.538
10,7677.3804,11915.98
10,11477.244,5068.6855
10,15588.431,11852.804
10,15157.69,12140.17
10,16083.697,12830.214
10,2116.139,16143.671
10,4822.121,3773.2366
10,13803.498,12305.533
10,5445.4077,15001.877
10,14819.955,3305.684
10,15083.166,9244.635
10,3838.755,4287.349
10,7687.2373,943.2954
10,14898.749,12534.329
10,4691.544,3933.1704
10,5351.9097,5085.8286
10,5096.3975,4633.186
10,11224.594,6221.58
10,14223.567,7185.18
10,13517.5,4103.281
10,13659.964,11402.788
10,1289.5104,16090.4
10,7608.3594,4443.242
10,972.7781,6883.0947
10,14253.42,9910.145
10,4522.861,4976.819
10,16383.577,9195.017
10,7250.2827,12743.036
10,8216.416,18407.377
10,14684.51,11242.506
10,16037.749,15725.299
10,14570.753,9998.56
10,17842.47,9337.908
10,141.5496,4581.8047
10,14802.682,12004.424
10,3180.9702,3141.225
10,17265.27,16025.554
10,11018.346,2913.2764
10,4892.268,7562.8223
10,10746.673,6792.177
10,5777.2163,2761.0762
10,3164.1348,3449.4307
10,15216.547,14307.218
10,5718.6943,16120.112
10,1180.7867,5522.8345
10,14959.652,11247.222
10,18500.207,12262.851
10,12412.888,8788.125
10,16869.871,14522.189
10,5592.676,12095.637
10,15578.684,14170.865
10,6740.2427,14333.744
10,5043.231,3366.287
10,3658.1018,16508.703
10,1632.3031,7415.03
10,14548.904,13447.715
10,9454.862,13449.407
10,16790.447,13390.485
10,3250.8276,2482.6094
10,12943.035,15587.433
10,4305.546,17121.732
10,4268.3247,4960.2295
10,16169.044,10431.643
10,5379.4956,17285.588
10,5906.204,2574.8933
10,14364.961,6216.5117
10,18713.098,11808.86
10,13756.928,14878.643
10,8385.627,17736.9
10,11804.375,10578.617
10,3856.1924,2678.9998
10,16124.32,11016.455
10,4897.608,15655.982
10,7280.2153,19736.49
10,16545.598,10292.511
10,15309.976,14679.739
10,7493.9414,14330.8125
10,14922.914,13033.338
10,12458.16,8706.393
10,4433.299,15907.446
10,6072.4,11357.568
10,13452.274,5976.5967
10,15618.404,8036.6753
10,13139.821,5218.349
10,8754.028,14510.339
10,4431.3735,14108.669
10,4073.1882,14856.308
10,2878.4038,5646.6304
10,15754.433,4310.6323
10,14943.914,10407.278
10,3580.7117,5215.541
10,75.34311,13214.144
10,15824.056,9869.132
10,7386.44,6293.65
10,14149.388,8948.692
10,4703.7744,9300.079
10,14737.496,10042.104
10,5002.241,17104.53
10,12318.257,10856.3955
10,15735.256,7115.4004
10,1657.3041,2918.1
10,13617.052,16894.98
10,16697.648,10643.181
10,12153.317,5488.561
10,3569.9949,11039.929
10,15197.521,7766.329
10,14246.896,3378.4695
10,2083.7732,13960.122
10,1878.3026,18890.123
10,5921.1455,5366.656
10,4702.4106,14744.4795
10,7528.142,7369.446
10,3966.4136,3879.0312
10,14114.041,5388.653
10,18280.86,9146.422
10,16900.36,820.77
10,13705.775,17191.908
10,4031.4941,3518.4104
10,8291.008,18529.725
10,2363.53,4565.4155
10,5437.5586,12553.221
10,5431.017,13025.207
10,13657.978,14270.6045
10,12632.063,7723.5015
10,12948.026,6145.4785
10,7493.6885,12017.538
10,2304.8013,14167.645
10,5993.4995,18287.023
10,13842.842,11509.844
10,5407.0947,10517.649
10,12367.944,5754.847
10,5860.7153,14741.741
10,4827.981,2865.415
10,4427.5234,16042.032
10,5837.6724,5296.9717
10,3466.4978,6113.455
10,15595.232,7238.1924
10,4734.679,3235.2134
10,14070.688,13703.9795
10,14453.866,9543.478
10,3606.0913,13767.053
10,14769.135,5151.5327
11,10000.0,10000.0
11,7159.9863,16450.785
11,13522.452,6912.046
11,6786.0835,3178.4797
11,4616.622,5161.506
11,14864.317,9092.4375
11,2456.2385,13437.705
11,5545.387,1985.2191
11,16005.029,15785.429
11,11837.039,9601.948
11,12491.105,9430.772
11,2640.5732,7157.4814
11,9160.467,6145.2295
11,13538.172,9535.207
11,7724.502,18887.047
11,3773.4675,7751.4146
11,16961.998,13962.625
11,3917.558,3811.9182
11,8404.145,17223.168
11,13082.083,7581.133
11,14075.119,12862.078
11,18411.06,9871.627
11,17130.127,11254.645
11,16442.758,13498.426
11,15431.056,8669.36
11,11855.3,10851.854
11,11171.928,9006.219
11,15845.204,7390.531
11,3622.4814,4863.429
11,15474.743,6973.198
11,6455.6616,14868.181
11,2461.5164,16379.841
11,17634.941,12274.334
11,14124.131,13353.729
11,1644.3201,4909.5415
11,14127.346,13777.792
11,4341.8335,6534.16
11,17330.633,13406.917
11,4159.4946,15392.766
11,12089.131,7872.1655
11,14548.381,5561.884
11,12312.378,11519.462
11,14586.817,11580.958
11,11627.597,16676.1
11,2461.8623,8644.286
11,7396.635,11826.997
11,4441.4443,12505.171
11,4858.902,4694.8745
11,4741.2764,13488.385
11,13131.415,11220.157
11,3501.2795,4362.877
11,18399.248,12055.148
11,14467.256,14204.314
11,6491.252,14954.935
11,9362.047,4191.127
11,5349.4185,15788.891
11,6154.8574,16970.947
11,5659.4253,9580.306
11,16836.35,12146.738
11,6621.623,5576.5454
11,12749.914,12597.988
11,18718.93,17203.836
11,5249.7617,17711.982
11,6747.9985,14643.079
11,13579.561,7088.863
11,5132.4004,15459.167
11,15615.271,17883.785
11,11567.528,12121.493
11,13173.5205,11967.6455
11,5196.4146,6166.079
11,906.6245,14712.2295
11,4859.781,4199.442
11,12500.087,12353.202
11,6126.5,18863.955
11,18506.057,10184.883
11,1700.5093,4377.1284
11,15698.158,12512.86
11,14220.178,11209.3545
11,2991.587,6307.33
11,12998.13,9752.297
11,14104.613,8144.433
11,5842.256,4942.135
11,3065.1553,15561.58
11,11548.247,14367.357
11,12544.291,7630.8857
11,13534.773,8093.9863
11,5459.855,12558.288
11,16474.668,14494.483
11,6839.804,14739.919
11,4847.6753,11273.313
11,4134.0234,7365.408
11,15422.182,8083.4873
11,9857.386,15611.702
11,5459.148,3004.6135
11,1932.5385,15666.465
11,14958.108,6192.253
11,12052.9375,8734.48
11,5953.4907,17869.41
11,15660.1,14883.839
11,6040.818,14281.793
11,11277.885,10862.923
11,13944.004,9923.324
11,9926.673,9643.413
11,17087.771,8587.653
11,15633.456,9582.144
11,14860.6455,6081.8315
11,3893.1118,5347.8804
11,10670.282,7930.6294
11,14084.719,11601.309
11,4131.6895,9052.43
11,11971.556,12581.868
11,14190.059,13506.117
11,5776.409,2945.7517
11,4511.169,6828.3755
11,4538.953,11834.682
11,2338.1362,2131.3396
11,3515.0474,16428.656
11,5808.9253,17308.152
11,16456.143,11752.146
11,5092.5386,6205.4443
11,13814.315,11215.299
11,3605.9998,4194.705
11,5906.327,9178.291
11,16121.741,12808.837
11,4022.7427,17240.166
11,12594.632,9435.385
11,5558.7695,17342.25
11,15902.918,7167.6943
11,16889.521,10359.408
11,14480.323,11731.202
11,6384.9233,4277.4985
11,4060.6597,2406.4375
11,5383.0474,12617.214
11,15831.512,9702.245
11,9311.356,4480.845
11,18331.367,9770.16
11,6067.309,2854.8022
11,3348.3406,13727.885
11,16501.662,10249.867
11,6133.0835,15714.315
11,18193.84,11925.482
11,15108.297,14439.322
11,3555.8643,7647.7954
11,7342.408,17176.258
11,15863.83,6669.8013
11,3540.7976,5262.541
11,7332.545,6310.8486
11,11802.433,11083.576
11,16003.906,12134.159
11,17187.396,9890.126
11,13130.36,12528.058
11,16352.641,14119.999
11,7859.295,5490.004
11,3466.7344,17044.717
11,6318.331,11919.457
11,1732.2998,15773.239
11,16703.297,9712.173
11,2503.7234,5507.0376
11,9893.446,15534.909
11,14853.959,10307.244
11,15088.018,12445.841
11,4460.493,16225.814
11,13685.832,5449.9507
11,2257.336,6290.8354
11,3425.398,15236.201
11,5975.581,5713.7046
11,15632.33,16109.369
11,16017.42,6899.745
11,4898.8076,16491.754
11,6729.58,15753.717
11,7286.3003,16510.207
11,3081.8699,2054.744
11,15368.411,5045.052
11,13275.697,6744.4937
11,12948.676,9857.288
11,14244.852,12159.408
11,8641.22,15622.483
11,13076.83,8209.449
11,14538.315,11621.564
11,11883.702,12636.229
11,11991.26,11460.486
11,6941.906,12997.9795
11,4266.2417,3157.5063
11,16976.768,4563.7764
11,17205.447,6279.1396
11,13261.99,14536.709
11,13741.484,10238.043
12,10000.0,10000.0
12,13304.817,7741.2764
12,6745.6436,17105.604
12,12846.599,7761.62
12,9184.275,17877.568
12,17812.625,9279.64
12,0.0,4338.652
12,542.9132,17734.982
12,5119.7925,15281.144
12,3627.9524,16073.406
12,7706.7144,4210.1016
12,14396.098,13312.713
12,16109.598,11769.31
12,0.0,14683.886
12,17135.486,7171.714
12,18885.473,6226.313
12,14666.416,14852.795
12,11909.686,15881.5205
12,15917.056,9582.709
12,20000.0,4011.0388
12,17350.514,7780.5503
12,15373.824,5495.1084
12,13304.245,12281.369
12,16877.682,12857.774
12,2786.1436,16912.848
12,13588.4,6967.0146
12,11934.251,8517.107
12,6688.1387,5186.4233
12,15191.954,11842.653
12,5526.0767,16191.651
12,4543.4395,10820.246
12,5850.2837,15166.646
12,8248.383,5035.286
12,8313.188,10938.25
12,255.97424,3845.2876
12,913.48834,5779.2017
12,13052.996,4821.6895
12,18705.33,18838.963
12,13021.174,11452.137
12,6764.7817,16821.324
12,13049.246,14166.426
12,17061.904,8403.429
12,5054.5176,4604.3096
12,7461.702,10234.356
12,11156.378,8853.757
12,4244.7695,16997.596
12,2961.2722,5471.3623
12,16365.377,4189.503
12,5054.258,19190.432
12,15202.577,12773.96
12,2513.1428,7809.5674
12,5985.34,2039.2781
12,15238.6875,3494.6445
12,15404.21,13165.569
12,13390.458,9660.804
12,18665.74,4071.0596
12,5174.439,13389.026
12,3133.3596,11690.804
12,2974.0828,2253.068
12,12396.374,9074.195
12,15789.127,5636.0874
12,3886.0725,16107.438
12,4061.9211,13850.079
12,4261.5625,5408.756
12,1650.0831,854.9331
12,4324.343,6540.0874
12,4291.1377,16692.969
12,7461.7686,6299.41
12,6795.024,5636.531
12,17318.889,6623.392
12,14403.287,8643.545
12,16085.629,12975.764
12,7427.107,12511.12
12,12265.949,9477.022
12,8080.371,15225.275
12,13282.169,8836.874
12,14675.348,8039.4136
12,4127.498,16632.904
12,4555.978,4632.6772
12,18560.75,9116.351
12,18345.408,13303.106
12,6685.4365,17246.936
12,5820.1,17739.133
12,6170.794,13559.863
12,5379.8003,4829.466
12,7442.8843,16626.1
12,6871.7563,5519.867
12,15199.872,9510.123
12,14956.752,13240.722
12,18198.043,14334.595
12,6035.0728,16660.818
12,17371.594,10049.293
12,6481.771,12386.973
12,5689.0513,13918.863
12,17970.04,11931.071
12,6390.363,5422.354
12,4419.1465,2211.2183
12,16529.06,7013.792
12,11969.064,9679.814
12,3813.3577,4996.674
12,12744.489,11877.466
12,13646.514,14872.392
12,15544.914,10155.561
12,12923.615,14946.403
12,16566.752,6589.7783
12,15358.641,9525.13
12,17305.088,8959.118
12,7736.87,13430.499
12,8384.221,8379.02
12,7789.764,1508.212
12,4753.085,14964.131
12,15806.063,14548.261
12,16119.163,6871.6494
12,16274.089,10369.298
12,16371.368,14043.758
12,12030.333,11632.727
12,4731.0244,3449.8335
12,13147.284,7790.616
12,2302.6086,9966.3125
12,4335.26,18890.02
12,12040.728,10976.036
12,4664.443,15413.229
12,4809.64,4049.1707
12,13149.603,13489.148
12,16975.9,14847.884
12,9141.352,13174.597
12,12023.065,14018.504
12,5597.224,15543.779
12,3136.129,0.0
12,13411.497,3019.1853
12,5155.9873,4264.223
12,15268.621,10125.07
12,17200.783,2405.1362
12,17174.021,12582.511
12,14829.369,7406.971
12,16092.368,4954.969
12,13610.553,1921.9467
12,5885.3613,13594.802
12,15857.364,3695.2266
12,7809.8916,6318.3516
12,17314.879,9711.773
12,2398.586,3234.013
12,1243.3827,7081.2656
12,12803.91,16824.26
12,5511.786,7391.4805
12,16455.803,6233.4897
12,7065.021,15692.29
12,2797.1714,20000.0
12,4753.3247,4442.1694
12,3901.0647,16378.271
12,5317.677,5084.562
12,16169.987,4020.0981
12,13870.878,16294.25
12,1878.8792,15162.23
12,16046.959,12584.241
12,2985.5376,14515.407
12,1127.2968,17581.07
12,11586.58,5525.953
12,1388.1262,14683.834
12,16205.834,6249.718
12,15727.999,13217.508
12,4915.817,11273.582
12,155.29115,14450.987
12,12545.761,15593.539
12,3389.7656,16730.8
12,9603.455,3932.6208
12,15370.913,6126.8086
12,3971.3901,18706.557
12,13638.896,9423.158
12,7730.2188,13883.138
12,17106.703,11528.208
12,13245.356,4816.809
12,2156.4792,4446.868
12,4928.767,7399.3506
12,6220.879,3392.1997
12,14473.579,9003.845
12,15139.817,4408.4727
12,13671.411,8518.259
12,19758.436,11999.169
12,6743.128,6632.675
12,13911.037,8348.662
12,16012.937,11435.729
12,3170.6868,20000.0
12,10855.644,8987.689
12,13502.008,11036.717
12,1167.4902,13928.685
12,13604.858,17277.863
12,2837.0574,6209.77
12,13745.203,7527.8906
12,16553.432,12766.823
12,3587.3545,4564.4854
12,6279.7603,4635.722
12,4552.936,12490.454
12,15067.231,13312.716
12,13162.943,7003.8506
12,15150.172,4783.5293
12,15748.713,5487.0913
12,14795.298,8184.024
12,13148.103,5785.009
12,14882.514,12054.502
12,1924.636,13556.178
12,15890.852,8800.527
12,964.32733,5435.275
12,15257.228,8658.226
13,10000.0,10000.0
13,15331.448,15434.54
13,16180.652,15798.196
13,7031.8003,17762.121
13,15205.326,5754.4023
13,4063.5332,16107.363
13,2071.6472,16187.032
13,2071.6555,16998.21
13,6164.146,11740.647
13,18271.28,9642.2
13,3771.435,5859.016
13,15364.551,13757.574
13,13765.666,10459.1875
13,5467.282,16747.213
13,18244.615,13882.555
13,0.0,5273.037
13,3767.7903,17541.928
13,9277.196,7063.1733
13,3152.6758,2383.505
13,4397.706,4475.9004
13,15827.937,13216.579
13,15012.277,12952.984
13,4423.095,14776.637
13,12426.603,10886.425
13,3983.142,15252.8545
13,4164.1597,13833.492
13,15546.388,14573.354
13,15842.012,3000.5774
13,12830.326,11545.426
13,18976.246,16583.36
13,14347.336,12671.397
13,4198.4814,5722.572
13,6825.838,9902.651
13,4423.163,14173.06
13,10236.849,11672.042
13,14631.091,14648.373
13,13171.021,12787.383
13,7161.1855,14419.553
13,15821.804,8642.322
13,2338.1274,18347.117
13,1994.4484,6211.03
13,18249.572,5892.6846
13,5405.616,14771.791
13,17794.254,10974.442
13,0.0,4938.4263
13,14459.506,15445.001
13,15987.202,6319.343
13,4910.8374,12061.936
13,15698.045,9375.653
13,8549.549,7305.1934
13,17732.625,13436.441
13,4284.313,2756.1404
13,3126.4993,14279.956
13,4937.087,4601.924
13,3973.0015,13337.643
13,17229.299,4354.92
13,14145.617,11191.337
13,15820.781,6701.078
13,16641.504,15819.613
13,16286.739,9987.125
13,3887.544,2522.7268
13,12988.873,11400.914
13,12666.479,8474.839
13,17765.533,6560.306
13,5480.189,15320.489
13,15617.812,9641.783
13,6696.402,6585.9473
13,1827.0852,3979.0537
13,17673.156,12815.351
13,14453.601,15333.493
13,1580.4939,5597.214
13,5541.2925,15497.809
13,2557.0994,5849.0176
13,15865.094,10453.909
13,16200.827,9756.825
13,6181.528,3924.1943
13,12131.547,9136.797
13,13306.868,10508.4375
13,7390.61,0.0
13,14250.851,11202.944
13,19710.645,5439.7485
13,14973.17,12921.363
13,3219.8247,15054.164
13,15292.268,13171.212
13,4661.228,4589.027
13,3212.4592,3806.5122
13,5110.7583,18007.81
13,17140.723,8377.486
13,15472.503,11606.297
13,15481.235,7427.717
13,3733.3733,6158.0747
13,14707.025,13054.606
13,2874.12,2266.9204
13,5353.009,6679.2246
13,17780.28,9798.561
13,2687.1892,5623.4375
13,13662.292,9210.786
13,12802.855,2580.6465
13,18079.27,12245.693
13,10735.673,3931.4307
13,11549.157,8467.414
13,1383.0736,14388.04
13,3974.5037,4199.42
13,3171.103,16843.748
13,10508.618,11894.525
13,14312.661,14303.331
13,15351.251,14618.752
13,16602.934,10109.576
13,7242.495,13621.076
13,4600.309,7317.6333
13,4423.3286,4950.3486
13,5751.7827,15374.646
13,6024.832,15302.003
13,9105.012,5492.667
13,5412.305,15785.961
13,4517.677,8869.737
13,3272.5715,5718.9995
13,14304.984,13106.639
13,6921.7324,5753.641
13,3298.8086,15965.608
13,16550.48,14990.718
13,5193.6484,5740.797
13,2863.704,18431.582
13,14410.151,12213.851
13,3346.7312,2021.1309
13,4881.251,7428.2036
13,15208.861,15693.372
13,5153.8174,15827.518
13,3938.01,7160.996
13,14683.322,9914.049
13,1767.0276,7125.895
13,3820.2583,5334.055
13,6183.541,14230.961
13,8018.793,5193.2563
13,5554.375,5648.9106
13,14131.472,6858.7773
13,17949.746,13173.418
13,2919.704,4106.274
13,16896.143,13887.13
13,14614.275,7585.2134
13,5449.6064,14333.603
13,2316.4792,17212.797
13,15741.026,9807.517
13,11423.287,14941.695
13,13366.35,6824.018
13,16316.026,13994.09
13,3170.644,5662.084
13,17146.172,9616.656
13,16255.432,6779.9917
13,13325.109,16597.902
13,14412.11,4337.8525
13,7082.825,3992.104
13,4189.8813,5995.6646
13,13104.823,10508.196
13,15933.686,9873.477
13,14519.417,4099.0015
13,4470.686,2778.9077
13,5113.51,16944.596
13,14000.131,5528.653
13,5594.9,5146.006
13,11782.724,4125.256
13,4064.695,16155.263
13,2408.939,4065.789
13,7159.3677,14406.397
13,4290.2495,10886.602
13,6683.4478,4486.719
13,6620.747,6235.3296
13,13429.967,12157.693
13,5314.4214,5396.473
13,3621.7498,7569.429
13,15325.218,8526.6455
13,15853.562,9622.021
13,15454.391,15290.361
13,14712.218,12196.543
13,4002.29,18198.467
13,14590.578,5009.312
13,8649.698,10219.443
13,5825.715,16186.381
13,5368.9487,12827.612
13,2801.1665,12454.232
13,14658.891,8003.7153
13,14212.271,6775.095
13,5473.251,13518.335
13,16758.44,11277.905
13,7758.2695,12386.289
13,12281.797,4790.778
13,7676.952,4246.9233
13,13951.049,13084.741
13,15247.615,12112.29
13,13475.176,5209.657
13,7123.159,13645.727
13,17107.39,6675.3384
13,16754.514,7780.049
13,13188.509,10423.074
13,18483.027,6471.2026
13,12380.223,6879.2046
13,2597.8386,14884.672
13,16839.807,12872.239
13,4842.1343,7534.483
13,4455.416,3710.6025
13,13727.523,9243.937
13,6999.5312,3895.2053
13,16095.266,15992.591
13,14469.84,12719.774
13,14775.855,5862.137
13,1011.5896,3818.2075
13,16834.14,16965.055
13,14431.29,9943.729
13,6928.845,15358.137
13,11036.1875,17838.566
13,16266.905,13182.229
13,3510.27,16224.499
13,14117.427,15763.513
13,12290.439,14740.428
13,5486.5034,15406.246
13,6992.298,17573.428
13,3023.9578,3883.2637
13,15546.95,9083.761
13,6145.286,13812.811
13,5816.3906,18889.848
13,17829.887,13620.646
13,6516.704,19231.527
13,4463.618,13034.372
13,17196.18,10355.71
13,3813.8027,6335.5063
13,6200.493,9903.705
14,10000.0,10000.0
14,5627.568,5530.534
14,14252.002,13436.178
14,2882.1555,15705.124
14,15748.659,12587.662
14,2480.969,7875.1484
14,13155.076,13017.768
14,3825.211,4370.4053
14,4955.8853,16308.486
14,4808.0796,4914.7925
14,4755.7476,14352.5205
14,7509.7095,13178.503
14,3170.2039,6650.9624
14,11827.297,4876.8315
14,1525.2177,11308.951
14,5253.376,1822.6794
14,10631.9795,11812.885
14,6318.895,15486.099
14,13470.989,10803.63
14,4427.7153,8531.2295
14,15860.411,11090.932
14,16659.377,10688.241
14,7304.858,2876.4082
14,11822.384,8756.784
14,2515.6445,16653.654
14,11825.878,13642.144
14,4050.7705,14411.936
14,16687.965,9770.862
14,9608.968,4578.173
14,17244.98,11745.791
14,5249.183,15352.525
14,2454.5237,2504.3582
14,6694.6963,10722.748
14,15761.515,9880.567
14,8773.944,15096.016
14,3544.4688,11855.442
14,16338.978,5828.888
14,17298.332,12399.721
14,4372.159,1966.9177
14,3042.5002,5191.3364
14,4138.0547,5641.2
14,1342.896,17616.562
14,16171.85,5902.803
14,14467.611,12457.23
14,15552.969,11476.219
14,2953.8264,3287.3562
14,13932.385,11238.343
14,14791.879,15833.051
14,5322.2266,14137.317
14,8208.713,13145.119
14,1479.9932,4560.8213
14,14258.985,10062.165
14,12801.221,15871.176
14,13106.742,4919.444
14,9869.678,12629.593
14,3777.637,3744.0447
14,13433.511,4335.4697
14,7820.4917,13516.063
14,7331.1987,230.15787
14,1922.779,13978.463
14,10468.346,6779.838
14,12087.157,10693.844
14,4159.3604,11725.027
14,3751.0598,15210.611
14,14665.833,11473.145
14,4601.593,4660.68
14,2088.704,14054.405
14,13515.672,12295.918
14,6372.589,14077.406
14,16197.297,11920.416
14,14997.686,11050.186
14,10763.16,12954.84
14,3310.392,15234.542
14,15627.411,11836.737
14,13277.311,11206.657
14,5489.591,14974.891
14,13718.666,8732.173
14,3179.5168,13307.838
14,2379.52,15913.06
14,11900.594,3552.5022
14,3157.2095,6045.539
14,16754.27,14446.708
14,15724.057,10488.406
14,12927.661,13063.634
14,8982.522,5503.13
14,4046.8958,3119.8643
14,13549.363,13265.702
14,438.6337,14688.463
14,12814.253,7500.3125
14,5810.7925,14352.484
14,13244.891,4900.3315
14,11801.861,12069.847
14,3693.6497,13745.349
14,1894.1466,7195.797
14,14505.344,9829.104
14,12895.141,8316.779
14,16775.818,13180.882
14,4113.443,13666.832
14,4089.9817,13160.309
14,15559.997,6003.5
14,12279.93,12142.305
14,3225.9795,4315.342
14,4945.984,13869.141
14,6152.998,13658.934
14,16532.148,9747.601
14,13168.804,11845.964
14,14766.612,6697.0996
14,19794.941,16118.85
14,17192.766,13391.775
14,15538.437,7507.6064
14,12866.675,15515.851
14,14178.823,13555.314
14,12040.924,6377.903
14,9021.192,13177.452
14,4370.749,5229.7017
14,10843.66,12077.26
14,3736.6165,5450.885
14,5854.7017,16774.996
14,13747.954,7252.5884
14,13855.214,12158.984
14,17395.96,7259.7573
14,8289.553,15182.286
14,19057.432,12813.186
14,17111.8,11782.557
14,5132.81,4290.553
14,3922.7917,17126.79
14,16974.193,6534.3115
14,8196.612,12006.057
14,5813.812,14137.396
14,9705.74,8019.9067
14,16201.761,13437.473
14,7861.479,5849.969
14,13681.837,3613.0288
14,4615.627,6212.9297
14,18430.986,14455.179
14,6247.798,15507.474
14,14800.772,9907.931
14,4069.8625,13782.498
14,7468.832,13523.78
14,13984.551,8597.948
14,14847.581,11313.242
14,8406.414,9094.331
14,7068.86,3705.9612
14,13935.144,12492.415
14,6672.195,20000.0
14,15353.659,13942.66
14,18687.432,8226.268
14,7444.9097,7733.5396
14,3773.1838,3848.2852
14,9512.688,2889.5098
14,18085.043,6471.4673
14,4605.911,17074.271
14,13017.794,14076.032
14,5196.9214,3189.789
14,19549.547,4807.8184
14,6049.454,12856.069
14,17308.344,12170.794
14,12123.736,6866.1577
14,9585.631,17077.727
14,17883.346,11199.021
14,14699.646,7095.6978
14,8398.152,4338.994
14,16853.664,15988.15
14,13487.554,6757.667
14,15028.559,7095.8364
14,13814.1045,12667.169
14,14539.496,11615.09
14,2254.1433,19090.432
14,13335.433,4849.1626
14,7303.7456,6077.718
14,13321.375,5380.0435
14,15095.91,12810.384
14,13305.795,14389.391
14,14687.059,8231.154
14,4016.2156,5782.559
14,17405.396,8872.894
14,3720.8547,5332.063
14,3689.6873,2640.656
14,15502.788,12995.908
14,14931.419,5464.9043
14,7383.7363,5841.8965
15,10000.0,10000.0
15,3792.2,13482.238
15,3465.4983,20000.0
15,16443.34,14359.595
15,2888.463,15146.819
15,7400.8506,13348.214
15,4270.4663,15323.201
15,12891.757,9006.4795
15,15801.516,14477.273
15,12875.409,5627.9985
15,15323.891,8957.443
15,5898.679,1630.6715
15,2956.1802,16884.328
15,16966.812,9801.495
15,5019.939,14813.158
15,17032.518,9601.632
15,4014.0544,14692.251
15,16371.393,6454.5327
15,3839.9163,4624.1445
15,16505.934,9320.21
15,19746.928,11270.89
15,3766.4507,8118.7285
15,2346.9114,2427.2432
15,6971.5723,3189.6147
15,13248.85,6336.936
15,13151.875,16112.823
15,7377.587,4529.9277
15,7073.253,14538.3545
15,14155.925,9851.335
15,3883.5195,4599.9873
15,14441.486,12095.023
15,12091.563,14299.205
15,7711.7627,4453.0483
15,2212.0217,2939.0269
15,5585.582,12712.178
15,10990.399,4098.601
15,1251.0845,13437.127
15,8499.57,15735.457
15,16593.688,11500.071
15,5192.163,15536.241
15,16191.358,13732.887
15,3163.973,18408.914
15,5405.7524,3785.2166
15,16970.588,16302.546
15,4165.499,13552.662
15,18727.955,12371.767
15,7509.905,5544.256
15,6340.5894,15040.2295
15,18531.154,13400.203
15,14851.259,7459.3403
15,299.69305,12205.387
15,8748.691,14119.5625
15,2470.1826,15291.291
15,16350.465,10086.66
15,11845.827,6414.742
15,15338.357,13770.362
15,467.0783,12274.521
15,3949.2087,2975.411
15,16406.072,4663.602
15,14690.135,15144.38
15,16089.907,12642.764
15,14003.474,10309.715
15,5787.245,20000.0
15,3407.001,3241.4392
15,4834.0273,6678.4595
15,6251.162,15068.106
15,4855.3677,14602.746
15,11874.65,8806.534
15,6496.868,13262.332
15,15119.197,12009.475
15,13281.8545,10558.224
15,1661.4197,4168.4233
15,3711.7017,4906.849
15,14286.2705,10433.99
15,17352.457,8773.08
15,15473.618,6446.7275
15,8300.462,8196.206
15,5652.9507,6445.616
15,19794.912,11537.839
15,16273.342,17465.568
15,3335.9297,2899.998
15,13277.276,8142.3354
15,11701.908,8913.159
15,3727.323,15988.317
15,8271.228,8634.701
15,16419.69,10962.04
15,6938.208,2527.0735
15,3961.813,5924.118
15,13252.272,12206.553
15,2824.9153,0.0
15,13091.949,7997.579
15,6073.722,4232.45
15,8275.051,7828.273
15,3848.338,4879.7236
15,2219.5706,5656.088
15,5793.5415,14476.303
15,13110.776,12151.355
15,4400.002,5376.2563
15,6824.644,2946.951
15,13125.591,11124.691
15,13284.196,6033.8867
15,6592.2485,6217.0396
15,5037.603,14698.949
15,3889.1487,13094.53
15,14414.183,13451.236
15,19408.072,7969.595
15,12890.235,12770.979
15,2267.4963,14498.193
15,4553.665,14949.251
15,14730.137,6528.3296
15,12729.537,4829.7676
15,4320.8423,5689.0835
15,4726.4062,4268.8286
15,10663.885,5029.1978
15,2360.629,6041.838
15,7144.0913,13926.184
15,14775.165,5127.631
15,6706.4717,14555.451
15,17106.047,6280.595
15,14134.9,13988.436
15,6116.8633,14841.758
15,14180.362,4715.8296
15,13300.713,11390.935
15,16560.443,7071.0913
15,3058.5916,13361.737
15,17713.24,17205.719
15,12557.266,8021.024
15,4746.9756,5795.94
15,16363.907,8316.02
15,2945.8845,9500.084
15,1284.9437,17585.68
15,15845.441,9569.9
15,18002.066,8624.79
15,4569.562,17380.648
15,4172.1147,15413.648
15,17799.91,7824.766
15,17547.488,7962.2935
15,2211.123,15454.075
15,14444.869,7773.8887
15,2114.9033,15058.235
15,3958.0452,3786.0552
15,8588.886,15338.638
15,13496.835,7980.3477
15,6824.5586,3837.8235
15,16345.79,5933.9033
15,14005.5205,11349.92
15,17739.707,7866.4453
15,5611.769,4719.007
15,2331.421,5678.499
15,15537.14,4648.204
15,5004.032,3871.932
15,14250.751,12822.935
15,12850.983,16911.746
15,4460.483,2711.869
15,163.10602,5186.3716
15,16065.726,10525.262
15,16398.008,14007.179
15,14863.464,10170.206
15,830.10394,1730.0015
15,5545.493,4582.9004
15,14056.486,12632.277
15,13687.069,9312.842
15,13444.826,11452.816
15,12940.373,8085.3584
15,16394.354,8079.887
15,4355.736,13563.053
15,6006.6343,14565.695
15,6076.7544,1456.828
15,3038.218,11452.473
15,12060.059,10457.619
15,12892.855,6527.18
15,15787.134,9143.439
15,7267.6245,18711.75
15,16243.841,11955.701
15,3475.6707,15075.104
15,1382.2261,11957.528
15,4102.9473,19762.012
15,15028.406,7541.554
15,16686.969,12977.752
15,5751.1665,15394.468
15,16680.021,12760.204
15,6892.2617,13814.882
15,8076.6714,15729.271
15,19342.744,7040.8433
15,18280.184,10785.695
15,6608.055,17867.904
16,10000.0,10000.0
16,5298.9023,3235.4927
16,18710.65,8162.3423
16,7599.1953,17548.348
16,6483.613,14648.264
16,15523.13,8610.008
16,7552.8193,11314.852
16,5641.688,14681.232
16,18678.896,8716.156
16,4490.217,12335.427
16,16452.629,4539.779
16,18905.484,9070.239
16,5577.6436,16877.62
16,4678.287,2862.2651
16,4078.3572,12473.094
16,2832.124,5605.6885
16,4683.2827,12004.028
16,10970.93,7098.663
16,14228.678,15682.214
16,2479.86,18917.025
16,4704.842,1338.7396
16,10139.41,10067.625
16,3489.2568,8021.6035
16,16703.174,7409.8574
16,11024.728,12855.539
16,6213.6465,14581.7
16,14899.021,6549.6953
16,2426.4712,5672.6255
16,4134.9478,12747.217
16,3194.4783,18203.678
16,17877.74,13730.007
16,3720.3242,14980.622
16,14676.928,6633.344
16,6855.6543,6365.3247
16,2388.3015,4151.0786
16,14942.456,12350.321
16,6341.325,4542.127
16,15384.636,8072.1694
16,15394.923,7328.069
16,17447.13,9734.266
16,2879.5,13851.994
16,14836.752,14942.505
16,2666.4114,5338.2837
16,12847.34,7177.8784
16,15636.779,11715.387
16,4417.0723,4816.9966
16,14032.295,13917.118
16,6566.8594,13980.95
16,2453.0757,13820.655
16,15969.114,6382.1685
16,11532.252,9689.536
16,4164.4336,16930.219
16,4790.601,11174.802
16,13791.724,5921.247
16,15871.572,3520.8335
16,11263.223,13461.679
16,5399.0615,5103.659
16,10347.021,6839.35
16,17005.764,9841.015
16,4237.13,868.89856
16,4393.083,15613.253
16,5097.7114,18421.242
16,15720.543,12827.868
16,5075.797,5468.699
16,6563.435,14524.261
16,17541.578,13354.497
16,15321.218,11648.341
16,18837.506,12487.833
16,12956.712,13991.167
16,17235.94,2675.2053
16,13394.889,18229.893
16,17994.02,8282.424
16,5256.7695,13132.271
16,14797.062,4448.288
16,1184.7666,17540.008
16,16360.262,10464.098
16,14530.149,11300.414
16,17883.914,7456.764
16,3313.582,17666.908
16,5334.3,5470.0166
16,3298.8376,7142.187
16,1778.7037,7433.6953
16,6561.431,4682.582
16,6348.858,15255.604
16,6070.1924,2810.8086
16,7658.767,1337.0021
16,14063.371,13019.868
16,4953.401,5517.981
16,3406.6907,1759.1838
16,5205.533,12975.001
16,16456.156,6986.248
16,4914.818,9632.653
16,6606.543,3449.1191
16,4234.5137,13183.725
16,3033.2605,6298.0176
16,13266.78,10679.113
16,16302.461,10140.414
16,1838.8068,9726.056
16,7566.8193,9966.964
16,2924.2097,14424.377
16,14873.604,14019.72
16,13459.859,13846.042
16,2081.604,3818.631
16,11973.856,13695.533
16,2894.097,7043.624
16,6822.0063,17657.594
16,16506.21,3469.9507
16,7356.2104,17473.816
16,16382.3545,11285.557
16,4910.5244,6269.901
16,5127.838,9809.8
16,13446.117,10566.845
16,17462.707,3403.7798
16,6458.3213,8381.049
16,14343.899,9477.298
16,6560.7563,5013.857
16,17684.514,8084.722
16,13535.6,7643.6504
16,16273.344,12844.619
16,13385.008,8231.342
16,3040.5962,16014.33
16,13908.401,7270.3574
16,14636.172,13250.048
16,6074.938,7246.0635
16,8258.037,5793.4917
16,4740.592,17337.143
16,4571.8726,15187.828
16,13467.779,8950.355
16,4023.143,17322.363
16,7678.0957,18197.727
16,13848.764,11563.409
16,15869.014,12974.804
16,5853.1973,20000.0
16,3425.2048,3227.6829
16,14478.453,15760.539
16,15670.453,8272.39
16,13532.349,7274.3833
16,13131.52,7398.6387
16,8545.805,6330.576
16,3937.5752,6148.6875
16,17338.197,3522.3613
16,0.0,14691.877
16,4776.0938,5624.048
16,7527.954,5824.201
16,4237.1533,8157.835
16,5787.5396,3229.2683
16,10406.2705,14376.831
16,15182.833,8701.609
16,17454.592,7572.691
16,11447.594,6248.054
16,4319.6157,4644.3457
16,3633.3306,13560.133
16,6378.135,17701.818
16,8772.915,15828.072
16,2173.4011,3119.7004
16,3656.9778,6622.026
16,16598.06,8616.667
16,13432.569,6133.1553
16,15890.295,13281.891
16,6421.072,8500.07
16,2557.8867,13416.842
16,18167.848,13624.859
16,13968.307,6888.1147
16,5056.4644,11410.704
16,5104.1074,18991.158
16,15745.251,12536.247
16,8451.529,12934.176
16,13620.067,4972.2295
16,5552.336,18805.12
16,13917.147,9103.614
16,6091.1187,17858.297
16,16575.58,9260.231
16,15239.87,8235.983
16,6369.8135,2678.0645
16,7056.6074,12261.005
16,12521.05,13386.165
16,14055.353,10817.175
16,10533.43,6573.842
16,6751.4053,16320.174
16,15299.712,11641.113
16,7877.0913,4726.536
16,8170.0044,7197.154
16,15366.067,3701.8782
16,2813.9458,19177.13
16,13829.75,3528.7783
16,17505.445,9984.852
16,6530.9624,5726.7847
16,17558.908,12052.326
16,8189.609,15088.973
16,8881.024,16731.44
16,5715.5464,3690.3481
16,2816.3772,14240.559
16,7621.2686,7429.811
16,6274.226,14989.126
16,2932.6235,1400.3359
16,4028.1309,14000.218
16,2596.5068,5674.696
16,16231.087,5297.628
16,1934.8718,2989.055
16,3665.6743,2952.5435
16,14175.687,16501.531
16,15880.128,16130.15
16,16695.902,8963.986
16,16756.107,12972.357
16,9349.439,2299.2385
16,2295.539,4933.8164
16,2775.4329,7710.0513
16,5745.9893,7465.719
16,10435.051,4108.512
16,2649.8535,11422.799
17,10000.0,10000.0
17,1286.3368,16278.078
17,13679.44,11526.918
17,16720.008,14778.566
17,6341.516,15037.696
17,4627.18,6338.8516
17,5908.469,17657.326
17,4356.1094,13521.454
17,14847.543,8331.303
17,17928.88,10904.701
17,4815.197,12686.491
17,13184.719,8374.48
17,13500.776,7789.723
17,2854.6975,5402.544
17,6574.654,16443.305
17,13006.867,13006.647
17,18723.55,11125.6
17,15303.02,18252.842
17,14070.467,9806.08
17,3243.8328,16754.762
17,15347.331,11534.716
17,17587.93,10506.38
17,6379.124,4021.8071
17,4031.5679,6086.802
17,5775.544,5782.197
17,5350.955,6077.694
17,6684.468,3281.7563
17,13078.999,12136.845
17,4658.044,14263.748
17,20000.0,4935.5796
17,14162.263,7855.2305
17,7445.9883,6436.656
17,13416.443,6784.856
17,12878.661,3474.852
17,0.0,5313.1777
17,4333.29,7137.49
17,15411.839,10823.091
17,16861.566,5345.4897
17,5890.2246,13615.056
17,13060.05,6108.84
17,15321.434,5575.3857
17,17614.74,3717.5813
17,5371.0317,15510.098
17,11867.804,9843.424
17,14495.223,6808.141
17,4146.368,16585.916
17,13077.231,7178.3584
17,4947.2847,16692.854
17,13128.779,8954.125
17,7940.773,13091.93
17,6403.2915,15445.482
17,5802.7686,19466.6
17,4004.169,17005.28
17,15375.944,5432.8994
17,13444.939,15812.423
17,2976.5908,12187.651
17,13974.553,9534.037
17,17048.207,9559.971
17,15608.602,10266.078
17,13552.415,14782.153
17,15974.327,9092.868
17,15446.723,11535.315
17,9956.754,10355.537
17,14073.474,4858.0474
17,15945.112,8026.153
17,13534.181,10712.973
17,15367.425,10814.112
17,11391.798,11894.428
17,15001.19,11219.15
17,4250.55,12781.629
17,2657.0242,16882.428
17,17030.625,7104.2915
17,5175.6294,4483.771
17,507.08566,15716.826
17,4867.8335,13627.9
17,13857.558,13196.778
17,2696.8262,16543.742
17,1468.4325,6796.4805
17,17997.2,6310.859
17,19353.043,6862.2197
17,14828.533,11338.215
17,16637.78,10411.547
17,19227.977,8634.944
17,6354.6636,5708.325
17,6149.7314,4427.796
17,13872.413,12558.224
17,10831.263,11443.096
17,3512.6587,16055.185
17,7634.1924,17303.26
17,14881.369,15036.263
17,12169.23,9548.589
17,5022.348,5188.3726
17,13235.296,8720.076
17,2268.3928,17182.549
17,4240.977,3252.6855
17,6709.9844,2512.1355
17,2658.697,3453.7659
17,2402.9749,4427.009
17,5956.8516,14626.413
17,13256.625,12510.944
17,12657.618,6962.823
17,2273.5894,12718.342
17,4711.465,7980.5845
17,6755.9004,16137.698
17,18407.73,9646.209
17,16135.528,11290.994
17,2928.473,17161.51
17,4328.114,5922.7573
17,13148.122,9016.902
17,3347.803,8327.447
17,185.7161,12891.838
17,5186.332,5303.709
17,15961.57,9776.609
17,6563.587,1146.0496
17,5379.5728,5280.3647
17,13538.379,7504.9556
17,5452.8794,5603.2144
17,3442.4685,3409.1255
17,2553.4512,11435.261
17,2588.795,3924.7144
17,14242.982,14123.532
17,3379.3052,921.3886
17,14198.899,9385.94
17,15633.366,10805.592
17,15608.138,15354.097
17,15495.127,17018.164
17,3726.0708,13180.446
17,19448.75,14182.694
17,11756.421,13282.92
17,15966.191,13746.428
17,16470.336,6251.5493
17,7193.9263,3319.1604
17,5431.1084,16183.244
17,14947.851,11980.177
17,11576.378,10979.452
17,4063.2493,14929.091
17,14703.661,7728.708
17,10824.847,3720.9172
17,3847.9355,14036.378
17,0.0,7698.178
17,5075.703,3367.6492
17,19291.791,5953.5366
17,7039.3164,7674.465
17,5906.235,4390.695
17,14534.585,16357.399
17,6182.6255,8830.958
17,16916.135,13360.025
17,17452.824,12478.126
17,5946.5195,1962.0436
17,17064.607,13023.138
17,13373.05,18481.227
17,6329.2017,15943.268
17,14759.798,15730.743
17,4314.356,6985.208
17,1592.7023,14159.92
17,17673.59,16393.783
17,15564.342,5497.815
17,2486.2021,20000.0
17,16414.934,14789.194
17,19050.6,7665.281
17,2275.2983,15263.024
17,12691.834,18099.838
17,4965.8247,14013.288
17,7398.3438,5835.9053
17,6391.9736,3966.6353
17,7587.595,12232.691
17,13985.132,15508.296
17,13020.723,11433.191
17,2866.5735,13377.014
17,12992.683,6461.191
17,6373.4424,18500.205
17,14689.783,12555.2
17,7258.205,9635.425
17,18122.121,11946.252
17,1717.4232,15920.6
17,1232.0316,5275.671
17,2029.8091,14926.593
17,18358.617,13584.677
17,17355.29,13908.324
17,5313.377,4924.1064
17,13021.914,13846.757
17,9877.343,4938.252
17,1769.283,5860.8994
17,17226.625,3632.3513
17,5776.9917,14645.822
17,5339.016,14167.118
17,12836.501,9198.648
17,9137.811,17908.594
17,5295.982,16931.578
17,15022.124,8555.016
17,4610.9136,16589.123
17,2329.267,7736.4033
17,18144.373,10025.408
17,2938.8208,13018.175
17,4835.363,3932.3394
17,5364.586,15978.82
17,11328.18,8628.451
17,15887.117,6119.5137
17,4557.363,14083.715
17,14387.225,9808.554
17,14122.362,3620.2683
17,16117.964,3083.6787
17,15555.83,14035.932
17,6583.874,4950.9863
17,12624.166,12062.266
17,5772.609,7915.0645
17,16071.359,14673.992
17,16579.209,5300.073
17,3715.6436,3819.7803
17,16330.797,15183.216
18,10000.0,10000.0
18,7091.5796,4747.0312
18,746.86414,4404.6543
18,13406.017,6763.9106
18,9874.557,14307.994
18,16189.815,13368.446
18,6890.567,14662.336
18,7106.7876,15593.459
18,9091.863,4656.9214
18,6482.6865,4874.3706
18,14964.253,12835.373
18,3125.378,5682.056
18,1292.0935,5643.348
18,7076.8667,5347.1943
18,5321.7944,13129.906
18,15181.187,14808.366
18,8015.051,14218.299
18,6623.247,18184.172
18,2017.0798,17251.361
18,4830.2334,2588.0933
18,3211.701,15183.202
18,3446.602,6576.974
18,7236.9263,6310.6665
18,17754.074,6597.173
18,5681.481,6380.3125
18,5468.191,8077.0376
18,5865.463,11863.579
18,7517.4565,3408.9429
18,1761.33,6667.8813
18,16158.204,9440.475
18,16068.482,9154.157
18,5296.856,16495.139
18,6409.1694,13206.113
18,6110.0044,7315.2285
18,15217.414,8941.806
18,12638.972,2607.6443
18,14004.666,17950.543
18,14470.715,9317.543
18,18127.072,14134.249
18,14619.729,5046.9805
18,4694.6895,6008.398
18,9368.939,14435.713
18,5148.238,9990.302
18,15770.349,11083.587
18,12215.571,5895.506
18,14789.053,8479.686
18,16890.994,14097.803
18,6835.766,14281.72
18,13355.696,8353.728
18,13778.742,14074.145
18,12632.083,8027.999
18,15296.732,5552.3726
18,19188.607,8598.336
18,16133.682,6865.5703
18,4066.839,6169.035
18,4490.6265,5032.5923
18,15317.512,3395.6143
18,17414.623,11614.016
18,4831.4473,14103.571
18,3977.1343,912.48895
18,4596.818,4456.191
18,5883.8203,4190.3276
18,2393.3816,6379.2944
18,4423.9077,16675.057
18,4862.491,7223.725
18,16481.672,13627.266
18,15785.384,12411.36
18,4091.0078,7043.3457
18,16441.027,12833.098
18,5579.939,16688.977
18,3345.2827,4906.446
18,4913.2812,16135.935
18,14308.555,5897.0645
18,14747.3125,8380.79
18,4909.915,5173.4263
18,15103.245,6142.5356
18,15868.83,10104.584
18,15656.225,11187.339
18,6300.953,16507.139
18,14578.35,11294.56
18,14166.953,11211.164
18,15581.005,12968.51
18,6713.485,3138.6401
18,7212.9883,14799.814
18,11270.301,10130.785
18,6292.489,16703.5
18,2159.205,13734.32
18,5644.129,4690.899
18,17050.66,12931.533
18,13068.849,7619.447
18,18246.684,4539.459
18,6159.629,17400.277
18,16841.377,13105.6455
18,10324.992,9298.8955
18,15596.603,11051.752
18,5324.4956,5115.982
18,17193.486,13654.435
18,7554.878,13642.212
18,14864.025,15115.693
18,11902.287,11424.329
18,11754.655,9127.291
18,2008.9125,15728.253
18,7393.7617,13979.67
18,13883.336,15725.871
18,5635.6445,5528.474
18,8778.931,9131.726
18,17002.14,7573.3247
18,14077.227,11397.132
18,13713.315,4483.0557
18,698.4988,8392.337
18,6343.161,5861.555
18,16760.406,9465.996
18,6978.2485,6358.7935
18,15027.288,8449.218
18,15607.706,9799.304
18,7424.181,2727.5933
18,15304.359,6883.877
18,1971.5009,15366.384
18,6547.001,16698.326
18,14506.134,10011.768
18,4423.7827,13755.402
18,5561.678,5169.033
18,15140.799,7457.301
18,2667.4866,6218.461
18,12931.122,14145.657
18,14402.988,4286.3496
18,19471.99,7490.682
18,16669.053,4644.6216
18,14728.625,8697.345
18,7420.903,15214.116
18,17517.008,14364.759
18,9327.549,7711.347
18,3984.8796,12689.697
18,13507.646,12637.675
18,5277.8643,12354.175
18,13380.036,13567.092
18,4596.8755,14218.598
18,6069.525,14928.944
18,4554.841,4370.23
18,15664.109,5503.5303
18,5574.275,4435.3447
18,4857.53,17836.623
18,15527.947,5816.134
18,13878.636,15866.13
18,16733.664,12477.357
18,14757.413,8668.282
18,1901.4332,2036.2847
18,20000.0,9530.252
18,4730.981,5903.041
18,4521.0293,17516.918
18,16625.303,9664.444
18,4490.1924,2050.7915
18,7459.2114,1385.693
18,5801.8164,4513.3306
18,12513.214,11245.862
18,13386.155,6201.944
18,12916.658,5153.5483
18,2662.879,5504.8315
18,12220.183,11011.149
18,3134.8154,6075.3027
18,13923.803,7239.2617
18,3732.0278,17333.422
18,5027.562,6010.171
18,4786.1206,3953.6833
18,14981.361,9264.761
18,4204.3364,7186.036
18,4202.1523,16567.613
18,12569.548,8895.296
18,11415.025,10824.006
18,20000.0,1390.8461
18,1446.4866,2951.8872
18,2591.387,13710.079
18,15962.6045,2827.1772
19,10000.0,10000.0
19,1492.5887,18819.469
19,3471.4863,4356.8755
19,13360.076,7386.2393
19,5716.738,2310.3362
19,16140.233,12041.242
19,13924.562,10766.841
19,4807.8477,13467.016
19,3745.6135,2222.9897
19,7926.1597,4217.702
19,14712.599,10863.555
19,2459.295,6381.2017
19,8196.38,2638.2869
19,15355.156,7095.173
19,4433.0747,12298.987
19,3161.811,5649.5425
19,6317.8794,5808.5786
19,18496.203,13784.637
19,2376.3748,5219.287
19,15590.76,3805.5398
19,18369.543,8932.842
19,4607.736,10125.977
19,12103.889,12177.857
19,4940.049,15776.321
19,7136.8506,3051.4897
19,14155.535,9320.289
19,20000.0,14540.105
19,5203.5356,14082.463
19,3261.8992,3856.7268
19,5544.831,3905.3892
19,2842.6409,16095.679
19,7501.046,4998.652
19,14948.908,16953.346
19,1635.9231,3269.102
19,15501.03,4830.455
19,8547.014,12612.394
19,4069.7927,9393.422
19,13341.221,8697.811
19,6359.549,2747.5562
19,5851.6714,6085.743
19,2930.6204,12922.584
19,16312.874,11735.89
19,15515.442,12650.28
19,16879.549,13534.837
19,15874.436,8939.822
19,6988.5933,15153.87
19,4647.4673,3869.18
19,4413.061,12773.758
19,14570.92,11765.95
19,18856.234,12101.446
19,2079.1636,4837.2466
19,13433.381,7390.0293
19,17421.977,5665.8345
19,15661.679,11456.328
19,16984.809,10207.829
19,13259.4375,9158.368
19,4274.7637,14163.387
19,8027.5425,13313.131
19,15659.665,1176.1338
19,12216.345,2064.9707
19,17779.314,13948.217
19,4752.0947,9323.366
19,4693.4204,1427.8156
19,10736.359,9126.582
19,4425.1514,6247.5425
19,15483.373,14683.185
19,14147.442,11209.288
19,15441.626,8022.2935
19,3982.4187,15430.961
19,2681.9978,3966.643
19,1738.5679,5525.2363
19,14507.731,11081.217
19,19234.42,6053.4688
19,11466.823,13035.783
19,16845.748,4987.3335
19,6388.6836,16511.336
19,4628.438,13095.924
19,13748.676,5127.259
19,4756.4956,16037.336
19,15667.847,11906.904
19,19789.096,9800.144
19,14989.011,6588.781
19,17645.0,10038.95
19,17192.594,11961.562
19,15682.102,7248.2026
19,6850.886,16450.84
19,5041.477,4644.168
19,4970.6616,6630.5234
19,17311.438,10912.915
19,18100.242,14008.434
19,1349.7119,13006.692
19,5195.2964,4962.094
19,2305.842,2877.4739
19,4620.7295,14078.63
19,13658.171,7478.0093
19,5873.473,13760.198
19,7870.554,14875.662
19,3695.4136,17693.49
19,15731.234,11072.691
19,0.0,7724.1465
19,7084.0854,5434.16
19,5935.0957,11152.28
19,15440.47,9600.18
19,6087.135,4604.134
19,14015.187,10037.766
19,6692.9614,7538.61
19,16488.951,12609.227
19,16333.176,6086.784
19,6246.9536,12323.55
19,7184.638,2718.4287
19,13288.764,5411.25
19,7469.3965,3332.788
19,14456.268,10071.592
19,632.6411,13722.414
19,4772.2905,4751.9727
19,15776.712,11779.783
19,10016.283,11837.107
19,8576.337,13747.394
19,4541.715,13697.459
19,17646.78,13863.356
19,16245.669,8289.69
19,3822.5198,2518.7559
19,18648.059,14079.225
19,2581.8533,4981.6772
19,4041.583,5137.3325
19,5733.444,1709.8712
19,6019.803,6056.111
19,14941.313,13581.979
19,7650.9854,16018.899
19,3112.9575,14006.761
19,7639.5044,13776.354
19,1544.7043,16886.656
19,5790.129,6492.89
19,15377.946,1435.6135
19,3644.1602,4186.341
19,15567.657,8435.513
19,9283.347,4389.088
19,16905.771,11934.2705
19,13086.874,11556.142
19,6044.016,13132.692
19,4418.0713,15870.279
19,15664.971,3056.9243
19,7356.527,2941.7644
19,2071.6567,17113.223
19,6892.9204,150.00623
19,2980.4397,5041.4497
19,2831.8323,12503.915
19,13414.825,10492.634
19,8519.101,6144.4805
19,1703.1881,7946.728
19,1218.7498,1038.8069
19,4269.575,7682.988
19,16572.812,6086.779
19,14628.014,11764.974
19,14720.293,8391.181
19,2770.195,2981.0452
19,6997.7627,13896.263
19,6807.3247,17823.809
19,13643.016,5801.8345
19,12621.22,8852.832
19,12213.383,16856.209
19,4542.564,5434.3506
19,15801.125,8440.441
19,5481.49,2946.413
19,4926.6826,13813.528
19,4331.46,3599.4573
19,15103.734,12671.226
19,18033.865,9765.695
19,7272.7495,14721.95
19,10348.652,15266.823
19,15057.515,7195.497
19,18301.533,8517.012
19,13499.77,7582.7764
19,13139.102,14353.53
19,2312.8389,2340.7869
19,6216.245,15183.535
19,15543.047,7781.2695
19,13587.248,13213.681
19,4728.2285,6405.6978
19,15239.538,15060.518
19,791.4325,8635.914
19,13658.359,10221.931
19,7653.752,6318.5454
19,6203.0327,20000.0
19,3592.6975,5205.0776
19,9812.655,6302.8125
19,2757.3762,5676.875
19,5581.434,3221.0557
19,5600.894,16173.454
19,7948.527,16964.348
19,3623.5583,4578.904
19,10659.607,11341.279
19,3321.9365,7847.061
19,16592.297,9232.624
19,6361.081,16936.475
19,15335.409,12658.919
19,1127.5138,6204.919
19,7592.3115,4283.6724
19,17550.742,12014.144
19,4834.5806,7009.3735
19,4165.928,17938.05
20,10000.0,10000.0
20,17723.197,10185.283
20,13860.338,5353.673
20,13629.117,16607.58
20,5408.5283,3922.7815
20,5304.434,2369.3242
20,5114.6943,1957.3037
20,14564.786,14835.323
20,16227.48,12294.884
20,6252.4785,13827.059
20,7665.5537,16179.73
20,14951.357,8991.478
20,13787.166,12984.056
20,13018.619,11705.168
20,15488.8955,8664.093
20,3672.9985,5330.5356
20,7663.229,18767.32
20,5793.014,13960.701
20,6155.925,18813.316
20,14151.664,14586.479
20,15450.474,4208.457
20,13496.577,7769.4233
20,15304.921,14102.988
20,7388.3564,13370.653
20,2361.122,5385.4746
20,1817.5886,6608.815
20,16527.803,10600.883
20,4374.0454,4482.547
20,17916.338,14550.591
20,17126.465,2136.0186
20,16612.152,6974.883
20,5600.2173,5798.312
20,3738.416,5419.574
20,3117.1226,5584.4067
20,4320.6997,14613.308
20,4238.1855,17766.32
20,15057.197,12463.559
20,6165.211,15572.945
20,16540.64,10145.003
20,6558.43,18312.377
20,8115.7896,14103.372
20,14937.444,7587.0786
20,14415.774,12558.986
20,15561.951,9678.074
20,14644.629,9978.988
20,17301.225,10809.258
20,13776.92,5091.9546
20,18328.75,7335.7227
20,5354.0913,3666.9133
20,12988.807,10759.304
20,14679.454,8445.547
20,16407.084,8485.752
20,12520.518,6132.0024
20,18045.596,10821.989
20,4591.746,6510.0215
20,6551.9653,6624.9956
20,12404.136,9703.254
20,4370.6973,16624.3
20,18089.873,10092.078
20,18058.688,9203.491
20,3485.9263,14604.911
20,17531.58,6918.139
20,4323.624,6991.1284
20,7911.1504,5510.7256
20,14757.638,8691.48
20,14589.453,4374.2285
20,13357.041,11996.009
20,16250.077,10843.28
20,11470.945,8072.7563
20,13746.544,13381.97
20,5675.0137,8079.726
20,15641.9795,13067.884
20,14990.124,11811.407
20,3277.7368,6753.209
20,11064.727,10350.915
20,16105.035,10297.763
20,2846.157,9614.002
20,1339.6096,6289.099
20,18618.717,11885.999
20,13645.847,15124.291
20,4901.1797,5261.786
20,15755.009,9894.982
20,17709.691,13068.34
20,18519.688,8826.125
20,7441.5684,14111.683
20,15721.535,9502.77
20,3224.3699,5656.411
20,7311.586,7480.5635
20,3536.7117,10869.12
20,12408.287,6166.1865
20,14790.472,10144.907
20,15836.617,9783.983
20,17748.514,7334.327
20,13276.429,11097.488
20,3409.8418,13306.799
20,19541.709,6280.9355
20,13938.223,9811.243
20,4207.984,4755.138
20,5128.952,4145.2666
20,5917.2505,7500.794
20,3711.3892,14858.209
20,2718.2979,6491.056
20,15389.978,4573.8125
20,13322.986,9637.288
20,14468.696,12596.391
20,6434.113,8105.037
20,17408.807,13474.515
20,4828.569,4508.6245
20,7887.526,14243.445
20,16064.144,13795.29
20,1887.7214,17264.05
20,15861.317,8377.58
20,4326.967,14750.026
20,6587.854,1402.9218
20,8225.739,16673.826
20,17883.836,9951.642
20,15650.421,12222.184
20,3017.1921,16979.22
20,4200.9307,5126.683
20,15657.028,11529.438
20,2201.2651,13160.583
20,5737.2393,18680.625
20,15187.76,4545.967
20,8400.578,12471.636
20,12709.631,7827.043
20,11706.118,4850.7046
20,17574.117,7273.66
20,18572.256,11839.282
20,4887.264,11513.499
20,6132.7974,12872.456
20,16512.22,5124.936
20,16051.878,4120.1445
20,1924.5879,16827.396
20,5293.7285,14436.48
20,0.0,3981.4717
20,16317.75,8095.2627
20,14250.276,9418.11
20,7158.949,14163.655
20,1259.3584,16438.566
20,16848.0,10136.214
20,7202.2344,5775.5225
20,14112.404,8003.353
20,3010.931,6417.2866
20,15374.53,3174.1357
20,12830.484,14103.409
20,14030.5205,6863.737
20,6565.89,13627.85
20,18054.402,11146.046
20,14002.6875,16984.94
20,7221.3613,18998.41
20,14392.965,10039.101
20,14232.653,9178.317
20,6877.041,2870.986
20,13879.572,15019.902
20,15784.137,8341.744
20,14589.649,14247.989
20,15107.306,15079.478
20,4197.422,15195.876
20,6448.306,14471.85
20,17854.318,12187.88
20,15754.538,7739.4355
20,4079.8298,14659.349
20,12477.3125,11589.545
20,11495.793,5268.319
20,14685.453,12741.576
20,12973.093,5423.26
20,9247.555,14273.077
20,12060.618,8630.8545
20,11450.367,8887.342
20,13513.903,9046.762
20,14063.303,7150.664
20,13184.325,6470.754
20,17153.2,12083.55
20,16626.81,14525.201
20,2872.2363,15787.153
20,14784.181,7297.6987
20,17026.031,10440.703
20,15182.101,11502.008
20,7604.3228,1128.4781
20,13009.062,9551.585
20,15363.272,6345.3037
20,12539.381,11967.568
20,5491.702,16521.764
20,2498.127,16716.73
20,16971.938,13127.929
20,4996.109,7804.7397
20,2799.0732,2555.809
20,3444.8416,4589.0625
20,17453.67,7643.9614
20,15162.055,10551.583
20,11515.813,8896.232
20,4609.725,10142.472
20,6934.333,2992.6882
20,7127.4863,13651.2
20,5767.7173,17993.562
20,1503.9691,13531.848
20,15530.341,14890.284
20,3200.7432,597.4902
20,4989.83,2939.152
20,2471.5903,6883.528
20,550.91876,6048.898
20,6525.5195,4764.1724
20,10486.773,7858.5547
20,18023.812,8593.603
20,14357.753,5543.314
20,4989.4775,16313.901
20,9456.789,4023.1033
21,10000.0,10000.0
21,3752.172,1678.9247
21,4262.5293,18291.664
21,17386.838,5727.981
21,14907.06,12756.3545
21,13575.213,12468.0625
21,4045.465,3240.8914
21,7110.8696,5172.166
21,4758.161,3308.655
21,6501.034,8948.917
21,12219.637,3224.2158
21,9213.016,17190.389
21,16098.861,6639.7505
21,12839.445,4837.954
21,15897.482,11044.398
21,6808.6577,16461.385
21,5543.5444,15977.504
21,11889.737,16961.947
21,16164.705,12273.839
21,16061.451,10476.504
21,2893.6362,14054.147
21,3418.7969,1969.8425
21,1623.2875,14768.6045
21,2723.1816,12056.001
21,2770.86,6528.942
21,4645.609,4171.3643
21,5683.9707,14222.642
21,19393.04,8932.42
21,16079.71,9012.393
21,12805.051,12643.824
21,6561.02,15972.221
21,1931.8809,7665.339
21,16077.743,10101.11
21,16191.582,7876.931
21,3652.7388,15399.676
21,5470.0376,13621.995
21,3241.7534,6250.023
21,19240.08,17305.39
21,10970.068,17217.35
21,17105.363,7039.065
21,12642.145,9971.317
21,4163.4824,13125.268
21,19705.326,13924.592
21,15357.89,10513.384
21,7011.918,4216.413
21,15282.616,3191.6738
21,6084.324,13391.579
21,14596.239,17074.078
21,3538.4192,1988.9009
21,1139.9033,15683.498
21,14987.175,9600.506
21,14613.683,7381.303
21,14446.591,5607.856
21,6409.778,5664.0825
21,5627.8896,12386.262
21,2482.063,15939.6045
21,18588.564,11963.517
21,14018.377,7910.6743
21,16249.158,16370.538
21,7105.861,14493.384
21,3447.236,13224.989
21,11544.771,8185.409
21,16625.186,11612.119
21,13972.068,13216.561
21,16135.706,15381.301
21,2977.223,7600.5615
21,4254.0146,2081.5215
21,4932.4526,12466.673
21,4178.727,16020.387
21,15972.992,13447.021
21,8818.959,20000.0
21,13440.454,11101.428
21,15349.677,3340.7903
21,18036.805,16965.275
21,6358.7812,4951.7236
21,1992.3237,5886.639
21,3565.7249,4945.3296
21,7763.814,6122.2695
21,2225.3313,2200.5977
21,8688.864,16991.916
21,11513.256,10564.279
21,6648.374,14299.949
21,15898.24,7765.2407
21,4729.234,5372.81
21,12973.199,15626.364
21,13172.952,10366.703
21,12897.47,7568.7754
21,8517.679,17933.445
21,5347.3765,5334.0337
21,3495.8618,6129.7705
21,8554.587,13743.214
21,6586.697,6693.844
21,5339.8677,4933.2197
21,15354.97,7428.1533
21,18028.803,14194.912
21,5347.0103,14943.005
21,5807.086,15795.591
21,3561.4917,15600.988
21,15054.633,12754.923
21,17105.18,11707.298
21,3204.5854,4552.2407
21,6148.16,16932.744
21,5667.9575,4457.337
21,3039.5972,14320.295
21,2039.7358,15420.251
21,2234.0913,17590.11
21,16813.22,8667.965
21,17862.256,13478.492
21,12108.4,5998.2217
21,5464.49,3536.2856
21,5598.6587,3911.5
21,17786.125,7039.127
21,15861.387,12514.433
21,16430.344,16139.135
21,5269.5723,5979.337
21,15232.753,6708.6787
21,782.4159,3897.3108
21,12352.529,14749.769
21,14060.228,5650.876
21,8318.068,5632.6465
21,4388.7144,5646.287
21,13860.811,15726.334
21,16303.528,7638.8667
21,5087.5054,16400.066
21,2729.173,14044.082
21,16620.11,15900.683
21,18880.203,7380.97
21,13535.187,7465.6113
21,16327.799,7792.9175
21,12553.125,8525.562
21,15600.558,12084.156
21,16458.053,11074.909
21,15236.23,15037.211
21,13910.035,13862.006
21,14887.368,15145.475
21,5441.836,6967.3213
21,6246.4233,14566.813
21,19137.312,11327.246
21,14848.43,12240.737
21,12673.924,8654.155
21,18242.836,10653.813
21,11398.205,11062.006
21,17316.102,1520.3007
21,16963.357,15101.718
21,5178.567,15292.269
21,14911.482,9955.504
21,6917.678,17267.225
21,17077.148,14195.392
21,6854.6343,3837.5647
21,4988.996,7155.639
21,14539.239,14028.075
21,14347.387,14189.666
21,16787.537,6924.043
21,12174.038,3033.6582
21,7328.0884,4976.8403
21,15349.733,1562.5438
21,14101.286,7672.3965
21,6801.251,14833.377
21,3814.1052,16694.95
21,7635.5957,17423.46
21,4753.531,14156.993
21,16004.658,14195.755
21,4920.542,14284.907
21,2255.7134,14186.626
21,15252.976,7397.085
21,4826.9688,10209.903
21,6587.8237,16382.601
21,4504.833,13020.718
21,5958.8345,12376.16
21,15866.71,5451.0547
21,2763.2744,12942.821
21,13181.109,15689.732
21,4673.804,3370.1567
21,4910.96,12547.387
21,12237.935,9790.404
21,4782.6865,6223.745
21,18639.957,9342.812
21,14849.066,12024.917
21,16041.1455,5316.889
21,4931.815,13138.904
21,8403.539,10596.111
21,13486.229,3955.1335
21,18111.125,9360.013
21,14004.938,11196.249
21,15815.248,11076.17
21,17162.69,7398.8965
21,18353.525,11544.486
21,15815.182,7742.897
21,14311.771,4706.8745
21,8952.506,2284.5183
21,8183.5615,3926.299
21,2493.9827,15782.898
21,5273.8115,6249.502
21,5804.001,5327.237
21,5023.191,4272.915
21,16963.408,7056.662
21,14338.33,10918.119
21,5160.217,4280.882
21,5218.11,11708.892
21,17285.535,7395.075
21,4139.0513,14772.85
21,447.33035,12168.124
21,3346.2617,2089.6145
21,15785.804,11465.272
21,13984.154,5502.0283
21,12061.87,14356.621
21,16986.236,6321.684
22,10000.0,10000.0
22,19048.88,9040.758
22,3274.7422,10543.162
22,18337.387,6492.5225
22,5949.606,12458.894
22,5643.4863,14795.007
22,14276.864,14707.321
22,13789.427,7363.893
22,15726.198,8861.035
22,5544.341,14222.389
22,17403.162,7576.875
22,5314.7153,13953.298
22,12589.249,12459.616
22,2415.0125,6868.828
22,4767.3823,2977.9033
22,14673.841,14688.757
22,16735.016,10337.391
22,11893.396,16179.477
22,3873.8481,5369.154
22,1482.661,19291.764
22,17970.207,5941.6846
22,17267.168,9468.141
22,19379.262,6975.417
22,4283.7573,14472.8955
22,7812.8853,4452.986
22,4857.8135,2497.7793
22,7059.3765,6181.2393
22,6503.943,2860.88
22,16125.124,6644.163
22,17154.408,12117.285
22,242.14496,14729.879
22,13049.651,12239.237
22,4659.684,3878.0864
22,3806.8625,16036.856
22,14021.145,5244.775
22,10760.201,6604.6914
22,5939.1304,5229.3486
22,6653.1646,19591.809
22,13468.941,7424.7295
22,6735.0713,4719.661
22,2598.4844,16641.232
22,15533.3545,5593.3853
22,4334.151,17128.57
22,7799.571,5625.9805
22,2915.9382,7573.868
22,2100.6682,14431.688
22,19623.477,271.80893
22,17046.19,6787.32
22,12996.067,7209.1865
22,2099.9158,1939.4501
22,14747.327,5352.3105
22,15245.595,4903.3364
22,15708.905,12343.279
22,4868.3535,12356.291
22,19359.22,17573.754
22,14037.458,9264.313
22,4047.8232,7515.4834
22,12277.77,9663.435
22,14738.902,4041.6958
22,14769.827,12988.342
22,15411.082,6160.974
22,4041.9495,4433.865
22,16912.64,20000.0
22,3687.1558,2837.2222
22,17128.74,6027.179
22,16314.925,7372.852
22,5113.883,5585.28
22,13484.371,11041.502
22,5588.5044,3895.5605
22,3456.569,7315.131
22,13874.3,12509.425
22,15349.848,16221.122
22,16341.776,11944.938
22,6842.9224,7060.5786
22,4263.05,5587.0103
22,2493.648,2370.6125
22,16166.984,9086.396
22,4418.4907,3377.8276
22,6054.186,2441.172
22,12675.091,13520.929
22,16720.67,14039.018
22,4512.0986,16525.031
22,10325.661,7373.3403
22,17228.305,11017.653
22,13252.336,12738.602
22,13602.823,5915.8916
22,16827.303,8807.744
22,14616.993,10181.723
22,6199.773,16040.461
22,16764.693,10466.275
22,4425.2183,15461.88
22,3801.4326,7829.8335
22,6243.4976,6039.6343
22,4849.084,5463.573
22,12592.092,9745.933
22,11417.86,13688.522
22,13822.112,9086.143
22,15732.062,12840.284
22,13109.514,7670.0444
22,5234.0005,19380.955
22,9057.294,15876.625
22,10222.844,4749.2856
22,6707.8965,1517.3536
22,17562.959,8164.1123
22,13462.0205,13694.766
22,18155.592,8985.646
22,14163.204,6496.1685
22,17513.803,10360.841
22,16623.54,9155.231
22,6285.3247,7040.309
22,3898.122,4533.3604
22,7324.2983,15483.985
22,5678.1035,2515.4019
22,5634.962,1846.9473
22,3395.4368,14150.007
22,15135.92,6731.518
22,5175.2783,13169.711
22,3827.7942,8301.906
22,6893.595,13966.46
22,11189.714,11973.241
22,14596.999,4782.0703
22,7130.9653,13235.699
22,12714.317,541.8132
22,5041.21,13735.901
22,4258.979,17326.604
22,6721.026,12669.09
22,2540.1506,17114.344
22,14224.325,7311.19
22,14663.974,10633.438
22,6888.7344,13120.034
22,17399.053,14393.424
22,6552.249,6761.1465
22,16193.804,12777.925
22,13949.212,11752.771
22,3868.4146,11933.974
22,5604.2036,14397.726
22,11424.338,14753.798
22,10485.796,8377.779
22,16248.165,5318.7715
22,5032.0503,6295.99
22,8097.5894,6252.815
22,12216.495,7249.86
22,13659.234,13330.803
22,3217.627,5081.7324
22,4182.6978,16671.078
22,14059.678,11570.921
22,17186.545,10521.013
22,4156.0386,5051.551
22,13443.371,5368.175
22,4931.284,16138.698
22,19817.271,10391.078
22,3465.4265,14612.802
22,16147.104,10218.887
22,5636.9355,9733.207
22,15190.011,11417.495
22,2893.8606,3215.25
22,8368.005,3095.5732
22,15006.176,13657.709
22,15190.956,9235.713
22,12064.169,11896.125
22,2163.4116,14774.337
22,5944.9214,4349.13
22,12748.503,6218.9595
22,15816.493,15493.651
22,4675.203,4034.5505
22,15622.224,14418.058
22,6151.8955,7596.2944
22,14042.875,7636.461
22,15180.104,12273.428
22,17115.213,12116.204
22,13917.23,2210.669
22,17845.586,10960.013
22,6359.0137,16316.038
22,14206.041,14966.317
22,3164.9902,7737.7534
22,3984.5325,6912.479
22,11379.772,7252.508
22,2907.6719,6239.238
22,16687.863,14973.625
22,6973.6714,12185.183
22,4207.4717,4195.684
22,3508.2031,13800.419
22,6049.587,4923.9624
22,7911.259,15784.08
22,14969.276,10781.534
22,4513.3145,11870.488
22,12335.1455,10438.55
22,19511.88,8065.6533
23,10000.0,10000.0
23,18621.377,14059.471
23,8137.3516,12010.825
23,5019.379,1945.1044
23,9613.334,8554.819
23,13676.623,17937.867
23,15977.725,3966.116
23,12973.389,11971.166
23,5468.0674,18765.201
23,6107.2886,18801.816
23,6478.3945,15212.222
23,5701.921,6266.1978
23,2840.7874,15859.101
23,15620.171,12511.244
23,6285.987,4852.175
23,17944.514,13084.145
23,13585.08,9662.309
23,14827.93,13170.612
23,15915.312,11398.451
23,4262.2954,12591.163
23,6774.776,2713.0437
23,6719.539,2932.3132
23,16365.225,6480.0146
23,11273.789,6070.124
23,14055.526,14386.838
23,2999.055,4803.389
23,13943.396,14554.278
23,5038.714,14072.042
23,15714.996,3582.2712
23,9679.219,9831.04
23,2604.0632,1596.8279
23,18356.865,5117.383
23,14400.818,17050.877
23,6910.0137,16690.338
23,7033.495,4549.739
23,6296.0137,8418.737
23,3084.1045,14461.495
23,5897.268,9457.44
23,6662.2974,16079.292
23,2004.2347,16146.545
23,10564.694,16828.332
23,889.7661,6094.8506
23,2738.5908,7566.196
23,5938.1973,6034.3027
23,16888.836,3038.7866
23,13576.061,10714.302
23,7275.705,15764.258
23,14897.874,13187.604
23,16271.727,13081.36
23,16477.674,12157.19
23,3660.475,17299.016
23,5105.887,13147.696
23,15828.887,7186.6616
23,4940.8086,3726.8718
23,13434.831,8225.645
23,14982.61,8925.96
23,11481.778,6780.68
23,17572.98,11996.1875
23,3342.4216,14426.8955
23,6440.9805,12673.007
23,1526.1014,4489.869
23,15707.031,10289.794
23,15744.466,3797.7637
23,6871.2236,15309.884
23,16607.283,10757.47
23,4592.6797,15405.313
23,4155.865,13862.521
23,19045.686,10495.171
23,5045.857,10591.183
23,15654.23,5110.239
23,16712.268,10098.478
23,15628.228,13083.606
23,4589.5522,7584.671
23,3013.5632,15015.452
23,1146.1799,10832.768
23,16744.154,10662.634
23,15526.234,9321.578
23,3868.463,15701.627
23,5997.61,2699.7043
23,13175.494,11332.023
23,2842.226,4541.1665
23,17177.412,11404.901
23,3831.7673,14000.107
23,15001.007,7948.27
23,4212.4023,14218.144
23,18434.549,11617.876
23,13845.21,12812.529
23,3177.2717,1770.9604
23,13218.883,13687.627
23,14733.296,7657.665
23,7616.679,4810.3545
23,2394.877,2550.572
23,12368.948,10311.945
23,14201.918,7074.2817
23,4783.6807,15423.75
23,17281.516,13435.187
23,3711.7698,14732.541
23,15812.264,16382.399
23,14975.974,10824.396
23,4943.4946,3419.2886
23,15337.938,16399.99
23,14247.765,9263.461
23,15419.102,14710.057
23,9580.349,11218.598
23,2058.7349,6345.3145
23,4344.5884,14262.089
23,13969.402,10094.012
23,18831.814,11516.248
23,3499.1257,11796.024
23,4697.674,6071.464
23,8107.0317,7759.307
23,11257.58,16082.758
23,4051.6047,11200.75
23,2405.286,13873.713
23,4432.709,4189.6426
23,3464.3152,14565.746
23,2307.2124,12356.007
23,16815.404,11651.599
23,5142.6313,5562.2593
23,14923.443,12463.243
23,11258.281,9989.84
23,14716.409,11707.7
23,13493.721,14644.984
23,4993.114,16153.449
23,15421.321,13072.639
23,7514.698,16179.167
23,15544.54,14486.2295
23,15489.901,14748.458
23,17099.098,15594.841
23,13173.65,9777.587
23,10868.21,6068.918
23,15073.404,8435.852
23,6236.312,7708.057
23,1026.3268,3477.4758
23,4246.0273,5153.036
23,3760.7468,13648.048
23,11816.627,10029.823
23,14229.696,11962.869
23,18615.81,10401.241
23,3452.8384,13904.712
23,3598.825,19780.016
23,11002.249,11586.922
23,17367.14,5384.5625
23,629.90454,16768.023
23,4331.7563,11567.535
23,692.55316,13806.214
23,15081.548,2837.8525
23,9170.095,4037.0527
23,6711.604,14124.314
23,11749.092,13114.45
23,14864.788,15782.592
23,11763.704,12953.3
23,14782.63,8727.556
23,7823.0996,14965.057
23,6671.677,6995.5273
23,5161.932,4506.748
23,14063.586,12574.005
23,14921.1,10589.848
23,2545.47,15683.051
23,13251.072,11387.563
23,16943.258,7914.178
23,15958.674,11915.417
23,15058.89,7458.9146
23,9195.455,14710.037
23,5605.1167,14118.28
23,3818.2712,2001.5785
23,9771.066,2301.2764
23,12575.57,9801.18
23,0.0,5499.0957
23,14989.264,9263.142
23,3447.4297,15191.315
23,1880.8505,13311.687
23,15535.258,9498.017
23,16462.34,7320.0923
23,14512.978,10698.026
23,15119.611,8438.343
23,7289.2847,14302.411
23,6927.0156,16208.421
23,1967.0311,16211.543
23,5371.1904,15270.857
23,10272.16,4592.1826
23,4734.838,16241.254
23,1422.385,17534.24
24,10000.0,10000.0
24,5303.8286,4706.989
24,0.0,5331.182
24,13162.554,10837.182
24,13885.616,2400.8093
24,11713.367,8835.33
24,6169.187,15195.176
24,16716.004,14218.482
24,12965.625,9383.718
24,5482.023,14845.446
24,15510.509,7570.4985
24,3271.7024,5668.1646
24,17209.748,6681.4277
24,7847.3667,6330.6445
24,3249.2358,19142.54
24,16217.491,9746.043
24,5330.942,17607.236
24,15992.621,6824.532
24,16382.283,7163.9653
24,6293.9067,4057.044
24,5704.088,14834.812
24,6702.3833,4738.5
24,15405.1,11529.346
24,1238.853,5862.1475
24,14158.079,10044.141
24,6305.1934,19800.129
24,15114.569,12151.796
24,5898.1333,4590.345
24,15504.655,13710.945
24,6488.244,7088.507
24,15458.812,12309.129
24,6948.6875,10405.805
24,15914.925,8251.196
24,14993.703,5064.5806
24,14683.897,2806.3438
24,15285.727,16405.283
24,13343.086,11476.267
24,279.28815,4401.9414
24,5693.383,7210.5503
24,16272.479,10406.174
24,5514.583,15069.992
24,10754.958,8919.144
24,13230.264,10091.524
24,4482.326,4722.5835
24,5956.83,7026.241
24,18551.025,9603.231
24,2006.0587,13801.857
24,10493.381,15290.014
24,14377.569,12951.0625
24,12067.723,4644.114
24,18424.023,5226.199
24,17285.984,7778.002
24,15232.34,12053.875
24,5563.4424,2619.8228
24,14724.091,5226.279
24,14550.415,9569.816
24,5255.297,3766.3198
24,15883.199,13774.125
24,16579.197,14972.7295
24,5850.231,8550.847
24,6033.5303,15134.935
24,1326.239,6044.418
24,4889.031,18758.998
24,6640.035,17741.93
24,15101.317,13858.479
24,1589.2974,7728.5117
24,5360.3823,13237.28
24,5552.9185,17877.824
24,554.0102,5076.2397
24,13924.071,16281.532
24,16338.618,12930.746
24,2628.3423,13103.868
24,9034.481,1690.3759
24,17563.975,9411.833
24,13771.967,5907.5654
24,16584.246,16475.164
24,15836.349,11565.091
24,7342.7188,1034.0431
24,14457.821,7954.861
24,20000.0,15861.939
24,836.5292,13210.561
24,16296.794,14476.737
24,1840.8367,9035.422
24,15140.075,9789.02
24,17380.887,13925.062
24,12695.367,8866.379
24,4862.2676,4303.345
24,15363.071,7202.706
24,17022.775,7589.9775
24,13346.095,11821.135
24,9864.911,16742.008
24,5048.376,4858.7026
24,8142.725,1433.4552
24,12378.852,12311.252
24,1772.3419,7491.88
24,5807.208,6944.9463
24,14551.353,11728.435
24,3724.3262,13738.286
24,14541.402,8877.305
24,3919.0042,13487.627
24,14813.828,9144.937
24,14218.304,11746.113
24,7188.449,12604.542
24,13694.357,15443.23
24,1086.8877,6437.807
24,0.0,6750.1157
24,4761.8916,18175.176
24,5562.908,13841.785
24,17724.812,4176.993
24,6658.247,16592.955
24,14450.447,8147.258
24,16516.268,8639.428
24,16324.206,9266.315
24,14311.963,14558.767
24,4420.4517,2364.5547
24,8455.38,14663.393
24,4459.105,15725.429
24,3364.6904,5144.193
24,4868.7715,14634.004
24,14442.395,9936.133
24,6585.053,9176.518
24,11817.633,5672.6426
24,17619.22,13400.878
24,14253.649,16879.582
24,17603.635,10678.962
24,6698.5483,14752.411
24,12922.936,9056.619
24,4752.593,8375.709
24,16452.28,12504.457
24,13477.385,5791.4463
24,16177.227,10277.828
24,7477.2993,17922.281
24,6059.0044,14907.157
24,15610.701,12987.051
24,15679.739,17242.836
24,15358.753,12416.449
24,13227.222,15512.432
24,13044.3125,9893.37
24,10176.397,11577.454
24,4339.088,1322.8726
24,5621.265,5629.5664
24,16505.092,11153.054
24,5899.9814,4092.8638
24,15515.007,12912.412
24,15097.35,11850.685
24,10757.315,8482.101
24,5513.097,17173.98
24,13753.472,5098.239
24,17393.857,9384.98
24,15666.909,9372.193
24,15318.326,15052.664
24,3276.6118,12432.012
24,13952.968,6205.2544
24,8839.942,5247.992
24,13442.602,7415.5767
24,14930.254,11055.647
24,15917.796,7063.3716
24,17680.572,13306.248
24,18898.154,5683.1245
24,13394.552,9109.128
24,16058.166,13546.584
24,2045.3296,13101.641
24,15310.129,7636.8174
24,13611.108,16925.32
24,13895.935,14623.818
24,15500.678,8284.222
24,12007.784,12181.554
24,4729.346,753.3725
24,1638.9166,18417.623
24,2547.0647,4944.167
24,15205.411,15867.344
24,8971.045,15658.654
24,18067.455,8467.807
24,15782.112,9181.394
24,6992.279,2337.5256
24,4069.4553,4950.036
24,11202.032,14218.905
24,5135.088,5553.725
24,5813.3184,3178.4712
24,12833.526,8500.98
24,14986.898,6797.8623
24,12434.627,8640.75
24,5158.782,4620.381
24,522.1767,14490.551
24,8883.039,1643.0854
24,16062.459,15606.88
24,12571.161,15030.27
24,15911.044,10536.376
24,5176.5474,15105.8
24,7482.399,3393.7217
24,6131.667,8095.0215
24,3081.336,2295.8052
24,14099.499,7193.485
24,5687.277,14735.454
24,13574.081,6619.5967
25,10000.0,10000.0
25,6688.531,4549.689
25,17517.432,2636.786
25,15274.634,11053.274
25,10601.076,5975.6587
25,14937.646,7271.3228
25,19983.988,6297.4194
25,4459.3037,8170.1123
25,11449.139,8879.15
25,4704.3276,2828.0798
25,15945.454,5869.8403
25,14308.523,5708.471
25,8274.132,14530.909
25,7747.3135,16067.47
25,4282.2383,8585.774
25,15712.878,7668.394
25,2763.09,14360.47
25,13824.004,7263.1553
25,15148.431,14742.248
25,9449.1045,15376.378
25,1752.247,18517.348
25,2840.8875,5674.576
25,20000.0,2029.1096
25,15626.967,7023.5034
25,13862.502,10245.602
25,17405.879,8556.329
25,3526.0715,3789.7998
25,5722.9385,10240.267
25,17941.826,13023.354
25,14575.469,11569.909
25,20000.0,10658.607
25,10245.844,13623.478
25,18546.719,8448.787
25,12893.34,5583.9307
25,3467.114,1365.5089
25,14335.127,10564.509
25,6230.4985,15408.368
25,3564.55,13857.966
25,5902.725,6665.811
25,1073.7811,2395.579
25,16804.781,16315.441
25,6006.4946,6246.4976
25,17084.1,10754.736
25,14788.187,5509.389
25,13371.769,13610.398
25,6237.6284,17149.912
25,17729.066,12268.849
25,5292.2817,4025.1467
25,6550.081,5305.7334
25,16027.729,13375.165
25,770.04346,13963.777
25,0.0,17122.945
25,12845.334,8654.37
25,11710.174,12175.403
25,5781.938,4518.7686
25,6092.711,14556.351
25,6667.1323,14679.673
25,15483.061,5114.5947
25,3629.84,4764.517
25,7268.4766,2616.0662
25,12935.147,8248.993
25,17450.05,4784.372
25,5643.434,14584.0
25,4108.5664,15788.281
25,4115.52,15236.062
25,13397.602,12710.945
25,5595.9814,13659.462
25,2632.552,18959.395
25,17048.8,6771.095
25,11234.866,10608.049
25,7245.541,17787.86
25,4314.9824,17901.662
25,13743.201,8300.354
25,13766.671,12787.334
25,5413.025,16995.56
25,6929.457,11228.558
25,3859.2197,14545.177
25,15026.993,13374.491
25,9951.722,5883.703
25,968.44855,2048.6992
25,16368.541,7892.619
25,6589.954,4549.2783
25,14118.19,13496.025
25,14910.185,11863.288
25,6379.8394,13201.563
25,15394.585,3926.3462
25,14934.14,8501.1455
25,4301.274,13714.777
25,6003.5366,12882.227
25,4612.7227,13505.89
25,15358.8,6446.6606
25,18848.97,6103.506
25,13327.784,5729.551
25,5405.1704,6747.908
25,7574.409,14368.202
25,14439.987,9230.851
25,2433.5527,10651.469
25,13948.057,10294.892
25,5042.6694,17809.102
25,5497.3735,14961.992
25,1515.173,15717.415
25,6780.916,4845.136
25,15536.916,10385.911
25,6492.601,5082.3374
25,13995.343,4511.258
25,13905.2,10521.643
25,16683.066,9667.401
25,16313.787,8750.9795
25,13448.54,11438.047
25,15901.792,9855.09
25,14599.93,10831.273
25,13526.741,11778.892
25,7695.3643,4810.361
25,4960.4736,5322.792
25,6357.2974,18335.328
25,12103.402,5674.0625
25,5564.6323,3089.6997
25,6759.148,6630.056
25,1736.1595,16902.504
25,3554.32,6864.0938
25,14445.75,11575.3545
25,4553.6284,5163.375
25,6351.092,17232.049
25,12392.084,7151.434
25,18432.305,10865.921
25,564.55524,16986.428
25,2335.518,15552.661
25,16657.256,10867.523
25,6524.848,17801.541
25,16563.213,3320.8704
25,6668.348,13720.96
25,10342.725,5087.5225
25,4961.6807,4157.4062
25,12749.618,8784.195
25,5434.3184,7078.703
25,13326.876,4364.3022
25,7944.134,3471.5928
25,14197.994,17588.541
25,16515.34,10485.717
25,17043.336,9988.049
25,17186.63,13469.815
25,14575.05,8947.535
25,1218.9606,17547.19
25,6977.4346,12570.353
25,3362.9094,15382.643
25,3008.3455,13600.016
25,6589.781,15470.545
25,2040.6565,17482.639
25,6045.0474,16169.655
25,15121.165,4492.2163
25,9839.607,13506.255
25,15509.725,6872.438
25,4285.2505,13279.751
25,20000.0,13780.745
25,0.0,4169.199
25,3826.3186,5859.726
25,12608.122,2569.4463
25,17191.05,16620.49
25,15575.977,9609.289
25,4517.559,15210.525
25,16226.13,6702.945
25,8122.4277,6262.6104
25,5127.8286,11929.611
25,16486.973,9623.537
25,8986.078,5588.4106
25,16741.385,12277.805
25,13407.912,5232.674
25,16429.13,10217.471
25,15687.634,5819.4062
25,7401.153,5948.954
25,6371.6035,14888.002
25,2347.8665,7691.4883
25,13020.008,12356.676
25,6888.493,4113.5723
25,6214.3213,18670.707
25,6245.2534,16375.159
25,14414.287,7881.0693
25,13724.112,11677.132
25,661.79553,3276.6147
25,15643.084,4704.692
26,10000.0,10000.0
26,16322.478,13040.204
26,7414.7085,8520.487
26,6025.2095,4469.9014
26,15851.983,4410.964
26,7803.3096,15775.4375
26,11431.183,5163.5825
26,15625.675,13998.885
26,14310.973,7489.3022
26,11608.707,10906.212
26,6120.337,1458.446
26,3448.8308,15862.565
26,13068.777,3891.5854
26,16347.711,11939.64
26,8623.039,14891.078
26,15251.539,12987.986
26,6741.3013,6924.5474
26,13459.191,7146.214
26,3603.6387,7999.8906
26,5848.9424,15609.645
26,15436.36,4867.61
26,16591.756,9573.562
26,6429.498,18729.535
26,12874.521,15262.522
26,16443.705,9971.433
26,2996.2314,16161.615
26,5461.06,12517.183
26,652.419,1468.3826
26,17081.285,6452.859
26,7693.2754,20000.0
26,18735.96,14126.061
26,14599.413,14767.413
26,7945.3696,5585.148
26,2615.2961,4500.446
26,16899.531,13636.248
26,3993.8225,3087.01
26,4989.851,8941.573
26,16132.818,12204.489
26,5979.631,15756.976
26,11624.581,11653.78
26,3020.1985,17681.371
26,3972.208,3498.1465
26,4255.2817,7820.285
26,4810.7754,12490.75
26,6531.501,1737.3252
26,15314.017,8520.301
26,3479.9387,4350.2935
26,1559.5172,15681.075
26,6085.48,17090.238
26,8948.974,6847.1616
26,3860.4497,13812.516
26,13725.907,13477.292
26,17111.123,18046.35
26,18469.91,7650.2715
26,11991.761,14379.698
26,4054.2761,15193.034
26,5030.125,13268.441
26,18924.898,12915.35
26,3231.9583,2645.7266
26,6685.73,12448.627
26,12663.019,14018.709
26,10976.008,4058.2014
26,13044.919,11591.16
26,13682.869,6779.4644
26,15242.2,12117.714
26,13985.899,6480.317
26,17635.777,12015.872
26,15550.795,8166.1343
26,18200.41,15187.279
26,3857.2937,11724.028
26,13832.746,15607.817
26,6070.592,13348.975
26,14341.661,8653.563
26,4399.497,1915.2125
26,13118.522,9634.151
26,14868.463,6174.9805
26,5547.923,13442.566
26,12709.063,7919.2446
26,11363.894,7421.435
26,4802.3633,4902.222
26,15562.651,13072.741
26,15268.279,12313.966
26,14780.122,15028.839
26,4539.1543,3682.129
26,13890.288,15170.04
26,14774.543,9173.294
26,11873.254,9691.036
26,14334.655,11556.893
26,15406.324,13426.915
26,15835.26,2488.9385
26,5003.776,5793.493
26,5161.6055,13429.292
26,4929.7554,14932.452
26,17175.95,7985.182
26,16261.559,11566.624
26,13885.011,9716.689
26,12276.835,2567.48
26,3639.9524,13324.51
26,8301.724,6307.2324
26,15996.78,9444.021
26,17235.877,8156.851
26,6558.509,3977.324
26,12108.267,12095.119
26,4703.239,15545.751
26,1543.8322,14480.626
26,9910.918,6772.009
26,17368.477,13241.966
26,12323.027,3400.2844
26,4808.6836,3409.1313
26,6346.822,3231.1123
26,4005.5205,3603.8528
26,6975.7964,5455.183
26,3439.9038,4896.3115
26,4891.868,4287.3657
26,16704.94,10661.775
26,15050.28,7747.629
26,13714.646,5794.706
26,16044.051,10875.31
26,3322.1877,14832.059
26,18541.67,9087.642
26,13887.234,10714.665
26,12772.246,12334.324
26,15671.877,1404.211
26,17935.23,7808.2407
26,17148.633,14753.864
26,15406.708,9855.622
26,6140.501,18322.258
26,6745.3506,18267.363
26,4646.8286,18782.879
26,13418.659,4216.48
26,13937.496,7953.554
26,17517.58,16127.459
26,13077.499,8790.423
26,15384.141,6738.7183
26,3830.6826,11232.6
26,15509.278,15365.747
26,6348.257,16149.324
26,11614.486,12477.47
26,5578.005,11600.076
26,2707.0483,16596.65
26,14191.765,7065.6094
26,11940.074,10325.867
26,9541.674,3054.8064
26,7061.7754,14749.362
26,958.54114,4598.3633
26,4879.678,19007.219
26,6823.246,3462.1218
26,14152.555,7688.186
26,1538.7423,5519.876
26,3680.255,5511.9155
26,17982.94,14050.074
26,8656.632,10267.438
26,8516.021,6412.4795
26,17193.518,7471.7217
26,5982.8823,13748.873
26,13816.109,13084.556
26,17254.293,9201.64
26,6179.7104,14919.482
26,16313.761,6484.1714
26,8039.7393,5125.6
26,15259.782,6922.1978
26,16816.72,3090.151
26,7759.8237,9091.164
26,14613.585,7880.8945
26,2896.7456,15563.479
26,4778.1274,7808.3315
26,3318.5254,6583.5786
26,14986.643,0.0
26,16316.254,3840.7498
26,524.36035,4776.245
26,14347.003,9800.908
26,14473.247,6594.0776
26,6494.992,10023.968
26,4305.815,7576.222
26,4843.42,3139.7236
26,6416.8984,5007.0737
26,10876.446,11998.913
26,5455.138,15169.248
26,4907.3203,9855.748
26,17593.633,10828.932
26,6117.7573,16200.615
26,5042.1655,3526.78
26,1313.215,16384.396
26,1377.3511,3154.4058
26,9920.425,12300.1045
26,15350.809,13148.737
26,2873.9983,18995.055
26,15933.328,4993.604
26,6315.5996,10579.048
26,16497.227,7029.035
26,2133.0503,6093.5957
26,5490.729,5576.5435
26,15329.939,5499.7803
26,12666.886,10929.085
26,16554.129,4192.362
26,4296.2427,2090.4482
26,13686.197,15601.381
26,14185.662,6661.073
26,12991.124,6806.688
26,17834.676,11087.679
26,12651.016,9243.816
26,2829.5447,4596.475
26,2761.1763,12672.001
26,3826.8542,14733.826
26,14997.854,11759.885
26,823.3412,5364.7773
26,5152.067,1981.0918
26,14550.808,11077.027
26,14174.331,6497.6133
26,13965.844,9852.019
26,12229.708,8982.966
26,2172.417,6423.381
26,10017.512,13524.642
26,8447.792,8691.412
26,3471.1838,15176.795
26,15202.418,12558.688
26,12366.534,9420.545
26,6848.1743,5851.283
26,16117.944,4585.186
26,15149.724,8087.1836
26,5874.196,6332.8794
26,2225.79,4706.0757
26,1995.4559,13149.41
26,5848.5776,889.74304
26,17804.688,8222.398
26,5606.301,15498.896
26,16756.588,3307.771
26,13365.908,5023.756
26,13249.531,4727.407
26,7815.5503,8545.971
26,5805.524,5247.6133
26,16300.744,11578.3125
26,15793.029,6296.967
26,14570.825,5654.731
26,4535.771,14893.65
26,17237.955,9949.472
26,14279.131,4928.9927
26,13685.415,5610.2124
27,10000.0,10000.0
27,6680.736,3461.526
27,3081.8318,16674.174
27,7921.4927,13295.662
27,6890.5527,12933.202
27,3395.3608,14424.829
27,13902.839,16187.091
27,4667.404,11372.266
27,12335.912,7387.1885
27,5944.5103,4923.4126
27,15252.232,12530.2295
27,17732.057,11035.113
27,4672.5146,3753.9065
27,12331.461,12963.482
27,14840.389,13109.999
27,4114.781,4188.5503
27,15029.95,15132.385
27,12449.721,11760.163
27,14780.812,9620.046
27,14344.989,6651.6064
27,4029.8696,6762.8276
27,16128.263,8445.368
27,2597.216,5440.721
27,6769.9844,4830.902
27,5205.059,13105.015
27,19169.547,12639.727
27,14974.985,7658.0757
27,4189.555,15905.702
27,15020.183,8638.144
27,14430.644,12366.746
27,3523.318,4172.1953
27,5625.2373,13770.056
27,15812.903,13742.927
27,7331.8667,6513.266
27,15710.338,4751.2095
27,11187.364,13441.691
27,5326.1743,5735.3184
27,11446.036,5840.8267
27,16916.943,6035.828
27,15367.665,15932.939
27,11411.6,15427.516
27,7167.5586,3439.1003
27,7250.9243,6176.6724
27,3286.8496,8617.102
27,15504.301,4976.124
27,15350.994,10273.151
27,12299.527,4688.795
27,7831.308,3980.7004
27,3360.797,15996.713
27,5063.6323,5815.404
27,16271.822,12955.813
27,17444.178,12683.504
27,12800.172,17751.734
27,15740.435,9307.416
27,4297.713,17913.65
27,607.88806,2467.4338
27,14868.209,13077.625
27,11804.332,11201.092
27,15493.378,5276.345
27,14075.193,7908.4863
27,7682.268,18431.822
27,5210.9766,5791.0195
27,19301.312,11162.281
27,6665.7476,4285.4893
27,13914.202,13613.6455
27,5956.7344,8365.254
27,5334.832,5929.0283
27,13787.889,11291.726
27,8388.228,20000.0
27,4118.63,5690.2983
27,16810.559,4777.5483
27,13917.555,5105.016
27,13571.767,8518.382
27,4479.143,6877.819
27,7856.7725,1799.4911
27,10462.866,19427.951
27,12201.686,12974.478
27,5710.271,2474.4375
27,15377.593,13540.419
27,6885.3115,1229.2386
27,14760.531,10063.87
27,6031.4204,5455.342
27,6482.303,5700.7524
27,16007.575,8337.915
27,1344.0991,8556.415
27,3043.1643,18473.555
27,5491.7627,13588.343
27,5316.281,5901.3125
27,15053.151,6136.638
27,5887.248,13323.157
27,5593.766,2231.591
27,13134.503,13326.983
27,6408.7744,18627.514
27,7977.8643,14698.412
27,12826.453,7126.621
27,5131.135,18354.145
27,12680.92,5222.71
27,15774.938,5045.799
27,7046.083,16410.21
27,2987.2458,5621.288
27,2378.0085,5317.2314
27,14771.973,8137.702
27,6594.5454,17909.963
27,3474.453,14979.751
27,14333.219,6453.068
27,16115.595,11454.184
27,14845.245,5800.7925
27,8377.823,16413.268
27,13805.473,9928.077
27,4173.139,9555.812
27,7866.7246,3106.4668
27,4361.6865,8128.2896
27,6505.6484,18255.037
27,7215.461,14739.218
27,17046.873,8513.698
27,6638.595,15493.822
27,11687.673,13964.014
27,3397.78,5493.484
27,4784.183,3287.049
27,5766.257,3104.949
27,14434.248,13163.44
27,15431.243,8533.835
27,13124.228,6545.4067
27,5685.138,12380.777
27,7463.746,9190.625
27,13614.592,7874.449
27,17066.629,10126.914
27,996.0819,8572.585
27,3368.998,8682.313
27,14525.753,7281.8945
27,1626.2535,15730.956
27,4219.45,8756.577
27,12215.322,15251.89
27,3395.346,17130.973
27,16001.111,8941.717
27,11866.6875,10509.091
27,18437.795,12438.881
27,15270.999,14548.945
27,18164.803,9236.961
27,13226.805,4897.3496
27,4254.391,17696.863
27,3227.1821,11556.095
27,14534.663,10630.929
27,12963.276,7369.1465
27,2992.9033,13267.941
27,13491.282,13797.264
27,15923.265,13711.012
27,3333.136,4759.383
27,15074.097,17889.354
27,8501.533,5890.5576
27,14672.166,10654.685
27,4629.5728,13536.239
27,18954.742,14664.136
27,5409.8706,6151.2446
27,5453.1455,15586.816
27,16831.674,15545.553
27,17223.316,6578.848
27,3237.089,7089.923
27,2671.632,16743.818
27,7658.434,6573.088
27,4140.456,10706.497
27,3506.2354,2649.8394
27,13353.773,13640.635
27,3249.6836,8005.387
27,1521.3364,4419.409
27,3845.1106,14975.052
27,13029.044,10932.326
27,4017.8606,16092.27
27,14072.315,11459.524
27,13237.293,11512.769
27,4663.7837,13608.588
27,6009.7153,15739.054
27,15803.298,10218.577
27,4872.319,15256.354
27,14340.986,6139.406
27,4806.7837,15297.507
27,7704.7935,15550.054
27,14568.425,5936.6064
27,15265.516,7572.281
27,13563.333,7800.2056
27,12785.368,9557.733
27,17300.836,10718.868
27,5459.5835,13106.414
27,17358.39,10291.2295
27,6107.174,4755.2046
27,17130.508,4256.8525
27,15027.108,5290.0117
27,4774.643,3469.2092
27,13292.465,12753.311
27,14925.423,12515.46
27,4864.571,15772.39
27,9572.281,14327.728
27,17866.895,5922.7812
27,5548.322,16171.816
27,13575.406,8242.999
27,11555.976,15112.654
27,12653.41,8107.849
27,470.76508,2121.6863
27,8007.1255,4177.2407
28,10000.0,10000.0
28,19626.611,8892.165
28,6236.5317,16814.697
28,11549.527,14548.503
28,12639.252,6691.4126
28,4151.4756,19457.656
28,15407.65,5835.894
28,15528.71,7292.402
28,4522.9004,4748.1978
28,3796.9727,3591.3647
28,13232.189,8390.646
28,4840.5337,1573.9385
28,3347.4883,14402.894
28,4078.8606,12666.158
28,14721.937,9670.38
28,11501.858,7594.6216
28,17496.617,13430.835
28,18767.717,12357.5625
28,5146.5107,4587.683
28,2238.7578,4731.2427
28,8395.818,4740.3784
28,6849.5327,8670.847
28,13523.18,11097.725
28,4013.856,2093.457
28,5042.184,424.19965
28,17379.188,17055.28
28,9131.541,11432.144
28,14666.299,8771.452
28,14837.203,9130.7705
28,5507.1074,4567.358
28,11482.101,6683.28
28,13935.78,12354.263
28,12773.785,9489.187
28,10477.124,4806.563
28,3536.945,1969.5271
28,1830.6873,14257.442
28,5380.455,3402.1204
28,16727.992,10515.172
28,13610.448,13568.764
28,11115.731,9725.863
28,1538.0376,16575.193
28,15393.728,13783.658
28,2662.492,12057.896
28,17376.219,13434.169
28,12379.365,10350.333
28,7305.8066,15032.26
28,14052.233,6933.637
28,13862.808,6052.417
28,5716.1865,17042.953
28,14604.32,6531.832
28,5021.864,3001.8552
28,13885.458,7587.2627
28,6777.2217,12366.818
28,2716.8293,3482.985
28,5730.643,7732.831
28,4629.242,6600.683
28,16442.021,9944.548
28,6452.346,12047.212
28,11043.96,8535.877
28,2483.6545,4234.786
28,18326.203,13604.615
28,6354.275,2548.926
28,12831.606,10176.516
28,12705.688,11609.636
28,4463.848,3726.102
28,3551.4922,5655.227
28,3511.912,12432.006
28,5647.4165,4746.1675
28,15371.806,8756.488
28,16045.923,13320.315
28,14549.888,11107.222
28,6155.479,6463.71
28,15604.423,9152.28
28,6052.1294,887.5858
28,8012.967,4516.8433
28,4244.7837,2396.9585
28,2448.2898,6944.3384
28,17073.959,13081.843
28,1977.5671,2907.5505
28,14389.091,14175.46
28,16120.639,14548.367
28,2135.71,18897.533
28,17267.531,12525.114
28,13538.895,13474.635
28,4486.0645,4612.671
28,14400.394,16558.111
28,14454.443,15831.149
28,2168.5764,5881.51
28,15244.031,14789.538
28,15267.674,12392.736
28,3796.1604,17996.281
28,14784.705,14794.341
28,5628.7495,13965.746
28,17431.727,16523.404
28,5773.479,15017.242
28,14148.425,16958.104
28,3229.2527,15850.47
28,7331.0273,3358.0857
28,8379.182,2079.3552
28,2887.7046,13785.686
28,5657.0146,12261.955
28,17659.34,9307.588
28,3651.7993,5497.0303
28,13693.118,15692.031
28,7046.4766,18182.479
28,15056.442,7867.6694
28,14259.741,12675.31
28,13261.182,3471.323
28,5233.7944,5919.487
28,18571.02,13900.161
28,14204.695,10385.598
28,14431.471,13032.223
28,6969.8457,7728.471
28,5842.5205,16085.698
28,14884.753,4480.0625
28,17248.482,13023.901
28,5006.7896,7131.883
28,1545.1024,13747.318
28,12884.601,11093.009
28,14024.491,6106.327
28,9372.844,11931.932
28,3007.4187,7943.513
28,15477.831,12863.702
28,14025.7705,14534.383
28,9407.293,17467.791
28,5212.78,3878.6833
28,13788.46,1940.2468
28,16085.749,6724.2607
28,15741.772,8936.744
28,15381.231,10591.246
28,15510.876,5778.0312
28,15217.32,16736.982
28,12019.842,2679.3665
28,3218.6228,15922.52
28,13097.516,11711.439
28,4155.3604,14576.751
28,14597.585,13341.068
28,14609.733,13012.488
28,19602.865,8000.937
28,15112.741,6267.638
28,15684.368,8379.53
28,11855.757,12214.744
28,15699.861,9386.473
28,15938.608,9619.909
28,3952.814,14597.832
28,2742.715,3122.2803
28,12563.365,7697.333
28,5696.498,5147.783
28,2597.516,2662.316
28,13609.048,12070.167
28,5978.287,4414.3525
28,13935.291,8721.169
28,2670.6096,7581.922
28,4481.1084,15796.85
28,12920.563,11710.794
28,15756.304,10220.57
28,17279.809,14428.055
28,6937.6157,7048.9565
28,15000.487,7493.884
28,2065.3904,15067.045
28,12898.403,3522.8147
28,16114.477,11568.827
28,2955.5447,7106.198
28,13830.406,14652.773
28,8054.292,2774.0498
28,15272.128,16598.617
28,7546.8486,5167.9106
28,1368.6039,6218.6274
28,2781.8052,4352.8936
28,5682.4775,6319.49
28,13226.819,8441.257
28,14629.766,7207.0947
28,15043.263,5958.086
28,14461.216,15221.142
28,6219.81,14418.412
28,11630.803,9818.899
28,15349.783,8727.59
28,17616.223,8964.676
28,5609.1587,16858.396
28,6742.798,4599.1973
28,5938.5396,17282.633
28,16472.033,13352.645
28,2365.4458,18773.562
28,1344.0721,17405.096
28,1565.9984,12333.925
28,15366.528,10499.98
28,16279.43,4505.7144
28,19209.213,14733.1045
28,7449.986,4319.353
28,5841.248,8016.752
28,3692.2168,13267.584
28,15871.293,2517.071
28,2219.7517,15654.569
28,6199.3594,2130.855
28,13699.688,14466.746
28,5015.9243,17868.465
29,10000.0,10000.0
29,16318.079,13767.534
29,8883.869,16730.148
29,13311.092,10127.049
29,17602.88,12802.021
29,7465.299,13188.416
29,14689.551,13651.871
29,4161.4067,14617.3545
29,15160.091,13055.332
29,7005.3647,14133.126
29,5727.9097,5078.805
29,15308.326,10405.922
29,15140.476,12842.064
29,4726.3755,4090.4194
29,14626.234,13895.446
29,19417.033,12438.094
29,14083.767,12915.377
29,15488.955,6268.5996
29,4790.413,17368.945
29,5533.6265,15701.156
29,6062.0874,3770.9617
29,4085.2617,5301.155
29,3725.689,17483.27
29,16293.961,9988.394
29,15799.905,10959.423
29,828.277,3368.2815
29,4016.2693,5273.9326
29,14988.634,16919.775
29,3809.5789,16246.529
29,17564.416,10501.706
29,4725.609,18629.854
29,15719.282,13369.767
29,14172.57,7302.905
29,15221.376,15522.236
29,7008.4443,0.0
29,3472.655,14074.882
29,4246.6396,11370.337
29,6961.172,14891.674
29,4292.3413,3072.0017
29,5185.1143,2125.847
29,2047.0619,12495.719
29,5397.2124,11930.741
29,6533.0703,4571.281
29,2916.024,16188.715
29,13897.745,12608.851
29,13877.9375,7262.4395
29,7795.94,17611.729
29,12057.297,8251.4795
29,8536.892,15490.535
29,16492.201,11787.441
29,14399.712,9141.647
29,3157.3167,13871.204
29,15358.402,14833.407
29,2480.172,4989.092
29,2984.4998,2031.0983
29,3586.2688,15980.626
29,18107.34,5652.9946
29,13906.58,12008.047
29,2315.2449,15801.867
29,6416.2324,5677.23
29,14773.458,3410.8123
29,6158.7583,5374.17
29,14242.826,5138.5146
29,15352.05,10660.279
29,17787.002,7314.4434
29,13855.022,8754.882
29,15170.773,8629.469
29,4429.3584,2582.5046
29,17699.941,10839.064
29,3516.0356,4034.323
29,8545.731,10236.628
29,15461.674,14675.263
29,13858.77,10269.966
29,2898.298,16588.307
29,16167.824,14628.424
29,6116.5444,9311.98
29,4488.9263,12898.881
29,17840.684,9821.6
29,12741.449,8873.821
29,6025.2686,14280.113
29,7481.151,6009.5444
29,18312.63,14453.691
29,1619.8046,15589.337
29,1478.2524,14757.993
29,902.4172,15362.739
29,11889.237,3091.988
29,7104.0347,11826.613
29,11697.391,11855.81
29,4185.9316,15802.826
29,4855.6777,6282.6216
29,6692.13,12294.66
29,5892.238,15893.08
29,4691.192,7167.859
29,10107.949,17782.309
29,5617.955,11843.423
29,15085.581,14643.773
29,14391.869,12014.245
29,2780.3093,15934.501
29,12013.501,6123.3413
29,3045.2173,7024.896
29,18865.064,6639.0947
29,4818.41,15332.248
29,13383.376,9853.792
29,14070.713,12257.355
29,15579.069,15869.519
29,16340.751,13170.868
29,7129.129,15874.386
29,6881.883,3420.792
29,11015.146,11103.19
29,11833.641,6461.349
29,13800.467,6991.225
29,4673.06,4547.817
29,4478.671,3480.2222
29,14314.056,11340.17
29,15680.016,3807.6387
29,14652.929,7367.663
29,13566.667,9228.503
29,12024.032,7637.837
29,11967.548,17879.88
29,13004.309,11879.368
29,3499.5315,3629.3113
29,2831.7202,4800.6104
29,8442.213,14257.574
29,15703.15,7080.268
29,3327.9612,17922.557
29,17096.24,15368.252
29,2019.7754,18702.033
29,15053.249,10740.339
29,14518.149,14777.368
29,20000.0,13581.347
29,15819.337,13275.434
29,8551.274,15453.535
29,3494.638,2842.0144
29,11862.328,14484.719
29,5290.4307,5836.8213
29,3468.734,3946.8748
29,1974.0823,6835.9087
29,6664.9956,18689.182
29,5093.446,14139.646
29,6843.5273,6682.5107
29,3018.7576,17666.527
29,6993.5376,14204.869
29,16728.414,7527.1025
29,15235.842,19082.242
29,12604.394,8679.699
29,14246.261,11935.637
29,13464.2295,14030.743
29,15177.414,6941.564
29,5777.9434,3287.4653
29,1838.9069,6309.543
29,13987.238,5556.9683
29,12191.139,17033.121
29,14646.079,17335.2
29,3745.996,13262.746
29,1386.5266,3213.8953
29,2407.684,3231.8118
29,1793.8574,13996.249
29,14934.811,7483.775
29,4209.7876,4973.8438
29,13564.704,11774.42
29,1537.319,1754.7404
29,17573.174,6848.5815
29,5230.195,4047.4927
29,15893.25,16808.588
29,5120.1895,7681.0015
29,4318.9077,14242.078
29,7535.853,7195.8438
29,13758.243,11716.556
29,3563.451,15310.585
29,408.5903,13111.4795
29,5450.3403,5759.3237
29,8083.5884,1158.05
29,5746.6133,5625.95
29,13758.575,10866.923
29,13450.22,12571.119
29,0.0,5081.4756
29,17700.734,15104.295
29,20000.0,10135.141
29,1656.6307,14522.772
29,7603.4463,6673.1367
29,0.0,4331.374
29,5302.5986,14436.314
29,16846.691,12733.636
29,2269.8674,7674.976
29,5299.0845,10905.072
29,9117.619,4408.0576
29,13978.559,3278.1902
29,5361.983,17572.879
29,2547.058,15466.839
29,14943.145,9241.355
29,15747.866,11479.043
29,9934.12,10512.2295
29,16155.42,11164.685
29,2082.5654,13153.881
29,18295.469,6038.4365
29,16681.004,16788.82
29,13002.484,9337.5
29,5050.552,2726.8462
29,17937.996,17231.633
29,12579.836,14630.247
29,5731.173,14001.447
29,11726.106,5503.0874
29,5250.378,3867.4182
29,11322.625,6659.128
29,16452.13,7596.3794
29,16993.709,11496.442
29,14664.506,10343.058
29,13759.142,18286.943
29,4419.5337,14134.738
29,6288.824,3324.4426
29,6261.1504,7019.941
29,1528.5149,6022.5557
29,14346.681,4085.5059
29,12394.203,10750.778
29,15114.175,7187.349
29,3469.0793,7502.5825
29,14174.809,6133.568
29,13442.463,12635.367
29,1487.5206,16392.139
29,8465.676,2131.3533
29,14897.495,3120.2446
29,16640.402,8288.491
29,13933.234,9572.529
29,8244.05,8376.26
29,4989.389,15687.991
29,7222.065,6173.9097
29,11551.34,7957.5723
29,927.0442,7622.8584
29,1387.9003,15323.651
29,5584.1436,5251.834
29,15486.235,10381.575
29,15935.164,12324.377
29,15197.498,8027.9116
29,5232.06,4629.97
29,5060.6333,14137.658
29,17288.426,11653.757
29,4288.104,8591.885
29,3840.9258,15665.006
29,10182.735,5998.1445
29,17666.154,7891.435
29,4936.92,15743.759
29,15426.505,12306.017
29,3003.366,12041.2705
29,14691.192,10563.016
29,18218.102,13664.235
29,13622.572,6705.4546
29,3837.7456,7721.4443
30,10000.0,10000.0
30,16338.674,5537.7065
30,12861.1875,13649.023
30,3433.0188,15254.552
30,543.72424,17588.568
30,16360.907,7522.9077
30,15526.803,14373.302
30,6164.2305,13913.497
30,4572.8633,14553.802
30,2987.541,17841.771
30,4609.4453,20000.0
30,16374.227,9834.496
30,18933.438,8228.0
30,16260.037,6833.969
30,18372.365,7719.8735
30,18124.521,13140.011
30,5548.7173,4080.9363
30,15151.799,6309.1357
30,3041.3782,3393.0898
30,705.33734,11476.356
30,14740.411,12778.292
30,6842.8076,3625.1243
30,4636.4497,7808.277
30,17515.707,9765.67
30,12442.4375,9279.33
30,16127.145,8053.8325
30,3682.279,6173.81
30,4557.357,12676.169
30,5689.081,13978.324
30,6915.388,13690.946
30,14307.412,11761.293
30,5988.4023,4333.198
30,13224.055,13860.761
30,6480.633,15406.343
30,14376.882,6880.2495
30,14931.868,13280.365
30,17792.248,15582.065
30,6513.1343,12879.43
30,17708.955,13166.563
30,2688.8523,2578.9978
30,16828.984,7728.6646
30,13117.245,8999.801
30,18437.238,13043.637
30,16807.36,5966.932
30,15857.948,7985.12
30,16065.23,12146.591
30,15963.784,6218.4097
30,10902.362,8034.9883
30,16218.291,8587.395
30,12942.147,10915.892
30,2625.5176,5264.205
30,4354.561,5162.4927
30,8059.5737,4084.59
30,15515.676,18571.225
30,5335.141,4093.6433
30,17144.17,11984.366
30,17269.725,12363.663
30,7074.4297,7532.881
30,5445.56,16924.611
30,16606.773,12544.35
30,6806.591,5553.857
30,3511.6401,13926.73
30,15091.553,14538.281
30,4053.236,18712.504
30,4105.414,13485.342
30,16883.418,10706.737
30,7197.748,13918.832
30,2900.328,6984.0415
30,13243.252,10751.847
30,12228.832,6936.6455
30,15571.938,9255.097
30,14128.029,10724.054
30,2219.3838,3774.4282
30,16906.516,5421.429
30,1217.8306,6845.2124
30,19680.457,15233.703
30,16711.648,6944.3276
30,4963.1836,14339.732
30,13311.61,6932.9946
30,11085.083,11189.608
30,13745.734,8581.672
30,5799.6655,13622.967
30,12976.906,9080.68
30,2621.5571,5659.2476
30,7556.457,13391.066
30,15186.297,14435.779
30,6625.7007,19594.773
30,14471.853,5288.3496
30,4474.289,16971.318
30,15902.152,7672.543
30,695.0707,1594.6248
30,11746.03,5809.7046
30,4794.4062,15211.738
30,9480.132,3250.3618
30,6468.919,7073.2427
30,6534.659,850.3525
30,15163.774,11618.106
30,17450.96,11506.056
30,15290.934,14697.346
30,15379.448,12275.421
30,13324.5,9155.498
30,2870.564,6674.8364
30,6838.347,5865.2866
30,18034.084,11371.379
30,3959.837,6525.85
30,6021.8335,1891.048
30,7877.511,13846.979
30,5048.3135,13457.879
30,898.05396,5177.176
30,2171.1572,16681.924
30,6009.128,3916.8765
30,13415.087,5359.21
30,14961.437,5789.6455
30,11045.323,6214.9414
30,13973.602,5895.53
30,4675.5703,13717.941
30,14784.363,9422.421
30,6790.6333,14797.024
30,6073.818,15295.649
30,3963.5308,553.07825
30,14609.324,17875.457
30,7963.789,5418.297
30,1987.9777,6934.6006
30,18143.428,12884.404
30,4174.2,7676.1533
30,2176.1592,3730.9226
30,17280.61,11227.569
30,1129.6769,14205.458
30,5683.4683,5280.295
30,14546.437,13597.371
30,16577.049,8765.608
30,14625.416,5187.195
30,11887.041,10203.461
30,16909.791,8038.19
30,13652.47,15865.81
30,3159.6946,13388.82
30,15019.356,12606.984
30,5981.892,3294.8142
30,3882.6604,14987.506
30,19234.941,8952.382
30,8695.097,15016.458
30,7490.3574,2918.9253
30,7110.922,15524.953
30,4427.2773,13071.709
30,12794.705,12227.893
30,4649.2207,8417.556
30,5134.6006,12964.262
30,3405.6438,6684.778
30,16874.127,11152.629
30,15637.584,10579.882
30,4672.882,2991.4001
30,14212.828,11831.006
30,6109.8857,3994.8594
30,2634.5344,1876.441
30,4914.3433,4059.746
30,14629.771,13726.802
30,10696.795,5133.9062
30,13285.88,13104.969
30,15803.383,11260.525
30,16832.197,5329.4487
30,14863.074,11932.532
30,5344.743,2323.6143
30,3156.9292,15633.914
30,12989.982,4464.339
30,17892.494,7102.5903
30,11253.442,5374.793
30,6855.3916,4918.518
30,13964.289,9989.851
30,20000.0,16054.15
30,5490.679,5544.431
30,5658.3994,3947.7483
30,7363.2026,10191.305
30,3555.7263,714.0369
30,3608.1396,12745.995
30,2659.012,3221.9558
30,17172.756,16091.59
30,16158.17,9494.472
30,4169.452,18061.553
30,16294.441,10273.584
30,16003.39,12709.643
30,5570.602,9664.88
30,14920.767,10477.893
30,5074.8164,4178.083
30,14332.731,14984.02
30,12692.038,15458.823
30,2226.903,13297.996
30,8183.117,17669.205
30,14028.639,10677.749
30,614.5027,5643.0977
30,6281.4175,16882.193
30,13699.252,5423.1216
30,8000.0093,8564.214
30,890.1917,18249.281
30,16574.959,16938.441
30,7636.718,5833.652
30,11481.572,13701.311
30,16007.998,12173.892
30,98.34409,16505.111
30,8116.209,5276.373
30,4804.872,6319.603
30,1877.141,2534.3655
30,5737.644,14204.853
30,16496.785,14124.073
30,12939.592,10167.471
30,15547.305,9393.889
30,12410.321,13702.866
30,1997.6587,8183.058
30,746.56396,5327.7065
30,3508.1418,14201.343
30,17359.602,7200.5034
30,16412.07,7785.025
30,4985.7,6122.0415
30,2455.175,15019.601
30,4951.402,11598.801
30,6497.4434,7276.0566
30,6718.0293,18756.498
31,10000.0,10000.0
31,7981.4883,7377.8228
31,13639.17,8237.944
31,15728.805,7594.0063
31,2055.6035,6096.3315
31,12039.46,9531.319
31,7753.0483,7866.992
31,6063.6533,15444.261
31,12716.068,17321.271
31,13852.638,10466.861
31,14351.66,16537.451
31,16002.137,4677.2075
31,5253.6255,8531.246
31,16747.46,12205.912
31,3983.3196,14150.369
31,12093.944,8913.233
31,4109.2446,0.0
31,13449.394,15934.917
31,6754.616,16038.177
31,15133.823,12355.492
31,2604.9465,3313.0298
31,4324.7427,4930.69
31,13887.131,4313.659
31,4281.87,3973.4058
31,4302.5034,16445.14
31,14709.799,6839.673
31,4642.2393,16220.224
31,15258.595,7691.8525
31,19539.758,10733.816
31,12215.579,9313.396
31,4956.8345,13475.395
31,3667.1145,14845.468
31,5940.8047,17253.102
31,7159.2144,15284.105
31,13029.542,8400.269
31,6428.3257,11939.574
31,6260.0903,15550.444
31,15654.123,7932.221
31,14036.039,13968.123
31,16941.664,6685.364
31,14001.306,11797.336
31,13315.232,6683.277
31,12833.486,15454.891
31,18624.049,10678.193
31,13732.991,11458.629
31,6984.922,1572.771
31,7196.3105,8839.39
31,16535.678,8368.241
31,7564.65,14733.517
31,8977.848,5165.4556
31,14530.398,14942.034
31,6275.004,4731.175
31,15158.215,2928.1543
31,15221.144,10928.0625
31,2426.4211,12283.22
31,5625.9175,15985.658
31,2191.9558,14677.743
31,16059.315,9395.692
31,15963.97,10704.133
31,13054.587,4512.5483
31,11214.05,12822.444
31,9615.886,7255.8936
31,13673.239,11078.5
31,14314.623,8127.081
31,14672.877,11454.328
31,5756.6357,3511.0317
31,16182.669,8805.427
31,16215.334,7839.349
31,163.35092,5817.176
31,15644.571,10796.662
31,14906.073,11196.071
31,5139.7866,5665.335
31,13541.191,16074.998
31,5076.237,15371.029
31,17639.715,7530.5527
31,13898.854,12827.205
31,13171.795,8769.514
31,1228.3893,6520.276
31,3168.5173,16155.896
31,4027.4307,12880.795
31,15012.817,14312.831
31,12715.385,13445.97
31,16513.293,9678.682
31,5146.883,2478.672
31,5867.229,3611.1707
31,15547.758,14887.594
31,8649.723,15009.78
31,3215.8909,17693.58
31,15294.907,4758.216
31,16209.232,9792.58
31,13490.842,6001.757
31,16356.302,12696.171
31,3699.0935,17163.156
31,4361.3003,5175.326
31,15646.745,9472.874
31,14633.849,14251.58
31,5604.2534,6831.5137
31,13691.798,7946.1123
31,6134.041,4828.6777
31,15710.319,6518.592
31,6223.731,7002.041
31,3344.1565,4072.5505
31,4008.7676,4237.3164
31,3886.2417,7334.319
31,4384.29,6242.775
31,13966.697,11356.419
31,3573.6243,16422.025
31,10468.146,2496.4258
31,6074.7725,18795.393
31,14873.614,4793.4956
31,8120.313,6932.4673
31,5390.811,16355.186
31,15041.98,4980.7866
31,2363.3171,15116.1875
31,12583.787,10963.832
31,12430.803,13057.042
31,4092.2537,5448.4336
31,5682.1465,12033.48
31,4715.784,16697.963
31,12100.167,7079.893
31,3153.9543,12854.371
31,8470.551,5387.3735
31,7959.327,3700.9934
31,13980.606,4797.0327
31,13594.04,11131.672
31,3804.7131,0.0
31,16117.431,11777.605
31,15194.788,10844.953
31,17078.518,9557.651
31,6022.472,4462.158
31,12752.458,10192.654
31,8102.6104,17481.764
31,15283.458,8853.365
31,6331.354,14435.127
31,15097.488,7612.926
31,1756.3857,14345.473
31,6671.272,5119.9604
31,4547.3687,4454.4375
31,7111.361,6738.6265
31,14940.354,13455.349
31,16150.193,8994.838
31,17600.898,10321.701
31,6060.6323,18659.652
31,5744.221,6970.613
31,4026.4065,5400.792
31,2391.2356,13836.022
31,6200.646,18808.525
31,6338.0786,12392.834
31,5967.114,9983.645
31,12877.339,7634.633
31,12997.236,17003.5
31,13847.929,7406.3364
31,3526.9902,4304.948
31,2563.505,4404.335
31,14019.883,11629.651
31,0.0,5920.3257
31,14685.5,12433.173
31,14405.696,5242.839
31,3462.5554,4879.4917
31,14030.852,14099.483
31,14844.945,8147.858
31,6408.683,16839.303
31,485.44702,14751.316
31,15799.19,14837.737
31,1996.259,16452.004
31,6926.744,16716.605
31,16879.385,8393.275
31,16405.443,7238.3574
31,2812.5408,12539.745
31,13468.738,7175.7485
31,15035.13,10580.446
31,5676.796,13594.168
31,6069.3975,2632.1028
31,5077.706,14342.58
31,12118.834,9328.364
31,15963.292,4698.787
31,7647.3423,4896.7993
31,5832.5273,13884.219
31,16537.055,13346.42
31,15426.722,8262.995
31,5005.6655,12247.223
31,15746.66,5846.8853
31,14391.531,6329.8345
31,4259.6274,5916.28
31,4430.0044,15053.263
31,1383.1364,16999.014
31,7219.0015,13603.918
31,5524.1973,14427.091
31,8439.116,2859.012
31,2454.687,12114.657
31,7737.034,14023.015
31,6009.106,4100.9175
31,12306.161,8094.4673
31,8159.6704,10718.308
31,1959.1901,2877.8428
31,18750.295,13512.116
31,6158.5283,15167.1455
31,4784.3174,14525.809
31,1733.2781,10954.636
31,5135.168,14508.189
31,7293.03,2783.0457
31,2608.2893,17918.977
31,8159.514,14615.996
31,5205.3936,7960.637
31,3325.808,13726.212
31,3420.4048,6822.1953
31,15290.636,8793.396
31,10410.654,6378.017
31,16395.879,10680.134
31,16533.195,8030.342
31,11310.127,10535.02
31,8145.8296,16988.344
31,16399.688,6016.6606
31,8705.081,14534.024
31,4826.0933,17131.018
31,3652.7947,7139.4463
31,3696.676,14374.706
31,16252.786,6867.221
31,4029.4302,11846.754
31,14685.001,9108.871
32,10000.0,10000.0
32,15155.54,7761.6006
32,14511.306,14569.345
32,15515.993,9227.891
32,4955.406,12910.682
32,15540.506,5252.442
32,2977.4333,19059.953
32,13867.881,13929.591
32,2104.5706,14449.821
32,15316.785,5043.7153
32,3569.8413,17677.02
32,7581.769,15181.942
32,15695.889,14941.465
32,5422.543,8087.852
32,6027.696,12674.466
32,6558.61,5664.2246
32,15217.202,7732.7817
32,12294.767,7076.2812
32,14022.09,17654.555
32,15999.651,10828.641
32,3420.943,8506.393
32,4764.299,5643.463
32,13722.669,15859.925
32,1226.8302,5802.578
32,15212.37,8210.036
32,18127.857,9493.574
32,16997.307,10568.2295
32,14093.909,5062.6396
32,7447.868,16897.45
32,19636.326,13784.675
32,15409.272,12797.592
32,12019.361,9370.087
32,4319.0547,14394.216
32,14334.182,5498.82
32,17689.48,5498.358
32,6543.0195,13893.441
32,19130.424,4562.172
32,12736.733,7055.8247
32,5670.667,5388.9688
32,7685.4033,2311.1604
32,3762.7588,6696.622
32,15794.827,13866.38
32,8157.775,16118.319
32,4865.8457,18200.541
32,15619.735,10562.578
32,13818.517,8965.259
32,5464.9546,8856.806
32,14708.703,9303.773
32,4616.1875,15453.237
32,8515.598,6279.2417
32,6688.871,20000.0
32,2239.6035,16612.309
32,2996.1948,3640.6653
32,6505.4414,11546.529
32,1146.4425,5755.0874
32,7038.5654,20000.0
32,13980.184,6513.284
32,3316.2341,5115.796
32,4359.3135,7818.578
32,6486.5166,15717.635
32,18964.5,6272.8843
32,5883.261,15363.7295
32,14096.197,8605.64
32,3175.265,5408.846
32,5993.059,4568.327
32,17297.633,10896.561
32,5564.432,16922.578
32,11092.161,9214.681
32,14931.961,13090.093
32,17151.146,7159.5674
32,5150.359,16201.449
32,13810.913,12067.252
32,12548.344,9835.226
32,13519.199,9125.593
32,6046.3335,5217.3228
32,4029.3694,17709.979
32,3240.9316,4409.5693
32,3054.091,15380.68
32,6886.846,789.9373
32,5705.4985,4974.1274
32,5538.6626,9892.862
32,12929.263,14364.652
32,13625.358,4697.0635
32,16077.517,6655.886
32,6259.2163,4986.092
32,17047.303,11423.901
32,5458.8257,3310.6172
32,5132.044,18561.508
32,12879.97,10866.283
32,2414.4502,3957.3142
32,7609.849,12839.692
32,16535.148,9806.058
32,9476.805,18888.307
32,13407.842,11855.987
32,4446.472,3691.0632
32,16035.396,8958.822
32,15011.21,5264.403
32,14838.254,14232.367
32,5062.3335,15855.136
32,15315.327,10057.21
32,18461.201,8084.33
32,7669.6978,12620.257
32,5731.4224,14665.827
32,3367.8362,13637.047
32,4349.6255,14529.868
32,4654.8125,18039.469
32,7080.52,19206.629
32,4170.021,2571.9297
32,5143.401,13407.64
32,14980.121,10904.689
32,18171.697,15569.741
32,14640.373,14012.213
32,6013.0586,5220.5205
32,407.08856,15479.945
32,11767.937,15282.553
32,6966.234,12317.202
32,4797.066,5488.219
32,851.0016,13347.163
32,7020.3945,15795.179
32,4420.9487,6148.4995
32,4477.9546,14368.234
32,4072.0352,13583.072
32,4231.3696,7049.6216
32,2326.0608,3346.3203
32,12715.352,2741.0364
32,2862.2178,5338.8203
32,801.2294,14900.693
32,13751.39,6499.905
32,16704.074,8085.5557
32,7436.1895,15389.1455
32,18590.59,7136.2046
32,20000.0,7633.1963
32,17863.352,6602.361
32,16166.775,11293.249
32,952.9905,4611.8228
32,12094.554,9937.839
32,1991.9208,5524.555
32,8634.137,3415.84
32,17151.736,8816.246
32,7275.596,16875.121
32,12025.232,12774.837
32,13759.084,12747.589
32,13416.293,6661.5967
32,11113.207,8945.095
32,5569.8755,4068.4644
32,6138.637,11851.814
32,3538.037,14944.721
32,17677.586,7089.4062
32,5371.778,13609.3
32,4882.169,18167.799
32,17115.184,12116.851
32,5619.054,6382.5625
32,4920.1084,14875.396
32,14106.096,6018.4487
32,16138.682,5791.4717
32,12260.701,10929.0205
32,1697.6605,6103.485
32,6014.8496,5352.2144
32,7081.3906,14014.751
32,13279.114,9450.284
32,14781.177,4266.259
32,11917.1045,10328.384
32,13648.628,15298.63
32,4751.6953,13893.674
32,6474.056,5086.678
32,6911.1206,5365.678
32,7145.0654,12737.084
32,16189.167,12416.263
32,4549.7515,2689.3843
32,8610.128,3246.047
32,20000.0,7359.9873
32,1447.0211,13965.769
32,13496.81,10361.356
32,4381.1094,17638.438
32,4028.047,3045.837
32,17196.004,12393.24
32,6951.932,5950.274
32,16763.504,10472.862
32,19676.662,13461.538
32,2882.5652,3126.1082
32,12653.453,17836.305
32,4060.942,14887.776
32,5907.514,5137.3105
32,15468.161,10087.831
32,9216.421,4482.653
32,11493.916,15560.345
32,7591.484,5699.994
32,5268.5757,9345.543
32,9974.636,5707.8496
32,14676.347,11437.084
32,16204.597,14593.15
32,2719.4048,3334.0615
32,4305.4004,17196.623
32,4703.9766,4316.903
32,5335.3774,11575.984
32,16394.414,11471.715
32,7814.163,10404.189
32,16888.912,16418.904
32,15856.22,8136.8257
32,7429.686,18138.691
32,4961.3765,14485.841
32,9465.969,19089.186
32,15748.355,8231.74
32,5196.0312,545.92065
32,4737.856,3110.809
32,13165.784,12629.859
32,2732.9854,6778.975
32,15519.765,9280.001
32,17215.133,12696.978
32,6521.106,4480.2764
32,16895.824,15087.148
32,3704.6,12578.696
32,12259.088,9202.513
32,4324.9507,11598.002
32,16136.857,6200.1084
32,4029.936,4148.922
32,7808.9204,6421.8916
32,14443.364,11442.303
32,3285.0413,3752.5842
32,17150.129,10465.404
33,10000.0,10000.0
33,14566.507,12360.969
33,13658.945,4761.498
33,20000.0,5800.155
33,16228.385,15414.203
33,6986.991,14338.905
33,13142.93,6447.741
33,9644.695,14436.289
33,15135.863,15848.793
33,17500.816,7498.56
33,13496.506,19021.332
33,12528.92,10989.542
33,15573.083,11139.984
33,5901.287,3212.1045
33,4448.0596,12077.638
33,10342.566,16886.725
33,12923.863,7559.4062
33,2442.2234,3752.2893
33,6061.3867,14005.589
33,7089.603,15456.981
33,18376.275,7472.2104
33,15966.142,8949.521
33,1454.0237,4654.9165
33,4737.1245,14688.246
33,4850.1943,2881.925
33,16879.031,15046.741
33,13427.765,10417.023
33,17404.098,14494.404
33,15814.88,5387.0425
33,2496.141,4060.1213
33,14627.87,12567.749
33,8630.248,1249.2738
33,5540.9004,7856.6323
33,7477.5933,7708.0957
33,14361.46,2544.0483
33,13710.889,10324.119
33,4936.3945,17158.42
33,16060.178,8177.7256
33,15359.883,8213.377
33,15510.647,11752.215
33,12793.35,7351.4136
33,6578.674,6091.9185
33,7693.919,12235.461
33,15844.715,6578.493
33,16923.87,12107.6455
33,12683.119,5058.725
33,13949.937,13557.099
33,4740.0767,5141.9297
33,15507.954,9546.645
33,8459.307,15452.455
33,15643.673,11701.969
33,12135.563,12306.637
33,14185.018,11317.278
33,11925.337,6636.9453
33,2385.8792,16895.934
33,12296.236,10810.942
33,4407.94,4728.3774
33,12749.863,17385.63
33,2980.299,12605.375
33,13473.08,15204.667
33,4203.8286,9604.107
33,5384.9277,19441.85
33,6603.681,17367.215
33,14457.055,17729.725
33,2939.251,12767.626
33,4296.152,4409.0854
33,15024.632,6136.707
33,6423.577,20000.0
33,12936.795,8360.983
33,5955.915,5847.748
33,13866.993,11949.382
33,11905.105,17348.8
33,16218.849,3687.835
33,3190.4026,5309.015
33,12082.706,9195.18
33,5686.947,2080.4504
33,5735.723,13878.113
33,7492.1177,14690.076
33,11964.754,5909.5933
33,15940.887,12194.165
33,7300.2944,8446.803
33,14739.815,9628.818
33,18833.043,10647.125
33,4845.422,2128.198
33,1766.1509,13151.559
33,17500.842,11537.916
33,5742.8145,17169.85
33,17151.598,13265.39
33,1254.1947,12725.831
33,16423.633,4079.1257
33,17026.846,13677.348
33,5924.396,11875.283
33,18076.588,5792.63
33,16219.334,3289.371
33,16909.62,9156.26
33,7134.617,3037.148
33,11761.621,3774.514
33,17897.06,13291.244
33,15973.102,6979.4478
33,10617.736,7819.496
33,14430.619,8925.699
33,14956.679,13085.026
33,13609.574,16601.834
33,4786.235,17618.518
33,5036.6274,13676.626
33,6195.2256,14634.78
33,10621.978,9313.249
33,19094.242,14496.302
33,3639.0466,15781.751
33,17339.484,13498.345
33,11676.735,10925.534
33,4557.053,3154.522
33,7982.4478,14721.451
33,7728.3047,14211.383
33,14255.299,9722.269
33,17059.781,7757.4863
33,7109.153,5068.5757
33,5845.823,3182.1006
33,4338.5137,7600.035
33,6245.08,5949.148
33,19248.209,14039.702
33,5642.24,1633.3236
33,12412.8545,13048.209
33,7287.94,13294.779
33,15185.027,13342.214
33,6165.9873,4613.9287
33,5689.197,5219.4487
33,5634.046,11846.71
33,17395.51,7065.092
33,15359.151,12394.319
33,13545.185,10232.799
33,16927.838,5554.4966
33,13535.217,15483.8545
33,11758.421,16143.646
33,4935.8193,16477.775
33,17878.379,13773.234
33,15753.143,4810.634
33,4627.0435,4822.207
33,6663.7563,14939.453
33,2236.5918,3804.7407
33,9644.473,4865.086
33,7202.2607,17826.697
33,2996.0615,18206.33
33,817.2029,6253.308
33,12584.429,17348.244
33,5996.687,18559.37
33,16142.768,10949.646
33,14175.413,10650.724
33,16057.933,8441.126
33,17855.848,7362.577
33,17156.27,9928.755
33,4687.829,6797.736
33,5473.998,17312.045
33,3716.8762,13492.69
33,3621.2341,3245.3535
33,12682.245,8044.009
33,6062.669,1461.678
33,4239.2656,16861.266
33,4535.1777,3725.7903
33,8976.77,4900.5454
33,16650.973,4941.2954
33,4758.388,6578.557
33,6137.66,2432.8755
33,8813.444,7714.513
33,15371.586,13252.292
33,5313.339,5426.5063
33,2743.159,3681.2656
33,7140.3784,16282.658
33,12518.129,6718.874
33,12482.752,9744.653
33,3081.7551,1650.5195
33,6889.962,2064.8167
33,2807.495,1996.5137
33,20000.0,13706.9
33,5827.252,5153.708
33,1061.8604,14865.131
33,17111.285,12687.443
33,14212.628,7311.3364
33,16158.509,14589.609
33,17909.37,10481.5
33,1929.6458,17536.717
33,10792.228,11249.892
33,4854.1816,18343.145
33,6709.684,13235.406
33,15819.402,11490.285
33,7825.3115,7981.815
33,2341.8982,14692.644
33,4858.812,13835.052
33,4738.9355,6212.1895
33,15591.165,7239.4795
33,17179.531,14340.225
33,5407.3228,13575.456
33,5944.0137,5848.5938
33,17733.883,6203.906
33,17268.03,8021.337
33,1881.9515,7334.594
34,10000.0,10000.0
34,5420.6787,13062.547
34,4849.7524,16457.826
34,5485.883,1373.5264
34,7216.4805,6904.7837
34,5961.7715,20000.0
34,2926.5847,4163.4595
34,6466.0513,5628.7993
34,15700.962,4676.3203
34,16459.664,7671.0786
34,3263.1252,17236.156
34,1435.3169,16571.271
34,6616.3945,5479.1665
34,16500.096,11350.092
34,9596.46,18734.15
34,3865.3337,16421.887
34,7371.756,14722.15
34,15903.838,5507.4
34,15277.885,8998.356
34,7151.5967,5917.5005
34,5991.2773,6924.5527
34,14814.287,6864.4863
34,2135.7444,4682.554
34,4523.496,5407.4165
34,13534.49,11444.924
34,7649.2466,7375.3906
34,12958.216,11649.381
34,17095.797,14077.095
34,13339.268,10764.267
34,19122.209,9953.175
34,6168.236,8981.018
34,11755.947,11452.796
34,3431.5898,16188.287
34,7132.7266,5123.7925
34,14914.715,10516.353
34,8346.823,3355.1162
34,15615.62,15419.158
34,1006.5719,4943.6294
34,0.0,17933.066
34,19726.238,9703.436
34,15155.819,2206.9011
34,3734.5115,9922.175
34,4511.6245,14230.543
34,3448.2883,17059.346
34,16096.37,7192.159
34,3043.9658,14515.668
34,3419.9485,13715.195
34,3076.9229,13157.417
34,12077.742,5949.9204
34,3320.22,15853.784
34,5447.679,4933.6484
34,12584.022,10828.018
34,4951.597,12085.195
34,15243.99,7830.6978
34,16243.197,8320.084
34,19665.586,9122.647
34,15766.816,16254.274
34,17417.549,7625.858
34,16000.523,11917.139
34,8802.195,2944.8762
34,5199.452,3906.352
34,14473.974,12180.571
34,16964.46,6877.1113
34,5532.0576,6987.156
34,8345.358,5720.3965
34,16447.178,8447.083
34,3849.172,6112.517
34,14385.649,8395.84
34,3981.021,14353.08
34,15623.331,5458.5728
34,16619.857,14864.958
34,5134.8354,2364.2063
34,7283.26,12260.832
34,15078.25,13129.114
34,17769.602,9849.54
34,6324.984,17067.426
34,16961.916,16554.705
34,4117.934,13211.486
34,4975.956,2825.9004
34,11357.609,13542.058
34,16019.973,6083.5293
34,7980.6143,14433.389
34,15700.503,2589.6543
34,15146.064,7890.605
34,3454.2756,6537.2363
34,4456.142,12990.988
34,9177.553,15810.232
34,2592.8213,14048.846
34,5749.6816,14564.432
34,7068.178,4106.5854
34,12677.347,10802.679
34,16921.102,9041.263
34,13017.597,6727.287
34,13384.902,5309.293
34,10030.038,10242.891
34,3892.2637,6206.1133
34,2589.6855,2879.0286
34,15605.601,7277.5596
34,16344.352,9815.089
34,6615.746,14646.433
34,14570.853,11122.126
34,4041.282,16265.615
34,4014.3853,6591.082
34,6715.2065,7478.291
34,3797.313,4594.418
34,13311.376,8345.673
34,15772.32,10934.323
34,3486.4207,15606.66
34,7258.55,5364.672
34,4177.864,10617.533
34,5192.1255,17648.482
34,5547.6597,5471.1245
34,14559.004,13859.364
34,13993.971,11677.407
34,1452.4825,5847.2266
34,15525.504,20000.0
34,7609.2495,12880.37
34,5152.88,10039.761
34,4280.2383,19507.947
34,8382.2295,14198.011
34,5457.067,13807.7705
34,5720.611,13550.248
34,17465.4,8366.67
34,14377.362,11206.2
34,14163.076,7176.9478
34,2890.8816,5043.0034
34,14586.063,12649.83
34,14225.996,13222.139
34,6888.3706,4768.349
34,19248.965,9248.098
34,4524.7393,13715.181
34,17023.916,10496.212
34,14171.963,5837.1094
34,8031.9194,14289.376
34,2573.383,3582.286
34,4636.271,13451.839
34,5914.9917,14247.634
34,5334.6865,2632.25
34,4010.8982,13875.012
34,5838.264,3887.115
34,17961.904,7006.9287
34,15099.549,3888.0059
34,13874.6455,7399.8228
34,15883.62,9488.048
34,11113.28,9809.07
34,10032.581,12656.844
34,2479.3381,16301.355
34,17225.162,13175.558
34,4579.581,5272.7363
34,3046.747,14859.156
34,4634.5034,11343.117
34,3472.383,2636.5718
34,3591.658,3825.4995
34,15310.179,7773.1943
34,3155.7207,5918.319
34,8439.545,14461.955
34,6479.832,175.93156
34,15564.083,11380.368
34,16572.555,4867.732
34,5290.9644,5088.1367
34,15771.491,11283.132
34,15716.511,9787.553
34,4092.93,18271.422
34,14598.417,8154.482
34,17014.947,4205.5176
34,10685.18,11745.032
34,17041.389,7486.373
34,6924.39,15906.928
34,5804.718,3006.212
34,14036.562,14458.002
34,13699.708,7584.9697
34,16261.446,14097.464
34,1141.3553,16312.567
34,15401.296,11934.857
34,15242.52,15290.486
34,17079.84,13580.323
34,12629.614,7108.328
34,7001.718,5733.1
34,14696.426,20000.0
34,17151.924,12968.789
34,16287.792,13334.817
34,3029.396,3006.6052
34,12591.34,10078.518
34,6453.647,13910.851
34,13981.779,16684.342
34,6108.8735,17733.334
34,18235.047,9689.956
34,15561.053,8429.081
34,6251.0376,15986.035
34,20000.0,12227.553
34,5832.91,8733.447
34,16150.356,6486.3203
34,13411.816,12003.064
34,4588.73,15475.3545
34,15061.604,12207.876
34,15715.037,6183.977
34,4018.6282,14093.7295
34,12680.696,8170.93
34,18110.293,12432.985
34,5667.8994,7103.1133
34,19084.547,11258.189
34,16206.377,7255.3716
34,11376.893,13320.58
34,5131.733,14410.05
34,3488.3577,4717.0024
34,5557.5107,2534.483
34,1950.8092,15348.721
34,15318.078,11731.795
34,14651.753,10498.642
34,5646.401,4693.6865
35,10000.0,10000.0
35,4497.1445,10963.419
35,4833.7275,15465.811
35,3884.7144,13234.84
35,15619.499,11981.106
35,3485.3247,15421.092
35,16067.227,16216.979
35,16491.14,11458.847
35,7704.474,5875.496
35,15550.249,12934.963
35,8943.688,15915.458
35,6750.5933,17905.262
35,5970.771,6231.741
35,3420.764,3410.3015
35,13305.25,10898.479
35,4465.6,1324.5173
35,17767.775,6542.8745
35,4037.7927,5576.4727
35,6183.2847,5752.4556
35,16227.857,6023.312
35,17460.69,12998.558
35,3894.692,14991.353
35,4137.7603,11947.154
35,4084.9548,17919.37
35,5222.246,1014.15704
35,13974.306,12422.138
35,15683.17,8553.502
35,4712.106,15970.176
35,6374.382,9094.762
35,17387.309,12297.437
35,5602.462,13480.299
35,12863.146,8049.866
35,14450.674,7568.9717
35,4253.2417,15676.983
35,14999.315,12256.4375
35,0.0,16805.766
35,19627.959,12491.726
35,12864.684,14711.565
35,13318.215,4815.2974
35,4055.4175,13057.108
35,4502.968,3266.4072
35,15310.403,8707.718
35,6287.2114,12989.123
35,4049.6228,14495.009
35,5693.8267,8054.7773
35,12402.089,15333.416
35,8165.174,4665.809
35,15232.839,13066.179
35,15233.607,14048.361
35,16190.374,3471.4534
35,3633.8044,15640.98
35,10686.91,3884.736
35,1174.0659,13638.938
35,3870.2952,0.0
35,999.2758,14839.941
35,14374.299,11607.929
35,6267.248,4230.3467
35,5428.9263,4213.131
35,12167.3955,8161.641
35,15481.164,4013.2302
35,5409.5303,4702.354
35,13204.844,6999.9614
35,15145.915,8665.293
35,13358.244,11095.434
35,16168.248,5693.2725
35,13555.991,4995.685
35,5171.435,4128.5835
35,14411.89,8404.251
35,12145.081,11602.9
35,12492.961,9564.59
35,1969.0267,14108.867
35,4891.9136,15683.332
35,15382.076,8814.695
35,6021.239,14963.908
35,12816.4795,11695.236
35,6355.29,17645.338
35,14075.696,10847.847
35,14383.328,10316.764
35,2947.023,7872.822
35,13768.19,3091.627
35,4214.736,7390.383
35,3820.8386,8300.682
35,5475.137,2013.9685
35,16469.326,5605.595
35,14909.86,11746.625
35,6771.5977,3243.6716
35,8126.914,15399.106
35,6667.554,3842.3958
35,14178.884,13450.747
35,14870.32,7637.595
35,14691.932,12421.188
35,13312.919,12084.622
35,12733.531,9087.359
35,17969.553,7212.3716
35,15104.791,9487.58
35,5616.0684,13846.223
35,14312.229,5142.973
35,3749.1838,17325.75
35,6401.325,18385.53
35,14689.529,7940.9565
35,4851.5464,16371.056
35,877.6247,6287.1455
35,0.0,4281.603
35,13336.82,7624.186
35,5654.1826,15722.033
35,3461.062,3742.441
35,3680.396,13445.136
35,4282.343,5221.098
35,3590.226,14208.954
35,2442.3623,15033.133
35,6164.8604,5871.274
35,9102.991,14097.231
35,12934.344,6239.001
35,2293.4448,8606.877
35,3804.3206,11262.093
35,8402.981,7936.361
35,16093.714,12177.32
35,4473.2505,4196.862
35,5713.074,13857.571
35,3674.1218,3834.924
35,6974.5693,15480.965
35,2061.2507,3804.5928
35,16052.286,9376.772
35,6127.7007,13082.301
35,2190.0413,15658.381
35,16382.693,15542.621
35,11493.69,13706.432
35,5654.421,13307.672
35,7454.1914,16315.447
35,4441.7114,13966.376
35,15837.55,5436.613
35,11605.774,7015.119
35,13814.429,7359.2324
35,2385.98,14929.718
35,16182.121,5151.751
35,15010.82,5369.805
35,3515.204,15475.957
35,14634.593,10513.357
35,5770.759,4221.55
35,2979.9207,16437.824
35,7188.781,6270.727
35,6328.282,9081.914
35,17649.6,18068.076
35,4054.725,5194.4604
35,3222.1882,6569.3003
35,14595.292,4661.4233
35,16722.408,8584.512
35,6010.1396,5973.4614
35,7578.072,3888.838
35,747.0857,6409.3594
35,4346.23,5839.212
35,1945.5635,5601.6875
35,17426.014,4763.3154
35,719.7371,2279.231
35,11794.274,7098.416
35,12785.592,8210.425
35,16211.645,11821.674
35,11844.674,10442.019
35,2115.241,18188.398
35,14539.061,10453.56
35,13659.355,8686.262
35,13769.145,12751.037
35,7748.0894,5823.4873
35,4150.3364,11581.35
35,18904.605,13067.651
35,1449.0338,17162.088
35,6131.921,5101.5757
35,6847.15,6518.69
35,15973.643,7143.734
35,5120.7036,13263.24
35,5416.64,18169.957
35,308.3289,2270.0273
35,16446.43,6125.246
35,10782.8955,8626.694
35,7055.069,6517.4644
35,5961.5044,17301.64
35,6777.8994,16816.533
35,8507.97,13715.488
35,8098.2773,5651.7373
35,3420.087,10788.374
35,18008.588,10894.166
35,15225.338,3860.4082
35,13971.038,9442.178
35,5548.4077,7899.819
35,17073.818,10206.028
35,6943.715,2369.9622
35,7914.56,4716.326
35,15515.728,7659.34
35,3487.5203,13945.17
35,16050.296,13540.858
35,11097.11,12337.805
35,5763.243,15211.916
35,16311.804,7683.8184
35,16647.744,9517.422
35,15346.465,5359.748
35,6575.471,16417.805
35,17346.59,8049.291
35,8920.758,15451.036
35,3415.3833,13346.754
35,5383.4673,4646.396
35,3145.0017,4780.005
35,16103.551,10486.927
35,15285.781,8223.042
35,16250.766,10385.757
35,12826.919,12433.207
35,2379.0452,13066.203
35,16052.792,15772.267
35,6533.225,14687.091
35,10407.57,15955.11
35,5648.6943,14478.504
35,15446.671,4369.0024
35,4995.7236,5165.747
35,11026.565,16379.757
35,16997.652,5745.337
35,6185.653,6319.7925
35,18051.09,14653.038
35,5241.0024,17179.672
35,3537.3762,12190.529
35,7054.063,7881.643
35,12467.97,9844.6455
36,10000.0,10000.0
36,8581.585,13994.978
36,3970.8933,17618.793
36,13817.201,11790.119
36,12088.657,15429.514
36,8564.448,14818.21
36,5329.551,5074.6406
36,17621.7,10189.296
36,7872.085,15880.769
36,15876.857,16039.884
36,4091.401,17356.145
36,18525.209,11252.611
36,5153.5234,11225.303
36,16165.883,8870.843
36,13481.93,4128.062
36,5640.5864,15541.632
36,14323.172,2876.732
36,15568.257,7202.051
36,15172.524,3589.3206
36,14823.112,5325.1973
36,13209.012,13482.241
36,7460.4683,14413.171
36,7124.3975,2698.39
36,6608.9316,5381.6694
36,2375.856,2483.2546
36,14664.884,12263.416
36,14640.079,10681.516
36,7527.236,4854.867
36,15384.702,13652.997
36,19369.65,7916.972
36,14160.378,11573.995
36,3357.4158,16512.86
36,12009.524,6582.0254
36,16954.371,15929.386
36,4800.944,6162.0005
36,18109.723,11173.187
36,15460.7,3561.9268
36,12063.679,10512.627
36,12156.794,15168.113
36,13682.846,8415.649
36,5575.6914,4733.907
36,3230.7905,11803.965
36,14475.335,12129.297
36,3841.3296,5243.758
36,14001.563,11022.679
36,8332.04,5895.648
36,12450.362,12719.669
36,2796.5986,6197.9243
36,15279.927,10154.994
36,16259.674,10341.532
36,6855.1597,18502.887
36,19062.166,10259.515
36,3361.4036,6093.3345
36,17225.357,16200.098
36,12841.581,5826.397
36,7370.6787,16229.493
36,3811.959,16970.092
36,17603.65,7589.418
36,14142.623,13756.647
36,17406.195,12785.394
36,18859.33,14887.089
36,15107.7295,16003.738
36,3553.2224,2815.2908
36,5471.3687,7451.368
36,1723.3378,5819.3037
36,16462.701,8295.819
36,2114.997,2440.4348
36,13867.219,8668.159
36,4314.8574,13689.34
36,14605.073,10932.074
36,2597.623,5849.3857
36,15968.505,5890.091
36,4796.5977,14827.316
36,15331.514,5655.353
36,16054.595,6084.3643
36,5039.824,2832.2585
36,16853.752,9867.656
36,13231.269,18190.703
36,16198.545,11684.894
36,12779.2,10297.103
36,13785.469,4435.9033
36,2429.3152,15538.563
36,7755.361,3951.2656
36,15398.365,8512.825
36,13693.801,12560.024
36,3826.0266,9049.919
36,17182.371,13391.911
36,14581.834,9840.712
36,4958.753,8877.935
36,3534.164,15259.098
36,14134.874,7508.8833
36,3094.1582,16090.991
36,13222.997,3713.8958
36,6395.2915,9129.13
36,14528.843,11826.416
36,5681.1025,14760.202
36,6730.7505,6123.377
36,13877.355,12917.611
36,14270.402,8631.049
36,7824.3823,3480.604
36,5810.535,14300.784
36,18715.516,13749.968
36,3373.2097,4790.002
36,13614.465,9171.884
36,11940.507,5305.351
36,544.06665,2565.3174
36,14847.966,6462.852
36,17346.242,12464.135
36,16442.568,7367.3794
36,5690.031,4752.088
36,4237.932,18563.852
36,9492.128,10031.658
36,16536.139,7535.5137
36,2729.551,13901.183
36,6049.9834,16752.316
36,11905.658,9033.463
36,3723.167,7804.5874
36,14633.101,12741.683
36,5158.9917,17665.926
36,4660.7124,6920.042
36,5050.567,14519.267
36,15617.419,12778.225
36,13183.032,4770.937
36,12851.856,14697.826
36,4042.2766,7672.86
36,2323.3374,5551.1855
36,5954.8306,6369.2466
36,5782.6367,13454.249
36,15944.275,9089.818
36,18234.164,6396.243
36,2778.243,16037.64
36,15804.742,11953.013
36,2817.7175,5340.8647
36,3092.5312,18428.395
36,6137.6445,2372.3286
36,6120.7085,15261.602
36,4698.4116,20000.0
36,14849.171,6795.476
36,16144.583,10551.697
36,18278.375,14481.266
36,14996.948,6858.8003
36,6620.8496,6228.1416
36,2435.7544,12559.268
36,3479.235,4796.225
36,16881.982,15103.927
36,14065.019,12865.916
36,13345.53,15852.999
36,3159.4617,14452.853
36,7609.644,12742.917
36,3414.4434,5642.4917
36,4668.2676,12859.836
36,5442.3,14285.753
36,5451.8374,5188.349
36,18629.258,8208.04
36,16015.182,4440.165
36,17731.484,15056.421
36,11527.304,15428.334
36,12997.925,6259.523
36,4466.497,6266.255
36,15256.369,16458.203
36,4182.275,6090.164
36,18299.422,4964.014
36,4414.006,14443.569
36,19311.111,3523.5303
36,14124.912,4465.368
36,3548.8062,7488.387
36,11123.33,10934.056
36,865.8313,7433.5166
36,2400.2341,4359.291
36,15393.092,14109.13
36,13114.319,10928.815
36,7603.5215,2962.7222
36,5644.1177,4269.9585
36,13695.487,8678.239
36,5896.719,6018.677
36,16781.162,14002.675
36,4654.2715,14648.694
36,1956.963,7277.5337
36,15314.954,10188.741
36,15340.336,13030.997
36,14589.565,12753.236
36,5990.646,3779.1628
36,1581.5947,7138.2437
36,15232.498,11058.014
36,19497.99,15664.824
36,6601.7695,5246.415
36,15552.831,4972.096
36,6472.2817,3715.8442
36,5090.991,5356.5464
36,6020.48,9233.061
36,2743.1943,6690.486
36,3534.5696,14145.698
37,10000.0,10000.0
37,4320.911,4766.8833
37,5785.392,1589.579
37,9789.413,13789.368
37,14833.906,11919.349
37,14147.175,11894.225
37,4449.4106,14810.308
37,5304.5938,14957.233
37,8825.863,3856.3242
37,5387.077,15986.472
37,11342.973,2802.4277
37,17569.084,6174.5947
37,2375.8445,17694.457
37,12869.862,16822.58
37,14817.777,13537.621
37,6808.987,16278.468
37,13918.834,10920.491
37,15742.31,7691.4766
37,13722.013,5806.0522
37,15729.071,14728.232
37,13846.36,13026.98
37,5863.9243,6686.2397
37,2372.798,6635.72
37,3973.351,16077.443
37,18034.697,6397.2314
37,4791.8604,12573.566
37,17913.326,10120.395
37,14978.919,11890.851
37,1678.7738,5537.291
37,15340.465,16342.967
37,18168.924,14143.865
37,6671.5156,6230.5366
37,6053.7476,11153.667
37,11369.248,8928.843
37,12802.216,7133.121
37,16661.176,7415.65
37,13653.041,8099.476
37,14760.678,8969.541
37,14881.509,7191.334
37,4318.7544,410.66553
37,15704.371,11105.234
37,3187.2966,12007.317
37,7628.4785,3964.1357
37,8151.034,3627.1543
37,3534.7368,4711.551
37,5076.5073,1657.0669
37,18644.879,12773.101
37,11166.599,4351.893
37,5880.5386,3936.848
37,5316.2646,5126.789
37,13952.072,11627.467
37,17043.938,11067.404
37,11706.416,5719.143
37,16188.913,13675.069
37,3451.4714,13809.969
37,11635.974,15145.838
37,3158.2122,15740.394
37,15481.976,9590.125
37,14034.235,11514.698
37,15228.469,7892.8535
37,15192.774,2047.6188
37,10585.21,10577.5
37,16834.428,7019.0156
37,18719.094,13182.184
37,4833.3784,15408.651
37,2104.7737,14624.445
37,4729.3125,6551.7134
37,6745.754,6431.055
37,6901.1333,15107.431
37,2901.776,12143.69
37,0.0,11644.111
37,6298.4873,17227.422
37,12192.279,16289.1455
37,11931.831,12730.087
37,6124.0273,14798.478
37,12231.928,12354.162
37,14183.719,13440.223
37,16869.162,6554.5786
37,14298.974,13870.633
37,16883.912,16649.771
37,5630.698,4046.5273
37,16188.54,14821.306
37,6183.22,13722.978
37,5504.6104,12626.083
37,16004.768,14555.427
37,17911.236,9987.344
37,7012.8076,12609.775
37,5486.344,7159.53
37,3831.768,15355.827
37,5757.044,5525.1387
37,2650.143,5686.5874
37,7152.8804,9864.275
37,12723.81,14310.253
37,15733.831,8880.543
37,3486.7683,12856.459
37,17241.234,13603.213
37,11638.841,5478.104
37,17640.8,8153.69
37,16098.061,10606.586
37,14496.676,7359.1533
37,16968.896,11991.855
37,8161.4834,2967.0918
37,6641.8735,6161.787
37,4210.0796,12606.488
37,15446.321,11583.797
37,16791.904,10495.586
37,15751.066,12697.269
37,7332.3945,15951.411
37,4564.8184,13226.4795
37,9586.375,4464.229
37,11949.438,9024.561
37,6848.921,16316.46
37,4427.99,13053.895
37,6142.699,9023.986
37,12030.238,10742.577
37,15820.201,6173.813
37,2596.6233,18420.854
37,13330.527,8762.679
37,11829.65,7492.8057
37,13845.738,4298.148
37,1730.8615,8075.1465
37,13745.657,8484.412
37,8800.711,16015.111
37,11323.811,5777.2925
37,12781.407,9230.812
37,7862.8984,18484.84
37,3728.281,4839.054
37,2923.533,14262.239
37,14178.777,3659.9465
37,4107.796,15933.948
37,16450.0,6289.6675
37,17194.523,16750.283
37,13541.784,8808.421
37,3232.8772,3729.591
37,2988.8865,17066.158
37,7344.4604,5242.1553
37,3961.1975,1437.3357
37,13318.598,14532.212
37,5549.694,17253.629
37,13972.258,9365.303
37,13515.602,10020.317
37,14451.214,11435.119
37,13602.462,9096.901
37,4006.1848,4269.1626
37,14132.402,8829.506
37,14291.262,14004.813
37,13875.983,5365.439
37,1688.8925,14153.829
37,15368.281,12772.092
37,9035.014,17418.23
37,8077.015,15491.825
37,11736.154,9317.153
37,13494.242,13974.155
37,6718.307,17131.168
37,17869.793,8873.01
37,10797.472,5876.378
37,19000.012,11629.288
37,6342.476,15536.565
37,14071.824,6335.122
37,3197.776,14844.599
37,15403.341,15380.223
37,2937.9692,14294.987
37,6190.0146,2788.2476
37,17658.715,7858.2456
37,4134.122,5889.9937
37,4917.5933,14662.93
37,13470.218,6562.6567
37,7409.9185,4665.234
37,5787.7163,5650.126
37,13857.189,7614.105
37,13492.877,7920.2495
37,14514.149,9285.439
37,16388.848,10062.37
37,7314.8853,14935.656
37,18331.63,10787.302
37,7007.629,5971.968
37,5321.6704,5975.5586
37,19322.969,13429.423
37,6217.5005,16423.725
37,15961.013,10911.492
37,17028.506,6971.3843
37,0.0,3023.6118
37,15115.28,11260.537
37,15449.061,11047.49
37,15390.729,7066.547
37,5898.409,7509.4556
37,6910.333,15590.012
37,17347.164,4790.1816
37,4525.4873,13561.249
37,12772.262,7794.36
37,5656.7646,14419.564
37,15554.98,15078.486
37,12117.489,10752.465
37,19747.596,6209.602
37,17100.05,11389.448
37,1242.133,15499.095
37,5387.8726,3514.2388
37,5833.7104,16540.402
37,2108.4119,13325.395
37,2767.3745,5392.09
38,10000.0,10000.0
38,8903.814,6326.248
38,14562.664,11128.465
38,4206.599,4550.293
38,7273.135,14400.67
38,14529.004,15368.377
38,4978.955,19490.176
38,7490.9,15632.93
38,722.2146,10716.133
38,12241.0,5128.82
38,17943.785,11851.337
38,18007.781,8215.3955
38,11455.616,10989.645
38,15382.692,15084.198
38,15102.816,11124.357
38,8386.04,8484.574
38,15951.456,6493.2905
38,19480.223,11839.976
38,6457.0127,17206.63
38,2978.1052,1277.5005
38,12945.135,15015.015
38,12993.173,7385.076
38,4501.7017,4289.833
38,10444.579,13987.818
38,14058.857,4163.1406
38,4898.9097,12161.318
38,5750.9375,17370.873
38,6926.926,16875.664
38,5427.498,4818.183
38,3642.1753,15158.47
38,3830.6233,16551.645
38,12491.563,10987.783
38,4488.8833,4556.6304
38,3593.5432,3685.395
38,11783.082,8783.338
38,2861.0437,17638.918
38,14276.641,2781.2256
38,6481.104,14790.301
38,17628.143,8425.349
38,7039.181,7907.008
38,3968.363,15175.833
38,8365.488,12285.991
38,13936.616,5560.9067
38,14121.373,8120.8496
38,13934.558,17845.594
38,1637.9897,14896.025
38,14448.471,13977.184
38,12852.269,13289.801
38,12187.084,7146.244
38,3731.3938,18296.78
38,14125.524,12381.326
38,15142.117,13367.296
38,13811.988,11079.896
38,9617.547,7049.7285
38,16914.674,17762.035
38,14398.82,13522.431
38,1859.2118,19854.932
38,8108.389,14832.028
38,11065.662,12116.081
38,18286.96,9114.858
38,12999.124,14715.289
38,7044.6875,3916.163
38,2743.3538,12854.706
38,15723.909,15637.438
38,5132.894,3156.6455
38,17976.7,11355.962
38,4679.4644,16158.553
38,13084.32,7034.0615
38,12992.909,5138.482
38,4093.4277,13811.595
38,12011.4795,11060.142
38,3338.011,14435.382
38,2377.7317,14307.746
38,17121.9,14126.364
38,4452.194,7781.3843
38,13254.029,5391.845
38,6027.5938,13706.1045
38,17733.443,18352.648
38,13582.18,9906.572
38,14310.315,6621.931
38,4094.8462,1306.8967
38,4676.3477,14117.958
38,12892.751,14397.974
38,5410.1855,13671.696
38,12865.2295,14009.336
38,16674.416,10287.974
38,17711.824,4814.9673
38,12116.282,11627.114
38,13717.97,13389.921
38,15981.038,13950.638
38,7501.0215,4632.5366
38,13443.692,7014.595
38,13983.199,5735.5273
38,6694.9775,5809.396
38,2125.0945,2067.9424
38,6734.937,3673.7249
38,15875.955,13043.746
38,15821.28,9327.983
38,16149.799,10525.64
38,12756.472,12579.0625
38,5061.998,15219.505
38,9947.892,4687.513
38,13149.518,2867.5154
38,2159.2312,3787.04
38,12436.15,3803.317
38,4213.738,3944.111
38,3670.3845,16244.268
38,13646.921,10901.572
38,2958.255,5295.211
38,11486.258,6780.8296
38,3511.5642,14254.44
38,4238.3345,7881.298
38,3218.9182,6233.306
38,2132.9863,14899.215
38,4373.3438,7399.9956
38,2872.643,4558.424
38,7310.125,3418.5803
38,11452.474,14351.007
38,5299.9097,14212.656
38,12770.381,5303.902
38,18347.63,9499.484
38,17502.117,4686.83
38,17354.586,10006.189
38,2823.461,3734.1213
38,16361.886,7772.761
38,14963.237,10312.827
38,8874.828,4162.298
38,10897.229,11692.891
38,15351.661,15924.759
38,17118.7,12170.013
38,13478.293,10810.178
38,9665.575,16021.64
38,15574.886,10296.213
38,5238.7485,3884.231
38,3539.778,16259.188
38,2600.4438,3412.3962
38,16052.244,9365.658
38,3930.1667,2310.1711
38,17205.578,9288.668
38,17912.44,10179.967
38,13342.052,8148.1245
38,12708.874,10313.643
38,12849.045,5225.912
38,4504.4004,4155.909
38,13898.285,9662.866
38,5375.27,2575.574
38,14821.792,8987.739
38,15682.984,12358.052
38,230.4425,5874.914
38,16587.342,3886.411
38,2550.3472,14172.83
38,1207.3792,18059.258
38,17242.164,15632.306
38,3877.1726,13717.314
38,5537.616,7051.608
38,5774.2837,16059.747
38,12816.629,7621.756
38,13448.218,13864.946
38,3488.898,16041.468
38,3557.6335,4495.7236
38,14409.321,7982.9507
38,14483.2,10128.316
38,7297.22,1990.9163
38,4505.1978,3949.3872
38,4036.2793,16164.618
38,2418.5037,20000.0
38,19328.08,7252.0225
38,12840.466,3698.3745
38,4713.233,16448.455
38,14360.565,8769.322
38,12349.096,16370.616
38,15604.345,10407.868
38,13557.3955,7251.5317
38,15407.462,4848.4697
38,4007.9734,6610.871
38,11997.525,11508.601
38,3715.5906,4866.3564
38,3191.447,4762.0513
38,16022.959,11337.0625
38,12916.714,5240.021
38,14176.286,4301.047
38,7391.7764,12934.983
38,6709.6904,1873.515
38,1442.7725,18281.74
38,15695.788,8690.082
38,12089.994,8685.021
38,4533.0854,17760.508
38,11321.309,14650.526
38,13560.886,11609.694
38,7324.971,15215.098
38,12856.344,12108.805
38,5860.5366,2208.1887
38,17504.885,6384.4634
38,16298.877,8713.115
38,3226.3726,15110.722
38,12341.535,12343.093
38,16390.855,5049.5703
38,12831.139,13650.897
38,7193.37,17353.236
38,18563.365,4332.5156
38,3885.7935,14297.606
38,4324.433,13754.608
38,14877.834,9907.757
38,15059.742,8706.747
38,7972.9604,3122.7434
38,2374.2966,9152.901
38,13239.899,6758.755
38,14159.404,4692.1655
38,16252.008,10572.683
38,5494.4927,4196.9517
39,10000.0,10000.0
39,4710.174,16577.883
39,5418.7007,3912.4785
39,6474.8853,6084.963
39,5748.529,13126.7295
39,14661.678,7677.462
39,13831.899,5355.9062
39,5976.8984,5255.8833
39,16974.107,5830.2363
39,15666.212,9125.839
39,15612.561,10096.718
39,5690.7837,13219.767
39,5616.8223,5067.526
39,12059.917,7094.3354
39,6233.842,18354.71
39,4519.2334,2563.8525
39,4792.736,10494.49
39,7542.73,15078.179
39,15312.029,8972.998
39,4126.3154,11931.811
39,15359.382,7332.24
39,2463.0947,3246.5312
39,14743.218,10310.695
39,14931.717,9403.772
39,13611.88,10108.89
39,6298.466,15214.775
39,4619.13,0.0
39,5258.7437,13713.797
39,14319.762,11036.688
39,13386.689,6118.7715
39,3284.0193,14039.957
39,2953.7751,13844.122
39,2691.7986,4952.6597
39,2053.4053,3959.383
39,15075.766,12854.699
39,15175.448,15315.065
39,2083.1836,14941.122
39,5576.248,4665.255
39,7567.788,17337.332
39,6581.0146,4094.6484
39,2108.0452,17608.465
39,14785.729,4545.1978
39,5241.504,16593.127
39,12177.263,14429.729
39,3577.9126,3626.8296
39,2594.8516,7069.8525
39,15464.502,8828.127
39,7128.522,6299.5835
39,17556.459,10111.409
39,5358.7188,7283.0605
39,5136.9326,14221.815
39,5595.2676,16605.32
39,5663.147,4589.7476
39,7383.465,14480.068
39,5550.5073,6489.906
39,2076.0452,6869.292
39,15547.958,9999.936
39,4332.8022,3764.3772
39,4639.822,6646.5757
39,14185.579,6117.106
39,7180.7744,7317.5786
39,18114.207,7266.4775
39,15489.128,12710.499
39,14622.173,7109.2124
39,3202.2302,3417.957
39,13643.916,10285.948
39,3502.282,15074.822
39,7093.9424,4969.5776
39,13664.435,12523.207
39,14046.478,6248.7285
39,5918.8784,15556.647
39,4813.0674,14211.648
39,14040.805,8134.1133
39,16524.111,12116.196
39,9041.398,12394.431
39,3619.512,16623.602
39,4953.5015,14900.089
39,15747.386,12843.846
39,13226.821,14445.175
39,14087.879,5351.2866
39,6500.743,15113.763
39,16200.488,18665.752
39,3887.7112,5003.1733
39,17349.219,9269.774
39,8918.904,17048.219
39,17644.303,4212.2095
39,17545.432,9462.719
39,3415.2354,14728.952
39,15387.785,8351.954
39,13917.116,3015.952
39,4398.9214,12900.634
39,5029.201,3606.228
39,18119.268,3839.7795
39,17057.293,6184.623
39,8519.221,15517.3125
39,9877.41,2232.9822
39,14533.25,7038.3647
39,7338.6494,5655.399
39,2988.018,3798.0435
39,2922.5122,5167.736
39,16804.81,12725.59
39,4284.532,7789.9854
39,18233.297,13439.916
39,4726.536,4527.0845
39,16386.842,10241.757
39,5438.568,13975.465
39,20000.0,9181.314
39,5011.9204,14204.026
39,13665.912,13931.967
39,6280.285,15415.633
39,12872.789,9201.953
39,13511.088,16771.52
39,18203.785,15404.29
39,17884.123,12315.456
39,13808.917,11856.145
39,7089.428,16421.158
39,12800.606,7494.848
39,5344.4995,1441.5272
39,6993.4272,7721.112
39,15130.354,12421.909
39,11145.17,10031.172
39,14306.642,11784.667
39,5314.6943,3470.7825
39,16508.465,8683.88
39,15596.314,4760.326
39,7262.931,17498.19
39,4615.5493,15402.845
39,15321.336,7985.0854
39,5753.996,19372.531
39,6249.794,14950.092
39,1851.4772,7337.4023
39,14457.56,5856.046
39,7653.9727,3408.797
39,13463.372,10372.328
39,4236.6733,14507.466
39,3377.348,13801.971
39,5569.3354,1436.3964
39,12395.319,7797.8267
39,14131.571,2164.5364
39,1899.921,5525.987
39,5606.707,4261.472
39,15672.635,8016.8916
39,2533.7917,8919.133
39,14958.282,6410.162
39,3742.6892,2249.1238
39,12696.221,13801.836
39,16542.074,2449.7725
39,11939.718,13451.199
39,14333.297,5498.0054
39,6586.5166,14687.117
39,17926.354,6147.962
39,6134.5557,7577.55
39,18678.9,12919.672
39,6554.9326,3935.4626
39,7451.9214,3569.25
39,818.70355,3767.3064
39,13667.67,8260.626
39,5448.358,16577.283
39,3681.1921,16551.537
39,10341.298,13679.962
39,13764.675,6258.1377
39,2757.5798,6470.484
39,11677.338,14979.829
39,12601.564,12515.918
39,7000.253,18198.88
39,4097.122,13169.925
39,18499.521,9621.604
39,4768.8784,4839.8154
39,3014.0063,9875.262
39,16913.395,13376.171
39,14696.344,5393.142
39,8528.755,2904.5117
39,3858.896,12185.809
39,17169.682,7828.9463
39,15182.951,12519.264
39,3801.9387,16782.178
39,13623.966,11697.535
39,3566.234,10668.615
39,4595.4424,13273.889
39,16472.475,6178.1685
39,15478.917,6795.9224
39,3084.725,15651.67
39,16636.879,14878.253
39,17732.855,7036.501
39,12131.068,9492.617
39,13070.832,11070.096
39,13348.758,7754.4897
39,14122.973,9756.964
39,3922.9187,16693.75
39,3600.3096,19968.615
39,5125.3794,16877.32
39,6313.8174,8568.285
39,14541.135,12634.656
39,3892.9097,5156.6387
39,6328.993,5483.1606
39,12154.798,6668.886
39,12765.058,13185.185
39,14348.638,6019.728
39,5832.132,15452.603
39,3998.2808,13291.584
39,16194.03,5758.598
39,12663.116,15776.883
39,2093.104,6659.737
39,14451.996,9785.453
40,10000.0,10000.0
40,13416.322,13247.788
40,16180.129,4372.035
40,12319.66,7282.4907
40,8487.438,4902.2983
40,3025.3743,15743.83
40,16071.32,12826.605
40,4530.9966,6195.3228
40,7083.2573,2839.562
40,2259.7512,14887.999
40,6222.52,15029.925
40,3075.5671,6238.1484
40,15132.938,4478.7803
40,8279.181,12246.934
40,13636.686,10124.128
40,16329.307,14101.533
40,17822.805,7514.3936
40,17525.988,6647.8804
40,5622.508,2940.616
40,15337.169,12839.88
40,11228.496,4057.2593
40,14245.827,9015.124
40,12501.6,9036.512
40,12767.376,12823.169
40,6975.035,16517.223
40,3760.9607,0.0
40,1556.3705,2673.8188
40,19390.004,5325.9316
40,6083.987,4139.059
40,5800.952,17661.188
40,16464.408,8798.363
40,4897.0635,5738.225
40,4414.8945,12486.25
40,5021.223,7974.437
40,12654.973,9364.725
40,13083.314,11301.515
40,15491.879,9461.932
40,15697.814,5991.0825
40,15667.99,8055.458
40,4225.723,18258.904
40,4861.329,11689.013
40,14638.989,4257.463
40,9071.3125,5780.719
40,16543.535,13567.817
40,16963.111,9430.017
40,15857.693,14616.964
40,3751.5857,3009.239
40,14200.743,5951.998
40,3467.2852,5491.088
40,6243.1533,8666.08
40,16478.943,11540.918
40,18155.932,13928.191
40,16487.666,11765.374
40,3249.0537,3836.2979
40,6187.1675,13155.004
40,7775.8613,8360.783
40,4973.7085,10395.768
40,12399.856,11085.231
40,17299.79,12845.291
40,15318.639,4778.5483
40,14418.803,12032.603
40,7500.2573,17329.49
40,13156.523,11640.865
40,12617.998,8503.623
40,5532.9707,4527.518
40,7083.6484,2440.0195
40,3991.644,0.0
40,15416.333,12118.915
40,16414.1,9672.972
40,5340.4165,15694.9
40,5148.1064,4206.232
40,2779.4321,5337.293
40,15998.198,10641.936
40,15222.325,9910.583
40,15255.753,7702.396
40,4653.1665,6724.3735
40,14843.88,0.3718514
40,2463.716,14015.646
40,14504.138,6297.078
40,4006.3708,6597.242
40,4973.6167,15830.197
40,16534.365,9197.9
40,5766.235,16983.807
40,17398.322,10047.58
40,10419.645,7584.951
40,5335.365,1081.5642
40,4306.1343,13824.404
40,7782.2705,11559.087
40,14049.57,11471.633
40,13885.865,10658.83
40,4765.5073,4302.428
40,9056.8,14665.478
40,17451.777,6691.1113
40,12609.554,7156.6406
40,12442.346,13881.126
40,14731.081,9388.398
40,13844.101,16488.352
40,10703.051,9667.751
40,11100.032,7987.1426
40,3472.5513,552.9928
40,5254.0576,14699.674
40,11176.537,6048.064
40,2804.5256,14830.455
40,13358.957,12230.79
40,11131.03,5356.843
40,4854.2026,4837.8623
40,1674.617,15593.361
40,8911.498,17333.09
40,12796.425,13313.392
40,9548.178,14657.152
40,5909.061,16404.895
40,7299.4253,19012.094
40,1850.4797,6670.7534
40,17339.451,11645.595
40,14861.069,7346.7734
40,13453.548,12466.211
40,9219.655,6099.7266
40,3534.6567,17233.627
40,12805.172,12806.556
40,6061.1094,6661.5786
40,13204.824,12443.921
40,6002.349,15189.259
40,9616.398,4293.428
40,4925.0137,3382.8037
40,14329.471,9217.289
40,16026.924,7990.587
40,6759.6367,9521.45
40,9215.91,13229.921
40,3622.5857,5316.086
40,12651.625,6135.027
40,7345.204,4431.056
40,6247.0054,13643.529
40,9201.8955,1998.5753
40,7384.775,20000.0
40,7785.788,4842.779
40,17423.477,11626.925
40,2550.032,12842.385
40,15449.67,12588.152
40,3640.6406,18707.787
40,13921.39,11072.022
40,4290.8003,19732.514
40,8516.097,7312.77
40,3467.6543,12966.609
40,15807.813,11200.101
40,14896.208,15555.239
40,3361.049,3128.1257
40,17176.59,13748.605
40,14088.863,15634.384
40,2375.7925,19578.05
40,17663.977,13345.789
40,6813.9307,16565.584
40,14183.883,6272.513
40,1833.4849,4305.5005
40,15966.724,12066.72
40,14754.649,11642.677
40,8377.393,12545.887
40,15405.76,6458.3574
40,6631.3066,16922.363
40,14942.64,13499.421
40,10599.136,18348.305
40,13107.385,6710.137
40,14254.821,8808.683
40,13441.787,4946.0244
40,16546.521,13247.811
40,16565.545,6550.4453
40,15066.605,10948.208
40,12083.539,7062.8506
40,17253.41,5308.1
40,3517.074,15333.657
40,1395.9907,15800.84
40,3006.0886,4840.555
40,15517.784,14979.001
40,17391.79,7103.8076
40,19537.201,15169.373
40,6279.917,7355.006
40,15412.851,11054.521
40,13587.899,1986.2921
40,4642.3276,13963.618
40,12355.038,12835.062
40,17704.387,9865.575
40,13554.176,6131.3096
40,4749.751,3654.6672
40,4241.32,13643.15
40,5845.7056,11266.472
40,8237.842,12806.254
40,3799.0925,3710.9026
40,19837.588,9222.475
40,7354.3613,3615.6965
40,13039.07,13889.913
40,15424.694,3527.4912
40,6427.311,18002.627
40,16368.899,3873.826
40,5957.3984,3103.1228
40,4691.302,14057.808
40,13678.581,11179.032
40,13840.478,12558.712
40,5132.7676,16037.657
40,6668.4707,479.8238
40,17675.377,8309.111
40,4098.157,2823.296
40,16475.12,11500.815
40,10684.057,4824.844
40,6549.573,16639.678
40,8201.158,5532.7334
40,6253.9995,12051.578
40,11390.466,5279.826
40,6655.1646,7965.9478
40,16697.225,13590.653
40,8946.026,11742.783
40,3634.093,17041.936
40,14873.211,10915.823
40,4670.4204,13795.743
40,1022.3715,1759.7025
40,6567.1694,13448.959
40,15127.656,7904.261
40,3642.8567,16710.158
40,14458.697,12019.6045
40,3011.5503,11653.858
40,3842.4373,7145.923
40,3862.1692,14596.708
40,16444.25,5042.2334
40,3808.2122,14321.122
40,11132.57,2974.871
40,18076.404,12484.268
40,15217.979,8468.078
40,14756.344,11768.241
40,5251.4873,17192.36
40,14821.604,3204.5337
41,10000.0,10000.0
41,15379.371,2977.4998
41,14002.937,10318.557
41,7901.7495,5558.769
41,13841.096,6401.154
41,2738.5278,17576.295
41,5652.8335,14321.007
41,4000.573,17128.04
41,12127.939,15060.765
41,9813.124,16901.0
41,13716.735,12261.587
41,15356.358,13216.085
41,16698.363,13485.614
41,14111.016,9948.299
41,6145.45,15097.267
41,9080.553,17230.623
41,15150.76,6745.923
41,13092.347,9259.072
41,6169.179,4392.3545
41,14972.95,13171.971
41,3290.5874,15065.417
41,13826.054,6359.9717
41,2064.9036,14253.1455
41,15271.783,14910.131
41,6056.087,2203.1323
41,14321.716,3836.6946
41,0.0,5997.683
41,6736.5815,5881.371
41,14009.933,13588.46
41,19412.357,10969.584
41,16417.404,10472.272
41,17794.06,10063.155
41,15897.386,12513.183
41,14241.057,8037.1406
41,730.93555,14495.866
41,12825.638,11024.217
41,6590.7373,7708.681
41,4090.9348,5861.416
41,12908.251,7433.423
41,6050.5464,5210.2354
41,6614.28,4147.1143
41,5371.7524,6894.015
41,807.0886,18837.748
41,5777.5073,14654.007
41,12987.074,11938.726
41,16242.196,6326.9893
41,15561.433,13185.976
41,17798.385,14073.09
41,7362.3667,9821.604
41,17469.945,8009.4565
41,6727.6055,13519.119
41,6671.5693,14144.227
41,4892.549,17728.18
41,15946.842,10357.43
41,4478.5674,13323.285
41,5822.432,2426.587
41,5497.6597,9318.249
41,14308.772,10614.688
41,12523.13,9005.1045
41,3037.0547,14220.46
41,4156.646,14819.037
41,13955.097,13052.016
41,7651.5723,17812.887
41,16339.815,8642.851
41,17888.16,12545.9795
41,15715.447,16894.432
41,5954.602,19295.518
41,3277.5603,12021.465
41,1471.9727,15563.522
41,13968.22,6615.522
41,15310.296,10734.089
41,2477.5383,15837.738
41,4620.2607,7056.405
41,12567.1875,11556.23
41,16414.885,10949.841
41,5804.176,1843.889
41,14893.636,11027.898
41,11965.171,10817.334
41,3125.7932,17106.943
41,7475.668,16626.184
41,6686.03,1920.8633
41,2763.2854,17544.895
41,4647.779,4044.1145
41,17226.213,4840.6973
41,15586.301,5982.136
41,15085.223,9551.275
41,5742.974,1990.6093
41,13455.09,6834.419
41,4350.2583,5581.429
41,15721.634,7175.773
41,12224.04,18728.703
41,5652.9224,2781.7732
41,14743.676,7406.613
41,4208.961,4746.803
41,19645.139,8106.1655
41,5459.725,4213.2095
41,5170.0684,3302.5215
41,4669.061,5378.8096
41,14087.819,8922.439
41,3278.2537,12557.091
41,841.23566,5018.2144
41,15625.374,13112.637
41,7357.3657,6403.6143
41,5376.977,16651.09
41,16633.027,11512.805
41,4814.654,11358.394
41,8682.8,17296.682
41,11858.11,3629.8667
41,13887.346,6569.9536
41,14410.036,7580.037
41,2875.4844,12449.794
41,5157.9307,3720.9028
41,15942.87,12121.172
41,5779.776,11602.734
41,6383.1304,13830.824
41,2753.3408,14330.631
41,5632.7656,11437.732
41,12608.427,14607.27
41,16189.162,10439.106
41,6106.1084,18046.043
41,5411.0063,6883.304
41,2785.8625,17266.764
41,15746.804,15459.089
41,3831.165,4734.4243
41,16968.486,8722.376
41,9548.129,16456.426
41,12617.491,8495.588
41,14298.557,5829.6187
41,5053.54,15328.884
41,2441.2678,17073.842
41,5551.949,5132.923
41,14138.581,11081.589
41,5953.344,4230.8384
41,5248.04,2282.1218
41,18039.557,8884.26
41,8655.536,4235.776
41,5281.4766,14979.475
41,12590.817,5378.2793
41,6824.625,6531.3306
41,3923.542,18369.42
41,3610.2646,16024.735
41,16137.037,5470.111
41,14241.716,12597.159
41,6941.5464,13285.902
41,3465.7483,3304.518
41,14769.821,12839.846
41,14930.004,16582.816
41,17778.38,9622.224
41,6854.218,8635.027
41,16658.586,9522.382
41,11176.278,13091.849
41,15143.513,18116.004
41,15784.582,15802.284
41,6842.9834,14888.541
41,13145.141,8477.146
41,15313.238,8040.6436
41,7639.215,17322.227
41,15626.286,14877.849
41,7830.427,13871.339
41,18296.643,4514.1616
41,17379.627,10240.515
41,3654.4583,17603.828
41,8447.413,5063.6084
41,3776.3833,12523.706
41,13321.474,11163.688
41,14558.222,7653.9766
41,15669.075,8892.428
41,2801.3252,16564.121
41,17426.309,5332.67
41,17166.328,15212.07
41,3106.74,4704.7627
41,1646.2086,14302.595
41,18521.61,2523.3386
41,16343.065,14209.857
41,7380.7393,3838.797
41,5062.077,16374.834
41,14261.603,13670.425
41,6762.94,13615.941
41,12582.304,9307.486
41,4098.3384,4663.2344
41,5816.136,14575.75
41,17447.025,10877.222
41,13532.008,13052.252
41,15490.406,9207.101
41,2795.0957,12722.336
41,13702.15,14237.749
41,5569.0967,17067.41
41,14014.163,8128.112
41,3146.461,3781.8228
41,17128.62,6533.9253
41,14496.513,14815.345
41,3938.0508,15222.582
41,12974.191,2951.5823
41,14912.724,6644.226
41,2906.1204,6682.8306
41,1934.484,5249.582
41,14270.702,11054.31
41,15050.038,7555.139
41,13580.432,11640.037
41,6655.46,5847.4204
41,5077.773,5313.921
41,6408.113,15215.4795
41,13339.555,16206.584
41,5669.4546,12245.415
41,16626.357,9525.428
41,11145.877,8699.278
41,4771.6963,4046.1165
41,5698.8735,18261.193
41,3941.7815,6539.385
41,18016.758,9657.674
41,5832.9224,13662.172
41,4765.3228,12936.061
41,1757.265,16161.458
41,16139.084,5322.2764
41,16437.098,9697.626
41,4876.282,12904.161
41,16420.42,6503.982
41,5601.883,16828.994
41,4395.5913,13064.399
41,14495.157,10504.814
41,14233.349,14250.003
41,14029.019,13286.873
41,15112.029,11317.028
41,12479.204,12429.444
41,17687.111,2129.927
41,4301.1055,14595.355
41,12137.442,4698.5596
41,3484.3433,14360.573
41,5984.577,16106.801
42,10000.0,10000.0
42,13342.808,6309.132
42,12449.913,12791.686
42,4086.608,14835.986
42,15575.938,17804.63
42,16951.648,11072.797
42,5116.2534,2871.8086
42,4960.7705,7639.965
42,15468.311,16307.842
42,17820.412,11756.657
42,16069.095,11267.518
42,10448.306,7623.9556
42,10431.325,7341.307
42,2060.2817,13572.392
42,17956.424,14745.256
42,14921.423,10027.4
42,15548.874,14277.407
42,6441.9224,5598.0337
42,3619.788,14707.5625
42,19599.96,12733.444
42,17080.938,10108.961
42,13967.233,9479.703
42,5011.1284,19051.428
42,4237.719,14996.699
42,15963.957,6242.52
42,5993.907,20000.0
42,1017.4176,16554.822
42,2537.0447,2290.792
42,5391.001,15910.968
42,6418.173,15951.544
42,18222.795,15583.99
42,18691.121,10651.711
42,12972.5625,7102.9697
42,15090.95,9348.026
42,13525.904,5609.153
42,6201.807,4831.6665
42,3948.0515,4766.4375
42,7882.3096,12975.602
42,3314.1902,6950.916
42,4035.741,0.0
42,16661.164,8952.671
42,15726.686,9719.91
42,12823.06,7812.9995
42,13317.345,4926.476
42,14998.921,7581.9893
42,5479.08,15493.221
42,16413.967,9192.909
42,15220.99,9033.576
42,12013.643,9561.048
42,15773.653,4450.22
42,15188.906,8178.9155
42,11091.803,12349.62
42,3773.793,4790.6357
42,2891.989,14660.372
42,15546.5,16155.634
42,5942.068,6969.815
42,23.351904,13392.87
42,12412.666,6265.1514
42,6752.374,0.0
42,13936.416,2481.188
42,3902.8015,16185.828
42,16797.424,9227.039
42,15399.349,8587.251
42,5840.062,11713.107
42,4093.4583,1257.5944
42,3906.4226,5723.2373
42,16386.053,15390.685
42,12456.92,7361.302
42,4165.345,4939.714
42,16373.805,14905.195
42,14190.959,14313.55
42,4024.027,13029.9375
42,13554.215,7304.733
42,17420.82,15130.521
42,8496.604,3806.1824
42,15378.799,5693.23
42,4155.0264,19111.8
42,519.9029,15472.117
42,12083.263,7184.293
42,13393.983,13275.719
42,14288.65,9486.452
42,7617.0293,5380.106
42,13632.003,11758.113
42,16453.95,9991.821
42,15637.458,8904.721
42,11300.094,16028.096
42,14188.149,15951.181
42,16871.44,10676.763
42,5428.123,18144.436
42,3351.5437,6529.002
42,5203.7803,4636.0283
42,4160.6504,15292.791
42,13908.223,13266.347
42,13843.592,13507.339
42,15465.308,14108.601
42,11611.223,5280.538
42,12692.789,7181.2573
42,6189.1006,895.35077
42,2773.7852,16569.021
42,14686.097,7075.531
42,14650.479,12044.889
42,3109.3127,6002.429
42,6997.5737,3246.1926
42,15118.945,6666.8003
42,12819.104,16232.898
42,6597.941,16244.497
42,14756.616,12515.631
42,13991.294,11018.982
42,915.21387,13204.299
42,14083.697,6570.489
42,0.0,5039.7495
42,19947.473,10980.915
42,14738.962,8128.4917
42,18688.172,9389.295
42,5107.2534,18068.908
42,6878.1104,15627.886
42,7953.647,7664.5664
42,3596.005,13794.82
42,6263.5967,15215.205
42,3228.7617,12557.925
42,3922.6875,15662.918
42,3753.8538,5957.6943
42,6100.263,15394.665
42,5020.5405,6095.1313
42,15285.824,6505.48
42,14118.238,8125.561
42,2715.5195,5196.839
42,5165.2715,12349.078
42,5601.757,14298.867
42,14125.436,17978.842
42,5503.0664,14132.108
42,14737.765,4416.653
42,14045.22,13033.617
42,4004.7537,14919.866
42,3048.8938,13685.951
42,17445.418,13352.191
42,6407.7607,4289.892
42,16826.969,11142.396
42,1311.764,4392.843
42,14206.483,7842.308
42,12623.587,8886.592
42,17164.31,10579.484
42,11562.541,4437.14
42,6073.73,9618.684
42,16971.967,8284.463
42,9769.674,15373.707
42,17147.354,8991.908
42,15322.42,12602.241
42,14510.395,6220.0713
42,8211.258,13930.806
42,7121.326,14779.243
42,15343.907,18858.55
42,17613.207,5601.0894
42,3305.0854,14448.935
42,5794.894,13903.039
42,7287.523,3599.0105
42,5736.7554,4947.429
42,15544.481,10231.276
42,6789.4185,16499.516
42,4987.53,4179.6523
42,14552.375,8438.306
42,16185.509,15157.534
42,13288.198,6293.123
42,4612.179,3450.6167
42,14374.063,4728.7773
42,11941.394,12959.293
42,13755.707,17527.982
42,1657.9999,3415.1206
42,1999.7505,6722.4194
42,5552.7754,11652.451
42,15545.801,15295.075
42,6440.1196,13706.383
42,16332.213,7466.398
42,14607.639,6295.7817
42,11988.601,11106.142
42,15854.272,13543.296
42,12524.722,6896.3306
42,4670.89,14612.778
42,15117.02,15723.994
42,6706.644,1557.1195
42,17271.086,9708.319
42,4628.243,16461.2
42,14759.981,4506.9253
42,12616.921,8809.03
42,15737.628,6634.163
42,19171.28,10931.086
42,4289.553,18890.666
42,15195.011,5211.8525
42,12628.1875,16199.863
42,5253.923,16624.203
43,10000.0,10000.0
43,12900.874,14858.745
43,17279.404,10728.379
43,14456.809,14026.668
43,6884.3135,5116.622
43,13334.058,10979.486
43,18539.088,7208.873
43,14162.379,11863.688
43,17296.453,12417.124
43,5104.426,13750.508
43,8977.459,12564.219
43,12663.877,6739.182
43,5969.2905,5823.2563
43,2980.4443,15611.808
43,7276.01,14480.9795
43,13001.757,6057.1685
43,4210.768,17636.16
43,9136.857,11050.705
43,7043.254,5607.8384
43,1931.0253,4534.167
43,12067.399,7439.4146
43,3978.2996,13275.4
43,13301.523,8032.503
43,3058.344,16634.37
43,3714.3037,17740.87
43,6002.572,3380.264
43,2443.0955,3592.2075
43,2692.8933,12085.493
43,15496.335,11065.556
43,13173.766,13246.273
43,6723.604,14868.015
43,8476.838,12749.827
43,12730.711,10352.111
43,2581.281,6226.0977
43,17173.377,7463.1694
43,13422.681,17620.53
43,3805.209,3985.9548
43,13865.255,11626.674
43,15852.657,12296.737
43,5909.287,13353.821
43,13848.9,9800.95
43,914.7442,12193.577
43,12831.515,14002.995
43,18695.145,11122.239
43,2143.2412,3851.2075
43,15203.173,8904.151
43,14583.11,3410.47
43,16876.773,9348.806
43,18408.07,8512.286
43,4569.535,14998.156
43,6039.4004,4597.5166
43,7721.7383,6769.2124
43,19876.592,4639.28
43,6884.375,8455.238
43,7651.9736,13171.933
43,5845.3237,20000.0
43,4327.194,15181.45
43,4997.6245,6923.88
43,3480.2278,6517.1543
43,2577.1702,17127.043
43,8440.467,16382.87
43,15973.664,9450.326
43,20000.0,12127.336
43,9429.285,13892.849
43,5068.919,19536.955
43,3387.8823,8128.0874
43,13302.514,10912.707
43,16520.531,8380.534
43,1787.3538,14574.87
43,2881.6287,13291.752
43,12281.808,10338.483
43,4318.3374,17838.334
43,7589.89,4629.7217
43,13632.436,9891.544
43,14429.479,7074.817
43,15212.955,14018.391
43,16160.453,13182.85
43,7249.2163,3645.168
43,15043.295,10039.694
43,3209.1802,14438.815
43,14560.598,7668.857
43,6194.7344,3196.7068
43,10900.58,13105.038
43,13401.397,13329.256
43,2078.2751,15166.946
43,13384.615,8784.982
43,15657.912,10323.727
43,15719.545,5692.8096
43,4995.729,17123.723
43,5259.394,12647.749
43,6239.888,7108.7764
43,5565.4644,2978.9446
43,5288.6646,15817.166
43,14100.17,14941.398
43,14325.501,8923.79
43,5867.6104,20000.0
43,6593.913,5588.505
43,2562.5435,18674.76
43,15698.1875,8742.296
43,14172.889,10104.867
43,4195.7334,6626.06
43,3432.6504,13758.882
43,18977.787,16947.654
43,4687.1567,817.42163
43,4762.934,11175.345
43,5636.0205,15320.709
43,13966.279,8556.559
43,11847.696,6761.3257
43,5117.5713,14179.529
43,15520.8,14363.522
43,10306.4,9674.365
43,3204.4473,2104.1619
43,3387.6934,6148.454
43,11766.277,9673.112
43,1338.9221,5175.5254
43,7994.641,12100.403
43,14523.172,7316.174
43,0.0,2885.095
43,16385.715,15019.995
43,14289.391,6339.387
43,16580.332,4855.991
43,14948.112,13067.916
43,3855.374,4174.4653
43,13511.134,11006.5
43,13869.405,9952.077
43,12079.913,12506.562
43,15034.199,8249.567
43,16486.998,5877.148
43,16589.723,7390.891
43,12603.428,11655.482
43,2812.6355,6895.91
43,7395.7305,16063.36
43,14115.307,5300.8706
43,15193.862,13629.856
43,6960.7188,16133.795
43,18768.717,10991.056
43,16480.398,10195.466
43,15775.073,14104.829
43,15685.545,8207.558
43,17547.23,13622.424
43,11567.265,3687.158
43,14559.623,12842.884
43,13285.731,7673.894
43,8188.244,6130.869
43,5875.162,3438.7542
43,17997.346,9803.616
43,14722.133,6885.645
43,7617.215,12060.967
43,13827.561,5739.1724
43,7377.517,14614.402
43,1618.1813,14895.381
43,8327.248,8237.327
43,4345.139,13551.91
43,2493.6877,13602.637
43,6861.7153,3538.931
43,14551.694,12431.201
43,11518.077,16559.848
43,17916.043,11567.773
43,11933.798,6170.4736
43,1667.9087,13894.308
43,5352.444,14974.6
43,13701.91,8253.196
43,4509.6978,792.8603
43,13953.973,7193.3984
43,17228.166,16648.19
43,16143.383,12344.589
43,6297.651,15288.773
43,12293.257,8581.414
43,7434.346,7507.8047
43,13732.159,12700.618
43,8399.616,4066.372
43,15760.427,6815.7793
43,1721.9716,17738.145
43,77.879745,3014.153
43,5931.358,10696.002
43,14349.038,19762.89
43,6262.3306,15852.915
43,3908.9412,14390.39
43,2711.7273,13530.546
43,14880.876,6584.255
43,17070.678,7219.0273
43,16900.602,11935.694
43,8233.796,16412.402
43,7955.3887,8636.432
43,2550.1982,16140.978
43,15410.722,17938.682
43,12349.589,6589.297
43,4556.995,16934.451
43,882.4174,6804.309
43,17410.955,11381.045
43,16657.994,8842.109
43,15599.977,9869.128
43,1448.4384,2631.04
44,10000.0,10000.0
44,13564.847,7823.53
44,6865.8223,5541.28
44,13533.85,10139.007
44,6096.733,3264.5967
44,2110.4429,15578.264
44,15560.365,9513.531
44,9604.21,9294.008
44,4379.444,4845.723
44,6526.8643,3683.588
44,16188.713,8829.297
44,13712.984,10187.187
44,14242.186,14339.445
44,15731.54,5735.9033
44,17627.94,6140.642
44,20000.0,6298.1357
44,14595.592,12793.239
44,15346.813,7142.5107
44,4288.5957,17311.203
44,12003.089,15855.634
44,3172.6084,2901.933
44,15552.973,13548.437
44,4833.993,10018.704
44,7892.041,14206.301
44,18208.39,6421.791
44,12296.381,12806.228
44,15321.073,7770.8433
44,8490.436,4487.3477
44,3525.216,11925.195
44,13521.129,12387.609
44,4113.5186,14258.07
44,8863.318,15825.258
44,3298.2612,13490.631
44,9578.955,4045.452
44,15663.467,10091.931
44,6755.257,6582.72
44,7571.5845,3571.9934
44,4801.111,8045.9067
44,2019.4614,13194.308
44,4981.4014,15931.477
44,14612.578,11174.481
44,3346.9768,6993.3516
44,14895.261,13432.292
44,13285.831,2480.9902
44,14220.521,13974.162
44,11766.257,6413.852
44,16108.026,10377.402
44,15885.581,11094.662
44,4723.285,6893.8926
44,5061.897,7553.25
44,17937.184,7337.7983
44,14026.492,9373.914
44,12919.634,5010.253
44,6425.5586,1095.9048
44,14256.957,14541.733
44,2405.328,13164.947
44,7878.859,11614.63
44,1481.3746,15017.063
44,16398.84,13859.047
44,4536.1646,3424.6445
44,4297.3003,7175.4814
44,14005.431,5033.423
44,15233.462,5827.8813
44,13388.178,7752.11
44,17637.895,12104.0205
44,10492.75,14299.22
44,13644.81,12435.37
44,18530.996,11190.598
44,6094.578,6872.528
44,18434.797,11451.415
44,2252.1965,14538.258
44,5398.951,3604.428
44,17419.852,15507.571
44,12903.986,15654.957
44,8943.648,13288.955
44,5217.5664,3330.5417
44,14254.1455,8114.9834
44,4765.6846,5198.02
44,5039.9272,13719.249
44,10972.62,6502.1523
44,16476.605,14485.166
44,16292.975,10483.416
44,17274.79,7369.504
44,7504.188,14410.034
44,4971.7646,11832.029
44,14736.989,12297.168
44,13585.573,12125.418
44,16342.395,13553.972
44,14278.149,9544.6
44,7095.4146,13551.337
44,7423.9624,17299.04
44,6785.5083,701.66187
44,6470.7305,8443.92
44,16563.38,3992.907
44,17088.264,4093.3472
44,7292.4883,3296.7595
44,14167.272,11199.959
44,15752.933,8116.043
44,5577.35,16124.207
44,12592.375,7360.684
44,18346.168,6718.475
44,8900.755,13726.728
44,16042.818,13624.265
44,14232.664,8936.173
44,13589.215,10935.167
44,3401.335,14715.466
44,18741.17,8914.213
44,2260.2588,7518.421
44,7823.6323,6872.3115
44,13089.505,7203.786
44,5846.155,10499.8125
44,14658.997,11649.275
44,12647.2,10719.083
44,9550.884,4436.5205
44,12826.422,11738.158
44,3079.9348,6347.1807
44,6805.498,3096.9146
44,3957.5127,10332.567
44,5506.5117,5646.714
44,4122.7964,5341.6064
44,7872.7954,16245.021
44,3667.8252,3815.6562
44,5139.813,9698.339
44,4565.336,5491.7466
44,17580.28,13686.886
44,14352.73,11077.516
44,12053.897,15401.75
44,2865.411,16207.237
44,12665.04,14695.241
44,13505.469,6138.909
44,14516.199,13586.782
44,12253.598,2943.5635
44,4899.8623,19216.508
44,12526.168,9290.241
44,17575.625,13987.735
44,13764.497,13854.708
44,6621.422,4870.75
44,3988.213,20000.0
44,3210.3306,5532.6494
44,15793.518,12235.506
44,5630.2173,12596.491
44,2689.3147,17221.9
44,1396.7285,5007.7646
44,6261.493,6011.8794
44,3008.81,7810.933
44,14706.796,13127.752
44,15190.59,7031.536
44,2532.6868,1534.7092
44,13002.438,14351.565
44,17537.637,14075.323
44,7674.834,14408.498
44,630.68536,5717.4297
44,3421.9678,12939.667
44,13870.924,10281.698
44,17672.234,8483.987
44,6043.135,7882.287
44,14265.023,10501.544
44,3774.276,11485.707
44,14839.443,5011.252
44,16969.002,5416.7637
44,13938.278,11058.378
44,5955.4214,13881.664
44,14676.291,9278.467
44,5680.969,17237.426
44,13161.263,10645.614
44,16129.584,7106.501
44,8094.7705,14876.144
44,15612.426,11566.17
44,6775.214,17334.467
44,14977.26,12388.414
44,5213.5576,9960.573
44,15321.303,10930.516
44,2985.217,17905.752
44,3345.8313,14125.919
44,16302.264,17721.576
44,4451.1147,5847.951
44,13367.877,12860.289
44,4010.9446,13700.768
44,3921.273,6476.202
44,16440.643,11391.16
44,18629.498,12017.948
44,4210.5356,15634.342
44,6190.726,7798.2124
44,18255.982,8735.773
44,3385.639,15577.198
44,15174.511,12924.461
44,5668.6655,849.27155
44,15234.029,8892.095
44,8176.198,2591.9004
44,16636.219,14056.959
44,6147.254,18887.803
44,3146.7805,12851.533
44,15716.868,14189.694
44,5257.714,16031.921
44,6028.082,19133.379
44,18406.154,12307.269
45,10000.0,10000.0
45,6798.2007,13365.277
45,16784.701,4375.5522
45,15095.63,16017.081
45,15949.746,4205.4424
45,3708.8672,15144.624
45,13687.526,7131.5913
45,14749.066,7902.7275
45,16055.563,12932.038
45,15481.181,8315.159
45,18590.527,13748.177
45,2479.6377,3815.9834
45,14147.759,4983.7974
45,3818.7449,2795.528
45,13883.929,10612.702
45,4839.2676,179.06345
45,12895.608,9200.339
45,2887.5461,14301.479
45,17269.768,11551.454
45,3294.3906,1292.8278
45,15656.331,5788.869
45,14966.643,15051.798
45,12466.97,6706.5303
45,14371.39,6307.9365
45,5994.017,14812.062
45,6503.614,15781.444
45,17526.727,11419.573
45,7368.4985,14061.625
45,14551.388,7358.929
45,5103.8687,13532.8
45,15180.392,10925.146
45,16701.35,13910.335
45,11369.601,11520.918
45,7140.2505,6278.7046
45,12263.053,18240.379
45,13195.111,12704.849
45,13179.218,7815.3887
45,6331.5093,4864.584
45,16103.305,9606.63
45,18496.459,9617.086
45,14242.375,12370.856
45,16884.602,4333.5938
45,17432.033,7761.751
45,16965.883,15701.687
45,736.96704,5036.506
45,16013.658,4038.3225
45,5953.638,11877.777
45,1714.0017,4925.6313
45,3364.6477,17819.297
45,7133.4263,15923.13
45,4693.6875,4762.355
45,19150.912,9575.888
45,14837.888,13435.392
45,4922.761,2384.5505
45,9502.12,11085.425
45,5413.955,16928.926
45,4798.955,5583.3193
45,16758.432,10889.426
45,6546.7573,8076.0605
45,15109.824,3870.6785
45,4285.058,15763.969
45,16549.525,9049.203
45,5445.905,17469.273
45,14125.8,5917.5054
45,14428.101,11934.927
45,18234.508,3749.8386
45,7550.6465,8113.2427
45,9121.571,17720.252
45,16586.193,9625.941
45,13624.117,13347.739
45,5638.148,13662.783
45,4049.5,17443.178
45,12879.398,16958.34
45,6355.4595,7753.5034
45,15612.647,11697.35
45,16829.336,12103.204
45,18911.873,14259.499
45,5446.043,6804.49
45,3614.1038,17696.453
45,17682.396,12851.833
45,6903.7026,8782.507
45,2446.1345,15671.169
45,15801.393,11469.451
45,19573.834,6438.318
45,3577.1013,13489.786
45,4710.6636,16959.863
45,13614.032,10348.925
45,4365.6445,5809.4834
45,1761.8817,3033.0918
45,14187.838,5673.645
45,3437.3098,5061.572
45,5655.118,16119.883
45,4526.9204,3286.6245
45,2823.5835,15256.491
45,16235.711,13010.038
45,11784.023,8649.715
45,13640.51,16968.088
45,13557.186,12666.455
45,16127.904,8447.434
45,6250.939,14014.382
45,3549.3184,0.0
45,16201.623,10119.906
45,17644.834,8667.068
45,6160.0776,7020.69
45,7496.411,16168.279
45,4971.772,15573.296
45,9798.002,16644.078
45,3459.0781,12114.759
45,12954.713,8196.301
45,13450.14,2595.3296
45,5101.783,14708.317
45,14433.057,17261.637
45,15791.461,11057.306
45,3226.462,9350.25
45,4450.5356,3893.3115
45,3915.2969,14729.27
45,2496.7136,6083.4023
45,15458.968,6754.9927
45,5565.126,11871.203
45,3809.2095,5314.626
45,14889.489,14144.282
45,17096.613,15001.19
45,16134.996,11897.815
45,6689.2075,17468.473
45,15848.309,13242.672
45,14554.948,16909.861
45,14111.711,16569.082
45,13214.086,6608.6855
45,4491.0264,14218.413
45,13971.643,5937.407
45,16130.919,13409.8
45,15349.973,11543.511
45,5693.3296,16626.986
45,4357.67,6514.576
45,17973.264,14401.95
45,2264.183,4380.1133
45,11861.895,7693.725
45,4605.6357,10178.749
45,16741.3,8932.307
45,13074.812,8268.426
45,2713.3555,12382.958
45,16862.041,5180.343
45,15784.873,15722.985
45,13367.192,12628.448
45,6308.648,15987.748
45,5624.5815,4573.1143
45,14229.07,7865.52
45,2255.313,16173.119
45,13920.914,14783.624
45,15518.564,7819.538
45,13822.135,8651.226
45,9348.928,13912.445
45,4026.7937,8312.204
45,13102.143,8698.644
45,6243.0444,15951.505
45,13421.286,4025.037
45,14354.074,2775.5469
45,12402.875,10934.685
45,14062.564,14061.406
45,3394.634,15884.233
45,2980.5767,7654.515
45,17533.707,6902.528
45,4012.3403,13813.279
45,3720.6423,2698.444
45,16719.58,5473.1626
45,8848.063,11994.345
45,1514.7183,17241.877
45,4700.172,8076.2627
45,12096.3955,14008.188
45,5175.559,14551.52
45,14206.821,10637.748
45,8002.667,15029.156
45,12048.326,12011.146
45,14818.819,11818.711
45,16425.652,11089.795
45,4556.212,6997.1636
45,16760.791,5494.2886
45,11777.102,13853.354
45,10732.143,11231.323
45,15792.405,14486.227
45,4783.066,7440.6494
45,14369.866,12652.037
45,7938.9834,12370.483
45,3293.646,3435.1826
45,12696.238,15407.162
45,13736.088,10209.657
45,13428.364,9446.714
45,14528.083,11134.745
45,4464.2,15736.681
45,4861.9966,7042.239
45,7984.2173,0.0
45,13940.861,13480.53
45,11170.046,7605.383
45,16594.084,15734.835
46,10000.0,10000.0
46,6037.9062,3798.0078
46,4533.9097,4226.08
46,15592.886,9809.509
46,10117.2,9979.738
46,2868.843,17376.371
46,15842.828,15167.367
46,16103.413,6230.868
46,14109.297,8940.321
46,12439.824,10990.36
46,18641.348,6986.8354
46,5035.5635,7928.522
46,5326.7637,16497.273
46,5927.5854,6549.646
46,14745.217,16348.159
46,5899.6157,17908.67
46,3820.8738,17038.922
46,15797.651,5882.8643
46,13445.083,5021.898
46,3478.6826,7097.842
46,10997.239,17246.54
46,13235.812,6126.253
46,17509.17,13405.43
46,13095.652,14620.324
46,15133.684,14860.825
46,5159.286,8592.845
46,13386.625,13902.863
46,1228.2603,18901.53
46,12316.813,7678.33
46,5149.6753,14674.25
46,4396.227,6537.529
46,5128.6343,14420.601
46,13739.059,14814.452
46,4124.908,14616.726
46,2352.5967,15038.189
46,8640.608,5851.0195
46,12159.646,12142.624
46,4573.756,17559.256
46,12301.922,13992.355
46,2829.299,5045.19
46,15292.381,12021.352
46,15618.194,9443.517
46,14270.91,7528.66
46,15656.132,8205.433
46,14855.745,8445.385
46,16775.932,11722.838
46,6901.0806,6151.156
46,18297.625,8735.598
46,8336.9375,13872.194
46,12481.783,10144.017
46,17830.91,10497.139
46,3105.6743,14411.199
46,2371.3142,4709.727
46,13557.675,9631.826
46,12102.102,4892.9834
46,14155.945,12898.863
46,14754.898,9682.452
46,2061.5713,15962.893
46,6899.2637,6256.7153
46,14807.737,15254.803
46,5464.507,12314.599
46,14189.167,6102.066
46,16047.168,8667.03
46,8785.333,2732.4363
46,17462.838,7765.8457
46,16961.533,14405.512
46,14683.944,8040.8403
46,3119.596,6505.701
46,3084.4607,13983.887
46,14580.411,7688.642
46,2686.6165,4531.6846
46,15366.605,13563.652
46,15440.0205,10919.4375
46,15682.78,12618.1
46,6401.6523,6434.5195
46,3746.8115,14192.491
46,7315.8975,19006.492
46,5411.399,15635.735
46,17164.344,11869.71
46,2157.8828,14666.287
46,4480.5913,6138.057
46,14949.253,6503.417
46,5077.8994,19146.496
46,2305.788,7378.6636
46,16038.064,14144.025
46,14972.228,12741.731
46,4052.8328,3734.5764
46,1459.7346,4712.659
46,5063.4463,16831.443
46,12303.609,11384.353
46,16459.1,11859.517
46,14125.059,6237.7324
46,144.12173,1898.9047
46,2790.5962,4748.4844
46,15690.636,10024.225
46,8585.162,7556.2563
46,8087.5933,1241.9749
46,5819.5156,4249.331
46,13690.567,8372.695
46,14249.164,10834.75
46,18508.35,3423.2654
46,7027.3647,11399.851
46,17489.678,14248.683
46,15214.057,8473.668
46,14879.488,8589.844
46,14689.645,11350.385
46,15216.339,7901.816
46,4395.2476,6306.222
46,2446.7195,4535.81
46,2076.9453,934.5345
46,6032.3,11221.962
46,8821.231,3327.7632
46,2550.0117,4635.131
46,9343.782,6680.365
46,6030.5903,6322.5415
46,15985.226,14319.719
46,14891.383,9166.377
46,1200.3055,16797.818
46,7906.572,10984.797
46,14310.836,11665.769
46,15274.705,1153.7118
46,6145.842,14954.304
46,3191.5913,2780.2393
46,2373.475,8974.855
46,4488.768,16435.11
46,11960.313,5414.896
46,3353.9026,7307.958
46,3858.317,15321.246
46,17370.41,12868.878
46,13886.062,10672.596
46,15204.903,8355.843
46,14302.443,8511.887
46,13150.712,7162.4634
46,14016.969,17690.537
46,16224.524,6177.5005
46,10743.852,11202.459
46,7827.3657,6642.9033
46,3405.2388,3570.056
46,16093.609,7705.451
46,14714.905,8848.42
46,5680.3184,14680.786
46,2432.4077,15116.44
46,5040.2534,13482.627
46,15212.018,5753.867
46,2907.6687,7760.44
46,14782.943,7022.654
46,17295.947,2088.6106
46,5392.4736,5874.2446
46,6757.1606,12734.132
46,5849.561,16467.477
46,13029.827,5367.7007
46,8572.847,0.0
46,13962.743,17357.553
46,12928.986,4817.672
46,15271.401,8796.586
46,14352.882,8760.646
46,8089.5464,2303.0752
46,7614.089,18502.393
46,585.10754,14771.366
46,3733.3513,5759.091
46,4483.465,2769.345
46,16052.79,8721.813
46,9471.66,16493.76
46,6513.904,5923.451
46,3585.1467,936.8692
46,16393.572,6582.199
46,3241.8413,9458.203
46,7525.572,10850.737
46,15145.044,6495.378
46,8521.555,15279.724
46,5713.8975,16532.379
46,12995.739,11483.571
46,13289.366,10991.151
46,9453.79,7279.144
46,17968.703,10190.771
46,7865.1006,5559.43
46,15001.955,5917.9136
46,4134.5483,12907.53
46,5253.4385,4075.5774
46,2394.9434,14766.251
46,14687.651,14195.118
46,18803.436,15092.005
46,19121.951,13005.589
46,3556.7898,9441.465
46,2671.8828,17065.291
46,14728.352,8885.949
46,16449.518,5041.335
46,5138.506,3061.664
46,14534.372,13431.593
46,1176.9778,18150.375
46,14191.939,18298.438
46,4340.648,15461.937
46,6987.373,19160.086
46,16434.309,12696.865
46,18161.912,11641.485
46,4043.3132,11694.116
46,7227.7866,3913.387
46,3250.8303,5126.1914
46,7371.494,15026.352
46,16996.283,9240.953
47,10000.0,10000.0
47,3873.9897,12908.423
47,11865.095,11860.979
47,1322.7197,11514.334
47,5475.1787,17482.812
47,5704.496,5125.521
47,5149.529,15637.871
47,5362.1553,13487.332
47,14877.936,15757.099
47,3448.406,15541.251
47,16581.666,9510.293
47,14952.101,6522.3203
47,16932.842,10737.306
47,9958.892,14602.676
47,17629.855,12961.928
47,5891.075,12357.802
47,12811.091,12313.286
47,1762.9087,1384.918
47,14263.386,14293.164
47,14453.449,12319.876
47,12652.525,8834.071
47,7922.938,16404.088
47,11630.143,6420.326
47,4669.9697,4837.247
47,4062.2861,15218.194
47,13927.496,10875.412
47,13088.425,10722.477
47,5644.973,5195.035
47,3258.8508,17517.906
47,16341.834,7062.558
47,6439.5083,5480.0854
47,17090.162,7180.4585
47,6755.4956,16687.186
47,14789.227,5859.8994
47,13368.68,5868.936
47,1966.0773,16358.755
47,17771.65,14966.172
47,18578.293,11370.462
47,5102.749,12255.479
47,6290.101,6831.873
47,11548.531,13039.283
47,1237.9371,13707.342
47,1963.6257,6145.856
47,835.03534,10154.603
47,14196.196,7941.847
47,14670.744,13085.172
47,3823.9836,15357.71
47,14234.101,14424.77
47,2617.1133,4149.073
47,16928.271,7619.162
47,13533.124,9963.816
47,4834.936,5102.643
47,10573.002,11710.423
47,6615.86,11934.023
47,13033.301,12868.997
47,9626.096,14727.198
47,17208.934,10031.188
47,15584.427,7331.4663
47,3076.315,17659.537
47,14360.333,9886.401
47,4742.4155,12551.697
47,5454.0566,1278.249
47,5465.812,11641.772
47,4461.4727,1627.9481
47,9425.663,7396.956
47,11086.045,6406.565
47,14201.732,11216.003
47,15101.79,8135.6836
47,5146.1743,14729.163
47,14703.511,9881.847
47,15501.81,10688.887
47,15167.641,12279.012
47,15311.538,15387.047
47,6963.721,15966.385
47,13965.057,5357.8164
47,15242.843,12006.384
47,17268.797,13808.306
47,5469.721,6528.5215
47,4960.9927,15913.803
47,6072.686,17038.838
47,13851.078,12598.965
47,11945.802,14424.88
47,17905.309,12741.021
47,4369.4233,16551.945
47,4944.5005,14914.622
47,7246.6357,4427.2627
47,14272.091,5956.4736
47,10515.654,13336.319
47,4187.332,13772.238
47,9598.947,13810.585
47,6388.369,7785.2827
47,15896.971,15170.472
47,8250.349,15518.367
47,16647.033,11866.193
47,2344.5361,3080.775
47,18361.475,13649.242
47,14965.841,13094.667
47,4822.815,16314.896
47,19135.54,6853.6646
47,2714.65,16154.972
47,3580.0002,6807.125
47,5668.2993,1693.3953
47,5447.166,3921.052
47,6873.8877,3905.7383
47,6676.3286,16414.287
47,1471.8169,14991.701
47,15137.605,15015.547
47,2396.1328,17138.818
47,13275.412,4740.575
47,5068.0435,6762.883
47,4568.207,4957.6523
47,14042.631,17558.594
47,5806.641,16918.963
47,5111.9946,5581.3506
47,5767.181,2620.1853
47,16237.833,12878.156
47,14007.46,11355.684
47,16838.617,3323.858
47,15986.602,15259.477
47,11425.547,9221.038
47,15624.136,8800.613
47,11782.363,17692.348
47,15200.617,4363.425
47,15636.0205,13511.225
47,12711.414,16052.96
47,8062.797,10472.33
47,16890.537,14498.544
47,16845.412,13846.04
47,8309.158,12273.684
47,7705.7676,14296.778
47,12627.342,14255.207
47,16049.968,6299.6978
47,5185.1826,16971.28
47,7273.1284,14124.796
47,15737.8545,13388.933
47,14420.966,8953.492
47,17967.896,14478.591
47,6753.5605,4849.9556
47,14562.947,13227.179
47,5185.72,15295.385
47,17753.51,11711.415
47,13674.526,5822.812
47,7713.4595,13401.5205
47,14861.294,8119.018
47,7562.1636,11887.77
47,14014.603,4719.595
47,15228.873,7880.9805
47,13066.506,6412.4556
47,3384.0361,16864.83
47,16596.541,12465.953
47,13432.827,5555.851
47,15556.847,9606.272
47,1326.9441,6201.4473
47,11216.294,9386.2705
47,6242.527,5652.531
47,16010.367,11689.206
47,15666.113,10241.191
47,13689.245,6781.8677
47,17318.547,8369.1455
47,3353.2664,16753.3
47,4226.9443,518.8963
47,12943.719,11289.271
47,8266.017,6201.352
47,2942.805,17291.6
47,15100.44,4813.9497
47,14566.913,11315.678
47,18831.602,9519.561
47,11345.445,16987.875
47,3223.3196,14273.008
47,5684.0986,15276.922
47,3591.1194,7023.35
47,4628.2827,14985.561
47,3085.766,15694.37
47,582.8321,7339.332
47,5738.674,20000.0
47,16475.225,6977.455
47,15357.942,14118.551
47,5592.734,6103.964
47,6591.134,5474.6143
47,5016.937,2623.3394
47,12514.888,5654.9736
47,4029.9893,3184.161
47,13203.928,12548.667
47,11557.895,7819.1016
47,3485.5864,12634.112
47,17778.451,15028.918
47,7165.856,2952.0034
47,7239.1255,5678.976
47,5899.9346,14235.773
47,13914.695,14107.75
47,16152.952,4147.1055
47,11399.364,6156.9243
47,6619.271,18982.29
47,16166.972,10777.803
47,16075.286,15852.771
47,14559.941,6144.7666
47,12595.24,11959.622
47,6369.2764,5346.151
47,1252.0393,16197.577
47,3649.072,6216.6646
47,4843.334,4183.6997
47,3567.327,14110.575
47,15112.536,6897.808
47,6341.7417,16921.074
47,7428.0947,17760.316
47,7120.5117,2999.7654
47,7128.998,3533.2402
47,14147.99,15095.446
47,12518.603,13270.46
47,15499.313,1612.4609
47,13401.817,14230.489
47,2465.2769,13189.753
47,5744.2715,14654.223
48,10000.0,10000.0
48,3171.1082,4631.5845
48,15574.0625,6390.81
48,13886.694,7067.037
48,14895.46,16225.933
48,4032.0308,5000.034
48,14744.74,3948.501
48,15990.21,13573.777
48,8857.025,4466.15
48,14141.831,8242.325
48,1786.714,16439.393
48,15569.207,11834.107
48,3416.767,2149.544
48,4403.6343,15559.893
48,702.32544,10937.422
48,12597.548,4531.965
48,16664.873,15658.986
48,13620.295,4892.6245
48,4516.2637,6719.4614
48,2048.518,16939.75
48,15081.11,13389.035
48,7355.958,6994.472
48,19784.963,13323.082
48,4362.9663,6594.7935
48,4341.095,17420.943
48,20000.0,4114.6606
48,6999.582,9567.495
48,6141.9077,15183.278
48,16399.543,10259.473
48,5419.8906,16460.066
48,15166.215,4128.5786
48,16808.8,11044.253
48,5138.279,15796.442
48,3271.226,4934.066
48,7867.566,15490.561
48,3935.5193,704.6135
48,15432.142,8664.038
48,13913.526,12268.117
48,8552.645,2984.987
48,18634.611,6473.2476
48,5071.9546,4330.8403
48,2589.5815,227.48628
48,4182.949,1268.2242
48,5369.9077,5469.6724
48,5433.5635,17532.492
48,12980.099,12983.32
48,15317.564,13440.542
48,3503.7004,4731.3857
48,20000.0,9963.973
48,5259.2563,12404.379
48,16204.028,4183.9463
48,14315.184,12315.982
48,17305.926,6930.4946
48,2956.247,5025.331
48,16894.451,8124.9526
48,13657.133,9713.74
48,3123.3887,7966.5654
48,7283.072,3879.004
48,5325.1753,17162.205
48,2763.5586,5825.163
48,2619.3677,3835.5156
48,2191.895,20000.0
48,8034.391,13858.993
48,15153.252,9566.66
48,5713.6753,7160.9614
48,11110.815,16160.618
48,20000.0,12161.989
48,6424.306,7931.944
48,6355.199,14415.052
48,10938.79,9473.559
48,6920.195,5916.172
48,4668.255,5576.131
48,5882.7725,2769.7983
48,5736.2793,16084.776
48,4587.218,16368.12
48,12559.708,10037.075
48,3691.2935,7394.532
48,14544.059,16637.518
48,4593.4434,16172.747
48,4404.307,15627.334
48,6393.1973,6483.5044
48,3623.3342,3609.2673
48,13424.2295,8861.122
48,14026.583,15886.031
48,4140.055,13055.435
48,3977.8118,2542.693
48,6335.7593,7687.1875
48,16097.754,11250.884
48,18509.885,6333.545
48,14466.433,11325.209
48,5342.8384,14245.066
48,7897.982,4211.3613
48,17979.69,12313.549
48,15125.98,9381.107
48,17297.723,4283.739
48,12498.65,14515.448
48,13056.905,8451.806
48,17643.73,7684.236
48,7324.5503,4142.476
48,3290.893,17730.293
48,2691.772,13725.792
48,6053.701,7532.31
48,16213.53,5161.1865
48,3587.2847,9482.723
48,5351.149,14921.483
48,11990.449,9674.938
48,5051.69,7671.138
48,6286.344,16126.2705
48,12085.39,8254.097
48,15808.066,13542.111
48,4691.6396,4932.861
48,4380.7944,16688.287
48,10809.219,8020.8936
48,5569.361,6893.1753
48,17054.156,15314.086
48,15435.128,18557.701
48,15215.791,9524.54
48,17353.91,12699.375
48,14782.943,10633.576
48,3342.429,10964.554
48,13948.355,7886.113
48,6039.9673,6462.7056
48,15843.339,8977.384
48,7356.625,4455.073
48,8081.476,12797.741
48,4356.2188,1367.8899
48,14713.75,12515.382
48,17871.79,9563.386
48,4401.839,2702.326
48,15784.474,13101.349
48,4986.056,16797.697
48,16993.674,4848.23
48,16082.79,6286.8545
48,11941.226,14076.059
48,7668.1143,2164.1875
48,9521.376,12364.63
48,13608.627,17314.418
48,12307.663,5953.269
48,6460.6035,18711.39
48,15880.969,16225.24
48,4805.639,6196.361
48,6038.764,3846.6892
48,16445.44,14097.025
48,3096.2622,14048.16
48,15535.944,10077.284
48,6971.864,15467.132
48,14623.789,7909.9863
48,1612.7559,17209.193
48,3258.9695,15591.55
48,5704.156,7354.401
48,12430.417,10765.446
48,17261.996,12798.622
48,3547.8655,14495.308
48,5109.975,5060.6226
48,3615.5337,15556.89
48,12624.217,9909.301
48,14421.727,7784.716
48,7247.5845,18102.83
48,5746.3643,2690.4426
48,8325.083,15540.804
48,13818.861,7919.892
48,19344.271,13203.071
48,16660.729,7733.2905
48,10231.555,12956.78
48,14149.098,14655.458
48,3598.032,3156.5193
48,4056.2944,2800.5571
48,18688.273,3245.7908
48,13490.589,5487.0806
48,15085.367,9376.137
48,6247.873,4226.0947
48,4886.5845,20000.0
48,8980.363,2936.5415
48,13937.446,13785.925
48,8023.1675,16242.527
48,4067.8857,3811.4485
48,3725.212,13168.727
48,18883.5,17345.215
48,4885.047,4194.957
48,16892.838,12856.367
48,4764.016,13407.058
48,13100.885,14543.354
48,7073.5273,12071.175
48,4297.8047,6619.867
48,14362.062,15662.127
48,3807.0876,4437.3076
48,17330.97,11107.866
48,15599.142,10880.421
48,15143.226,14941.351
48,5085.01,6781.515
48,4652.2954,3918.1357
48,11761.767,14323.228
48,12504.633,4605.9404
48,2717.6392,15014.945
48,5573.418,8927.392
48,7175.2666,14228.707
48,13834.801,9159.088
48,17446.686,4580.914
48,13200.975,11867.34
49,10000.0,10000.0
49,4726.518,14005.708
49,5061.5703,8094.5933
49,2903.4167,14984.62
49,13605.873,14101.726
49,4236.313,5797.165
49,5047.4756,4362.332
49,4982.313,5447.392
49,8800.599,8367.451
49,14544.519,8544.7295
49,16333.948,9497.998
49,14988.066,8719.2
49,15815.639,13939.806
49,15186.2295,14575.156
49,14424.084,8665.412
49,3256.028,0.0
49,4020.8774,5532.9185
49,4996.0923,4552.014
49,14112.66,9841.537
49,3019.8623,16249.759
49,5835.2783,11153.874
49,8255.957,6882.8433
49,7163.908,15364.008
49,6258.3877,3202.5796
49,6298.4126,2584.6296
49,733.36725,15662.437
49,12764.402,8790.728
49,3576.003,16396.865
49,3779.9465,20000.0
49,4182.09,3851.6477
49,14709.027,12384.66
49,13611.017,5876.128
49,13111.564,11153.795
49,4892.8247,14031.238
49,15434.307,10430.096
49,16362.517,6574.398
49,18109.674,3785.666
49,14266.728,11979.981
49,14864.865,13070.782
49,2540.3574,13262.326
49,6108.6616,5008.9556
49,6663.4976,12981.824
49,6098.704,15554.568
49,9406.694,4101.117
49,13976.811,9254.221
49,15295.983,10548.595
49,6239.248,3776.4612
49,14481.21,9398.137
49,6998.936,14146.225
49,5895.2964,14844.172
49,14922.469,12587.897
49,2252.3855,5928.5063
49,19182.822,8760.578
49,4520.412,5086.694
49,16149.434,8055.364
49,10424.089,9519.736
49,14777.161,11134.768
49,7129.9395,13546.248
49,13475.254,15382.929
49,2640.437,16618.158
49,6191.7173,4100.686
49,15676.664,9408.03
49,4630.1978,17802.812
49,15232.081,8801.825
49,7843.906,1808.4941
49,11722.999,13870.78
49,11206.894,7183.7617
49,14885.623,19004.855
49,19360.648,8627.288
49,3878.1084,13505.435
49,1622.2264,12852.26
49,1092.0891,14007.228
49,20000.0,8175.616
49,13392.616,9937.809
49,16348.262,11114.215
49,8491.367,15351.041
49,15359.334,3556.5088
49,13088.577,9468.248
49,15038.766,12593.258
49,14718.967,8178.8057
49,2349.7458,11692.243
49,4627.6724,14887.512
49,14815.275,8035.797
49,15135.609,7735.535
49,16853.574,8926.552
49,13486.522,7307.596
49,16550.83,8065.3965
49,9092.712,3328.2664
49,11013.561,9834.111
49,14309.624,13680.025
49,15206.773,11548.347
49,15832.814,6216.714
49,6909.6055,14505.248
49,5338.3193,9154.836
49,4218.0225,2785.9983
49,16087.052,12186.132
49,873.37335,13977.484
49,2704.9443,3973.7424
49,14711.209,2299.3965
49,15512.258,9070.746
49,5340.6357,15940.79
49,15705.621,14343.784
49,7250.7983,3025.7417
49,3027.6438,3103.9775
49,786.90106,4973.6226
49,17451.51,15430.966
49,12351.518,8148.544
49,15027.347,10927.648
49,13908.677,8644.953
49,10999.081,5752.1084
49,5100.7974,14694.739
49,12423.165,12624.5
49,11942.421,7317.7334
49,17056.156,15158.274
49,1929.1963,16458.82
49,6553.9434,17885.44
49,3931.9404,16856.639
49,17145.125,12707.156
49,11849.176,13822.747
49,7974.564,16294.744
49,15015.843,8123.09
49,15209.969,12589.367
49,3399.9595,4923.054
49,16328.762,4312.201
49,16041.014,12233.633
49,6301.739,6772.9585
49,8189.8247,17327.99
49,4867.562,17539.139
49,16888.604,4956.5586
49,5373.5894,6057.4116
49,14931.128,11802.174
49,2598.8774,5305.6274
49,17292.871,9156.344
49,10408.511,11089.518
49,12469.786,16753.572
49,2767.8726,6686.505
49,12220.67,4912.933
49,4348.6924,4187.802
49,7121.7866,9691.8955
49,16517.545,7337.3486
49,5540.3843,13982.926
49,4309.7188,16330.096
49,14342.484,15074.654
49,13954.964,15133.396
49,14506.257,4364.0083
49,7107.665,6657.979
49,16481.76,2488.379
49,6807.9644,12591.963
49,0.0,12276.401
49,5065.5063,14432.663
49,15082.624,9727.829
49,12984.8125,10836.359
49,3881.5244,2751.975
49,3002.749,10837.421
49,18210.781,9348.36
49,17029.129,6416.759
49,14871.912,12070.417
49,17858.664,9617.019
49,13623.658,2984.1
49,13712.342,17416.527
49,5708.142,15998.235
49,6715.538,17257.055
49,14625.642,15719.985
49,4921.8354,2370.937
49,6133.0957,2204.3572
49,14647.816,4799.3657
49,14717.69,15310.133
49,6502.865,15160.442
49,16933.191,7713.6074
49,13969.419,4020.103
49,3749.2537,5255.176
49,6128.948,4707.8447
49,14425.962,10318.788
49,4732.6094,5180.9917
49,3861.9238,13478.482
49,3705.9458,6558.909
49,12000.895,11799.395
49,2641.159,14745.977
49,5929.2456,17666.277
49,15211.509,11985.953
49,6788.643,2384.2122
49,13603.812,14270.542
49,19874.969,14827.649
49,14420.264,14359.038
49,14237.61,7829.94
49,16388.4,4712.1475
49,13909.974,4162.2637
49,14563.369,5234.5103
49,14115.772,6223.6455
49,15423.361,16346.881
49,5553.533,3055.6125
49,3311.7222,2018.834
49,1804.253,18456.043
49,17368.541,13741.629
49,16696.893,7803.81
49,4053.6797,4608.892
49,12611.978,9575.888
49,17164.707,5156.7163
49,3373.946,3515.6726
49,5838.7817,4773.3613
49,5075.682,14338.688
49,3472.6953,14135.947
49,11973.058,9897.801
50,10000.0,10000.0
50,5587.682,13972.083
50,13426.745,12310.47
50,6556.125,5791.6284
50,6398.695,3400.0342
50,7204.8066,1991.1985
50,8187.8374,17351.607
50,1193.211,3318.5757
50,8501.285,19065.668
50,15183.995,7318.478
50,5556.0083,7183.822
50,15243.398,5536.5796
50,20000.0,14160.098
50,15146.141,9261.109
50,5814.757,14701.624
50,15148.651,8615.378
50,5587.9785,14168.188
50,833.54626,6738.833
50,7179.5522,2952.9526
50,3737.7678,13690.687
50,5331.064,3996.7092
50,2880.424,14466.64
50,13398.459,8251.774
50,15441.601,10156.684
50,13909.596,6571.0464
50,14191.918,9498.059
50,4934.4985,18731.291
50,10252.57,8998.615
50,15253.802,3996.159
50,6185.7173,14450.011
50,14951.345,4909.1006
50,15087.4375,8939.655
50,16495.955,11462.641
50,17478.352,14660.942
50,15447.543,11146.596
50,16551.791,14378.586
50,4545.137,5319.533
50,6713.1826,5753.336
50,5613.565,13223.923
50,14858.099,14861.346
50,6029.8774,16268.452
50,17213.018,16601.992
50,4063.745,14687.643
50,4639.6333,3224.791
50,12821.751,7979.3315
50,7789.62,1998.1061
50,15705.796,13037.709
50,13566.375,11113.904
50,14297.671,16535.137
50,15055.358,11031.054
50,15298.262,9668.293
50,6460.315,6347.4937
50,17161.617,6294.1616
50,3112.9749,3123.8203
50,14425.4,5051.2104
50,6074.2505,15454.696
50,6645.368,14833.046
50,16942.852,10294.912
50,4865.873,1348.4965
50,16983.508,7583.1445
50,17664.596,12835.053
50,17496.086,3818.234
50,9217.012,5433.0063
50,15486.052,5862.814
50,5057.868,6129.7803
50,13109.984,5272.986
50,11665.389,11417.698
50,16100.145,6982.098
50,6577.9844,5402.6187
50,3928.8967,4830.8223
50,11873.768,10581.112
50,16294.079,3663.2776
50,15080.172,12410.47
50,15053.743,8841.963
50,9083.24,4537.0376
50,3604.628,8480.077
50,14812.012,3451.5693
50,16925.844,8492.705
50,17835.408,14553.219
50,2791.555,7197.1367
50,3561.7456,15160.986
50,6282.891,3051.4429
50,15626.676,7332.539
50,6299.5796,16714.371
50,3656.5837,16627.97
50,6545.7725,1620.4574
50,14471.508,12793.069
50,1525.38,4818.642
50,7323.79,12051.838
50,5055.601,17866.348
50,14781.994,13745.379
50,3752.8567,17660.96
50,14457.109,11899.703
50,17564.785,12211.55
50,14658.891,14843.668
50,14861.958,2668.961
50,3642.807,14170.146
50,3401.5828,5814.2476
50,4792.11,4503.1357
50,17162.78,11643.811
50,4528.144,4035.0835
50,4006.9924,16179.557
50,15940.051,9238.396
50,6313.9443,14552.054
50,3988.638,16270.012
50,15371.816,18202.615
50,4135.651,5534.73
50,7895.1514,5430.1143
50,3229.611,4346.964
50,15175.449,10083.104
50,5648.061,12194.551
50,13906.335,4483.9683
50,4074.5286,12270.624
50,2997.4556,15104.47
50,2271.8142,16597.445
50,3718.568,11613.615
50,4201.644,2610.3975
50,12664.118,12672.263
50,2706.8127,14220.094
50,3064.5696,14726.162
50,13048.207,9523.661
50,13931.559,7178.614
50,16162.978,15726.39
50,16439.164,8231.929
50,9816.12,15584.3125
50,13693.913,10306.115
50,14680.396,10676.679
50,1585.8595,13131.845
50,5809.637,13575.748
50,15189.592,12082.314
50,16414.762,13199.679
50,12950.149,10150.757
50,4737.8276,12806.787
50,17951.277,3394.61
50,7550.134,6900.8643
50,15901.5205,4478.5596
50,5216.5513,5638.9507
50,12804.019,13723.063
50,13663.809,9759.089
50,6120.891,5263.4756
50,13821.312,14648.808
50,3754.576,5404.4834
50,11611.742,7462.108
50,2999.9963,17715.242
50,5181.1543,15447.272
50,17136.22,12118.553
50,13940.919,10155.8545
50,11311.056,13222.697
50,16760.89,13298.796
50,16082.704,12834.15
50,4284.767,4588.0386
50,3889.7395,15462.128
50,5475.114,16294.695
50,15503.59,11419.415
50,4253.2266,14323.6455
50,17726.186,12996.353
50,14034.832,7995.408
50,11008.093,14360.476
50,16206.441,3741.8706
50,5833.8066,7090.881
50,14319.269,8267.063
50,13301.024,6593.981
50,4616.5645,14037.877
50,6462.885,13679.766
50,16730.514,7484.6797
50,18872.387,9351.799
50,18424.855,10850.771
50,6045.0117,3936.198
50,17679.635,5792.258
50,15543.675,13561.768
50,6395.1187,15718.1455
50,14615.847,13220.4375
50,13976.288,7398.5605
50,16090.389,12007.175
50,6292.9688,9446.521
50,18108.695,8618.71
50,5608.44,3224.3445
50,14898.245,13325.373
50,2821.4155,6500.0674
50,6439.6353,9512.717
50,17575.508,6480.9487
50,14881.497,13337.725
50,3964.7341,15271.28
50,16515.117,13213.86
51,10000.0,10000.0
51,16567.098,11051.748
51,5473.882,5247.0786
51,2301.0586,4958.5728
51,18780.928,12233.496
51,3155.8867,6313.7666
51,2469.9055,4693.453
51,14986.675,5679.456
51,4179.7793,14394.549
51,2259.0764,5349.004
51,15084.977,3442.8235
51,6230.7207,14464.885
51,4480.4673,15409.641
51,14714.147,9127.284
51,4276.8364,0.0
51,15337.386,5879.32
51,6867.667,14048.421
51,15117.446,11095.485
51,15318.768,7392.4453
51,4525.1133,17834.691
51,7563.656,16257.214
51,18259.205,4669.192
51,19381.436,8780.785
51,3962.5918,5447.4126
51,302.78793,1127.9901
51,19622.814,11903.981
51,2611.9314,11927.381
51,17658.38,7932.348
51,15580.782,11652.503
51,14117.662,2390.5264
51,5579.501,3803.6475
51,13843.254,14552.481
51,15696.537,6240.588
51,7752.354,7400.065
51,18924.666,3711.8027
51,14149.711,7727.17
51,17400.963,13642.45
51,5040.131,16015.3545
51,11995.3,8694.778
51,14700.082,8318.253
51,2081.3955,17159.014
51,13925.817,9876.268
51,13344.939,12988.664
51,12062.182,10365.205
51,7869.68,15297.096
51,2776.2964,8089.7876
51,12917.049,9081.214
51,11616.894,7858.775
51,5466.0615,7700.079
51,6209.8003,2328.4922
51,8749.106,6959.971
51,13711.528,8125.02
51,4691.6177,17026.115
51,15700.913,9653.458
51,2385.043,15132.366
51,17767.037,13171.156
51,17555.797,2835.1462
51,18128.438,10199.186
51,6174.537,12352.238
51,14564.745,13386.463
51,3673.8088,6015.628
51,15954.257,5921.204
51,15637.504,12217.3
51,14958.306,8775.852
51,16835.123,7607.0205
51,18496.111,17889.168
51,17562.248,5658.969
51,7299.889,15256.372
51,5461.6465,3486.205
51,4386.0093,14608.281
51,7832.4277,17160.6
51,5010.5503,1829.5503
51,6262.8804,16690.975
51,14667.92,12896.255
51,14915.356,9045.71
51,16920.895,13782.842
51,5392.4688,13545.968
51,10027.498,6892.174
51,3766.2952,3501.354
51,6579.5527,12735.753
51,827.66724,6325.095
51,15742.981,7576.211
51,14130.769,10813.771
51,15390.892,13251.509
51,5467.216,5372.023
51,19705.086,3456.419
51,17068.717,9516.295
51,15077.948,14052.84
51,10840.02,12828.256
51,4827.337,15245.548
51,18499.004,9709.889
51,3724.8474,13824.952
51,7999.1387,11291.387
51,1371.1339,7800.6055
51,16393.422,13972.629
51,7882.2915,7003.99
51,14816.0625,14213.465
51,16145.173,14191.843
51,8346.501,14966.086
51,12018.215,6106.076
51,15334.215,9570.457
51,8099.6943,4699.6494
51,13669.771,10382.747
51,15803.178,13404.799
51,4281.2314,13372.016
51,5643.654,16468.674
51,4752.14,12405.533
51,3908.1277,6553.1963
51,15302.365,13063.245
51,2885.698,18150.098
51,4642.8247,15921.322
51,11326.147,12464.377
51,15673.214,13598.649
51,5730.2266,12772.427
51,14637.726,11503.865
51,15011.192,5966.6875
51,14303.941,7217.9624
51,5065.589,14125.3955
51,13817.375,8790.533
51,14325.104,5949.066
51,6640.734,5965.036
51,3626.7136,13180.691
51,5996.5,13959.037
51,15782.1875,7321.659
51,6064.5234,15839.083
51,9947.22,6440.518
51,3740.428,2626.064
51,5156.2427,5358.79
51,17545.295,10355.134
51,6044.0166,5315.6045
51,6410.848,14239.187
51,12337.414,6898.7744
51,5247.735,4876.917
51,17430.646,11840.999
51,5646.9277,4050.3584
51,8389.539,4814.6235
51,19206.48,7692.5337
51,13232.519,13680.387
51,2380.3928,15317.631
51,17519.018,6003.606
51,6363.9453,6648.2437
51,2233.307,6431.8364
51,15097.648,13288.152
51,3650.4797,6107.286
51,19956.127,8370.488
51,11806.37,9885.163
51,4759.9805,16257.844
51,13813.647,12842.613
51,15978.672,7254.7104
51,15754.642,4984.5537
51,13248.283,12379.912
51,17287.4,14541.113
51,1221.5492,13650.528
51,17481.012,15618.295
51,11082.964,15973.482
51,3415.1047,5996.4165
51,4002.487,5471.2246
51,5061.1616,16995.564
51,12484.301,10171.315
51,13322.116,9661.557
51,11968.493,5658.932
51,16618.969,2910.411
51,2098.2502,15008.412
51,16593.291,8548.936
51,15389.504,11243.269
51,3412.2205,1135.4062
51,6269.3564,5184.955
51,14842.5625,9905.515
51,13345.958,14847.074
51,4647.294,6962.427
51,6416.775,16801.7
51,15788.425,7965.389
51,14231.833,6916.408
51,6631.8125,4579.2837
51,16537.635,9645.4
51,17379.295,10589.313
51,15007.417,10196.266
51,13753.036,923.8697
51,14593.646,14383.456
51,6322.7085,8640.4375
51,13152.073,5400.009
51,4244.3286,15118.911
51,5453.3047,15762.208
51,3854.92,15025.43
51,6494.803,2608.5986
51,5112.4336,7167.4326
51,1571.0624,5574.4526
51,13815.656,7393.033
51,3665.2507,15261.191
51,2267.137,2810.2869
51,13565.639,9868.932
51,6110.5605,7577.815
51,4933.7515,0.0
51,14997.193,6078.0986
51,20000.0,5216.2046
51,484.50995,4246.158
51,6805.237,12030.151
51,13101.007,5775.788
51,14125.657,9269.456
51,13834.099,14759.22
51,17825.408,13601.705
51,17022.168,11964.917
51,6951.2803,13852.378
51,16356.497,10280.898
51,4381.948,2623.5159
51,7259.5522,15933.306
51,12585.748,8372.429
51,15545.898,9336.522
51,10470.291,4770.4355
51,5372.8364,4846.0327
51,7905.0645,17612.207
52,10000.0,10000.0
52,12123.158,17523.172
52,16238.891,9703.836
52,4182.758,14966.914
52,12931.993,8470.289
52,15614.169,7698.8706
52,5021.0093,4730.1943
52,15911.062,9279.976
52,13539.861,9654.5625
52,18256.355,7728.6797
52,10456.737,10678.53
52,4587.7715,15299.249
52,15424.072,7747.998
52,1564.9862,15807.784
52,16250.142,12414.488
52,9248.6455,11604.493
52,4765.455,18443.012
52,12564.125,9834.455
52,14568.652,16286.7
52,5198.264,13348.048
52,15757.4,8967.447
52,7962.406,13237.144
52,15510.252,7942.4116
52,19593.014,12803.165
52,14010.692,12903.175
52,15215.788,13652.875
52,12188.996,14570.092
52,7122.5684,18442.293
52,13121.554,6810.956
52,17383.174,4768.803
52,6831.8926,16811.85
52,15778.739,13121.639
52,11403.763,7101.653
52,5447.7837,17886.82
52,7061.8247,14347.92
52,15011.857,11041.798
52,11979.4795,6820.504
52,15362.209,7083.032
52,17197.71,8003.068
52,10193.646,10674.166
52,5881.6416,14654.002
52,16660.873,8523.541
52,8206.766,12716.899
52,15341.814,10442.547
52,11993.417,11735.419
52,15586.194,8088.342
52,8861.255,11525.55
52,2705.614,15002.127
52,1640.3505,16754.068
52,15015.152,4930.0176
52,4716.76,15060.868
52,13224.35,8913.381
52,13365.525,15464.286
52,7582.5044,13654.02
52,4611.0073,4608.201
52,14116.266,7458.6626
52,3299.2534,7786.037
52,17029.186,12148.246
52,7818.4453,613.3162
52,17288.275,5488.4233
52,5495.3477,2964.657
52,16630.64,10672.738
52,13505.227,8877.853
52,16640.088,13106.865
52,16276.66,9469.161
52,2060.4204,3164.6104
52,15562.63,9440.974
52,11575.655,8066.5815
52,6419.7554,15184.295
52,17582.139,2759.8503
52,2725.2302,14886.384
52,15054.612,5740.443
52,5964.766,8393.758
52,12990.025,2679.7263
52,3157.215,16284.662
52,15021.939,5896.769
52,4713.9033,13850.998
52,11189.955,14378.309
52,3038.0142,4432.645
52,15151.292,9641.1455
52,15289.209,9848.233
52,17630.877,13026.204
52,14210.237,9891.097
52,3215.8848,3420.0605
52,6055.2983,13299.666
52,15973.702,14273.375
52,15982.766,11741.756
52,14740.441,9130.195
52,3822.457,6204.0845
52,11154.32,19617.379
52,11485.796,10093.716
52,4253.173,6584.4917
52,14635.696,13430.296
52,4053.1868,13664.219
52,13152.998,13736.253
52,16273.03,14881.538
52,17399.2,14355.23
52,3416.1877,2954.301
52,9861.273,13286.939
52,5312.568,15084.063
52,14908.121,9522.214
52,12587.301,8020.0127
52,7101.377,15860.6045
52,6734.545,8302.734
52,6906.5176,5668.097
52,4342.3774,4287.7227
52,13539.3,6535.102
52,5962.7744,15494.519
52,16796.701,7629.253
52,16762.107,13962.489
52,15414.838,14801.419
52,15122.86,12905.771
52,16839.24,9721.824
52,14398.135,11715.034
52,7090.436,16614.07
52,13993.432,10702.143
52,15482.406,12418.649
52,13933.698,7787.607
52,2439.3245,15827.978
52,14348.208,12871.105
52,12090.447,4810.7
52,15079.591,7804.7036
52,18315.09,15797.99
52,17114.096,10477.95
52,9006.014,18489.977
52,5329.552,7077.5874
52,12339.975,13399.848
52,3179.6704,13478.402
52,13616.384,5466.731
52,15155.25,8006.3916
52,5397.5376,7270.3467
52,1610.4418,14317.341
52,14065.356,10164.445
52,13213.2295,16280.456
52,18414.498,15040.283
52,6145.3203,3705.8008
52,2971.994,14031.975
52,16410.293,10176.569
52,4482.5474,13161.341
52,1152.5846,3879.838
52,4860.6323,15552.785
52,4302.003,4699.2607
52,15706.805,7243.2134
52,5236.1104,3784.6562
52,14202.01,9072.763
52,8000.9595,13842.136
52,5702.064,5218.163
52,5784.6655,13632.826
52,16099.57,13268.438
52,4213.767,13299.663
52,13537.3,6151.227
52,15858.725,10153.909
52,6887.6055,6849.19
52,14286.636,3082.2961
52,16226.368,7248.5645
52,6098.875,3297.2874
52,6198.8657,17154.764
52,3253.146,7483.226
52,4165.4,6339.1904
52,16772.64,13854.569
52,6574.0024,14897.936
52,1798.8594,11808.498
52,14854.966,9141.518
52,2666.8386,4049.5999
52,14734.876,7856.3286
52,6781.978,7458.273
52,5530.6606,3152.8354
52,7495.843,11853.57
52,13534.435,11002.774
52,5180.1333,13903.248
52,16418.285,15227.745
52,18936.836,17267.598
52,6128.8267,8204.564
52,12566.667,13771.261
52,16565.137,8096.802
52,6047.295,4802.507
52,5790.064,15437.209
52,2749.4453,2674.7354
52,15036.798,6072.0835
52,18537.19,12151.677
52,2587.107,14480.901
52,14785.386,6859.1797
52,2932.0615,2859.6428
52,2982.639,6182.0493
52,13150.77,7224.0244
52,6757.08,15204.61
52,3392.2537,14526.682
52,5351.3755,16753.611
52,13893.322,11290.059
52,17213.234,11999.565
52,13611.667,4978.507
52,6297.1255,12074.602
52,14581.343,11668.674
52,13889.211,12692.323
52,17603.814,11333.391
52,13321.789,12257.991
52,14450.839,6716.9336
52,17544.373,10849.728
52,8089.464,2694.1216
52,15621.12,7988.391
52,10716.526,18493.477
52,15634.829,11947.421
52,3631.6265,14591.171
52,7401.1025,13527.732
52,5084.1045,0.0
52,13564.258,7454.9565
52,13352.494,12929.08
52,5395.393,16508.906
52,8360.674,1798.9923
52,14640.222,12067.597
52,13801.962,16891.393
53,10000.0,10000.0
53,16161.027,7772.17
53,1846.4606,14559.778
53,8975.163,3578.1362
53,11871.388,9485.924
53,16909.766,7498.599
53,5088.3516,13418.967
53,16245.255,11115.205
53,14321.181,12018.432
53,191.1428,12645.751
53,8239.584,12836.433
53,14231.675,5516.988
53,1519.3668,17576.691
53,15847.1455,10233.063
53,5537.921,448.08932
53,5095.6772,15743.216
53,3584.1943,14640.478
53,13042.0205,14458.129
53,15017.606,16816.738
53,14624.993,14699.745
53,3944.7612,5993.9775
53,7957.9863,2898.0767
53,11630.131,14385.774
53,4717.7485,11229.27
53,5462.2075,4094.7664
53,0.0,14505.897
53,13485.3,10240.66
53,3962.6182,6183.685
53,11648.198,4810.352
53,5292.116,13925.738
53,2484.1228,13107.067
53,7878.041,14302.141
53,7090.7607,13640.735
53,14262.419,9202.298
53,14507.93,8678.088
53,4345.693,12974.475
53,14044.651,9356.639
53,3918.8604,7417.8613
53,4385.8325,9190.8955
53,7415.126,15831.384
53,5894.9355,6358.9277
53,16375.526,13373.167
53,20000.0,7223.6953
53,15167.574,13081.401
53,6981.9224,3194.5916
53,14864.02,12115.726
53,13411.376,15111.53
53,11555.639,12678.545
53,5597.6074,14138.989
53,18982.213,2823.7705
53,2605.7822,10264.347
53,8007.2646,3028.6472
53,14738.771,2239.735
53,4492.8276,16152.517
53,14221.25,11199.614
53,4663.5215,13249.827
53,4272.636,15111.589
53,15033.856,14049.114
53,6583.1475,2632.9385
53,3443.1318,12875.325
53,3576.3586,13531.562
53,13745.954,9308.057
53,3949.5308,18923.166
53,3579.1934,6895.085
53,14118.835,8548.205
53,14894.534,12981.404
53,3932.188,15310.304
53,16296.202,15758.095
53,7779.2905,13964.482
53,5122.7495,5349.0864
53,12015.698,7040.391
53,16243.241,13000.789
53,18380.65,9267.483
53,5577.3813,18818.684
53,6653.014,6761.8936
53,8732.529,13852.203
53,17444.357,5963.691
53,14737.151,15026.187
53,5921.0425,14198.588
53,5880.262,13137.374
53,15473.373,8619.544
53,14612.008,6474.9985
53,17734.93,14262.302
53,1811.7917,12978.106
53,3607.4014,13729.231
53,4030.805,18021.531
53,13814.59,16230.229
53,602.5683,4222.485
53,5413.002,19365.11
53,10087.216,16405.129
53,16363.978,13637.769
53,15503.488,4935.577
53,4666.353,5533.9316
53,2198.6882,16713.014
53,11307.209,15270.542
53,2785.1814,4957.8394
53,2849.1455,3598.3682
53,2963.8296,12493.595
53,5258.734,4803.8037
53,14324.839,14623.305
53,4534.3574,6802.1426
53,6551.7544,6748.963
53,6685.017,12133.541
53,12550.574,13459.881
53,4788.469,14692.747
53,1987.8553,8448.389
53,14501.861,6644.7935
53,5000.4824,3805.0508
53,6290.0474,16180.605
53,4013.7607,11979.692
53,13679.837,16208.665
53,13715.254,6417.5806
53,6033.9746,2536.8137
53,5217.893,14338.158
53,5500.4146,16051.296
53,11076.043,12911.41
53,17327.373,11491.101
53,4342.5557,1643.6626
53,15753.063,11226.38
53,8082.628,15148.282
53,3783.351,3309.3247
53,5633.2456,3374.55
53,6221.1914,6496.98
53,15269.9795,12463.845
53,1634.2687,8067.068
53,12387.444,9854.992
53,11430.049,13615.536
53,14299.458,7429.785
53,16520.5,6068.435
53,4632.2666,5991.418
53,4182.6313,13123.989
53,17031.95,7260.8516
53,285.49625,7036.5957
53,5901.645,6002.8965
53,1608.7695,14062.414
53,10756.563,12702.04
53,7033.5547,16403.951
53,15980.653,5092.6187
53,4140.0474,14245.642
53,17855.912,7341.911
53,5864.075,2797.095
53,6394.2407,7887.229
53,13902.637,5277.699
53,15646.459,11543.284
53,11732.243,3820.3943
53,14182.092,7529.76
53,4654.591,3253.5085
53,14939.425,5278.9556
53,4600.0957,12027.078
53,3691.3396,17313.87
53,12284.115,11951.581
53,5049.6826,2074.0168
53,3409.1091,4206.268
53,13167.001,13583.851
53,13513.853,11496.683
53,14675.52,8903.309
53,16819.334,8214.211
53,12927.45,11170.619
53,16939.902,12388.576
53,4807.7114,18412.81
53,7131.7075,3985.3296
53,13119.258,8444.097
53,3481.835,3932.397
53,16740.86,9680.998
53,20000.0,11095.01
53,14257.237,9733.543
53,10759.368,7195.516
53,4558.669,8170.2075
53,13695.296,7196.9565
53,13461.717,14249.716
53,5372.3076,7498.1333
53,14187.992,11309.397
53,13525.163,7459.0566
53,2157.493,16219.503
53,7146.6826,2763.0618
53,4550.5923,3610.5498
53,7345.0415,15051.43
53,14493.963,7958.5957
53,17961.477,9966.804
53,3209.1016,14239.581
53,5540.7637,8194.543
53,5061.4033,14971.607
53,15451.043,9484.476
53,4312.483,7142.4736
53,1719.8234,13469.61
53,20000.0,10224.379
53,5888.326,9999.84
53,5940.8213,13250.724
53,14925.725,8633.648
53,13361.881,12571.156
53,4627.65,3964.6833
53,14803.863,9038.944
53,5533.8643,2547.428
53,7527.004,3246.322
53,16698.746,9293.163
53,4451.69,5167.6333
53,13718.692,11789.062
53,3218.3452,8637.906
53,5231.6865,16900.355
53,6014.7993,8652.483
53,17183.576,9860.078
53,4250.019,16498.945
53,16609.324,9332.074
53,7048.169,16658.352
53,20000.0,10465.818
54,10000.0,10000.0
54,17379.047,10282.175
54,14449.141,8296.707
54,13848.502,3898.766
54,3519.5427,5187.2207
54,11821.912,3279.4592
54,4319.4526,3510.131
54,16378.465,8702.719
54,15905.464,13106.51
54,14756.829,9359.117
54,18167.354,9655.182
54,14907.036,10523.891
54,5740.102,19000.883
54,14771.352,7195.1387
54,6084.7036,13678.899
54,15348.088,10033.796
54,6480.398,13900.632
54,16237.963,4266.7554
54,14752.818,6505.543
54,5663.301,12627.968
54,14446.51,15080.895
54,2586.8586,6891.479
54,2158.4082,2209.346
54,5839.5303,16130.489
54,4660.69,16175.861
54,12657.662,12033.96
54,4269.6895,16612.156
54,3201.0598,8049.4165
54,15344.908,7903.9873
54,1197.803,3548.9136
54,16473.521,11775.145
54,14566.884,4966.0566
54,7441.8457,8044.9224
54,10388.198,8367.843
54,10349.86,13817.212
54,3544.5327,16568.06
54,1973.1576,82.54947
54,4808.0977,4208.5283
54,5103.2104,14855.057
54,14944.283,11873.295
54,12207.106,15553.084
54,14277.784,12915.335
54,6298.264,7837.0757
54,4879.3555,3310.151
54,4975.3496,6577.0
54,14998.354,5369.979
54,5909.084,8483.549
54,1827.3408,14938.994
54,4538.9214,14336.249
54,6238.724,6751.2173
54,14207.314,14171.539
54,18153.686,8424.751
54,19669.137,6399.0796
54,5289.1646,13384.206
54,5124.889,7539.6636
54,2411.235,3627.4763
54,3862.5474,3499.1187
54,3526.8362,15407.449
54,2246.0037,3955.2766
54,6634.9497,8328.485
54,14131.006,8763.067
54,17779.648,7180.1963
54,17988.215,12647.169
54,15377.348,13942.428
54,5938.7695,4209.352
54,3861.5562,5617.5986
54,9275.803,14368.62
54,3943.1438,2463.372
54,7945.1836,4701.903
54,18135.416,11888.737
54,8702.367,15050.346
54,5371.393,10599.136
54,14611.1,11909.219
54,950.9335,13405.515
54,14463.773,14475.796
54,5428.8804,5142.4624
54,16989.965,9624.663
54,14692.316,8275.02
54,3528.8762,3999.6216
54,6408.2837,10150.291
54,19077.074,15062.253
54,16910.824,8590.307
54,15815.677,11934.343
54,6380.22,0.0
54,14771.918,15375.887
54,1963.2748,13403.048
54,3170.037,12943.812
54,3984.625,17557.312
54,15493.104,14247.119
54,7445.654,6956.323
54,12809.738,11359.36
54,6792.0376,18531.525
54,13927.549,11619.455
54,5876.741,13616.005
54,1649.1056,7677.861
54,4474.645,4182.611
54,5328.773,14540.532
54,13435.827,5006.4653
54,8220.5625,3098.8062
54,3499.5452,3559.3616
54,4967.983,14185.275
54,13210.37,11231.979
54,6620.584,13398.745
54,7530.4473,17742.932
54,4239.8823,14575.235
54,6264.8047,12869.489
54,3728.4124,15677.036
54,3595.186,8539.538
54,6607.129,15510.294
54,5471.514,12176.8955
54,3425.1638,4940.7393
54,4569.631,3886.8955
54,8141.0146,15723.865
54,17110.479,5399.362
54,5504.6523,3524.1113
54,13615.302,8858.87
54,5586.3555,4988.3965
54,4536.782,4521.9404
54,3721.8984,14773.615
54,4144.458,15727.074
54,4181.937,12615.05
54,5879.383,15938.344
54,5097.8857,3702.774
54,14336.293,13164.587
54,11205.283,13033.832
54,14600.42,14985.701
54,3151.3633,14487.494
54,13344.352,11802.473
54,18383.006,7661.0356
54,14226.697,10645.414
54,12360.858,14045.737
54,7559.26,16174.972
54,7829.3823,18260.229
54,14633.205,7838.6597
54,3640.8665,6346.1514
54,9167.663,6806.061
54,7794.7397,15959.492
54,14498.052,16639.07
54,17512.637,4027.6929
54,2167.4863,15277.28
54,653.3333,3257.83
54,2572.666,17089.117
54,5348.568,4999.863
54,7217.5796,13751.455
54,5959.3184,14416.259
54,10621.725,8960.468
54,15596.438,4774.6035
54,15181.937,12619.382
54,6610.421,16221.844
54,5537.354,2351.806
54,5466.974,12433.652
54,4042.3577,14547.023
54,19744.438,15794.602
54,18840.152,12557.329
54,4406.893,5298.9023
54,17959.814,6857.642
54,2995.5842,15733.593
54,15600.575,3857.118
54,6172.089,13584.628
54,16286.401,8646.703
54,12453.844,16066.478
54,5708.6113,8077.6406
54,11631.162,16448.303
54,4565.937,3887.4587
54,1713.0242,5397.817
54,16043.271,7671.8545
54,4013.6155,15565.153
54,14886.157,16418.498
54,17953.723,7566.026
54,4134.3013,17240.545
54,13132.825,7234.7954
54,14789.968,10879.283
54,5966.34,15096.662
54,14492.822,8843.162
54,19145.074,8077.8433
54,14201.658,10001.738
54,14360.659,4930.7607
54,5447.368,7149.2964
54,5436.997,12104.61
54,6884.714,2948.8394
54,14766.432,15438.613
54,12954.177,14396.902
54,9912.294,8599.927
54,4461.219,4966.2944
54,8054.177,4207.001
54,7180.3994,3821.932
54,5665.57,5549.6475
54,6539.9,16016.708
54,8877.655,2347.6733
54,1610.8448,10975.118
54,2495.422,4223.481
54,8086.4956,6088.848
54,13212.671,12358.296
54,5627.4233,2690.464
54,4679.9956,12926.902
55,10000.0,10000.0
55,12860.156,7987.4507
55,2801.5247,8185.6465
55,5121.667,17311.295
55,4742.3315,4313.309
55,8474.539,3617.7612
55,15680.223,10506.276
55,6623.219,2168.547
55,3530.0671,16408.73
55,12487.54,9732.349
55,6022.804,19960.836
55,0.0,20000.0
55,13042.436,11514.241
55,9674.492,8814.306
55,5816.052,3477.8833
55,7185.3774,5449.237
55,6000.903,5008.2456
55,15344.516,6936.7285
55,6493.7,2686.6702
55,3907.9065,3264.07
55,6996.119,2871.9294
55,6461.5054,14620.395
55,14999.692,14516.587
55,11181.852,7440.2188
55,16512.69,12510.332
55,3957.0356,3443.332
55,17152.426,13825.268
55,2075.897,15118.423
55,5359.8784,14340.723
55,16157.936,16132.218
55,15456.5205,8000.9775
55,15760.885,16493.969
55,10529.857,12141.484
55,18136.23,4451.3984
55,4390.743,3363.3042
55,4990.1763,15880.031
55,14672.72,4217.418
55,6812.433,7583.0244
55,3151.0647,2900.975
55,17626.88,12404.847
55,15694.811,6311.0527
55,9041.884,14559.661
55,5209.5303,4138.169
55,14244.337,14282.823
55,4952.7905,4103.481
55,15618.023,6892.892
55,17329.92,11457.606
55,16069.163,11269.527
55,4173.953,2398.3694
55,6980.1807,9974.099
55,3759.1235,5318.3096
55,12105.888,9115.464
55,19462.445,10087.919
55,7310.448,2519.5474
55,17601.56,10992.626
55,3645.8643,14542.693
55,2356.6855,4888.5166
55,7879.9346,15595.027
55,6405.8813,17231.281
55,499.6442,5527.038
55,5248.124,3443.7427
55,11001.572,15707.446
55,5904.5156,7388.91
55,6842.65,4573.82
55,13705.35,9504.701
55,843.5074,12883.808
55,15462.003,3973.1719
55,12716.898,5748.1147
55,15862.769,13369.079
55,810.09406,2826.5447
55,15971.941,13193.071
55,8454.375,5659.2637
55,3798.6177,6030.1436
55,5660.009,18588.008
55,13300.697,12000.996
55,2603.2449,17806.465
55,15019.276,8667.491
55,16116.738,9869.734
55,5501.338,4189.59
55,2345.1248,6821.1553
55,15002.801,8787.811
55,6996.9644,15406.796
55,5637.7866,18098.021
55,5509.492,3197.219
55,14918.398,8208.647
55,13429.886,9437.568
55,2536.8074,17168.896
55,5061.643,8190.414
55,16428.08,8671.981
55,14976.356,13435.466
55,10124.851,13231.126
55,13671.186,8419.58
55,15561.191,9686.365
55,12869.641,11298.578
55,15770.607,4988.632
55,14173.532,15526.211
55,9202.345,7646.787
55,12419.812,13307.142
55,6866.7026,4018.5452
55,13936.567,6770.0684
55,15613.539,5904.864
55,5805.0605,15529.911
55,4231.909,7510.8486
55,19358.867,9912.381
55,4051.5393,2607.9927
55,4060.2488,13769.912
55,16481.771,8273.231
55,7693.71,5967.718
55,12913.631,7775.245
55,13622.254,9762.668
55,2197.55,7015.335
55,5809.673,16050.026
55,17088.854,6531.304
55,17025.889,4435.731
55,3747.2761,7863.2603
55,15140.351,12318.61
55,5990.378,5182.1895
55,13915.6455,4340.806
55,14003.733,8174.7495
55,16590.383,8686.169
55,5148.7285,4982.887
55,5718.9,6459.467
55,16853.766,7141.415
55,6786.8423,2376.9985
55,6479.738,3095.6938
55,16219.566,12913.252
55,16779.535,14976.494
55,18510.672,9402.1455
55,18514.152,15609.332
55,15752.603,10739.337
55,14001.773,7357.764
55,10211.686,12734.51
55,14089.214,7635.9233
55,14852.431,4474.217
55,5796.9014,4279.8726
55,14963.267,12539.52
55,6758.643,6520.391
55,6220.2026,13964.316
55,3747.7327,15913.663
55,3441.436,6805.7417
55,2869.8972,13774.913
55,10328.239,9743.623
55,19840.234,10121.558
55,2774.0894,13216.657
55,15299.675,5195.3804
55,3949.6802,3660.458
55,13904.823,8712.58
55,4154.4688,7068.501
55,4594.717,16908.723
55,13186.262,11513.3
55,6887.564,5789.634
55,7450.608,15126.329
55,15842.777,8660.506
55,13510.421,8456.205
55,15111.1875,14716.062
55,2819.6094,12651.242
55,15826.609,5818.4434
55,6355.233,6060.9473
55,6589.6846,3285.287
55,1589.4618,14588.457
55,15870.281,14148.909
55,3580.2954,15383.492
55,16109.898,6985.832
55,15497.507,14288.516
55,3352.9182,15202.166
55,6038.79,6898.2847
55,896.9934,5104.7524
55,3742.684,15111.168
55,15831.979,8467.727
55,4037.1116,17312.264
55,11079.9795,5729.7197
55,5042.859,8781.873
55,11157.517,10820.128
55,3304.2197,17029.656
55,17175.182,12742.195
55,16448.83,7936.6367
55,8619.984,11437.277
55,1811.8048,4121.607
55,15749.25,13883.049
55,1560.706,16172.943
55,13638.011,10214.759
55,4223.677,14828.963
55,13063.827,5704.4927
55,3164.5293,15064.206
55,4511.263,3791.319
55,6257.1094,16860.07
55,13729.739,14314.539
55,14368.291,15031.499
55,6309.4263,15183.228
55,18341.348,3547.9387
55,14637.47,4100.2305
56,10000.0,10000.0
56,8385.919,11700.929
56,5705.066,5284.934
56,13484.101,6587.189
56,11116.28,7032.7466
56,17820.799,7547.889
56,5110.0474,2559.8232
56,14687.73,9898.616
56,3327.7024,8402.718
56,2140.9634,16367.028
56,15620.437,8332.322
56,16664.686,13966.749
56,16405.89,4805.6445
56,825.8478,14948.444
56,15471.968,10172.46
56,2279.5012,3911.0254
56,3280.1135,14849.88
56,6955.782,17328.572
56,4717.8184,5899.2134
56,7011.022,16830.371
56,4717.89,1899.735
56,15441.148,6271.761
56,3956.3281,12775.974
56,17282.84,3969.7983
56,15413.447,13485.618
56,3597.2202,20000.0
56,13113.387,13462.539
56,4329.8647,4092.5984
56,15129.287,12397.508
56,12860.551,9451.48
56,15055.512,11858.824
56,9433.597,6656.609
56,5529.983,17105.088
56,15329.647,3276.443
56,14285.013,11502.953
56,18206.443,9340.081
56,4996.1074,3788.551
56,4916.1523,5735.609
56,16118.224,13214.651
56,15971.824,6468.7056
56,5299.891,3761.2666
56,14415.776,16668.18
56,14086.005,9598.638
56,13349.01,4036.8699
56,5676.8765,15398.269
56,13584.271,12559.227
56,9439.2705,12504.6875
56,6550.809,12339.418
56,14862.294,10357.443
56,7445.1255,12753.914
56,14091.402,8653.287
56,6012.057,15035.731
56,5340.975,0.0
56,1275.5402,7493.8594
56,15535.308,10692.939
56,5788.556,4766.014
56,2834.1108,16079.849
56,14978.438,6711.8877
56,3059.9363,11614.189
56,16329.057,15701.773
56,6761.919,17006.83
56,15319.545,9123.977
56,8332.096,4905.0205
56,15735.826,8023.922
56,8406.331,16820.188
56,7101.2866,13011.355
56,15773.651,8112.6514
56,15426.621,8776.889
56,15208.674,1870.552
56,3468.0269,15357.164
56,5820.033,15049.225
56,12271.409,13436.412
56,14500.935,8341.72
56,16316.091,8409.096
56,1737.4824,13231.254
56,17251.09,8287.197
56,4430.475,5742.515
56,8360.883,12064.486
56,2583.2812,18397.686
56,14769.946,7381.2607
56,3809.5254,14137.709
56,17451.49,8687.476
56,17022.129,3629.2852
56,12559.766,13892.357
56,6386.587,14970.738
56,14609.639,10629.907
56,13933.9795,10694.034
56,5386.3057,18161.291
56,4415.565,4484.4624
56,16181.26,4147.817
56,6154.4736,7660.349
56,5743.185,6327.3765
56,5148.4424,4128.752
56,14793.882,12538.22
56,3736.8296,15623.729
56,6621.211,4436.225
56,3004.9473,13363.92
56,7005.865,15901.987
56,5751.445,5746.142
56,6918.897,16228.534
56,4688.271,13423.334
56,16587.223,8941.395
56,2867.9382,13894.516
56,13586.473,7629.0728
56,1763.7205,4992.7407
56,17584.414,14478.816
56,16872.605,10074.629
56,1959.1609,15308.007
56,13150.825,6676.988
56,2112.1572,6488.1943
56,15028.161,11648.104
56,11918.607,5372.382
56,15192.386,13237.679
56,3151.2256,6406.799
56,1652.6144,15947.936
56,7411.703,6188.291
56,6535.6387,15250.736
56,3527.9226,5552.3267
56,12810.739,9580.561
56,1084.0703,17245.682
56,4340.6626,2966.1064
56,5145.112,7208.0415
56,17661.885,10848.434
56,6383.018,6841.172
56,18472.01,11746.424
56,5429.106,5117.7007
56,16296.342,10185.032
56,5109.0435,14085.834
56,15153.46,16244.436
56,16628.201,13548.311
56,5693.498,17825.463
56,14042.971,11405.853
56,4252.462,16758.504
56,10667.735,4507.671
56,3004.239,7486.846
56,17015.076,9878.381
56,18919.693,13166.833
56,5959.715,3077.8936
56,2242.3276,5787.3794
56,4197.8745,4227.3003
56,6723.158,17355.812
56,16097.253,8707.81
56,654.3264,6139.0815
56,11265.626,7990.7705
56,2969.182,15004.277
56,14304.645,5018.307
56,5739.6284,2861.2498
56,12528.646,6976.485
56,5475.682,19032.842
56,3789.4465,13076.534
56,5776.971,8010.5654
56,5509.476,14317.909
56,11954.265,15441.427
56,9062.468,5685.113
56,14627.488,15376.316
56,15435.421,12842.713
56,13496.898,15766.686
56,3597.7205,7514.6646
56,2916.6077,15033.255
56,13605.482,7081.7573
56,6771.2227,5320.687
56,10800.61,9737.988
56,6924.398,16415.889
56,3146.8904,6685.6987
56,6933.5654,18615.852
56,8543.423,15236.174
56,12769.45,10217.241
56,15475.377,15593.629
56,17646.418,3986.734
56,5117.4478,5199.788
56,11957.782,10505.674
56,17433.047,12318.656
56,15168.914,14401.783
56,6776.0,5944.5723
56,13190.867,9264.302
56,14084.891,9235.944
56,7032.779,14126.435
56,12724.957,10178.246
56,2954.9312,4702.161
56,3781.163,14053.769
56,15241.834,6308.422
56,14203.933,15435.0205
56,6793.644,15733.552
56,16775.732,16048.817
56,5409.916,13702.012
56,7515.911,2180.5718
56,5596.244,12659.178
56,14587.519,12175.536
56,3735.5347,7922.6147
56,4784.7363,7485.812
56,17542.607,14963.78
56,13220.936,17340.104
56,16153.059,9326.082
56,4506.426,5261.4097
56,13650.793,11846.975
56,738.47595,14748.089
56,3347.3115,12065.041
56,6743.5405,13201.37
56,4788.0693,3028.901
56,4100.8936,5065.473
56,15861.778,12636.806
56,17903.16,12122.615
56,16078.988,16404.775
56,13076.749,14505.528
56,7251.676,4690.5005
57,10000.0,10000.0
57,10269.276,15166.298
57,4346.5825,4373.1255
57,9470.2295,4026.8416
57,16045.236,12107.8
57,4895.949,15460.896
57,17561.365,7642.4272
57,17478.21,11702.996
57,3993.0195,13841.128
57,17193.98,11416.571
57,6498.2417,16399.645
57,3973.5083,5255.625
57,15192.058,8539.072
57,4588.806,4903.504
57,1576.1893,1032.1512
57,5063.2314,2108.0908
57,2576.336,14719.054
57,14791.597,13568.78
57,12770.72,10602.069
57,12493.391,16145.98
57,0.0,6209.22
57,4632.7905,18370.463
57,18000.844,12960.459
57,4549.4087,4137.3623
57,1205.6846,12916.482
57,13810.443,4356.3354
57,15987.942,9065.046
57,15180.408,7768.115
57,11280.982,9568.133
57,15783.949,5738.4473
57,15302.657,7863.7744
57,14656.594,10308.421
57,879.3396,12274.952
57,18192.4,15003.188
57,1774.2145,2402.4336
57,14600.299,14671.644
57,14484.329,11936.023
57,7409.0728,11928.02
57,10822.849,11974.828
57,13532.167,9209.548
57,3353.4148,13206.445
57,13191.597,14297.133
57,15259.584,8935.211
57,16875.793,7199.7036
57,13619.702,11309.128
57,16688.43,17770.102
57,13187.965,13923.763
57,4297.1914,17691.29
57,5273.842,13261.478
57,5570.678,5215.6772
57,2684.1533,14139.061
57,2673.324,7610.9824
57,17982.537,4960.01
57,3414.2534,16696.945
57,12197.632,10794.66
57,13699.197,4810.1943
57,13791.284,2813.7903
57,15719.401,8414.243
57,4717.7603,14434.057
57,16672.12,6011.029
57,13208.503,8239.157
57,7224.2905,2095.5
57,11563.375,5821.871
57,5811.4688,15997.922
57,14559.308,4986.8726
57,4532.847,15921.795
57,6282.482,14194.8125
57,14643.387,10264.534
57,9092.208,9833.152
57,17566.564,5795.8765
57,13926.933,7158.817
57,15267.032,7121.6304
57,5183.448,9347.293
57,13823.843,11754.485
57,5815.0386,15450.207
57,11801.556,11582.995
57,5189.523,1568.2397
57,3652.4656,7144.7456
57,15162.487,10795.238
57,7913.091,3962.025
57,12522.76,15479.0205
57,14777.238,6978.5117
57,4446.167,3420.0461
57,12755.767,6635.964
57,14331.008,17775.012
57,8249.5205,4023.817
57,3969.1572,5317.881
57,15930.589,11490.827
57,4329.318,5813.182
57,3689.5347,3600.9075
57,17759.754,12511.112
57,8119.2837,6445.5635
57,4765.1655,5044.5273
57,16758.223,12010.501
57,6004.332,12671.509
57,14926.709,5121.052
57,14929.975,4350.6396
57,18817.182,3759.0134
57,5326.3296,2468.4263
57,7815.613,4227.485
57,6420.102,13564.43
57,16247.264,7036.085
57,3332.0925,3874.2722
57,7196.891,12996.923
57,15682.124,10915.51
57,13752.113,7123.654
57,15189.991,11565.43
57,5737.8765,5447.724
57,3436.0518,13862.311
57,15381.888,5017.79
57,14057.792,12752.251
57,14912.677,12116.858
57,5700.0234,12010.92
57,4304.3423,4854.742
57,2757.8386,3070.579
57,18694.75,10556.269
57,14453.41,15245.683
57,11117.368,14992.249
57,7442.551,15942.892
57,5036.496,4596.943
57,6800.8203,5442.6724
57,1064.3552,16318.347
57,13705.034,6279.716
57,9722.798,7052.6675
57,5446.7437,14553.866
57,2739.8855,12095.8
57,8960.62,6325.822
57,4419.214,13255.464
57,19568.074,12338.131
57,1686.6777,2114.7039
57,2235.3125,15186.2
57,5688.802,9108.752
57,6935.402,17227.14
57,13724.221,9421.887
57,13247.053,10772.611
57,13854.45,6298.8228
57,4860.095,12144.564
57,5562.4385,14580.053
57,18449.148,16608.822
57,5131.2295,12530.093
57,14638.367,10009.279
57,19003.361,7485.201
57,15241.775,6691.1416
57,15258.113,9636.237
57,3273.2996,4988.982
57,15900.73,8286.557
57,5905.0303,11403.608
57,14078.099,2414.9006
57,13322.585,15735.766
57,12189.856,12898.612
57,10214.42,14306.228
57,5166.217,12848.329
57,16517.75,8845.997
57,5460.614,13609.622
57,5131.7188,13038.786
57,4200.428,7389.9663
57,15721.343,9638.282
57,281.216,14429.961
57,16142.631,10085.355
57,12000.277,15004.925
57,13033.68,11632.614
57,9303.47,11550.198
57,13549.694,12557.433
57,9229.777,14639.724
57,12118.8,13528.885
57,3709.642,6874.3022
57,4435.8643,2813.6257
57,13804.14,8913.373
57,11482.225,6090.23
57,8289.565,13680.179
57,14391.513,7720.779
57,71.080986,9682.014
57,15668.939,9616.203
57,18492.025,1983.0275
57,10181.543,4807.834
57,17051.523,11734.676
57,3725.7678,14595.408
57,5307.628,12970.394
57,2910.7627,11880.112
57,6747.8813,14684.933
57,11398.318,4483.0303
57,16539.217,11526.052
57,4987.937,3300.314
57,7462.1724,17776.049
57,8585.478,4821.7764
57,4174.698,7065.3125
57,1149.1191,14483.8
58,10000.0,10000.0
58,7403.318,2709.0369
58,13837.098,11376.919
58,5620.0566,8801.468
58,8020.2104,5658.2397
58,3112.3882,5597.8174
58,4834.5127,13996.298
58,14311.6875,14109.985
58,13966.208,10696.832
58,13597.9375,9781.398
58,4672.3457,16180.966
58,7825.723,8512.729
58,15922.174,8681.517
58,2343.3557,3872.0996
58,4386.38,11765.65
58,14571.056,6089.731
58,16089.848,13156.758
58,5151.2573,14581.323
58,5644.9224,11821.099
58,2749.6099,5396.5283
58,3733.8367,8025.5034
58,15046.978,13427.577
58,3979.2556,16859.322
58,7918.8857,3878.4
58,6846.3267,3825.3625
58,10134.701,16480.068
58,8456.366,3007.5725
58,5591.387,5665.9785
58,14949.266,9821.813
58,6401.3003,3095.307
58,13983.367,7848.6357
58,5731.9683,5346.203
58,15242.167,15770.224
58,19027.258,9733.999
58,15715.565,9361.733
58,16794.846,6276.7754
58,8273.446,8386.151
58,5783.6147,4463.7075
58,12287.891,10396.828
58,2746.9258,12831.993
58,4989.728,17984.709
58,14520.538,7844.2173
58,16181.277,3859.6013
58,16778.264,3553.0312
58,17090.129,6839.708
58,7052.7646,4357.304
58,6836.5015,12430.076
58,14146.379,9471.067
58,16558.746,11050.88
58,14502.009,7938.1167
58,11354.473,7686.0645
58,6700.3423,3398.171
58,13504.4,4794.0454
58,7836.167,1999.8206
58,5413.08,12589.769
58,17094.203,6071.1333
58,6861.083,13994.286
58,14762.648,6148.5522
58,5511.3594,7412.7593
58,1690.6906,2237.655
58,16547.758,11375.368
58,16081.061,16649.027
58,14864.799,12958.725
58,15091.102,6210.1826
58,15267.571,14918.795
58,12766.372,11252.791
58,6936.2075,3977.1755
58,12962.123,9475.166
58,15651.799,1914.9703
58,4514.3643,6328.416
58,2300.5703,8394.392
58,1551.8242,8206.8545
58,5678.0005,5236.823
58,16422.2,13148.52
58,7371.3286,5391.9126
58,5363.8525,16351.155
58,15607.628,15082.074
58,7633.0225,6933.454
58,3731.452,14942.392
58,14320.553,6307.5654
58,2914.4448,15490.34
58,2420.6597,16113.662
58,7906.2036,4475.136
58,7947.677,7711.874
58,4110.4336,15345.774
58,17161.838,2106.432
58,15403.345,7629.2036
58,16484.729,14564.162
58,2244.779,16485.15
58,13301.79,4541.277
58,5815.2275,4173.597
58,13760.67,13343.516
58,14649.192,8119.2676
58,3647.5947,13887.746
58,3262.3271,4121.6235
58,4631.1885,12823.393
58,8421.191,13804.896
58,5363.501,11470.963
58,16537.998,5640.057
58,13308.251,10084.223
58,13128.915,9452.675
58,5834.212,2907.0857
58,6452.5513,5294.116
58,1261.0544,5321.937
58,2904.7878,15561.574
58,4060.9622,199.49043
58,867.9654,5633.9927
58,13745.196,8618.666
58,14141.067,11994.0625
58,12756.309,7860.9233
58,16462.23,4338.533
58,4553.151,14276.139
58,8258.315,14119.99
58,13189.417,4315.525
58,16550.775,10719.113
58,14871.156,7556.511
58,17745.988,6767.148
58,17438.842,14324.969
58,17040.219,11149.409
58,16519.03,10202.658
58,4277.1387,18228.096
58,4458.732,4410.4365
58,14323.901,15000.785
58,16157.021,6507.379
58,6650.978,4397.6704
58,14020.222,9078.558
58,5668.0312,4586.268
58,12635.871,8619.083
58,5435.1074,6749.9214
58,14835.0,10719.577
58,13830.087,14302.39
58,3686.5325,15268.83
58,15510.507,12841.289
58,2375.5254,5478.53
58,14228.818,9141.8125
58,5787.268,20000.0
58,15305.693,12408.841
58,18018.602,7559.2085
58,6499.5815,6763.432
58,12602.195,4246.739
58,5284.2305,6412.167
58,18709.727,7790.375
58,4745.5933,18731.64
58,6102.042,6829.9517
58,13241.094,13455.293
58,2586.4802,5879.453
58,6445.3994,4948.3433
58,4922.9863,16469.594
58,18834.924,13621.838
58,18469.264,6444.3804
58,13258.205,10658.971
58,12043.667,6252.1533
58,15661.447,15283.949
58,15038.524,8218.16
58,14205.949,6084.5586
58,2423.8354,1947.5231
58,13361.501,14567.151
58,2028.0515,15633.803
58,13593.849,8177.5454
58,15014.844,10316.652
58,15771.537,15043.29
58,13798.473,13563.538
58,14119.142,6104.741
58,4409.8486,12263.938
58,16884.498,7999.904
58,7709.9395,16601.158
58,5857.3677,9527.643
58,6462.1616,18470.617
58,2713.8228,14719.875
58,13305.37,11564.957
58,14182.907,8234.291
58,2601.9543,5542.954
58,2605.7847,16473.096
58,2292.0178,4452.6763
58,17521.035,17278.607
58,12819.495,6276.6733
58,4531.757,2598.584
58,5067.4307,12978.247
58,14065.009,8056.36
58,15479.402,11468.542
58,15047.256,6759.745
58,15437.179,8574.116
59,10000.0,10000.0
59,15459.35,1587.1777
59,6183.908,5503.6987
59,14831.488,11768.586
59,16154.792,7660.624
59,13051.416,6994.753
59,6180.4526,9228.2
59,3706.1492,12880.667
59,2899.712,5721.8804
59,15369.034,10477.489
59,14300.879,12096.706
59,4320.5386,6869.112
59,4898.8364,4005.5244
59,5602.6255,14780.534
59,4776.6465,1360.7349
59,4777.025,2711.9934
59,15640.575,11729.835
59,16080.339,10778.969
59,11571.97,3689.0532
59,11257.046,5770.116
59,8725.552,13409.577
59,7018.911,13084.724
59,6762.738,12913.8545
59,17915.855,14318.128
59,5203.2646,2673.1675
59,12450.032,10203.652
59,17359.223,12424.613
59,6277.5146,5688.253
59,3555.8137,7046.0127
59,17410.922,1486.5249
59,10126.189,8524.912
59,3420.9631,7327.557
59,14916.551,2886.2017
59,4588.5713,4583.16
59,15436.222,8523.703
59,2759.6072,4471.085
59,15854.917,7342.817
59,8330.076,4742.3906
59,13918.652,17013.04
59,12721.629,14876.974
59,3450.1958,12841.601
59,15577.984,7974.325
59,4790.3096,7927.9854
59,19577.723,11288.959
59,4913.8403,13234.661
59,14720.843,5790.454
59,14320.969,11847.396
59,5220.769,6398.4175
59,11428.735,11594.2
59,7083.7583,8686.285
59,4470.8755,7311.5464
59,15666.533,11771.912
59,18770.262,11535.178
59,12782.534,5253.937
59,5874.478,10967.299
59,3966.3027,13566.614
59,5907.675,16899.28
59,2462.162,15681.834
59,18074.96,3519.8435
59,15566.322,10861.846
59,14881.687,7863.0312
59,9945.232,8343.666
59,17400.904,11139.243
59,18119.18,3942.5417
59,8277.577,2998.078
59,7333.519,13809.142
59,15956.237,6406.693
59,16338.495,15861.729
59,7498.192,14026.004
59,15030.104,15025.929
59,15640.873,14926.973
59,4823.776,7140.15
59,14607.256,6318.533
59,8299.704,3861.6663
59,16060.647,11285.874
59,6998.5557,5273.953
59,17636.756,16635.29
59,15806.526,11540.634
59,16662.723,10044.909
59,7783.0796,2944.523
59,13354.07,14975.943
59,4403.6323,13217.993
59,17651.467,13460.44
59,6621.253,4902.9756
59,12816.819,3862.2322
59,14216.602,6886.3105
59,5076.28,14977.338
59,5163.4546,15816.726
59,17121.379,10277.57
59,16815.781,10461.565
59,3719.154,6650.977
59,12549.877,14344.641
59,7935.7925,14234.7705
59,6107.173,10459.148
59,15365.83,15663.833
59,12384.375,8128.199
59,2435.8584,2635.5098
59,876.30066,19545.328
59,6850.4062,4887.7886
59,17496.465,12973.768
59,6267.2793,16485.746
59,18213.781,17163.836
59,14920.85,12071.808
59,16876.926,12410.959
59,8365.572,4384.6523
59,3334.6602,6645.717
59,14495.708,14638.045
59,3827.577,4026.5884
59,4475.9336,3366.3115
59,0.0,4314.7183
59,13034.297,9785.808
59,14307.8955,14136.117
59,12715.999,12658.8
59,14799.112,8423.878
59,13074.238,8509.161
59,16599.375,8544.659
59,5442.978,2141.122
59,14192.13,12107.792
59,16718.123,4792.9956
59,6649.3906,13374.355
59,14271.24,11790.984
59,3549.1118,6216.176
59,0.0,14486.575
59,12754.395,14805.001
59,15162.317,12425.631
59,4590.4116,15636.436
59,5727.556,17266.805
59,4861.5273,14936.115
59,12954.755,7138.2036
59,3825.9807,3940.605
59,4001.1292,14888.894
59,3711.975,18397.29
59,15888.765,10365.049
59,8055.2617,17106.852
59,16858.982,13409.148
59,13412.127,14140.117
59,4874.9995,15497.119
59,5571.72,5055.3555
59,14648.299,4021.978
59,11434.213,12602.822
59,14204.74,12872.183
59,16559.832,5353.7134
59,15994.671,9057.414
59,2920.017,14173.606
59,16036.102,3928.7356
59,2843.406,5357.8184
59,15946.645,6768.1704
59,19111.496,10356.473
59,16625.459,13213.782
59,16695.252,14329.613
59,6234.042,9091.473
59,15278.3125,10726.959
59,16175.889,6338.367
59,15910.01,11095.987
59,17998.484,11151.469
59,18289.871,8275.804
59,14154.203,15328.426
59,18575.2,11629.052
59,12433.562,10310.386
59,4449.4253,3552.47
59,4425.4185,13928.395
59,4966.6343,3264.3796
59,7397.4385,15085.188
59,16562.78,6048.86
59,15797.583,7085.814
59,4941.497,13760.73
59,13167.271,8972.114
59,14360.133,9008.192
59,13179.506,12620.885
59,8178.561,5350.2173
59,4267.103,16965.334
59,16130.509,14232.199
59,0.0,16948.77
59,5457.1294,3867.7463
59,14012.711,10491.106
59,13330.996,14959.808
59,18297.244,3824.3193
59,11368.7,12099.812
59,0.0,15729.239
59,17145.209,7214.2935
59,5497.796,17684.564
59,3243.1643,14597.842
59,15747.853,10887.694
59,6351.8813,16058.629
59,12596.577,11961.994
59,5856.546,4255.8916
59,12422.107,10582.642
59,14809.944,6803.4287
59,15439.01,4115.778
59,2332.0916,12528.093
59,12599.755,14539.811
59,17760.486,16535.986
59,2012.3031,5140.0386
59,3073.0815,12784.276
59,14590.957,8244.289
59,5008.5156,7151.334
59,14236.782,10444.398
59,15509.877,12714.35
59,6849.048,18045.398
59,14309.983,8080.0894
59,16501.045,10628.393
59,3637.9043,4690.1953
59,20000.0,6393.785
60,10000.0,10000.0
60,13892.03,11076.206
60,6851.3867,15620.119
60,6849.007,5720.0225
60,2590.1807,2282.3713
60,6849.1177,11860.934
60,16350.745,13393.072
60,6964.508,998.8522
60,13964.718,9742.947
60,15133.633,3720.7407
60,13460.291,10827.609
60,14287.892,8027.5044
60,7773.5386,19707.893
60,13619.382,5379.014
60,17336.047,8429.688
60,15457.386,12010.674
60,4232.931,16432.557
60,15825.644,9867.689
60,11002.127,13313.198
60,13894.483,9232.179
60,9529.493,9278.236
60,4042.5906,14778.167
60,2693.4094,3734.5493
60,13330.914,12973.214
60,14277.376,14204.185
60,17041.004,5328.6904
60,576.4136,5163.9614
60,6146.369,5682.5728
60,18904.102,6154.1304
60,6359.158,7584.0034
60,8565.69,4580.7285
60,4206.36,3528.048
60,13365.637,9575.485
60,3558.4197,5905.8687
60,6917.847,15019.846
60,9040.881,4684.3667
60,1584.2196,6285.448
60,8036.3237,8379.874
60,1941.8438,18442.484
60,8317.201,4963.5415
60,4954.188,937.489
60,4944.5,14292.875
60,14904.532,15981.66
60,3538.1802,13606.065
60,15638.084,5973.37
60,6683.9336,14659.603
60,4231.2227,14547.0625
60,16499.5,9769.515
60,18719.445,12216.378
60,1880.8003,16989.246
60,15566.948,9846.854
60,16246.389,13461.312
60,5329.2314,8273.702
60,4692.4116,5192.256
60,15196.627,14133.339
60,7411.948,7809.6636
60,5271.0254,17815.514
60,561.96075,4676.9155
60,1177.312,3379.702
60,6916.3564,17194.375
60,15579.627,3534.9346
60,14283.644,8854.029
60,5655.465,16074.75
60,16801.4,14056.831
60,15225.311,8345.311
60,2747.4143,14782.898
60,2930.9363,17071.83
60,14349.43,6729.535
60,5216.4717,13682.694
60,3624.0903,2833.8103
60,4960.883,15712.266
60,15646.919,14020.133
60,15803.849,7827.814
60,7242.5635,4699.541
60,2462.1714,13063.025
60,7394.585,5513.577
60,19323.74,6902.149
60,7122.408,15841.584
60,12798.328,11512.212
60,5008.136,5557.3535
60,3664.7483,16839.205
60,15786.665,6177.2993
60,15325.802,6988.373
60,17576.771,12632.262
60,5749.914,3636.9673
60,16285.343,13867.797
60,14291.125,14515.108
60,3325.7937,14405.524
60,8673.9375,14133.58
60,7744.369,10044.323
60,7208.3555,18442.258
60,19280.898,16275.324
60,3473.4092,3691.938
60,7103.3486,12888.986
60,15805.262,8038.986
60,7401.579,5603.3906
60,674.5129,12687.621
60,8986.9,4078.2083
60,3279.5557,4773.205
60,10399.786,12394.023
60,18591.283,14689.612
60,17467.754,8332.64
60,14672.902,5799.532
60,15307.081,10125.348
60,13184.974,12118.263
60,15485.986,6276.815
60,15779.674,10127.988
60,7853.253,8121.7417
60,5870.001,12786.558
60,14370.322,8346.546
60,1814.5082,13439.749
60,4485.1235,8865.83
60,13780.632,7836.193
60,5831.315,9647.139
60,13217.003,10741.681
60,3107.236,15793.502
60,10725.02,9368.06
60,15366.194,3611.369
60,13063.908,11664.532
60,12695.059,18533.379
60,15266.319,7230.161
60,6354.306,14981.203
60,2537.6682,4520.791
60,11854.414,11110.263
60,12000.147,11657.579
60,3846.253,1930.5254
60,6628.891,5915.3945
60,14286.505,10265.76
60,5683.8774,4757.376
60,13247.724,13760.957
60,15128.629,9424.133
60,7677.3735,5804.402
60,16401.986,9795.427
60,5652.2725,3592.1296
60,4785.809,13878.357
60,16052.3,6549.2227
60,14109.35,12728.611
60,16486.318,10126.484
60,1781.6637,2506.4949
60,16365.891,14550.8125
60,8021.882,3664.6113
60,4015.7332,4721.935
60,10984.403,15057.557
60,2735.2168,14722.801
60,13193.554,11424.314
60,15484.223,12675.467
60,14890.161,11288.191
60,13530.342,7698.499
60,12442.434,11727.091
60,11802.604,12220.253
60,3488.9897,15193.978
60,16139.922,10179.136
60,15343.434,4508.9473
60,17344.113,15540.549
60,2795.9053,3521.9739
60,6531.338,3439.302
60,13914.307,13525.335
60,7660.315,14162.423
60,15147.203,5933.799
60,5684.1523,10327.407
60,3125.1797,16513.441
60,14206.202,9344.919
60,15345.263,15187.383
60,18348.197,11054.994
60,16365.1045,14352.476
60,6503.5874,7661.2676
60,16200.889,10189.141
60,8219.305,11067.968
60,5145.26,6384.5464
60,16770.375,12584.911
60,15612.236,11549.195
60,11724.07,6562.28
60,4561.8423,10142.225
60,9776.254,2286.7034
60,8004.2266,14996.298
60,15280.337,14900.112
60,6348.0674,7419.32
60,16472.486,15845.185
60,18191.197,9430.073
60,14169.822,12521.674
60,13320.319,5740.5586
60,15522.95,8743.062
60,4783.0396,3049.9854
60,16137.865,15388.173
60,2781.8274,5132.9707
60,4147.7456,6556.0166
60,13474.656,6423.9746
60,3463.9832,14041.358
60,17433.422,9353.515
60,6877.402,3916.138
60,12949.826,12083.0205
60,14877.936,9152.541
60,16350.588,10597.557
60,2789.4133,4797.9062
60,5982.739,3263.3665
60,7748.0503,4570.949
60,3619.4875,1985.4279
60,6411.578,4061.5217
60,1582.6993,5489.5273
60,3997.3423,4059.9966
60,15783.803,11262.743
60,18109.094,15656.144
60,4298.2847,2740.0283
60,5655.657,2130.1694
60,12543.922,4750.3027
60,3348.4521,3554.1995
60,8253.162,365.54535
60,4919.642,4979.076
60,5714.6665,13132.149
60,4636.8647,5187.8564
60,14318.064,10561.549
60,16440.451,6601.6606
61,10000.0,10000.0
61,4190.813,13683.758
61,17558.945,7529.084
61,4246.4976,10713.914
61,7878.491,1898.763
61,5314.814,4514.173
61,15019.842,9349.562
61,3122.0974,16027.347
61,15091.036,14319.068
61,12641.615,18032.908
61,11997.975,16296.863
61,11001.843,6632.6772
61,13395.415,15751.252
61,9135.37,7036.3965
61,7286.911,15364.414
61,16779.633,15697.557
61,3664.9424,6555.853
61,16687.398,12739.397
61,14805.004,15770.931
61,4049.0408,15113.021
61,6038.131,15866.004
61,17162.557,4739.5527
61,12599.599,7317.9004
61,13929.313,12187.239
61,16119.044,10893.552
61,12883.059,9623.987
61,16930.367,4926.35
61,2411.9526,6536.879
61,5065.203,16340.8545
61,14130.929,3648.3752
61,14746.072,2688.2244
61,5819.2344,5297.763
61,7211.518,15562.453
61,5809.1675,14679.691
61,6850.1123,5189.9595
61,14149.437,9973.183
61,12783.42,4603.4053
61,13924.306,17362.86
61,3685.7302,13143.007
61,9929.48,6623.6
61,7329.686,5260.326
61,14520.374,7604.234
61,1831.9581,4335.4434
61,10630.338,5954.0205
61,13380.13,5135.6006
61,81.437256,5501.7896
61,6560.967,14244.943
61,7263.656,1613.9185
61,16132.209,4003.9578
61,16246.958,8487.51
61,4333.8594,15022.773
61,15336.989,8081.3125
61,14034.171,9273.4
61,5337.299,4677.5073
61,13734.297,14187.833
61,12964.826,10184.307
61,1774.1166,5671.7256
61,5052.8804,12888.927
61,6187.0444,16837.328
61,12216.097,3536.8984
61,13358.726,14133.662
61,16357.499,5139.662
61,6132.542,13978.958
61,12505.984,8438.556
61,14311.686,6991.38
61,15123.472,8243.883
61,15165.791,6809.477
61,13423.082,7911.7227
61,14422.755,12581.941
61,3945.582,13117.11
61,14525.622,6250.5073
61,15995.986,13578.269
61,19367.598,14883.41
61,17799.533,13321.099
61,12455.42,9433.02
61,12979.228,4600.7056
61,18323.072,15157.741
61,9590.774,4234.52
61,13746.91,5359.964
61,17201.684,3462.5728
61,3685.4253,14729.849
61,16052.599,5789.702
61,1418.1337,14341.386
61,6364.958,10066.122
61,1908.4296,8370.66
61,7916.1245,6053.715
61,9037.874,3704.2205
61,6260.635,4646.7886
61,3560.1519,12764.7295
61,3537.503,5143.964
61,2124.7515,4173.7427
61,6085.7866,17237.166
61,4427.12,6621.986
61,18544.568,5537.543
61,12722.36,17314.51
61,2834.6501,4280.479
61,17800.99,4966.15
61,4894.828,4169.927
61,5328.12,13959.509
61,0.0,16021.046
61,4589.141,4938.1733
61,16271.077,9050.205
61,16505.428,9460.488
61,9209.087,3140.0842
61,16578.768,5298.669
61,5279.8003,14371.16
61,14473.875,5518.893
61,14561.077,10443.41
61,3626.8718,5764.2314
61,3761.4124,14648.085
61,17555.299,11926.628
61,5778.307,15261.04
61,7230.089,8628.304
61,6118.87,17101.66
61,14145.18,11119.432
61,1238.5718,13441.452
61,16066.879,10379.77
61,7954.268,3425.5737
61,4345.8706,16347.594
61,15339.956,7507.4434
61,5692.8955,15725.547
61,5325.3687,4075.8994
61,6979.688,14967.481
61,15508.828,8649.109
61,16708.824,8014.424
61,5552.8325,5237.675
61,11332.705,10781.792
61,13531.882,14774.68
61,14802.528,9823.024
61,11956.533,16483.37
61,14782.682,10314.814
61,5568.6284,12957.717
61,3833.6975,4474.4
61,7051.1733,5361.0967
61,16511.39,12064.004
61,12322.239,9045.799
61,19308.168,8765.482
61,14609.582,7475.4326
61,18209.127,4687.804
61,3913.708,3699.9229
61,7443.029,6232.375
61,12268.667,13888.597
61,12866.939,9059.341
61,2607.1255,11566.691
61,12414.353,7357.882
61,2861.138,16139.778
61,1089.6539,13993.644
61,17038.0,7134.135
61,7126.356,17224.781
61,14331.564,11677.528
61,1065.0177,15620.067
61,14880.303,6151.535
61,14936.705,14272.612
61,17251.93,5036.3677
61,4951.221,13693.486
61,15759.358,15130.854
61,14725.13,8904.681
61,1768.0253,3972.7886
61,4873.8364,152.44868
61,4938.058,7662.121
61,16206.624,7566.6846
61,13461.127,5333.559
61,15465.718,5987.596
61,4749.858,14636.931
61,17035.316,6734.4717
61,2956.829,16840.08
61,4514.7246,14358.163
61,18790.324,4982.012
61,13631.398,8610.119
61,13835.416,4433.676
61,7334.9106,14323.068
61,6011.796,15257.062
61,10789.192,5436.8647
61,4057.9187,14684.616
61,12816.517,4881.242
61,14323.731,8990.162
61,16121.564,5606.559
61,9156.6045,10317.547
61,15184.434,14849.098
61,3969.0073,5172.266
61,8152.9126,4854.574
61,16298.129,6667.826
61,6657.7344,17680.584
61,12467.756,7407.781
61,2243.841,7229.247
61,11871.748,4411.68
61,5980.9307,15060.857
61,4617.7764,4234.9463
61,6834.2246,7483.1235
61,4338.126,4137.9917
61,14883.7,13180.938
61,13632.613,7151.171
61,200.83377,5448.193
61,4991.4106,12428.427
61,6940.316,15623.471
61,13804.797,7097.1924
61,14649.047,14426.5625
61,14067.878,18497.434
61,1622.6709,17118.756
61,15658.618,8077.747
61,10790.48,4332.82
61,6280.2734,14946.578
61,13944.697,11248.017
61,6278.6836,13925.868
62,10000.0,10000.0
62,18749.908,9261.631
62,4821.1265,3798.4714
62,8484.479,17037.844
62,15949.288,12010.014
62,14631.088,9564.539
62,16849.555,8020.6665
62,4626.622,4570.5444
62,14960.955,1265.7606
62,3410.64,6394.0117
62,5698.137,12938.457
62,5183.265,6077.1846
62,5797.142,13983.992
62,12325.502,10817.832
62,14085.472,7472.27
62,3143.6316,2824.5781
62,15442.356,17246.943
62,15262.032,2347.4963
62,15659.932,12549.125
62,1401.7639,15734.006
62,14904.051,8791.971
62,5074.4907,11123.702
62,15641.184,12162.535
62,17241.828,1953.4839
62,12.757224,17077.467
62,15581.887,5274.196
62,7826.067,677.26544
62,12944.844,14859.405
62,17804.812,8664.593
62,19077.584,2984.0154
62,5762.3354,3156.9104
62,16247.44,6946.4404
62,18506.625,12200.649
62,11267.404,14120.222
62,20000.0,539.10944
62,7381.904,14046.629
62,17825.594,5447.92
62,4372.753,11004.632
62,17581.475,8927.589
62,4440.63,17263.674
62,0.0,5145.886
62,16005.249,10216.407
62,17315.139,12195.846
62,5468.9346,13176.086
62,3416.0322,12834.87
62,15157.712,13617.278
62,4740.0757,2642.8784
62,15451.278,16702.67
62,15509.608,10267.994
62,4462.4575,4005.8071
62,1948.5231,15603.884
62,13379.387,12707.864
62,4728.769,4969.116
62,11965.686,11395.931
62,13885.787,7945.368
62,16564.822,10228.029
62,9269.005,12727.041
62,2677.295,15670.795
62,4142.3486,1240.8822
62,15999.725,5844.342
62,888.1888,14143.921
62,3173.0747,15252.7705
62,4847.6587,6381.2217
62,11713.428,12714.842
62,13310.026,11245.099
62,14183.121,13487.982
62,15664.349,13694.315
62,16542.266,12433.986
62,4060.2974,13733.0205
62,16121.594,10752.095
62,18377.26,11039.364
62,20000.0,12920.185
62,13435.4795,11211.591
62,4891.837,15933.149
62,11356.958,14981.13
62,6743.454,2743.4338
62,13398.4795,6005.257
62,15013.822,8706.663
62,13097.452,4815.3423
62,3373.874,12906.58
62,3818.822,4070.444
62,6193.356,6259.499
62,2948.764,15382.065
62,16385.719,10702.684
62,7352.5957,12950.783
62,11502.256,13168.775
62,6207.4277,17143.32
62,14879.487,12069.216
62,13730.141,9566.223
62,15083.03,3211.7773
62,2996.926,16825.18
62,6977.162,14854.96
62,3141.7986,8270.048
62,14173.576,6094.0303
62,14412.395,7609.8535
62,4144.589,2167.2058
62,14076.087,17249.666
62,15325.507,10589.842
62,19416.457,9578.701
62,4769.499,17591.994
62,12652.702,2268.3403
62,2569.0088,4534.3345
62,6714.073,2919.345
62,3196.1836,14213.418
62,2684.4985,5724.521
62,3040.1475,11366.092
62,879.3508,6442.7256
62,7140.262,3652.5806
62,8430.354,4364.267
62,14430.05,10812.579
62,8045.1973,16496.549
62,8433.167,4731.1533
62,9570.107,15403.323
62,6888.1396,14620.648
62,13328.057,5252.3306
62,20000.0,8317.824
62,12550.171,6371.744
62,16824.115,13977.689
62,6202.7397,1736.0474
62,13108.956,9770.668
62,15410.372,15090.215
62,5531.2295,14039.893
62,3717.7048,12283.542
62,12574.048,11172.251
62,17989.178,4989.9165
62,15988.774,10488.002
62,15600.869,4942.4175
62,15145.079,11146.867
62,14708.6875,6338.8535
62,6703.175,2742.0942
62,9132.285,2775.8079
62,4878.9033,3697.6138
62,11993.723,12734.237
62,9220.282,11126.474
62,15686.802,10372.983
62,5538.82,5959.369
62,7671.2817,5154.686
62,16421.771,8831.286
62,12577.901,15352.949
62,16188.177,8286.35
62,12397.835,14468.879
62,12036.177,13268.628
62,7118.13,15752.953
62,2624.5737,4786.725
62,16677.379,12791.715
62,4299.517,3083.4707
62,14406.348,5502.897
62,2346.964,4787.503
62,15247.039,3064.6162
62,15106.162,7712.959
62,6413.7275,4906.7456
62,4119.327,13745.46
62,5198.2236,6322.5693
62,15941.088,3313.061
62,8877.144,4374.0083
62,6692.9253,14621.135
62,13200.212,5457.579
62,5763.473,5344.673
62,13015.379,6007.481
62,7103.1333,2336.2812
62,8211.16,17490.457
62,17166.896,6326.142
62,5036.3438,2584.7998
62,12780.545,8550.959
62,5405.531,12108.097
62,4846.9463,4896.5503
62,4954.9756,13263.029
62,16751.041,8660.471
62,14666.132,4282.1743
62,5478.484,4181.9873
62,11912.01,11744.759
62,18792.328,7312.8594
62,8680.165,5742.63
62,15324.785,12710.143
62,6371.595,12552.132
62,19819.77,12705.106
62,4815.1494,15964.263
62,2800.6545,5495.1685
62,14327.933,9623.409
62,14222.424,11241.671
62,5685.426,12771.244
62,3572.9338,4880.847
62,2467.7268,14840.352
62,6472.2163,4214.9883
62,17720.25,11595.737
62,12486.302,5074.6196
62,17746.953,11978.091
62,589.7379,14773.574
62,14918.959,14028.34
62,5776.326,7093.3647
62,14990.055,16104.07
62,7633.117,16284.987
62,670.07306,10264.308
62,17169.043,14962.594
62,4391.5596,1395.1355
62,15509.994,9944.625
62,6160.1836,6230.3296
62,5054.9453,10184.267
62,8545.888,2233.6746
62,15842.17,9187.14
62,15040.838,8416.081
63,10000.0,10000.0
63,8392.998,10601.267
63,4242.832,18768.895
63,9095.421,17616.318
63,19592.621,8932.942
63,5030.264,4435.7886
63,13750.305,4826.8867
63,17643.271,10092.754
63,6940.5967,12614.537
63,4995.299,14721.177
63,13605.2295,8435.986
63,5228.0283,11750.311
63,19006.986,10312.407
63,16572.344,7661.4062
63,4296.0117,17894.373
63,12196.063,9208.093
63,4853.5786,3284.5884
63,14809.943,7759.6455
63,16101.613,9692.971
63,3567.02,8515.311
63,6179.194,14965.914
63,4940.5815,1630.0305
63,3635.9612,5175.1055
63,14927.13,12838.595
63,15738.06,11430.131
63,1755.8805,4060.6514
63,6911.8145,13602.429
63,12277.696,5318.7104
63,7512.26,18060.953
63,3526.0034,11026.622
63,18124.92,6761.0137
63,5428.0015,2387.3735
63,4322.4175,4168.8564
63,3613.929,5113.064
63,13105.824,8692.935
63,18536.793,3538.821
63,2771.1633,5548.243
63,3453.2554,11543.358
63,5824.5234,19628.672
63,17881.184,12563.96
63,3294.8435,4040.107
63,4503.857,6675.7744
63,14814.6875,7424.0024
63,12858.877,10005.945
63,3337.9978,8162.682
63,12998.117,12487.497
63,13003.307,17528.344
63,13134.283,9815.888
63,12834.713,5109.673
63,10075.015,8642.881
63,17033.219,7461.8535
63,3672.2295,15470.531
63,4575.2134,18406.219
63,6794.1787,16513.809
63,4942.6094,7237.7295
63,14226.34,7207.89
63,5619.821,2160.8904
63,2477.3452,15323.457
63,7269.0957,13915.583
63,14186.993,5288.223
63,5421.387,13705.264
63,13038.037,5218.3857
63,16705.969,14374.944
63,2368.7056,4250.7144
63,6075.5117,17111.346
63,3748.3618,15684.836
63,9387.238,14886.056
63,12828.775,13581.07
63,15911.198,13289.94
63,15474.69,4482.187
63,8023.023,7230.4307
63,7948.91,17603.096
63,9324.668,5136.6846
63,4926.5806,3656.052
63,3160.2788,15333.012
63,4732.606,14548.603
63,3707.9165,4172.0293
63,11793.809,12860.321
63,18066.742,2508.2666
63,17728.123,11236.704
63,16709.688,9483.658
63,4252.414,5528.5293
63,13761.12,8186.2397
63,5922.242,11585.8545
63,15133.016,10692.014
63,18024.188,8196.59
63,4643.749,11435.55
63,3110.248,3398.6077
63,13983.849,7421.668
63,5950.8823,13091.611
63,4638.2856,2167.6145
63,2439.4094,17373.725
63,5070.669,6687.5835
63,1819.4589,1400.1749
63,16756.518,14553.213
63,4108.6978,1379.0659
63,6766.804,14513.64
63,14598.837,10370.14
63,8784.427,4976.0044
63,13952.054,3454.1719
63,16529.42,13177.168
63,7928.867,17683.84
63,7261.525,17020.97
63,11721.772,8944.629
63,4734.5576,6132.2754
63,4336.915,3384.1035
63,2195.0872,13225.119
63,13273.811,13384.538
63,17926.836,13445.498
63,6614.1523,2865.0308
63,19127.486,10934.817
63,11220.883,12650.23
63,14537.529,8901.101
63,10362.405,16400.932
63,3433.7344,13177.613
63,15975.552,2926.8916
63,5907.354,2899.1929
63,16161.431,11297.548
63,5474.7783,13653.739
63,16911.252,6330.1367
63,14009.6,10634.26
63,16342.851,9545.35
63,4312.877,15207.735
63,4968.768,19725.725
63,15565.271,7147.3613
63,17358.639,13495.271
63,5856.4307,2854.92
63,4852.132,7371.3584
63,16308.05,10895.142
63,14463.925,9782.515
63,5034.952,13490.284
63,7185.5474,3828.6912
63,3564.7063,4156.4546
63,6386.2466,13484.983
63,16000.038,9346.331
63,6444.7026,3807.9915
63,10301.951,7651.0493
63,5855.993,5461.1665
63,14411.567,10337.162
63,17175.803,10419.521
63,18246.203,10586.137
63,3813.4622,7581.6675
63,2994.7163,13445.501
63,8791.852,17474.303
63,14552.149,1875.5834
63,3714.9653,7000.6245
63,3149.7012,16716.557
63,10708.324,12973.906
63,6591.5146,5532.515
63,16225.123,7614.0894
63,5651.292,10277.327
63,4494.098,13487.758
63,17413.404,12752.747
63,14585.259,6245.636
63,16867.643,6315.0396
63,16874.902,9443.032
63,5337.3506,13837.349
63,3454.3005,14661.015
63,13765.132,10942.592
63,4021.2834,7836.2744
63,3032.712,6645.528
63,3507.099,4988.799
63,13824.24,6856.032
63,5442.805,5938.9536
63,6913.915,5660.6685
63,13729.03,8984.418
63,7374.871,16240.933
63,13539.034,12115.574
63,15804.642,10207.72
63,15017.626,7611.906
63,7409.1265,7559.8477
63,16391.873,13862.119
63,11249.017,13740.001
63,10648.255,15227.612
63,5557.755,3570.342
63,4076.4714,16517.412
63,7088.8105,5566.5103
63,15905.697,4211.9497
63,14355.636,5906.361
63,5068.636,12880.195
63,2137.092,4839.13
63,4247.2983,16199.226
63,7153.5366,5411.8125
63,4183.2573,14807.594
63,4311.9556,15734.492
63,11881.454,7374.5884
63,4552.256,3762.0596
63,14388.381,14539.903
63,5648.122,15063.0
63,13558.602,5246.688
63,4152.395,4008.789
63,5474.2593,4333.7666
63,2592.4258,16937.744
63,12578.128,6362.385
63,15493.262,15320.94
63,15729.267,13214.7705
63,17805.354,15209.504
63,5690.766,7273.221
63,17413.027,12932.464
63,13132.197,10932.202
63,16304.689,8814.625
63,4593.3687,16809.05
63,18694.025,12067.726
63,4120.5703,17015.016
63,9333.77,11195.6
63,0.0,18569.96
63,15229.204,11746.891
63,4207.234,13508.847
63,18619.107,5638.8647
63,3278.3645,15140.403
63,6830.5283,5206.303
63,15995.704,14174.402
63,4072.4426,13761.484
63,6731.6675,14598.07
63,3411.8113,17967.584
63,13465.287,10471.017
63,13818.572,15030.741
64,10000.0,10000.0
64,17656.955,18395.744
64,12761.997,11216.016
64,12355.061,13031.109
64,15937.842,15945.918
64,5947.2686,19184.295
64,5239.3965,16496.04
64,7138.8696,6831.606
64,7218.7056,3392.165
64,2741.9841,5589.4644
64,14835.818,5727.5156
64,11315.279,6063.987
64,14939.962,8037.7124
64,4193.411,6033.5137
64,15556.255,10053.245
64,3696.796,11705.814
64,929.3001,6853.39
64,12220.474,7251.2773
64,4760.1055,15384.37
64,16174.258,3690.8413
64,10545.289,10019.75
64,14586.681,9098.84
64,17082.969,6050.535
64,7295.356,8598.032
64,12994.854,9418.45
64,12834.696,11004.801
64,4657.1763,3537.2969
64,13298.017,12616.437
64,3102.503,9437.455
64,14633.726,7255.56
64,16528.943,7124.347
64,8984.85,12988.704
64,11492.379,16185.846
64,14854.583,6511.7593
64,5036.421,15568.079
64,15210.857,11257.871
64,13776.782,12372.962
64,15188.43,2788.9824
64,3743.411,12690.014
64,4841.702,2484.8298
64,1452.5245,7581.5737
64,4257.2476,18574.896
64,17089.94,13355.188
64,9835.971,10309.507
64,6440.3945,0.0
64,16184.514,11661.351
64,14533.005,7198.2817
64,15188.166,9537.812
64,6302.247,19285.395
64,15286.15,12817.965
64,14182.226,11831.196
64,5242.2456,19020.395
64,4998.434,17020.13
64,13572.264,10527.484
64,15752.815,7439.95
64,14997.397,6809.569
64,15933.805,9944.575
64,4839.1216,6991.872
64,3834.2563,2975.367
64,18289.393,9439.56
64,13656.099,10257.369
64,3477.139,10290.007
64,15451.718,3676.0095
64,5861.658,6148.3716
64,15085.142,1914.6794
64,5258.7314,5141.6284
64,3415.2805,3305.4702
64,13996.075,12070.164
64,14507.694,10752.663
64,4742.801,8090.409
64,20000.0,9356.889
64,5876.49,5686.771
64,2557.1138,12227.415
64,7655.025,4203.1445
64,5210.36,5168.2515
64,10646.551,9784.538
64,14995.57,10603.965
64,18460.506,13090.479
64,3671.6128,4467.033
64,12822.129,6400.5273
64,14928.248,9783.628
64,5548.646,17336.0
64,5244.1475,8101.142
64,5229.2495,0.0
64,6252.5557,7257.817
64,12271.321,8066.626
64,12890.485,7370.301
64,6535.1504,14181.637
64,14698.545,9219.768
64,17465.12,7622.5073
64,2460.3977,6631.7637
64,19491.537,7545.8096
64,7372.842,2124.8804
64,8026.064,5775.6143
64,4938.3604,8161.033
64,3709.492,5454.0044
64,9799.349,5812.6973
64,14296.951,17980.148
64,15419.926,12464.157
64,1998.5217,16029.287
64,2940.7754,18204.748
64,15454.224,5861.413
64,14199.363,12463.356
64,6672.0835,15123.762
64,4136.4136,1347.5813
64,14730.226,13662.75
64,9703.13,13161.514
64,7094.327,14178.675
64,3538.5215,15194.845
64,15123.7,3337.2236
64,13093.65,15543.523
64,14692.927,6237.443
64,3343.5178,8141.35
64,3487.6055,14378.2295
64,16820.504,7087.025
64,14963.101,15984.377
64,18149.303,14880.747
64,13674.7295,16359.046
64,6139.086,6434.291
64,15720.913,7178.8325
64,3614.912,15326.954
64,3456.0876,5742.1514
64,6727.98,3466.0798
64,14576.09,15254.344
64,4507.648,15715.272
64,16518.254,8014.2534
64,4343.699,6664.408
64,7073.8257,12720.724
64,4738.261,4803.19
64,13565.446,14473.348
64,15659.113,9072.134
64,20000.0,14865.783
64,2914.422,3891.0347
64,8205.691,15365.385
64,15774.446,8001.433
64,5452.2744,8372.588
64,13911.7295,12564.107
64,13526.363,14849.193
64,7298.7227,4814.018
64,5001.244,6405.098
64,4268.7275,3097.8015
64,2785.5408,3779.7861
64,7717.957,16308.66
64,5261.9355,16999.998
64,12903.793,7921.7173
64,14507.4,6489.477
64,15418.534,12403.829
64,3109.0,4857.7393
64,3424.9255,4045.5942
64,7263.124,15517.979
64,15839.191,9814.279
64,9383.269,10296.72
64,5862.16,13721.56
64,8192.62,8482.663
64,11747.132,6904.8174
64,8237.78,16890.71
64,15178.752,12095.366
64,5194.6367,15792.476
64,14112.986,9978.657
64,3867.3235,4098.485
64,12932.396,4089.8667
64,13482.542,10148.117
64,4017.0623,12660.652
64,4773.565,14585.847
64,5908.0137,1728.94
64,20000.0,3847.315
64,12452.903,11065.323
64,16645.857,9098.406
64,13169.046,15801.554
64,13157.96,11603.37
64,7092.7417,3053.853
64,4564.177,1552.8702
64,6219.026,5448.7124
64,16503.959,8437.93
64,6816.1797,3440.1917
64,17685.475,6987.2686
64,13926.067,7562.742
64,6132.5117,12451.095
64,13168.973,7044.353
64,2467.6501,10752.014
64,17122.977,8435.822
64,5520.7603,7558.395
64,5154.541,13429.304
64,15587.246,11364.654
64,4135.118,14387.012
64,12681.027,7366.0527
64,4779.91,13876.424
64,11764.294,3587.6528
64,13649.641,12739.592
64,14090.778,8169.905
64,3858.549,5409.1045
64,7260.467,8838.235
64,18099.008,17937.541
64,16167.1455,6579.8013
64,16368.772,10579.394
64,12531.746,12631.6045
64,18243.445,12060.076
64,5425.8926,4200.7925
64,3554.327,15947.04
64,5527.3184,7675.768
64,7868.635,17880.617
64,3668.7341,15036.855
64,13902.899,10884.956
64,11475.394,6778.3813
64,14818.661,14032.427
64,3166.9724,7544.0493
64,16777.447,12866.004
64,12646.531,12974.754
64,12742.496,2578.8877
64,13773.711,14850.834
64,4204.2007,14377.994
64,17664.502,10498.093
64,4846.0205,7058.7407
64,5702.111,16551.623
64,14316.843,6592.539
64,7734.7793,6047.0986
64,5096.666,13552.982
65,10000.0,10000.0
65,1011.8186,13998.246
65,12666.01,6748.7764
65,12488.865,7874.8506
65,9442.904,9983.362
65,3343.4116,14639.635
65,12594.847,4078.276
65,15851.939,14504.699
65,11144.224,6893.226
65,5472.4263,15542.787
65,2741.9126,4987.198
65,11051.193,9791.311
65,4587.193,2852.7998
65,16807.486,7912.5864
65,5348.3286,12844.358
65,15768.125,9142.09
65,15037.962,10026.952
65,14249.619,13260.224
65,14173.784,13154.726
65,14223.653,5782.6807
65,15196.237,6334.025
65,6089.5654,7447.5366
65,18129.73,11630.646
65,6388.9453,17736.594
65,5757.76,8703.402
65,13517.639,11466.834
65,13865.579,8845.66
65,4174.257,16307.936
65,5958.628,13317.38
65,16172.812,10729.236
65,5832.277,4437.817
65,15915.891,9969.059
65,12777.921,9607.056
65,2915.0144,4526.67
65,5726.885,16496.496
65,4735.976,195.44115
65,15599.927,12957.696
65,7355.707,15040.719
65,6274.084,5647.2466
65,8459.899,8826.13
65,13377.29,11713.497
65,15081.766,482.29532
65,3615.0222,1579.9497
65,17228.451,8619.306
65,4589.011,3280.928
65,17052.512,12697.444
65,14510.171,9958.81
65,18332.646,11735.007
65,12849.431,9846.997
65,6501.1313,6913.138
65,13090.311,7485.297
65,12354.553,3115.15
65,7145.662,16908.68
65,15328.856,10510.61
65,3907.5166,2314.1328
65,0.0,12157.252
65,6651.308,4500.8877
65,18218.521,8580.373
65,6194.6045,4219.1343
65,14704.779,9210.355
65,10627.12,12585.356
65,6946.447,3018.95
65,18769.3,9722.482
65,13087.789,10257.808
65,17160.973,6250.9775
65,7616.42,16302.296
65,17499.295,5990.374
65,6932.6465,15301.257
65,415.54184,17014.877
65,4929.043,3571.2012
65,6822.9014,17855.744
65,7467.839,6082.9688
65,5136.0825,15116.332
65,8224.8,4713.5293
65,4595.8833,17391.111
65,13371.714,10233.703
65,3377.846,7957.27
65,19116.494,6130.0703
65,6121.0317,18141.084
65,7513.677,18862.977
65,4817.6704,10435.837
65,908.67993,5784.7124
65,7245.419,15724.073
65,3059.1843,15204.494
65,13563.089,12194.815
65,4002.112,13842.35
65,14009.847,13323.803
65,16514.05,14326.354
65,3594.711,5122.98
65,12562.513,11237.511
65,3071.9172,15559.066
65,16037.123,7756.306
65,4962.2163,5635.2734
65,5291.1,14765.562
65,2870.9768,13382.495
65,4412.7017,14809.241
65,14659.715,8002.1685
65,16588.441,7299.3994
65,13865.609,9945.162
65,954.4575,12881.641
65,17109.465,10292.339
65,13875.615,14664.624
65,14738.224,7944.116
65,12035.169,9923.384
65,4485.3125,14829.487
65,15813.578,15025.674
65,5898.435,7692.627
65,6890.5464,13529.798
65,16452.77,13530.304
65,15093.352,6690.5244
65,16005.654,13550.102
65,13216.731,7173.5674
65,16881.352,10226.305
65,17487.404,9585.965
65,4363.089,15328.98
65,15667.075,4573.83
65,4848.3374,16189.865
65,16747.145,11417.102
65,14853.223,7461.6606
65,17180.84,7809.623
65,1239.771,13128.932
65,3875.4644,5616.651
65,5910.964,6885.0527
65,11824.912,9550.8545
65,16431.482,9039.472
65,3144.743,4557.419
65,10123.881,10801.793
65,2882.1829,14740.847
65,13739.6455,10524.148
65,1929.5573,4601.5635
65,14085.626,12850.129
65,9331.596,8813.473
65,3955.4739,14995.253
65,15392.551,9132.46
65,558.4779,17914.172
65,5326.875,14544.088
65,2565.4236,15131.124
65,1185.9609,12883.293
65,5443.062,11982.057
65,14668.14,16638.28
65,3868.2373,7245.654
65,5687.032,3717.841
65,11956.29,12278.838
65,837.805,15530.685
65,4175.996,15629.588
65,12688.562,2586.4753
65,7468.5474,7166.4663
65,5634.469,15479.721
65,13466.923,10636.333
65,7306.447,2626.5515
65,6455.278,4503.316
65,15259.013,14845.354
65,7123.3213,15506.624
65,14011.735,7759.923
65,12805.638,15104.412
65,5162.6177,17878.557
65,16024.823,6115.783
65,7765.373,6421.255
65,14062.585,13766.015
65,4317.2886,16076.096
65,14128.44,9358.511
65,14152.406,12060.178
65,12805.759,12033.296
65,4698.321,5943.1978
65,4392.43,18392.436
65,16020.495,9981.745
65,14461.639,9446.802
65,6834.5054,18808.977
65,8251.964,6517.6816
65,16853.354,2875.9326
65,16120.468,10224.038
65,17318.559,9901.857
65,4417.538,11431.888
65,7468.751,13157.094
65,15308.191,10936.132
65,18118.027,7757.83
65,4075.7324,16321.099
65,15426.924,16378.196
65,11280.504,11058.253
65,8457.925,1876.0654
65,14994.763,8964.259
65,13817.565,4887.065
65,17264.986,4941.3115
65,14440.988,3724.3203
65,5447.549,17154.95
65,3719.232,4692.6206
65,13427.907,12170.083
65,16628.229,11194.103
65,12977.027,14457.63
65,16582.715,8761.861
65,16901.482,7994.1465
65,9078.551,12313.115
65,3896.371,6145.871
65,13611.679,13358.993
65,16948.893,12942.766
65,14601.874,9810.945
65,5155.9175,14424.665
65,13497.874,6582.9204
66,10000.0,10000.0
66,14309.246,10696.857
66,7211.281,6506.4014
66,14586.342,12126.726
66,6550.238,14305.949
66,5812.09,13275.309
66,13553.898,15473.104
66,12395.007,6520.149
66,15607.958,5251.9316
66,5475.9243,13780.013
66,13184.769,10328.005
66,7779.6704,13857.194
66,2288.3318,16882.086
66,16272.64,11257.334
66,16501.35,8972.645
66,16944.219,9300.667
66,3586.151,16592.918
66,2086.4915,15459.078
66,16056.64,5510.0283
66,3955.9365,4964.715
66,16081.804,8826.554
66,3687.3274,4379.1616
66,15646.155,4279.5835
66,14230.474,9273.766
66,6346.31,16662.87
66,6086.7266,8260.506
66,9043.077,13504.719
66,19007.604,10655.464
66,11691.319,8810.182
66,2127.1543,17213.783
66,6579.7456,17027.824
66,4074.3967,15683.52
66,15126.735,4464.042
66,4228.586,6688.131
66,3649.4275,15734.783
66,15532.537,7073.079
66,7191.876,3397.6582
66,5598.127,14250.464
66,13846.692,2144.6213
66,5758.8145,13572.067
66,7903.3926,3990.9365
66,5788.855,6881.6265
66,20000.0,14252.456
66,17199.975,11892.558
66,16027.412,11421.458
66,7730.737,14753.054
66,18169.547,9474.983
66,6655.662,8973.582
66,7284.3774,17637.77
66,16141.468,7914.6465
66,14819.953,9413.364
66,4040.1614,4343.252
66,1953.9298,7114.4434
66,405.02908,12991.149
66,4117.687,14874.485
66,3893.2659,14628.627
66,17793.643,10100.1875
66,17848.336,9477.42
66,3437.8257,4781.2515
66,16318.357,15705.642
66,7898.779,17545.43
66,14559.855,13857.509
66,15572.35,5584.1743
66,2355.8108,3002.8606
66,5102.168,4263.0635
66,18049.416,6642.838
66,5249.8716,15179.145
66,7386.453,16864.666
66,4023.7078,1229.2921
66,10158.087,7241.403
66,14693.097,9676.749
66,17470.004,10426.614
66,15389.369,15451.884
66,14845.653,16054.7705
66,16063.7,5639.9897
66,16415.531,5320.5396
66,14340.879,5234.3315
66,14561.309,9521.748
66,15531.691,16903.408
66,15668.799,11982.019
66,6310.6123,5674.8145
66,14623.621,12995.841
66,13688.815,12584.3
66,15269.821,8967.293
66,3361.2014,11662.324
66,7531.684,13155.164
66,13916.959,9485.801
66,13682.072,12434.064
66,16279.632,13457.748
66,14152.744,6445.5757
66,6247.592,16534.086
66,2226.0786,8093.231
66,7188.9673,2793.6777
66,3601.0015,12330.14
66,13659.871,11249.596
66,6427.494,1178.8846
66,14241.784,12785.576
66,11947.525,10299.165
66,16485.424,5734.9604
66,4653.399,8425.038
66,7236.2847,3067.983
66,15387.375,10380.608
66,6303.6333,18911.49
66,6466.29,12527.742
66,13678.99,6672.5254
66,6503.526,13059.13
66,6803.6455,7680.88
66,13605.677,12329.402
66,15140.55,4498.37
66,16133.924,11700.045
66,5304.314,15777.535
66,15824.053,16181.233
66,6561.15,14193.575
66,7657.882,5457.1504
66,2225.5593,16611.814
66,18323.09,14738.499
66,13009.431,12812.366
66,7697.0176,7085.2935
66,5569.681,15161.181
66,13470.427,7562.037
66,14559.394,8413.08
66,13839.399,10660.636
66,16485.627,14855.729
66,6229.648,6857.0435
66,14071.328,13436.029
66,4768.1797,16598.232
66,5875.4214,7442.814
66,5376.2314,4760.426
66,17235.404,13039.26
66,14505.588,8666.889
66,7747.1973,4037.8174
66,580.0395,17467.785
66,5617.3296,11535.143
66,18053.154,13864.532
66,15.481037,17313.812
66,5646.623,4509.688
66,17186.268,6620.62
66,4674.33,16609.678
66,10629.833,12388.546
66,16542.807,8146.73
66,5176.862,18225.016
66,4149.3794,14808.798
66,18005.412,5558.7417
66,7789.0083,14250.17
66,665.9336,13054.636
66,5189.327,13957.61
66,3911.2832,4763.0303
66,16942.008,13198.345
66,15679.915,7960.9263
66,12763.944,7811.5527
66,18422.742,11718.889
66,16656.95,13889.535
66,8984.897,14781.052
66,3874.4255,19663.965
66,13764.778,12519.075
66,4125.0273,2625.7705
66,14850.773,10415.575
66,13298.159,7274.8735
66,15892.223,15045.731
66,17216.371,11789.788
66,5521.7593,2784.423
66,15676.572,8759.378
66,4185.4434,4817.3
66,17410.33,9586.197
66,3273.1577,15724.907
66,14722.425,10447.287
66,12968.162,5835.2183
66,16430.04,7066.1553
66,18545.613,10864.561
66,4293.977,14764.238
66,19677.219,11714.023
66,5541.7007,14968.672
66,128.05815,2255.612
66,14442.872,7805.976
66,14413.559,10446.865
66,15584.245,7938.7783
66,5939.4766,15709.399
66,8161.564,4666.5977
66,18217.938,11625.177
66,15567.895,9811.314
66,18514.818,17178.309
66,7080.0767,2898.2947
66,2179.4883,7337.015
66,15998.555,4613.5176
66,12676.66,11543.129
66,12002.311,15126.661
66,5251.018,3678.1465
66,12329.87,8508.633
66,15408.762,12792.99
66,4762.5967,17566.836
66,16667.947,7589.828
66,13256.929,10397.809
66,17329.021,13309.5205
66,4822.8726,12576.168
66,6243.3413,5224.2925
66,4711.3696,1830.3097
66,14143.195,7924.2124
66,6983.8267,17354.51
66,3114.6895,5013.816
66,10219.947,8811.3545
66,16712.283,5038.0957
66,14062.242,6390.0547
66,5150.6523,3111.015
66,18861.22,8871.698
66,5373.4517,12176.799
66,4172.238,3471.1409
66,6047.042,6467.547
66,13489.895,11484.872
66,4981.9463,14766.169
66,1996.893,16158.67
66,13095.512,15467.135
67,10000.0,10000.0
67,2520.2776,3607.1284
67,12071.028,10452.18
67,19432.32,5636.797
67,3360.8418,4313.954
67,3859.0789,13883.646
67,19208.121,7721.763
67,4160.3887,18182.47
67,6326.952,5407.025
67,16155.149,5152.276
67,5309.5713,15856.681
67,12110.546,13733.608
67,17476.85,6250.522
67,6311.7114,2609.9995
67,12966.358,11248.811
67,4817.263,2719.4324
67,13227.441,11894.885
67,14386.456,7868.4033
67,947.2986,3960.4363
67,3592.5588,6648.3975
67,6129.9595,14712.078
67,14277.032,11119.087
67,14815.138,8512.758
67,16286.616,9413.646
67,5045.275,5090.303
67,4776.3564,5282.273
67,5096.601,4257.6597
67,6045.727,122.538246
67,11817.474,5538.9663
67,15555.988,11657.029
67,15293.966,11271.786
67,8668.647,13953.512
67,14741.96,10894.108
67,16815.967,9734.387
67,2696.623,17715.91
67,3227.587,7693.6523
67,15103.076,12502.31
67,6979.866,16627.914
67,7647.381,12715.059
67,12421.305,7707.73
67,3595.112,14702.719
67,14849.157,8747.695
67,14277.004,7540.9883
67,4426.9854,8902.924
67,12062.947,14806.802
67,6040.529,3393.7917
67,3940.8906,5109.0674
67,15440.136,12309.361
67,5259.0435,10060.733
67,5003.329,3524.8564
67,17833.654,7826.43
67,15826.571,12913.22
67,3878.7073,3456.067
67,4794.555,6744.3135
67,20000.0,9084.703
67,16075.374,15035.694
67,7610.4214,12181.315
67,6008.839,15989.88
67,16467.25,14817.398
67,14492.677,11851.941
67,7126.063,5710.499
67,15693.636,11645.494
67,10993.3125,12681.716
67,15568.566,6069.0913
67,1721.929,17059.107
67,2200.4631,14693.576
67,17661.963,10953.715
67,4348.762,5897.8696
67,869.3751,6669.5166
67,4076.0837,4515.7817
67,7709.6206,17144.875
67,12031.303,13097.711
67,17941.674,6159.1455
67,5654.8003,636.4909
67,3143.9795,15051.905
67,18853.293,12337.952
67,15688.524,12672.389
67,8346.204,16849.021
67,4895.6514,5354.4033
67,3495.967,2938.3594
67,13919.554,8587.357
67,14322.143,14002.069
67,16889.438,15152.855
67,4072.1658,6150.2896
67,6525.6606,2259.1777
67,16201.206,9560.532
67,16892.342,13651.87
67,6666.824,4672.0303
67,8202.343,3785.3103
67,15721.928,3771.871
67,6067.2183,13347.509
67,13918.324,7350.0015
67,15580.267,9604.954
67,5201.2793,14304.617
67,4028.6653,6092.954
67,4702.0356,3064.706
67,14034.8,5551.88
67,3370.7263,5962.1
67,17327.375,11226.046
67,6129.228,7768.1865
67,2190.767,7793.8193
67,14388.506,14383.622
67,12378.073,16605.371
67,4955.952,15869.011
67,3386.543,12377.903
67,15449.978,13193.129
67,7555.804,16405.498
67,4966.275,14913.052
67,18747.385,11851.747
67,17160.246,13420.067
67,16420.0,16044.807
67,17380.947,12098.77
67,2537.8657,4468.161
67,8442.021,14385.777
67,14837.764,5636.0933
67,4517.0713,3858.908
67,5276.954,7045.461
67,18073.25,9931.576
67,13442.044,6138.7617
67,13354.757,8347.352
67,6499.1274,15091.677
67,8048.935,12694.741
67,14613.734,14523.591
67,2251.5808,5655.9497
67,14153.743,14009.896
67,6800.2515,3194.659
67,13997.975,9684.496
67,2864.8625,13146.481
67,16657.656,14021.31
67,14199.68,5921.677
67,4790.45,980.3905
67,6624.8916,4193.0615
67,13028.634,14230.939
67,7326.49,15146.777
67,4561.2046,3943.7747
67,11963.158,10290.05
67,4576.505,2635.866
67,3933.36,4659.1367
67,4527.154,16868.29
67,9288.885,7627.1743
67,6917.8013,16069.0205
67,13722.999,12770.34
67,16654.861,8277.286
67,8703.269,7834.468
67,4860.321,14642.941
67,11920.841,10887.393
67,15489.056,7456.677
67,4481.5947,12232.233
67,6258.9814,2208.4834
67,15706.928,12301.588
67,18047.527,5075.3657
67,11376.177,7959.4165
67,5465.8315,15313.966
67,15754.985,14141.955
67,4923.17,16659.613
67,16023.423,10663.122
67,10804.691,5422.991
67,13277.771,12565.599
67,8835.185,17826.26
67,3609.4814,16870.158
67,15764.812,13225.735
67,13641.955,5793.356
67,16922.82,6537.9233
67,3404.6545,17948.465
67,17383.854,11514.99
67,12996.77,5332.517
67,18928.559,13390.798
67,6097.457,13192.111
67,8215.11,15109.368
67,1961.5754,3357.6277
67,17319.303,11075.173
67,9112.076,4077.0642
67,13177.653,12486.719
67,1349.6309,5328.0776
67,3837.791,4696.2007
67,17062.992,6767.5605
67,17136.85,9053.078
67,5684.0776,11879.134
67,3965.1443,14229.242
67,13507.045,15403.578
67,2031.773,3167.055
67,14185.639,17076.021
67,14025.985,10329.182
68,10000.0,10000.0
68,15110.9795,14036.012
68,12478.922,13273.266
68,5954.3374,5487.471
68,12601.521,11065.519
68,12593.116,5549.4346
68,17203.773,9992.199
68,2154.1006,4456.764
68,6311.4194,3738.3804
68,4872.3,7086.211
68,14069.174,6218.114
68,16020.798,7984.5493
68,15397.665,9452.423
68,3628.3145,4785.382
68,1331.7346,12729.133
68,14899.906,9032.28
68,6372.0366,2182.2434
68,11365.435,8791.644
68,16386.707,7713.314
68,17733.016,6944.5923
68,14348.888,8298.918
68,6743.4375,7102.746
68,16669.602,15650.192
68,2950.6702,17560.031
68,5658.8076,1676.5872
68,2914.6162,3013.805
68,1871.4702,4897.357
68,6138.4287,11712.126
68,15869.661,5061.9717
68,5957.7485,13759.892
68,12674.812,11202.8955
68,14960.262,4238.826
68,14239.621,14894.188
68,7107.141,8057.6294
68,12319.194,14977.252
68,15816.518,5563.466
68,5259.1924,13435.709
68,13539.198,9881.908
68,14651.678,6874.1323
68,14873.501,11749.707
68,7056.972,7103.485
68,5650.4424,5737.542
68,4673.4585,3056.5308
68,16009.217,8826.7705
68,15598.879,6506.8984
68,4727.7993,15183.6
68,11761.35,10673.794
68,2941.0083,12736.89
68,13720.951,14228.454
68,18003.18,4814.1836
68,16055.775,9329.974
68,14643.28,8974.532
68,6546.2676,12357.072
68,13362.14,10877.172
68,7288.0127,4991.819
68,6364.7256,15927.4
68,18344.42,9080.268
68,1531.2494,5335.566
68,13039.869,13533.755
68,17043.465,6249.542
68,5108.0273,0.0
68,5097.7314,17770.324
68,15943.661,12414.999
68,7102.8823,5597.3486
68,4383.881,15126.712
68,5373.5264,5181.455
68,16150.427,4937.681
68,13646.123,14972.619
68,1028.8802,13352.125
68,3271.768,3718.3167
68,6732.622,16546.492
68,13827.917,14485.782
68,17314.285,10814.247
68,8769.279,16607.203
68,1549.3602,15373.39
68,6382.249,5335.881
68,13458.0205,6858.9106
68,4516.383,4291.6924
68,15137.904,16341.332
68,15422.635,7038.8306
68,18807.158,10168.01
68,6611.226,13157.94
68,6224.7437,13972.782
68,5431.644,16657.031
68,3795.1267,11983.591
68,7098.4326,14843.789
68,7997.5293,5495.6953
68,3439.9678,17835.867
68,2919.5728,1600.252
68,14606.63,9186.499
68,4396.4307,11999.248
68,12466.276,9072.998
68,3872.2952,14477.181
68,4899.4663,15693.948
68,3220.892,4065.5095
68,14841.465,7653.888
68,14127.98,8535.966
68,12581.983,17992.023
68,6668.5254,17091.033
68,10765.129,16203.706
68,3747.878,5868.607
68,11967.747,11079.346
68,2663.2896,6546.695
68,16168.273,6007.079
68,11472.456,11685.442
68,13154.442,16311.323
68,13211.263,5760.7427
68,3178.412,17086.344
68,15351.148,7568.798
68,17988.096,8999.663
68,2085.683,6104.277
68,15172.751,12362.111
68,16608.074,9087.072
68,15067.048,7350.1914
68,13265.624,11267.699
68,12665.126,15828.457
68,16304.676,9649.053
68,4888.982,13512.775
68,14501.123,14752.708
68,15056.944,9375.302
68,13353.932,10561.619
68,7717.249,5632.0806
68,8306.827,6462.3477
68,7697.9414,15015.867
68,18141.416,11235.9
68,2887.6304,6025.118
68,16471.816,10141.59
68,2420.3389,598.9238
68,4879.673,16283.1875
68,4950.2466,16945.236
68,4845.5776,16493.787
68,16255.992,8805.679
68,18223.363,13481.924
68,7545.051,14806.836
68,17687.496,12873.5
68,3964.6284,11556.64
68,17127.129,13931.24
68,6481.5225,7545.039
68,13901.741,12291.429
68,4529.6694,8191.4976
68,14532.693,15866.008
68,3764.9727,15332.625
68,13763.411,9033.594
68,5163.4956,15460.864
68,5549.302,6641.2476
68,15452.076,7777.479
68,17385.002,12204.438
68,15392.51,9396.371
68,7443.158,13677.517
68,470.8198,4362.9604
68,14733.748,9107.079
68,18021.773,9846.142
68,15944.561,14043.092
68,17338.03,9803.181
68,5458.74,17797.59
68,7089.2915,16811.494
68,4401.5356,2123.2288
68,5060.088,13773.43
68,16950.232,7117.226
68,14602.668,10032.674
68,15575.866,10265.011
68,12346.13,8045.4824
68,7196.2725,6426.7305
68,19398.38,7971.9946
68,3761.1626,13877.646
68,5111.1475,3478.982
68,13419.664,2982.742
68,4831.651,5068.942
68,15046.649,18999.434
68,15684.735,16211.229
68,14662.812,13611.917
68,15742.702,13932.092
68,13124.594,10834.101
68,5739.698,13042.679
68,3906.1963,5109.608
68,15543.252,10035.471
68,17837.445,8211.9795
68,13308.816,13264.41
68,17019.01,9838.031
68,4400.756,15924.822
68,8774.02,6570.8916
68,5511.7915,5258.2856
68,5551.7983,14081.602
68,5052.412,14833.297
68,5170.428,12971.558
68,5765.8486,17161.39
68,1560.3439,2783.6948
68,15023.983,11503.451
68,1931.8767,15396.954
68,17789.22,8563.928
68,4011.1248,14947.577
68,3030.9438,10394.17
68,13867.25,10350.123
69,10000.0,10000.0
69,921.1935,17674.11
69,19961.352,14457.366
69,5199.6226,15034.588
69,15792.373,15104.165
69,1129.5908,18089.057
69,1893.0548,3573.141
69,11418.651,10196.667
69,4273.3945,4638.031
69,12382.91,8328.638
69,15906.885,15021.876
69,4143.172,6194.381
69,15048.313,10745.916
69,3185.6887,7119.7334
69,4699.443,7820.39
69,6455.9277,15833.799
69,14270.578,15280.123
69,5027.2046,3588.544
69,14701.766,10023.451
69,2139.7373,5428.44
69,7840.633,15518.069
69,14290.481,7607.45
69,12221.471,18374.102
69,4668.743,4417.9873
69,5764.9463,13150.257
69,7563.273,7548.841
69,2815.7454,14117.135
69,4944.567,892.4255
69,15194.681,15861.977
69,10378.602,6930.2197
69,17098.906,8710.108
69,0.0,4418.256
69,17021.305,11318.989
69,14307.77,13037.64
69,7093.898,3963.9297
69,4259.799,7358.955
69,11625.996,6870.4546
69,17327.662,10015.5625
69,2380.4753,2216.5837
69,14384.704,7355.139
69,12844.325,6470.967
69,11625.734,4096.3496
69,6274.2344,17363.047
69,19144.8,9456.205
69,16433.826,10445.56
69,14414.895,14244.405
69,12331.097,9080.315
69,7352.386,4056.8975
69,14387.726,17745.021
69,18040.781,11689.283
69,19975.625,13187.333
69,16361.818,9611.11
69,15035.861,4267.2783
69,13219.398,10129.56
69,17150.996,9578.16
69,17047.86,6444.737
69,14674.797,9472.311
69,2325.972,14847.195
69,8146.3687,15357.149
69,9006.238,7018.3906
69,1861.1433,5499.1777
69,14843.888,5265.7876
69,1972.3468,3754.0798
69,15388.901,9375.979
69,5424.6543,13837.427
69,3367.4773,14611.791
69,2374.674,7641.257
69,3780.2595,13784.175
69,1020.78046,1724.2683
69,14431.341,8446.964
69,3126.0767,13598.945
69,14206.49,8811.5625
69,8533.301,6562.663
69,15209.937,13465.812
69,7071.749,6982.113
69,5769.011,17805.822
69,15383.483,10602.396
69,16759.207,7365.8853
69,5597.505,16593.002
69,7731.561,5455.59
69,16311.8125,11174.109
69,8108.628,20000.0
69,3922.7896,16876.91
69,3170.7446,12757.133
69,5187.587,18414.646
69,15725.81,8401.347
69,17253.05,7865.5596
69,5690.9346,15082.358
69,18013.016,8457.402
69,8343.367,2112.255
69,5582.5376,14499.458
69,14838.679,8299.475
69,7123.078,13498.03
69,17401.227,8740.129
69,13795.505,8491.619
69,15201.099,14753.1045
69,14753.038,6815.0425
69,14834.028,10849.045
69,18086.67,14362.217
69,4042.0596,12001.154
69,13396.241,14385.166
69,14826.062,12769.765
69,13296.026,9391.676
69,18363.844,5427.131
69,15814.64,12979.585
69,6877.8296,9842.462
69,15793.273,10114.288
69,4911.819,5000.43
69,6497.693,8163.649
69,13277.896,13891.913
69,4894.4507,12010.765
69,15287.963,15632.716
69,18717.113,14701.381
69,14386.63,15544.89
69,16257.881,10158.608
69,14539.271,7411.9214
69,7548.5386,2174.654
69,6206.7524,15279.28
69,9880.269,8533.108
69,18162.148,13477.807
69,20000.0,6967.628
69,9655.746,12610.561
69,3169.8635,1175.8313
69,13774.617,15777.734
69,10342.628,10780.543
69,4858.3833,14849.161
69,5085.404,9371.84
69,16008.125,8620.653
69,5538.691,1664.5493
69,6422.4575,4678.152
69,6645.2734,4968.85
69,15438.393,15424.42
69,3797.9644,1570.3428
69,6315.6396,6325.2314
69,4260.476,2551.6829
69,233.41144,2934.7551
69,13170.575,14464.556
69,13971.368,9372.254
69,3502.6042,5916.612
69,1522.9688,13833.64
69,5735.5923,14812.256
69,6504.154,1404.5237
69,7041.156,9771.52
69,6033.4297,18117.9
69,8439.725,13141.682
69,5294.4946,4883.8486
69,14427.171,7071.8853
69,5101.6357,3305.0696
69,14141.354,11365.911
69,1877.2263,18576.322
69,7448.6577,275.99078
69,17088.092,7582.36
69,18038.01,15069.586
69,7750.998,17997.291
69,6363.286,16463.73
69,11717.162,10127.693
69,12369.298,13200.703
69,13557.379,9465.366
69,16583.127,5938.975
69,17154.633,11185.599
69,11877.208,2576.9624
69,17243.908,6252.0063
69,8255.153,6363.998
69,8383.733,3981.3674
69,14732.098,17342.064
69,4364.2354,12035.17
69,18524.938,11413.381
69,13319.024,8966.884
69,4797.0234,4074.0747
69,6661.618,14761.135
69,14663.498,13690.618
69,1936.7538,3933.28
69,7073.2134,5086.4756
69,14999.752,6470.9326
69,13863.772,8219.207
69,17079.572,10597.487
69,11911.803,6081.7207
69,14244.819,17502.986
69,4982.3696,13106.442
69,16461.832,12916.341
69,3908.171,6576.3623
69,17085.324,14985.778
69,5561.2896,5772.8384
69,15311.489,9796.348
69,467.45813,15674.029
69,4732.8433,7222.873
69,4813.5605,12190.335
69,13940.58,11694.518
69,8540.808,7068.1904
69,11808.9375,6198.051
69,7526.3647,4342.949
69,17160.135,6855.851
69,6030.3916,19226.78
69,13446.666,12340.308
69,10054.336,13184.786
69,2221.337,3767.9067
69,13570.607,12378.74
69,18229.566,5701.4956
69,10259.594,7328.7627
69,19451.23,13432.782
69,3896.2695,16964.543
69,5403.542,9010.26
69,7768.9087,4581.375
69,10140.854,18611.773
69,5348.3813,6192.293
69,3842.5642,14735.384
69,14684.112,7300.02
69,5503.4707,8318.072
69,5234.699,2128.2522
69,14997.814,14462.29
69,5897.0034,16572.459
69,15410.363,9815.863
69,15705.603,6593.5757
69,9199.917,7117.8057
69,1349.6378,6451.842
69,5709.157,5861.867
69,7115.1777,15670.577
69,6512.294,20000.0
70,10000.0,10000.0
70,4434.7417,6679.7305
70,3682.4568,9070.192
70,15878.141,9545.321
70,4380.5825,14621.054
70,16329.309,4099.444
70,3060.794,12817.008
70,3991.7493,14425.978
70,18893.271,9476.266
70,15740.2705,11687.113
70,2262.3853,12147.895
70,9638.127,12002.783
70,14697.459,13708.803
70,14821.956,13259.616
70,5511.078,8832.03
70,16400.533,8057.47
70,13691.227,15467.979
70,14515.999,6536.542
70,3759.235,15903.263
70,17552.09,12987.174
70,14938.332,10460.451
70,14195.367,8078.981
70,5386.959,17278.729
70,15226.713,8894.915
70,7472.522,17268.172
70,2267.4363,16671.176
70,4387.881,15047.89
70,14460.042,17793.135
70,6584.4277,7653.334
70,15910.32,14020.183
70,2867.661,17751.928
70,4591.7305,4692.05
70,3833.6863,5528.792
70,8127.333,14386.157
70,14611.776,12165.999
70,15802.173,14450.918
70,5299.597,5290.431
70,14498.15,12723.102
70,4604.592,13006.853
70,5359.004,5572.5547
70,5745.429,3218.9785
70,13433.834,6553.7207
70,5477.776,2612.8362
70,2694.1772,13640.839
70,16163.974,8529.56
70,5139.9233,16586.25
70,12367.2,12244.755
70,11798.556,4172.98
70,14823.72,7703.2188
70,12763.743,10559.109
70,4210.18,995.5637
70,5924.4565,4427.677
70,8801.398,7339.2935
70,11339.785,5370.816
70,16845.19,12138.411
70,7291.6494,14731.67
70,12506.066,12921.239
70,16408.928,6821.512
70,7536.5557,14204.574
70,4317.7764,3571.8613
70,7011.6113,4373.7305
70,5072.691,13473.391
70,4409.9688,12173.502
70,2093.1497,7047.601
70,5184.578,19077.994
70,5105.2334,15911.2295
70,5897.211,4382.137
70,11545.035,6622.031
70,687.1236,13654.64
70,14955.8545,11287.977
70,3022.8245,5634.183
70,14356.438,7797.8066
70,4803.077,16171.834
70,6262.357,7735.379
70,15439.833,13655.819
70,18203.992,7739.3784
70,7545.411,12996.157
70,3922.9983,5736.392
70,4991.4556,14995.52
70,14693.551,10357.4375
70,18475.809,14667.801
70,15934.47,8960.289
70,13029.732,12895.832
70,3708.0454,4125.6323
70,3282.1113,16960.346
70,17846.63,11856.817
70,13252.86,6628.183
70,3290.7068,9220.523
70,3752.506,2574.4658
70,8799.763,6063.641
70,735.4901,13663.524
70,14131.056,12207.6
70,14289.659,5871.787
70,13967.694,9502.671
70,15591.173,10853.394
70,7303.361,16822.48
70,3146.973,12924.391
70,16485.654,13723.115
70,16537.73,5798.7646
70,2279.1646,14013.677
70,5484.8438,7189.2686
70,14235.401,6615.29
70,6647.98,4583.891
70,14536.306,8616.198
70,5906.6367,4626.2646
70,11813.568,5484.5264
70,15098.6455,8843.502
70,16914.021,13358.684
70,4166.36,12545.226
70,5190.7954,16375.927
70,3947.2678,8298.378
70,4455.8154,19969.156
70,3745.1172,14249.718
70,12783.14,9754.904
70,17656.18,11660.686
70,5546.621,7572.2554
70,15126.195,16342.483
70,5806.1963,14228.827
70,5273.841,6605.1055
70,13788.284,10394.278
70,7345.588,13700.562
70,16333.822,14042.092
70,12555.374,12796.825
70,16897.102,10464.814
70,7199.015,6923.7837
70,6660.0337,2231.9883
70,3324.867,13347.039
70,17254.068,11297.403
70,5647.655,5872.6797
70,18268.336,11603.131
70,5101.1,4947.035
70,17766.145,9391.757
70,16068.084,9683.808
70,7381.4985,4442.3896
70,8660.563,15355.759
70,5422.582,4492.305
70,5052.597,15841.081
70,14051.097,8125.8804
70,18092.445,7941.246
70,8124.2905,16770.797
70,4601.274,11775.018
70,7011.85,14388.715
70,15063.555,13584.829
70,7134.0522,16421.455
70,5048.741,5186.1895
70,16768.3,4351.8877
70,14765.527,9302.348
70,6489.256,16088.972
70,17556.67,6778.342
70,5932.152,14670.357
70,15839.413,11188.237
70,6457.6465,15328.039
70,11028.476,4511.9307
70,12417.509,12585.7705
70,3266.206,6509.0347
70,12645.798,15847.843
70,13657.334,6706.886
70,17094.998,11744.754
70,11867.677,5419.37
70,13004.125,13682.0
70,13893.157,6293.8228
70,14862.389,6295.8433
70,7552.384,5074.767
70,3991.8892,7012.9233
70,14575.985,11703.004
70,2347.9353,10132.76
70,16854.424,8822.626
70,4715.1787,8471.48
70,15281.554,15410.637
70,2140.4082,10498.915
70,13761.249,4083.976
70,18722.467,7852.2964
70,9425.806,4859.58
70,5589.2896,6605.9326
70,13232.301,14030.47
70,16183.876,12764.648
70,14619.901,5573.645
70,16701.9,10586.662
70,14851.966,7268.4204
70,18341.484,8039.855
70,16837.021,8220.534
70,10934.647,13578.587
70,14598.635,9958.124
70,14629.429,10986.45
70,1694.6993,3940.7012
70,15512.606,8440.587
70,17361.508,4696.614
70,5033.3086,6696.291
70,15014.263,6597.8345
70,7055.302,0.0
71,10000.0,10000.0
71,10078.663,8906.659
71,5686.3228,6870.963
71,4095.272,13866.476
71,4488.883,5568.8696
71,14019.683,14467.004
71,4124.512,15222.613
71,3701.2734,4587.9326
71,7263.5854,13914.5625
71,6424.13,497.55954
71,6166.078,8022.454
71,4946.737,7979.665
71,2977.364,1340.0684
71,1673.5415,17581.938
71,6271.3433,3729.2944
71,2389.4287,11514.19
71,11661.358,9017.506
71,10713.034,8331.872
71,14582.615,9819.907
71,14290.164,12479.591
71,18445.873,13263.374
71,14197.339,6766.9854
71,5929.972,6444.3374
71,12562.474,13636.22
71,15096.9,10835.189
71,1335.0187,3061.5967
71,18392.037,11926.238
71,16660.898,13036.438
71,616.16547,13289.257
71,14604.458,9639.896
71,13224.905,3425.7754
71,3263.1584,16203.309
71,18761.67,5522.0376
71,4403.1377,16903.482
71,3762.6384,6186.9673
71,16876.695,9124.718
71,4982.775,13494.122
71,5102.752,17607.57
71,17937.695,10842.305
71,14192.794,10364.485
71,17038.938,13952.713
71,5565.8755,16438.379
71,13277.362,4449.3096
71,1884.3239,5533.6167
71,16595.504,8585.131
71,2865.6755,4770.346
71,19377.682,5985.5244
71,16359.953,7671.0146
71,5373.924,15670.678
71,14877.534,11764.847
71,15451.644,7229.751
71,17391.607,8171.8174
71,15866.271,4474.6406
71,12670.496,8013.405
71,2600.1375,16603.217
71,17195.432,8556.225
71,14767.674,4597.583
71,6312.757,3665.467
71,7688.881,18334.965
71,15718.905,13359.217
71,3557.4502,14035.931
71,17826.158,7962.365
71,2976.6287,15644.082
71,14331.4795,4348.505
71,17203.244,13559.498
71,15830.307,11212.57
71,13883.43,10946.659
71,6255.1523,16940.514
71,8297.522,17179.688
71,7016.3857,16276.638
71,15735.927,14093.253
71,3917.6748,15664.48
71,12482.4,15144.324
71,11275.483,16896.879
71,17347.484,14619.907
71,15950.153,13987.681
71,3752.867,14987.115
71,5751.688,11217.225
71,984.51044,6584.519
71,15833.39,10939.118
71,7625.6777,10061.84
71,6817.0337,13519.054
71,16048.264,12826.673
71,18887.701,14167.806
71,3892.4958,7363.1255
71,2875.58,4766.678
71,11495.401,6667.66
71,17613.646,12352.88
71,5552.5483,2985.9163
71,2742.2507,6881.027
71,13977.004,10917.861
71,5051.2715,15657.486
71,7447.5386,4387.3916
71,4726.5215,4347.5225
71,12976.265,6987.024
71,6791.215,17869.709
71,14315.945,9710.11
71,14324.854,15141.6455
71,8376.743,12389.935
71,5004.066,7532.6655
71,4206.6235,2532.7668
71,6883.3364,16422.389
71,8119.367,6627.419
71,6598.0483,3034.022
71,17804.533,11550.34
71,14603.468,17298.385
71,6101.682,4323.212
71,5088.7915,15549.749
71,16326.31,14590.638
71,2606.7505,4788.934
71,10665.366,0.0
71,1606.8491,5900.815
71,16174.227,12998.386
71,18075.562,7395.8804
71,12584.603,8075.553
71,13590.597,8765.692
71,12420.243,8747.589
71,13061.823,4778.9277
71,5282.258,6668.231
71,2773.256,15679.501
71,6178.6177,5014.1855
71,11004.12,15330.569
71,5204.4443,12805.626
71,16997.447,6269.5513
71,12420.057,10110.766
71,13812.722,0.0
71,12683.583,8496.607
71,8447.147,12058.153
71,15475.397,6245.8257
71,16535.184,10047.829
71,13947.292,13789.623
71,3324.1494,4798.9507
71,3742.6816,4774.2134
71,15443.846,7508.583
71,5796.9424,17922.959
71,3946.3057,1565.4867
71,7636.2803,14305.007
71,5702.902,8055.1523
71,4540.1274,19379.164
71,16499.309,12119.324
71,3783.9976,17124.451
71,6974.1387,7538.24
71,12188.697,12377.493
71,16075.92,10481.959
71,3199.2334,11867.435
71,4614.3276,14054.985
71,2539.811,2836.5007
71,5680.1875,3084.766
71,3159.7004,18612.879
71,13811.234,5127.527
71,19051.535,13319.251
71,611.7679,16896.145
71,14577.843,4821.0444
71,2458.3137,14590.252
71,13529.238,10174.427
71,7852.8804,14576.781
71,6906.4766,2798.045
71,15057.881,9088.0
71,16858.578,14191.899
71,18300.994,7145.534
71,6705.4004,4846.058
71,4291.993,1198.2385
71,14601.4375,14964.971
71,6262.2056,12516.853
71,5809.345,5072.64
71,4420.695,9080.117
71,13398.114,11089.176
71,3929.448,5892.485
71,14884.743,8422.356
71,4087.3884,1839.6581
71,14804.226,5828.1865
71,4793.3667,16113.427
71,14129.779,9732.692
71,16862.371,6868.0645
71,11972.316,9004.046
71,17996.521,8871.82
71,4269.761,15826.128
71,3347.8347,7250.5103
71,5767.8096,7463.666
71,973.8725,17157.451
71,15877.462,11468.397
71,15841.181,7704.7734
71,14196.999,13610.54
71,13708.493,15738.601
71,10013.168,15932.02
71,12936.71,12427.675
71,16469.385,3758.1711
71,12496.513,6306.5205
71,7079.752,4842.2695
72,10000.0,10000.0
72,18335.273,10226.832
72,5003.495,4596.611
72,15196.539,7527.48
72,16946.695,11215.152
72,7019.122,15684.828
72,6513.7144,3738.358
72,18033.941,13871.96
72,17949.537,15448.3
72,7340.0513,3779.3132
72,8657.84,16125.226
72,5484.073,4268.7554
72,1165.3118,17136.158
72,1628.1497,17486.25
72,6537.519,4956.984
72,11168.776,10351.15
72,9424.792,5100.798
72,11299.422,16567.75
72,13233.083,9279.248
72,15084.959,17033.697
72,13059.566,7219.3774
72,4299.594,5389.6714
72,6070.783,14005.1455
72,11043.764,12272.23
72,5989.6304,1476.8622
72,16573.668,6679.156
72,14159.921,8430.647
72,14728.143,17142.408
72,15683.604,18273.602
72,4320.153,7245.404
72,2734.3738,13012.465
72,18011.914,8220.7295
72,12567.95,10110.022
72,20000.0,7096.219
72,13992.785,13540.363
72,16049.817,10134.938
72,3121.0037,4334.7217
72,4126.1514,1589.0255
72,15842.593,13064.631
72,6672.133,13797.96
72,4561.051,8315.974
72,4640.7705,3189.1248
72,6185.6245,8335.179
72,3394.1536,2899.8264
72,15493.068,9776.758
72,15142.754,14864.791
72,13350.953,13237.085
72,3695.1099,4722.5703
72,16792.277,6551.7295
72,16241.454,4623.141
72,17344.594,13019.375
72,7102.3745,7257.7373
72,4858.385,5482.821
72,12197.945,12850.068
72,7660.0493,13658.992
72,14483.798,4146.601
72,5664.392,3938.8193
72,7828.923,5550.5605
72,14480.625,5984.336
72,5182.319,13407.314
72,16335.954,5175.302
72,10836.529,11595.195
72,2908.3652,4792.2046
72,12754.318,13475.216
72,5415.6724,18908.203
72,5282.3896,4552.4033
72,16706.068,12190.696
72,16092.477,9616.812
72,6475.616,4612.482
72,5504.2573,3722.7034
72,3391.2664,16565.178
72,6603.055,12144.822
72,1815.72,14598.083
72,14351.38,13587.774
72,16353.605,9388.938
72,16281.843,13387.508
72,0.0,14996.903
72,4894.826,18685.121
72,7133.1484,15702.526
72,16948.473,8079.6606
72,4775.7075,4240.5693
72,3875.4817,7350.8306
72,6498.4985,14737.707
72,831.52234,15674.301
72,1339.0042,12373.846
72,3917.3792,17425.855
72,6913.5903,5086.683
72,15522.715,10271.843
72,14229.969,12533.378
72,212.30525,15130.165
72,13847.528,14162.297
72,3789.825,16290.568
72,10380.108,10463.087
72,13747.754,2358.6965
72,3687.3242,4069.5222
72,13212.493,4409.1562
72,11713.152,11075.796
72,13263.629,8153.551
72,15781.153,6938.0923
72,17517.951,12121.525
72,3711.01,5925.803
72,16813.34,6219.089
72,15485.31,10880.115
72,6102.0327,5250.226
72,15380.493,5241.1104
72,17351.428,9179.667
72,4695.9336,15756.573
72,7612.993,7458.7935
72,7322.041,15070.777
72,2381.369,2018.4465
72,16543.193,13699.354
72,2595.218,5276.076
72,5527.1333,10032.808
72,16657.732,8131.526
72,6395.5713,3927.7512
72,19545.625,8970.312
72,9152.052,14616.742
72,16259.036,5839.044
72,16013.443,7847.9893
72,16366.825,16156.264
72,18262.754,7651.257
72,7229.283,6713.03
72,4704.4395,15147.255
72,4108.82,16896.531
72,16730.402,9923.557
72,2306.101,17904.969
72,12968.421,9505.625
72,7389.8477,13553.847
72,10829.126,15154.952
72,12534.263,6012.952
72,1796.2664,4476.693
72,4401.9253,6540.2637
72,16552.533,13979.035
72,14173.697,7601.783
72,7780.349,15422.718
72,8782.025,12617.714
72,5396.33,14615.7295
72,6307.256,15543.491
72,4564.835,17598.402
72,6493.6523,3778.3337
72,6691.1255,15041.305
72,5819.8657,15332.884
72,15670.223,5388.561
72,14714.246,10133.55
72,17213.033,16455.004
72,6113.044,4902.2607
72,15520.134,6449.224
72,4795.1475,14871.449
72,3740.464,16533.736
72,15015.584,9066.037
72,6965.728,7537.7334
72,18783.586,12172.004
72,4363.2476,5661.5444
72,14506.474,15257.795
72,15020.301,6212.193
72,16276.137,10834.054
72,15675.25,5929.241
72,10795.104,9186.898
72,4964.4004,15395.339
72,17074.06,13703.966
72,14671.168,16176.707
72,14885.962,5727.4453
72,5459.1475,3443.15
72,5455.924,15872.174
72,4370.143,5947.6343
72,2292.6687,4146.69
72,5582.812,4294.6235
72,2972.2488,12476.034
72,2930.113,15587.525
72,12479.347,17354.973
72,3176.404,5836.6675
72,1246.2252,5568.156
72,5522.6636,17201.617
72,3702.3594,5122.3374
72,14931.675,9706.669
72,13790.792,8169.0454
72,16283.392,14504.323
72,5179.5054,17109.387
72,4344.4727,15838.005
72,14690.509,7618.1157
72,4930.8975,4443.277
72,2058.2761,2427.5562
72,10993.827,2621.9585
72,2772.6272,1223.531
72,16656.29,10712.518
72,4856.7573,4488.344
72,7459.146,3300.2017
72,13400.964,13837.83
72,4299.534,3924.382
72,6277.7515,17058.447
72,12904.807,5093.934
72,16651.428,10854.09
72,3009.9827,10648.515
72,3762.7092,16458.426
72,4921.3384,14764.63
72,4939.9927,12337.102
72,5384.5234,5943.3604
72,16191.229,10790.369
72,4958.142,14146.124
72,3039.3577,18306.262
72,2279.664,8469.1455
72,13466.767,6976.234
72,17284.05,13457.061
72,3693.4434,17439.203
72,15215.288,5725.4883
72,2598.9717,3050.5874
72,18374.918,7838.744
72,15564.667,9823.614
72,12344.716,2148.7302
72,6045.544,18761.754
72,5807.8496,14878.299
72,13293.525,15068.1
72,18314.758,10118.888
72,12766.104,5554.228
72,13102.38,8518.769
72,13957.779,14468.881
72,14043.11,14867.548
72,12297.891,12696.7295
72,15187.962,17428.914
72,18154.416,8274.297
72,4025.4216,919.7927
72,17473.773,9722.463
72,10922.21,7636.277
72,16883.23,10375.156
72,4255.0776,7310.776
72,17630.703,3197.947
73,10000.0,10000.0
73,7980.723,6844.6875
73,5909.172,13616.761
73,3813.9988,4071.7878
73,1929.6439,6171.481
73,19455.797,16710.562
73,1925.2426,3804.6858
73,16952.865,6706.004
73,15935.084,9822.469
73,5682.7197,16851.629
73,14667.113,12248.989
73,15041.543,13185.101
73,19229.922,6563.742
73,12070.413,7445.3467
73,12336.391,10376.914
73,18359.057,11771.422
73,6076.1997,13097.927
73,6263.7407,3567.1628
73,16852.666,7722.395
73,4556.5693,16419.086
73,4140.5664,16207.757
73,19220.695,6418.8647
73,8155.0674,15739.294
73,5844.7686,3080.9568
73,4027.7244,7939.963
73,7127.7305,6283.497
73,14874.362,12695.269
73,18524.512,10996.225
73,9742.277,12061.6875
73,15589.474,16045.066
73,12780.433,10965.645
73,4740.311,7014.394
73,5223.3984,15115.156
73,4977.513,12470.655
73,4742.523,16649.031
73,18204.02,13984.496
73,12329.413,7758.3887
73,5417.612,2858.3167
73,15899.929,12857.726
73,4494.3994,17647.545
73,14931.477,7911.562
73,14309.922,5372.1855
73,4331.7227,2246.3918
73,16261.382,9929.383
73,9628.577,18091.773
73,15975.756,5388.271
73,15518.371,4763.288
73,8588.75,2314.354
73,13441.916,5116.4043
73,4948.091,13611.048
73,4589.5664,7724.399
73,3335.8857,15017.119
73,16236.207,11434.116
73,3329.268,6281.283
73,5410.042,13933.179
73,16512.809,7994.2056
73,17636.898,13589.46
73,7621.6064,14953.357
73,13921.433,8764.039
73,6619.874,4546.3228
73,15764.442,6979.288
73,4463.349,17270.201
73,15361.224,9889.319
73,7650.219,13338.944
73,3735.5977,5931.357
73,4955.031,8356.235
73,15467.258,2653.4507
73,4548.595,14266.341
73,3621.0408,19654.03
73,16385.232,7134.533
73,15894.707,5908.7065
73,12297.556,17547.445
73,3451.469,6604.6836
73,6148.484,5583.0444
73,6601.1426,4860.7056
73,1630.7163,17194.707
73,15821.264,9801.357
73,14269.226,12624.361
73,3515.5134,0.0
73,5451.424,14782.966
73,17458.74,14619.397
73,5054.056,6508.1167
73,5019.3384,12903.57
73,13087.843,11847.997
73,12394.028,8649.954
73,6349.102,3854.0413
73,4883.595,16157.781
73,6175.504,11606.953
73,14499.6455,7849.151
73,13990.089,7087.7773
73,15206.422,16900.79
73,15613.983,6543.552
73,17982.068,8932.271
73,6158.3184,15049.683
73,11377.051,10373.367
73,5180.686,17438.752
73,17055.686,14019.125
73,3066.811,7286.6807
73,1012.7052,13966.417
73,15368.628,15038.66
73,15494.015,12547.046
73,15814.912,13949.637
73,15626.1045,3013.5994
73,13963.859,18892.523
73,6219.138,4925.5186
73,5634.3374,3882.2102
73,2679.7854,6964.2153
73,3314.1409,16212.164
73,14415.318,12526.566
73,14767.476,4645.7793
73,5476.4277,7584.097
73,5749.7437,16902.117
73,1737.788,11719.16
73,17111.877,11896.189
73,16638.12,12524.975
73,11861.427,13940.861
73,14998.41,6228.319
73,17034.637,15739.0625
73,20000.0,11239.696
73,7003.674,16693.557
73,17460.758,9896.687
73,4993.6313,4273.924
73,13467.668,4571.879
73,6445.0522,16496.854
73,13994.964,5554.332
73,1722.4453,14709.563
73,6617.964,15139.361
73,941.0411,14310.213
73,16572.588,5703.459
73,15499.446,14869.378
73,15435.379,12889.879
73,14163.063,14796.352
73,1902.7487,5280.125
73,15222.492,11355.302
73,16736.174,14562.705
73,16282.252,4836.4243
73,15642.766,8530.6
73,15691.025,14728.312
73,14534.725,5663.1177
73,15287.314,9871.887
73,9490.186,5221.1816
73,13363.675,6888.1694
73,5559.8286,4082.5344
73,13430.262,12652.716
73,16857.621,13140.601
73,4628.852,3764.8093
73,16350.216,8095.548
73,7932.249,17732.676
73,18168.324,11993.684
73,13797.944,13349.597
73,4068.8445,4109.7407
73,6484.52,5845.605
73,3768.1548,15842.016
73,12092.058,5723.7476
73,20000.0,11852.147
73,16462.838,9255.5
73,3277.684,14587.246
73,16355.816,11313.968
73,3938.6274,3964.412
73,7657.643,905.43536
73,4147.922,16235.5
73,4884.718,3408.429
73,7299.579,6974.6567
73,13285.074,7933.361
73,17515.795,6976.3296
73,6352.1455,0.0
73,4813.5483,13667.194
73,16228.391,16485.264
73,8261.884,14185.75
73,14560.001,14963.296
73,12397.553,8839.104
73,6228.5884,13954.859
73,11791.438,7772.8604
73,4393.022,4307.5938
73,5875.2573,14359.858
73,12829.444,13832.513
73,6215.4487,3967.952
73,3917.1895,3855.5757
73,13552.294,16121.8955
73,14417.287,14605.284
73,6879.09,14124.704
73,15468.514,6248.3315
73,13881.919,16161.407
73,5946.454,16093.651
73,12785.112,10041.923
73,12703.881,15525.268
73,2346.179,16729.82
73,5138.294,11792.922
73,1486.348,15972.264
73,4742.9634,10984.248
73,17043.797,15319.915
73,4840.608,12567.56
73,5223.1235,6449.8555
73,7124.5293,6647.423
73,18239.615,8096.5913
73,4076.2673,16432.115
73,18617.318,12662.497
73,12750.033,10888.548
73,2386.4084,4737.8438
73,15515.957,12543.58
73,13707.73,5210.788
73,11623.039,15432.613
73,5964.1753,18263.533
73,4170.0903,11763.994
73,16726.137,6681.371
73,14533.254,5628.585
73,1254.342,12408.213
74,10000.0,10000.0
74,14439.66,6377.3916
74,15794.396,10012.433
74,17520.887,10662.811
74,10868.918,8373.234
74,5914.247,16532.912
74,10076.447,3685.307
74,15716.987,4197.3755
74,3282.002,3958.9585
74,3853.5562,8644.37
74,16205.007,4093.8171
74,18719.334,12112.686
74,0.0,15150.207
74,15401.085,11370.14
74,3688.6907,12700.185
74,15525.858,7663.8066
74,16555.17,11010.676
74,3260.1362,4487.904
74,8579.033,15582.8955
74,13526.395,10190.838
74,6957.8184,8173.9214
74,6816.8286,5409.4346
74,13643.251,10276.366
74,5186.5967,0.0
74,7027.7324,15639.373
74,5083.9585,16919.785
74,12451.906,10197.084
74,6655.677,16774.578
74,1792.2678,14480.899
74,15493.943,6606.211
74,12768.747,10251.064
74,14605.462,7333.2
74,13255.92,13760.713
74,4515.9043,14138.447
74,7011.1284,17436.646
74,6184.9067,6544.702
74,2079.7632,2867.1824
74,15294.515,6798.1763
74,12049.77,9592.254
74,9013.509,5705.9927
74,3882.0886,8176.4766
74,6440.235,6368.909
74,5067.5625,16279.485
74,16083.023,11413.349
74,18859.715,10368.96
74,15289.393,7685.7354
74,13811.324,12762.561
74,16407.844,12039.138
74,7316.5063,16485.617
74,15296.803,15456.428
74,15609.973,7817.2515
74,3172.058,9794.786
74,5102.461,12319.992
74,4148.0376,15858.241
74,15606.365,10856.53
74,18354.902,10698.107
74,17806.422,9237.01
74,18229.182,1127.385
74,16182.854,13638.005
74,5000.5205,5841.5815
74,9035.276,16913.861
74,4455.1304,12300.164
74,4394.404,14017.223
74,14465.899,9287.775
74,4686.9277,14194.887
74,10054.735,15519.673
74,15442.459,7744.29
74,5601.664,5880.7314
74,4253.203,11798.44
74,14282.256,8624.7705
74,16860.83,6964.138
74,4281.533,6208.913
74,3284.6343,13775.04
74,15833.746,6105.025
74,5413.184,5564.122
74,6738.928,6108.068
74,2846.226,11554.342
74,14919.134,3917.1309
74,13447.633,12956.88
74,17965.174,2009.9403
74,13757.092,11080.443
74,7295.147,5261.437
74,14646.509,9644.497
74,6684.1514,10903.048
74,14976.307,9593.277
74,15349.188,17484.592
74,5996.305,13736.268
74,12710.7295,12789.114
74,16476.992,2390.4966
74,5144.6543,3171.0718
74,5290.643,18136.5
74,15834.574,8465.103
74,12207.32,6973.496
74,13363.882,7180.5757
74,12727.851,10000.109
74,7140.637,16166.378
74,15400.425,2840.0305
74,16128.518,4282.5967
74,2177.0833,18349.814
74,14651.717,6276.913
74,3441.561,3342.6206
74,6079.007,5964.734
74,13774.687,11374.421
74,4620.313,18759.836
74,5224.268,12455.307
74,6958.968,14368.014
74,4697.912,14820.87
74,13381.952,8358.828
74,16381.043,6063.6206
74,7269.3755,5301.294
74,3494.2637,9938.184
74,7578.701,12817.8
74,15572.718,10766.618
74,15390.337,7171.06
74,12432.924,9638.131
74,3788.2424,3840.9043
74,17243.402,7530.208
74,18613.885,12786.837
74,5508.3994,7351.572
74,7339.7095,14991.123
74,16439.648,7049.215
74,5451.5664,5237.6665
74,6604.1934,5943.7534
74,16662.305,8273.042
74,16509.42,12965.408
74,12560.354,7378.188
74,3110.1023,11971.939
74,4786.6885,13776.967
74,19178.805,16325.96
74,16471.258,13803.116
74,15563.232,8126.085
74,13668.789,6910.443
74,1903.2144,13499.136
74,6754.608,16173.597
74,15712.233,10946.799
74,14609.399,6356.5703
74,2575.3843,15163.756
74,3925.2815,4712.5728
74,16867.803,12148.154
74,4088.1174,6875.8965
74,17437.467,8155.1606
74,10530.549,13714.891
74,368.25702,5725.3345
74,14352.744,13989.766
74,14238.182,13994.429
74,15240.555,9411.003
74,3923.918,14299.158
74,16642.031,11884.79
74,13599.908,11585.802
74,4060.3296,13900.354
74,14472.517,11636.076
74,3430.2935,4838.4473
74,1462.7592,17965.27
74,16065.696,9658.094
74,10364.088,9586.463
74,3637.8008,14685.239
74,6294.4746,16833.205
74,4490.9766,3385.8333
74,15657.547,11363.939
74,1483.3055,13161.264
74,5073.116,7106.5957
74,5779.8994,5072.229
74,8351.105,4493.221
74,12540.531,11475.185
74,17781.053,4033.7786
74,3376.3862,12421.206
74,8078.8965,4008.6396
74,3809.4258,20000.0
74,2487.3552,3093.4517
74,14113.834,12706.706
74,4695.3257,13922.407
74,2912.5515,4243.5415
74,17493.559,14761.8125
74,7627.524,17969.152
74,13980.274,9498.443
74,17294.541,13828.259
74,15106.016,8266.302
74,13737.386,13947.972
74,4003.993,15457.949
74,13118.585,3732.2598
74,4083.7764,11778.278
74,1964.2562,7292.205
74,1817.2412,1026.2113
74,4758.73,16204.725
74,6498.438,15203.382
74,13226.8125,16294.27
74,2280.1038,11337.609
74,17276.43,14909.925
74,6850.8857,13019.382
74,3830.3623,5333.383
74,14052.223,12297.828
74,4406.5396,15278.13
74,13199.46,9631.109
74,3627.3704,15033.143
74,4252.1455,14712.977
74,8834.607,7605.3115
74,15153.348,10739.485
74,12862.871,12410.581
74,5988.8105,13493.799
74,10855.112,11284.514
74,13945.048,8933.539
74,15754.46,8554.504
74,17331.004,14238.072
74,525.92584,16722.576
74,15357.58,10178.097
74,1908.252,12306.782
74,8449.509,13087.624
74,14095.422,16486.406
74,15741.087,15931.014
74,4603.5234,4168.739
74,13598.829,13309.366
74,13591.593,10080.3125
74,4902.329,4180.421
74,12525.371,14714.055
74,13124.651,11742.223
74,4491.007,9439.618
74,5107.3613,2717.2676
74,15063.373,9745.573
74,14210.175,15795.311
75,10000.0,10000.0
75,16183.32,12563.774
75,15093.309,7635.4097
75,15336.992,5640.5054
75,15406.243,8042.6416
75,14652.148,15468.372
75,2829.0496,14301.525
75,13918.334,8243.042
75,14398.274,10038.939
75,1109.7277,16572.426
75,8606.808,14158.767
75,17769.637,15959.788
75,4498.4155,17544.543
75,17210.52,12902.481
75,5653.562,13027.161
75,17217.691,5603.439
75,5511.4243,13776.153
75,2735.7954,15180.147
75,15552.685,11985.39
75,4112.2925,3812.4915
75,16476.121,12123.297
75,8105.521,7607.2964
75,6051.3525,6742.221
75,17148.676,2483.6675
75,14891.853,15694.403
75,3096.0535,7384.9087
75,17483.45,5501.6714
75,17124.074,14579.328
75,7683.5615,15243.369
75,1994.7766,15313.67
75,4243.5176,4914.349
75,6275.405,1889.9363
75,7796.9004,10342.389
75,13402.27,11030.971
75,12151.869,14801.861
75,12665.372,11381.906
75,13532.533,7916.7095
75,16789.098,12618.45
75,14387.149,10393.191
75,4308.643,5680.8794
75,15341.846,12271.246
75,16515.736,9221.182
75,4490.736,17542.746
75,14475.086,8464.933
75,5370.5923,6797.7393
75,16846.502,11307.236
75,2923.8762,12784.117
75,16277.023,15029.751
75,4534.1143,13349.078
75,14132.764,4558.749
75,2920.0068,13100.237
75,7219.81,10989.448
75,6503.8022,16023.442
75,12887.94,12375.389
75,13343.317,13173.334
75,4628.531,15187.399
75,15619.041,13244.094
75,12407.637,3425.198
75,14455.294,8494.376
75,2932.4172,6231.7446
75,5623.6177,6291.429
75,9401.261,4517.6597
75,15368.81,11624.358
75,8300.2,18047.885
75,15030.725,11173.776
75,3975.6145,5770.317
75,6514.255,14302.589
75,4856.575,5690.8584
75,6039.116,5992.6
75,18247.38,9068.582
75,6232.5107,8423.823
75,11285.713,15971.152
75,12481.981,11065.349
75,7665.0264,15986.472
75,13482.089,7980.86
75,6428.3765,14780.977
75,15187.146,9643.204
75,14066.279,8284.1
75,5741.536,16653.826
75,1129.1067,11970.994
75,3447.8142,17043.074
75,7160.845,2834.0684
75,3915.7646,4517.599
75,3155.2573,14351.9375
75,6750.9893,4461.5225
75,2911.0952,13847.124
75,2472.6123,18113.537
75,12087.601,5874.2876
75,16188.33,10149.715
75,177.98813,3337.0583
75,15115.94,10384.981
75,7352.561,16556.805
75,4716.6772,13953.739
75,14442.389,9787.498
75,1913.7963,3020.8247
75,14640.018,12923.998
75,15910.582,17618.04
75,1897.2847,16802.412
75,2040.3187,4460.194
75,2471.1995,7609.014
75,15385.028,5507.7905
75,16175.873,10028.633
75,8903.308,15559.599
75,16886.338,8474.506
75,7705.6816,6709.7573
75,16582.826,10060.37
75,13812.185,8060.9263
75,7324.7876,16232.183
75,15655.606,3422.1472
75,7515.8633,2673.5667
75,13908.684,6555.727
75,14057.159,4195.398
75,15080.029,9155.919
75,17020.594,8002.069
75,14297.452,6975.5547
75,5808.6147,7393.2427
75,11674.022,14079.539
75,16446.926,10872.918
75,12677.151,7289.2544
75,5863.387,5061.081
75,5289.8545,12568.974
75,5162.5503,6392.689
75,16148.921,11017.217
75,12605.678,13918.116
75,539.7685,14786.314
75,17073.262,10354.236
75,18760.092,5592.046
75,3073.0657,3304.506
75,14200.9375,13065.87
75,10838.515,3022.8877
75,14608.807,9980.071
75,5427.071,14593.343
75,6654.86,6533.1484
75,6574.3096,3409.083
75,19809.232,10514.58
75,16966.81,5510.1826
75,12452.156,10359.271
75,7219.2266,5708.6934
75,2864.415,16599.074
75,1182.6014,9270.344
75,5883.9067,15765.265
75,14198.415,8165.4463
75,17895.6,12777.01
75,8992.429,2821.5984
75,8198.061,12687.6455
75,11674.872,16589.15
75,17052.662,7488.021
75,15847.217,9682.082
75,13451.342,11192.561
75,4247.65,5892.14
75,12003.461,6683.7593
75,4724.31,7682.145
75,15122.097,8662.302
75,12068.179,12335.152
75,1121.9786,5453.904
75,5141.561,16168.675
75,13757.609,13550.668
75,12736.6045,10332.988
75,2356.2188,5088.321
75,16670.146,5850.8564
75,5969.359,5023.2666
75,17500.432,12643.356
75,14294.53,5244.1226
75,13074.565,11685.942
75,3465.2317,14828.369
75,6364.584,5397.652
75,15465.261,10000.566
75,16765.242,13765.4
75,14790.013,4065.9563
75,7300.1353,5412.2354
75,4269.8843,6663.213
75,5681.4624,7998.4834
75,13181.212,10805.93
75,14628.704,4019.614
75,4703.5386,5008.6987
75,6512.464,15128.633
75,8413.591,8138.25
75,9634.427,17098.594
75,3860.4395,4955.5938
75,5247.1064,7690.5396
75,13026.772,11095.824
75,18359.25,12506.147
75,2686.8894,16915.645
75,14946.204,2776.7488
75,4332.5176,20000.0
75,2680.4329,4353.416
75,3332.0864,4486.5386
75,17435.71,12218.735
75,5563.437,5531.7275
75,4857.4185,6208.73
75,14317.313,16585.273
75,18909.172,6942.994
75,11134.822,14286.596
75,5514.4453,2846.0806
75,7087.8237,13110.383
75,14514.373,10878.296
75,14383.423,10522.059
75,3960.1917,16318.58
75,17497.373,5250.904
75,13902.031,10533.884
75,13207.234,9960.681
75,15455.509,8365.942
75,5370.6655,6396.9004
75,14157.222,6775.1084
75,13677.954,10552.19
75,11993.146,10288.503
76,10000.0,10000.0
76,3783.7654,59.4797
76,7283.8086,3666.3105
76,13704.031,10790.944
76,2530.6116,4848.866
76,5331.043,3103.103
76,16720.236,4884.391
76,5174.0874,15425.617
76,1272.1558,8084.538
76,17358.684,9210.616
76,7727.145,16036.901
76,6504.527,5516.6597
76,3575.8296,4465.629
76,16033.763,7132.304
76,2162.254,14845.883
76,3910.0962,11524.721
76,8358.381,13016.67
76,4698.7,4852.244
76,8679.808,5460.576
76,9479.096,15522.28
76,3693.747,16369.267
76,6009.9536,17736.621
76,17273.846,4388.5728
76,4655.2275,15105.677
76,16271.707,8338.721
76,7989.303,1957.9159
76,6906.723,18675.64
76,14105.477,6172.74
76,4856.928,14041.312
76,3962.708,4677.0166
76,14609.005,11811.49
76,4773.6445,4769.3687
76,8378.552,18201.621
76,15453.502,7317.169
76,4464.753,3243.339
76,15008.373,11633.633
76,11617.712,14033.137
76,5092.4897,18444.373
76,15627.274,4926.1826
76,7113.627,13810.024
76,5081.7827,13922.21
76,16307.951,16192.204
76,4205.512,14488.891
76,4271.954,5599.7954
76,3643.973,9824.46
76,6717.0317,7563.639
76,16630.973,6441.3804
76,16627.338,8741.79
76,14788.211,14096.778
76,4064.5244,13301.258
76,5744.833,3772.53
76,13389.3545,5193.363
76,15184.301,14816.3955
76,20000.0,9863.101
76,11855.491,14464.955
76,13870.354,9813.782
76,15808.407,13594.361
76,5999.3784,1640.7621
76,3888.1306,7807.3555
76,13749.655,16458.904
76,16713.166,11433.709
76,6641.861,15113.83
76,15560.491,11062.879
76,16444.387,5409.9507
76,2787.2883,5715.08
76,14057.095,8079.8306
76,4853.1875,15823.713
76,17305.533,10111.056
76,4951.5,5470.092
76,15250.992,14214.995
76,2804.7725,3420.1907
76,16955.748,14327.979
76,15200.516,3253.6096
76,4990.123,2026.4564
76,19408.963,14401.392
76,10572.716,7941.2964
76,3371.0593,4375.5967
76,19187.898,10342.685
76,17875.252,8091.9946
76,4972.256,5809.1265
76,5572.826,4505.3413
76,14947.541,13071.83
76,6004.025,13149.214
76,3586.5872,5417.4478
76,15671.132,13045.634
76,19453.955,14687.688
76,7203.4473,9137.401
76,16061.387,9089.78
76,13816.672,7940.077
76,3397.6226,711.4853
76,4030.6333,12602.48
76,862.0879,15461.087
76,13392.429,6090.414
76,5986.0693,13453.917
76,5944.6685,14600.894
76,14813.379,11153.776
76,14569.064,14409.845
76,16315.656,7760.908
76,1990.7152,12771.368
76,12408.561,4189.083
76,17800.465,7409.2695
76,17235.525,10303.875
76,5430.1953,13992.124
76,4812.6016,5446.5464
76,4714.729,14104.702
76,14722.659,11913.161
76,6957.649,4272.2515
76,12768.176,14386.054
76,14745.832,14106.984
76,17315.973,9600.397
76,16850.973,13971.216
76,5011.4604,8969.54
76,4992.6084,15370.954
76,13501.132,13229.516
76,13992.86,8216.372
76,12010.243,13230.139
76,17272.867,2480.3733
76,4071.36,13136.716
76,6780.895,14031.06
76,2462.62,11308.71
76,7130.7676,15220.935
76,16166.347,13731.961
76,5058.9404,14523.715
76,5485.088,6643.0186
76,9474.828,15620.774
76,13802.772,7758.9253
76,5221.453,7670.75
76,14890.891,11839.458
76,9439.985,8661.614
76,5331.093,15504.095
76,16036.489,15213.541
76,16229.873,11944.837
76,4820.414,6195.2017
76,8115.869,14711.962
76,15562.693,10010.298
76,17983.273,10825.778
76,14158.281,14378.6455
76,17052.121,11850.228
76,5386.317,5625.539
76,14574.276,8928.01
76,4526.715,4439.264
76,6935.312,11483.341
76,9432.44,3998.49
76,11022.185,6431.342
76,16326.866,6939.4375
76,398.4196,8171.0107
76,7360.5195,6399.7554
76,4099.224,16387.502
76,1712.0038,6634.041
76,5002.629,4630.74
76,18155.477,12632.3545
76,14267.078,9875.291
76,5667.2974,13637.481
76,14786.646,7847.2563
76,7501.178,14945.954
76,17022.416,11667.727
76,17560.281,7978.751
76,15327.963,9709.534
76,16978.855,8397.441
76,8866.984,11936.109
76,8114.4146,7996.88
76,6595.8613,12720.301
76,14468.752,11974.205
76,14390.584,8042.18
76,4714.962,4045.9556
76,18137.674,15851.224
76,14256.72,9445.925
76,5377.178,8982.563
76,5894.8657,17794.379
76,6450.733,16302.522
76,16574.797,16682.586
76,13784.704,15880.012
76,17313.105,5003.351
76,5789.2573,7189.6265
76,15663.092,4618.3804
76,15320.4,6779.0615
76,13790.038,16820.496
76,6467.6143,3505.0674
76,12920.152,7986.73
76,16396.873,11011.329
76,15156.426,11241.85
76,5620.793,3347.126
76,7389.061,15754.832
76,15283.135,5467.235
76,5528.4478,2310.6392
76,3735.7693,6296.1636
76,6252.1353,20000.0
76,11328.445,14305.928
76,14950.491,9124.275
76,5598.674,5403.0356
76,5193.4233,3108.6355
76,14090.832,5269.1826
76,6175.131,13669.79
76,4987.271,7599.6274
76,5455.122,4094.6438
76,12657.72,5858.0977
76,14817.017,9610.578
76,4654.145,1917.459
76,16130.049,13673.807
76,4414.5723,16797.135
76,9886.483,13092.146
76,4872.721,5335.318
76,20000.0,9917.596
76,19062.898,6264.802
76,6311.296,3602.4644
76,18397.285,4315.6562
76,15076.491,4669.1963
76,10175.79,11720.085
76,16670.703,10696.815
76,6153.8315,15590.324
76,15067.25,6911.093
77,10000.0,10000.0
77,12023.422,8256.586
77,17230.44,11715.318
77,16916.455,13591.348
77,11856.568,8075.163
77,16807.08,8486.882
77,17015.26,9055.415
77,12163.883,11994.251
77,13791.248,7046.3037
77,4952.2656,4777.446
77,15284.027,12274.344
77,14506.244,10230.944
77,15665.185,9941.998
77,2759.5786,18412.557
77,5475.3955,14318.76
77,3976.7217,13551.132
77,14276.625,10566.342
77,6136.388,1191.503
77,10780.11,14032.04
77,1523.0865,12586.953
77,19589.674,10485.606
77,9248.315,17744.17
77,14220.436,11381.936
77,15725.249,7231.5107
77,15819.018,10576.799
77,14735.323,8758.823
77,13815.399,4419.0996
77,4357.7915,3926.0264
77,17872.57,1014.4126
77,18312.754,14047.899
77,3631.7122,17377.117
77,19297.553,11599.448
77,700.37573,2172.2656
77,9747.832,7555.8022
77,7146.625,15861.51
77,1991.5684,13891.838
77,14682.553,4565.342
77,15504.106,8231.833
77,5759.89,3242.1626
77,14524.18,15397.228
77,16351.851,12965.528
77,7584.8604,318.75363
77,15282.67,13752.135
77,9156.234,17080.348
77,3270.325,4725.526
77,6065.546,2220.9136
77,13695.965,12891.538
77,5967.8286,5952.732
77,12684.544,9030.247
77,110.749374,11602.718
77,15036.616,4731.3687
77,14923.279,13126.478
77,13780.696,3785.0823
77,6080.2134,5143.659
77,16602.133,16373.285
77,16398.96,10131.149
77,2624.5737,15517.725
77,3286.0203,12919.8125
77,3732.4397,4616.4663
77,4579.393,6815.266
77,4465.146,1964.4427
77,5484.7007,6748.417
77,18044.447,4123.441
77,7503.322,14032.725
77,10450.176,4178.8726
77,13170.126,11387.643
77,11204.386,5264.312
77,2955.1506,15286.302
77,15336.471,5121.4253
77,15083.17,10722.541
77,15004.57,16302.481
77,17327.977,13853.495
77,11475.3545,11409.541
77,3045.0383,15306.4
77,16913.941,11372.49
77,14754.513,10124.517
77,4599.0103,16877.838
77,7383.8804,17096.5
77,11878.143,15871.246
77,15884.234,9299.911
77,7872.338,14165.836
77,12933.48,11121.784
77,14052.397,14608.984
77,6125.6475,1598.5121
77,5867.2773,18754.54
77,2106.1753,1426.4618
77,13177.688,6495.9487
77,3731.6182,6210.856
77,12616.967,13768.441
77,2359.1577,15059.327
77,14686.618,10215.434
77,18034.594,6983.908
77,7638.4053,13845.101
77,4968.4014,5177.2354
77,3258.3884,17147.385
77,1712.434,10036.95
77,9051.165,15819.407
77,14206.035,11211.164
77,6486.575,15411.034
77,4758.9976,4104.77
77,6011.792,6690.5273
77,4874.261,17659.95
77,15765.058,17199.05
77,16926.463,10075.672
77,11887.246,8405.962
77,7539.785,8389.123
77,5552.3423,3958.1836
77,7580.957,3949.9006
77,14242.573,15059.36
77,15696.125,7557.93
77,1622.63,7913.083
77,6632.2974,6467.7334
77,3807.073,11142.92
77,5404.446,8536.098
77,9710.694,15178.687
77,4467.8867,3767.7852
77,14550.767,15614.716
77,7789.7773,6693.948
77,6041.288,13056.675
77,5220.0776,12331.134
77,4876.5474,14159.807
77,3803.1028,6372.039
77,14677.3545,12515.941
77,18815.992,10660.877
77,14240.6045,9904.907
77,8269.399,14821.105
77,16967.205,11635.578
77,2607.5076,4118.968
77,15286.532,11928.597
77,7862.141,18265.832
77,6896.2534,13310.153
77,4823.852,14616.364
77,5745.5684,6051.874
77,18351.52,8958.297
77,14791.181,9496.586
77,7934.3716,3538.202
77,15879.78,9294.493
77,14412.046,4470.611
77,16838.115,11812.3
77,2479.5435,13466.764
77,17066.732,8838.564
77,7732.0386,6339.9307
77,6347.5645,3588.956
77,14323.446,14669.522
77,14781.66,11507.36
77,15431.103,14334.941
77,2497.086,3382.2747
77,13596.771,12463.427
77,12516.368,13086.5625
77,14558.17,15165.849
77,4457.8726,5081.4443
77,15980.75,9349.698
77,2346.945,14820.76
77,15734.192,16091.2295
77,4405.1426,5139.787
77,4241.7446,12829.017
77,5035.2485,2395.1833
77,13320.7705,9251.578
77,16838.635,3667.379
77,12985.078,17769.436
77,1835.4822,16104.317
77,3137.833,5624.836
77,4101.166,5366.3325
77,14583.609,16607.621
77,18137.719,8218.131
77,5418.0254,14835.962
77,15759.052,13679.107
77,13281.799,6487.5527
77,5787.9565,7713.622
77,16624.773,12362.24
77,3911.4175,17371.672
77,13171.92,13902.877
77,3672.4275,17112.531
77,6308.0786,5170.698
77,5418.3125,6405.4053
77,8215.08,12903.193
77,9860.049,7721.5693
77,3420.8706,6408.7603
77,2366.0703,17832.318
77,18383.44,6612.564
77,13638.729,15116.781
77,4358.989,13989.37
77,5359.588,15735.207
77,5593.753,12184.079
77,12867.36,3586.0837
78,10000.0,10000.0
78,12181.479,7225.0693
78,5782.525,7544.227
78,6576.2046,18419.074
78,5017.1865,13628.492
78,12438.747,9434.21
78,4006.2336,7795.96
78,6763.926,2984.1978
78,4553.3936,7184.567
78,15343.791,7674.129
78,4674.11,14159.108
78,1840.0247,6891.4077
78,13891.23,15421.521
78,13950.024,11426.386
78,778.6277,11217.483
78,11166.888,7530.8843
78,12245.795,12742.483
78,12662.7705,1820.1852
78,14470.567,9490.497
78,16777.217,4106.2075
78,15250.054,5306.3643
78,10637.41,1495.9838
78,1636.732,3576.2788
78,16022.664,10120.6045
78,14703.11,6922.5845
78,5903.7373,13023.126
78,5735.4775,1143.7452
78,7211.493,2828.595
78,12906.412,8976.458
78,5477.207,3470.8738
78,11569.622,9430.685
78,14079.215,11749.839
78,4361.847,4596.08
78,5043.079,12472.889
78,14956.411,12909.36
78,17654.271,11413.727
78,7039.7,18519.27
78,4215.906,7713.907
78,4416.7656,4222.6777
78,4969.648,10343.463
78,4618.846,11972.075
78,14778.451,8643.138
78,5992.2905,5742.18
78,14600.97,11966.106
78,6443.647,2564.2239
78,4134.501,13653.104
78,14148.54,12822.241
78,5982.682,16080.298
78,3446.3503,20000.0
78,15714.871,3994.9468
78,3727.365,16847.744
78,15592.894,15083.637
78,6610.124,5223.109
78,12848.059,5940.882
78,16035.765,13487.81
78,3034.268,6616.4087
78,8858.246,17611.916
78,17844.174,10759.41
78,5907.9766,9006.897
78,6008.6206,9256.093
78,16298.098,7564.248
78,4859.8496,17721.795
78,2923.9353,16180.144
78,3290.4246,5795.1123
78,5502.4526,20000.0
78,15762.4375,10925.297
78,4814.0356,11093.862
78,5789.0273,16027.468
78,14146.418,16714.928
78,8523.744,14876.72
78,17334.61,12484.341
78,11185.802,12083.516
78,5083.482,4478.5728
78,7766.1504,14769.895
78,13331.424,11456.69
78,6702.2456,14981.042
78,14862.965,7499.162
78,16183.278,12702.916
78,2122.4927,7964.492
78,12761.458,10416.084
78,5997.2266,4163.859
78,6971.9316,6168.6865
78,13649.987,9874.664
78,5673.4053,13690.011
78,19143.084,1879.0386
78,13624.156,17074.629
78,17509.205,6925.6533
78,3723.653,5727.119
78,8303.565,4075.188
78,10804.474,14953.538
78,16407.379,11133.109
78,13284.381,9991.85
78,18763.414,8752.751
78,4255.2144,13533.431
78,12632.129,9156.747
78,4854.082,2798.598
78,4508.4937,17645.361
78,15107.004,5867.7954
78,4095.9312,14337.145
78,3891.1848,4423.0
78,3547.4053,15866.127
78,13274.064,7982.2715
78,17220.854,4531.3945
78,14074.858,8017.3877
78,5976.542,16210.39
78,15406.416,14957.017
78,3702.476,7148.302
78,3116.2996,15021.258
78,5844.489,3105.2822
78,12362.823,13825.771
78,3269.0586,4205.513
78,9705.156,942.8716
78,6205.4453,5891.8975
78,15049.677,5089.9243
78,5326.042,14223.961
78,16887.6,12906.818
78,4906.6533,16264.092
78,20000.0,15873.368
78,3419.31,14030.907
78,5931.182,14899.656
78,16796.504,4653.203
78,1881.9249,17347.76
78,5433.688,3065.0056
78,0.0,6189.45
78,6154.1035,1717.0908
78,1778.8292,4110.8955
78,14019.006,9920.011
78,6111.822,9496.017
78,12510.854,12919.876
78,13263.299,11371.227
78,4819.1504,3947.402
78,4742.995,12275.852
78,11506.792,7638.3003
78,7031.764,17280.209
78,6215.7227,12637.213
78,2257.7703,12034.004
78,3282.2349,16365.318
78,13567.672,8793.946
78,6824.9316,13990.39
78,16647.43,5247.075
78,8080.364,13395.721
78,16273.251,12286.535
78,19468.738,7907.857
78,11493.27,10713.975
78,18656.441,7135.4194
78,8053.1484,16018.069
78,6578.8047,16965.006
78,18099.646,11482.319
78,2019.9375,4642.5596
78,4205.641,15629.758
78,16916.783,5508.69
78,5378.68,7292.3584
78,7169.729,3251.5469
78,14982.415,9247.121
78,19203.709,13556.955
78,6201.019,5995.675
78,3331.7725,16742.293
78,8315.348,5300.7856
78,8733.616,12422.731
78,15421.448,6757.6216
78,16170.357,4249.492
78,16295.265,13113.242
78,17682.443,6742.4507
78,20000.0,6112.4395
78,5516.6387,12436.975
78,14120.995,12212.744
78,2925.529,13720.539
78,2594.1877,7637.9062
78,3705.0913,3235.7288
78,4269.0474,14996.664
78,19430.92,12182.813
78,7446.3706,6597.022
78,14834.322,13533.182
78,0.0,1980.7937
78,12898.895,10310.129
78,6982.354,15789.32
78,12934.036,7104.025
78,3934.984,16277.922
78,3299.8289,11607.497
78,16206.641,6161.3457
78,2591.8381,6998.212
78,13091.699,9556.442
78,13399.11,8965.408
78,10601.105,10038.396
78,4603.6167,14885.964
78,18366.5,7320.144
78,5319.0244,1838.269
78,8087.531,20000.0
78,2729.4285,5182.7153
78,16053.83,9856.105
78,12630.883,13399.298
79,10000.0,10000.0
79,13109.66,2566.188
79,4715.009,15947.974
79,3679.017,4117.096
79,4824.7524,15605.907
79,3392.8796,6111.3647
79,5918.8057,13575.495
79,2227.3606,14601.888
79,6910.971,2348.264
79,4648.436,14397.688
79,4033.5198,2213.2207
79,17392.191,7567.035
79,14603.979,7732.0366
79,4078.1807,1139.608
79,14981.905,11799.346
79,3405.3997,16413.42
79,14856.205,3585.8792
79,16112.819,12769.335
79,6072.9375,7706.6606
79,15146.905,11386.311
79,13780.626,3660.041
79,13263.564,12013.381
79,15713.878,5315.057
79,18035.23,8102.0825
79,14636.398,5805.691
79,3594.8823,17031.871
79,7705.9424,5399.9062
79,4358.131,4435.279
79,14024.922,13532.817
79,15052.584,11984.341
79,4903.117,17133.178
79,14525.5205,18250.717
79,974.3723,3791.6514
79,2936.7874,16243.803
79,6275.8057,14761.971
79,16807.473,6854.49
79,15197.208,10619.658
79,5402.571,14231.472
79,5275.158,6592.2954
79,13090.705,5251.3228
79,12791.184,14843.14
79,4705.4204,4976.164
79,14503.182,7742.522
79,6119.1255,13569.943
79,5682.7695,12549.828
79,2122.3843,6471.0215
79,4156.594,6988.1533
79,5192.3145,15676.071
79,13081.387,12223.3955
79,3387.5522,15692.5205
79,14509.264,10222.311
79,8506.983,4253.1543
79,623.8426,780.14764
79,14817.891,7922.696
79,14941.164,8647.543
79,16861.266,7535.5474
79,7001.104,14628.402
79,5631.914,4507.337
79,13728.131,12054.307
79,13001.69,4474.8545
79,6929.5776,6319.7734
79,12800.399,10190.942
79,16175.928,15047.896
79,15181.087,4284.653
79,12261.089,9967.4375
79,2490.1262,15455.376
79,3588.8203,3189.696
79,1315.7228,15515.711
79,6237.027,3570.5273
79,6206.3584,15065.036
79,14629.926,9906.903
79,6986.74,1384.4258
79,13681.805,16956.377
79,2716.7346,16899.715
79,15150.061,14183.512
79,4119.0005,14087.897
79,17625.963,11746.585
79,3520.356,4267.343
79,418.59354,18544.295
79,17167.625,13207.121
79,15426.041,3323.455
79,3788.788,4380.352
79,4780.3306,15582.171
79,16234.598,14142.854
79,3749.783,6408.186
79,4400.398,13648.174
79,16915.963,11320.957
79,13178.4,6974.497
79,16367.273,10769.744
79,4874.2783,17631.887
79,14829.972,13210.703
79,15862.565,14186.807
79,13539.496,8380.226
79,6609.8647,12635.245
79,16561.271,8064.3037
79,5068.148,7367.578
79,5559.9736,5961.69
79,13835.406,11797.619
79,17957.875,8717.758
79,2679.4087,14151.787
79,4387.5396,16031.814
79,16678.006,8523.41
79,12157.924,8486.17
79,14189.062,11763.662
79,4878.0083,5545.923
79,3496.6414,18750.88
79,15105.993,10508.341
79,6455.331,17603.74
79,2025.3033,17080.617
79,15809.371,6945.8193
79,16442.334,13261.134
79,13615.057,5357.3833
79,6550.888,5725.398
79,15194.516,12844.985
79,15388.149,15078.363
79,14252.197,4941.149
79,14227.241,9564.813
79,10972.601,9958.493
79,14698.243,6839.373
79,5398.031,16796.67
79,17117.432,14706.54
79,16204.671,13304.426
79,5851.8857,17800.566
79,13785.398,12502.252
79,1573.6763,5058.2104
79,11394.465,12663.593
79,13565.759,9206.557
79,13418.28,10888.295
79,14955.004,17795.322
79,4199.196,7218.5576
79,4465.5664,19278.355
79,14667.301,8414.024
79,17002.104,10076.335
79,0.0,12370.018
79,13929.757,8304.059
79,4441.2104,13059.134
79,20000.0,11492.276
79,15979.295,12256.062
79,15552.802,9038.682
79,14110.813,13790.204
79,5932.5723,15956.831
79,16571.623,10841.299
79,11601.507,12067.167
79,16753.865,10016.869
79,18143.715,11944.605
79,14691.318,16206.878
79,14470.937,4283.812
79,10721.036,10574.719
79,13694.997,11143.4795
79,4411.601,7518.79
79,12578.785,5712.557
79,17597.74,12295.845
79,16189.003,11895.249
79,15040.722,13303.153
79,4912.891,3152.9255
79,6237.7173,5759.7114
79,15774.564,8594.455
79,12123.026,5369.524
79,3315.6128,4933.1855
79,5177.35,20000.0
79,13269.027,10446.3955
79,14011.156,5541.8354
79,12583.09,7606.7905
79,17717.771,7277.393
79,6758.7573,15278.681
79,5363.8594,18350.422
79,14879.708,2930.5015
79,5646.022,87.93836
79,16917.662,12357.985
79,1913.8478,5986.365
79,20000.0,15561.573
79,4088.983,4874.767
79,6295.11,2446.3938
79,3839.2256,4038.597
79,4069.5276,12604.31
79,14994.203,9620.782
79,6449.397,12647.181
79,16624.844,8026.334
79,15649.499,13821.448
79,5236.9214,16933.695
79,15594.849,14516.977
79,16486.951,4063.3633
79,15281.531,9791.24
79,5065.7266,13698.541
79,107.86197,18788.797
79,12570.549,7089.731
79,19068.842,12717.666
79,5030.5234,11993.082
79,15573.791,9768.376
79,14830.817,4753.7773
79,6551.01,11824.91
79,15071.603,6834.258
79,5390.7554,9907.865
79,14200.995,16366.921
79,15778.281,10577.501
79,7277.178,13524.091
79,15686.266,9750.071
79,11278.933,9654.759
79,14031.495,10045.309
79,6191.5664,5238.6924
79,8950.38,14843.644
79,13820.378,6420.239
80,10000.0,10000.0
80,4496.629,14069.119
80,12714.232,9351.112
80,6330.1895,1060.2369
80,11332.977,12737.354
80,13482.337,7385.2637
80,15504.794,12900.979
80,13743.962,13381.484
80,3108.7832,4295.4473
80,17531.027,11824.377
80,17604.543,3754.53
80,719.0182,13613.704
80,16778.861,11028.204
80,14725.753,4393.413
80,1025.7867,2590.2588
80,12118.954,7658.039
80,14044.097,8953.647
80,4246.197,4696.526
80,2893.6887,12683.729
80,4127.6543,13014.709
80,13326.548,5937.646
80,8183.9604,5723.428
80,4867.3467,16699.314
80,13332.629,13703.591
80,13209.565,11341.098
80,16846.9,12241.92
80,15565.691,12444.699
80,5472.6426,5401.1924
80,5680.729,15212.569
80,12400.781,13277.959
80,14048.318,11447.489
80,17081.287,10849.639
80,6069.43,7104.54
80,13777.631,10916.097
80,9543.361,5370.5137
80,3770.7197,5582.5786
80,9032.937,6330.117
80,17315.83,15634.499
80,5711.044,5230.0117
80,15942.612,8052.5464
80,14805.179,9443.492
80,11955.327,3182.0952
80,6466.631,15172.959
80,5279.788,16472.777
80,7202.5044,4088.7622
80,16125.932,12963.363
80,10674.654,5957.2954
80,6480.516,3102.2444
80,17694.992,10652.124
80,1598.6244,17472.371
80,1624.9608,6333.7915
80,7121.368,6277.0063
80,5802.2085,16908.078
80,7161.436,13671.943
80,8601.317,12746.931
80,16357.376,10958.9
80,18832.121,9168.237
80,5923.522,14615.255
80,17791.613,8832.249
80,16326.242,4948.733
80,5632.5483,9876.366
80,2966.0334,3643.595
80,16134.482,8373.91
80,16861.344,3949.3293
80,430.29477,16925.396
80,13604.775,13461.367
80,1114.8162,3013.7808
80,15598.188,7160.845
80,14017.074,11128.104
80,16063.848,8609.273
80,3330.6587,17998.438
80,4751.529,12627.561
80,5804.1543,12216.376
80,17388.844,8232.198
80,2580.8862,8142.374
80,5914.2183,3429.0503
80,3502.1199,17810.988
80,13722.498,11279.226
80,7074.772,9947.785
80,6932.7915,1385.1857
80,12915.357,8740.022
80,15167.094,11376.031
80,8547.841,15801.648
80,15496.888,15136.045
80,14795.693,8005.188
80,14111.896,3003.3135
80,14024.195,13916.118
80,3970.5688,16840.303
80,16346.111,10336.788
80,15356.472,6962.857
80,14231.604,3556.53
80,15767.873,11104.149
80,14763.242,6702.7427
80,13807.443,6785.395
80,17228.104,13357.573
80,13087.062,8829.855
80,7190.664,13734.838
80,15755.761,9398.891
80,4450.678,2069.6045
80,6334.992,17494.742
80,10811.801,12454.064
80,6251.044,3167.326
80,7499.4224,12529.798
80,4972.833,13952.8545
80,12313.917,15787.579
80,12512.708,7620.676
80,5123.594,4594.0146
80,2402.707,5269.0547
80,13406.161,15498.326
80,5494.578,12895.774
80,4225.883,12379.652
80,14920.268,6200.0586
80,13937.068,16180.96
80,14723.68,12504.221
80,15406.128,12917.921
80,15819.472,7059.152
80,11953.49,10318.027
80,5431.955,13976.413
80,10285.564,10869.051
80,15674.944,12881.53
80,14972.456,8837.187
80,17170.86,7791.572
80,0.0,9563.719
80,4857.106,15994.92
80,14833.407,11126.872
80,4569.1963,8288.69
80,7511.866,4278.9033
80,5644.9883,0.0
80,6890.1646,8717.301
80,6131.432,3865.999
80,13221.652,11932.747
80,12955.626,15141.295
80,5960.8467,4358.5737
80,3548.2725,17852.422
80,0.0,5552.0137
80,3358.1416,6728.2773
80,11541.472,1993.3
80,2504.101,12060.026
80,6924.4585,18142.232
80,7491.5215,16274.018
80,7093.7993,18989.56
80,4743.576,12440.08
80,6368.9233,8253.233
80,11686.302,11672.663
80,5628.29,5849.096
80,6830.1357,15867.161
80,6913.104,2645.4084
80,4755.2544,1731.8356
80,13818.688,10412.947
80,15646.858,6978.221
80,7851.2324,15110.08
80,7123.3125,5092.0903
80,4003.268,4446.876
80,3846.3481,12498.262
80,14043.718,10526.411
80,14128.257,3712.7395
80,13526.375,12761.534
80,6306.8535,13854.64
80,18028.586,13943.166
80,13140.408,8150.827
80,4491.776,16230.766
80,3922.012,15501.404
80,3115.402,5027.077
80,18955.166,7860.669
80,3403.9734,7146.0513
80,4314.111,7136.3877
80,11691.392,5520.7915
80,14395.013,11534.305
80,14532.3,11329.104
80,6118.1406,4913.5425
80,3364.1887,7797.148
80,15191.269,9418.761
80,14357.311,14691.904
80,12951.405,7776.353
80,12997.647,9697.375
80,13063.032,4608.971
80,11430.32,9723.833
80,7019.737,5194.266
80,13010.773,12477.964
80,2885.5315,4153.419
80,12387.925,9332.709
80,15543.354,8077.6406
80,3138.8306,6966.0444
80,13814.092,12405.804
80,5865.5938,4632.426
80,8048.492,1774.5945
80,3355.397,4744.928
80,8438.631,19679.766
80,16717.883,3789.2822
80,14108.014,6037.9805
80,7782.934,13499.147
80,3270.165,4908.659
80,3309.905,17441.041
80,15642.682,6893.8423
80,14720.568,8794.904
80,5284.236,1493.0854
80,6976.2505,15352.232
80,4096.8013,10918.333
80,4701.561,10745.12
80,2113.8132,5918.497
80,17232.781,11462.833
80,6797.8984,17012.18
80,5054.915,13151.908
80,18249.348,5447.914
80,5099.5947,14738.851
80,0.0,16587.865
80,17355.125,10036.594
80,5565.421,9263.302
80,6830.191,13684.127
81,10000.0,10000.0
81,3885.9873,4508.9937
81,3685.4172,4639.104
81,6095.5073,12475.061
81,13647.804,10206.213
81,3729.8433,13727.25
81,9201.462,5037.369
81,4469.212,6415.0356
81,4203.2256,14775.259
81,17255.193,14243.511
81,11466.425,6310.3477
81,337.6942,13623.409
81,4292.1846,16114.154
81,12866.922,15942.394
81,3378.8765,14995.79
81,14945.872,15767.406
81,6937.9233,11605.247
81,6495.8677,18711.129
81,8813.195,0.0
81,19176.486,7470.0156
81,15110.426,12606.295
81,15961.653,6832.661
81,4302.6772,4117.0957
81,6301.588,5373.2837
81,14976.248,3274.6772
81,16262.402,5487.481
81,2766.4202,14596.931
81,1903.6804,3632.887
81,4149.7764,1679.382
81,16418.648,9832.712
81,8522.761,14778.001
81,15725.666,6886.587
81,16264.93,8890.202
81,18264.162,9705.231
81,6515.444,9428.085
81,3143.0977,12533.614
81,9348.187,3370.7588
81,8010.128,17330.072
81,19112.422,8372.76
81,15595.852,4570.2383
81,7629.547,14764.332
81,15115.305,10029.404
81,14063.245,8000.1143
81,2943.3372,502.543
81,17982.332,3745.7986
81,14538.724,9213.099
81,14575.475,2649.3855
81,3370.6265,5452.5547
81,11900.461,10998.155
81,5601.639,3560.608
81,11950.222,6849.436
81,6692.38,15330.753
81,14636.202,6913.4883
81,14850.042,7095.622
81,3650.0674,14115.622
81,6535.9424,15911.97
81,2123.4197,4454.0796
81,3385.5579,4918.725
81,3317.8708,5145.6665
81,19026.734,11322.22
81,4643.4653,6943.9453
81,1826.1027,4504.691
81,16699.834,10853.138
81,4168.908,3561.1003
81,12575.598,6649.8906
81,17915.316,15804.013
81,7080.853,6706.248
81,3546.94,14154.146
81,14196.898,6947.6895
81,15587.796,11610.234
81,3200.0542,3621.156
81,6373.112,13488.644
81,15744.273,13780.449
81,4912.6914,20000.0
81,15780.348,6708.109
81,10007.04,17535.244
81,8613.126,14994.961
81,7374.7207,2804.34
81,17144.207,8241.644
81,7932.1055,2965.6775
81,16859.426,6774.1846
81,6265.1978,8296.255
81,6847.1787,18936.533
81,15026.013,12312.808
81,15373.69,15381.743
81,3020.2651,2910.1282
81,12701.934,10603.552
81,17062.43,10849.728
81,3702.561,14426.3955
81,14362.499,12845.5625
81,18021.863,9420.264
81,6893.248,5303.294
81,2749.2297,13537.851
81,3573.855,7125.186
81,4046.4775,15964.906
81,12581.908,9766.584
81,6593.511,0.0
81,6602.964,7042.597
81,372.59607,5005.211
81,15411.679,9720.519
81,4850.004,12825.236
81,5297.968,7619.6665
81,14697.274,7785.451
81,18116.223,6995.0186
81,1889.4148,16894.041
81,12620.367,10182.839
81,9416.089,13553.2295
81,4755.0605,5085.1562
81,11856.014,8897.323
81,17964.791,13099.894
81,18895.805,6819.472
81,4562.6777,6889.9033
81,6347.712,1710.9054
81,16554.207,7699.5444
81,5808.3896,3133.673
81,16294.976,6050.1094
81,4398.2153,5155.057
81,8471.838,5850.236
81,14571.971,6455.3794
81,16440.023,7852.2
81,8357.7,4304.0566
81,12953.5,12539.223
81,13107.862,6064.8936
81,15841.711,9422.117
81,6169.1,918.94543
81,15697.553,14040.363
81,6455.5737,7076.9585
81,14797.344,7462.0405
81,4290.7876,14999.668
81,4806.942,12490.164
81,4482.8555,12453.473
81,6174.553,0.0
81,7524.858,16093.676
81,16810.47,9329.365
81,6823.548,18535.643
81,3928.9668,7545.732
81,11050.368,13169.335
81,3958.8462,6264.715
81,18218.607,16489.684
81,15399.992,13597.014
81,12665.862,8361.435
81,6359.9727,16079.604
81,14136.74,13717.481
81,18807.387,5674.3164
81,7128.6465,3423.7302
81,14512.368,12786.793
81,16057.119,13179.457
81,4150.301,16324.014
81,19777.785,7573.976
81,7062.642,17536.926
81,14946.743,15275.674
81,3693.8997,10746.168
81,5028.5366,15608.479
81,6635.839,2477.2112
81,2468.7463,14759.907
81,5113.0005,5470.3193
81,17272.756,5301.693
81,3974.8174,13159.611
81,13580.629,13866.758
81,4777.117,4175.288
81,6116.595,10907.266
81,6580.2896,7454.419
81,33.098976,16872.027
81,15010.94,7905.378
81,16342.201,12662.412
81,5424.46,4841.511
81,16794.986,12023.29
81,3956.7324,8779.411
81,6079.7896,16027.166
81,17289.297,9184.92
81,14463.459,16059.351
81,4968.2764,2984.652
81,5764.5605,4824.39
81,15871.77,8412.116
81,9219.312,6443.8145
81,15217.02,10608.979
81,10892.006,7189.3857
81,8019.6323,14886.918
81,15546.344,11181.241
81,16009.185,9473.621
81,15871.029,10711.716
81,4263.0596,3265.0193
81,6925.407,8799.119
81,7445.1855,3761.4045
81,14840.2705,10505.693
81,8961.985,7917.9897
81,7579.5063,3638.3674
81,19096.63,9229.704
81,4227.182,5096.0254
81,7265.0854,5292.034
81,6407.063,13215.355
81,17916.822,11089.4
81,20000.0,9521.8545
81,7418.7363,19857.889
81,3054.811,13206.387
81,5603.3755,4966.9414
81,9993.26,13133.051
81,7714.433,15494.449
81,845.7025,4036.598
81,10160.944,16380.367
81,2570.6316,13703.673
82,10000.0,10000.0
82,14694.619,14197.948
82,7958.9736,15915.567
82,15369.499,9309.804
82,5291.4463,7259.368
82,15158.714,8679.046
82,9606.826,17101.441
82,7022.09,3322.9248
82,12028.414,13284.763
82,10538.21,16619.328
82,4624.198,5361.684
82,4693.9434,13687.147
82,4599.296,5882.806
82,4170.445,16173.502
82,16411.994,11549.65
82,14989.662,5820.708
82,18559.5,12108.035
82,4393.161,15175.175
82,11541.342,13950.234
82,6230.274,6637.1685
82,11273.82,12993.046
82,7910.5205,15660.264
82,7301.0625,8943.774
82,15278.595,4861.733
82,2469.0757,8439.934
82,12564.021,9463.314
82,2436.5022,3617.0715
82,5843.0137,3291.191
82,13718.514,9915.798
82,3608.7417,7722.964
82,4685.2856,1057.3344
82,16360.525,12635.656
82,15810.389,18114.95
82,6994.6396,12365.775
82,15450.45,8894.645
82,13156.555,6651.4644
82,5289.4854,5992.864
82,14791.319,10340.401
82,12718.505,7323.9673
82,17901.654,7194.517
82,13896.551,18138.627
82,7481.518,3416.6797
82,3785.2173,15880.959
82,19153.986,7161.1167
82,14385.904,7413.8823
82,16293.911,9260.947
82,6631.946,13833.607
82,12379.143,5371.6025
82,18919.1,15194.093
82,11722.389,6509.016
82,3788.7375,19404.1
82,15315.645,9500.305
82,1902.2418,5816.1973
82,15265.907,8985.089
82,3875.9683,16014.552
82,4151.0977,6804.8516
82,17010.97,13058.3125
82,13708.535,13483.589
82,3988.6013,13611.537
82,16072.87,12816.336
82,5609.15,13750.431
82,18498.44,6649.0483
82,4141.228,8534.675
82,4923.54,6812.8535
82,16567.727,8427.6455
82,5612.5186,15810.514
82,15442.322,12806.554
82,15717.532,9629.347
82,4081.49,5634.7095
82,7734.7607,3028.233
82,5197.5596,1647.995
82,3245.96,5565.326
82,5024.0566,9479.196
82,14184.068,11557.173
82,5854.6714,5391.157
82,6304.2466,15776.312
82,12909.996,15566.954
82,3274.365,2192.2844
82,8743.938,15333.222
82,13548.165,15280.475
82,7918.6367,3658.6177
82,14313.247,11845.843
82,1159.525,11228.268
82,15073.559,8838.167
82,19310.363,12853.42
82,3799.5837,4415.276
82,4270.293,17769.49
82,4829.8076,16811.113
82,6147.129,13745.847
82,12179.233,7599.418
82,3262.2668,11814.569
82,12480.7705,8066.032
82,5785.8994,13945.15
82,16854.21,16986.686
82,17174.139,11077.972
82,2754.23,3943.8296
82,16969.16,8331.519
82,6320.376,16585.664
82,6207.786,5152.0615
82,2832.896,14445.922
82,2689.3984,11584.346
82,5974.248,4051.9746
82,18765.977,16611.684
82,5071.7983,14139.412
82,20000.0,11286.402
82,15297.072,20000.0
82,12272.483,12914.103
82,15072.903,11860.755
82,4702.465,6229.8237
82,16002.069,13360.745
82,5690.975,16767.18
82,5838.5186,18381.588
82,4169.805,12223.578
82,6118.859,20000.0
82,6764.905,7758.885
82,1804.7811,17799.371
82,5959.4395,2112.0884
82,15460.615,3553.3042
82,4986.699,14963.291
82,7293.4053,15111.306
82,4173.0103,4826.821
82,12405.029,12847.293
82,2700.1104,13019.241
82,18370.88,9243.27
82,1044.3817,5290.7637
82,18220.096,12220.244
82,17310.99,13661.917
82,12311.219,7897.0127
82,7522.674,12261.959
82,3956.5583,17597.107
82,10416.427,9975.043
82,12354.76,10304.718
82,16373.934,13963.848
82,7885.5186,5249.041
82,18409.29,7511.9395
82,14098.185,13695.142
82,15182.074,5947.4434
82,3756.6875,5779.1523
82,1436.5104,12610.217
82,9528.365,4154.2144
82,2827.9822,16477.934
82,9028.412,14328.353
82,6781.5083,14953.585
82,13759.38,4574.999
82,15442.8545,8386.706
82,1089.2413,13353.907
82,13849.556,6928.5137
82,8459.714,12743.168
82,3102.1018,11397.978
82,9276.022,12252.696
82,4425.2314,17580.365
82,15866.052,10938.962
82,4268.722,15210.678
82,13198.418,8769.761
82,1109.6609,3836.4822
82,15072.664,12594.259
82,6372.5723,6349.867
82,13736.158,13281.81
82,4760.827,4976.2173
82,6740.2207,16679.469
82,4291.959,15558.848
82,12131.609,8831.762
82,9640.558,11336.994
82,9804.864,6116.805
82,6261.4756,14574.145
82,3878.003,4720.2295
82,13629.107,7008.2295
82,14405.488,7244.822
82,14556.422,18371.975
82,18372.678,10729.029
82,7303.572,16826.156
82,3828.3,3553.228
82,15471.493,4831.6855
82,14310.947,4015.736
82,2982.285,13472.319
82,14455.774,8251.381
82,4410.8003,1992.1385
82,5690.1626,14537.437
82,11841.541,6236.7065
82,13779.041,4949.3076
82,15787.043,3499.7756
82,13035.139,8000.7466
82,16483.014,9862.341
82,19597.865,7922.4917
82,5121.098,17835.096
82,6850.26,4871.852
82,4346.636,6052.547
82,2307.3022,6369.038
82,10691.168,14484.228
82,4332.8984,6275.1
82,4870.298,5148.157
83,10000.0,10000.0
83,3506.3193,15959.217
83,17431.11,7845.6157
83,17733.883,10267.921
83,6484.6787,16200.736
83,3758.1843,2407.9187
83,8278.424,15631.211
83,6988.352,11660.567
83,4742.4116,3229.8904
83,17491.627,8016.6797
83,2720.0376,14442.16
83,14043.635,3903.866
83,3835.122,7211.032
83,2846.4521,5748.8267
83,16498.523,8466.893
83,4098.5454,5271.578
83,1338.1646,15768.156
83,13411.963,2685.1775
83,12061.199,9714.627
83,16819.574,13662.576
83,14920.597,15845.287
83,15476.447,9597.612
83,7968.488,6334.7764
83,15569.563,6209.1245
83,11937.142,11003.148
83,13057.883,11670.851
83,13665.311,13970.434
83,15389.665,11188.7705
83,839.5485,2779.7805
83,12453.911,4519.079
83,12491.214,10444.12
83,4266.5825,2298.5251
83,488.2426,5387.66
83,6423.7534,3297.2817
83,14947.297,5933.446
83,12946.393,8075.3525
83,13047.533,7099.205
83,7943.167,3840.0151
83,6081.219,13645.081
83,13022.85,15791.74
83,4475.9,4561.553
83,6910.258,15384.064
83,4383.716,15850.407
83,18533.645,9280.809
83,13040.467,14743.992
83,11010.76,6749.3994
83,12344.017,11220.675
83,4788.518,14332.278
83,13620.332,14124.838
83,17006.572,7143.6846
83,8500.836,4825.2227
83,4482.146,15811.992
83,5061.97,15205.529
83,4660.8994,8980.575
83,12259.284,12351.538
83,19320.088,14642.709
83,14867.309,3921.7173
83,7702.963,13935.419
83,13517.645,14269.806
83,3835.2754,11441.845
83,13784.404,7176.501
83,14722.7,5681.794
83,3931.1255,6903.4575
83,2934.0327,13131.885
83,0.0,15317.796
83,17026.623,8248.286
83,16548.117,4927.11
83,14443.243,8310.138
83,15074.786,10940.7
83,14161.227,11248.778
83,1633.3279,11787.643
83,3930.7026,12310.428
83,4396.2275,1347.9537
83,6429.7637,7780.3477
83,15672.882,7912.5146
83,6825.165,12558.821
83,15851.81,8276.973
83,6982.436,5144.5596
83,1226.2217,5592.895
83,3370.554,6683.371
83,15355.6455,11847.46
83,13387.709,17902.857
83,5424.8833,18901.9
83,19413.895,15768.719
83,4649.4263,7827.532
83,14496.325,13394.779
83,7430.594,18341.219
83,1951.326,5822.167
83,5046.3545,16798.998
83,5327.2476,15646.369
83,2983.3655,17330.316
83,8069.818,2800.615
83,13838.288,7391.766
83,1296.0045,15731.038
83,15034.056,6386.313
83,12207.798,6569.813
83,17647.416,14536.201
83,9916.486,20000.0
83,2790.8916,7493.042
83,11550.056,15291.834
83,4084.854,13920.5205
83,2931.796,14438.496
83,5696.102,2443.147
83,2955.2795,13483.5625
83,13680.38,10007.345
83,13745.228,9675.668
83,6395.9575,5759.639
83,5432.905,1428.7241
83,16027.322,9731.407
83,7283.747,15422.093
83,6580.366,12117.149
83,16160.259,14716.822
83,16519.54,10189.988
83,10979.124,8936.919
83,16942.97,5549.595
83,16161.202,10567.188
83,303.14636,15828.135
83,8785.097,3882.7983
83,14268.615,9530.881
83,4181.596,11883.019
83,4051.0354,6374.758
83,3023.929,3020.3037
83,12149.391,6939.2817
83,7765.6006,7559.4653
83,5080.9395,13688.779
83,6149.3315,12661.06
83,6244.423,13835.005
83,17511.152,12467.017
83,4085.473,3419.1326
83,0.0,4949.9424
83,10410.433,8055.0703
83,784.8897,11722.904
83,2758.4204,15831.971
83,15721.74,898.15216
83,17410.541,11691.421
83,12061.216,10092.417
83,8934.696,4431.9854
83,7399.6953,14503.729
83,15376.597,11279.082
83,15050.271,12047.737
83,14749.911,8296.855
83,5889.2944,17685.305
83,14350.618,7169.1006
83,16360.164,12614.935
83,5013.7593,3362.5205
83,16249.206,6206.0293
83,14804.107,12704.103
83,17257.15,5265.164
83,5997.4214,5687.12
83,16097.223,5947.093
83,18437.61,9396.226
83,15012.973,7910.5586
83,14101.717,5849.103
83,14675.083,13051.661
83,5389.176,7104.973
83,18693.727,9545.204
83,15553.69,6511.376
83,15732.698,8921.232
83,15403.265,10403.37
83,2270.302,1761.682
83,4253.438,5780.393
83,8143.993,11732.313
83,5216.618,15153.929
83,5375.9795,12916.684
83,11680.618,6972.799
83,13752.128,8823.597
83,16826.078,3723.9827
83,4902.0615,15902.881
83,11228.613,9590.554
83,2619.6677,15372.58
83,16783.729,3348.9312
83,7256.189,6153.666
83,6285.7,14207.132
83,8299.124,15869.522
83,15238.351,12403.712
83,16629.926,8068.5815
83,161.20732,6520.693
83,5533.001,19474.973
83,8115.4346,19250.371
83,13864.065,7977.4453
83,14599.105,9429.362
83,2191.2292,10569.964
83,4430.1934,6833.7847
83,13816.111,8889.08
83,15509.783,12266.145
83,14004.394,7056.299
83,8681.688,3069.6843
83,5754.5215,5473.021
83,13594.295,9809.805
83,14665.599,13664.548
83,16820.557,6570.1753
83,1591.6173,15999.944
83,3814.3708,6240.79
83,8662.775,6285.7085
83,4493.8384,8565.976
83,15879.13,6165.2593
83,13326.381,14446.596
83,7928.7036,15159.212
83,6502.82,11031.496
83,19664.201,14235.537
83,12080.769,5721.59
83,17185.41,14028.555
83,6326.795,4918.9595
84,10000.0,10000.0
84,5889.979,10958.308
84,3688.0527,2415.9949
84,7448.822,13554.851
84,14408.542,8714.535
84,12261.353,1627.5472
84,14582.138,11177.263
84,14597.788,11087.808
84,14700.968,7084.8965
84,13996.206,16311.829
84,13505.42,10396.075
84,4906.5576,6020.648
84,2998.6746,3719.5447
84,13816.548,5161.7905
84,8506.94,3973.3428
84,17850.361,14156.659
84,4771.1865,4663.8174
84,16646.457,11494.112
84,16335.766,12998.933
84,3803.899,6811.242
84,16369.176,5275.947
84,6116.553,14628.27
84,13292.4,19484.328
84,14835.446,13251.276
84,13742.883,8657.646
84,11068.374,10265.949
84,14519.882,14275.828
84,6582.871,4183.0205
84,13943.001,8328.068
84,5709.382,4784.1235
84,8133.577,2609.5134
84,7536.221,6046.6533
84,15568.716,7144.5703
84,15547.362,17583.898
84,17179.701,11093.791
84,4155.777,1554.5471
84,16136.126,6719.2803
84,7125.009,4476.7246
84,15403.607,13465.326
84,8164.4,6750.8296
84,15554.336,15301.4795
84,12472.078,16071.26
84,5372.8765,3540.7964
84,5023.209,8798.996
84,17916.035,12716.849
84,2350.5837,10538.489
84,12526.764,10252.245
84,12863.618,12321.659
84,2615.1865,3386.3213
84,6463.6426,6959.996
84,5108.254,15630.092
84,17155.87,10375.29
84,6086.726,2113.6692
84,2726.6562,15084.026
84,7200.647,5897.958
84,16336.823,14968.39
84,11093.8545,2398.3943
84,13872.266,10029.696
84,11638.134,10445.209
84,3000.3452,12790.729
84,5153.389,979.84937
84,13258.828,11663.615
84,5229.7466,15985.083
84,2384.6938,15016.606
84,14827.933,3534.5579
84,4153.809,13019.685
84,5018.4263,17014.92
84,5499.225,15687.478
84,3970.0698,6232.154
84,4244.9604,15326.404
84,14351.015,11272.468
84,14571.654,6813.5854
84,8471.517,13046.597
84,6084.9883,16848.938
84,20000.0,13477.92
84,12225.27,9519.445
84,7577.5425,4947.196
84,1156.4525,4863.1445
84,17204.572,5559.007
84,5273.2134,12549.765
84,12595.575,7146.0435
84,14384.316,19760.807
84,12161.914,15901.614
84,17172.014,13345.461
84,15975.1455,11764.176
84,12647.957,3854.4304
84,6026.0396,5954.2505
84,12759.212,8861.72
84,5096.0444,6041.547
84,6197.691,14144.138
84,15825.781,7568.4854
84,4643.713,19672.012
84,14813.682,5791.747
84,7727.3696,19878.953
84,15341.073,11255.046
84,13955.087,1742.234
84,15418.466,6919.326
84,13672.326,10453.424
84,1491.9451,16439.037
84,13455.811,15700.315
84,3728.7273,2557.0837
84,3913.9976,15700.243
84,14942.53,9358.388
84,5839.6626,15492.119
84,16391.35,7366.667
84,12094.012,3292.0295
84,14523.178,6225.648
84,17119.088,14860.113
84,2721.0078,16530.438
84,14270.157,8670.649
84,7224.473,14070.391
84,12131.008,7295.049
84,15168.449,11551.926
84,3021.5845,3929.959
84,3593.7998,15925.139
84,1389.9346,4325.405
84,12959.286,5840.7163
84,15624.611,5658.539
84,4629.661,12494.445
84,12598.802,16851.977
84,4264.639,8589.189
84,13461.754,8788.86
84,2378.245,18975.36
84,3439.3718,703.623
84,16461.0,4602.236
84,3011.0337,13492.064
84,18346.773,3139.9397
84,13232.348,12632.022
84,15498.194,8203.533
84,15489.522,9869.865
84,5502.9126,17072.785
84,3080.5962,17567.432
84,8482.161,17091.219
84,18477.436,5635.5737
84,14122.22,12227.966
84,16760.59,13255.102
84,5192.802,15827.279
84,16514.178,12780.761
84,16764.24,6632.1846
84,15842.718,6916.5728
84,14863.547,6598.5444
84,15661.65,4698.296
84,14177.036,5743.7036
84,17036.854,11737.802
84,5072.186,16560.5
84,16366.797,13242.121
84,3660.087,16294.914
84,20000.0,14584.765
84,15810.78,10904.409
84,7198.242,6051.813
84,17505.58,10443.942
84,14445.663,9689.82
84,8424.395,13008.163
84,4138.118,13155.991
84,6941.9536,4307.15
84,15704.395,12810.304
84,9864.749,13365.039
84,12911.269,9269.892
84,14021.252,9849.542
84,3910.673,14354.378
84,12113.312,5075.1606
84,4295.1816,4914.026
84,1886.5558,6835.8745
84,4461.418,17977.686
84,13026.181,12531.344
84,2992.9993,8790.236
84,14572.008,7022.8486
84,6554.235,15437.522
84,12557.511,15288.606
84,14351.059,9307.314
84,5372.909,2246.286
84,13081.495,4730.492
84,13468.318,9114.656
84,5602.659,13508.252
84,6202.093,3460.2441
84,14708.429,5185.4736
84,5887.9956,6897.057
84,6393.2764,16619.014
84,16510.514,9022.344
84,12770.4795,11169.977
84,16261.599,11062.873
84,6866.5566,14009.537
84,6260.765,15283.517
84,17480.686,14615.618
84,16347.406,12991.844
84,15313.756,6058.5757
84,15337.055,13455.63
84,6097.5723,14672.197
84,3616.0356,11685.262
84,6841.5073,1498.7792
84,3569.075,7278.48
84,12035.025,10364.531
84,14971.25,12260.873
84,3416.1353,18487.176
84,16479.379,15772.481
84,5261.5444,16066.482
84,13707.989,9902.142
84,3608.7053,2802.9685
84,3116.2524,5182.0522
84,15070.093,6679.086
84,17228.148,9534.656
84,12644.975,10444.925
85,10000.0,10000.0
85,12887.984,7989.57
85,5598.8667,17325.738
85,12018.2295,4764.5327
85,12524.269,6844.8237
85,14562.623,9819.999
85,5950.4663,16065.606
85,3678.6714,2454.2827
85,18811.232,12524.479
85,9987.515,7392.7793
85,15398.941,7028.185
85,7367.774,12127.902
85,4886.2676,7303.283
85,4838.1875,15344.118
85,2234.3584,14933.403
85,15648.982,8127.96
85,16870.207,13321.354
85,942.5207,16478.953
85,3706.877,16754.893
85,2430.893,15178.772
85,4096.326,1305.9805
85,7167.8706,15442.313
85,16089.171,6172.8833
85,0.0,2943.1367
85,7400.8022,16370.778
85,13424.985,9631.817
85,14660.379,8338.949
85,1754.536,12607.413
85,12457.034,10009.633
85,17114.4,11022.357
85,8818.542,4250.035
85,17263.682,12624.115
85,11976.499,14051.474
85,14352.697,8046.046
85,12338.792,10792.6875
85,2180.822,15730.528
85,17256.201,9963.488
85,4768.7246,6500.089
85,12840.015,6812.014
85,10626.708,9575.14
85,7120.3877,5814.8354
85,16327.602,6574.752
85,15295.707,12674.023
85,3882.201,1882.8302
85,6373.4463,4411.678
85,4542.1323,17036.004
85,12341.354,11958.482
85,6310.0684,3874.4722
85,15749.772,11615.56
85,12194.31,6164.3228
85,15668.153,14645.259
85,16173.971,12157.014
85,5607.58,12346.618
85,14019.004,9994.698
85,12152.729,13525.6
85,16876.26,18266.064
85,12712.337,7566.492
85,3516.4917,12447.188
85,1848.6918,4702.949
85,6599.618,15029.849
85,9053.796,3987.9062
85,16482.033,10953.734
85,17603.6,14119.358
85,2306.1653,1118.224
85,6129.049,6457.357
85,7908.599,15654.816
85,3749.9102,6137.2773
85,13847.259,5499.6978
85,14728.146,12082.752
85,7204.5547,3373.7703
85,3736.6145,1950.05
85,12097.741,16059.37
85,3461.9707,1545.825
85,5581.512,13697.017
85,15635.585,10369.907
85,20000.0,11938.264
85,14308.692,3468.3323
85,5811.4756,2305.0786
85,7694.891,16283.536
85,5727.716,16351.728
85,17353.719,3464.6133
85,14500.267,15578.49
85,6260.2007,6142.3486
85,14681.036,7175.373
85,2714.5269,15633.223
85,11763.809,6565.284
85,15660.772,4366.149
85,5974.295,3888.8252
85,19376.31,8797.125
85,6133.216,5804.006
85,15910.038,10906.257
85,13900.399,10044.853
85,4548.028,16576.48
85,17001.953,6224.184
85,5801.5337,5192.6157
85,6992.8647,11861.902
85,13593.009,11278.526
85,16920.053,12204.358
85,3942.8867,13993.479
85,17168.422,10975.7295
85,16463.152,6268.2476
85,11937.908,6756.3027
85,5895.2793,12813.437
85,4797.5405,5964.3594
85,6021.702,4483.141
85,14004.361,13789.302
85,16418.0,13676.6
85,16673.482,14326.064
85,16229.847,5859.1494
85,3337.3333,6120.0576
85,4955.9463,16471.076
85,6756.897,4385.8076
85,10625.257,11012.623
85,2682.3943,13506.593
85,2617.209,3129.4282
85,15935.647,8353.444
85,14150.46,10537.105
85,19325.871,8914.617
85,5116.6636,12290.221
85,11533.468,10323.456
85,3388.7239,4782.0024
85,5199.971,14788.403
85,11957.352,7783.285
85,9166.864,6562.8
85,14145.704,7524.44
85,12924.914,9272.821
85,9645.66,16685.342
85,3248.0725,14994.327
85,4750.5493,6736.8745
85,18081.133,17781.408
85,17232.436,10667.549
85,12668.222,7887.0664
85,6893.362,13866.44
85,16418.66,15443.375
85,15858.573,1865.8995
85,12955.042,3928.222
85,6027.946,6538.219
85,13117.19,7164.999
85,4925.7964,16195.031
85,15003.79,8845.982
85,5093.4263,6765.3335
85,13739.059,15954.449
85,12140.903,10065.445
85,12784.068,6842.1177
85,13152.732,10423.331
85,2825.5515,2647.878
85,11883.607,11566.541
85,13738.284,12439.883
85,9827.626,14489.952
85,5833.3037,5173.6865
85,3738.0134,13967.937
85,6821.2715,8150.257
85,941.9997,13776.398
85,12542.469,12621.095
85,4345.722,13305.755
85,15354.365,7259.944
85,8639.984,15493.904
85,16628.49,13509.991
85,15265.293,8183.862
85,15019.195,10409.393
85,14374.569,6665.821
85,3553.9194,16516.643
85,3487.0142,14611.417
85,15854.721,16299.045
85,13681.899,10763.645
85,17692.34,13780.382
85,2252.6643,15308.242
85,3540.1685,10814.361
85,18517.223,14919.162
85,5106.493,2817.8987
85,8335.102,15066.398
85,3025.1968,5976.686
85,4398.8003,3063.581
85,3618.045,3607.2815
85,18043.715,10311.459
85,14097.651,6535.5415
85,6553.057,3447.7788
85,5589.82,19707.098
85,16330.098,5712.2104
85,2331.7747,2602.2349
85,17015.719,12903.749
85,15213.456,11229.985
85,5218.7764,6919.663
85,5302.5986,7968.232
85,4160.6533,14396.66
85,17856.117,10483.538
85,18208.068,9430.706
86,10000.0,10000.0
86,7590.0913,14758.61
86,19364.691,12611.601
86,5605.5835,13838.438
86,12787.873,15660.634
86,19018.582,12342.932
86,6735.3423,4441.544
86,12910.147,6904.2236
86,4141.3657,17397.31
86,3862.2737,13433.23
86,5441.168,5132.8647
86,15963.311,9559.725
86,5762.1924,17676.502
86,16552.977,16572.121
86,1319.0996,5907.363
86,274.69724,18084.756
86,11993.03,11886.103
86,12187.655,11708.776
86,16344.033,11756.318
86,6731.477,6725.2393
86,16980.635,15144.261
86,11796.339,1725.0197
86,4060.4456,7289.3184
86,16163.027,11655.052
86,15063.537,7596.2183
86,15811.743,16707.604
86,3874.724,15611.124
86,14953.143,2525.219
86,18189.059,14156.956
86,16296.864,12864.826
86,12607.097,8053.5923
86,3730.4763,16827.559
86,14618.98,4739.3745
86,16889.438,9457.645
86,4523.184,13255.722
86,0.0,13975.553
86,7724.427,6430.24
86,13289.259,11138.292
86,6182.7734,6595.33
86,4264.391,1535.6925
86,14695.955,9223.931
86,8272.516,14778.31
86,7840.786,16652.945
86,9168.355,3635.182
86,2026.4495,4392.9854
86,2878.2822,5986.0933
86,5570.2114,14419.511
86,15474.932,6998.6265
86,16475.318,11997.117
86,6118.3057,13925.666
86,15821.375,4765.1895
86,2039.4695,1056.3372
86,14154.069,12097.338
86,4859.458,16298.159
86,13525.078,12057.284
86,15223.693,9463.523
86,3087.3542,10238.18
86,17085.043,9896.606
86,5260.4956,13880.609
86,7505.337,14058.754
86,3159.8655,8570.183
86,8919.804,3238.6238
86,3397.994,18589.512
86,3792.5784,16052.945
86,2365.818,4893.898
86,8053.137,14850.292
86,16232.597,6349.4053
86,4664.9243,15688.391
86,13222.756,7242.946
86,3378.0586,15282.809
86,7526.7036,6597.8
86,15726.318,16045.75
86,3546.995,5526.3394
86,16977.295,14555.134
86,4093.967,2209.0122
86,13709.403,10574.878
86,3731.5417,4524.0645
86,13297.485,4716.8213
86,17719.504,18442.713
86,4615.364,15956.59
86,16235.134,7970.828
86,15590.722,13666.1045
86,5610.1343,18720.568
86,18039.12,7664.3325
86,17271.31,12328.264
86,16474.312,10004.509
86,16288.722,8318.789
86,6047.869,15063.242
86,2517.1106,16402.242
86,5282.7197,5343.6997
86,5086.6265,449.90665
86,12816.23,7968.954
86,3225.8015,6803.2124
86,1871.4646,17215.613
86,15466.346,10343.504
86,5738.8306,14969.05
86,12094.355,7739.1084
86,7420.248,4081.545
86,4058.0647,5311.061
86,11182.996,13714.133
86,13754.197,13939.134
86,14051.607,13622.444
86,2490.1008,16709.434
86,13964.23,8130.4443
86,14160.545,7907.59
86,13189.739,7276.849
86,1679.06,12992.16
86,5109.932,6393.996
86,5370.44,14413.247
86,6658.3433,10553.409
86,13193.181,8778.178
86,8248.392,13612.779
86,6313.533,7193.1055
86,6332.177,2060.3171
86,1345.1469,14935.041
86,6983.12,7638.902
86,15997.692,9907.368
86,5199.055,1870.4287
86,14527.518,11544.907
86,5664.3896,7825.8516
86,14358.999,11394.484
86,4738.037,10055.873
86,15288.083,13430.475
86,16304.967,11571.352
86,4870.243,5700.3545
86,13968.97,8994.951
86,13767.383,7513.1865
86,2683.9211,791.8067
86,5538.6035,5763.94
86,15842.803,6278.9585
86,7079.142,10506.725
86,6167.051,6422.4766
86,5804.5527,3076.516
86,5716.8687,15745.692
86,4241.6714,4720.427
86,0.0,4353.771
86,16151.552,10611.932
86,13662.625,8106.655
86,15297.373,12998.922
86,7365.6235,1054.749
86,5635.318,17078.81
86,8527.066,7294.256
86,3695.985,14690.819
86,15900.485,7708.265
86,3296.3123,16782.586
86,5374.94,5666.8647
86,17448.639,5218.6587
86,12377.603,12088.28
86,12549.8125,8292.19
86,4811.9146,5469.616
86,0.0,11949.178
86,5709.13,6739.1245
86,9285.6875,13794.598
86,2150.1655,12636.462
86,7012.2383,14700.986
86,14321.709,7194.7017
86,6288.8706,4499.4565
86,16106.151,4320.557
86,2489.0093,7836.064
86,13725.3545,12518.679
86,5218.57,0.0
86,15130.173,6445.675
86,14622.197,11480.367
86,15978.186,6416.213
86,7566.107,13940.361
86,3972.8706,13752.347
86,12658.725,5066.1875
86,18721.412,5658.05
86,14102.774,12154.985
86,6537.1206,5628.439
86,723.38196,6577.7007
86,14112.178,14987.237
86,17494.62,4583.501
86,1075.9698,14860.175
86,14521.147,6876.358
86,6024.539,14708.995
86,3990.5413,17427.37
86,13752.737,4984.517
86,5152.735,16544.975
86,4016.789,17675.469
86,19560.635,13760.056
86,4359.431,8038.518
86,5193.337,12982.224
86,13492.053,9945.514
86,6998.79,3850.4688
86,14933.594,11397.436
86,13596.318,10393.374
86,17678.998,11087.107
86,11847.521,11235.093
86,5051.576,6755.6885
86,13888.622,4858.733
86,3945.5774,0.0
86,14674.256,7706.477
86,16656.639,2318.442
86,15640.161,7934.8237
86,19148.703,4686.4746
87,10000.0,10000.0
87,2508.5027,6123.444
87,6932.294,14045.649
87,13119.051,8647.691
87,4867.204,16877.965
87,17262.338,12058.401
87,13902.314,15072.252
87,14770.244,5896.8735
87,1792.6796,16062.677
87,15552.644,3285.3357
87,17825.307,11061.968
87,18692.53,17053.613
87,13139.947,9034.607
87,14299.633,11251.713
87,8027.7466,20000.0
87,13646.579,10266.921
87,12576.405,10796.418
87,16292.007,888.0944
87,8518.311,14514.181
87,5570.7593,15525.52
87,11803.472,15454.011
87,15802.029,8805.022
87,7266.183,13894.835
87,15896.905,11407.041
87,7699.4976,819.29224
87,6854.914,10363.624
87,13789.003,14533.867
87,6380.911,14203.635
87,16535.61,15592.0625
87,15229.712,9582.133
87,6425.519,3015.9885
87,13297.844,8903.491
87,7500.433,2026.6351
87,2572.3616,17584.1
87,16279.867,4917.5547
87,5585.5747,1236.726
87,14484.081,3420.9065
87,11296.298,5672.107
87,15244.432,5031.6465
87,16117.101,9748.112
87,19483.822,13414.282
87,17915.914,6524.428
87,15383.219,9653.335
87,5204.2617,18752.557
87,15332.987,15108.921
87,15435.973,8716.497
87,1028.6534,798.7708
87,12341.942,13338.773
87,5277.388,6354.0
87,3117.7542,4959.179
87,18314.639,3444.072
87,12229.357,11568.612
87,2077.2346,14950.557
87,18098.291,12083.316
87,6089.0107,0.0
87,4303.6963,15161.089
87,15413.692,12196.188
87,2881.1367,4688.616
87,4773.626,15185.588
87,8196.441,15352.804
87,15568.826,9913.697
87,5957.031,6628.3784
87,13545.367,12118.144
87,15580.33,6659.2314
87,9765.534,3777.1902
87,4335.467,5533.828
87,14189.663,11189.44
87,4737.9536,14382.7
87,3987.2366,5728.037
87,3156.9243,15292.985
87,5160.2915,13659.17
87,14835.028,15421.346
87,12454.421,10155.654
87,5411.159,16763.775
87,12326.443,8945.508
87,3008.2236,16108.692
87,3343.89,2821.7717
87,7333.2656,16405.967
87,16126.663,7861.774
87,7017.212,3379.7383
87,16270.719,12066.681
87,3012.2212,18167.947
87,14526.531,937.47626
87,3568.3245,16028.214
87,3481.3867,14199.282
87,15203.652,14836.87
87,14780.223,13462.133
87,13029.073,15809.655
87,13863.075,8522.41
87,2254.0476,12987.992
87,7305.5347,15545.041
87,15055.66,5220.22
87,17802.562,17368.967
87,6370.7153,4859.1187
87,16406.379,8694.114
87,4343.8706,7342.0796
87,4324.6143,4846.2944
87,13309.245,8103.003
87,14842.071,5964.7686
87,2727.9778,4315.354
87,10740.506,12006.305
87,12413.5,6239.235
87,16711.396,15422.414
87,12118.611,4820.9717
87,9391.748,7027.157
87,2681.0093,2235.1267
87,7873.055,3289.3093
87,17264.68,7222.771
87,17234.615,19217.021
87,7863.184,7300.0635
87,2352.5872,2927.2437
87,18198.154,7758.884
87,12766.611,6806.071
87,3388.909,6738.3223
87,4539.8257,15971.709
87,6679.9634,6852.35
87,13123.952,11717.124
87,12734.055,1211.2561
87,14411.289,3985.8547
87,15085.942,14268.381
87,612.7104,10553.565
87,16640.65,7113.8184
87,16319.264,16993.71
87,11853.653,12366.964
87,11988.499,10964.052
87,15773.867,6798.5728
87,6877.5396,17778.84
87,13192.6045,11777.035
87,16312.005,9699.644
87,5295.7256,15713.384
87,4134.896,6392.2227
87,3716.597,7240.949
87,15460.878,12536.387
87,4735.2266,13426.63
87,6557.712,12115.2295
87,2102.2078,14982.09
87,14239.999,4875.263
87,18393.184,6774.4746
87,15373.395,12806.366
87,15615.441,10595.108
87,1184.1173,18988.648
87,4619.873,17719.895
87,8037.516,4266.395
87,6509.978,13770.263
87,4673.058,16632.533
87,18536.709,11160.386
87,12944.551,8029.1045
87,17645.996,5533.202
87,4947.478,13490.622
87,5696.843,3938.8042
87,15316.595,8269.771
87,3611.4773,4797.1353
87,5007.1895,10880.716
87,1454.3986,12481.828
87,19656.531,8127.132
87,14986.839,15767.61
87,3591.1555,1813.8286
87,4380.527,4965.395
87,7180.1675,17039.436
87,3356.6155,8119.978
87,6846.4624,6379.887
87,17684.473,11348.721
87,14315.641,7950.1816
87,17666.506,15214.623
87,17225.162,17226.713
87,13524.01,10793.537
87,15668.75,7553.858
87,16102.491,2630.8047
87,4296.086,5705.282
87,5284.1187,14659.853
87,5839.8857,16139.993
87,5230.485,14631.397
87,16683.951,2078.237
87,15041.99,9563.985
87,16639.895,4408.8657
87,6049.3115,9546.369
87,14739.56,11416.326
87,4011.576,2737.113
87,15611.509,8851.807
87,5780.515,4532.6636
87,14744.388,13598.797
87,6383.182,18399.29
87,14642.018,4061.684
88,10000.0,10000.0
88,16588.102,7166.96
88,7169.657,5245.7217
88,19327.81,7061.63
88,19757.24,8641.355
88,8984.6875,1142.9711
88,4765.46,2634.0361
88,13464.611,15917.394
88,6952.4883,4475.21
88,2242.348,3483.7563
88,17928.182,9846.8
88,15161.815,14045.757
88,17267.875,4345.6157
88,13090.114,9832.865
88,4258.0137,2830.9072
88,15415.853,10305.059
88,5186.1465,18332.863
88,4059.234,12693.675
88,17020.11,15937.85
88,17207.559,8315.529
88,16353.638,5648.3184
88,13682.507,13479.395
88,18777.406,9205.097
88,14221.385,15154.621
88,13739.602,8619.884
88,5786.3447,15928.061
88,6388.7026,13630.298
88,16713.104,10619.29
88,13741.497,10527.046
88,4426.2935,5255.746
88,7585.103,4083.4243
88,4789.4937,6101.7607
88,1510.9048,5600.0293
88,8007.2197,4227.266
88,4185.4927,17310.748
88,19963.35,10373.838
88,3959.6904,19479.227
88,2968.8926,7582.994
88,17263.088,7205.831
88,11392.226,16857.404
88,4984.405,11820.684
88,13311.721,14224.865
88,14555.98,12774.435
88,15228.415,10422.113
88,7899.7744,2496.044
88,4209.461,3185.98
88,3324.5774,14304.912
88,15633.555,11369.54
88,13015.544,7136.6904
88,13135.082,12803.031
88,6761.6025,15875.402
88,12578.832,7717.4775
88,18148.33,10740.773
88,13454.939,11898.125
88,15944.571,11162.299
88,16858.71,9544.094
88,13779.373,12777.854
88,4051.093,7381.6562
88,16113.98,7268.007
88,19753.744,7933.0303
88,4588.4575,5855.0566
88,7309.504,2342.5786
88,4361.0117,4761.5103
88,17856.81,9255.282
88,14801.525,20000.0
88,4983.5957,5429.7466
88,7880.2407,4050.6536
88,14381.788,15645.405
88,5800.6177,7238.5176
88,2988.7095,19124.752
88,5218.283,4834.0947
88,18055.385,13921.5205
88,15580.578,3874.1746
88,4579.8345,6680.9727
88,17382.121,12994.756
88,4356.5645,12037.328
88,7415.484,5455.531
88,2715.9846,16312.869
88,4018.9465,7690.747
88,15451.445,9886.971
88,5540.6567,5200.4307
88,12896.349,9255.994
88,11152.044,10590.6455
88,15170.297,4860.778
88,5918.456,12586.079
88,6347.6323,14476.855
88,12244.995,8869.523
88,16672.895,8042.413
88,17997.684,10874.737
88,5319.509,18583.182
88,5608.178,699.8312
88,12052.321,9146.282
88,11245.256,6923.102
88,18634.994,6778.3413
88,81.40495,6083.5693
88,4848.642,4057.2698
88,7425.4,5025.3594
88,19026.81,15722.331
88,4879.3438,17032.326
88,16763.365,8428.323
88,15340.195,1659.6003
88,13582.903,12219.124
88,14452.965,13341.595
88,3508.2703,4894.2236
88,3341.4578,4313.6714
88,14272.269,14409.054
88,5798.3057,3540.124
88,4572.4985,7498.6177
88,4204.7495,3214.9966
88,5255.2817,11914.032
88,2224.8557,5067.1855
88,1932.381,2254.145
88,13023.8125,2939.8977
88,6006.751,5869.08
88,18740.758,10184.511
88,13451.038,11752.25
88,4889.6743,14284.392
88,13347.011,14247.355
88,13208.913,14577.527
88,2600.2524,17918.143
88,15075.997,12839.796
88,16747.29,7493.2046
88,16593.377,7197.6216
88,14081.777,13173.868
88,15977.929,12936.325
88,4003.0742,7780.348
88,3861.2893,15434.054
88,5661.4697,12954.516
88,17200.63,9278.904
88,15200.659,13360.365
88,6037.7993,5468.577
88,7495.123,13654.512
88,1169.2811,860.1333
88,16047.014,15533.766
88,17892.004,4705.3667
88,5625.6924,4835.3345
88,16759.547,13920.153
88,13436.067,14702.057
88,17178.893,8773.494
88,5411.8145,13389.409
88,15376.169,8069.3823
88,3374.3218,16216.911
88,17422.305,10623.286
88,14604.223,10610.064
88,3535.2627,15569.067
88,16487.158,10765.352
88,16576.676,12865.263
88,8001.6885,5545.5796
88,3388.6572,14086.229
88,3510.8225,6301.671
88,7734.1284,3775.0144
88,14524.454,10430.286
88,18285.459,12753.229
88,12480.754,8867.13
88,6773.1177,2600.938
88,18258.906,7596.3647
88,6872.3936,14766.844
88,2581.8928,7175.9316
88,4673.7983,3691.11
88,5498.4365,13660.604
88,13790.905,6469.419
88,10145.705,3489.39
88,7522.2974,15432.244
88,7149.835,12709.309
88,8359.768,14211.837
88,6823.434,7662.4297
88,4589.1865,14897.581
88,13179.011,11552.512
88,13039.453,15217.821
88,3093.156,5748.5415
88,4303.176,18026.291
88,2964.7832,3604.724
88,6516.749,3940.9055
88,11537.403,7870.3994
88,4775.0796,5414.797
88,12859.35,12898.623
88,15103.965,8857.288
88,3823.7046,8472.767
88,11445.869,7433.296
88,3032.4539,6074.0884
88,17050.78,4891.3267
88,0.0,11974.089
88,11953.607,6823.381
88,5471.1763,11037.451
88,10529.695,4983.022
88,14115.333,5238.3345
88,14321.658,14584.611
88,707.11786,7128.2314
88,3366.5876,6962.601
88,5236.9507,17410.803
88,5488.66,4262.5967
88,18583.459,6632.0654
88,15754.52,16022.672
88,15669.561,9324.153
88,13145.8955,14131.249
88,13472.604,11267.617
89,10000.0,10000.0
89,15729.049,7247.386
89,18363.78,7826.067
89,15119.914,6273.91
89,15425.46,3479.9736
89,17722.377,11909.319
89,15145.554,4382.609
89,16354.252,13251.746
89,17111.463,8408.682
89,11701.111,14668.218
89,13872.777,8674.27
89,15716.134,16806.393
89,12928.164,6597.458
89,8805.43,4443.4785
89,15899.819,13117.822
89,16123.519,12122.845
89,16550.008,8003.785
89,2656.413,5017.7593
89,3247.567,13725.038
89,4050.7468,15864.158
89,19007.652,9497.237
89,15996.914,8165.426
89,7343.362,6526.4546
89,7327.522,3995.1255
89,2189.2678,2496.1025
89,3526.0305,5339.4272
89,15877.814,8646.53
89,1388.394,15018.301
89,12585.968,4868.0835
89,2706.3997,14404.857
89,544.4825,6112.2437
89,12390.295,10798.7295
89,5782.766,4204.756
89,15011.367,6766.1943
89,5958.061,4751.7446
89,12192.586,10013.833
89,16406.074,11776.09
89,15713.775,5282.7026
89,3360.295,12262.956
89,16362.895,7503.7544
89,13180.453,10878.3
89,14565.257,14239.578
89,6025.561,14061.435
89,7367.9863,17341.66
89,15241.329,9579.38
89,5991.7515,6158.0405
89,3124.5178,5280.828
89,15674.886,8205.43
89,13723.835,8829.179
89,14189.584,13866.15
89,15615.248,9651.72
89,6568.5537,15152.646
89,17095.783,11383.666
89,11715.483,9556.646
89,9727.489,14575.805
89,13916.713,15528.122
89,16944.697,12248.639
89,12687.535,7579.8584
89,11589.112,10502.001
89,14223.427,8670.887
89,5094.1533,14409.27
89,14040.365,5154.7954
89,3542.5273,18073.92
89,16700.93,10069.047
89,5010.1045,6266.0186
89,4531.375,7718.3496
89,12530.006,12751.014
89,2260.3938,6072.719
89,7502.9316,6684.2837
89,4271.767,15912.014
89,13980.5,7808.6777
89,14112.169,5660.97
89,14832.02,9306.598
89,5759.5024,10706.332
89,15473.404,11251.764
89,3545.4587,11418.31
89,15455.94,6668.2827
89,7166.065,14178.61
89,5148.593,18152.377
89,3377.5398,14039.563
89,915.2736,6949.2607
89,17863.58,11218.222
89,3451.0586,17781.04
89,11708.838,8362.232
89,15168.943,11817.625
89,4696.2334,4235.8896
89,5767.5225,14194.899
89,6155.147,13620.54
89,3997.2917,17276.45
89,4774.5386,13696.809
89,2415.4094,8690.647
89,16735.943,11034.806
89,15798.631,13939.508
89,18335.8,2308.505
89,14891.283,7838.549
89,15777.394,12265.55
89,16064.595,10811.81
89,2787.1604,8076.046
89,13919.597,9675.874
89,15299.821,16266.37
89,5738.7876,6177.724
89,1895.8647,12044.99
89,4643.8564,13771.693
89,2751.121,6136.157
89,13405.537,13041.232
89,4443.5293,13025.353
89,11211.262,8067.9956
89,5850.2383,14565.332
89,14256.336,11994.917
89,14453.573,13394.186
89,3512.8882,16755.049
89,14202.672,7989.599
89,6477.9546,13217.273
89,14351.169,6165.669
89,15946.775,12632.181
89,15521.677,5883.793
89,1024.7057,7470.079
89,15751.618,6451.399
89,18206.209,4902.472
89,13972.477,11433.054
89,5615.4673,15749.16
89,3923.3325,7332.158
89,4437.037,16687.422
89,14857.823,8408.79
89,12773.508,14332.423
89,12956.447,16456.19
89,4311.126,5215.2354
89,14955.936,5941.435
89,7594.874,18535.742
89,14736.294,12697.727
89,3806.4385,15628.657
89,4858.0625,12189.717
89,14965.399,14081.53
89,13338.685,11488.516
89,18846.467,6760.085
89,4042.869,14579.54
89,5601.9844,5856.7246
89,14543.394,6673.39
89,8048.978,3063.1792
89,15096.366,15997.062
89,2995.3389,16675.605
89,12068.8,6530.3945
89,17553.592,7008.3203
89,11336.661,6898.0254
89,4632.313,4265.3867
89,3831.2734,4574.529
89,15696.95,8093.395
89,13913.879,7607.2456
89,11404.93,3761.5686
89,3796.9075,4802.3926
89,2300.4563,15796.233
89,6256.941,13108.387
89,3810.6272,4732.9897
89,14252.443,9330.269
89,6600.8755,2477.7163
89,15930.648,14596.838
89,2893.9614,8728.675
89,12948.386,9734.305
89,7910.2915,16348.546
89,4854.9976,10851.424
89,7289.9478,2964.8906
89,5406.043,2594.5283
89,17822.852,8906.39
89,4812.42,7469.905
89,15194.33,10428.885
89,4534.1577,2860.264
89,1676.5212,13688.561
89,2788.3425,14257.65
89,15877.06,13708.132
89,6900.152,16699.375
89,16599.844,12554.435
89,5930.1074,17847.434
89,5912.3696,13674.971
89,18851.227,11415.55
89,12887.221,9263.024
89,8796.394,14792.8125
89,16114.673,2461.7034
89,4115.416,16348.129
89,18819.617,6484.008
89,7080.045,3189.8782
89,15593.603,8240.821
89,4787.5537,3988.7874
89,14120.435,11044.496
89,14953.976,15821.418
89,3257.9495,13902.56
89,19756.734,14018.776
89,15085.464,7871.685
89,2640.7466,4055.995
89,2525.1465,18992.285
89,3158.1953,5139.125
89,16609.352,11962.9
89,2905.842,15290.896
89,5714.147,10215.312
89,15209.428,15922.089
89,13652.414,15613.452
89,8783.655,4501.882
89,5273.6646,14525.194
90,10000.0,10000.0
90,17318.926,7846.185
90,16531.611,7475.2607
90,12679.222,11579.334
90,14096.412,6311.357
90,4168.1006,15326.358
90,7530.474,11261.761
90,5931.539,17627.41
90,2936.812,604.6738
90,14627.388,3645.1274
90,2906.2778,16926.77
90,18629.875,6307.902
90,17199.076,10704.763
90,7676.1934,4519.0293
90,4119.304,13980.074
90,14729.867,12555.956
90,15209.736,12278.505
90,19165.826,15162.558
90,4422.4824,4587.301
90,2686.4148,16950.557
90,7103.939,6190.5176
90,14479.423,7614.928
90,16017.481,16323.771
90,7358.8584,7340.7505
90,13822.54,8657.258
90,15467.223,7924.162
90,2507.4714,3535.99
90,4642.236,7229.212
90,3083.3147,15096.887
90,13779.409,2795.3384
90,1110.1838,14428.859
90,1455.8345,14190.495
90,16338.382,4311.925
90,15176.88,8925.62
90,7520.926,7713.2964
90,3328.8882,5685.191
90,5022.673,14725.05
90,18246.451,9255.447
90,7918.6123,3927.7986
90,4531.002,14303.895
90,8378.329,13756.731
90,15751.202,6760.0728
90,15981.124,9168.396
90,4866.8613,5847.32
90,13708.246,16334.014
90,5331.688,7543.4453
90,5058.2524,2269.4329
90,10592.458,7233.9385
90,13872.491,8579.055
90,6573.5566,3139.6506
90,14601.729,8593.652
90,14277.196,10706.314
90,11528.196,11170.717
90,5957.1084,4102.607
90,14532.702,9516.667
90,5937.9336,2354.9817
90,8401.529,2376.6924
90,16098.018,11851.833
90,6938.6304,5746.746
90,6947.1875,10816.049
90,3482.8638,11459.891
90,6576.9873,4476.144
90,15085.216,13922.676
90,1708.6366,5982.2764
90,16305.589,12867.253
90,15529.881,13204.226
90,13813.507,7956.1807
90,13967.77,11852.128
90,6526.284,13928.021
90,5825.256,15396.335
90,6762.1187,4048.45
90,14733.955,12580.15
90,6849.842,3116.4373
90,16218.455,14454.839
90,10948.183,13317.008
90,15100.444,7288.7905
90,11788.116,14339.919
90,3001.5725,6065.2705
90,15588.677,14767.015
90,2821.2976,3965.1777
90,11241.8,4666.0283
90,4183.043,6122.605
90,3522.468,3900.256
90,5663.113,5447.197
90,14637.647,11015.918
90,386.12256,4217.5464
90,14215.636,10934.001
90,13649.424,6739.5225
90,9465.995,3274.9368
90,15992.303,13840.188
90,6793.5034,3683.59
90,5545.112,9644.26
90,16937.014,13893.118
90,8131.8936,14046.615
90,5757.5884,3771.409
90,16559.938,7548.9966
90,16942.125,13772.718
90,1962.3204,17869.088
90,8083.0835,15720.476
90,17814.31,11399.847
90,6566.93,5326.605
90,14489.238,5033.9683
90,4818.8564,13416.042
90,13716.919,10197.654
90,15939.629,6850.7427
90,18993.992,14999.25
90,14229.899,13125.396
90,15316.953,14268.421
90,15937.551,4986.817
90,6332.632,5904.2285
90,15637.429,17934.94
90,12807.715,11562.955
90,5293.426,14549.224
90,17253.256,351.8348
90,6373.212,4919.595
90,11717.161,10184.56
90,8385.522,7776.018
90,19087.354,7708.1953
90,15303.933,16467.344
90,4675.3384,5387.699
90,17498.102,6733.3643
90,5964.4414,16335.802
90,16264.489,9145.708
90,4152.724,4276.754
90,13940.193,4006.5413
90,13113.226,12423.261
90,1264.3224,5842.868
90,15227.681,9564.483
90,1643.5837,5748.51
90,14849.427,12891.582
90,15927.672,11556.866
90,13223.736,4565.083
90,15428.187,10945.443
90,4901.4033,13209.361
90,7289.215,7304.1978
90,7796.9023,14849.452
90,16764.926,10056.797
90,1098.6301,15968.803
90,11929.276,1188.4052
90,1260.9044,17532.111
90,7886.701,2926.1917
90,3715.0686,6728.3623
90,3828.0928,13215.434
90,14861.299,7941.735
90,16682.55,8739.116
90,15345.275,3682.4495
90,3864.3108,5080.9243
90,15636.298,13483.68
90,5547.9873,5084.4717
90,5978.43,6620.5986
90,4428.5547,2693.9153
90,4929.539,14479.6045
90,7322.527,6459.2695
90,6160.111,3013.1943
90,5630.9604,11658.048
90,6182.99,11350.198
90,3133.7612,9183.976
90,11272.671,6126.995
90,15327.46,14351.639
90,6080.0674,15047.408
90,6787.928,6064.9756
90,11867.997,11604.479
90,6045.766,4840.663
90,4416.5254,1038.5496
90,4281.762,12263.43
90,16202.602,10774.687
90,3110.9373,15349.684
90,13619.997,10573.047
90,5514.3833,2857.9714
90,14547.856,14102.655
90,15665.506,11427.967
90,15723.388,10359.951
90,14848.394,5301.822
90,467.93512,7983.058
90,17398.076,12307.874
90,16173.231,18556.055
90,12475.707,9498.181
90,1170.2207,13373.9795
90,4569.0786,16321.839
90,7892.4385,2584.6191
90,16594.6,14092.525
90,4857.401,3451.703
90,16476.84,9538.494
90,5326.496,18503.26
90,3850.5752,16398.46
90,6288.773,14555.225
90,4412.62,7409.305
90,0.0,18225.643
90,10484.286,9629.843
90,5287.715,4392.4287
90,16652.852,6030.494
90,15905.078,6893.012
90,13587.403,353.16687
90,11712.588,13693.279
90,2910.154,13397.91
90,5328.749,3089.8816
90,13545.572,11273.665
90,5783.897,16099.589
90,6283.602,8188.4375
90,12932.344,1634.0569
90,3609.3584,5133.3364
90,5259.6597,16399.777
90,15009.916,8278.002
90,6241.8184,15223.973
90,4370.077,12208.492
90,15388.504,16458.879
90,14011.853,4335.94
90,12879.911,12907.981
90,13919.744,4521.7593
90,14235.318,4208.8066
90,12273.527,9489.8545
90,5864.15,14448.432
91,10000.0,10000.0
91,7101.5674,2556.1902
91,1286.8077,10653.05
91,12847.192,6790.666
91,9857.046,17244.723
91,5310.657,3223.6838
91,16570.836,15278.775
91,15410.754,7662.8574
91,7384.464,7200.6333
91,12234.758,7721.284
91,5529.6885,11410.546
91,3278.8015,2973.012
91,5004.2524,11999.72
91,19735.451,9552.916
91,14407.552,4849.5884
91,13917.047,7568.1406
91,13719.998,10809.96
91,14262.341,4398.005
91,6015.5757,3037.6252
91,6306.8564,14250.157
91,15754.908,14789.847
91,2858.3716,11414.282
91,11546.918,13595.886
91,17331.363,6994.8276
91,15650.297,7742.587
91,5409.6274,17140.139
91,12424.913,12865.426
91,17527.273,6163.797
91,5740.6333,3734.745
91,6341.445,14747.591
91,2666.0022,15989.974
91,2075.4722,10781.064
91,16312.629,10743.085
91,14080.313,13260.351
91,3395.7112,17399.94
91,17082.59,15866.3545
91,3721.5815,15915.252
91,2773.535,6019.863
91,2538.1235,13340.542
91,15347.776,10230.452
91,14627.651,5220.2383
91,340.78137,14159.567
91,5005.5684,4608.0874
91,5945.725,17591.11
91,12509.534,7020.8486
91,11616.173,14799.933
91,17991.55,10475.983
91,12988.164,14199.483
91,12742.603,5061.416
91,5719.559,4616.0312
91,17925.568,11565.778
91,15400.002,11024.482
91,7728.3325,5487.98
91,3672.9856,19260.125
91,1510.0199,17897.56
91,17010.566,5421.9927
91,1548.9636,16075.881
91,2843.7153,15555.8
91,0.0,14224.725
91,2984.2424,7506.5225
91,5013.7915,9188.778
91,14237.909,9967.001
91,15697.817,7485.8193
91,14086.961,8775.656
91,15270.669,5263.0215
91,5997.42,6278.1245
91,4595.7954,15273.465
91,7568.6167,16967.697
91,12880.216,18296.771
91,2292.6414,9090.975
91,14833.967,7321.854
91,1207.9209,4232.022
91,20000.0,7478.9663
91,15496.899,16356.278
91,350.81534,16395.21
91,13934.112,11759.077
91,15579.008,16628.176
91,7482.0107,2851.89
91,16427.275,7280.023
91,3848.5215,7018.693
91,4963.877,3345.5554
91,7739.5366,15878.001
91,2101.9263,18222.33
91,11917.688,12730.398
91,5071.6997,15491.151
91,13909.495,5424.874
91,15259.181,12254.71
91,12654.1875,15173.552
91,14504.326,7862.718
91,4739.803,15268.209
91,15000.149,12426.105
91,15748.018,7854.4595
91,1307.088,3834.6694
91,12566.876,4427.261
91,5154.184,7492.763
91,6628.5234,828.2276
91,2644.485,13851.983
91,3551.066,3132.624
91,0.0,7282.9917
91,4726.5522,6025.4854
91,13810.48,10799.308
91,13550.361,16006.347
91,6037.804,16148.277
91,8919.041,5682.1562
91,15815.332,7551.554
91,15639.974,14469.29
91,3273.4277,5848.0986
91,17771.371,6063.141
91,15911.716,3248.4722
91,4879.686,16725.645
91,14003.031,11739.542
91,4295.588,8258.503
91,3031.7805,5869.611
91,8415.707,6826.3726
91,17580.66,13775.203
91,4028.2087,19766.639
91,5420.5713,6751.23
91,17133.357,4935.8833
91,3566.2224,5603.763
91,13567.752,3174.4106
91,13498.247,6156.0854
91,2533.1262,3927.622
91,5139.517,14944.251
91,5571.7925,13324.214
91,1881.7222,14625.675
91,2841.524,15753.657
91,4310.3994,5356.7544
91,16106.115,7425.3438
91,15038.125,13541.47
91,3227.7175,4414.981
91,14368.542,4745.8984
91,5228.2476,5670.208
91,11579.281,9804.78
91,2466.2573,9182.503
91,0.0,5078.8525
91,14959.526,6655.5894
91,3528.526,6970.4814
91,5560.107,12457.099
91,3485.0352,7738.627
91,13715.557,5257.2583
91,14604.406,9639.329
91,16039.885,15714.34
91,2103.5684,14208.324
91,5267.795,6736.466
91,446.8857,17742.842
91,4422.2036,1133.8049
91,12115.608,15316.6455
91,6156.3965,6723.2256
91,13030.831,10184.354
91,18604.834,16713.23
91,11917.3,7719.595
91,16977.87,4718.3457
91,851.0905,12917.146
91,14118.836,6531.5034
91,6823.983,5408.6064
91,17268.006,8403.588
91,14776.615,7831.7275
91,5056.746,13262.817
91,17921.361,6498.325
91,12713.979,3773.093
91,4575.208,5412.854
91,5364.654,10683.566
91,13419.66,5740.524
91,14233.012,9721.063
91,12947.711,6376.204
91,3591.534,16111.023
91,2407.1697,7099.4624
91,4895.364,17943.344
91,5791.026,6277.2124
91,5727.201,5256.0894
91,14369.527,12679.122
91,6662.1494,16550.758
91,13473.886,3538.731
91,7960.4443,15698.307
91,3648.527,5335.959
91,6673.595,7052.918
91,16021.506,15198.417
91,5828.3696,17004.006
91,18400.107,7529.949
91,6731.4976,6575.582
91,12991.965,13179.301
91,13923.712,7903.503
91,2814.0745,8554.547
91,7049.244,6648.706
91,2932.3806,1918.6727
91,4043.7092,4804.2495
91,14875.086,13220.889
91,5205.8374,14710.236
91,6056.5137,16525.355
91,14152.244,9372.898
91,2625.4011,6174.128
91,17233.86,2429.9434
91,2479.5652,15716.076
91,8118.8027,15169.449
91,16421.531,5261.785
91,3890.8271,3032.073
91,2530.9458,15283.681
91,3635.1052,8193.377
91,2096.0933,16308.968
91,8199.765,17544.469
91,17437.914,12465.454
91,6407.164,1492.6338
91,4460.393,4839.7583
91,13882.824,16045.22
91,16338.547,10006.254
91,2255.9736,3407.2917
92,10000.0,10000.0
92,3582.4204,11074.091
92,12019.893,14888.607
92,3726.8455,14844.049
92,16284.702,14678.861
92,16413.39,14154.211
92,5170.546,13648.195
92,1608.3992,3104.4016
92,11221.777,3165.0762
92,15286.794,14238.047
92,14299.048,6512.8228
92,14643.066,9872.213
92,14008.041,12058.653
92,1985.875,6999.4155
92,11815.594,12933.979
92,169.22862,4746.003
92,14881.6,15328.77
92,11271.936,6887.622
92,13704.695,13619.816
92,2983.7356,5838.965
92,5971.381,5824.288
92,4368.085,15597.14
92,3855.3608,10281.205
92,2728.5645,14972.53
92,15298.522,11429.417
92,6776.138,18491.371
92,400.39914,11517.8125
92,14624.51,15463.3
92,3763.8015,15881.1455
92,12361.4795,13050.947
92,12547.836,7590.414
92,7005.7114,14707.414
92,5678.2104,6708.6787
92,6573.9023,2173.618
92,12662.5,14488.484
92,4985.97,16487.629
92,11157.544,8962.546
92,10548.324,8510.543
92,14860.731,11687.434
92,14878.32,10184.904
92,542.12463,16842.977
92,5174.1147,6897.391
92,5310.194,12527.689
92,17528.686,7927.537
92,1937.0089,13983.801
92,4413.1177,16998.443
92,15962.645,14677.509
92,5524.513,3429.7156
92,15014.844,10658.686
92,3236.083,5381.075
92,6140.2153,14189.245
92,13675.025,10796.295
92,16706.96,11726.056
92,10514.776,16931.832
92,886.2411,3306.655
92,6261.316,11826.786
92,4963.83,14460.222
92,15082.451,7692.685
92,13676.157,10982.678
92,3069.8328,13423.376
92,9564.912,6056.3296
92,3438.4849,6914.99
92,14294.556,6359.4805
92,15460.105,10338.609
92,3160.3848,7960.4775
92,15653.28,7703.27
92,7846.1074,3744.8389
92,13816.194,10399.181
92,7248.267,4435.9956
92,15651.786,6019.94
92,13524.133,14320.603
92,16526.816,11835.84
92,14008.147,11703.779
92,4959.7305,2041.6042
92,17685.402,12011.316
92,10997.126,9946.858
92,15388.124,7026.444
92,817.07983,5595.8726
92,4235.559,12061.806
92,4382.472,1990.6251
92,9428.607,15804.475
92,14126.087,10836.925
92,2867.0955,5247.5435
92,4352.5054,13641.574
92,4275.1084,5584.0547
92,7810.8066,18817.64
92,4522.439,2428.8848
92,18578.633,15509.453
92,4240.84,6809.154
92,5815.0586,16552.215
92,6756.207,17900.812
92,5616.6855,13130.807
92,15299.313,7377.121
92,14078.526,6811.113
92,16289.271,8874.695
92,11378.308,8455.039
92,12423.814,11403.155
92,4629.512,5323.9526
92,3322.2656,16693.195
92,3650.1135,17915.87
92,12899.717,7907.642
92,17269.732,8491.836
92,5494.141,3888.3982
92,5818.824,7113.9233
92,4822.389,14635.107
92,8164.119,3594.03
92,1528.3478,4366.4673
92,14071.573,14233.839
92,3038.1653,9941.877
92,11871.65,6762.8716
92,5801.5576,16186.586
92,754.2785,16159.989
92,14755.734,7038.335
92,15698.687,7747.532
92,14958.268,4477.0986
92,4398.9385,4014.3286
92,15255.744,9025.744
92,7730.0024,6117.6875
92,4075.0146,9369.104
92,17378.604,6267.568
92,14585.008,7456.179
92,15422.758,13657.313
92,14197.481,8990.618
92,9720.003,8927.729
92,10896.941,6733.5063
92,11133.688,8687.688
92,12240.02,3976.2583
92,4272.6284,6883.545
92,17310.734,17426.225
92,13544.709,10779.978
92,563.3103,5158.36
92,15716.032,7116.1943
92,17785.23,15775.795
92,15536.345,6933.8745
92,3032.8638,17365.334
92,6588.445,18132.66
92,12819.78,17802.46
92,14199.968,3804.7107
92,5349.123,14536.312
92,16236.029,9929.592
92,4865.944,12847.352
92,15529.543,13521.456
92,8630.947,16513.002
92,5731.575,8318.01
92,11005.169,8214.756
92,2910.8772,15753.365
92,17847.178,5779.299
92,3688.95,9726.267
92,8110.094,14019.642
92,2455.2222,15102.603
92,17991.502,8040.513
92,6794.907,11993.718
92,5363.9204,6633.775
92,18642.678,2485.0264
92,3377.4507,8439.544
92,6368.0703,8448.775
92,6894.133,3707.6477
92,1937.2736,14319.363
92,5652.5757,0.0
92,3772.2957,15721.697
92,9092.673,2078.2126
92,4764.5166,14095.506
92,3228.81,3590.1538
92,17641.285,12435.273
92,14574.641,11539.657
92,12994.071,6544.4253
92,5971.754,15272.831
92,1983.8822,4840.0015
92,6446.1045,2672.9841
92,6635.418,15282.754
92,15333.464,5437.5425
92,5325.2847,5426.1567
92,3759.7637,16025.655
92,8301.666,4884.5347
92,13003.86,4313.857
92,15929.508,9772.648
92,12383.471,9562.3
92,461.69196,1376.478
92,4410.4575,7975.8594
92,3804.2825,8602.117
92,16319.3545,12488.119
92,14924.16,7545.8027
92,4162.5107,15019.427
92,16024.561,15760.756
92,6082.9795,3863.7341
92,13022.587,10151.809
92,16866.342,15245.429
92,16386.352,10793.039
92,4867.3647,3112.4822
92,12540.403,15030.652
92,13365.517,6309.216
92,2322.389,6862.2827
93,10000.0,10000.0
93,15551.437,7626.157
93,8088.7627,15843.358
93,5070.377,13959.302
93,15185.58,8432.113
93,15488.914,7190.9277
93,4055.9712,1952.4775
93,5268.1006,13939.335
93,2842.9524,12330.86
93,12889.508,8111.8696
93,13223.603,11369.109
93,1495.6562,15047.952
93,6807.6616,11337.837
93,4068.0576,17334.19
93,13396.314,9325.165
93,12614.836,6056.6523
93,15549.484,8380.926
93,7816.421,5974.427
93,3541.0903,15786.846
93,12535.306,6542.5483
93,9037.548,18477.791
93,17247.945,7785.6626
93,15812.214,6976.781
93,14891.498,6931.993
93,4197.821,13341.609
93,9223.035,4776.714
93,13576.91,6205.887
93,15687.582,15100.54
93,13829.992,9264.456
93,20000.0,7832.6074
93,5087.7666,5226.973
93,13737.468,10069.431
93,7085.356,14955.798
93,5052.4546,6591.0405
93,17350.914,11137.336
93,17268.96,9291.148
93,4703.6523,4880.0396
93,7564.6787,2161.701
93,11915.764,1653.3191
93,16548.906,12996.087
93,12254.6,7767.997
93,6976.147,19339.63
93,11275.826,8081.908
93,4576.6626,2806.2134
93,10812.965,7660.5566
93,11955.618,12796.822
93,5769.934,15481.756
93,3024.9326,13286.103
93,14123.001,13301.492
93,11818.007,6535.788
93,17117.697,10232.296
93,4129.198,3829.1965
93,17366.719,5339.989
93,13114.875,9875.246
93,4554.1704,14450.982
93,18646.271,7728.0913
93,6155.473,5015.0747
93,6178.229,3810.6885
93,4010.2234,17443.414
93,13853.491,11310.046
93,5644.756,12204.966
93,6471.0537,5677.715
93,1799.9146,7636.6323
93,5070.799,17351.912
93,11253.067,10231.655
93,18272.69,7573.795
93,16229.913,12831.516
93,7043.803,2577.7056
93,6811.9927,9067.545
93,11562.942,12647.243
93,14596.305,11669.805
93,16674.184,13172.14
93,1882.579,4535.9062
93,6803.3374,3134.9424
93,15039.811,13119.283
93,5966.651,15915.432
93,18510.863,11667.641
93,13108.664,13290.645
93,17904.18,4083.9153
93,5093.4736,6835.4355
93,2787.3389,1540.1654
93,14612.346,8188.463
93,4648.0435,11385.2705
93,13342.208,5863.793
93,13695.473,9175.247
93,19791.559,9290.563
93,6729.072,11547.231
93,15148.604,16384.94
93,7486.5264,11181.255
93,2477.5547,12310.069
93,4220.706,14834.77
93,11920.972,14356.488
93,4583.402,17958.377
93,16247.373,110.583786
93,8644.738,15204.832
93,2537.708,6612.1113
93,16079.57,7981.2563
93,3539.3225,11297.318
93,14671.367,8190.3735
93,15961.825,14983.05
93,15260.423,13399.335
93,15248.52,5170.8286
93,9598.17,8448.6875
93,15429.117,11914.089
93,7581.948,14136.063
93,7789.4775,15057.693
93,15525.825,6266.812
93,5899.127,0.0
93,13090.288,8018.4277
93,7534.857,15703.235
93,20000.0,16770.555
93,13317.258,12951.338
93,15969.221,13579.254
93,13422.338,8085.465
93,13995.36,8292.006
93,9637.888,13919.181
93,6225.425,11734.49
93,14224.176,15789.294
93,17658.648,6613.69
93,16176.112,10837.825
93,3200.5078,3066.2402
93,7445.412,5895.278
93,5325.3667,5871.333
93,13312.61,9256.142
93,11276.76,11126.273
93,15994.976,4706.992
93,2684.7925,15747.042
93,13181.245,9745.37
93,3996.9116,5501.4316
93,4022.1018,13250.719
93,6365.373,6798.3247
93,12762.313,12837.013
93,14945.676,5275.7744
93,10039.008,12287.984
93,4421.6323,15120.706
93,2802.3354,3370.8887
93,6953.411,14756.347
93,3023.3584,14405.483
93,4859.662,5407.782
93,15809.499,8575.774
93,8372.177,2863.8748
93,4572.6567,15495.106
93,8773.71,3440.0383
93,11642.255,3459.8347
93,3636.03,7237.9897
93,7804.015,5975.8857
93,5454.683,14304.886
93,3665.812,13311.428
93,2911.3555,6334.296
93,4786.816,1906.1039
93,7978.659,4847.3647
93,16028.03,16759.193
93,6401.7437,4830.8545
93,7772.5747,3720.768
93,4420.4165,5818.529
93,16566.367,15524.151
93,2949.9268,4956.895
93,14706.38,8343.915
93,8431.484,15953.495
93,13990.764,12544.913
93,14639.693,9701.456
93,13844.217,11045.759
93,17594.861,16597.52
93,5118.0093,2784.1587
93,15184.354,12962.94
93,12210.447,6123.6836
93,12144.053,10195.718
93,17332.277,7405.8574
93,13099.195,17994.441
93,9310.498,12826.132
93,476.07446,15071.82
93,4748.274,5979.3203
93,2856.8408,15457.535
93,14837.76,4545.1245
93,9342.097,3262.237
93,14684.462,4761.118
93,9020.775,17099.557
93,17560.844,7649.218
93,5882.406,3561.9905
93,15064.881,8775.496
93,4869.218,3369.42
93,17312.055,9484.349
93,1548.0752,14052.859
93,5672.8647,16643.559
93,16855.326,12561.74
93,1465.1101,2804.3047
93,554.20105,15698.251
93,16664.94,9839.542
93,17333.307,7921.3066
93,7029.755,17828.623
93,4800.5103,7855.6377
93,13447.323,9667.769
93,2980.0713,17050.727
93,5546.964,8592.404
93,1917.1633,14006.179
93,15470.443,7842.8657
93,7907.711,15179.989
93,5414.9272,14797.323
93,14354.173,10063.414
93,14294.918,8811.811
93,6621.2285,12102.944
93,10853.409,14162.713
93,12921.924,8866.071
93,11338.433,6632.301
94,10000.0,10000.0
94,14501.172,13083.553
94,15877.307,11661.744
94,15226.049,6349.032
94,18575.936,7574.1997
94,15468.937,12072.544
94,12963.027,5077.283
94,4735.493,7751.89
94,14702.161,17154.016
94,4225.1094,12151.702
94,20000.0,14991.39
94,13822.377,6004.504
94,2351.7568,2112.795
94,5617.8477,18264.137
94,16198.836,1441.3595
94,16402.555,7228.285
94,3500.1057,12819.719
94,15064.532,9118.264
94,2678.7092,14610.554
94,12607.182,12368.174
94,5227.8784,3993.1782
94,16228.599,10817.899
94,14611.592,13022.072
94,5931.6753,16034.384
94,4513.742,16900.875
94,6067.683,8424.853
94,14939.227,15071.193
94,9808.098,1277.9681
94,12617.943,8466.695
94,9241.778,1741.3594
94,15689.451,9706.496
94,5493.0063,5523.59
94,5598.2964,6065.0693
94,5350.4595,15586.029
94,7208.739,1308.066
94,16819.178,4209.472
94,14873.339,17083.64
94,4013.016,15312.482
94,16796.197,11628.32
94,16462.51,11782.817
94,15573.611,13184.441
94,4114.291,5094.9634
94,13982.015,8332.097
94,6947.4165,3463.9246
94,3884.3003,6886.7007
94,7525.145,18656.791
94,5380.323,15832.244
94,18264.662,7847.5986
94,14664.883,13020.574
94,17856.107,14063.849
94,14042.404,5366.838
94,6541.2183,16193.503
94,0.0,15134.854
94,16627.197,15219.831
94,4360.566,4563.847
94,18472.346,7919.219
94,4032.336,3012.0881
94,2088.6501,14379.751
94,5491.4834,2944.6743
94,17733.723,6811.17
94,4868.719,5595.4478
94,13252.799,11831.122
94,10819.466,8202.703
94,12716.442,10529.954
94,5173.282,4547.881
94,1014.08527,10440.266
94,7378.55,14516.669
94,1226.0718,15137.907
94,5839.523,17724.752
94,3380.9607,2391.2168
94,6892.34,13259.099
94,11173.481,13708.196
94,11804.562,1192.4277
94,16375.872,7138.952
94,8003.248,13239.315
94,2673.7441,15359.525
94,9401.578,3359.5461
94,10306.872,7957.223
94,1552.294,18359.537
94,2732.3738,13148.803
94,6619.177,17858.074
94,12138.171,12871.435
94,15241.309,14461.067
94,16170.089,12709.705
94,16767.578,15024.378
94,2616.7473,17669.895
94,15758.113,15210.653
94,12764.544,13635.354
94,16234.19,4636.2363
94,13844.372,11623.84
94,14705.593,5117.393
94,2723.8855,12588.727
94,5351.6475,11426.949
94,15365.318,15753.582
94,14537.657,7653.5176
94,4029.9487,12775.758
94,7712.0728,17876.549
94,4021.1072,14246.629
94,9684.31,6218.814
94,15276.357,4066.396
94,1068.9802,7011.173
94,15085.428,18128.85
94,6465.2017,16330.5205
94,15521.339,14267.988
94,2522.4255,3772.2363
94,3856.6929,16439.541
94,14999.605,14169.963
94,5911.0693,15478.459
94,4627.0093,12879.87
94,2602.9011,5066.046
94,3713.5564,1703.4467
94,5908.208,14321.441
94,6186.293,4995.4995
94,3660.2957,5253.1187
94,4613.9756,2308.8413
94,2975.1309,15026.456
94,18515.879,7414.7627
94,15649.602,18360.447
94,3492.3135,4352.1895
94,14176.395,13492.322
94,16009.716,6827.864
94,4658.037,2709.7644
94,17654.96,13455.105
94,14739.025,10924.407
94,12645.167,9599.494
94,19838.041,12115.339
94,4672.3584,15616.493
94,17554.438,7242.0054
94,5981.1416,15607.514
94,13451.62,12456.261
94,12913.435,14025.942
94,7914.548,13421.889
94,13624.551,11358.433
94,6291.454,6778.4224
94,17256.889,11766.615
94,12836.364,10121.962
94,1871.003,20000.0
94,16716.576,8294.032
94,16486.79,15976.44
94,18288.016,7621.481
94,2651.338,12623.033
94,12068.651,9615.272
94,3100.6738,14905.602
94,4294.256,7879.845
94,2228.1707,3852.7102
94,5056.307,17157.852
94,15507.812,9334.257
94,7405.6733,14234.812
94,4828.239,7607.5264
94,2515.6257,1963.3229
94,5835.144,14186.526
94,3176.7776,13086.438
94,4087.27,5942.3584
94,18687.66,8998.432
94,4612.489,3349.7756
94,5252.499,7661.1978
94,16619.475,9446.811
94,6239.9688,15217.428
94,17360.902,9245.457
94,4375.1895,19066.111
94,14726.383,9898.885
94,15140.433,12450.075
94,3602.6895,2954.8025
94,13115.33,12016.321
94,3859.5957,14238.84
94,12463.438,8791.426
95,10000.0,10000.0
95,696.2268,2622.7559
95,14815.805,5154.139
95,12120.505,6156.006
95,3950.3508,3453.3865
95,16194.198,11198.831
95,18084.602,6926.638
95,15880.586,9881.971
95,17778.094,12060.911
95,7252.3125,13052.176
95,17368.943,9412.322
95,14231.768,5241.7915
95,19070.24,9657.563
95,9700.981,4878.8877
95,5716.2812,14918.141
95,7831.046,13298.793
95,4445.4395,13596.692
95,5150.0815,6435.5176
95,12803.649,13422.767
95,13677.225,8291.184
95,14205.183,11557.877
95,4664.7246,3493.6135
95,5095.0986,4706.884
95,4356.318,12573.528
95,3761.8137,14911.06
95,15765.577,9868.396
95,12250.67,13480.6
95,6430.935,5898.3013
95,14884.095,0.0
95,14139.925,6711.3496
95,9430.608,15787.61
95,8976.299,3305.0352
95,14290.901,6306.5283
95,2726.5916,18916.305
95,14613.416,12021.539
95,14583.34,7007.4854
95,2314.369,2580.7537
95,13887.325,4746.037
95,3842.5217,5792.92
95,16707.777,11387.308
95,13993.415,11394.476
95,8228.441,4658.7993
95,13698.866,6931.4214
95,6072.067,15780.041
95,5598.74,14676.903
95,2657.6763,17479.947
95,1402.1592,14448.508
95,8672.527,16346.899
95,10625.839,13879.794
95,0.0,4750.779
95,4948.4375,14522.766
95,14671.871,14357.411
95,11439.409,15149.909
95,3581.009,13623.508
95,4677.6367,12782.219
95,5897.825,3967.327
95,4167.553,14407.934
95,15251.685,14189.753
95,16416.646,9663.847
95,16919.865,15495.607
95,2001.5262,4569.686
95,7240.0864,17740.934
95,5096.407,5272.6646
95,15950.392,4819.7476
95,12667.393,11242.404
95,7364.3364,14278.841
95,12886.931,16401.984
95,15952.183,9917.369
95,14347.561,12023.75
95,10745.658,5538.904
95,15900.522,10458.077
95,6067.121,11226.694
95,16642.5,7227.941
95,0.0,14750.662
95,3145.7148,16668.873
95,12720.72,16104.997
95,8197.405,16624.803
95,4659.293,7581.9854
95,15562.714,5173.2163
95,4010.884,6293.6597
95,9444.28,11754.028
95,3557.6423,13548.883
95,5467.393,5761.3926
95,12132.595,10068.232
95,18172.955,7780.3467
95,15820.564,4153.9976
95,5008.8306,15560.784
95,4742.3623,16239.036
95,15333.2295,12161.587
95,7887.1294,17252.562
95,2505.0615,5863.9873
95,17861.299,10793.282
95,16544.75,10760.641
95,15570.294,7417.4844
95,6283.1216,5437.0474
95,13921.013,9915.589
95,14832.759,4870.6543
95,1817.9413,3406.0378
95,15128.134,14394.9
95,4493.688,15099.081
95,4363.3667,17057.072
95,6264.187,4566.3486
95,19960.803,12552.619
95,3564.8613,4515.786
95,5649.0864,3167.8977
95,12153.266,16858.182
95,6095.311,12660.415
95,16757.623,12305.584
95,4958.2134,10999.3125
95,7435.9697,6151.3735
95,20000.0,9389.27
95,14296.698,6602.049
95,5130.507,14135.59
95,17099.754,13962.425
95,17059.506,12917.173
95,952.60736,6670.394
95,15992.944,14561.076
95,5503.125,6535.6924
95,5622.4907,4660.3496
95,10076.463,15040.505
95,8126.9434,14920.07
95,15017.346,6488.533
95,7234.612,15194.862
95,15545.218,10804.096
95,7608.363,5566.0874
95,17686.623,13526.486
95,16120.298,5037.201
95,16462.752,10488.926
95,15417.153,12896.228
95,5709.7344,17856.93
95,6776.4575,16998.383
95,17056.307,4685.5376
95,3415.519,6332.6665
95,13760.38,9124.831
95,2344.415,14991.838
95,12508.998,11488.784
95,16428.305,13737.194
95,15797.269,11075.266
95,14357.3125,11554.753
95,11894.72,11543.93
95,18864.287,6557.15
95,4004.9114,16549.518
95,13212.642,13498.2
95,1531.3448,4852.6455
95,13789.261,7524.984
95,6159.617,14770.289
95,18332.182,17098.084
95,15245.542,5728.0073
95,1645.2396,18324.39
95,12237.517,19857.59
95,16008.952,8838.195
95,15205.256,8593.235
95,7410.288,7150.251
95,14024.321,16662.457
95,3491.2556,10161.138
95,4497.016,5190.426
95,820.7577,11760.048
95,4972.5366,14754.475
95,5731.3496,17762.553
95,9134.491,3288.7703
95,13160.444,13172.309
95,7165.0293,13400.048
95,7933.5107,4773.8833
95,16865.393,6082.9727
95,14748.447,8807.455
95,12747.526,14381.201
95,2408.105,14218.089
95,12600.011,5206.287
95,18165.2,12002.735
95,4654.0034,14316.9795
95,6830.4863,14734.284
95,3446.274,4781.048
95,4609.625,2868.974
95,3049.999,6593.027
95,17340.236,6842.5493
95,2097.5618,13932.571
95,4292.5894,4910.1616
95,4551.621,3028.707
95,944.92944,15909.946
95,6009.4766,8134.807
95,7427.2285,3807.677
95,15508.143,15599.307
95,4352.882,14563.692
95,17620.502,16264.012
95,13133.746,13463.501
95,11253.056,11278.483
95,16744.268,6993.586
95,15946.168,9414.812
95,17306.47,8210.632
95,15823.416,14948.186
95,13851.569,15886.451
95,0.0,14878.972
95,13418.832,10868.733
95,14760.765,8369.247
95,11377.752,9060.663
95,4852.2095,16825.71
96,10000.0,10000.0
96,4307.291,13218.396
96,16775.943,12013.726
96,4699.7744,3339.712
96,1734.5763,2065.174
96,17436.277,13403.709
96,16317.366,6744.4736
96,3902.7305,2948.8347
96,13998.583,11243.154
96,16504.709,8494.423
96,16582.4,13409.903
96,3460.4817,15609.438
96,15485.862,14640.042
96,18104.434,8101.6274
96,16174.901,11702.742
96,5615.1187,16840.781
96,566.05597,18491.5
96,14131.802,433.04324
96,4999.9834,3439.353
96,4313.1274,14659.843
96,12618.635,5595.2725
96,15507.198,13922.65
96,14346.787,13550.1875
96,5024.844,17491.32
96,19798.307,7016.842
96,2951.6594,7625.819
96,16637.562,13155.389
96,8055.2085,3146.888
96,5942.227,13264.911
96,6986.4746,5937.9854
96,16510.3,6751.2407
96,12832.697,8234.589
96,18013.207,6610.3667
96,16159.917,15326.182
96,5466.4624,13763.538
96,6809.71,8388.553
96,12886.405,6776.4736
96,4224.565,1882.9729
96,14135.98,15548.953
96,15465.232,14798.155
96,4458.8096,15473.516
96,15361.623,12594.56
96,2590.9946,14767.722
96,6353.8545,8379.191
96,20000.0,12822.98
96,13227.762,11057.212
96,7586.4136,7562.2583
96,4026.227,4029.1138
96,17959.352,6059.3784
96,1726.4739,15427.374
96,5883.1895,15965.131
96,4519.698,4485.385
96,1602.961,4673.969
96,15819.91,11375.417
96,2725.8018,5132.2075
96,18219.19,14543.154
96,6028.431,14876.65
96,18511.926,6300.3096
96,5946.2607,13112.684
96,11238.095,10320.1
96,2555.2874,11793.478
96,13976.7295,10298.247
96,6337.175,16619.895
96,14220.074,4558.1567
96,14749.628,10574.652
96,13130.089,12813.83
96,5473.987,19105.611
96,6892.8584,15019.334
96,6004.0464,6214.6587
96,4932.821,2679.5151
96,2891.4287,13988.442
96,3332.8667,13497.931
96,710.5426,4733.2007
96,7728.5796,13777.619
96,8064.089,6921.621
96,4296.9272,5119.15
96,5542.069,14115.619
96,6116.068,7892.9395
96,15725.431,8383.72
96,3223.7874,10776.388
96,14622.966,6663.384
96,6459.235,5615.7617
96,15886.686,10714.236
96,14173.55,0.0
96,5000.483,3453.0833
96,13506.393,6962.899
96,11731.655,3921.1802
96,16598.504,10031.28
96,13921.366,6056.0156
96,15791.198,12492.983
96,6517.7744,13248.86
96,15444.595,10086.146
96,5196.4194,14763.26
96,12705.92,13760.309
96,19957.354,9314.295
96,1478.8585,17717.78
96,12195.634,9048.762
96,1356.7793,15299.947
96,13779.288,1788.992
96,0.0,5561.88
96,18180.244,6008.0054
96,453.02744,14798.475
96,4088.2427,4718.1724
96,16720.383,11290.647
96,2950.6516,12738.177
96,12505.613,14871.554
96,1354.1967,14894.288
96,2941.7207,13419.131
96,13353.507,7495.747
96,18302.818,7237.068
96,7271.1587,4468.209
96,12344.232,7859.597
96,16583.94,6519.453
96,3789.592,13706.718
96,11590.6875,11782.877
96,7673.8594,14285.867
96,14587.39,14471.457
96,17904.605,14346.577
96,2709.4192,13229.412
96,16407.072,4635.5312
96,16740.81,4201.82
96,4274.669,18137.695
96,5375.5625,8845.035
96,16492.777,3493.9956
96,15370.757,13444.887
96,15892.877,5728.585
96,14635.736,14024.335
96,6232.8525,15808.928
96,19913.174,9608.873
96,5819.3467,14008.029
96,20000.0,7028.677
96,3997.364,17254.95
96,14954.022,8385.408
96,13908.224,8373.296
96,14748.861,9923.828
96,15838.237,3724.3394
96,4065.9973,12966.533
96,11625.984,11656.123
96,15163.834,3478.0393
96,14031.035,9724.93
96,2675.9722,3896.442
96,15964.465,8793.009
96,6254.8115,15493.018
96,19447.78,11831.894
96,4315.455,14434.89
96,3681.2407,4900.3906
96,15971.946,8600.621
96,6215.4478,13699.972
96,3537.4043,13875.22
96,2184.185,14097.132
96,4388.8125,2964.8247
96,15390.657,8693.476
96,17117.178,9151.07
96,12144.927,9246.287
96,4769.722,4907.3394
96,14485.72,6525.7505
96,17844.287,11457.926
96,13096.692,5169.6304
96,20000.0,13875.701
96,14770.571,14816.439
96,7122.755,6436.834
96,17145.379,10194.865
96,6225.651,16277.853
96,12640.244,15897.262
96,1525.0161,5845.708
96,17301.715,3143.4033
96,12520.444,11802.595
96,4581.8516,17923.275
96,5298.4683,6362.289
96,15055.828,12220.001
96,6873.092,4662.3877
96,4929.0737,15713.807
96,16701.768,6255.343
96,17932.207,4539.059
96,3892.8474,14860.652
96,1849.3403,12742.126
96,6051.774,10436.844
96,17340.21,10974.354
96,18710.691,8954.362
96,14713.542,15707.802
96,5097.8037,16099.012
96,18435.248,6924.346
96,15266.924,10014.833
96,8060.603,3592.4016
96,14029.507,12927.639
96,16925.875,8787.123
96,10723.832,16808.037
96,4270.336,9028.028
96,5376.089,8507.654
96,6473.856,17518.846
96,3781.9753,4207.425
96,13259.176,5020.827
96,3567.6257,5997.466
96,5614.077,7284.9507
96,10182.607,5478.8545
96,461.3795,13427.224
96,9916.633,7676.415
96,6761.4854,13584.131
96,17040.285,7871.723
97,10000.0,10000.0
97,15387.68,11325.533
97,6931.516,4388.33
97,15700.785,14243.541
97,12548.805,10808.141
97,11629.918,4260.747
97,4618.6724,12145.006
97,13872.401,9363.282
97,4118.484,13242.184
97,18611.662,14200.648
97,3537.6497,11870.472
97,19310.324,5777.7695
97,16049.28,14368.951
97,2787.4094,1840.0082
97,2527.7056,5645.904
97,10302.874,13677.224
97,14019.404,2873.9956
97,11873.678,10004.424
97,3438.9832,16056.901
97,14306.533,13644.587
97,5518.461,13342.041
97,16941.469,4631.089
97,4157.0317,19252.756
97,1283.2122,16654.898
97,9387.22,12232.63
97,16141.994,8591.42
97,13150.424,9864.606
97,7533.27,2674.2263
97,5927.521,7022.728
97,6166.621,6659.888
97,6682.0864,3844.4954
97,4361.829,6651.3022
97,15713.724,7687.5923
97,5123.9277,6032.3813
97,13714.736,11921.01
97,14665.824,13606.681
97,6650.849,12878.281
97,5531.336,13427.281
97,7773.6016,15963.531
97,16371.103,13210.835
97,2779.4375,16999.998
97,2031.5778,16040.917
97,0.0,17025.977
97,14014.034,10140.722
97,6858.9795,3409.1304
97,13085.268,11556.467
97,5934.703,16630.797
97,585.33215,6606.6416
97,6259.7427,6552.073
97,17321.182,12401.736
97,15540.2705,12854.159
97,4651.255,17877.387
97,3725.7344,17489.074
97,15784.499,15160.902
97,2184.163,15890.064
97,17307.986,11943.34
97,4412.278,3522.8945
97,15802.6875,8535.867
97,13227.53,9861.687
97,15792.131,5318.9253
97,4323.093,11694.441
97,15734.203,13255.972
97,15106.211,10830.169
97,7004.819,6127.104
97,7392.907,15734.751
97,18007.143,9688.446
97,7981.4775,1885.3287
97,13442.266,7870.587
97,7647.9736,15142.138
97,7790.0044,20000.0
97,17132.42,11897.668
97,3036.5835,5382.1885
97,1107.6792,2987.682
97,13761.719,6553.9277
97,7406.4214,6251.206
97,12945.564,2280.999
97,15065.929,8779.148
97,15257.738,8187.5176
97,15937.801,7878.1914
97,3959.7146,7855.2593
97,16330.593,6314.474
97,15372.13,15828.49
97,15239.175,8472.75
97,13382.261,11079.794
97,13431.58,9895.144
97,3820.913,3521.1296
97,17577.31,9685.481
97,17371.777,7734.407
97,13021.34,8936.445
97,1010.6127,4265.5146
97,13454.633,16914.71
97,1706.6288,3135.1504
97,9341.526,12055.161
97,17133.545,15348.207
97,11822.975,12438.42
97,4548.6836,7644.8003
97,5623.748,16942.668
97,16354.968,12138.878
97,16975.893,10338.134
97,13059.855,10355.561
97,16957.04,7007.6064
97,4005.02,4492.8086
97,17010.836,7207.5645
97,5685.359,4153.225
97,2294.5823,15227.389
97,14077.955,11139.396
97,4440.5356,13117.345
97,4870.3936,4804.942
97,12305.104,12299.608
97,13714.322,12904.237
97,3223.7942,13422.027
97,13243.492,6084.195
97,15591.463,15340.847
97,5102.3154,13422.888
97,17509.404,11496.465
97,20000.0,14390.794
97,14397.326,5635.4805
97,6653.627,13128.63
97,7008.253,13663.029
97,2256.7002,7173.3804
97,11893.505,7988.08
97,16464.16,7448.314
97,11416.825,16314.533
97,5242.5347,12531.609
97,0.0,16578.139
97,2299.3667,15945.414
97,5752.295,6991.43
97,7253.9263,3580.3992
97,13825.562,9024.6875
97,16793.248,14895.259
97,16694.352,12352.91
97,6634.9556,5076.086
97,15191.622,6579.3564
97,18235.33,11088.032
97,12812.809,13663.803
97,13003.831,9700.61
97,7130.205,3002.0632
97,5339.589,2798.5205
97,13976.984,12313.755
97,12261.106,7520.8477
97,4433.646,12802.956
97,2049.6836,16321.262
97,13828.39,6705.064
97,13897.791,10370.546
97,17903.676,7823.794
97,2115.097,12709.291
97,17780.56,4383.928
97,7868.123,4370.172
97,3856.7092,14091.714
97,5028.304,15735.6
97,14863.591,18083.469
97,3936.4924,14818.281
97,1578.949,4121.3457
97,2898.0178,13769.826
97,11189.08,11757.127
97,6372.917,6556.3203
97,5343.263,16060.185
97,14049.269,16178.493
97,4315.907,15902.361
97,16011.741,6774.621
97,14500.88,5710.316
97,12177.416,7714.2373
97,3866.9119,4186.59
97,19482.625,8908.812
97,3459.5044,9690.383
97,11585.887,8712.321
97,7722.2734,5594.3833
97,2052.3022,5263.2627
97,7690.9824,14461.372
97,6223.9204,11190.773
97,5726.345,3746.5217
97,8870.333,13418.023
97,11242.794,12828.143
97,6215.372,9269.75
97,8216.424,2950.9192
97,4975.672,14489.911
97,6410.2524,13132.429
97,1968.4215,2776.3582
97,11946.148,7118.806
97,13124.204,12529.174
97,3865.5,6514.329
97,18641.139,14420.447
97,7698.406,5077.2563
97,4826.3306,12777.334
97,6000.3286,20000.0
97,14191.882,7629.246
97,6245.5063,2186.7737
97,13440.865,10217.085
97,3441.5427,2024.5321
97,1498.45,4821.1455
97,11426.775,10642.837
97,4659.367,6449.016
97,4283.266,12538.46
97,4424.7324,17555.652
97,13537.565,13079.041
97,14310.748,5462.412
97,14857.57,9374.192
97,13837.762,6429.3853
97,5802.8394,2019.45
97,19190.965,11833.858
97,13464.436,11524.45
97,5532.3896,14113.321
97,16282.821,14847.46
97,14231.108,10849.738
97,5801.9917,0.0
97,3242.4163,11498.184
97,12774.274,5841.958
98,10000.0,10000.0
98,5642.8184,5292.645
98,10497.494,6717.4873
98,7180.9585,14171.803
98,5145.611,7516.092
98,6921.794,14042.82
98,5530.756,19380.74
98,14277.163,4167.178
98,15342.766,6373.498
98,17534.28,6210.7773
98,4596.1772,5028.577
98,13883.196,6450.3193
98,12500.034,12931.721
98,11916.357,6521.809
98,4218.031,12810.065
98,4058.0156,2593.4614
98,4392.837,16373.608
98,16851.777,9481.719
98,5802.4287,1714.6036
98,13810.6875,10038.651
98,6914.306,5260.4277
98,7352.462,7071.5566
98,10986.1875,5917.889
98,15746.018,9898.517
98,14491.189,10916.127
98,0.0,17871.621
98,11950.293,11687.197
98,15683.078,7668.5747
98,13847.86,14286.57
98,11701.035,12696.779
98,13580.66,10717.165
98,2948.4392,2123.8096
98,15960.497,11153.808
98,12410.439,6353.14
98,9983.873,13721.186
98,6461.048,19130.658
98,5299.589,12369.631
98,6023.7627,14267.634
98,12601.094,9929.195
98,16474.648,11635.938
98,4840.5293,3134.2073
98,5829.556,16193.806
98,14995.826,8219.623
98,14549.04,5367.098
98,4677.262,3785.3865
98,3055.4,14092.374
98,14780.916,13259.8
98,3121.453,7298.2837
98,3725.1714,4865.365
98,13496.169,7029.179
98,19946.578,15701.146
98,17543.908,11700.807
98,5932.9946,4408.276
98,5746.9927,8566.023
98,13093.866,4851.125
98,5279.819,15507.681
98,14442.981,9694.778
98,3667.9744,3519.4553
98,16286.392,10067.911
98,4817.008,15735.247
98,14578.608,9941.721
98,14434.244,4682.6396
98,14753.403,10716.165
98,16684.934,14082.745
98,3151.1445,6496.4214
98,7380.201,3094.5667
98,4071.4138,6225.5493
98,16311.336,15495.438
98,15520.205,6043.6567
98,5870.514,10779.666
98,13666.3,4865.1147
98,5230.0034,1459.993
98,5522.8203,15654.894
98,7379.089,15762.268
98,13707.859,14870.957
98,15611.5625,5849.8804
98,14452.287,9877.513
98,16103.335,7791.0977
98,13829.296,14228.884
98,16935.666,11530.174
98,10931.694,10050.797
98,15145.828,7567.597
98,15680.454,10898.078
98,7680.2246,14375.499
98,17471.908,11448.499
98,15316.785,12508.063
98,3475.785,4117.314
98,12859.003,4727.2285
98,5348.149,16157.181
98,13326.659,14071.91
98,5118.322,18714.818
98,5289.44,1926.5288
98,12686.041,7464.6353
98,16399.66,9014.895
98,8407.658,9124.029
98,16750.94,16063.532
98,18735.775,7456.4395
98,14923.12,6144.929
98,20000.0,11406.042
98,3185.7173,12606.917
98,13793.759,7986.5854
98,15210.693,13361.279
98,15992.212,8075.092
98,13768.9795,11965.11
98,7250.709,6750.3706
98,4743.1855,4152.586
98,14135.797,4714.459
98,4591.791,12614.248
98,13922.41,10808.908
98,0.0,3462.8293
98,5846.0835,7309.546
98,6949.266,6779.902
98,15222.333,8559.876
98,3246.3813,3611.5718
98,14531.538,13876.3545
98,0.0,10955.606
98,5193.832,15313.536
98,16854.678,8149.15
98,5647.1875,6365.756
98,9534.464,3003.9343
98,16416.264,3723.7876
98,9990.959,11665.606
98,2644.2603,15446.108
98,17149.525,11899.99
98,5356.0767,12826.523
98,14508.874,12570.668
98,5340.7773,13756.899
98,14221.351,6935.8955
98,11683.02,8104.948
98,14478.38,6005.621
98,12884.007,10902.852
98,14510.78,13030.153
98,3127.4963,4005.9578
98,16683.234,18748.246
98,7506.333,5847.196
98,8328.906,10840.13
98,14051.546,15187.779
98,3562.731,4847.297
98,3617.0942,7617.844
98,4540.18,5779.4443
98,19096.441,6888.123
98,9425.487,6298.0127
98,4218.888,3864.2922
98,13252.258,5575.977
98,6494.2876,13598.765
98,13915.503,9954.837
98,15865.684,11506.939
98,5159.951,15914.116
98,14392.902,9494.287
98,18932.32,12112.294
98,16336.507,11571.446
98,19248.604,6114.7476
98,3466.176,17407.545
98,14298.054,6197.3135
98,8529.997,5743.217
98,15022.932,10945.605
98,5081.6836,2571.075
98,7231.1484,5592.8887
98,8328.215,14870.692
98,2747.7434,4295.2437
98,5590.3223,10088.748
98,4024.6458,10849.777
98,8122.119,13408.702
98,5670.979,4982.4775
98,4758.0723,15030.357
98,18655.281,9218.38
98,4686.475,4867.864
98,14234.064,3207.1428
98,3664.6565,3037.2236
98,10423.062,18235.879
98,5794.7827,17122.291
98,12687.16,15431.56
98,4882.5215,6120.694
98,15471.988,11500.915
98,6613.477,15298.158
98,6012.2993,13605.054
98,17011.29,8246.012
98,6371.522,17756.572
98,14339.825,12056.728
98,7363.0415,2378.1438
98,16955.412,12666.531
98,11889.587,11836.571
98,2117.0278,6410.402
98,18794.404,3392.679
99,10000.0,10000.0
99,14173.652,16062.554
99,3363.223,2331.1255
99,13540.977,12265.2
99,12876.166,13395.83
99,15141.944,13071.494
99,16724.197,8867.099
99,838.27704,5512.2993
99,15188.341,13862.002
99,4800.9214,7422.3794
99,15891.032,14717.942
99,2067.6956,1837.2388
99,15398.202,8108.211
99,3831.622,5820.4673
99,3419.6597,3927.417
99,3190.327,0.0
99,17081.393,6597.0615
99,6901.41,12664.42
99,16841.2,10854.3
99,4682.521,13960.242
99,13059.703,11265.899
99,5616.9004,10406.076
99,17435.67,8089.7744
99,8972.465,4485.423
99,14561.507,3687.3315
99,3318.196,16420.396
99,1682.16,16490.76
99,17134.023,7843.861
99,16310.341,8574.312
99,15151.424,12336.925
99,6365.0337,7318.9336
99,5575.319,2652.8215
99,4250.7983,5393.5996
99,15612.843,13446.612
99,4958.4956,15868.28
99,15157.552,6846.703
99,4254.492,18739.564
99,15716.552,13476.644
99,10551.382,9739.067
99,8467.717,10723.837
99,10994.562,6160.2183
99,5475.905,15454.567
99,5498.718,11229.948
99,13622.005,8383.432
99,7790.176,11660.702
99,3724.556,15931.885
99,10515.144,14035.394
99,13436.049,10104.01
99,15467.312,4630.007
99,7986.667,3193.7815
99,15861.696,8099.851
99,17211.021,10706.946
99,3285.7039,14426.917
99,14064.389,13196.825
99,12297.524,7539.979
99,386.9468,12025.829
99,8277.181,5957.2764
99,1927.9464,6143.665
99,13316.381,6729.554
99,14118.43,11750.011
99,2661.1414,13849.061
99,4978.577,8383.742
99,5751.0093,3527.7827
99,4876.812,14780.751
99,7899.0825,15905.9
99,691.84796,1025.4985
99,12992.462,10834.186
99,5610.9644,16000.512
99,4711.3984,9444.19
99,11277.444,14459.375
99,3774.5098,13950.8
99,14486.617,13763.203
99,819.8341,7769.2646
99,14893.843,6296.753
99,3754.1267,17473.775
99,4856.577,2447.4475
99,2336.8577,2090.9792
99,15132.188,12227.676
99,14184.104,13927.898
99,5382.1636,5832.0137
99,3641.277,7539.075
99,14164.009,12439.814
99,16166.783,13737.478
99,14976.014,8518.575
99,14846.175,12782.714
99,12455.33,5987.5215
99,14208.968,8093.224
99,7284.088,17407.334
99,15963.293,12440.462
99,7886.0176,6249.8965
99,7529.4966,4195.407
99,3596.8462,4354.3853
99,12883.176,12472.886
99,3991.3997,14950.833
99,14693.006,11667.571
99,14883.822,7011.4688
99,13623.685,7303.7114
99,15749.352,8594.4375
99,4119.434,14129.757
99,12542.326,11573.721
99,16029.669,12991.823
99,13888.237,14195.556
99,16071.302,13717.902
99,4329.1826,14124.643
99,7964.238,15008.525
99,1196.5664,5395.5083
99,1813.9413,2966.775
99,6192.379,15551.307
99,13166.733,14345.933
99,12899.48,6498.437
99,10925.685,18160.584
99,0.0,650.72
99,18393.273,17263.8
99,15076.031,11724.963
99,5336.8657,16624.543
99,12224.3,9684.525
99,16304.885,8982.471
99,12755.001,15279.229
99,15770.846,15878.039
99,5868.7686,7543.611
99,1471.1545,2619.7246
99,2362.6816,5075.7476
99,7196.8545,6785.438
99,4980.653,16013.534
99,6680.145,13219.415
99,12612.586,11764.438
99,13841.686,9924.899
99,15436.129,10241.759
99,2546.5334,11132.98
99,1536.3983,16792.455
99,4221.1304,3896.1182
99,4554.4956,11989.582
99,2380.2063,15843.438
99,15908.646,6320.387
99,6026.344,16835.113
99,5772.053,721.14355
99,4198.2085,14567.457
99,14046.079,7617.618
99,14328.183,9010.813
99,13072.023,5941.7373
99,3345.4138,6118.5273
99,2982.5444,14892.597
99,3671.5134,4555.0127
99,11909.086,10870.257
99,16819.756,5513.7954
99,15071.9,4415.493
99,2724.0432,11925.494
99,4900.9307,13570.701
99,5058.235,10566.973
99,15068.322,5033.639
99,13281.292,3946.982
99,17371.02,4076.9573
99,5142.2505,6001.8335
99,14577.841,15933.966
99,13773.732,8488.241
99,6448.5977,17229.115
99,19713.814,7890.03
99,16487.838,5667.649
99,14187.856,9826.987
99,17475.367,13363.856
99,15262.076,14738.441
99,15426.03,11393.079
99,13220.667,15442.666
99,5374.62,2456.2283
99,16041.158,7556.065
99,12203.477,15500.1
99,17106.127,14545.212
99,9045.621,14582.611
99,6425.7173,17024.635
99,5380.321,5125.6123
99,12513.039,12660.921
99,15555.115,17327.082
99,13074.2,18044.836
99,14677.36,6681.3164
99,1205.1453,6699.192
99,4611.9893,13092.403
99,15525.549,6170.287
99,16381.437,7400.3877
99,17749.834,11038.789
99,14374.717,7760.5977
99,3624.6724,15211.755
99,5221.522,9235.6045
99,18783.47,9050.305
99,7037.3643,3067.3735
99,2594.9438,3094.7852
99,11671.949,14684.412
99,12266.339,13419.095
99,15575.983,12759.092
99,9513.459,2831.839
99,13178.054,10080.104
99,6234.6343,4632.844
99,13708.327,13362.432
99,16251.479,1149.3159
99,5973.8813,17098.234
99,16055.007,8754.361
99,6619.565,6172.7305
99,18777.766,9399.318
99,4311.794,2922.9172
99,13634.074,9675.43
99,6497.1943,4979.668
99,12914.52,6682.7104
99,3220.5176,11351.159
99,14760.286,13542.584
99,3533.1577,17377.41
99,3661.866,12690.988
99,7140.5815,14954.769
99,16121.543,9137.298
99,15433.481,6272.8345
99,2654.7273,9489.864
99,14105.498,17310.242
99,4520.6323,2780.9617
