instancia;replica;tour_id;vehicle;trip;n_customers_tour;tour_duration_sec;tour_duration_min;tour_duration_hours;total_travel_time_sec;total_distance_km;total_profit;departure_time_from_depot;return_to_depot_time
2;0;I2_R0_V0_T0;0;0;2;2193;36,55;0,609166667;1833;12,71894141;4;37747;39940
2;0;I2_R0_V0_T21;0;21;8;5651;94,18333333;1,569722222;4211;29,21004395;13;41754;47405
2;0;I2_R0_V0_T42;0;42;17;7916;131,9333333;2,198888889;4805;33,30513525;29;47475;55391
2;0;I2_R0_V0_T46;0;46;12;5774;96,23333333;1,603888889;3614;25,06101709;19;55391;61165
2;0;I2_R0_V1_T43;1;43;9;6506;108,4333333;1,807222222;4886;33,89493604;14;36420;42926
2;0;I2_R0_V1_T57;1;57;1;1734;28,9;0,481666667;1554;10,78036719;2;42926;44660
2;0;I2_R0_V1_T98;1;98;10;4677;77,95;1,299166667;2877;19,93628223;18;44948;49625
2;0;I2_R0_V1_T131;1;131;22;9808;163,4666667;2,724444444;5848;40,52660181;38;49625;59433
2;0;I2_R0_V1_T279;1;279;1;1642;27,36666667;0,456111111;1462;10,1481543;2;59433;61075
2;0;I2_R0_V2_T60;2;60;8;7618;126,9666667;2,116111111;6178;42,86164893;13;35442;43060
2;0;I2_R0_V2_T64;2;64;4;2886;48,1;0,801666667;2166;15,01629053;8;43060;45946
2;0;I2_R0_V2_T171;2;171;33;14964;249,4;4,156666667;9024;62,5457373;48;46067;61031
2;1;I2_R1_V0_T3;0;3;7;6842;114,0333333;1,900555556;5582;38,73483426;9;34755;41597
2;1;I2_R1_V0_T18;0;18;5;2355;39,25;0,654166667;1455;10,09062305;10;41840;44195
2;1;I2_R1_V0_T32;0;32;13;7843;130,7166667;2,178611111;5503;38,16423859;22;44480;52323
2;1;I2_R1_V0_T164;0;164;19;8853;147,55;2,459166667;5433;37,64911523;32;52323;61176
2;1;I2_R1_V1_T17;1;17;1;3784;63,06666667;1,051111111;2314;16,05726563;1;32400;36184
2;1;I2_R1_V1_T22;1;22;12;9160;152,6666667;2,544444444;7000;48,5635174;20;36776;45936
2;1;I2_R1_V1_T38;1;38;15;7731;128,85;2,1475;5031;34,87436768;26;45936;53667
2;1;I2_R1_V1_T45;1;45;13;7380;123;2,05;5040;34,95858301;23;53667;61047
2;1;I2_R1_V2_T13;2;13;2;3844;64,06666667;1,067777778;3484;24,1896814;3;32744;36588
2;1;I2_R1_V2_T71;2;71;5;4024;67,06666667;1,117777778;3124;21,6782124;8;36588;40612
2;1;I2_R1_V2_T107;2;107;1;1738;28,96666667;0,482777778;1558;10,80774609;2;40612;42350
2;1;I2_R1_V2_T112;2;112;11;5786;96,43333333;1,607222222;3806;26,3902876;21;42517;48303
2;1;I2_R1_V2_T113;2;113;8;4738;78,96666667;1,316111111;3298;22,87115625;11;48303;53041
2;1;I2_R1_V2_T114;2;114;14;7959;132,65;2,210833333;5439;37,73065869;23;53041;61000
2;2;I2_R2_V0_T15;0;15;10;7458;124,3;2,071666667;5658;39,25324915;17;34057;41515
2;2;I2_R2_V0_T48;0;48;8;5862;97,7;1,628333333;4422;30,67768066;16;41521;47383
2;2;I2_R2_V0_T91;0;91;14;7492;124,8666667;2,081111111;4972;34,46964453;24;47452;54944
2;2;I2_R2_V0_T122;0;122;12;5885;98,08333333;1,634722222;3725;25,8210625;19;54944;60829
2;2;I2_R2_V1_T0;1;0;7;5559;92,65;1,544166667;4299;29,82635193;11;36197;41756
2;2;I2_R2_V1_T2;1;2;7;4952;82,53333333;1,375555556;3692;25,61909766;13;41756;46708
2;2;I2_R2_V1_T6;1;6;16;7726;128,7666667;2,146111111;4846;33,59997266;29;46708;54434
2;2;I2_R2_V1_T30;1;30;13;6703;111,7166667;1,861944444;4363;30,25282788;22;54434;61137
2;2;I2_R2_V2_T6;2;6;6;6595;109,9166667;1,831944444;4858;33,72796094;8;34547;41142
2;2;I2_R2_V2_T32;2;32;15;7217;120,2833333;2,004722222;4517;31,31340039;25;41180;48397
2;2;I2_R2_V2_T39;2;39;12;6213;103,55;1,725833333;4053;28,10263112;20;48397;54610
2;2;I2_R2_V2_T52;2;52;12;6419;106,9833333;1,783055556;4259;29,52516211;21;54711;61130
2;3;I2_R3_V0_T8;0;8;6;5479;91,31666667;1,521944444;4147;28,7744834;10;36372;41851
2;3;I2_R3_V0_T77;0;77;7;5304;88,4;1,473333333;4044;28,05858984;12;41851;47155
2;3;I2_R3_V0_T157;0;157;12;6675;111,25;1,854166667;4515;31,31648828;23;47155;53830
2;3;I2_R3_V0_T164;0;164;14;7125;118,75;1,979166667;4605;31,93298877;24;53830;60955
2;3;I2_R3_V1_T31;1;31;1;4740;79;1,316666667;4560;31,66633032;1;32400;37140
2;3;I2_R3_V1_T35;1;35;9;6987;116,45;1,940833333;5367;37,24704712;15;37316;44303
2;3;I2_R3_V1_T42;1;42;10;6599;109,9833333;1,833055556;4799;33,29010858;19;44372;50971
2;3;I2_R3_V1_T250;1;250;25;10139;168,9833333;2,816388889;5639;39,06827051;35;50971;61110
2;3;I2_R3_V2_T42;2;42;5;4731;78,85;1,314166667;3831;26,58797754;9;36848;41579
2;3;I2_R3_V2_T48;2;48;8;5141;85,68333333;1,428055556;3701;25,67133594;15;42029;47170
2;3;I2_R3_V2_T59;2;59;15;7266;121,1;2,018333333;4566;31,66813696;30;47170;54436
2;3;I2_R3_V2_T130;2;130;13;6735;112,25;1,870833333;4395;30,47660071;18;54436;61171
2;4;I2_R4_V0_T9;0;9;3;4234;70,56666667;1,176111111;3694;25,63393066;5;33800;38034
2;4;I2_R4_V0_T10;0;10;13;8315;138,5833333;2,309722222;5975;41,43335661;22;38969;47284
2;4;I2_R4_V0_T21;0;21;12;7202;120,0333333;2,000555556;5042;34,97704102;23;47284;54486
2;4;I2_R4_V0_T99;0;99;11;6077;101,2833333;1,688055556;4097;28,4142168;21;55089;61166
2;4;I2_R4_V1_T102;1;102;1;2392;39,86666667;0,664444444;2212;15,34821484;2;32506;34898
2;4;I2_R4_V1_T105;1;105;2;3344;55,73333333;0,928888889;2593;17,99742773;3;35147;38491
2;4;I2_R4_V1_T142;1;142;6;5476;91,26666667;1,521111111;4177;28,98191528;9;38491;43967
2;4;I2_R4_V1_T173;1;173;14;7669;127,8166667;2,130277778;5149;35,7064082;24;43967;51636
2;4;I2_R4_V1_T192;1;192;10;4575;76,25;1,270833333;2775;19,22900049;16;51636;56211
2;4;I2_R4_V1_T294;1;294;9;4935;82,25;1,370833333;3315;22,97912842;14;56211;61146
2;4;I2_R4_V2_T4;2;4;7;6781;113,0166667;1,883611111;5521;38,3099436;11;34180;40961
2;4;I2_R4_V2_T23;2;23;1;1692;28,2;0,47;1512;10,49226758;2;40961;42653
2;4;I2_R4_V2_T31;2;31;6;5149;85,81666667;1,430277778;4069;28,23875684;10;42653;47802
2;4;I2_R4_V2_T51;2;51;12;6358;105,9666667;1,766111111;4198;29,11675;22;47802;54160
2;4;I2_R4_V2_T71;2;71;13;7022;117,0333333;1,950555556;4682;32,46483594;21;54160;61182
2;5;I2_R5_V0_T195;0;195;11;9990;166,5;2,775;7905;54,86464795;17;36082;46072
2;5;I2_R5_V0_T208;0;208;19;9240;154;2,566666667;5820;40,34644531;33;46566;55806
2;5;I2_R5_V0_T240;0;240;10;5308;88,46666667;1,474444444;3508;24,31830664;15;55806;61114
2;5;I2_R5_V1_T16;1;16;4;5869;97,81666667;1,630277778;5149;35,7450144;5;32859;38728
2;5;I2_R5_V1_T48;1;48;14;9077;151,2833333;2,521388889;6557;45,47744189;19;38728;47805
2;5;I2_R5_V1_T104;1;104;14;6380;106,3333333;1,772222222;3860;26,73669629;26;47805;54185
2;5;I2_R5_V1_T227;1;227;14;6947;115,7833333;1,929722222;4427;30,68090137;25;54216;61163
2;5;I2_R5_V2_T1;2;1;3;4898;81,63333333;1,360555556;4358;30,25411182;5;36021;40919
2;5;I2_R5_V2_T34;2;34;12;7377;122,95;2,049166667;5217;36,17888281;19;40919;48296
2;5;I2_R5_V2_T39;2;39;29;12802;213,3666667;3,556111111;7582;52,56609;47;48374;61176
2;6;I2_R6_V0_T37;0;37;2;3211;53,51666667;0,891944444;2851;19,78662109;3;35368;38579
2;6;I2_R6_V0_T50;0;50;8;5717;95,28333333;1,588055556;4277;29,66619336;13;38579;44296
2;6;I2_R6_V0_T77;0;77;12;7362;122,7;2,045;5202;36,07590381;22;44296;51658
2;6;I2_R6_V0_T94;0;94;21;9187;153,1166667;2,551944444;5407;37,46554102;34;51658;60845
2;6;I2_R6_V1_T23;1;23;4;4348;72,46666667;1,207777778;3628;25,17976367;7;36485;40833
2;6;I2_R6_V1_T32;1;32;11;6200;103,3333333;1,722222222;4220;29,26682861;17;41401;47601
2;6;I2_R6_V1_T48;1;48;15;7563;126,05;2,100833333;4863;33,70609375;27;47601;55164
2;6;I2_R6_V1_T54;1;54;12;5985;99,75;1,6625;3825;26,5127373;21;55195;61180
2;6;I2_R6_V2_T6;2;6;2;4193;69,88333333;1,164722222;3833;26,60544873;3;35967;40160
2;6;I2_R6_V2_T23;2;23;1;1334;22,23333333;0,370555556;1154;8,00434082;2;40160;41494
2;6;I2_R6_V2_T26;2;26;4;4129;68,81666667;1,146944444;3318;23,01803711;6;41494;45623
2;6;I2_R6_V2_T31;2;31;15;7960;132,6666667;2,211111111;5260;36,47657535;29;45825;53785
2;6;I2_R6_V2_T53;2;53;16;7357;122,6166667;2,043611111;4477;31,0274458;24;53785;61142
2;7;I2_R7_V0_T11;0;11;1;2772;46,2;0,77;2592;17,98888672;2;33392;36164
2;7;I2_R7_V0_T12;0;12;3;4539;75,65;1,260833333;3999;27,75660889;5;36164;40703
2;7;I2_R7_V0_T23;0;23;5;3792;63,2;1,053333333;2892;20,0614502;9;40889;44681
2;7;I2_R7_V0_T61;0;61;18;8830;147,1666667;2,452777778;5590;38,74037549;34;44681;53511
2;7;I2_R7_V0_T90;0;90;16;7599;126,65;2,110833333;4719;32,70783838;27;53511;61110
2;7;I2_R7_V1_T57;1;57;2;3371;56,18333333;0,936388889;3011;20,90200195;4;35646;39017
2;7;I2_R7_V1_T62;1;62;5;4085;68,08333333;1,134722222;3185;22,10067969;7;39017;43102
2;7;I2_R7_V1_T80;1;80;13;7744;129,0666667;2,151111111;5404;37,48394614;21;43102;50846
2;7;I2_R7_V1_T93;1;93;23;10331;172,1833333;2,869722222;6191;42,92832422;41;50861;61192
2;7;I2_R7_V2_T5;2;5;1;3416;56,93333333;0,948888889;2552;17,71380859;1;32400;35816
2;7;I2_R7_V2_T12;2;12;9;7387;123,1166667;2,051944444;5767;40,01666284;15;36267;43654
2;7;I2_R7_V2_T16;2;16;7;4466;74,43333333;1,240555556;3206;22,23896655;12;43654;48120
2;7;I2_R7_V2_T62;2;62;12;6123;102,05;1,700833333;3963;27,47086914;22;48120;54243
2;7;I2_R7_V2_T66;2;66;15;6741;112,35;1,8725;4041;28,01529102;26;54243;60984
2;8;I2_R8_V0_T0;0;0;5;5270;87,83333333;1,463888889;4370;30,32525684;10;36580;41850
2;8;I2_R8_V0_T1;0;1;9;5595;93,25;1,554166667;3975;27,56166187;17;41850;47445
2;8;I2_R8_V0_T4;0;4;18;7424;123,7333333;2,062222222;4184;28,97986792;30;47445;54869
2;8;I2_R8_V0_T69;0;69;14;6310;105,1666667;1,752777778;3790;26,28000146;25;54869;61179
2;8;I2_R8_V1_T20;1;20;2;3970;66,16666667;1,102777778;3610;25,05774683;3;33421;37391
2;8;I2_R8_V1_T41;1;41;3;2872;47,86666667;0,797777778;2332;16,17445898;5;37632;40504
2;8;I2_R8_V1_T52;1;52;11;6782;113,0333333;1,883888889;4802;33,30404492;14;40504;47286
2;8;I2_R8_V1_T66;1;66;15;7467;124,45;2,074166667;4767;33,03131335;28;47286;54753
2;8;I2_R8_V1_T92;1;92;12;6143;102,3833333;1,706388889;3983;27,62161328;22;54753;60896
2;8;I2_R8_V2_T8;2;8;3;5227;87,11666667;1,451944444;4250;29,49675977;5;35089;40316
2;8;I2_R8_V2_T20;2;20;7;4681;78,01666667;1,300277778;3421;23,72520508;12;41772;46453
2;8;I2_R8_V2_T251;2;251;17;6785;113,0833333;1,884722222;3725;25,79939062;29;46453;53238
2;8;I2_R8_V2_T266;2;266;15;7948;132,4666667;2,207777778;5248;36,38863843;25;53238;61186
2;9;I2_R9_V0_T0;0;0;7;6360;106;1,766666667;3974;27,57266309;11;36247;42607
2;9;I2_R9_V0_T63;0;63;11;5802;96,7;1,611666667;3822;26,49301172;19;42739;48541
2;9;I2_R9_V0_T129;0;129;2;1532;25,53333333;0,425555556;1172;8,129422852;4;48541;50073
2;9;I2_R9_V0_T173;0;173;22;10763;179,3833333;2,989722222;6803;47,16806152;35;50385;61148
2;9;I2_R9_V1_T32;1;32;13;8221;137,0166667;2,283611111;5881;40,78725586;19;37434;45655
2;9;I2_R9_V1_T48;1;48;13;6994;116,5666667;1,942777778;4654;32,26056885;23;45699;52693
2;9;I2_R9_V1_T88;1;88;17;8461;141,0166667;2,350277778;5401;37,44862695;30;52693;61154
2;9;I2_R9_V2_T12;2;12;10;6817;113,6166667;1,893611111;5017;34,79657373;17;38991;45808
2;9;I2_R9_V2_T26;2;26;19;9175;152,9166667;2,548611111;5755;39,9140127;32;45908;55083
2;9;I2_R9_V2_T34;2;34;10;6016;100,2666667;1,671111111;4216;29,24009863;19;55101;61117
2;10;I2_R10_V0_T60;0;60;1;4930;82,16666667;1,369444444;4750;32,98327026;1;32400;37330
2;10;I2_R10_V0_T63;0;63;14;8260;137,6666667;2,294444444;5740;39,8141012;22;38379;46639
2;10;I2_R10_V0_T74;0;74;21;9944;165,7333333;2,762222222;6164;42,72571484;35;46639;56583
2;10;I2_R10_V0_T109;0;109;6;4582;76,36666667;1,272777778;3502;24,28680176;12;56583;61165
2;10;I2_R10_V1_T5;1;5;5;5267;87,78333333;1,463055556;4367;30,30291992;9;34746;40013
2;10;I2_R10_V1_T48;1;48;8;5001;83,35;1,389166667;3561;24,71211182;15;41158;46159
2;10;I2_R10_V1_T110;1;110;8;4759;79,31666667;1,321944444;3319;23,01975;14;46979;51738
2;10;I2_R10_V1_T162;1;162;19;9458;157,6333333;2,627222222;6038;41,86707751;32;51738;61196
2;10;I2_R10_V2_T45;2;45;6;5398;89,96666667;1,499444444;4318;29,96437854;8;38983;44381
2;10;I2_R10_V2_T122;2;122;22;9841;164,0166667;2,733611111;5881;40,76515234;34;44381;54222
2;10;I2_R10_V2_T195;2;195;16;6674;111,2333333;1,853888889;3794;26,2896123;25;54222;60896
2;11;I2_R11_V0_T9;0;9;5;5469;91,15;1,519166667;4569;31,71057373;8;35051;40520
2;11;I2_R11_V0_T20;0;20;10;6729;112,15;1,869166667;4929;34,19852686;17;40520;47249
2;11;I2_R11_V0_T41;0;41;16;7293;121,55;2,025833333;4192;29,04622266;27;47249;54542
2;11;I2_R11_V0_T112;0;112;14;6584;109,7333333;1,828888889;4064;28,17092188;21;54542;61126
2;11;I2_R11_V1_T9;1;9;1;5066;84,43333333;1,407222222;4886;33,92587109;1;32400;37466
2;11;I2_R11_V1_T13;1;13;1;3040;50,66666667;0,844444444;2860;19,85957813;2;37466;40506
2;11;I2_R11_V1_T18;1;18;10;6486;108,1;1,801666667;4686;32,50386328;16;40872;47358
2;11;I2_R11_V1_T66;1;66;15;7613;126,8833333;2,114722222;4913;34,06225586;29;47358;54971
2;11;I2_R11_V1_T162;1;162;11;6094;101,5666667;1,692777778;4114;28,51313892;19;54971;61065
2;11;I2_R11_V2_T17;2;17;4;6863;114,3833333;1,906388889;4884;33,89429932;4;32400;39263
2;11;I2_R11_V2_T21;2;21;7;5483;91,38333333;1,523055556;4223;29,30077637;12;39263;44746
2;11;I2_R11_V2_T44;2;44;11;5127;85,45;1,424166667;3147;21,81278516;19;44746;49873
2;11;I2_R11_V2_T117;2;117;17;7802;130,0333333;2,167222222;4742;32,88013379;30;50028;57830
2;11;I2_R11_V2_T121;2;121;7;3370;56,16666667;0,936111111;2110;14,63771973;13;57830;61200
2;12;I2_R12_V0_T11;0;11;11;8385;139,75;2,329166667;6405;44,44552881;17;35381;43766
2;12;I2_R12_V0_T23;0;23;10;5290;88,16666667;1,469444444;3490;24,20383496;20;44453;49743
2;12;I2_R12_V0_T93;0;93;25;11010;183,5;3,058333333;6510;45,1303553;41;49743;60753
2;12;I2_R12_V1_T8;1;8;2;3653;60,88333333;1,014722222;3293;22,85844452;4;34509;38162
2;12;I2_R12_V1_T14;1;14;7;5008;83,46666667;1,391111111;3748;26,00716504;11;38162;43170
2;12;I2_R12_V1_T24;1;24;11;4811;80,18333333;1,336388889;2831;19,61586719;19;43425;48236
2;12;I2_R12_V1_T145;1;145;13;7054;117,5666667;1,959444444;4714;32,67901367;23;48236;55290
2;12;I2_R12_V1_T149;1;149;10;5861;97,68333333;1,628055556;4061;28,16000195;17;55290;61151
2;12;I2_R12_V2_T38;2;38;9;6648;110,8;1,846666667;5028;34,87900098;15;36631;43279
2;12;I2_R12_V2_T59;2;59;11;7308;121,8;2,03;5328;36,95586768;18;43430;50738
2;12;I2_R12_V2_T67;2;67;8;4230;70,5;1,175;2790;19,32553809;14;50738;54968
2;12;I2_R12_V2_T76;2;76;12;6194;103,2333333;1,720555556;4034;27,9750918;23;54990;61184
2;13;I2_R13_V0_T71;0;71;8;8761;146,0166667;2,433611111;5710;39,61615088;13;35860;44621
2;13;I2_R13_V0_T90;0;90;17;8458;140,9666667;2,349444444;5398;37,43167384;29;45109;53567
2;13;I2_R13_V0_T107;0;107;15;7590;126,5;2,108333333;4890;33,90350977;27;53587;61177
2;13;I2_R13_V1_T44;1;44;8;6692;111,5333333;1,858888889;5200;36,07854089;13;37572;44264
2;13;I2_R13_V1_T66;1;66;9;5851;97,51666667;1,625277778;4231;29,34276025;15;44264;50115
2;13;I2_R13_V1_T100;1;100;10;5158;85,96666667;1,432777778;3358;23,28881641;18;50140;55298
2;13;I2_R13_V1_T101;1;101;10;5346;89,1;1,485;3546;24,57502441;18;55298;60644
2;13;I2_R13_V2_T49;2;49;5;6313;105,2166667;1,753611111;5413;37,56770068;7;32705;39018
2;13;I2_R13_V2_T56;2;56;11;7922;132,0333333;2,200555556;5942;41,21798926;20;39018;46940
2;13;I2_R13_V2_T62;2;62;14;6660;111;1,85;4140;28,69803516;26;46940;53600
2;13;I2_R13_V2_T203;2;203;12;7502;125,0333333;2,083888889;5342;37,04350893;21;53600;61102
2;14;I2_R14_V0_T47;0;47;7;6898;114,9666667;1,916111111;5638;39,12999847;12;36364;43262
2;14;I2_R14_V0_T75;0;75;2;1889;31,48333333;0,524722222;1529;10,60762305;4;43262;45151
2;14;I2_R14_V0_T80;0;80;12;6336;105,6;1,76;4176;28,94448047;22;45151;51487
2;14;I2_R14_V0_T160;0;160;19;9696;161,6;2,693333333;6276;43,52025256;29;51487;61183
2;14;I2_R14_V1_T2;1;2;3;3727;62,11666667;1,035277778;3187;22,11477051;5;33619;37346
2;14;I2_R14_V1_T13;1;13;1;274;4,566666667;0,076111111;94;0,647123047;2;37346;37620
2;14;I2_R14_V1_T15;1;15;16;9668;161,1333333;2,685555556;6788;47,08274194;24;37620;47288
2;14;I2_R14_V1_T201;1;201;12;7049;117,4833333;1,958055556;4889;33,90339063;21;47288;54337
2;14;I2_R14_V1_T218;1;218;12;6841;114,0166667;1,900277778;4681;32,45812543;20;54337;61178
2;14;I2_R14_V2_T68;2;68;11;8248;137,4666667;2,291111111;6203;43,04589063;19;36890;45138
2;14;I2_R14_V2_T106;2;106;4;2649;44,15;0,735833333;1929;13,38191602;8;45138;47787
2;14;I2_R14_V2_T108;2;108;11;6292;104,8666667;1,747777778;4312;29,91299219;21;47787;54079
2;14;I2_R14_V2_T175;2;175;12;7056;117,6;1,96;4896;33,97236523;22;54079;61135
2;15;I2_R15_V0_T9;0;9;5;6334;105,5666667;1,759444444;5434;37,70876172;5;32400;38734
2;15;I2_R15_V0_T11;0;11;7;4823;80,38333333;1,339722222;3291;22,81393359;11;38734;43557
2;15;I2_R15_V0_T15;0;15;6;3344;55,73333333;0,928888889;2264;15,69182764;11;43878;47222
2;15;I2_R15_V0_T28;0;28;15;6766;112,7666667;1,879444444;4066;28,17762964;29;47222;53988
2;15;I2_R15_V0_T33;0;33;15;6955;115,9166667;1,931944444;4255;29,4967085;26;54190;61145
2;15;I2_R15_V1_T38;1;38;1;3298;54,96666667;0,916111111;3118;21,64582129;2;34841;38139
2;15;I2_R15_V1_T75;1;75;10;7526;125,4333333;2,090555556;5726;39,71584375;18;39489;47015
2;15;I2_R15_V1_T83;1;83;14;6632;110,5333333;1,842222222;4112;28,50094043;27;47097;53729
2;15;I2_R15_V1_T126;1;126;16;7308;121,8;2,03;4428;30,69807812;24;53729;61037
2;15;I2_R15_V2_T43;2;43;4;4130;68,83333333;1,147222222;3410;23,66823193;8;33832;37962
2;15;I2_R15_V2_T60;2;60;11;6123;102,05;1,700833333;4143;28,71757544;19;39413;45536
2;15;I2_R15_V2_T69;2;69;18;8644;144,0666667;2,401111111;5404;37,46426904;32;45536;54180
2;15;I2_R15_V2_T71;2;71;14;6968;116,1333333;1,935555556;4448;30,85130469;21;54180;61148
2;16;I2_R16_V0_T18;0;18;6;7703;128,3833333;2,139722222;6248;43,36462012;11;36235;43938
2;16;I2_R16_V0_T20;0;20;10;6695;111,5833333;1,859722222;4895;33,94284418;19;43938;50633
2;16;I2_R16_V0_T69;0;69;12;5863;97,71666667;1,628611111;3703;25,65285748;21;50633;56496
2;16;I2_R16_V0_T122;0;122;8;4608;76,8;1,28;3168;21,9749834;12;56496;61104
2;16;I2_R16_V1_T27;1;27;3;3911;65,18333333;1,086388889;3371;23,39122656;6;35692;39603
2;16;I2_R16_V1_T78;1;78;9;6366;106,1;1,768333333;4746;32,91989282;14;40305;46671
2;16;I2_R16_V1_T100;1;100;14;7346;122,4333333;2,040555556;4826;33,45301367;25;46671;54017
2;16;I2_R16_V1_T113;1;113;12;7011;116,85;1,9475;4851;33,62822949;22;54017;61028
2;16;I2_R16_V2_T23;2;23;5;6023;100,3833333;1,673055556;5123;35,55479553;9;35091;41114
2;16;I2_R16_V2_T60;2;60;2;1688;28,13333333;0,468888889;1328;9,214837891;4;42009;43697
2;16;I2_R16_V2_T73;2;73;19;9579;159,65;2,660833333;6159;42,70663644;31;43975;53554
2;16;I2_R16_V2_T241;2;241;16;7599;126,65;2,110833333;4719;32,71518457;25;53554;61153
2;17;I2_R17_V0_T23;0;23;5;4617;76,95;1,2825;3717;25,78133545;9;36503;41120
2;17;I2_R17_V0_T113;0;113;5;3677;61,28333333;1,021388889;2777;19,26553857;10;41120;44797
2;17;I2_R17_V0_T121;0;121;15;7355;122,5833333;2,043055556;4655;32,28122852;27;44829;52184
2;17;I2_R17_V0_T248;0;248;16;8854;147,5666667;2,459444444;5974;41,43415771;25;52303;61157
2;17;I2_R17_V1_T24;1;24;2;3037;50,61666667;0,843611111;2677;18,57831445;4;34030;37067
2;17;I2_R17_V1_T37;1;37;10;7447;124,1166667;2,068611111;5642;39,13391992;13;38172;45619
2;17;I2_R17_V1_T85;1;85;17;7566;126,1;2,101666667;4506;31,24358337;27;45619;53185
2;17;I2_R17_V1_T124;1;124;14;7670;127,8333333;2,130555556;5150;35,70900977;25;53397;61067
2;17;I2_R17_V2_T3;2;3;2;3376;56,26666667;0,937777778;3016;20,93723828;3;33530;36906
2;17;I2_R17_V2_T9;2;9;6;4989;83,15;1,385833333;3909;27,1173251;10;37271;42260
2;17;I2_R17_V2_T96;2;96;5;3375;56,25;0,9375;2475;17,17144141;10;42471;45846
2;17;I2_R17_V2_T112;2;112;17;9273;154,55;2,575833333;6213;43,07823706;31;45846;55119
2;17;I2_R17_V2_T122;2;122;12;5977;99,61666667;1,660277778;3817;26,4679043;20;55119;61096
2;18;I2_R18_V0_T9;0;9;6;6092;101,5333333;1,692222222;5012;34,77979526;11;35910;42002
2;18;I2_R18_V0_T11;0;11;16;8166;136,1;2,268333333;5286;36,65243115;27;42441;50607
2;18;I2_R18_V0_T21;0;21;22;10383;173,05;2,884166667;6423;44,5401543;35;50607;60990
2;18;I2_R18_V1_T2;1;2;2;3873;64,55;1,075833333;3513;24,38701953;4;34853;38726
2;18;I2_R18_V1_T9;1;9;12;6916;115,2666667;1,921111111;4756;32,9900166;17;38971;45887
2;18;I2_R18_V1_T58;1;58;19;10047;167,45;2,790833333;6627;45,94859827;30;45944;55991
2;18;I2_R18_V1_T174;1;174;9;5070;84,5;1,408333333;3450;23,92657324;18;55991;61061
2;18;I2_R18_V2_T27;2;27;9;7098;118,3;1,971666667;5458;37,87173047;14;35937;43035
2;18;I2_R18_V2_T65;2;65;22;10493;174,8833333;2,914722222;6533;45,28164258;38;43035;53528
2;18;I2_R18_V2_T174;2;174;13;7496;124,9333333;2,082222222;5156;35,76328418;24;53692;61188
2;19;I2_R19_V0_T8;0;8;9;7383;123,05;2,050833333;5763;39,98871069;17;36653;44036
2;19;I2_R19_V0_T80;0;80;8;3519;58,65;0,9775;2079;14,41034863;14;44036;47555
2;19;I2_R19_V0_T89;0;89;30;13618;226,9666667;3,782777778;8218;56,96643164;42;47555;61173
2;19;I2_R19_V1_T0;1;0;4;4316;71,93333333;1,198888889;3596;24,96016504;7;35282;39598
2;19;I2_R19_V1_T10;1;10;4;4400;73,33333333;1,222222222;3680;25,53447815;7;39598;43998
2;19;I2_R19_V1_T16;1;16;6;3456;57,6;0,96;2376;16,4666582;12;43998;47454
2;19;I2_R19_V1_T56;1;56;16;7103;118,3833333;1,973055556;4223;29,26516162;28;47454;54557
2;19;I2_R19_V1_T135;1;135;12;6477;107,95;1,799166667;4317;29,9304541;21;54557;61034
2;19;I2_R19_V2_T30;2;30;2;3379;56,31666667;0,938611111;3019;20,95126953;3;34239;37618
2;19;I2_R19_V2_T45;2;45;15;7807;130,1166667;2,168611111;5107;35,39998389;24;37954;45761
2;19;I2_R19_V2_T142;2;142;18;9139;152,3166667;2,538611111;5899;40,90512878;32;45761;54900
2;19;I2_R19_V2_T150;2;150;11;6217;103,6166667;1,726944444;4237;29,38158838;19;54940;61157
2;20;I2_R20_V0_T47;0;47;4;4774;79,56666667;1,326111111;2945;20,43065601;6;34418;39192
2;20;I2_R20_V0_T56;0;56;8;5062;84,36666667;1,406111111;3622;25,11516699;13;40278;45340
2;20;I2_R20_V0_T67;0;67;5;3155;52,58333333;0,876388889;2255;15,63780957;10;45393;48548
2;20;I2_R20_V0_T96;0;96;11;5993;99,88333333;1,664722222;4013;27,83531934;22;48548;54541
2;20;I2_R20_V0_T234;0;234;14;6646;110,7666667;1,846111111;4126;28,60495728;25;54541;61187
2;20;I2_R20_V1_T11;1;11;8;6511;108,5166667;1,808611111;5071;35,18002637;12;37499;44010
2;20;I2_R20_V1_T22;1;22;13;6224;103,7333333;1,728888889;3884;26,92853125;21;44071;50295
2;20;I2_R20_V1_T30;1;30;18;9342;155,7;2,595;6102;42,31986243;29;50295;59637
2;20;I2_R20_V1_T34;1;34;1;1450;24,16666667;0,402777778;1270;8,817958984;2;59637;61087
2;20;I2_R20_V2_T10;2;10;11;6959;115,9833333;1,933055556;4979;34,54580176;17;38728;45687
2;20;I2_R20_V2_T38;2;38;16;7812;130,2;2,17;4932;34,20396289;29;45687;53499
2;20;I2_R20_V2_T186;2;186;15;7481;124,6833333;2,078055556;4781;33,14162305;26;53715;61196
2;21;I2_R21_V0_T25;0;25;2;2814;46,9;0,781666667;2454;17,02833789;3;35683;38497
2;21;I2_R21_V0_T30;0;30;12;8033;133,8833333;2,231388889;5456;37,84162793;21;38502;46535
2;21;I2_R21_V0_T67;0;67;16;7974;132,9;2,215;5094;35,32933081;28;46535;54509
2;21;I2_R21_V0_T84;0;84;11;6652;110,8666667;1,847777778;4672;32,39777887;19;54509;61161
2;21;I2_R21_V1_T1;1;1;8;7067;117,7833333;1,963055556;5627;39,03801385;12;35819;42886
2;21;I2_R21_V1_T8;1;8;17;8548;142,4666667;2,374444444;5488;38,03105005;27;42886;51434
2;21;I2_R21_V1_T69;1;69;13;6111;101,85;1,6975;3771;26,13806836;20;51471;57582
2;21;I2_R21_V1_T73;1;73;5;3440;57,33333333;0,955555556;2540;17,62032813;7;57582;61022
2;21;I2_R21_V2_T27;2;27;11;9245;154,0833333;2,568055556;7265;50,40885828;12;32480;41725
2;21;I2_R21_V2_T80;2;80;11;5621;93,68333333;1,561388889;3641;25,24152441;20;42142;47763
2;21;I2_R21_V2_T119;2;119;12;6639;110,65;1,844166667;4479;31,06018359;21;47763;54402
2;21;I2_R21_V2_T151;2;151;11;6754;112,5666667;1,876111111;4774;33,1170708;22;54402;61156
2;22;I2_R22_V0_T90;0;90;3;4405;73,41666667;1,223611111;3384;23,48970679;4;33252;37657
2;22;I2_R22_V0_T94;0;94;7;5833;97,21666667;1,620277778;4573;31,72005286;13;37965;43798
2;22;I2_R22_V0_T169;0;169;7;5441;90,68333333;1,511388889;4181;29,00326367;14;43798;49239
2;22;I2_R22_V0_T178;0;178;3;2836;47,26666667;0,787777778;2296;15,93236328;6;49239;52075
2;22;I2_R22_V0_T187;0;187;18;8800;146,6666667;2,444444444;5560;38,53656055;31;52075;60875
2;22;I2_R22_V1_T0;1;0;5;4345;72,41666667;1,206944444;3445;23,90817188;9;40326;44671
2;22;I2_R22_V1_T2;1;2;18;8690;144,8333333;2,413888889;5450;37,77407336;31;44765;53455
2;22;I2_R22_V1_T3;1;3;16;7719;128,65;2,144166667;4839;33,55264868;27;53455;61174
2;22;I2_R22_V2_T15;2;15;7;6231;103,85;1,730833333;4971;34,50016895;11;35127;41358
2;22;I2_R22_V2_T25;2;25;6;5288;88,13333333;1,468888889;4208;29,20563672;12;41389;46677
2;22;I2_R22_V2_T38;2;38;19;8571;142,85;2,380833333;5151;35,6992749;33;46677;55248
2;22;I2_R22_V2_T40;2;40;11;5910;98,5;1,641666667;3930;27,25058984;19;55248;61158
2;23;I2_R23_V0_T0;0;0;7;8598;143,3;2,388333333;5360;37,19398352;7;32400;40998
2;23;I2_R23_V0_T2;0;2;9;6707;111,7833333;1,863055556;5087;35,29486172;14;40998;47705
2;23;I2_R23_V0_T56;0;56;22;10134;168,9;2,815;6174;42,80061841;37;47705;57839
2;23;I2_R23_V0_T149;0;149;5;3311;55,18333333;0,919722222;2411;16,72389551;10;57839;61150
2;23;I2_R23_V1_T21;1;21;4;4739;78,98333333;1,316388889;4019;27,89278906;7;35548;40287
2;23;I2_R23_V1_T124;1;124;7;5272;87,86666667;1,464444444;4012;27,83320374;13;41391;46663
2;23;I2_R23_V1_T200;1;200;8;4214;70,23333333;1,170555556;2774;19,23615625;15;46690;50904
2;23;I2_R23_V1_T224;1;224;21;10236;170,6;2,843333333;6456;44,76485303;35;50904;61140
2;23;I2_R23_V2_T31;2;31;2;1918;31,96666667;0,532777778;1558;10,81351953;3;35588;37506
2;23;I2_R23_V2_T42;2;42;8;6199;103,3166667;1,721944444;4759;33,01839967;13;39418;45617
2;23;I2_R23_V2_T71;2;71;6;3223;53,71666667;0,895277778;2143;14,85800977;11;45617;48840
2;23;I2_R23_V2_T133;2;133;14;7093;118,2166667;1,970277778;4573;31,71132373;26;48905;55998
2;23;I2_R23_V2_T157;2;157;8;5188;86,46666667;1,441111111;3748;25,99432813;16;55998;61186
2;24;I2_R24_V0_T7;0;7;10;7171;119,5166667;1,991944444;5371;37,25858594;19;39388;46559
2;24;I2_R24_V0_T8;0;8;19;9719;161,9833333;2,699722222;6299;43,65646387;35;46559;56278
2;24;I2_R24_V0_T155;0;155;9;4880;81,33333333;1,355555556;3260;22,61094482;17;56278;61158
2;24;I2_R24_V1_T91;1;91;1;2198;36,63333333;0,610555556;2018;14,0106167;2;33672;35870
2;24;I2_R24_V1_T139;1;139;8;7477;124,6166667;2,076944444;6037;41,89721387;15;36888;44365
2;24;I2_R24_V1_T144;1;144;20;10202;170,0333333;2,833888889;6602;45,78854297;32;44365;54567
2;24;I2_R24_V1_T167;1;167;12;6419;106,9833333;1,783055556;4259;29,52021436;18;54725;61144
2;24;I2_R24_V2_T16;2;16;7;5711;95,18333333;1,586388889;4451;30,88224902;12;36872;42583
2;24;I2_R24_V2_T37;2;37;5;4080;68;1,133333333;3180;22,06679688;10;42583;46663
2;24;I2_R24_V2_T60;2;60;22;10922;182,0333333;3,033888889;6962;48,26669409;37;46808;57730
2;24;I2_R24_V2_T61;2;61;7;3317;55,28333333;0,921388889;2057;14,26419727;11;57730;61047
2;25;I2_R25_V0_T11;0;11;13;10486;174,7666667;2,912777778;7546;52,35618945;21;35875;46361
2;25;I2_R25_V0_T63;0;63;13;6597;109,95;1,8325;4257;29,49776611;22;46361;52958
2;25;I2_R25_V0_T81;0;81;17;8241;137,35;2,289166667;5181;35,91402539;25;52958;61199
2;25;I2_R25_V1_T14;1;14;4;5354;89,23333333;1,487222222;4634;32,15669458;8;36347;41701
2;25;I2_R25_V1_T142;1;142;8;5808;96,8;1,613333333;4368;30,29510156;16;41701;47509
2;25;I2_R25_V1_T145;1;145;11;6235;103,9166667;1,731944444;4255;29,51922266;19;47509;53744
2;25;I2_R25_V1_T168;1;168;15;7228;120,4666667;2,007777778;4528;31,38644897;24;53744;60972
2;25;I2_R25_V2_T7;2;7;1;3276;54,6;0,91;3096;21,48818896;2;35476;38752
2;25;I2_R25_V2_T29;2;29;12;6832;113,8666667;1,897777778;4672;32,41327637;18;38752;45584
2;25;I2_R25_V2_T31;2;31;21;9777;162,95;2,715833333;5997;41,59716748;34;45584;55361
2;25;I2_R25_V2_T40;2;40;14;5835;97,25;1,620833333;3315;22,97667969;23;55361;61196
2;26;I2_R26_V0_T0;0;0;6;5235;87,25;1,454166667;4155;28,8347395;10;38558;43793
2;26;I2_R26_V0_T102;0;102;7;3990;66,5;1,108333333;2730;18,93976758;12;43793;47783
2;26;I2_R26_V0_T203;0;203;13;6619;110,3166667;1,838611111;4279;29,67564282;24;47783;54402
2;26;I2_R26_V0_T215;0;215;13;6790;113,1666667;1,886111111;4450;30,84306055;21;54402;61192
2;26;I2_R26_V1_T6;1;6;1;286;4,766666667;0,079444444;106;0,724804688;2;35372;35658
2;26;I2_R26_V1_T54;1;54;8;6337;105,6166667;1,760277778;4897;33,96806348;13;35773;42110
2;26;I2_R26_V1_T66;1;66;1;1022;17,03333333;0,283888889;842;5,835371094;2;42110;43132
2;26;I2_R26_V1_T74;1;74;18;8632;143,8666667;2,397777778;5392;37,38304297;28;43132;51764
2;26;I2_R26_V1_T134;1;134;18;9357;155,95;2,599166667;6117;42,41566406;30;51764;61121
2;26;I2_R26_V2_T0;2;0;2;4342;72,36666667;1,206111111;3982;27,63784106;3;36220;40562
2;26;I2_R26_V2_T5;2;5;7;5486;91,43333333;1,523888889;4226;29,31514062;12;40562;46048
2;26;I2_R26_V2_T46;2;46;19;8828;147,1333333;2,452222222;5408;37,4966311;36;46154;54982
2;26;I2_R26_V2_T135;2;135;13;6207;103,45;1,724166667;3867;26,80769287;20;54982;61189
2;27;I2_R27_V0_T2;0;2;9;7274;121,2333333;2,020555556;5407;37,51264547;13;35616;42890
2;27;I2_R27_V0_T21;0;21;11;5892;98,2;1,636666667;3912;27,12311621;19;42890;48782
2;27;I2_R27_V0_T27;0;27;19;8598;143,3;2,388333333;5178;35,89101162;32;48782;57380
2;27;I2_R27_V0_T56;0;56;8;3816;63,6;1,06;2376;16,46398438;13;57380;61196
2;27;I2_R27_V1_T13;1;13;2;6354;105,9;1,765;4512;31,32110645;2;32400;38754
2;27;I2_R27_V1_T38;1;38;5;3080;51,33333333;0,855555556;2180;15,12272754;8;39693;42773
2;27;I2_R27_V1_T45;1;45;7;5000;83,33333333;1,388888889;3740;25,94786426;12;42773;47773
2;27;I2_R27_V1_T146;1;146;3;2205;36,75;0,6125;1665;11,55254297;6;47773;49978
2;27;I2_R27_V1_T215;1;215;22;10856;180,9333333;3,015555556;6896;47,80230762;39;49978;60834
2;27;I2_R27_V2_T10;2;10;5;4744;79,06666667;1,317777778;3844;26,67466406;9;35333;40077
2;27;I2_R27_V2_T86;2;86;10;6841;114,0166667;1,900277778;5041;34,96371436;16;40101;46942
2;27;I2_R27_V2_T146;2;146;9;4960;82,66666667;1,377777778;3340;23,16292773;16;46997;51957
2;27;I2_R27_V2_T259;2;259;17;8664;144,4;2,406666667;5604;38,84927295;28;52352;61016
2;28;I2_R28_V0_T7;0;7;1;4240;70,66666667;1,177777778;4060;28,18537964;2;33370;37610
2;28;I2_R28_V0_T16;0;16;12;6153;102,55;1,709166667;3993;27,68391797;18;38866;45019
2;28;I2_R28_V0_T20;0;20;16;7815;130,25;2,170833333;4934;34,19967566;26;45019;52834
2;28;I2_R28_V0_T61;0;61;17;8299;138,3166667;2,305277778;5239;36,32415735;27;52834;61133
2;28;I2_R28_V1_T2;1;2;10;6763;112,7166667;1,878611111;4963;34,41878467;15;35115;41878
2;28;I2_R28_V1_T5;1;5;5;3716;61,93333333;1,032222222;2816;19,53089746;10;42244;45960
2;28;I2_R28_V1_T18;1;18;17;8250;137,5;2,291666667;5190;35,98451367;28;46104;54354
2;28;I2_R28_V1_T155;1;155;13;6674;111,2333333;1,853888889;4334;30,04865967;23;54354;61028
2;28;I2_R28_V2_T47;2;47;7;5605;93,41666667;1,556944444;4207;29,19749219;12;36834;42439
2;28;I2_R28_V2_T55;2;55;19;9118;151,9666667;2,532777778;5698;39,49352979;26;42715;51833
2;28;I2_R28_V2_T106;2;106;5;3126;52,1;0,868333333;2226;15,42865332;10;51833;54959
2;28;I2_R28_V2_T202;2;202;11;6240;104;1,733333333;4260;29,5315918;20;54959;61199
2;29;I2_R29_V0_T35;0;35;3;5750;95,83333333;1,597222222;4186;29,05688126;4;33599;39349
2;29;I2_R29_V0_T45;0;45;3;2054;34,23333333;0,570555556;1514;10,49907031;6;39349;41403
2;29;I2_R29_V0_T49;0;49;14;8713;145,2166667;2,420277778;6193;42,97347852;21;41520;50233
2;29;I2_R29_V0_T63;0;63;24;10783;179,7166667;2,995277778;6463;44,78144312;37;50338;61121
2;29;I2_R29_V1_T22;1;22;1;3066;51,1;0,851666667;2886;20,03242578;1;32400;35466
2;29;I2_R29_V1_T38;1;38;7;5242;87,36666667;1,456111111;3521;24,42258203;11;37679;42921
2;29;I2_R29_V1_T61;1;61;15;8169;136,15;2,269166667;5469;37,92884033;28;42921;51090
2;29;I2_R29_V1_T182;1;182;17;10059;167,65;2,794166667;6931;48,08312891;30;51090;61149
2;29;I2_R29_V2_T49;2;49;8;6392;106,5333333;1,775555556;4952;34,35765576;13;36465;42857
2;29;I2_R29_V2_T61;2;61;12;6695;111,5833333;1,859722222;4535;31,45359424;21;42922;49617
2;29;I2_R29_V2_T83;2;83;10;5340;89;1,483333333;3540;24,53896094;19;49617;54957
2;29;I2_R29_V2_T104;2;104;13;6120;102;1,7;3780;26,19490625;21;54957;61077
2;30;I2_R30_V0_T16;0;16;8;7408;123,4666667;2,057777778;5968;41,41333008;14;35055;42463
2;30;I2_R30_V0_T42;0;42;2;1741;29,01666667;0,483611111;1381;9,573771484;4;42463;44204
2;30;I2_R30_V0_T112;0;112;11;6682;111,3666667;1,856111111;4702;32,61023047;20;44285;50967
2;30;I2_R30_V0_T281;0;281;20;9159;152,65;2,544166667;5559;38,51845062;33;50967;60126
2;30;I2_R30_V1_T62;1;62;2;3033;50,55;0,8425;2673;18,5530332;4;33172;36205
2;30;I2_R30_V1_T106;1;106;8;6446;107,4333333;1,790555556;5006;34,73854883;13;36205;42651
2;30;I2_R30_V1_T166;1;166;21;11585;193,0833333;3,218055556;7805;54,11772052;33;42856;54441
2;30;I2_R30_V1_T168;1;168;13;6727;112,1166667;1,868611111;4387;30,4145;23;54441;61168
2;30;I2_R30_V2_T0;2;0;6;4608;76,8;1,28;3503;24,29702148;11;36490;41098
2;30;I2_R30_V2_T7;2;7;12;6242;104,0333333;1,733888889;4082;28,3033999;20;41098;47340
2;30;I2_R30_V2_T36;2;36;17;7854;130,9;2,181666667;4794;33,2236582;28;47340;55194
2;30;I2_R30_V2_T134;2;134;10;5934;98,9;1,648333333;4134;28,67899261;16;55194;61128
2;31;I2_R31_V0_T4;0;4;8;7109;118,4833333;1,974722222;5669;39,33707117;13;35227;42336
2;31;I2_R31_V0_T17;0;17;10;6535;108,9166667;1,815277778;4480;31,07937402;17;42708;49243
2;31;I2_R31_V0_T98;0;98;23;9296;154,9333333;2,582222222;5156;35,72562939;40;49263;58559
2;31;I2_R31_V0_T257;0;257;3;2469;41,15;0,685833333;1929;13,38135645;5;58559;61028
2;31;I2_R31_V1_T18;1;18;14;8366;139,4333333;2,323888889;5459;37,8554585;21;36917;45283
2;31;I2_R31_V1_T20;1;20;16;7957;132,6166667;2,210277778;4952;34,33074023;26;45283;53240
2;31;I2_R31_V1_T141;1;141;16;7686;128,1;2,135;4806;33,32282617;24;53468;61154
2;31;I2_R31_V2_T13;2;13;2;3312;55,2;0,92;2952;20,48779785;4;32955;36267
2;31;I2_R31_V2_T16;2;16;3;4631;77,18333333;1,286388889;4091;28,39871289;6;37235;41866
2;31;I2_R31_V2_T92;2;92;9;5579;92,98333333;1,549722222;3959;27,45336133;15;41866;47445
2;31;I2_R31_V2_T136;2;136;16;8495;141,5833333;2,359722222;5615;38,93920953;31;47445;55940
2;31;I2_R31_V2_T201;2;201;7;5219;86,98333333;1,449722222;3959;27,46817773;13;55940;61159
2;32;I2_R32_V0_T15;0;15;1;4464;74,4;1,24;4284;29,7403252;2;33271;37735
2;32;I2_R32_V0_T29;0;29;10;7015;116,9166667;1,948611111;5215;36,16919336;14;37735;44750
2;32;I2_R32_V0_T89;0;89;19;9914;165,2333333;2,753888889;6494;45,02091135;34;45058;54972
2;32;I2_R32_V0_T121;0;121;12;6091;101,5166667;1,691944444;3931;27,26812927;22;54972;61063
2;32;I2_R32_V1_T40;1;40;11;7646;127,4333333;2,123888889;5666;39,30808533;16;36750;44396
2;32;I2_R32_V1_T53;1;53;18;9255;154,25;2,570833333;6015;41,7142207;31;44586;53841
2;32;I2_R32_V1_T238;1;238;16;7264;121,0666667;2,017777778;4384;30,39457422;24;53886;61150
2;32;I2_R32_V2_T33;2;33;3;4531;75,51666667;1,258611111;3991;27,70742529;6;35350;39881
2;32;I2_R32_V2_T101;2;101;8;6590;109,8333333;1,830555556;5150;35,73396621;15;40210;46800
2;32;I2_R32_V2_T177;2;177;12;5574;92,9;1,548333333;3414;23,64621875;22;46816;52390
2;32;I2_R32_V2_T280;2;280;17;6928;115,4666667;1,924444444;3868;26,80240332;28;52390;59318
2;33;I2_R33_V0_T4;0;4;15;8855;147,5833333;2,459722222;6155;42,68825565;24;37258;46113
2;33;I2_R33_V0_T114;0;114;13;7087;118,1166667;1,968611111;4747;32,91294141;24;46343;53430
2;33;I2_R33_V0_T296;0;296;16;7471;124,5166667;2,075277778;4591;31,81925146;25;53516;60987
2;33;I2_R33_V1_T11;1;11;17;10578;176,3;2,938333333;7518;52,14956104;25;35571;46149
2;33;I2_R33_V1_T44;1;44;16;8383;139,7166667;2,328611111;5503;38,14460547;28;46678;55061
2;33;I2_R33_V1_T49;1;49;11;6125;102,0833333;1,701388889;4145;28,74073828;18;55061;61186
2;33;I2_R33_V2_T30;2;30;2;5202;86,7;1,445;4842;33,61919922;3;33023;38225
2;33;I2_R33_V2_T46;2;46;13;8197;136,6166667;2,276944444;5857;40,62666211;24;38225;46422
2;33;I2_R33_V2_T57;2;57;19;9215;153,5833333;2,559722222;5795;40,17984448;35;46620;55835
2;33;I2_R33_V2_T71;2;71;9;5270;87,83333333;1,463888889;3650;25,32373828;15;55835;61105
2;34;I2_R34_V0_T53;0;53;4;6377;106,2833333;1,771388889;3904;27,09301611;4;32400;38777
2;34;I2_R34_V0_T67;0;67;1;1098;18,3;0,305;918;6,365235352;2;38777;39875
2;34;I2_R34_V0_T124;0;124;11;6806;113,4333333;1,890555556;4826;33,47905469;16;40099;46905
2;34;I2_R34_V0_T172;0;172;16;8080;134,6666667;2,244444444;5200;36,04478583;29;46905;54985
2;34;I2_R34_V0_T276;0;276;13;6181;103,0166667;1,716944444;3841;26,62226221;20;54985;61166
2;34;I2_R34_V1_T8;1;8;2;4483;74,71666667;1,245277778;4123;28,61995264;4;33704;38187
2;34;I2_R34_V1_T37;1;37;6;5285;88,08333333;1,468055556;4205;29,17225195;12;38187;43472
2;34;I2_R34_V1_T87;1;87;10;6038;100,6333333;1,677222222;4238;29,39377148;20;43525;49563
2;34;I2_R34_V1_T135;1;135;25;11398;189,9666667;3,166111111;6898;47,82219727;35;49563;60961
2;34;I2_R34_V2_T78;2;78;1;1852;30,86666667;0,514444444;792;5,494152344;1;32400;34252
2;34;I2_R34_V2_T84;2;84;7;6166;102,7666667;1,712777778;4906;34,04111328;14;36220;42386
2;34;I2_R34_V2_T138;2;138;13;7707;128,45;2,140833333;5367;37,21527979;24;42386;50093
2;34;I2_R34_V2_T171;2;171;12;4836;80,6;1,343333333;2676;18,53949219;22;50093;54929
2;34;I2_R34_V2_T293;2;293;11;6148;102,4666667;1,707777778;4168;28,89827557;20;54929;61077
2;35;I2_R35_V0_T19;0;19;4;3958;65,96666667;1,099444444;3238;22,46511328;7;36112;40070
2;35;I2_R35_V0_T34;0;34;7;4397;73,28333333;1,221388889;3137;21,77099512;13;40070;44467
2;35;I2_R35_V0_T236;0;236;15;8112;135,2;2,253333333;5412;37,51637988;27;44518;52630
2;35;I2_R35_V0_T280;0;280;15;8397;139,95;2,3325;5697;39,50818848;26;52630;61027
2;35;I2_R35_V1_T21;1;21;5;6497;108,2833333;1,804722222;5597;38,85319727;7;34831;41328
2;35;I2_R35_V1_T80;1;80;13;6881;114,6833333;1,911388889;4541;31,50312939;20;41328;48209
2;35;I2_R35_V1_T81;1;81;11;5514;91,9;1,531666667;3534;24,50354785;20;48209;53723
2;35;I2_R35_V1_T90;1;90;17;7268;121,1333333;2,018888889;4208;29,15238037;28;53723;60991
2;35;I2_R35_V2_T5;2;5;12;8734;145,5666667;2,426111111;6335;43,96057382;19;37236;45970
2;35;I2_R35_V2_T9;2;9;12;6463;107,7166667;1,795277778;4303;29,84342578;23;45970;52433
2;35;I2_R35_V2_T88;2;88;19;8459;140,9833333;2,349722222;5039;34,91946582;33;52433;60892
2;36;I2_R36_V0_T20;0;20;1;3438;57,3;0,955;3258;22,62162695;2;37516;40954
2;36;I2_R36_V0_T66;0;66;7;6121;102,0166667;1,700277778;4861;33,72920313;13;40954;47075
2;36;I2_R36_V0_T104;0;104;15;7864;131,0666667;2,184444444;5164;35,7915647;27;47075;54939
2;36;I2_R36_V0_T106;0;106;11;5590;93,16666667;1,552777778;3610;25,02261963;18;54980;60570
2;36;I2_R36_V1_T1;1;1;16;12150;202,5;3,375;7783;53,98693848;21;35248;47398
2;36;I2_R36_V1_T18;1;18;13;6127;102,1166667;1,701944444;3787;26,26124219;24;47398;53525
2;36;I2_R36_V1_T211;1;211;17;7608;126,8;2,113333333;4548;31,53107129;32;53525;61133
2;36;I2_R36_V2_T16;2;16;3;6906;115,1;1,918333333;2212;15,34425;3;32400;39306
2;36;I2_R36_V2_T30;2;30;14;7750;129,1666667;2,152777778;5230;36,2595011;24;40206;47956
2;36;I2_R36_V2_T89;2;89;15;6514;108,5666667;1,809444444;3814;26,41624805;29;47956;54470
2;36;I2_R36_V2_T161;2;161;13;6618;110,3;1,838333333;4278;29,66392187;22;54540;61158
2;37;I2_R37_V0_T11;0;11;4;5925;98,75;1,645833333;3082;21,39054492;7;34665;40590
2;37;I2_R37_V0_T28;0;28;9;6769;112,8166667;1,880277778;5149;35,7287417;16;40590;47359
2;37;I2_R37_V0_T37;0;37;9;4984;83,06666667;1,384444444;3364;23,32948535;17;47359;52343
2;37;I2_R37_V0_T49;0;49;20;8095;134,9166667;2,248611111;4495;31,1399292;34;52343;60438
2;37;I2_R37_V1_T6;1;6;7;5691;94,85;1,580833333;4003;27,77399609;11;37234;42925
2;37;I2_R37_V1_T9;1;9;7;3769;62,81666667;1,046944444;2509;17,39175781;11;43136;46905
2;37;I2_R37_V1_T10;1;10;16;7318;121,9666667;2,032777778;4438;30,7572715;28;47388;54706
2;37;I2_R37_V1_T254;1;254;15;6424;107,0666667;1,784444444;3724;25,80080078;26;54720;61144
2;37;I2_R37_V2_T24;2;24;3;9240;154;2,566666667;4414;30,63684375;3;32400;41640
2;37;I2_R37_V2_T30;2;30;10;5972;99,53333333;1,658888889;4172;28,9343114;16;41982;47954
2;37;I2_R37_V2_T31;2;31;15;6274;104,5666667;1,742777778;3574;24,75916211;25;48072;54346
2;37;I2_R37_V2_T104;2;104;12;6729;112,15;1,869166667;4569;31,67259326;23;54446;61175
2;38;I2_R38_V0_T1;0;1;6;6952;115,8666667;1,931111111;5500;38,1772439;9;36558;43510
2;38;I2_R38_V0_T8;0;8;17;8153;135,8833333;2,264722222;5093;35,30593359;28;43756;51909
2;38;I2_R38_V0_T10;0;10;14;7980;133;2,216666667;5460;37,86124417;24;51909;59889
2;38;I2_R38_V0_T18;0;18;1;1262;21,03333333;0,350555556;1082;7,508460938;2;59889;61151
2;38;I2_R38_V1_T10;1;10;6;6716;111,9333333;1,865555556;5636;39,10293848;9;34124;40840
2;38;I2_R38_V1_T11;1;11;6;3864;64,4;1,073333333;2784;19,31000391;12;40930;44794
2;38;I2_R38_V1_T35;1;35;26;12189;203,15;3,385833333;7509;52,06752356;42;45300;57489
2;38;I2_R38_V1_T52;1;52;4;3692;61,53333333;1,025555556;2972;20,62510742;7;57489;61181
2;38;I2_R38_V2_T15;2;15;6;4849;80,81666667;1,346944444;3769;26,1524704;9;36950;41799
2;38;I2_R38_V2_T38;2;38;11;5647;94,11666667;1,568611111;3667;25,44077051;19;41939;47586
2;38;I2_R38_V2_T50;2;50;11;6946;115,7666667;1,929444444;4966;34,44419336;22;47586;54532
2;38;I2_R38_V2_T67;2;67;9;6565;109,4166667;1,823611111;4945;34,30654492;16;54573;61138
2;39;I2_R39_V0_T10;0;10;1;3612;60,2;1,003333333;3432;23,83037109;1;32400;36012
2;39;I2_R39_V0_T25;0;25;10;6762;112,7;1,878333333;4962;34,42245508;15;37103;43865
2;39;I2_R39_V0_T65;0;65;11;6095;101,5833333;1,693055556;4115;28,53187109;20;44412;50507
2;39;I2_R39_V0_T103;0;103;23;10538;175,6333333;2,927222222;6398;44,34071191;32;50507;61045
2;39;I2_R39_V1_T14;1;14;2;4686;78,1;1,301666667;4326;30,03184186;4;33187;37873
2;39;I2_R39_V1_T26;1;26;6;4435;73,91666667;1,231944444;3322;23,04498438;10;37873;42308
2;39;I2_R39_V1_T39;1;39;8;6271;104,5166667;1,741944444;4831;33,51725977;13;42396;48667
2;39;I2_R39_V1_T78;1;78;21;10609;176,8166667;2,946944444;6829;47,35496078;35;48667;59276
2;39;I2_R39_V1_T80;1;80;1;1238;20,63333333;0,343888889;1058;7,3386875;2;59276;60514
2;39;I2_R39_V2_T29;2;29;6;6013;100,2166667;1,670277778;4322;29,99008887;10;35768;41781
2;39;I2_R39_V2_T133;2;133;13;7020;117;1,95;4680;32,44560724;23;41781;48801
2;39;I2_R39_V2_T149;2;149;13;6374;106,2333333;1,770555556;4034;27,97125342;24;48801;55175
2;39;I2_R39_V2_T163;2;163;12;6002;100,0333333;1,667222222;3842;26,63752051;19;55175;61177
2;40;I2_R40_V0_T11;0;11;6;6157;102,6166667;1,710277778;5077;35,23527734;8;32918;39075
2;40;I2_R40_V0_T18;0;18;5;4385;73,08333333;1,218055556;3485;24,1819415;9;39206;43591
2;40;I2_R40_V0_T65;0;65;12;6561;109,35;1,8225;4401;30,5271377;20;43640;50201
2;40;I2_R40_V0_T256;0;256;23;10765;179,4166667;2,990277778;6625;45,90333737;36;50256;61021
2;40;I2_R40_V1_T62;1;62;1;3270;54,5;0,908333333;3090;21,44682617;2;33881;37151
2;40;I2_R40_V1_T69;1;69;7;4723;78,71666667;1,311944444;3338;23,15117334;11;37151;41874
2;40;I2_R40_V1_T92;1;92;3;2177;36,28333333;0,604722222;1637;11,35122656;5;41874;44051
2;40;I2_R40_V1_T113;1;113;9;5350;89,16666667;1,486111111;3730;25,87639551;17;44693;50043
2;40;I2_R40_V1_T119;1;119;17;8194;136,5666667;2,276111111;5134;35,59550537;27;50043;58237
2;40;I2_R40_V1_T254;1;254;5;2877;47,95;0,799166667;1977;13,7020332;7;58237;61114
2;40;I2_R40_V2_T36;2;36;2;4449;74,15;1,235833333;4089;28,38672266;3;33220;37669
2;40;I2_R40_V2_T41;2;41;8;6080;101,3333333;1,688888889;4640;32,17759836;12;37839;43919
2;40;I2_R40_V2_T42;2;42;14;6987;116,45;1,940833333;4467;30,97948438;22;43919;50906
2;40;I2_R40_V2_T145;2;145;9;4680;78;1,3;3060;21,21598877;16;50906;55586
2;40;I2_R40_V2_T182;2;182;9;5480;91,33333333;1,522222222;3860;26,76284668;16;55586;61066
2;41;I2_R41_V0_T80;0;80;2;2553;42,55;0,709166667;2193;15,21375879;4;33731;36284
2;41;I2_R41_V0_T95;0;95;7;5822;97,03333333;1,617222222;4562;31,65011719;12;37101;42923
2;41;I2_R41_V0_T115;0;115;9;5847;97,45;1,624166667;4227;29,31235413;15;42986;48833
2;41;I2_R41_V0_T116;0;116;27;11817;196,95;3,2825;6957;48,22079492;39;48857;60674
2;41;I2_R41_V1_T2;1;2;2;3969;66,15;1,1025;3598;24,97386401;2;32400;36369
2;41;I2_R41_V1_T34;1;34;5;5151;85,85;1,430833333;3614;25,07980273;6;36726;41877
2;41;I2_R41_V1_T39;1;39;12;5795;96,58333333;1,609722222;3635;25,1942627;20;41877;47672
2;41;I2_R41_V1_T63;1;63;14;7188;119,8;1,996666667;4668;32,37648242;24;47672;54860
2;41;I2_R41_V1_T76;1;76;13;6236;103,9333333;1,732222222;3896;27,00308008;22;54860;61096
2;41;I2_R41_V2_T8;2;8;5;6241;104,0166667;1,733611111;5341;37,06195166;9;35728;41969
2;41;I2_R41_V2_T19;2;19;7;5079;84,65;1,410833333;3819;26,49189111;12;41969;47048
2;41;I2_R41_V2_T24;2;24;16;6912;115,2;1,92;4032;27,94001221;26;47126;54038
2;41;I2_R41_V2_T59;2;59;14;7121;118,6833333;1,978055556;4601;31,89741943;26;54068;61189
2;42;I2_R42_V0_T2;0;2;11;7491;124,85;2,080833333;5137;35,63368292;18;36771;44262
2;42;I2_R42_V0_T3;0;3;21;9064;151,0666667;2,517777778;5284;36,61433923;38;44262;53326
2;42;I2_R42_V0_T18;0;18;14;7390;123,1666667;2,052777778;4870;33,76995947;24;53711;61101
2;42;I2_R42_V1_T8;1;8;3;4861;81,01666667;1,350277778;4321;29,98712305;4;33958;38819
2;42;I2_R42_V1_T43;1;43;14;9165;152,75;2,545833333;6519;45,22340674;19;38896;48061
2;42;I2_R42_V1_T74;1;74;12;5726;95,43333333;1,590555556;3566;24,71420898;22;48061;53787
2;42;I2_R42_V1_T113;1;113;15;7130;118,8333333;1,980555556;4430;30,71606274;28;54042;61172
2;42;I2_R42_V2_T17;2;17;2;4183;69,71666667;1,161944444;2731;18,95570215;3;34555;38738
2;42;I2_R42_V2_T32;2;32;12;6819;113,65;1,894166667;4659;32,29864648;19;38738;45557
2;42;I2_R42_V2_T158;2;158;20;10310;171,8333333;2,863888889;6710;46,51582715;35;45656;55966
2;42;I2_R42_V2_T238;2;238;12;5218;86,96666667;1,449444444;3058;21,18854688;20;55966;61184
2;43;I2_R43_V0_T8;0;8;2;5320;88,66666667;1,477777778;4960;34,43568036;4;33256;38576
2;43;I2_R43_V0_T24;0;24;1;2334;38,9;0,648333333;2154;14,95566992;2;38576;40910
2;43;I2_R43_V0_T35;0;35;10;7664;127,7333333;2,128888889;5864;40,68766003;19;40910;48574
2;43;I2_R43_V0_T107;0;107;12;5535;92,25;1,5375;3375;23,39058398;18;48574;54109
2;43;I2_R43_V0_T111;0;111;14;7075;117,9166667;1,965277778;4555;31,58434766;23;54109;61184
2;43;I2_R43_V1_T54;1;54;7;7028;117,1333333;1,952222222;5436;37,72622461;10;34006;41034
2;43;I2_R43_V1_T63;1;63;10;5511;91,85;1,530833333;3711;25,72735938;18;41034;46545
2;43;I2_R43_V1_T69;1;69;17;8418;140,3;2,338333333;5358;37,15610376;30;46557;54975
2;43;I2_R43_V1_T110;1;110;10;6141;102,35;1,705833333;4341;30,11740869;17;55011;61152
2;43;I2_R43_V2_T28;2;28;2;2391;39,85;0,664166667;2031;14,09691602;2;32400;34791
2;43;I2_R43_V2_T41;2;41;7;5543;92,38333333;1,539722222;4283;29,70866882;12;36678;42221
2;43;I2_R43_V2_T102;2;102;5;3921;65,35;1,089166667;3021;20,96076367;9;42872;46793
2;43;I2_R43_V2_T109;2;109;15;7553;125,8833333;2,098055556;4853;33,63987378;28;47214;54767
2;43;I2_R43_V2_T176;2;176;14;6220;103,6666667;1,727777778;3700;25,6434375;23;54767;60987
2;44;I2_R44_V0_T38;0;38;2;1990;33,16666667;0,552777778;1630;11,31052441;3;38563;40553
2;44;I2_R44_V0_T46;0;46;8;5119;85,31666667;1,421944444;3679;25,51544727;15;40759;45878
2;44;I2_R44_V0_T93;0;93;11;6273;104,55;1,7425;4293;29,78241797;22;45878;52151
2;44;I2_R44_V0_T120;0;120;20;8944;149,0666667;2,484444444;5344;37,03097021;32;52151;61095
2;44;I2_R44_V1_T28;1;28;6;6121;102,0166667;1,700277778;5041;34,98129993;9;37164;43285
2;44;I2_R44_V1_T39;1;39;7;3974;66,23333333;1,103888889;2714;18,81324609;13;43639;47613
2;44;I2_R44_V1_T142;1;142;14;7388;123,1333333;2,052222222;4868;33,76943445;27;47613;55001
2;44;I2_R44_V1_T165;1;165;11;6129;102,15;1,7025;4149;28,76452734;17;55001;61130
2;44;I2_R44_V2_T31;2;31;7;6682;111,3666667;1,856111111;5422;37,62665723;12;35798;42480
2;44;I2_R44_V2_T58;2;58;4;2484;41,4;0,69;1764;12,23319043;8;42480;44964
2;44;I2_R44_V2_T160;2;160;10;5725;95,41666667;1,590277778;3925;27,21511328;19;44964;50689
2;44;I2_R44_V2_T213;2;213;14;8043;134,05;2,234166667;5523;38,293526;26;50689;58732
2;44;I2_R44_V2_T240;2;240;3;2447;40,78333333;0,679722222;1907;13,22351758;5;58732;61179
2;45;I2_R45_V0_T5;0;5;2;3624;60,4;1,006666667;3264;22,65540308;3;34985;38609
2;45;I2_R45_V0_T32;0;32;3;2666;44,43333333;0,740555556;2126;14,75211523;5;38609;41275
2;45;I2_R45_V0_T39;0;39;14;7597;126,6166667;2,110277778;5077;35,19878796;25;41441;49038
2;45;I2_R45_V0_T226;0;226;12;6331;105,5166667;1,758611111;4171;28,93174878;23;49038;55369
2;45;I2_R45_V0_T253;0;253;11;5821;97,01666667;1,616944444;3841;26,63991992;18;55369;61190
2;45;I2_R45_V1_T8;1;8;3;4203;70,05;1,1675;3663;25,42779688;6;33975;38178
2;45;I2_R45_V1_T37;1;37;5;4180;69,66666667;1,161111111;3280;22,76195361;10;38228;42408
2;45;I2_R45_V1_T126;1;126;6;3318;55,3;0,921666667;2238;15,51736426;10;42626;45944
2;45;I2_R45_V1_T137;1;137;23;11227;187,1166667;3,118611111;7087;49,13583203;39;46017;57244
2;45;I2_R45_V1_T148;1;148;6;3849;64,15;1,069166667;2769;19,20330762;9;57244;61093
2;45;I2_R45_V2_T26;2;26;1;2486;41,43333333;0,690555556;2306;16,00010352;2;35157;37643
2;45;I2_R45_V2_T40;2;40;12;7472;124,5333333;2,075555556;5312;36,8565791;21;37938;45410
2;45;I2_R45_V2_T58;2;58;18;8484;141,4;2,356666667;5244;36,34944141;34;45410;53894
2;45;I2_R45_V2_T66;2;66;17;7243;120,7166667;2,011944444;4183;28,9729375;28;53894;61137
2;46;I2_R46_V0_T2;0;2;6;7080;118;1,966666667;6000;41,63543066;9;36686;43766
2;46;I2_R46_V0_T21;0;21;13;6860;114,3333333;1,905555556;4520;31,33492969;22;43766;50626
2;46;I2_R46_V0_T22;0;22;12;6669;111,15;1,8525;4509;31,26712939;23;50626;57295
2;46;I2_R46_V0_T37;0;37;6;3829;63,81666667;1,063611111;2749;19,05863867;9;57295;61124
2;46;I2_R46_V1_T1;1;1;6;5226;87,1;1,451666667;3850;26,71334375;9;38427;43653
2;46;I2_R46_V1_T41;1;41;1;1334;22,23333333;0,370555556;1154;8,002051758;2;43653;44987
2;46;I2_R46_V1_T69;1;69;15;7911;131,85;2,1975;5211;36,1356333;29;44987;52898
2;46;I2_R46_V1_T133;1;133;19;8238;137,3;2,288333333;4818;33,38713843;28;52898;61136
2;46;I2_R46_V2_T22;2;22;2;4344;72,4;1,206666667;3984;27,654875;3;32492;36836
2;46;I2_R46_V2_T54;2;54;14;9042;150,7;2,511666667;6522;45,25417371;21;37902;46944
2;46;I2_R46_V2_T69;2;69;17;6813;113,55;1,8925;3753;25,9917793;29;46944;53757
2;46;I2_R46_V2_T105;2;105;13;7241;120,6833333;2,011388889;4901;33,9957373;24;53757;60998
2;47;I2_R47_V0_T96;0;96;6;7612;126,8666667;2,114444444;6532;45,33852148;11;34915;42527
2;47;I2_R47_V0_T144;0;144;8;5111;85,18333333;1,419722222;3671;25,4620791;14;42527;47638
2;47;I2_R47_V0_T199;0;199;21;9864;164,4;2,74;6084;42,17419221;36;47747;57611
2;47;I2_R47_V0_T231;0;231;6;3463;57,71666667;0,961944444;2383;16,53034375;8;57611;61074
2;47;I2_R47_V1_T3;1;3;6;6037;100,6166667;1,676944444;4957;34,39416473;10;35512;41549
2;47;I2_R47_V1_T32;1;32;11;5360;89,33333333;1,488888889;3380;23,42258203;22;42376;47736
2;47;I2_R47_V1_T38;1;38;23;11196;186,6;3,11;7056;48,91660913;37;47943;59139
2;47;I2_R47_V1_T42;1;42;3;1971;32,85;0,5475;1431;9,917347656;4;59139;61110
2;47;I2_R47_V2_T4;2;4;9;6950;115,8333333;1,930555556;4787;33,2141626;13;36784;43734
2;47;I2_R47_V2_T13;2;13;3;2256;37,6;0,626666667;1716;11,90828027;6;43734;45990
2;47;I2_R47_V2_T18;2;18;15;6963;116,05;1,934166667;4263;29,53573828;25;45990;52953
2;47;I2_R47_V2_T41;2;41;17;8121;135,35;2,255833333;5061;35,08312067;25;52953;61074
2;48;I2_R48_V0_T26;0;26;2;2233;37,21666667;0,620277778;1873;13,00246387;3;33841;36074
2;48;I2_R48_V0_T45;0;45;8;5075;84,58333333;1,409722222;3635;25,21617188;12;37910;42985
2;48;I2_R48_V0_T96;0;96;23;11922;198,7;3,311666667;7782;53,96262711;37;42990;54912
2;48;I2_R48_V0_T110;0;110;11;6214;103,5666667;1,726111111;4234;29,34941211;18;54953;61167
2;48;I2_R48_V1_T45;1;45;8;6749;112,4833333;1,874722222;5309;36,83009045;14;34731;41480
2;48;I2_R48_V1_T142;1;142;6;4391;73,18333333;1,219722222;3311;22,96433887;10;41552;45943
2;48;I2_R48_V1_T181;1;181;20;9112;151,8666667;2,531111111;5512;38,19658984;32;45943;55055
2;48;I2_R48_V1_T264;1;264;11;5963;99,38333333;1,656388889;3983;27,62717133;17;55055;61018
2;48;I2_R48_V2_T14;2;14;1;3774;62,9;1,048333333;3594;24,95598047;1;32400;36174
2;48;I2_R48_V2_T52;2;52;6;6328;105,4666667;1,757777778;4878;33,855573;9;36538;42866
2;48;I2_R48_V2_T100;2;100;11;6051;100,85;1,680833333;4071;28,23689746;17;42866;48917
2;48;I2_R48_V2_T154;2;154;25;12203;203,3833333;3,389722222;7703;53,39243494;39;48917;61120
2;49;I2_R49_V0_T0;0;0;13;8606;143,4333333;2,390555556;6266;43,47440039;20;35948;44554
2;49;I2_R49_V0_T92;0;92;16;8530;142,1666667;2,369444444;5650;39,16118652;28;44554;53084
2;49;I2_R49_V0_T99;0;99;14;7771;129,5166667;2,158611111;5251;36,42030322;26;53084;60855
2;49;I2_R49_V1_T19;1;19;12;7941;132,35;2,205833333;5781;40,11496106;17;38034;45975
2;49;I2_R49_V1_T24;1;24;20;9025;150,4166667;2,506944444;5425;37,59799707;33;45975;55000
2;49;I2_R49_V1_T32;1;32;10;5921;98,68333333;1,644722222;4121;28,57940674;15;55000;60921
2;49;I2_R49_V2_T4;2;4;3;5092;84,86666667;1,414444444;4552;31,5942312;4;32550;37642
2;49;I2_R49_V2_T5;2;5;5;4635;77,25;1,2875;3735;25,91272473;7;38786;43421
2;49;I2_R49_V2_T8;2;8;7;3350;55,83333333;0,930555556;2090;14,48989551;13;44105;47455
2;49;I2_R49_V2_T156;2;156;11;5739;95,65;1,594166667;3759;26,07045898;19;47594;53333
2;49;I2_R49_V2_T158;2;158;15;7764;129,4;2,156666667;5064;35,12110278;26;53333;61097
2;50;I2_R50_V0_T13;0;13;11;8495;141,5833333;2,359722222;5918;41,05872461;15;37282;45777
2;50;I2_R50_V0_T26;0;26;17;7475;124,5833333;2,076388889;4415;30,60513086;29;45777;53252
2;50;I2_R50_V0_T200;0;200;18;7716;128,6;2,143333333;4476;31,01505762;29;53422;61138
2;50;I2_R50_V1_T68;1;68;15;9019;150,3166667;2,505277778;6224;43,18027368;24;38598;47617
2;50;I2_R50_V1_T241;1;241;28;13099;218,3166667;3,638611111;8059;55,85791113;46;47617;60716
2;50;I2_R50_V2_T5;2;5;3;4748;79,13333333;1,318888889;4208;29,2083252;6;34254;39002
2;50;I2_R50_V2_T18;2;18;3;3051;50,85;0,8475;2511;17,42076978;6;40205;43256
2;50;I2_R50_V2_T140;2;140;22;10411;173,5166667;2,891944444;6451;44,73154889;40;44690;55101
2;50;I2_R50_V2_T246;2;246;11;5990;99,83333333;1,663888889;4010;27,79391113;17;55101;61091
2;51;I2_R51_V0_T7;0;7;5;6171;102,85;1,714166667;5271;36,5913125;8;33991;40162
2;51;I2_R51_V0_T11;0;11;6;4169;69,48333333;1,158055556;3089;21,43000073;11;40217;44386
2;51;I2_R51_V0_T18;0;18;15;8063;134,3833333;2,239722222;5363;37,18116016;25;44514;52577
2;51;I2_R51_V0_T73;0;73;17;8594;143,2333333;2,387222222;5534;38,38005566;30;52577;61171
2;51;I2_R51_V1_T58;1;58;4;4132;68,86666667;1,147777778;3412;23,67839453;8;35983;40115
2;51;I2_R51_V1_T127;1;127;18;9851;164,1833333;2,736388889;6611;45,84259961;27;40932;50783
2;51;I2_R51_V1_T150;1;150;24;10363;172,7166667;2,878611111;6043;41,87323633;38;50783;61146
2;51;I2_R51_V2_T18;2;18;1;4122;68,7;1,145;3942;27,36404321;1;32400;36522
2;51;I2_R51_V2_T30;2;30;11;9100;151,6666667;2,527777778;7120;49,406;20;36787;45887
2;51;I2_R51_V2_T32;2;32;16;8113;135,2166667;2,253611111;5233;36,27755005;26;46036;54149
2;51;I2_R51_V2_T87;2;87;17;7021;117,0166667;1,950277778;3961;27,44644141;29;54149;61170
2;52;I2_R52_V0_T0;0;0;2;2688;44,8;0,746666667;2328;16,15597754;4;35732;38420
2;52;I2_R52_V0_T7;0;7;14;7630;127,1666667;2,119444444;5110;35,43404102;25;39774;47404
2;52;I2_R52_V0_T23;0;23;15;7165;119,4166667;1,990277778;4412;30,57704883;28;47683;54848
2;52;I2_R52_V0_T29;0;29;10;5585;93,08333333;1,551388889;3785;26,25430835;19;54992;60577
2;52;I2_R52_V1_T6;1;6;4;4872;81,2;1,353333333;2846;19,73949707;5;32694;37566
2;52;I2_R52_V1_T12;1;12;10;6586;109,7666667;1,829444444;4786;33,2028475;17;40008;46594
2;52;I2_R52_V1_T25;1;25;13;7007;116,7833333;1,946388889;4667;32,36503467;25;46594;53601
2;52;I2_R52_V1_T96;1;96;17;7482;124,7;2,078333333;4422;30,64270312;29;53651;61133
2;52;I2_R52_V2_T36;2;36;6;5689;94,81666667;1,580277778;4609;31,98936548;10;37136;42825
2;52;I2_R52_V2_T44;2;44;1;1978;32,96666667;0,549444444;1798;12,48545313;2;42825;44803
2;52;I2_R52_V2_T87;2;87;13;7348;122,4666667;2,041111111;5008;34,72645288;22;44803;52151
2;52;I2_R52_V2_T106;2;106;16;8907;148,45;2,474166667;6027;41,81547754;22;52151;61058
2;53;I2_R53_V0_T5;0;5;1;2829;47,15;0,785833333;1790;12,42806348;1;32400;35229
2;53;I2_R53_V0_T29;0;29;7;5469;91,15;1,519166667;4209;29,19367578;11;37262;42731
2;53;I2_R53_V0_T50;0;50;14;6801;113,35;1,889166667;4281;29,6865957;24;42731;49532
2;53;I2_R53_V0_T106;0;106;11;5870;97,83333333;1,630555556;3890;26,97354297;18;49532;55402
2;53;I2_R53_V0_T228;0;228;10;5786;96,43333333;1,607222222;3986;27,63923096;17;55402;61188
2;53;I2_R53_V1_T35;1;35;8;6897;114,95;1,915833333;5457;37,86380255;13;34731;41628
2;53;I2_R53_V1_T171;1;171;16;8989;149,8166667;2,496944444;6109;42,35986865;28;41985;50974
2;53;I2_R53_V1_T174;1;174;5;2556;42,6;0,71;1656;11,47080273;9;50974;53530
2;53;I2_R53_V1_T180;1;180;18;7640;127,3333333;2,122222222;4400;30,48351318;30;53530;61170
2;53;I2_R53_V2_T51;2;51;5;5084;84,73333333;1,412222222;4184;29,03094098;8;36709;41793
2;53;I2_R53_V2_T77;2;77;18;8678;144,6333333;2,410555556;5311;36,82449176;28;41793;50471
2;53;I2_R53_V2_T126;2;126;14;7027;117,1166667;1,951944444;4507;31,25780371;21;50772;57799
2;53;I2_R53_V2_T151;2;151;5;3363;56,05;0,934166667;2463;17,09574805;8;57799;61162
2;54;I2_R54_V0_T1;0;1;5;4850;80,83333333;1,347222222;3950;27,40789551;10;36178;41028
2;54;I2_R54_V0_T2;0;2;10;6618;110,3;1,838333333;4080;28,29164893;16;41028;47646
2;54;I2_R54_V0_T4;0;4;11;5629;93,81666667;1,563611111;3649;25,29951172;20;47653;53282
2;54;I2_R54_V0_T14;0;14;16;7821;130,35;2,1725;4941;34,26096289;27;53282;61103
2;54;I2_R54_V1_T37;1;37;1;3072;51,2;0,853333333;2892;20,07084961;2;34496;37568
2;54;I2_R54_V1_T39;1;39;10;5512;91,86666667;1,531111111;3712;25,74126172;19;41058;46570
2;54;I2_R54_V1_T98;1;98;15;8181;136,35;2,2725;5373;37,26123532;26;46570;54751
2;54;I2_R54_V1_T113;1;113;11;6216;103,6;1,726666667;4236;29,37049829;18;54751;60967
2;54;I2_R54_V2_T8;2;8;7;7108;118,4666667;1,974444444;5848;40,59446069;11;36497;43605
2;54;I2_R54_V2_T52;2;52;18;8318;138,6333333;2,310555556;5078;35,19489502;30;43605;51923
2;54;I2_R54_V2_T154;2;154;19;9236;153,9333333;2,565555556;5816;40,32535449;31;51962;61198
2;55;I2_R55_V0_T5;0;5;5;5570;92,83333333;1,547222222;4670;32,40634674;8;35868;41438
2;55;I2_R55_V0_T31;0;31;20;9729;162,15;2,7025;6129;42,48597229;35;41572;51301
2;55;I2_R55_V0_T50;0;50;21;9642;160,7;2,678333333;5862;40,62881201;36;51301;60943
2;55;I2_R55_V1_T4;1;4;2;2886;48,1;0,801666667;2526;17,53621484;4;35966;38852
2;55;I2_R55_V1_T7;1;7;9;6660;111;1,85;5040;34,96204587;16;39091;45751
2;55;I2_R55_V1_T10;1;10;8;4453;74,21666667;1,236944444;3013;20,88910742;15;45751;50204
2;55;I2_R55_V1_T148;1;148;22;10650;177,5;2,958333333;6690;46,40706982;35;50432;61082
2;55;I2_R55_V2_T10;2;10;5;4419;73,65;1,2275;3519;24,41204492;8;36003;40422
2;55;I2_R55_V2_T13;2;13;12;6514;108,5666667;1,809444444;4354;30,18719531;20;41021;47535
2;55;I2_R55_V2_T18;2;18;18;9007;150,1166667;2,501944444;5766;39,98486377;32;47535;56542
2;55;I2_R55_V2_T96;2;96;9;4548;75,8;1,263333333;2928;20,29841992;18;56542;61090
2;56;I2_R56_V0_T9;0;9;8;6364;106,0666667;1,767777778;4924;34,17353809;14;36397;42761
2;56;I2_R56_V0_T30;0;30;16;8482;141,3666667;2,356111111;5602;38,8543418;29;43055;51537
2;56;I2_R56_V0_T49;0;49;12;4839;80,65;1,344166667;2679;18,55226562;21;51537;56376
2;56;I2_R56_V0_T84;0;84;11;4702;78,36666667;1,306111111;2722;18,86020117;18;56376;61078
2;56;I2_R56_V1_T56;1;56;5;5238;87,3;1,455;4338;30,11242529;8;35176;40414
2;56;I2_R56_V1_T58;1;58;7;4781;79,68333333;1,328055556;3521;24,42296484;14;40435;45216
2;56;I2_R56_V1_T84;1;84;21;8795;146,5833333;2,443055556;5015;34,7568739;32;45264;54059
2;56;I2_R56_V1_T182;1;182;14;6904;115,0666667;1,917777778;4384;30,39197266;23;54059;60963
2;56;I2_R56_V2_T24;2;24;4;5093;84,88333333;1,414722222;4373;30,34560938;8;35164;40257
2;56;I2_R56_V2_T79;2;79;8;5444;90,73333333;1,512222222;4004;27,77172632;12;40701;46145
2;56;I2_R56_V2_T172;2;172;16;8298;138,3;2,305;5418;37,56894861;30;46145;54443
2;56;I2_R56_V2_T175;2;175;13;6427;107,1166667;1,785277778;4087;28,33724243;20;54632;61059
2;57;I2_R57_V0_T15;0;15;3;6074;101,2333333;1,687222222;4868;33,78895166;3;32400;38474
2;57;I2_R57_V0_T18;0;18;1;1664;27,73333333;0,462222222;1484;10,29290039;2;39877;41541
2;57;I2_R57_V0_T63;0;63;11;7143;119,05;1,984166667;5163;35,81754541;19;41541;48684
2;57;I2_R57_V0_T95;0;95;20;9722;162,0333333;2,700555556;6122;42,43989185;37;48716;58438
2;57;I2_R57_V0_T167;0;167;4;2656;44,26666667;0,737777778;1936;13,42929687;7;58438;61094
2;57;I2_R57_V1_T36;1;36;15;11067;184,45;3,074166667;8367;58,05692944;20;35307;46374
2;57;I2_R57_V1_T67;1;67;12;5863;97,71666667;1,628611111;3703;25,6700293;24;46582;52445
2;57;I2_R57_V1_T71;1;71;18;8752;145,8666667;2,431111111;5512;38,20908398;31;52445;61197
2;57;I2_R57_V2_T48;2;48;1;1762;29,36666667;0,489444444;1582;10,98385547;2;38527;40289
2;57;I2_R57_V2_T84;2;84;14;7535;125,5833333;2,093055556;5015;34,76748926;21;40289;47824
2;57;I2_R57_V2_T94;2;94;16;7314;121,9;2,031666667;4434;30,75066382;30;47824;55138
2;57;I2_R57_V2_T214;2;214;10;5917;98,61666667;1,643611111;4117;28,54732227;18;55138;61055
2;58;I2_R58_V0_T15;0;15;3;4563;76,05;1,2675;4023;27,92019531;6;36785;41348
2;58;I2_R58_V0_T19;0;19;2;2999;49,98333333;0,833055556;2639;18,31604883;3;41525;44524
2;58;I2_R58_V0_T122;0;122;13;7411;123,5166667;2,058611111;5071;35,18116917;24;44528;51939
2;58;I2_R58_V0_T234;0;234;17;9259;154,3166667;2,571944444;6199;42,99236182;27;51939;61198
2;58;I2_R58_V1_T3;1;3;4;4837;80,61666667;1,343611111;4117;28,57761719;8;36844;41681
2;58;I2_R58_V1_T12;1;12;13;8153;135,8833333;2,264722222;5813;40,31348926;23;41745;49898
2;58;I2_R58_V1_T50;1;50;13;6254;104,2333333;1,737222222;3914;27,12960449;25;50140;56394
2;58;I2_R58_V1_T165;1;165;7;4657;77,61666667;1,293611111;3397;23,56453271;13;56394;61051
2;58;I2_R58_V2_T32;2;32;2;2344;39,06666667;0,651111111;1984;13,76786914;3;35917;38261
2;58;I2_R58_V2_T74;2;74;7;6677;111,2833333;1,854722222;5417;37,59198309;13;38261;44938
2;58;I2_R58_V2_T97;2;97;15;8939;148,9833333;2,483055556;6239;43,2845293;28;44938;53877
2;58;I2_R58_V2_T98;2;98;14;7318;121,9666667;2,032777778;4798;33,27526758;24;53877;61195
2;59;I2_R59_V0_T3;0;3;1;4478;74,63333333;1,243888889;4298;29,8363457;2;34126;38604
2;59;I2_R59_V0_T9;0;9;10;7203;120,05;2,000833333;4977;34,53168262;16;39005;46208
2;59;I2_R59_V0_T21;0;21;8;4966;82,76666667;1,379444444;3526;24,45421826;16;46208;51174
2;59;I2_R59_V0_T70;0;70;9;4598;76,63333333;1,277222222;2978;20,64106934;14;51174;55772
2;59;I2_R59_V0_T81;0;81;10;5335;88,91666667;1,481944444;3535;24,51185156;16;55772;61107
2;59;I2_R59_V1_T2;1;2;12;9168;152,8;2,546666667;6196;42,97104004;19;36719;45887
2;59;I2_R59_V1_T7;1;7;16;8516;141,9333333;2,365555556;5636;39,08875372;26;45889;54405
2;59;I2_R59_V1_T19;1;19;14;6731;112,1833333;1,869722222;4211;29,18907324;24;54405;61136
2;59;I2_R59_V2_T12;2;12;3;5812;96,86666667;1,614444444;4119;28,59532056;4;32660;38472
2;59;I2_R59_V2_T15;2;15;1;1726;28,76666667;0,479444444;1546;10,72894434;2;38817;40543
2;59;I2_R59_V2_T71;2;71;10;6102;101,7;1,695;4302;29,83728369;16;41437;47539
2;59;I2_R59_V2_T84;2;84;13;7095;118,25;1,970833333;4755;32,97912012;24;47539;54634
2;59;I2_R59_V2_T107;2;107;15;6553;109,2166667;1,820277778;3853;26,70832031;23;54634;61187
2;60;I2_R60_V0_T5;0;5;8;5199;86,65;1,444166667;3759;26,07311279;14;35779;40978
2;60;I2_R60_V0_T15;0;15;5;4499;74,98333333;1,249722222;3599;24,96591113;9;40978;45477
2;60;I2_R60_V0_T38;0;38;9;4903;81,71666667;1,361944444;3283;22,75392285;17;45751;50654
2;60;I2_R60_V0_T44;0;44;22;10198;169,9666667;2,832777778;6238;43,23057031;37;50860;61058
2;60;I2_R60_V1_T48;1;48;10;7097;118,2833333;1,971388889;5297;36,75533203;15;36789;43886
2;60;I2_R60_V1_T186;1;186;9;4509;75,15;1,2525;2889;20,0235752;17;43886;48395
2;60;I2_R60_V1_T263;1;263;18;9190;153,1666667;2,552777778;5950;41,26230164;31;48395;57585
2;60;I2_R60_V1_T269;1;269;5;3519;58,65;0,9775;2619;18,1615166;7;57585;61104
2;60;I2_R60_V2_T10;2;10;3;5681;94,68333333;1,578055556;5141;35,68673364;4;32528;38209
2;60;I2_R60_V2_T60;2;60;2;3010;50,16666667;0,836111111;2650;18,39080371;4;38452;41462
2;60;I2_R60_V2_T67;2;67;8;5031;83,85;1,3975;3591;24,91604297;15;41462;46493
2;60;I2_R60_V2_T98;2;98;16;8202;136,7;2,278333333;5322;36,88842444;30;46795;54997
2;60;I2_R60_V2_T126;2;126;11;6203;103,3833333;1,723055556;4223;29,27749805;18;54997;61200
2;61;I2_R61_V0_T5;0;5;5;5301;88,35;1,4725;4401;30,54014453;6;34741;40042
2;61;I2_R61_V0_T19;0;19;2;2522;42,03333333;0,700555556;2162;15,00011719;4;40479;43001
2;61;I2_R61_V0_T25;0;25;5;4252;70,86666667;1,181111111;3352;23,25470264;9;43047;47299
2;61;I2_R61_V0_T49;0;49;15;7876;131,2666667;2,187777778;5176;35,88263281;28;47378;55254
2;61;I2_R61_V0_T173;0;173;11;5812;96,86666667;1,614444444;3832;26,56095996;20;55254;61066
2;61;I2_R61_V1_T9;1;9;3;5399;89,98333333;1,499722222;4859;33,72236646;5;33106;38505
2;61;I2_R61_V1_T22;1;22;6;4960;82,66666667;1,377777778;3880;26,92394336;9;38920;43880
2;61;I2_R61_V1_T81;1;81;5;3585;59,75;0,995833333;2685;18,62903613;9;43880;47465
2;61;I2_R61_V1_T82;1;82;12;6470;107,8333333;1,797222222;4310;29,89355347;21;47465;53935
2;61;I2_R61_V1_T104;1;104;14;7195;119,9166667;1,998611111;4675;32,4220332;24;53990;61185
2;61;I2_R61_V2_T93;2;93;11;7172;119,5333333;1,992222222;5192;36,00113281;18;36954;44126
2;61;I2_R61_V2_T108;2;108;20;8966;149,4333333;2,490555556;5366;37,18657339;34;45169;54135
2;61;I2_R61_V2_T111;2;111;12;6926;115,4333333;1,923888889;4766;33,05562988;22;54135;61061
2;62;I2_R62_V0_T5;0;5;2;4758;79,3;1,321666667;4398;30,53016406;2;32400;37158
2;62;I2_R62_V0_T13;0;13;11;6521;108,6833333;1,811388889;4541;31,49835205;17;38013;44534
2;62;I2_R62_V0_T73;0;73;16;9145;152,4166667;2,540277778;6265;43,46049805;29;44534;53679
2;62;I2_R62_V0_T89;0;89;14;6885;114,75;1,9125;4365;30,25081641;23;53987;60872
2;62;I2_R62_V1_T0;1;0;1;5112;85,2;1,42;4932;34,24914895;1;32400;37512
2;62;I2_R62_V1_T4;1;4;5;5397;89,95;1,499166667;4497;31,21207788;10;37512;42909
2;62;I2_R62_V1_T24;1;24;13;7136;118,9333333;1,982222222;4796;33,25733691;25;42976;50112
2;62;I2_R62_V1_T56;1;56;9;4020;67;1,116666667;2400;16,62905566;15;50112;54132
2;62;I2_R62_V1_T57;1;57;15;7052;117,5333333;1,958888889;4352;30,17349316;26;54132;61184
2;62;I2_R62_V2_T2;2;2;1;4060;67,66666667;1,127777778;3880;26,93564648;2;33115;37175
2;62;I2_R62_V2_T84;2;84;9;6438;107,3;1,788333333;4580;31,7753573;15;37328;43766
2;62;I2_R62_V2_T119;2;119;16;8349;139,15;2,319166667;5469;37,90408533;30;43766;52115
2;62;I2_R62_V2_T124;2;124;17;8938;148,9666667;2,482777778;5878;40,74878271;28;52221;61159
2;63;I2_R63_V0_T17;0;17;3;5160;86;1,433333333;4121;28,60042773;4;33929;39089
2;63;I2_R63_V0_T29;0;29;6;4414;73,56666667;1,226111111;3334;23,13800586;10;39891;44305
2;63;I2_R63_V0_T38;0;38;11;7133;118,8833333;1,981388889;5153;35,74564844;20;44305;51438
2;63;I2_R63_V0_T107;0;107;15;6849;114,15;1,9025;4149;28,74754443;25;51453;58302
2;63;I2_R63_V0_T182;0;182;4;2792;46,53333333;0,775555556;2072;14,3721582;8;58302;61094
2;63;I2_R63_V1_T17;1;17;7;6446;107,4333333;1,790555556;5186;35,98400684;11;36478;42924
2;63;I2_R63_V1_T25;1;25;11;6601;110,0166667;1,833611111;4621;32,05073413;22;42927;49528
2;63;I2_R63_V1_T28;1;28;26;11281;188,0166667;3,133611111;6601;45,75013895;41;49728;61009
2;63;I2_R63_V2_T56;2;56;9;6972;116,2;1,936666667;3992;27,69478855;12;35569;42541
2;63;I2_R63_V2_T66;2;66;14;7518;125,3;2,088333333;4998;34,65038281;26;42541;50059
2;63;I2_R63_V2_T80;2;80;22;10878;181,3;3,021666667;6918;47,9628877;33;50059;60937
2;64;I2_R64_V0_T0;0;0;7;5736;95,6;1,593333333;4476;31,05329221;11;38102;43838
2;64;I2_R64_V0_T1;0;1;9;5156;85,93333333;1,432222222;3536;24,53220703;13;43838;48994
2;64;I2_R64_V0_T40;0;40;4;2141;35,68333333;0,594722222;1421;9,85184375;8;48994;51135
2;64;I2_R64_V0_T123;0;123;20;10017;166,95;2,7825;6417;44,47958075;32;51135;61152
2;64;I2_R64_V1_T16;1;16;3;5351;89,18333333;1,486388889;4811;33,39491052;5;33668;39019
2;64;I2_R64_V1_T53;1;53;7;6269;104,4833333;1,741388889;5009;34,76249255;14;39019;45288
2;64;I2_R64_V1_T64;1;64;15;7843;130,7166667;2,178611111;5143;35,66426953;25;45563;53406
2;64;I2_R64_V1_T67;1;67;18;7736;128,9333333;2,148888889;4496;31,14699316;25;53406;61142
2;64;I2_R64_V2_T63;2;63;9;7279;121,3166667;2,021944444;5659;39,2542793;17;36758;44037
2;64;I2_R64_V2_T74;2;74;7;3961;66,01666667;1,100277778;2701;18,73283936;11;44037;47998
2;64;I2_R64_V2_T137;2;137;14;7411;123,5166667;2,058611111;4891;33,91274023;24;47998;55409
2;64;I2_R64_V2_T140;2;140;12;5410;90,16666667;1,502777778;3250;22,53434961;21;55409;60819
2;65;I2_R65_V0_T83;0;83;1;4050;67,5;1,125;3870;26,86483936;2;32611;36661
2;65;I2_R65_V0_T103;0;103;6;4742;79,03333333;1,317222222;3662;25,40135938;10;39151;43893
2;65;I2_R65_V0_T141;0;141;6;4767;79,45;1,324166667;3687;25,57999609;9;43893;48660
2;65;I2_R65_V0_T162;0;162;11;6130;102,1666667;1,702777778;4150;28,77945996;20;48860;54990
2;65;I2_R65_V0_T178;0;178;12;6177;102,95;1,715833333;4017;27,85178418;20;54990;61167
2;65;I2_R65_V1_T39;1;39;6;6127;102,1166667;1,701944444;3418;23,70550586;8;36041;42168
2;65;I2_R65_V1_T75;1;75;9;5606;93,43333333;1,557222222;3986;27,65135034;17;42168;47774
2;65;I2_R65_V1_T135;1;135;7;3320;55,33333333;0,922222222;2060;14,26532129;14;47774;51094
2;65;I2_R65_V1_T146;1;146;20;9892;164,8666667;2,747777778;6292;43,61145285;35;51094;60986
2;65;I2_R65_V2_T26;2;26;2;4905;81,75;1,3625;4545;31,55028137;4;34882;39787
2;65;I2_R65_V2_T129;2;129;8;4915;81,91666667;1,365277778;3475;24,11135193;15;39787;44702
2;65;I2_R65_V2_T166;2;166;14;7367;122,7833333;2,046388889;4847;33,60993506;24;44811;52178
2;65;I2_R65_V2_T234;2;234;19;8948;149,1333333;2,485555556;5528;38,33368408;31;52232;61180
2;66;I2_R66_V0_T4;0;4;3;3653;60,88333333;1,014722222;3113;21,60464331;5;34372;38025
2;66;I2_R66_V0_T26;0;26;11;7100;118,3333333;1,972222222;5120;35,51607129;17;38210;45310
2;66;I2_R66_V0_T33;0;33;15;8107;135,1166667;2,251944444;5382;37,30539258;23;45860;53967
2;66;I2_R66_V0_T38;0;38;14;7057;117,6166667;1,960277778;4537;31,44507715;26;54060;61117
2;66;I2_R66_V1_T5;1;5;6;6635;110,5833333;1,843055556;5555;38,53763947;8;34442;41077
2;66;I2_R66_V1_T17;1;17;1;918;15,3;0,255;738;5,113185547;2;41077;41995
2;66;I2_R66_V1_T33;1;33;13;7096;118,2666667;1,971111111;4756;32,97685107;22;41995;49091
2;66;I2_R66_V1_T148;1;148;7;3210;53,5;0,891666667;1950;13,51085449;12;49091;52301
2;66;I2_R66_V1_T241;1;241;9;4505;75,08333333;1,251388889;2885;20,0058584;16;52301;56806
2;66;I2_R66_V1_T257;1;257;8;4359;72,65;1,210833333;2919;20,24619592;13;56806;61165
2;66;I2_R66_V2_T35;2;35;5;5861;97,68333333;1,628055556;3035;21,05710742;9;35309;41170
2;66;I2_R66_V2_T71;2;71;9;6801;113,35;1,889166667;5181;35,94408704;14;41170;47971
2;66;I2_R66_V2_T233;2;233;9;4597;76,61666667;1,276944444;2977;20,63818457;15;47971;52568
2;66;I2_R66_V2_T287;2;287;17;8571;142,85;2,380833333;5511;38,20200452;27;52568;61139
2;67;I2_R67_V0_T59;0;59;4;3601;60,01666667;1,000277778;2881;19,98691406;8;37095;40696
2;67;I2_R67_V0_T66;0;66;10;6000;100;1,666666667;4200;29,14179395;18;40797;46797
2;67;I2_R67_V0_T155;0;155;12;6259;104,3166667;1,738611111;4099;28,41500586;23;46797;53056
2;67;I2_R67_V0_T221;0;221;18;8066;134,4333333;2,240555556;4826;33,43870605;31;53056;61122
2;67;I2_R67_V1_T50;1;50;1;4012;66,86666667;1,114444444;3832;26,60780273;2;32879;36891
2;67;I2_R67_V1_T105;1;105;5;3769;62,81666667;1,046944444;2869;19,90438672;7;36891;40660
2;67;I2_R67_V1_T191;1;191;8;6303;105,05;1,750833333;4863;33,73864648;15;40660;46963
2;67;I2_R67_V1_T217;1;217;10;5672;94,53333333;1,575555556;3872;26,85012305;18;46963;52635
2;67;I2_R67_V1_T299;1;299;16;8548;142,4666667;2,374444444;5668;39,29197052;27;52635;61183
2;67;I2_R67_V2_T51;2;51;6;8540;142,3333333;2,372222222;5771;40,04531114;9;33030;41570
2;67;I2_R67_V2_T93;2;93;8;6541;109,0166667;1,816944444;5101;35,39837744;14;41570;48111
2;67;I2_R67_V2_T122;2;122;14;7301;121,6833333;2,028055556;4781;33,13466016;22;48111;55412
2;67;I2_R67_V2_T142;2;142;11;5757;95,95;1,599166667;3777;26,17055469;18;55412;61169
2;68;I2_R68_V0_T47;0;47;11;10116;168,6;2,81;7970;55,29659296;16;34696;44812
2;68;I2_R68_V0_T84;0;84;11;6545;109,0833333;1,818055556;4565;31,64324094;18;44812;51357
2;68;I2_R68_V0_T130;0;130;20;9724;162,0666667;2,701111111;6124;42,45180969;35;51357;61081
2;68;I2_R68_V1_T5;1;5;5;5051;84,18333333;1,403055556;4151;28,80745557;9;38482;43533
2;68;I2_R68_V1_T15;1;15;7;4414;73,56666667;1,226111111;3154;21,87230273;10;43533;47947
2;68;I2_R68_V1_T148;1;148;9;4903;81,71666667;1,361944444;3283;22,7603584;16;47947;52850
2;68;I2_R68_V1_T174;1;174;17;8047;134,1166667;2,235277778;4987;34,56476697;28;52850;60897
2;68;I2_R68_V2_T44;2;44;5;4687;78,11666667;1,301944444;3787;26,28115662;10;36294;40981
2;68;I2_R68_V2_T109;2;109;9;6579;109,65;1,8275;4959;34,39610547;15;40981;47560
2;68;I2_R68_V2_T178;2;178;19;9112;151,8666667;2,531111111;5692;39,45650391;31;47560;56672
2;68;I2_R68_V2_T222;2;222;7;4391;73,18333333;1,219722222;3131;21,71227539;12;56672;61063
2;69;I2_R69_V0_T16;0;16;11;9181;153,0166667;2,550277778;7201;49,96989862;18;35087;44268
2;69;I2_R69_V0_T107;0;107;19;9388;156,4666667;2,607777778;5968;41,37911382;29;44268;53656
2;69;I2_R69_V0_T206;0;206;16;7235;120,5833333;2,009722222;4355;30,1852832;26;53754;60989
2;69;I2_R69_V1_T28;1;28;7;7384;123,0666667;2,051111111;4417;30,64385327;9;33035;40419
2;69;I2_R69_V1_T95;1;95;8;6264;104,4;1,74;4824;33,47088477;14;40463;46727
2;69;I2_R69_V1_T174;1;174;17;8438;140,6333333;2,343888889;5378;37,28306543;32;46773;55211
2;69;I2_R69_V1_T214;1;214;10;5904;98,4;1,64;4104;28,4664873;18;55211;61115
2;69;I2_R69_V2_T44;2;44;3;4928;82,13333333;1,368888889;3413;23,68551367;4;35758;40686
2;69;I2_R69_V2_T49;2;49;9;5088;84,8;1,413333333;3468;24,05553027;16;40808;45896
2;69;I2_R69_V2_T84;2;84;18;8777;146,2833333;2,438055556;5537;38,4064917;34;45896;54673
2;69;I2_R69_V2_T102;2;102;13;6503;108,3833333;1,806388889;4163;28,85915967;24;54673;61176
2;70;I2_R70_V0_T19;0;19;4;4015;66,91666667;1,115277778;3295;22,86828906;7;33684;37699
2;70;I2_R70_V0_T64;0;64;5;4693;78,21666667;1,303611111;3793;26,31372656;9;38702;43395
2;70;I2_R70_V0_T153;0;153;10;5931;98,85;1,6475;4131;28,65456836;19;43395;49326
2;70;I2_R70_V0_T164;0;164;8;4443;74,05;1,234166667;3003;20,8123042;15;49326;53769
2;70;I2_R70_V0_T184;0;184;14;7332;122,2;2,036666667;4812;33,35933057;23;53769;61101
2;70;I2_R70_V1_T3;1;3;3;4553;75,88333333;1,264722222;4013;27,85535547;4;34079;38632
2;70;I2_R70_V1_T10;1;10;9;5664;94,4;1,573333333;4044;28,04292627;14;38698;44362
2;70;I2_R70_V1_T49;1;49;5;3366;56,1;0,935;2466;17,09658203;9;44362;47728
2;70;I2_R70_V1_T84;1;84;17;7968;132,8;2,213333333;4908;34,01850098;28;47728;55696
2;70;I2_R70_V1_T95;1;95;13;5457;90,95;1,515833333;3117;21,61200391;18;55696;61153
2;70;I2_R70_V2_T1;2;1;2;2989;49,81666667;0,830277778;2629;18,24524316;3;33144;36133
2;70;I2_R70_V2_T63;2;63;6;6237;103,95;1,7325;5157;35,78461343;10;36574;42811
2;70;I2_R70_V2_T125;2;125;7;4626;77,1;1,285;3366;23,34009375;12;42811;47437
2;70;I2_R70_V2_T134;2;134;17;8176;136,2666667;2,271111111;5116;35,45848529;29;47437;55613
2;70;I2_R70_V2_T207;2;207;11;5519;91,98333333;1,533055556;3539;24,52734277;18;55613;61132
2;71;I2_R71_V0_T44;0;44;9;7263;121,05;2,0175;5643;39,15192676;15;34960;42223
2;71;I2_R71_V0_T59;0;59;16;8389;139,8166667;2,330277778;5509;38,20060742;28;42223;50612
2;71;I2_R71_V0_T83;0;83;14;7019;116,9833333;1,949722222;4499;31,19139941;25;50955;57974
2;71;I2_R71_V0_T182;0;182;6;3195;53,25;0,8875;2115;14,66795703;10;57974;61169
2;71;I2_R71_V1_T8;1;8;7;6569;109,4833333;1,824722222;5309;36,84709081;10;36296;42865
2;71;I2_R71_V1_T10;1;10;21;10965;182,75;3,045833333;7185;49,81988913;35;43138;54103
2;71;I2_R71_V1_T13;1;13;13;6870;114,5;1,908333333;4530;31,40778027;22;54103;60973
2;71;I2_R71_V2_T61;2;61;1;3567;59,45;0,990833333;2722;18,89742383;1;32400;35967
2;71;I2_R71_V2_T142;2;142;6;5648;94,13333333;1,568888889;4568;31,6971499;11;37090;42738
2;71;I2_R71_V2_T177;2;177;11;6185;103,0833333;1,718055556;4205;29,16693799;16;42738;48923
2;71;I2_R71_V2_T254;2;254;23;11916;198,6;3,31;7776;53,91183008;39;49056;60972
2;72;I2_R72_V0_T18;0;18;4;6069;101,15;1,685833333;5349;37,12960376;5;33035;39104
2;72;I2_R72_V0_T77;0;77;8;6040;100,6666667;1,677777778;4566;31,66398828;13;39104;45144
2;72;I2_R72_V0_T98;0;98;14;7580;126,3333333;2,105555556;5060;35,08572656;24;45345;52925
2;72;I2_R72_V0_T109;0;109;15;7795;129,9166667;2,165277778;5095;35,32517383;24;52984;60779
2;72;I2_R72_V1_T49;1;49;5;6325;105,4166667;1,756944444;5425;37,64801074;9;34779;41104
2;72;I2_R72_V1_T100;1;100;11;6607;110,1166667;1,835277778;4571;31,6972832;19;41167;47774
2;72;I2_R72_V1_T123;1;123;17;8585;143,0833333;2,384722222;5525;38,32321075;30;47774;56359
2;72;I2_R72_V1_T129;1;129;9;4421;73,68333333;1,228055556;2801;19,40260205;16;56359;60780
2;72;I2_R72_V2_T2;2;2;7;7907;131,7833333;2,196388889;6647;46,13275037;13;34883;42790
2;72;I2_R72_V2_T28;2;28;20;10107;168,45;2,8075;6507;45,0865752;33;43099;53206
2;72;I2_R72_V2_T55;2;55;16;7940;132,3333333;2,205555556;5060;35,08075781;28;53249;61189
2;73;I2_R73_V0_T45;0;45;5;5844;97,4;1,623333333;4944;34,31059424;7;34171;40015
2;73;I2_R73_V0_T59;0;59;7;4052;67,53333333;1,125555556;2644;18,33763867;10;40015;44067
2;73;I2_R73_V0_T66;0;66;17;9147;152,45;2,540833333;6087;42,20782104;28;44067;53214
2;73;I2_R73_V0_T87;0;87;12;7204;120,0666667;2,001111111;5044;34,98450024;21;53214;60418
2;73;I2_R73_V1_T34;1;34;14;8350;139,1666667;2,319444444;5345;37,07163623;21;37246;45596
2;73;I2_R73_V1_T107;1;107;14;8098;134,9666667;2,249444444;5578;38,68846826;27;45596;53694
2;73;I2_R73_V1_T285;1;285;16;7503;125,05;2,084166667;4623;32,04945703;31;53694;61197
2;73;I2_R73_V2_T50;2;50;8;8830;147,1666667;2,452777778;7169;49,74692041;11;34639;43469
2;73;I2_R73_V2_T73;2;73;9;5875;97,91666667;1,631944444;4255;29,51478906;15;43469;49344
2;73;I2_R73_V2_T130;2;130;6;3612;60,2;1,003333333;2532;17,57078906;11;49344;52956
2;73;I2_R73_V2_T140;2;140;16;8110;135,1666667;2,252777778;5230;36,26163281;24;52956;61066
2;74;I2_R74_V0_T146;0;146;2;3332;55,53333333;0,925555556;2972;20,63201611;4;35149;38481
2;74;I2_R74_V0_T153;0;153;2;3403;56,71666667;0,945277778;3043;21,12396289;4;39362;42765
2;74;I2_R74_V0_T161;0;161;15;7709;128,4833333;2,141388889;5009;34,73354944;23;43308;51017
2;74;I2_R74_V0_T185;0;185;21;10043;167,3833333;2,789722222;6263;43,41306549;35;51017;61060
2;74;I2_R74_V1_T16;1;16;10;6615;110,25;1,8375;4788;33,21003516;16;38699;45314
2;74;I2_R74_V1_T19;1;19;16;8098;134,9666667;2,249444444;5218;36,17857254;28;45412;53510
2;74;I2_R74_V1_T205;1;205;17;7493;124,8833333;2,081388889;4433;30,70538477;30;53685;61178
2;74;I2_R74_V2_T49;2;49;10;8851;147,5166667;2,458611111;6602;45,80307027;14;34691;43542
2;74;I2_R74_V2_T89;2;89;17;8547;142,45;2,374166667;5487;38,03864624;29;43587;52134
2;74;I2_R74_V2_T125;2;125;17;8729;145,4833333;2,424722222;5669;39,31829102;29;52134;60863
2;75;I2_R75_V0_T13;0;13;2;2531;42,18333333;0,703055556;2171;15,06186133;4;36609;39140
2;75;I2_R75_V0_T41;0;41;10;7521;125,35;2,089166667;5721;39,69019849;16;39327;46848
2;75;I2_R75_V0_T52;0;52;16;7751;129,1833333;2,153055556;4871;33,77682953;28;46900;54651
2;75;I2_R75_V0_T72;0;72;12;6371;106,1833333;1,769722222;4211;29,20094141;23;54728;61099
2;75;I2_R75_V1_T2;1;2;8;8209;136,8166667;2,280277778;6769;46,97716113;14;35772;43981
2;75;I2_R75_V1_T13;1;13;10;6248;104,1333333;1,735555556;4448;30,85316797;19;43999;50247
2;75;I2_R75_V1_T19;1;19;13;7324;122,0666667;2,034444444;4984;34,56619336;24;50247;57571
2;75;I2_R75_V1_T98;1;98;6;3627;60,45;1,0075;2547;17,67092969;10;57571;61198
2;75;I2_R75_V2_T1;2;1;1;4070;67,83333333;1,130555556;1314;9,122623047;1;32400;36470
2;75;I2_R75_V2_T31;2;31;9;6500;108,3333333;1,805555556;4880;33,87373511;14;38130;44630
2;75;I2_R75_V2_T58;2;58;18;9343;155,7166667;2,595277778;6103;42,31367871;31;44744;54087
2;75;I2_R75_V2_T149;2;149;15;6847;114,1166667;1,901944444;4147;28,74404901;27;54179;61026
2;76;I2_R76_V0_T123;0;123;9;7219;120,3166667;2,005277778;5599;38,84505469;11;34461;41680
2;76;I2_R76_V0_T135;0;135;11;6471;107,85;1,7975;4491;31,15729883;20;41680;48151
2;76;I2_R76_V0_T176;0;176;10;5186;86,43333333;1,440555556;3386;23,47305615;18;48151;53337
2;76;I2_R76_V0_T233;0;233;16;7757;129,2833333;2,154722222;4877;33,81481763;22;53337;61094
2;76;I2_R76_V1_T9;1;9;8;6832;113,8666667;1,897777778;5392;37,40836401;13;37935;44767
2;76;I2_R76_V1_T36;1;36;20;9448;157,4666667;2,624444444;5848;40,52686011;37;44767;54215
2;76;I2_R76_V1_T126;1;126;13;6787;113,1166667;1,885277778;4447;30,8296377;20;54215;61002
2;76;I2_R76_V2_T22;2;22;3;6306;105,1;1,751666667;4648;32,266427;4;33954;40260
2;76;I2_R76_V2_T84;2;84;12;7381;123,0166667;2,050277778;5221;36,19796875;23;40410;47791
2;76;I2_R76_V2_T177;2;177;15;6918;115,3;1,921666667;4218;29,23828906;28;47791;54709
2;76;I2_R76_V2_T212;2;212;12;6448;107,4666667;1,791111111;4288;29,73616724;18;54709;61157
2;77;I2_R77_V0_T31;0;31;1;2980;49,66666667;0,827777778;2800;19,44293555;2;35141;38121
2;77;I2_R77_V0_T47;0;47;12;8222;137,0333333;2,283888889;5873;40,74084778;21;38153;46375
2;77;I2_R77_V0_T167;0;167;14;7158;119,3;1,988333333;4638;32,15945801;26;46375;53533
2;77;I2_R77_V0_T201;0;201;15;7476;124,6;2,076666667;4776;33,10416016;28;53701;61177
2;77;I2_R77_V1_T1;1;1;8;7003;116,7166667;1,945277778;5563;38,61094922;14;37385;44388
2;77;I2_R77_V1_T6;1;6;20;8745;145,75;2,429166667;5102;35,36493555;36;44388;53133
2;77;I2_R77_V1_T68;1;68;16;7486;124,7666667;2,079444444;4606;31,92913818;27;53360;60846
2;77;I2_R77_V2_T1;2;1;7;6447;107,45;1,790833333;4704;32,63267258;11;36934;43381
2;77;I2_R77_V2_T11;2;11;20;10266;171,1;2,851666667;6666;46,2194671;33;43674;53940
2;77;I2_R77_V2_T92;2;92;14;6808;113,4666667;1,891111111;4288;29,71718555;23;54368;61176
2;78;I2_R78_V0_T0;0;0;8;6194;103,2333333;1,720555556;4754;32,98446638;13;36237;42431
2;78;I2_R78_V0_T2;0;2;15;6602;110,0333333;1,833888889;3902;27,04109131;25;42431;49033
2;78;I2_R78_V0_T72;0;72;26;11534;192,2333333;3,203888889;6854;47,50331152;39;49574;61108
2;78;I2_R78_V1_T51;1;51;3;4099;68,31666667;1,138611111;3559;24,69598389;6;35358;39457
2;78;I2_R78_V1_T57;1;57;8;5707;95,11666667;1,585277778;4267;29,60427344;13;39463;45170
2;78;I2_R78_V1_T83;1;83;13;6213;103,55;1,725833333;3873;26,84791235;25;45170;51383
2;78;I2_R78_V1_T107;1;107;19;9675;161,25;2,6875;6255;43,37578418;33;51383;61058
2;78;I2_R78_V2_T4;2;4;7;5618;93,63333333;1,560555556;4358;30,23736084;12;35271;40889
2;78;I2_R78_V2_T12;2;12;12;6870;114,5;1,908333333;4710;32,65061914;22;41020;47890
2;78;I2_R78_V2_T84;2;84;22;11633;193,8833333;3,231388889;7673;53,20937793;40;47890;59523
2;78;I2_R78_V2_T233;2;233;2;1379;22,98333333;0,383055556;1019;7,065321289;3;59523;60902
2;79;I2_R79_V0_T138;0;138;2;5471;91,18333333;1,519722222;5111;35,48270898;2;32400;37871
2;79;I2_R79_V0_T140;0;140;12;8040;134;2,233333333;5880;40,77866797;20;38159;46199
2;79;I2_R79_V0_T163;0;163;18;8396;139,9333333;2,332222222;5156;35,73391991;32;46199;54595
2;79;I2_R79_V0_T181;0;181;13;5900;98,33333333;1,638888889;3560;24,66920068;20;54595;60495
2;79;I2_R79_V1_T36;1;36;8;7177;119,6166667;1,993611111;5737;39,81445325;14;35604;42781
2;79;I2_R79_V1_T162;1;162;11;6459;107,65;1,794166667;4479;31,06569727;20;43048;49507
2;79;I2_R79_V1_T165;1;165;24;10718;178,6333333;2,977222222;6398;44,34594446;40;49507;60225
2;79;I2_R79_V2_T5;2;5;7;6774;112,9;1,881666667;5514;38,26864099;11;35215;41989
2;79;I2_R79_V2_T14;2;14;10;5736;95,6;1,593333333;3936;27,29799707;18;42203;47939
2;79;I2_R79_V2_T29;2;29;15;7569;126,15;2,1025;4869;33,75835742;26;48165;55734
2;79;I2_R79_V2_T38;2;38;8;5464;91,06666667;1,517777778;4024;27,91266992;14;55734;61198
2;80;I2_R80_V0_T38;0;38;4;5466;91,1;1,518333333;4746;32,94140527;7;37024;42490
2;80;I2_R80_V0_T51;0;51;8;6227;103,7833333;1,729722222;4787;33,21420831;15;42490;48717
2;80;I2_R80_V0_T107;0;107;16;6981;116,35;1,939166667;4101;28,40824438;28;48717;55698
2;80;I2_R80_V0_T150;0;150;10;5496;91,6;1,526666667;3696;25,62827148;17;55698;61194
2;80;I2_R80_V1_T6;1;6;2;4059;67,65;1,1275;3699;25,67644922;4;33478;37537
2;80;I2_R80_V1_T19;1;19;5;4612;76,86666667;1,281111111;3712;25,75700781;10;37609;42221
2;80;I2_R80_V1_T39;1;39;18;8774;146,2333333;2,437222222;5534;38,35639258;31;42534;51308
2;80;I2_R80_V1_T63;1;63;20;9825;163,75;2,729166667;6225;43,16451709;34;51308;61133
2;80;I2_R80_V2_T69;2;69;10;7372;122,8666667;2,047777778;5572;38,66270752;14;35107;42479
2;80;I2_R80_V2_T74;2;74;7;5288;88,13333333;1,468888889;4028;27,95163086;12;42929;48217
2;80;I2_R80_V2_T123;2;123;7;3380;56,33333333;0,938888889;2120;14,7000625;11;48217;51597
2;80;I2_R80_V2_T135;2;135;20;9586;159,7666667;2,662777778;5986;41,4882467;33;51597;61183
2;81;I2_R81_V0_T8;0;8;11;10397;173,2833333;2,888055556;7792;54,07263965;15;34323;44720
2;81;I2_R81_V0_T40;0;40;20;9846;164,1;2,735;5932;41,12977148;35;45382;55228
2;81;I2_R81_V0_T54;0;54;11;5972;99,53333333;1,658888889;3992;27,68747314;21;55228;61200
2;81;I2_R81_V1_T4;1;4;5;5732;95,53333333;1,592222222;4832;33,53609155;9;35051;40783
2;81;I2_R81_V1_T13;1;13;2;2095;34,91666667;0,581944444;1735;12,03949609;4;41041;43136
2;81;I2_R81_V1_T16;1;16;7;4025;67,08333333;1,118055556;2765;19,16130859;14;43136;47161
2;81;I2_R81_V1_T32;1;32;13;6158;102,6333333;1,710555556;3818;26,4567002;24;47294;53452
2;81;I2_R81_V1_T67;1;67;15;7685;128,0833333;2,134722222;4985;34,56872131;24;53452;61137
2;81;I2_R81_V2_T121;2;121;3;4351;72,51666667;1,208611111;3811;26,45556854;4;35075;39426
2;81;I2_R81_V2_T137;2;137;8;7540;125,6666667;2,094444444;6085;42,23801172;12;39426;46966
2;81;I2_R81_V2_T147;2;147;16;8080;134,6666667;2,244444444;5200;36,05909985;29;47139;55219
2;81;I2_R81_V2_T222;2;222;12;5932;98,86666667;1,647777778;3772;26,1343457;22;55219;61151
2;82;I2_R82_V0_T1;0;1;10;7400;123,3333333;2,055555556;5600;38,85245313;17;39611;47011
2;82;I2_R82_V0_T65;0;65;14;7771;129,5166667;2,158611111;5251;36,41245166;26;47011;54782
2;82;I2_R82_V0_T73;0;73;13;6214;103,5666667;1,726111111;3874;26,86518262;21;54782;60996
2;82;I2_R82_V1_T4;1;4;10;7494;124,9;2,081666667;5694;39,51227881;16;35441;42935
2;82;I2_R82_V1_T23;1;23;7;4656;77,6;1,293333333;3396;23,54750586;13;42935;47591
2;82;I2_R82_V1_T25;1;25;5;3273;54,55;0,909166667;2373;16,46108984;9;47591;50864
2;82;I2_R82_V1_T29;1;29;17;8434;140,5666667;2,342777778;5374;37,25846497;27;50864;59298
2;82;I2_R82_V1_T109;1;109;4;1835;30,58333333;0,509722222;1115;7,730137695;6;59298;61133
2;82;I2_R82_V2_T53;2;53;7;5513;91,88333333;1,531388889;4253;29,51273242;13;36333;41846
2;82;I2_R82_V2_T60;2;60;14;7347;122,45;2,040833333;4827;33,46146139;25;42016;49363
2;82;I2_R82_V2_T99;2;99;11;6095;101,5833333;1,693055556;4115;28,53138281;20;49363;55458
2;82;I2_R82_V2_T106;2;106;9;5666;94,43333333;1,573888889;4046;28,06366211;16;55458;61124
2;83;I2_R83_V0_T47;0;47;2;5133;85,55;1,425833333;4773;33,13306323;3;34647;39780
2;83;I2_R83_V0_T144;0;144;8;4596;76,6;1,276666667;3156;21,89606738;13;39780;44376
2;83;I2_R83_V0_T145;0;145;10;5589;93,15;1,5525;3789;26,26772119;19;44376;49965
2;83;I2_R83_V0_T226;0;226;8;4319;71,98333333;1,199722222;2879;19,95822949;15;50138;54457
2;83;I2_R83_V0_T294;0;294;13;6612;110,2;1,836666667;4272;29,62450098;19;54457;61069
2;83;I2_R83_V1_T0;1;0;4;5945;99,08333333;1,651388889;5225;36,26481085;6;33356;39301
2;83;I2_R83_V1_T2;1;2;2;2745;45,75;0,7625;2385;16,55578711;4;39301;42046
2;83;I2_R83_V1_T16;1;16;7;3831;63,85;1,064166667;2571;17,82048242;9;42046;45877
2;83;I2_R83_V1_T45;1;45;1;996;16,6;0,276666667;816;5,663966797;2;45877;46873
2;83;I2_R83_V1_T72;1;72;11;6583;109,7166667;1,828611111;4603;31,92736931;22;46873;53456
2;83;I2_R83_V1_T81;1;81;12;7704;128,4;2,14;5544;38,45596976;20;53456;61160
2;83;I2_R83_V2_T42;2;42;6;7054;117,5666667;1,959444444;5974;41,45231152;8;33884;40938
2;83;I2_R83_V2_T44;2;44;11;7126;118,7666667;1,979444444;5146;35,68929492;16;40967;48093
2;83;I2_R83_V2_T75;2;75;3;2045;34,08333333;0,568055556;1505;10,43470117;5;48093;50138
2;83;I2_R83_V2_T175;2;175;15;6896;114,9333333;1,915555556;4196;29,08130273;26;50138;57034
2;83;I2_R83_V2_T189;2;189;6;4158;69,3;1,155;3078;21,34625952;10;57034;61192
2;84;I2_R84_V0_T17;0;17;1;3680;61,33333333;1,022222222;3500;24,29412305;2;34512;38192
2;84;I2_R84_V0_T19;0;19;5;4926;82,1;1,368333333;4026;27,93662451;8;39190;44116
2;84;I2_R84_V0_T23;0;23;16;8167;136,1166667;2,268611111;5287;36,66117773;28;44116;52283
2;84;I2_R84_V0_T124;0;124;17;8592;143,2;2,386666667;5532;38,34232959;29;52283;60875
2;84;I2_R84_V1_T10;1;10;13;9012;150,2;2,503333333;6672;46,3007207;18;36212;45224
2;84;I2_R84_V1_T14;1;14;19;10160;169,3333333;2,822222222;6740;46,73762994;35;45224;55384
2;84;I2_R84_V1_T72;1;72;8;5803;96,71666667;1,611944444;4363;30,26790527;14;55384;61187
2;84;I2_R84_V2_T16;2;16;4;4678;77,96666667;1,299444444;3958;27,47766406;6;33816;38494
2;84;I2_R84_V2_T33;2;33;13;7598;126,6333333;2,110555556;5205;36,09946497;21;38494;46092
2;84;I2_R84_V2_T92;2;92;19;8398;139,9666667;2,332777778;4978;34,49134692;32;46113;54511
2;84;I2_R84_V2_T197;2;197;13;6481;108,0166667;1,800277778;4141;28,705125;23;54511;60992
2;85;I2_R85_V0_T6;0;6;2;4292;71,53333333;1,192222222;3932;27,29206152;3;34330;38622
2;85;I2_R85_V0_T12;0;12;5;3511;58,51666667;0,975277778;2611;18,11109717;9;38622;42133
2;85;I2_R85_V0_T37;0;37;9;5146;85,76666667;1,429444444;3526;24,45222607;16;42305;47451
2;85;I2_R85_V0_T72;0;72;17;7866;131,1;2,185;4806;33,30892673;30;47496;55362
2;85;I2_R85_V0_T99;0;99;12;5351;89,18333333;1,486388889;3191;22,11480566;18;55362;60713
2;85;I2_R85_V1_T16;1;16;7;6549;109,15;1,819166667;5289;36,69498438;13;35029;41578
2;85;I2_R85_V1_T39;1;39;7;4403;73,38333333;1,223055556;3143;21,79420313;12;41578;45981
2;85;I2_R85_V1_T50;1;50;17;7423;123,7166667;2,061944444;4363;30,23283008;32;45981;53404
2;85;I2_R85_V1_T105;1;105;17;7618;126,9666667;2,116111111;4558;31,58154004;26;53404;61022
2;85;I2_R85_V2_T56;2;56;1;3984;66,4;1,106666667;3804;26,41174023;1;32400;36384
2;85;I2_R85_V2_T62;2;62;3;3541;59,01666667;0,983611111;3001;20,83062646;5;36735;40276
2;85;I2_R85_V2_T76;2;76;3;3116;51,93333333;0,865555556;2576;17,87279395;5;40419;43535
2;85;I2_R85_V2_T106;2;106;5;3283;54,71666667;0,911944444;2383;16,53479004;10;43535;46818
2;85;I2_R85_V2_T159;2;159;12;7092;118,2;1,97;4932;34,19717554;21;46818;53910
2;85;I2_R85_V2_T291;2;291;13;7267;121,1166667;2,018611111;4927;34,16579248;23;53910;61177
2;86;I2_R86_V0_T8;0;8;12;9138;152,3;2,538333333;6978;48,41907101;19;36950;46088
2;86;I2_R86_V0_T17;0;17;15;7514;125,2333333;2,087222222;4814;33,37374854;28;46276;53790
2;86;I2_R86_V0_T50;0;50;15;7384;123,0666667;2,051111111;4684;32,46683887;26;53790;61174
2;86;I2_R86_V1_T2;1;2;2;2954;49,23333333;0,820555556;2594;18,00550879;4;33648;36602
2;86;I2_R86_V1_T15;1;15;5;4755;79,25;1,320833333;3855;26,76194531;9;36897;41652
2;86;I2_R86_V1_T26;1;26;12;8598;143,3;2,388333333;6438;44,65983105;21;42269;50867
2;86;I2_R86_V1_T43;1;43;15;7310;121,8333333;2,030555556;4610;31,96001563;26;50867;58177
2;86;I2_R86_V1_T249;1;249;5;2875;47,91666667;0,798611111;1975;13,69354004;9;58177;61052
2;86;I2_R86_V2_T9;2;9;1;2034;33,9;0,565;1854;12,86525293;2;36295;38329
2;86;I2_R86_V2_T15;2;15;4;3330;55,5;0,925;2610;18,1113916;8;39467;42797
2;86;I2_R86_V2_T17;2;17;5;3302;55,03333333;0,917222222;2402;16,66242969;9;42942;46244
2;86;I2_R86_V2_T74;2;74;18;8811;146,85;2,4475;5571;38,62386743;32;46244;55055
2;86;I2_R86_V2_T90;2;90;12;6086;101,4333333;1,690555556;3926;27,21748047;23;55055;61141
2;87;I2_R87_V0_T10;0;10;7;5419;90,31666667;1,505277778;4159;28,86615039;11;36464;41883
2;87;I2_R87_V0_T22;0;22;13;6528;108,8;1,813333333;4188;29,03546484;22;41990;48518
2;87;I2_R87_V0_T29;0;29;10;4527;75,45;1,2575;2727;18,90224805;18;48666;53193
2;87;I2_R87_V0_T135;0;135;16;7868;131,1333333;2,185555556;4988;34,57209082;26;53216;61084
2;87;I2_R87_V1_T2;1;2;10;8178;136,3;2,271666667;6378;44,25285645;14;36601;44779
2;87;I2_R87_V1_T14;1;14;4;2079;34,65;0,5775;1359;9,419484375;7;44779;46858
2;87;I2_R87_V1_T33;1;33;17;8662;144,3666667;2,406111111;5602;38,81734583;27;46921;55583
2;87;I2_R87_V1_T207;1;207;11;5416;90,26666667;1,504444444;3436;23,81541846;20;55583;60999
2;87;I2_R87_V2_T46;2;46;8;7282;121,3666667;2,022777778;5484;38,05259561;11;36045;43327
2;87;I2_R87_V2_T51;2;51;20;9435;157,25;2,620833333;5835;40,44465344;27;43639;53074
2;87;I2_R87_V2_T127;2;127;15;8035;133,9166667;2,231944444;5335;36,99267773;26;53074;61109
2;88;I2_R88_V0_T6;0;6;4;4723;78,71666667;1,311944444;3828;26,56312109;6;33497;38220
2;88;I2_R88_V0_T15;0;15;8;6067;101,1166667;1,685277778;4627;32,10568781;15;38220;44287
2;88;I2_R88_V0_T18;0;18;12;6257;104,2833333;1,738055556;4097;28,40699414;23;44287;50544
2;88;I2_R88_V0_T24;0;24;10;4736;78,93333333;1,315555556;2936;20,35609082;17;50544;55280
2;88;I2_R88_V0_T115;0;115;13;5908;98,46666667;1,641111111;3568;24,72406445;21;55280;61188
2;88;I2_R88_V1_T16;1;16;6;7108;118,4666667;1,974444444;6028;41,84031738;11;35737;42845
2;88;I2_R88_V1_T40;1;40;18;9622;160,3666667;2,672777778;6382;44,24220996;33;42845;52467
2;88;I2_R88_V1_T97;1;97;14;7498;124,9666667;2,082777778;4978;34,53882959;23;52523;60021
2;88;I2_R88_V1_T98;1;98;1;1152;19,2;0,32;972;6,749460938;2;60021;61173
2;88;I2_R88_V2_T2;2;2;6;5206;86,76666667;1,446111111;4126;28,62695441;9;35387;40593
2;88;I2_R88_V2_T3;2;3;4;2594;43,23333333;0,720555556;1874;12,99813379;7;40593;43187
2;88;I2_R88_V2_T52;2;52;18;9103;151,7166667;2,528611111;5863;40,65715186;27;43504;52607
2;88;I2_R88_V2_T85;2;85;17;8320;138,6666667;2,311111111;5260;36,45875439;27;52607;60927
2;89;I2_R89_V0_T7;0;7;5;6366;106,1;1,768333333;5466;37,93325867;9;34864;41230
2;89;I2_R89_V0_T17;0;17;10;5866;97,76666667;1,629444444;4032;27,97339258;17;41230;47096
2;89;I2_R89_V0_T99;0;99;13;6957;115,95;1,9325;4617;32,02088281;24;47377;54334
2;89;I2_R89_V0_T111;0;111;12;6665;111,0833333;1,851388889;4505;31,24614795;20;54439;61104
2;89;I2_R89_V1_T53;1;53;9;8214;136,9;2,281666667;6288;43,63932642;11;34027;42241
2;89;I2_R89_V1_T80;1;80;13;7325;122,0833333;2,034722222;4985;34,5711123;22;42241;49566
2;89;I2_R89_V1_T95;1;95;13;6480;108;1,8;4140;28,7007915;25;49566;56046
2;89;I2_R89_V1_T124;1;124;8;5081;84,68333333;1,411388889;3641;25,2639668;16;56046;61127
2;89;I2_R89_V2_T19;2;19;6;5368;89,46666667;1,491111111;4288;29,76314258;10;35541;40909
2;89;I2_R89_V2_T51;2;51;12;6417;106,95;1,7825;4257;29,51997852;21;41327;47744
2;89;I2_R89_V2_T56;2;56;13;7093;118,2166667;1,970277778;4753;32,94896777;24;47744;54837
2;89;I2_R89_V2_T184;2;184;10;6278;104,6333333;1,743888889;4478;31,05939514;16;54837;61115
2;90;I2_R90_V0_T17;0;17;7;5942;99,03333333;1,650555556;4682;32,48117383;13;37408;43350
2;90;I2_R90_V0_T20;0;20;18;9258;154,3;2,571666667;6018;41,71734863;31;43350;52608
2;90;I2_R90_V0_T26;0;26;19;8539;142,3166667;2,371944444;5119;35,47447119;32;52608;61147
2;90;I2_R90_V1_T38;1;38;11;7572;126,2;2,103333333;5319;36,88817709;16;38087;45659
2;90;I2_R90_V1_T83;1;83;17;8187;136,45;2,274166667;5127;35,54307776;28;45659;53846
2;90;I2_R90_V1_T133;1;133;13;6660;111;1,85;4320;29,95037646;21;54413;61073
2;90;I2_R90_V2_T6;2;6;2;3905;65,08333333;1,084722222;3545;24,60811963;3;35164;39069
2;90;I2_R90_V2_T13;2;13;7;5784;96,4;1,606666667;4263;29,5730127;10;39204;44988
2;90;I2_R90_V2_T24;2;24;21;9491;158,1833333;2,636388889;5558;38,53800029;33;45150;54641
2;90;I2_R90_V2_T32;2;32;14;6437;107,2833333;1,788055556;3917;27,14418848;24;54641;61078
2;91;I2_R91_V0_T14;0;14;10;7287;121,45;2,024166667;5487;38,06464828;15;37099;44386
2;91;I2_R91_V0_T15;0;15;8;3821;63,68333333;1,061388889;2344;16,24387598;14;44386;48207
2;91;I2_R91_V0_T54;0;54;10;5942;99,03333333;1,650555556;4142;28,73853308;17;48207;54149
2;91;I2_R91_V0_T74;0;74;14;6666;111,1;1,851666667;4146;28,73521777;23;54149;60815
2;91;I2_R91_V1_T9;1;9;1;3156;52,6;0,876666667;2976;20,65343945;1;32400;35556
2;91;I2_R91_V1_T63;1;63;10;7765;129,4166667;2,156944444;5965;41,39205688;17;37130;44895
2;91;I2_R91_V1_T74;1;74;16;7581;126,35;2,105833333;4701;32,58634192;25;44895;52476
2;91;I2_R91_V1_T204;1;204;16;8714;145,2333333;2,420555556;5834;40,45459961;28;52476;61190
2;91;I2_R91_V2_T28;2;28;7;6278;104,6333333;1,743888889;5018;34,81561133;10;34322;40600
2;91;I2_R91_V2_T73;2;73;8;5917;98,61666667;1,643611111;4477;31,05829102;14;40657;46574
2;91;I2_R91_V2_T103;2;103;19;9862;164,3666667;2,739444444;6442;44,67112371;28;46574;56436
2;91;I2_R91_V2_T204;2;204;8;4638;77,3;1,288333333;3198;22,17758008;13;56436;61074
2;92;I2_R92_V0_T5;0;5;1;4034;67,23333333;1,120555556;3514;24,40245117;1;32400;36434
2;92;I2_R92_V0_T14;0;14;13;8065;134,4166667;2,240277778;5725;39,71655983;23;37771;45836
2;92;I2_R92_V0_T68;0;68;20;9183;153,05;2,550833333;5583;38,69442187;32;45836;55019
2;92;I2_R92_V0_T101;0;101;12;6136;102,2666667;1,704444444;3976;27,55724854;19;55019;61155
2;92;I2_R92_V1_T3;1;3;14;11662;194,3666667;3,239444444;7704;53,45890408;17;33612;45274
2;92;I2_R92_V1_T9;1;9;7;4095;68,25;1,1375;2835;19,65213574;13;45274;49369
2;92;I2_R92_V1_T36;1;36;21;8886;148,1;2,468333333;5106;35,39312964;36;49369;58255
2;92;I2_R92_V1_T78;1;78;3;2641;44,01666667;0,733611111;2101;14,5807334;6;58255;60896
2;92;I2_R92_V2_T3;2;3;3;3695;61,58333333;1,026388889;3155;21,89540991;4;34896;38591
2;92;I2_R92_V2_T30;2;30;4;4358;72,63333333;1,210555556;3638;25,24610742;7;38591;42949
2;92;I2_R92_V2_T38;2;38;8;4990;83,16666667;1,386111111;3550;24,62157129;14;42949;47939
2;92;I2_R92_V2_T68;2;68;13;6191;103,1833333;1,719722222;3851;26,69909082;24;47939;54130
2;92;I2_R92_V2_T151;2;151;15;7039;117,3166667;1,955277778;4339;30,08233789;26;54130;61169
2;93;I2_R93_V0_T8;0;8;14;10229;170,4833333;2,841388889;7709;53,48307835;20;34342;44571
2;93;I2_R93_V0_T23;0;23;22;9713;161,8833333;2,698055556;5753;39,87147107;35;44782;54495
2;93;I2_R93_V0_T61;0;61;11;6637;110,6166667;1,843611111;4657;32,30340771;20;54495;61132
2;93;I2_R93_V1_T75;1;75;3;4558;75,96666667;1,266111111;4018;27,89148315;6;34649;39207
2;93;I2_R93_V1_T77;1;77;11;7212;120,2;2,003333333;5232;36,2887207;17;40220;47432
2;93;I2_R93_V1_T146;1;146;18;8673;144,55;2,409166667;5433;37,66442578;32;47486;56159
2;93;I2_R93_V1_T192;1;192;9;4867;81,11666667;1,351944444;3247;22,52325;14;56159;61026
2;93;I2_R93_V2_T2;2;2;8;6433;107,2166667;1,786944444;4575;31,7418291;11;35169;41602
2;93;I2_R93_V2_T4;2;4;5;4569;76,15;1,269166667;3669;25,45087256;8;43155;47724
2;93;I2_R93_V2_T18;2;18;17;7502;125,0333333;2,083888889;4442;30,78257764;25;47724;55226
2;93;I2_R93_V2_T26;2;26;11;5973;99,55;1,659166667;3993;27,6945332;19;55226;61199
2;94;I2_R94_V0_T41;0;41;4;4967;82,78333333;1,379722222;4247;29,47191077;6;34850;39817
2;94;I2_R94_V0_T49;0;49;11;7648;127,4666667;2,124444444;5668;39,31658984;19;39817;47465
2;94;I2_R94_V0_T100;0;100;29;13564;226,0666667;3,767777778;8141;56,45183789;44;47465;61029
2;94;I2_R94_V1_T2;1;2;3;4712;78,53333333;1,308888889;4172;28,95700098;4;32751;37463
2;94;I2_R94_V1_T3;1;3;13;7876;131,2666667;2,187777778;5536;38,40139868;22;38526;46402
2;94;I2_R94_V1_T74;1;74;17;8810;146,8333333;2,447222222;5750;39,8831062;29;46491;55301
2;94;I2_R94_V1_T130;1;130;12;5816;96,93333333;1,615555556;3656;25,3485957;20;55301;61117
2;94;I2_R94_V2_T26;2;26;1;4216;70,26666667;1,171111111;4036;28,01971484;2;33276;37492
2;94;I2_R94_V2_T35;2;35;13;8772;146,2;2,436666667;6432;44,62910391;21;38056;46828
2;94;I2_R94_V2_T37;2;37;15;6751;112,5166667;1,875277778;4051;28,07096973;30;46828;53579
2;94;I2_R94_V2_T68;2;68;17;7171;119,5166667;1,991944444;4111;28,49730664;28;53579;60750
2;95;I2_R95_V0_T102;0;102;5;5846;97,43333333;1,623888889;4946;34,32054395;8;33387;39233
2;95;I2_R95_V0_T121;0;121;9;5406;90,1;1,501666667;3786;26,25849316;14;39264;44670
2;95;I2_R95_V0_T154;0;154;9;5124;85,4;1,423333333;3504;24,28579102;13;44827;49951
2;95;I2_R95_V0_T190;0;190;9;5602;93,36666667;1,556111111;3982;27,61948755;15;50014;55616
2;95;I2_R95_V0_T195;0;195;11;5424;90,4;1,506666667;3444;23,8623457;15;55616;61040
2;95;I2_R95_V1_T38;1;38;7;6187;103,1166667;1,718611111;4744;32,91568555;11;36898;43085
2;95;I2_R95_V1_T65;1;65;8;5075;84,58333333;1,409722222;3635;25,21743164;15;44013;49088
2;95;I2_R95_V1_T77;1;77;18;7742;129,0333333;2,150555556;4502;31,2118623;28;49088;56830
2;95;I2_R95_V1_T82;1;82;10;4343;72,38333333;1,206388889;2543;17,62614258;14;56830;61173
2;95;I2_R95_V2_T18;2;18;2;3039;50,65;0,844166667;2679;18,59223413;4;35791;38830
2;95;I2_R95_V2_T19;2;19;10;6394;106,5666667;1,776111111;4594;31,86853662;17;38830;45224
2;95;I2_R95_V2_T67;2;67;14;6873;114,55;1,909166667;4353;30,18724268;24;45224;52097
2;95;I2_R95_V2_T108;2;108;20;9033;150,55;2,509166667;5433;37,67087463;32;52097;61130
2;96;I2_R96_V0_T10;0;10;5;8031;133,85;2,230833333;4796;33,28763086;8;34035;42066
2;96;I2_R96_V0_T18;0;18;7;4752;79,2;1,32;3492;24,22088831;12;42066;46818
2;96;I2_R96_V0_T47;0;47;16;7202;120,0333333;2,000555556;4322;29,96417236;29;47720;54922
2;96;I2_R96_V0_T62;0;62;12;6208;103,4666667;1,724444444;4048;28,06026392;21;54922;61130
2;96;I2_R96_V1_T2;1;2;3;4430;73,83333333;1,230555556;3890;26,99568579;4;34044;38474
2;96;I2_R96_V1_T28;1;28;12;7157;119,2833333;1,988055556;4997;34,66688623;21;41536;48693
2;96;I2_R96_V1_T31;1;31;13;6953;115,8833333;1,931388889;4613;31,98627637;24;48693;55646
2;96;I2_R96_V1_T38;1;38;11;5433;90,55;1,509166667;3453;23,93048438;19;55646;61079
2;96;I2_R96_V2_T19;2;19;10;7351;122,5166667;2,041944444;5551;38,50940039;16;36116;43467
2;96;I2_R96_V2_T40;2;40;12;6975;116,25;1,9375;4815;33,38514844;19;43467;50442
2;96;I2_R96_V2_T41;2;41;23;10705;178,4166667;2,973611111;6565;45,51761377;36;50442;61147
2;97;I2_R97_V0_T9;0;9;7;6360;106;1,766666667;4789;33,221896;11;35064;41424
2;97;I2_R97_V0_T73;0;73;7;5152;85,86666667;1,431111111;3892;26,99872363;12;41493;46645
2;97;I2_R97_V0_T96;0;96;14;6730;112,1666667;1,869444444;4210;29,18196069;26;46645;53375
2;97;I2_R97_V0_T215;0;215;16;7638;127,3;2,121666667;4758;32,98194922;27;53534;61172
2;97;I2_R97_V1_T21;1;21;1;2886;48,1;0,801666667;2706;18,78005298;2;37411;40297
2;97;I2_R97_V1_T25;1;25;10;6615;110,25;1,8375;4815;33,39682227;14;41569;48184
2;97;I2_R97_V1_T73;1;73;12;5973;99,55;1,659166667;3813;26,43562866;21;48184;54157
2;97;I2_R97_V1_T77;1;77;15;7039;117,3166667;1,955277778;4339;30,08790625;24;54157;61196
2;97;I2_R97_V2_T93;2;93;2;5402;90,03333333;1,500555556;5042;35,00235986;2;32400;37802
2;97;I2_R97_V2_T106;2;106;6;6807;113,45;1,890833333;5727;39,74483203;11;38295;45102
2;97;I2_R97_V2_T138;2;138;5;3623;60,38333333;1,006388889;2723;18,88823145;10;45102;48725
2;97;I2_R97_V2_T144;2;144;13;6394;106,5666667;1,776111111;4054;28,11794922;25;48725;55119
2;97;I2_R97_V2_T174;2;174;12;5994;99,9;1,665;3834;26,58714258;19;55119;61113
2;98;I2_R98_V0_T25;0;25;2;2500;41,66666667;0,694444444;2140;14,84988184;4;37222;39722
2;98;I2_R98_V0_T52;0;52;11;7878;131,3;2,188333333;5801;40,24258398;18;39746;47624
2;98;I2_R98_V0_T85;0;85;18;7658;127,6333333;2,127222222;4418;30,61282227;31;47624;55282
2;98;I2_R98_V0_T171;0;171;12;5694;94,9;1,581666667;3534;24,50522168;20;55282;60976
2;98;I2_R98_V1_T26;1;26;1;3076;51,26666667;0,854444444;2896;20,10081746;1;32400;35476
2;98;I2_R98_V1_T28;1;28;9;6713;111,8833333;1,864722222;5093;35,33607813;12;36532;43245
2;98;I2_R98_V1_T34;1;34;1;1220;20,33333333;0,338888889;1040;7,212047852;2;43245;44465
2;98;I2_R98_V1_T38;1;38;22;10526;175,4333333;2,923888889;6566;45,50834766;35;44465;54991
2;98;I2_R98_V1_T54;1;54;12;6151;102,5166667;1,708611111;3991;27,67863477;22;54991;61142
2;98;I2_R98_V2_T7;2;7;2;4865;81,08333333;1,351388889;4505;31,27704477;3;32407;37272
2;98;I2_R98_V2_T8;2;8;3;4481;74,68333333;1,244722222;3941;27,35481836;3;37272;41753
2;98;I2_R98_V2_T13;2;13;4;3195;53,25;0,8875;2475;17,17984473;6;41753;44948
2;98;I2_R98_V2_T16;2;16;16;8728;145,4666667;2,424444444;5848;40,56925585;30;44948;53676
2;98;I2_R98_V2_T281;2;281;13;7487;124,7833333;2,079722222;5147;35,68914722;22;53676;61163
2;99;I2_R99_V0_T43;0;43;5;6084;101,4;1,69;5184;35,97717773;10;34913;40997
2;99;I2_R99_V0_T50;0;50;11;6543;109,05;1,8175;4563;31,65166138;20;41212;47755
2;99;I2_R99_V0_T52;0;52;20;9861;164,35;2,739166667;6261;43,40078003;36;47755;57616
2;99;I2_R99_V0_T130;0;130;5;3560;59,33333333;0,988888889;2660;18,44880273;9;57616;61176
2;99;I2_R99_V1_T11;1;11;3;2928;48,8;0,813333333;2388;16,5790957;5;35703;38631
2;99;I2_R99_V1_T79;1;79;3;3995;66,58333333;1,109722222;2374;16,47463477;5;38812;42807
2;99;I2_R99_V1_T230;1;230;7;4632;77,2;1,286666667;3372;23,39399414;13;42807;47439
2;99;I2_R99_V1_T257;1;257;14;7837;130,6166667;2,176944444;5317;36,88032422;24;47511;55348
2;99;I2_R99_V1_T262;1;262;11;5850;97,5;1,625;3870;26,84957666;18;55348;61198
2;99;I2_R99_V2_T31;2;31;9;7768;129,4666667;2,157777778;6148;42,67336365;13;35551;43319
2;99;I2_R99_V2_T88;2;88;15;7284;121,4;2,023333333;4584;31,77264453;23;43434;50718
2;99;I2_R99_V2_T93;2;93;22;10212;170,2;2,836666667;6252;43,32297174;35;50718;60930
