instancia,replica,tour_id,vehicle,trip,n_customers_tour,tour_duration_sec,tour_duration_min,tour_duration_hours,total_travel_time_sec,total_distance_km,total_profit,departure_time_from_depot,return_to_depot_time
4,0,I4_R0_V0_T16,0,16,4,7106.0,118.43333333333334,1.9738888888888888,4095.0,28.413349609374997,6.0,34327.0,41433.0
4,0,I4_R0_V0_T24,0,24,13,6325.0,105.41666666666667,1.7569444444444444,3985.0,27.622972656250003,21.0,41808.0,48133.0
4,0,I4_R0_V0_T27,0,27,20,7088.0,118.13333333333334,1.968888888888889,3488.0,24.15219921875,36.0,48133.0,55221.0
4,0,I4_R0_V0_T64,0,64,13,5833.0,97.21666666666667,1.6202777777777777,3493.0,24.199650390625,22.0,55232.0,61065.0
4,0,I4_R0_V1_T16,1,16,14,8265.0,137.75,2.2958333333333334,5586.0,38.745667968750006,20.0,38311.0,46576.0
4,0,I4_R0_V1_T37,1,37,7,3955.0,65.91666666666667,1.0986111111111112,2695.0,18.68283203125,13.0,46595.0,50550.0
4,0,I4_R0_V1_T53,1,53,25,10311.0,171.85,2.8641666666666667,5811.0,40.26869116210936,41.0,50764.0,61075.0
4,0,I4_R0_V2_T32,2,32,6,5265.0,87.75,1.4625,4185.0,29.028849609375,9.0,34976.0,40241.0
4,0,I4_R0_V2_T63,2,63,10,5458.0,90.96666666666667,1.5161111111111112,3658.0,25.3589169921875,17.0,40812.0,46270.0
4,0,I4_R0_V2_T71,2,71,15,7124.0,118.73333333333333,1.978888888888889,4424.0,30.667943359375,27.0,46270.0,53394.0
4,0,I4_R0_V2_T184,2,184,16,7793.0,129.88333333333333,2.164722222222222,4913.0,34.0594375,24.0,53394.0,61187.0
4,1,I4_R1_V0_T20,0,20,4,5952.0,99.2,1.6533333333333333,5232.0,36.31435119628907,6.0,34073.0,40025.0
4,1,I4_R1_V0_T22,0,22,8,4887.0,81.45,1.3575,3447.0,23.898890625000003,15.0,40295.0,45182.0
4,1,I4_R1_V0_T63,0,63,19,9387.0,156.45,2.6075,5967.0,41.36833740234375,34.0,45182.0,54569.0
4,1,I4_R1_V0_T199,0,199,17,6600.0,110.0,1.8333333333333333,3540.0,24.511232421875,27.0,54569.0,61169.0
4,1,I4_R1_V1_T57,1,57,2,2647.0,44.11666666666667,0.7352777777777778,2287.0,15.873484375,4.0,38233.0,40880.0
4,1,I4_R1_V1_T72,1,72,5,3043.0,50.71666666666667,0.8452777777777778,2143.0,14.85446875,8.0,41055.0,44098.0
4,1,I4_R1_V1_T100,1,100,21,9073.0,151.21666666666667,2.520277777777778,5293.0,36.68404296875,38.0,44098.0,53171.0
4,1,I4_R1_V1_T203,1,203,16,7885.0,131.41666666666666,2.1902777777777778,5005.0,34.693665771484376,27.0,53171.0,61056.0
4,1,I4_R1_V2_T5,2,5,4,5017.0,83.61666666666666,1.3936111111111111,4297.0,29.82158154296875,6.0,36106.0,41123.0
4,1,I4_R1_V2_T6,2,6,5,3411.0,56.85,0.9475,2511.0,17.41475390625,8.0,41628.0,45039.0
4,1,I4_R1_V2_T51,2,51,23,9432.0,157.2,2.62,5292.0,36.6871396484375,41.0,45039.0,54471.0
4,1,I4_R1_V2_T56,2,56,17,6561.0,109.35,1.8225,3501.0,24.236504882812493,25.0,54471.0,61032.0
4,2,I4_R2_V0_T12,0,12,7,5918.0,98.63333333333334,1.643888888888889,4658.0,32.327243164062494,12.0,36118.0,42036.0
4,2,I4_R2_V0_T26,0,26,9,3918.0,65.3,1.0883333333333334,2298.0,15.931330078124999,13.0,42036.0,45954.0
4,2,I4_R2_V0_T38,0,38,14,6283.0,104.71666666666667,1.7452777777777777,3763.0,26.074887695312498,23.0,45954.0,52237.0
4,2,I4_R2_V0_T67,0,67,19,8722.0,145.36666666666667,2.4227777777777777,5260.0,36.46719921875,29.0,52237.0,60959.0
4,2,I4_R2_V1_T6,1,6,4,3364.0,56.06666666666667,0.9344444444444444,2644.0,18.34376171875,7.0,35623.0,38987.0
4,2,I4_R2_V1_T29,1,29,14,6707.0,111.78333333333333,1.8630555555555555,4187.0,29.021417480468756,21.0,39017.0,45724.0
4,2,I4_R2_V1_T30,1,30,15,7071.0,117.85,1.9641666666666666,4371.0,30.299931640625,25.0,45724.0,52795.0
4,2,I4_R2_V1_T165,1,165,17,8387.0,139.78333333333333,2.3297222222222222,5327.0,36.935996093750006,31.0,52795.0,61182.0
4,2,I4_R2_V2_T9,2,9,7,6713.0,111.88333333333334,1.8647222222222222,4207.0,29.19504052734375,12.0,37191.0,43904.0
4,2,I4_R2_V2_T17,2,17,12,4903.0,81.71666666666667,1.3619444444444444,2743.0,18.997875,19.0,43904.0,48807.0
4,2,I4_R2_V2_T47,2,47,13,6369.0,106.15,1.7691666666666668,4029.0,27.93169580078125,24.0,48807.0,55176.0
4,2,I4_R2_V2_T71,2,71,14,6001.0,100.01666666666667,1.6669444444444443,3481.0,24.131087890625004,26.0,55176.0,61177.0
4,3,I4_R3_V0_T0,0,0,4,6192.0,103.2,1.72,4731.0,32.83692578125,7.0,35660.0,41852.0
4,3,I4_R3_V0_T7,0,7,13,6717.0,111.95,1.8658333333333332,4377.0,30.33306884765625,21.0,41852.0,48569.0
4,3,I4_R3_V0_T23,0,23,15,6647.0,110.78333333333333,1.8463888888888889,3877.0,26.865033203124998,27.0,48569.0,55216.0
4,3,I4_R3_V0_T253,0,253,12,5945.0,99.08333333333333,1.6513888888888888,3785.0,26.2269248046875,22.0,55216.0,61161.0
4,3,I4_R3_V1_T8,1,8,6,5182.0,86.36666666666666,1.4394444444444445,4102.0,28.471474609375,11.0,34455.0,39637.0
4,3,I4_R3_V1_T12,1,12,8,5651.0,94.18333333333334,1.5697222222222222,4147.0,28.777458007812502,13.0,39637.0,45288.0
4,3,I4_R3_V1_T38,1,38,20,8823.0,147.05,2.450833333333333,5223.0,36.198533203125,37.0,45295.0,54118.0
4,3,I4_R3_V1_T160,1,160,15,6993.0,116.55,1.9425,4293.0,29.763920410156253,25.0,54118.0,61111.0
4,3,I4_R3_V2_T77,2,77,7,5684.0,94.73333333333333,1.5788888888888888,4424.0,30.69376025390625,11.0,38123.0,43807.0
4,3,I4_R3_V2_T93,2,93,14,6796.0,113.26666666666667,1.8877777777777778,4276.0,29.649247558593757,25.0,44400.0,51196.0
4,3,I4_R3_V2_T293,2,293,23,9754.0,162.56666666666666,2.7094444444444443,5614.0,38.8896748046875,34.0,51315.0,61069.0
4,4,I4_R4_V0_T47,0,47,16,9143.0,152.38333333333333,2.539722222222222,5314.0,36.833642578124994,25.0,35603.0,44746.0
4,4,I4_R4_V0_T99,0,99,16,7701.0,128.35,2.1391666666666667,4821.0,33.427583984375,28.0,44831.0,52532.0
4,4,I4_R4_V0_T162,0,162,18,7254.0,120.9,2.015,3961.0,27.4377783203125,26.0,52532.0,59786.0
4,4,I4_R4_V0_T185,0,185,1,970.0,16.166666666666668,0.26944444444444443,790.0,5.4840791015625,2.0,59786.0,60756.0
4,4,I4_R4_V1_T95,1,95,4,5889.0,98.15,1.6358333333333333,4505.0,31.268995605468753,6.0,32693.0,38582.0
4,4,I4_R4_V1_T162,1,162,10,5327.0,88.78333333333333,1.4797222222222222,3527.0,24.451908691406253,18.0,40081.0,45408.0
4,4,I4_R4_V1_T204,1,204,24,10680.0,178.0,2.966666666666667,6310.0,43.74232177734374,41.0,45408.0,56088.0
4,4,I4_R4_V1_T232,1,232,13,4919.0,81.98333333333333,1.3663888888888889,2579.0,17.858341796875,24.0,56088.0,61007.0
4,4,I4_R4_V2_T0,2,0,12,7226.0,120.43333333333334,2.007222222222222,5066.0,35.13371728515625,19.0,37235.0,44461.0
4,4,I4_R4_V2_T7,2,7,23,9480.0,158.0,2.6333333333333333,5340.0,36.9969970703125,41.0,44461.0,53941.0
4,4,I4_R4_V2_T84,2,84,17,7254.0,120.9,2.015,4194.0,29.072869140625006,27.0,53941.0,61195.0
4,5,I4_R5_V0_T113,0,113,2,4403.0,73.38333333333334,1.2230555555555556,4043.0,28.06785940551758,2.0,32400.0,36803.0
4,5,I4_R5_V0_T194,0,194,9,6389.0,106.48333333333333,1.7747222222222223,4769.0,33.084305297851564,17.0,38172.0,44561.0
4,5,I4_R5_V0_T210,0,210,23,9357.0,155.95,2.5991666666666666,5217.0,36.1417919921875,33.0,44561.0,53918.0
4,5,I4_R5_V0_T272,0,272,18,7145.0,119.08333333333333,1.9847222222222223,3905.0,27.063867187499998,28.0,54036.0,61181.0
4,5,I4_R5_V1_T13,1,13,1,4088.0,68.13333333333334,1.1355555555555557,3908.0,27.135439453125,1.0,32400.0,36488.0
4,5,I4_R5_V1_T16,1,16,7,4448.0,74.13333333333334,1.2355555555555555,3188.0,22.1105859375,10.0,36488.0,40936.0
4,5,I4_R5_V1_T59,1,59,7,3836.0,63.93333333333333,1.0655555555555556,2576.0,17.869443359374998,14.0,41404.0,45240.0
4,5,I4_R5_V1_T118,1,118,12,5951.0,99.18333333333334,1.6530555555555555,3791.0,26.281068359375006,21.0,45240.0,51191.0
4,5,I4_R5_V1_T225,1,225,19,8378.0,139.63333333333333,2.3272222222222223,4958.0,34.359025390625,29.0,51191.0,59569.0
4,5,I4_R5_V1_T226,1,226,3,1526.0,25.433333333333334,0.42388888888888887,986.0,6.843404296875001,5.0,59569.0,61095.0
4,5,I4_R5_V2_T19,2,19,6,4754.0,79.23333333333333,1.3205555555555555,3674.0,25.4873046875,12.0,36672.0,41426.0
4,5,I4_R5_V2_T25,2,25,18,7984.0,133.06666666666666,2.2177777777777776,4744.0,32.88507958984374,32.0,41764.0,49748.0
4,5,I4_R5_V2_T76,2,76,19,7416.0,123.6,2.06,3996.0,27.669927734375,33.0,49825.0,57241.0
4,5,I4_R5_V2_T83,2,83,8,3909.0,65.15,1.0858333333333334,2469.0,17.116194335937497,14.0,57241.0,61150.0
4,6,I4_R6_V0_T0,0,0,8,4557.0,75.95,1.2658333333333334,3117.0,21.6290546875,16.0,42803.0,47360.0
4,6,I4_R6_V0_T1,0,1,17,7830.0,130.5,2.175,4770.0,33.05814453125,30.0,47360.0,55190.0
4,6,I4_R6_V0_T135,0,135,13,5894.0,98.23333333333333,1.6372222222222221,3554.0,24.63112109375,21.0,55190.0,61084.0
4,6,I4_R6_V1_T80,1,80,3,3374.0,56.233333333333334,0.9372222222222222,2834.0,19.662849609375,6.0,34533.0,37907.0
4,6,I4_R6_V1_T93,1,93,7,4986.0,83.1,1.385,3726.0,25.84176708984375,12.0,37907.0,42893.0
4,6,I4_R6_V1_T165,1,165,16,7821.0,130.35,2.1725,4941.0,34.2640078125,23.0,42893.0,50714.0
4,6,I4_R6_V1_T227,1,227,10,4943.0,82.38333333333334,1.3730555555555555,3143.0,21.793971679687502,16.0,50714.0,55657.0
4,6,I4_R6_V1_T245,1,245,15,5538.0,92.3,1.5383333333333333,2838.0,19.65749609375,21.0,55657.0,61195.0
4,6,I4_R6_V2_T35,2,35,1,1716.0,28.6,0.4766666666666667,1536.0,10.66535546875,1.0,32400.0,34116.0
4,6,I4_R6_V2_T41,2,41,9,7832.0,130.53333333333333,2.1755555555555555,6212.0,43.10665771484375,13.0,34931.0,42763.0
4,6,I4_R6_V2_T53,2,53,13,6306.0,105.1,1.7516666666666667,3966.0,27.496415039062505,19.0,42763.0,49069.0
4,6,I4_R6_V2_T91,2,91,17,6719.0,111.98333333333333,1.8663888888888889,3659.0,25.335595703124994,30.0,49164.0,55883.0
4,6,I4_R6_V2_T229,2,229,10,5313.0,88.55,1.4758333333333333,3513.0,24.369855468750004,17.0,55883.0,61196.0
4,7,I4_R7_V0_T4,0,4,2,7036.0,117.26666666666667,1.9544444444444444,3695.0,25.6424541015625,2.0,32400.0,39436.0
4,7,I4_R7_V0_T24,0,24,9,5511.0,91.85,1.5308333333333333,3891.0,26.982310546875006,17.0,39436.0,44947.0
4,7,I4_R7_V0_T70,0,70,19,8694.0,144.9,2.415,5274.0,36.57370361328126,29.0,44947.0,53641.0
4,7,I4_R7_V0_T105,0,105,16,7537.0,125.61666666666666,2.093611111111111,4657.0,32.2873359375,30.0,53641.0,61178.0
4,7,I4_R7_V1_T13,1,13,11,8890.0,148.16666666666666,2.4694444444444446,6556.0,45.4783642578125,15.0,35427.0,44317.0
4,7,I4_R7_V1_T45,1,45,24,10396.0,173.26666666666668,2.887777777777778,6076.0,42.11258325195313,40.0,44657.0,55053.0
4,7,I4_R7_V1_T57,1,57,16,6140.0,102.33333333333333,1.7055555555555555,3260.0,22.5728740234375,24.0,55053.0,61193.0
4,7,I4_R7_V2_T58,2,58,1,4188.0,69.8,1.1633333333333333,3228.0,22.41576220703125,1.0,32400.0,36588.0
4,7,I4_R7_V2_T60,2,60,5,3135.0,52.25,0.8708333333333333,2235.0,15.496474609375001,10.0,37701.0,40836.0
4,7,I4_R7_V2_T69,2,69,12,6276.0,104.6,1.7433333333333334,4116.0,28.530265136718743,18.0,41549.0,47825.0
4,7,I4_R7_V2_T125,2,125,14,6085.0,101.41666666666667,1.6902777777777778,3565.0,24.700318359375,24.0,47825.0,53910.0
4,7,I4_R7_V2_T184,2,184,17,7159.0,119.31666666666666,1.988611111111111,4099.0,28.413150390625006,26.0,54035.0,61194.0
4,8,I4_R8_V0_T87,0,87,5,4655.0,77.58333333333333,1.2930555555555556,3755.0,26.055992187499996,8.0,37163.0,41818.0
4,8,I4_R8_V0_T130,0,130,7,4650.0,77.5,1.2916666666666667,3390.0,23.51044580078125,12.0,42421.0,47071.0
4,8,I4_R8_V0_T139,0,139,17,7232.0,120.53333333333333,2.008888888888889,4172.0,28.9079580078125,32.0,47071.0,54303.0
4,8,I4_R8_V0_T146,0,146,16,6767.0,112.78333333333333,1.8797222222222223,3887.0,26.942916015625002,28.0,54303.0,61070.0
4,8,I4_R8_V1_T100,1,100,8,5379.0,89.65,1.4941666666666666,3939.0,27.313976562500002,15.0,36502.0,41881.0
4,8,I4_R8_V1_T124,1,124,8,5026.0,83.76666666666667,1.396111111111111,3586.0,24.8702822265625,13.0,41933.0,46959.0
4,8,I4_R8_V1_T153,1,153,18,7300.0,121.66666666666667,2.0277777777777777,4060.0,28.134144531249998,30.0,46970.0,54270.0
4,8,I4_R8_V1_T169,1,169,15,6837.0,113.95,1.8991666666666667,4137.0,28.67687060546875,23.0,54270.0,61107.0
4,8,I4_R8_V2_T3,2,3,1,8631.0,143.85,2.3975,1868.0,12.96165625,1.0,32400.0,41031.0
4,8,I4_R8_V2_T21,2,21,9,5368.0,89.46666666666667,1.491111111111111,3748.0,25.99541015625,17.0,41371.0,46739.0
4,8,I4_R8_V2_T39,2,39,19,7329.0,122.15,2.035833333333333,3909.0,27.09644531250001,35.0,47211.0,54540.0
4,8,I4_R8_V2_T89,2,89,15,6522.0,108.7,1.8116666666666668,3822.0,26.480129394531247,24.0,54540.0,61062.0
4,9,I4_R9_V0_T3,0,3,9,5256.0,87.6,1.46,3625.0,25.134691406250003,13.0,36545.0,41801.0
4,9,I4_R9_V0_T45,0,45,12,6418.0,106.96666666666667,1.7827777777777778,4258.0,29.51590234375,18.0,41844.0,48262.0
4,9,I4_R9_V0_T58,0,58,17,7205.0,120.08333333333333,2.001388888888889,4145.0,28.7225087890625,32.0,48426.0,55631.0
4,9,I4_R9_V0_T135,0,135,10,5405.0,90.08333333333333,1.5013888888888889,3605.0,25.0038359375,15.0,55631.0,61036.0
4,9,I4_R9_V1_T21,1,21,4,4501.0,75.01666666666667,1.2502777777777778,3781.0,26.243062744140627,7.0,37671.0,42172.0
4,9,I4_R9_V1_T87,1,87,10,4807.0,80.11666666666666,1.3352777777777778,3007.0,20.85198046875,17.0,42172.0,46979.0
4,9,I4_R9_V1_T210,1,210,21,7845.0,130.75,2.1791666666666667,3716.0,25.733742187499995,34.0,46984.0,54829.0
4,9,I4_R9_V1_T214,1,214,14,6333.0,105.55,1.7591666666666668,3813.0,26.427591796875,23.0,54829.0,61162.0
4,9,I4_R9_V2_T23,2,23,8,5943.0,99.05,1.6508333333333334,4503.0,31.237197265625,13.0,37789.0,43732.0
4,9,I4_R9_V2_T114,2,114,22,8886.0,148.1,2.4683333333333333,4926.0,34.143255859374996,36.0,44605.0,53491.0
4,9,I4_R9_V2_T225,2,225,19,7640.0,127.33333333333333,2.1222222222222222,4220.0,29.231509765624995,31.0,53491.0,61131.0
4,10,I4_R10_V0_T82,0,82,7,6250.0,104.16666666666667,1.7361111111111112,4910.0,34.07818359375,7.0,32400.0,38650.0
4,10,I4_R10_V0_T87,0,87,4,2513.0,41.88333333333333,0.6980555555555555,1793.0,12.442621093749999,6.0,38650.0,41163.0
4,10,I4_R10_V0_T95,0,95,15,8068.0,134.46666666666667,2.241111111111111,5368.0,37.2307880859375,24.0,41822.0,49890.0
4,10,I4_R10_V0_T96,0,96,14,6563.0,109.38333333333334,1.8230555555555557,4043.0,28.028062011718745,24.0,49890.0,56453.0
4,10,I4_R10_V0_T180,0,180,10,4621.0,77.01666666666667,1.283611111111111,2821.0,19.5567802734375,19.0,56453.0,61074.0
4,10,I4_R10_V1_T50,1,50,6,4764.0,79.4,1.3233333333333333,3087.0,21.419114257812502,8.0,32960.0,37724.0
4,10,I4_R10_V1_T54,1,54,4,4145.0,69.08333333333333,1.1513888888888888,3316.0,23.02043798828125,7.0,38177.0,42322.0
4,10,I4_R10_V1_T107,1,107,8,4767.0,79.45,1.3241666666666667,3327.0,23.07043896484375,16.0,42322.0,47089.0
4,10,I4_R10_V1_T180,1,180,18,7391.0,123.18333333333334,2.0530555555555554,4151.0,28.749292968749998,30.0,47089.0,54480.0
4,10,I4_R10_V1_T197,1,197,14,6718.0,111.96666666666667,1.866111111111111,4198.0,29.108582031249995,26.0,54480.0,61198.0
4,10,I4_R10_V2_T24,2,24,3,4742.0,79.03333333333333,1.3172222222222223,4202.0,29.165070068359377,4.0,34865.0,39607.0
4,10,I4_R10_V2_T33,2,33,18,8126.0,135.43333333333334,2.257222222222222,4886.0,33.87025390625,26.0,39607.0,47733.0
4,10,I4_R10_V2_T39,2,39,10,4519.0,75.31666666666666,1.2552777777777777,2719.0,18.84603125,18.0,47733.0,52252.0
4,10,I4_R10_V2_T182,2,182,19,8772.0,146.2,2.4366666666666665,5352.0,37.08468530273437,27.0,52252.0,61024.0
4,11,I4_R11_V0_T14,0,14,1,2856.0,47.6,0.7933333333333333,2676.0,18.58159765625,2.0,32648.0,35504.0
4,11,I4_R11_V0_T18,0,18,3,3858.0,64.3,1.0716666666666668,3318.0,23.0281787109375,6.0,37877.0,41735.0
4,11,I4_R11_V0_T47,0,47,9,5976.0,99.6,1.66,4356.0,30.223396484374994,15.0,41792.0,47768.0
4,11,I4_R11_V0_T153,0,153,17,7442.0,124.03333333333333,2.067222222222222,4382.0,30.364669921875002,32.0,47768.0,55210.0
4,11,I4_R11_V0_T157,0,157,14,5781.0,96.35,1.6058333333333332,3261.0,22.58196875,23.0,55210.0,60991.0
4,11,I4_R11_V1_T7,1,7,8,4610.0,76.83333333333333,1.2805555555555554,3170.0,21.992689453125,13.0,37286.0,41896.0
4,11,I4_R11_V1_T9,1,9,8,4723.0,78.71666666666667,1.3119444444444444,3256.0,22.586515625,13.0,42142.0,46865.0
4,11,I4_R11_V1_T19,1,19,13,6291.0,104.85,1.7475,3951.0,27.380878906250004,23.0,46865.0,53156.0
4,11,I4_R11_V1_T21,1,21,20,7667.0,127.78333333333333,2.129722222222222,4067.0,28.170718749999995,33.0,53211.0,60878.0
4,11,I4_R11_V2_T106,2,106,14,9856.0,164.26666666666668,2.7377777777777776,7336.0,50.883684814453126,19.0,35705.0,45561.0
4,11,I4_R11_V2_T128,2,128,2,1316.0,21.933333333333334,0.3655555555555556,956.0,6.636914062500001,4.0,45561.0,46877.0
4,11,I4_R11_V2_T142,2,142,17,6558.0,109.3,1.8216666666666668,3498.0,24.220943359374992,28.0,46877.0,53435.0
4,11,I4_R11_V2_T149,2,149,17,7581.0,126.35,2.1058333333333334,4521.0,31.338804199218742,31.0,53435.0,61016.0
4,12,I4_R12_V0_T0,0,0,15,8039.0,133.98333333333332,2.2330555555555556,5339.0,37.01750634765625,25.0,37147.0,45186.0
4,12,I4_R12_V0_T6,0,6,23,8995.0,149.91666666666666,2.498611111111111,4855.0,33.622208984375,39.0,45186.0,54181.0
4,12,I4_R12_V0_T50,0,50,17,6951.0,115.85,1.9308333333333334,3891.0,26.961896484375007,32.0,54181.0,61132.0
4,12,I4_R12_V1_T35,1,35,4,6420.0,107.0,1.7833333333333334,5700.0,39.5745078125,5.0,33355.0,39775.0
4,12,I4_R12_V1_T90,1,90,9,6111.0,101.85,1.6975,4491.0,31.15818737792969,16.0,41594.0,47705.0
4,12,I4_R12_V1_T169,1,169,17,7673.0,127.88333333333334,2.131388888888889,4613.0,31.971046875,31.0,47705.0,55378.0
4,12,I4_R12_V1_T170,1,170,14,5763.0,96.05,1.6008333333333333,3243.0,22.473677734375002,21.0,55378.0,61141.0
4,12,I4_R12_V2_T84,2,84,1,4692.0,78.2,1.3033333333333332,4512.0,31.3226962890625,1.0,32400.0,37092.0
4,12,I4_R12_V2_T145,2,145,15,8252.0,137.53333333333333,2.292222222222222,4652.0,32.25136328124999,22.0,37988.0,46240.0
4,12,I4_R12_V2_T195,2,195,18,7881.0,131.35,2.1891666666666665,4641.0,32.15402270507813,30.0,46240.0,54121.0
4,12,I4_R12_V2_T220,2,220,13,7049.0,117.48333333333333,1.9580555555555557,4709.0,32.669119628906245,22.0,54121.0,61170.0
4,13,I4_R13_V0_T2,0,2,10,6807.0,113.45,1.8908333333333334,5007.0,34.74153857421875,15.0,36002.0,42809.0
4,13,I4_R13_V0_T12,0,12,11,6027.0,100.45,1.6741666666666666,4047.0,28.060218994140623,19.0,43401.0,49428.0
4,13,I4_R13_V0_T184,0,184,13,5415.0,90.25,1.5041666666666667,3075.0,21.29120703125,23.0,49428.0,54843.0
4,13,I4_R13_V0_T258,0,258,16,6302.0,105.03333333333333,1.7505555555555556,3422.0,23.695140624999997,30.0,54843.0,61145.0
4,13,I4_R13_V1_T27,1,27,2,4722.0,78.7,1.3116666666666668,3700.0,25.68286865234375,3.0,33088.0,37810.0
4,13,I4_R13_V1_T28,1,28,11,5435.0,90.58333333333333,1.5097222222222222,3455.0,23.949501953125,19.0,38381.0,43816.0
4,13,I4_R13_V1_T160,1,160,16,7788.0,129.8,2.1633333333333336,4908.0,34.0178046875,30.0,43816.0,51604.0
4,13,I4_R13_V1_T280,1,280,23,9130.0,152.16666666666666,2.536111111111111,4990.0,34.561107421875,36.0,51687.0,60817.0
4,13,I4_R13_V2_T9,2,9,5,5487.0,91.45,1.5241666666666667,4587.0,31.834810546874998,9.0,35416.0,40903.0
4,13,I4_R13_V2_T17,2,17,9,5535.0,92.25,1.5375,3915.0,27.15975122070313,16.0,40946.0,46481.0
4,13,I4_R13_V2_T31,2,31,16,6516.0,108.6,1.81,3636.0,25.188720703125004,26.0,46481.0,52997.0
4,13,I4_R13_V2_T38,2,38,20,7994.0,133.23333333333332,2.2205555555555554,4394.0,30.470063964843757,31.0,52997.0,60991.0
4,14,I4_R14_V0_T6,0,6,2,3321.0,55.35,0.9225,2961.0,20.554255859374997,2.0,32400.0,35721.0
4,14,I4_R14_V0_T22,0,22,1,2182.0,36.36666666666667,0.6061111111111112,2002.0,13.9009306640625,2.0,35763.0,37945.0
4,14,I4_R14_V0_T25,0,25,8,4796.0,79.93333333333334,1.3322222222222222,3043.0,21.094462890625,11.0,38173.0,42969.0
4,14,I4_R14_V0_T75,0,75,6,3507.0,58.45,0.9741666666666666,2427.0,16.831001953125,11.0,43125.0,46632.0
4,14,I4_R14_V0_T156,0,156,22,8550.0,142.5,2.375,4590.0,31.771093750000006,38.0,46632.0,55182.0
4,14,I4_R14_V0_T178,0,178,12,5958.0,99.3,1.655,3798.0,26.337957031250006,21.0,55182.0,61140.0
4,14,I4_R14_V1_T9,1,9,3,3671.0,61.18333333333333,1.0197222222222222,3131.0,21.73613720703125,6.0,36719.0,40390.0
4,14,I4_R14_V1_T46,1,46,10,6423.0,107.05,1.7841666666666667,4623.0,32.06971142578125,16.0,40528.0,46951.0
4,14,I4_R14_V1_T94,1,94,17,7604.0,126.73333333333333,2.112222222222222,4544.0,31.491450683593754,31.0,46951.0,54555.0
4,14,I4_R14_V1_T216,1,216,14,6490.0,108.16666666666667,1.8027777777777778,3970.0,27.525830078125,22.0,54591.0,61081.0
4,14,I4_R14_V2_T0,2,0,9,6628.0,110.46666666666667,1.8411111111111111,5008.0,34.73707934570312,14.0,36406.0,43034.0
4,14,I4_R14_V2_T35,2,35,13,6762.0,112.7,1.8783333333333334,4422.0,30.666973144531244,26.0,43415.0,50177.0
4,14,I4_R14_V2_T73,2,73,11,5062.0,84.36666666666666,1.406111111111111,3082.0,21.364591796874997,20.0,50177.0,55239.0
4,14,I4_R14_V2_T167,2,167,10,5922.0,98.7,1.645,4122.0,28.589498046875,17.0,55239.0,61161.0
4,15,I4_R15_V0_T26,0,26,3,4961.0,82.68333333333334,1.3780555555555556,4421.0,30.692116943359373,5.0,33981.0,38942.0
4,15,I4_R15_V0_T62,0,62,11,7184.0,119.73333333333333,1.9955555555555555,4899.0,33.979845703125,18.0,39712.0,46896.0
4,15,I4_R15_V0_T170,0,170,17,8136.0,135.6,2.26,5076.0,35.18815527343751,33.0,46896.0,55032.0
4,15,I4_R15_V0_T273,0,273,12,6138.0,102.3,1.705,3978.0,27.57076220703125,22.0,55032.0,61170.0
4,15,I4_R15_V1_T24,1,24,13,8883.0,148.05,2.4675,6543.0,45.39154296875,22.0,37517.0,46400.0
4,15,I4_R15_V1_T46,1,46,16,7838.0,130.63333333333333,2.1772222222222224,4958.0,34.3675146484375,27.0,46431.0,54269.0
4,15,I4_R15_V1_T47,1,47,18,6843.0,114.05,1.9008333333333334,3603.0,24.959285156249994,31.0,54269.0,61112.0
4,15,I4_R15_V2_T23,2,23,5,3937.0,65.61666666666666,1.093611111111111,3037.0,21.0635283203125,10.0,36629.0,40566.0
4,15,I4_R15_V2_T39,2,39,11,6888.0,114.8,1.9133333333333333,4662.0,32.320068847656245,18.0,40566.0,47454.0
4,15,I4_R15_V2_T40,2,40,16,7103.0,118.38333333333334,1.9730555555555556,4223.0,29.267740722656253,28.0,47551.0,54654.0
4,15,I4_R15_V2_T73,2,73,17,6332.0,105.53333333333333,1.758888888888889,3272.0,22.66375,25.0,54654.0,60986.0
4,16,I4_R16_V0_T0,0,0,6,5790.0,96.5,1.6083333333333334,4710.0,32.67979174804688,10.0,35923.0,41713.0
4,16,I4_R16_V0_T6,0,6,1,1192.0,19.866666666666667,0.33111111111111113,1012.0,7.0153427734375,2.0,41713.0,42905.0
4,16,I4_R16_V0_T39,0,39,9,4655.0,77.58333333333333,1.2930555555555556,3035.0,21.037931640625004,16.0,42944.0,47599.0
4,16,I4_R16_V0_T116,0,116,23,8435.0,140.58333333333334,2.3430555555555554,4295.0,29.7466875,37.0,47599.0,56034.0
4,16,I4_R16_V0_T233,0,233,8,5097.0,84.95,1.4158333333333333,3657.0,25.3691220703125,16.0,56034.0,61131.0
4,16,I4_R16_V1_T33,1,33,5,4406.0,73.43333333333334,1.2238888888888888,3506.0,24.3267900390625,8.0,36340.0,40746.0
4,16,I4_R16_V1_T60,1,60,9,5207.0,86.78333333333333,1.446388888888889,3587.0,24.868525390625,16.0,40746.0,45953.0
4,16,I4_R16_V1_T70,1,70,23,9177.0,152.95,2.549166666666667,5037.0,34.903103271484376,40.0,45953.0,55130.0
4,16,I4_R16_V1_T80,1,80,12,5906.0,98.43333333333334,1.6405555555555555,3746.0,25.969239257812497,21.0,55154.0,61060.0
4,16,I4_R16_V2_T21,2,21,13,7698.0,128.3,2.138333333333333,5358.0,37.163742187500006,22.0,37285.0,44983.0
4,16,I4_R16_V2_T87,2,87,16,7603.0,126.71666666666667,2.1119444444444446,4723.0,32.74496875,29.0,44983.0,52586.0
4,16,I4_R16_V2_T94,2,94,19,8383.0,139.71666666666667,2.328611111111111,4963.0,34.3792734375,30.0,52586.0,60969.0
4,17,I4_R17_V0_T3,0,3,5,5618.0,93.63333333333334,1.5605555555555555,4718.0,32.74197875976562,8.0,34403.0,40021.0
4,17,I4_R17_V0_T14,0,14,10,5668.0,94.46666666666667,1.5744444444444445,3868.0,26.818982421875,16.0,40483.0,46151.0
4,17,I4_R17_V0_T76,0,76,19,7732.0,128.86666666666667,2.147777777777778,4312.0,29.8787490234375,31.0,46521.0,54253.0
4,17,I4_R17_V0_T113,0,113,13,6786.0,113.1,1.885,4446.0,30.830416015624998,23.0,54369.0,61155.0
4,17,I4_R17_V1_T0,1,0,9,6767.0,112.78333333333333,1.8797222222222223,5147.0,35.7113994140625,16.0,34934.0,41701.0
4,17,I4_R17_V1_T47,1,47,11,6359.0,105.98333333333333,1.7663888888888888,4379.0,30.372150390625,20.0,41877.0,48236.0
4,17,I4_R17_V1_T65,1,65,13,5829.0,97.15,1.6191666666666666,3489.0,24.175736328124998,24.0,48236.0,54065.0
4,17,I4_R17_V1_T120,1,120,15,7100.0,118.33333333333333,1.9722222222222223,4400.0,30.50884716796875,26.0,54065.0,61165.0
4,17,I4_R17_V2_T41,2,41,11,7110.0,118.5,1.975,5093.0,35.32844580078125,13.0,36021.0,43131.0
4,17,I4_R17_V2_T44,2,44,8,3686.0,61.43333333333333,1.0238888888888888,2246.0,15.566779296875,14.0,43644.0,47330.0
4,17,I4_R17_V2_T64,2,64,19,7897.0,131.61666666666667,2.193611111111111,4477.0,31.017649902343756,33.0,47330.0,55227.0
4,17,I4_R17_V2_T89,2,89,12,5875.0,97.91666666666667,1.6319444444444444,3715.0,25.74523828125,21.0,55227.0,61102.0
4,18,I4_R18_V0_T1,0,1,12,6480.0,108.0,1.8,4320.0,29.947949218749997,21.0,41930.0,48410.0
4,18,I4_R18_V0_T3,0,3,16,6923.0,115.38333333333334,1.9230555555555555,4043.0,28.015919921875,23.0,48681.0,55604.0
4,18,I4_R18_V0_T115,0,115,12,5535.0,92.25,1.5375,3375.0,23.396018554687494,22.0,55604.0,61139.0
4,18,I4_R18_V1_T139,1,139,10,6701.0,111.68333333333334,1.861388888888889,4901.0,34.00645263671875,13.0,37064.0,43765.0
4,18,I4_R18_V1_T159,1,159,23,9491.0,158.18333333333334,2.636388888888889,5351.0,37.07323046875,35.0,44921.0,54412.0
4,18,I4_R18_V1_T166,1,166,15,6785.0,113.08333333333333,1.8847222222222222,4085.0,28.314037597656252,24.0,54412.0,61197.0
4,18,I4_R18_V2_T18,2,18,12,7008.0,116.8,1.9466666666666668,4848.0,33.61418969726563,19.0,37866.0,44874.0
4,18,I4_R18_V2_T21,2,21,15,7024.0,117.06666666666666,1.951111111111111,4324.0,29.972051025390627,25.0,45158.0,52182.0
4,18,I4_R18_V2_T265,2,265,21,9005.0,150.08333333333334,2.501388888888889,5225.0,36.2103515625,35.0,52182.0,61187.0
4,19,I4_R19_V0_T1,0,1,4,6318.0,105.3,1.755,5598.0,38.86153735351562,5.0,34029.0,40347.0
4,19,I4_R19_V0_T57,0,57,9,5972.0,99.53333333333333,1.6588888888888889,4352.0,30.189949707031246,17.0,41076.0,47048.0
4,19,I4_R19_V0_T71,0,71,19,8561.0,142.68333333333334,2.3780555555555556,5141.0,35.63493212890625,33.0,47048.0,55609.0
4,19,I4_R19_V0_T185,0,185,11,5444.0,90.73333333333333,1.5122222222222221,3464.0,24.006751953125,20.0,55609.0,61053.0
4,19,I4_R19_V1_T15,1,15,5,4829.0,80.48333333333333,1.341388888888889,3929.0,27.267167968749998,8.0,37564.0,42393.0
4,19,I4_R19_V1_T44,1,44,10,4943.0,82.38333333333334,1.3730555555555555,3143.0,21.78337451171875,18.0,42393.0,47336.0
4,19,I4_R19_V1_T108,1,108,27,10589.0,176.48333333333332,2.941388888888889,5729.0,39.66913598632812,42.0,47367.0,57956.0
4,19,I4_R19_V1_T159,1,159,6,3209.0,53.483333333333334,0.8913888888888889,2129.0,14.763552734375,10.0,57956.0,61165.0
4,19,I4_R19_V2_T9,2,9,1,3831.0,63.85,1.0641666666666667,3214.0,22.3190068359375,1.0,32400.0,36231.0
4,19,I4_R19_V2_T38,2,38,4,3746.0,62.43333333333333,1.0405555555555555,3026.0,20.990165527343752,7.0,39309.0,43055.0
4,19,I4_R19_V2_T90,2,90,19,8149.0,135.81666666666666,2.263611111111111,4729.0,32.75380859375,35.0,43810.0,51959.0
4,19,I4_R19_V2_T101,2,101,23,9091.0,151.51666666666668,2.5252777777777777,4951.0,34.2830498046875,37.0,51959.0,61050.0
4,20,I4_R20_V0_T11,0,11,4,3964.0,66.06666666666666,1.1011111111111112,3244.0,22.511859375,7.0,36223.0,40187.0
4,20,I4_R20_V0_T46,0,46,8,5310.0,88.5,1.475,3870.0,26.845615234375,14.0,40187.0,45497.0
4,20,I4_R20_V0_T96,0,96,20,9008.0,150.13333333333333,2.502222222222222,5408.0,37.47994482421875,37.0,45547.0,54555.0
4,20,I4_R20_V0_T203,0,203,14,6550.0,109.16666666666667,1.8194444444444444,4030.0,27.931833496093752,23.0,54555.0,61105.0
4,20,I4_R20_V1_T20,1,20,6,5256.0,87.6,1.46,4176.0,28.977652343749998,11.0,37045.0,42301.0
4,20,I4_R20_V1_T44,1,44,14,6295.0,104.91666666666667,1.7486111111111111,3751.0,25.987737304687503,22.0,42301.0,48596.0
4,20,I4_R20_V1_T163,1,163,19,7205.0,120.08333333333333,2.001388888888889,3785.0,26.215298828125004,33.0,48596.0,55801.0
4,20,I4_R20_V1_T184,1,184,12,5192.0,86.53333333333333,1.4422222222222223,3032.0,21.0143837890625,19.0,55801.0,60993.0
4,20,I4_R20_V2_T14,2,14,1,2362.0,39.36666666666667,0.6561111111111111,2182.0,15.14916015625,1.0,32400.0,34762.0
4,20,I4_R20_V2_T25,2,25,9,6298.0,104.96666666666667,1.7494444444444444,4678.0,32.450215332031256,13.0,37416.0,43714.0
4,20,I4_R20_V2_T33,2,33,12,5444.0,90.73333333333333,1.5122222222222221,3284.0,22.769119140625,21.0,43714.0,49158.0
4,20,I4_R20_V2_T98,2,98,24,8972.0,149.53333333333333,2.4922222222222223,4652.0,32.226515625000005,42.0,49171.0,58143.0
4,20,I4_R20_V2_T119,2,119,5,2956.0,49.266666666666666,0.8211111111111111,2056.0,14.265046875,8.0,58143.0,61099.0
4,21,I4_R21_V0_T14,0,14,9,6759.0,112.65,1.8775,5139.0,35.652325927734374,15.0,35523.0,42282.0
4,21,I4_R21_V0_T64,0,64,7,4411.0,73.51666666666667,1.2252777777777777,3117.0,21.6129873046875,12.0,42282.0,46693.0
4,21,I4_R21_V0_T222,0,222,18,7770.0,129.5,2.158333333333333,4530.0,31.39074853515625,29.0,46701.0,54471.0
4,21,I4_R21_V0_T275,0,275,13,6642.0,110.7,1.845,4302.0,29.822809570312497,24.0,54503.0,61145.0
4,21,I4_R21_V1_T7,1,7,7,5467.0,91.11666666666666,1.5186111111111111,4207.0,29.181946289062502,11.0,34842.0,40309.0
4,21,I4_R21_V1_T32,1,32,4,4214.0,70.23333333333333,1.1705555555555556,3494.0,24.24207421875,7.0,40309.0,44523.0
4,21,I4_R21_V1_T38,1,38,9,5244.0,87.4,1.4566666666666668,3624.0,25.1227822265625,17.0,44717.0,49961.0
4,21,I4_R21_V1_T192,1,192,30,11085.0,184.75,3.0791666666666666,5685.0,39.3859453125,43.0,49961.0,61046.0
4,21,I4_R21_V2_T6,2,6,5,8180.0,136.33333333333334,2.272222222222222,4881.0,33.87575610351563,6.0,32873.0,41053.0
4,21,I4_R21_V2_T13,2,13,12,6437.0,107.28333333333333,1.7880555555555555,4277.0,29.640232421875,20.0,41053.0,47490.0
4,21,I4_R21_V2_T40,2,40,20,8197.0,136.61666666666667,2.2769444444444447,4597.0,31.838750000000005,38.0,47512.0,55709.0
4,21,I4_R21_V2_T52,2,52,12,5420.0,90.33333333333333,1.5055555555555555,3260.0,22.5956650390625,20.0,55709.0,61129.0
4,22,I4_R22_V0_T10,0,10,6,4634.0,77.23333333333333,1.2872222222222223,3554.0,24.65827880859375,9.0,37852.0,42486.0
4,22,I4_R22_V0_T43,0,43,16,6904.0,115.06666666666666,1.9177777777777778,4024.0,27.8857841796875,29.0,42486.0,49390.0
4,22,I4_R22_V0_T59,0,59,16,7643.0,127.38333333333334,2.1230555555555557,4763.0,33.01662890625,28.0,49390.0,57033.0
4,22,I4_R22_V0_T85,0,85,7,4145.0,69.08333333333333,1.1513888888888888,2885.0,20.007207031249997,12.0,57033.0,61178.0
4,22,I4_R22_V1_T43,1,43,1,2957.0,49.28333333333333,0.8213888888888888,2326.0,16.14574609375,1.0,32400.0,35357.0
4,22,I4_R22_V1_T53,1,53,11,8254.0,137.56666666666666,2.292777777777778,4836.0,33.54330908203125,16.0,37916.0,46170.0
4,22,I4_R22_V1_T60,1,60,19,7906.0,131.76666666666668,2.196111111111111,4486.0,31.09405273437499,31.0,46349.0,54255.0
4,22,I4_R22_V1_T82,1,82,14,6817.0,113.61666666666666,1.8936111111111111,4297.0,29.789789550781254,23.0,54383.0,61200.0
4,22,I4_R22_V2_T4,2,4,12,7392.0,123.2,2.0533333333333332,5232.0,36.28979687499999,19.0,37156.0,44548.0
4,22,I4_R22_V2_T12,2,12,20,9279.0,154.65,2.5775,5679.0,39.35412963867187,35.0,44687.0,53966.0
4,22,I4_R22_V2_T42,2,42,16,7136.0,118.93333333333334,1.9822222222222223,4256.0,29.490963867187496,28.0,54041.0,61177.0
4,23,I4_R23_V0_T8,0,8,1,3640.0,60.666666666666664,1.011111111111111,3460.0,24.02321728515625,2.0,33017.0,36657.0
4,23,I4_R23_V0_T103,0,103,5,5359.0,89.31666666666666,1.488611111111111,3885.0,26.953385742187503,8.0,36804.0,42163.0
4,23,I4_R23_V0_T140,0,140,9,5715.0,95.25,1.5875,4095.0,28.3997763671875,15.0,42520.0,48235.0
4,23,I4_R23_V0_T152,0,152,15,6780.0,113.0,1.8833333333333333,4080.0,28.280080078125003,26.0,48235.0,55015.0
4,23,I4_R23_V0_T162,0,162,12,6095.0,101.58333333333333,1.6930555555555555,3935.0,27.281201171874997,22.0,55032.0,61127.0
4,23,I4_R23_V1_T35,1,35,5,5610.0,93.5,1.5583333333333333,3966.0,27.526205078125003,7.0,33613.0,39223.0
4,23,I4_R23_V1_T40,1,40,7,6174.0,102.9,1.715,4914.0,34.09643359374999,11.0,39477.0,45651.0
4,23,I4_R23_V1_T89,1,89,18,7615.0,126.91666666666667,2.1152777777777776,4375.0,30.307520507812505,27.0,45747.0,53362.0
4,23,I4_R23_V1_T101,1,101,13,7758.0,129.3,2.155,5418.0,37.568732421875,25.0,53362.0,61120.0
4,23,I4_R23_V2_T7,2,7,4,4375.0,72.91666666666667,1.2152777777777777,3655.0,25.361695312500004,6.0,35722.0,40097.0
4,23,I4_R23_V2_T23,2,23,10,6348.0,105.8,1.7633333333333334,4548.0,31.54057446289062,17.0,40347.0,46695.0
4,23,I4_R23_V2_T26,2,26,20,7912.0,131.86666666666667,2.1977777777777776,4312.0,29.86976904296875,33.0,46695.0,54607.0
4,23,I4_R23_V2_T133,2,133,17,6320.0,105.33333333333333,1.7555555555555555,3260.0,22.576489257812497,27.0,54607.0,60927.0
4,24,I4_R24_V0_T43,0,43,4,5300.0,88.33333333333333,1.4722222222222223,4580.0,31.7866064453125,5.0,36042.0,41342.0
4,24,I4_R24_V0_T67,0,67,13,7093.0,118.21666666666667,1.9702777777777778,4753.0,32.95834033203125,20.0,41397.0,48490.0
4,24,I4_R24_V0_T72,0,72,9,4640.0,77.33333333333333,1.288888888888889,3020.0,20.937377929687496,15.0,48578.0,53218.0
4,24,I4_R24_V0_T151,0,151,20,7879.0,131.31666666666666,2.1886111111111113,4279.0,29.636218749999998,34.0,53218.0,61097.0
4,24,I4_R24_V1_T5,1,5,13,7021.0,117.01666666666667,1.9502777777777778,4152.0,28.800968750000003,22.0,37993.0,45014.0
4,24,I4_R24_V1_T56,1,56,9,5010.0,83.5,1.3916666666666666,3390.0,23.502708007812505,18.0,45014.0,50024.0
4,24,I4_R24_V1_T151,1,151,24,11096.0,184.93333333333334,3.082222222222222,6696.0,46.4186162109375,39.0,50024.0,61120.0
4,24,I4_R24_V2_T38,2,38,17,10404.0,173.4,2.89,7010.0,48.6178642578125,24.0,37436.0,47840.0
4,24,I4_R24_V2_T54,2,54,13,5969.0,99.48333333333333,1.6580555555555556,3629.0,25.154314453124996,22.0,47922.0,53891.0
4,24,I4_R24_V2_T58,2,58,17,7134.0,118.9,1.9816666666666667,4074.0,28.221481445312502,29.0,54033.0,61167.0
4,25,I4_R25_V0_T45,0,45,8,7245.0,120.75,2.0125,5805.0,40.27838671875,12.0,35273.0,42518.0
4,25,I4_R25_V0_T55,0,55,8,4678.0,77.96666666666667,1.2994444444444444,3238.0,22.45153125,15.0,42996.0,47674.0
4,25,I4_R25_V0_T95,0,95,17,7221.0,120.35,2.0058333333333334,4161.0,28.825961914062496,27.0,47674.0,54895.0
4,25,I4_R25_V0_T116,0,116,12,6208.0,103.46666666666667,1.7244444444444444,4048.0,28.06035986328125,20.0,54895.0,61103.0
4,25,I4_R25_V1_T50,1,50,14,8638.0,143.96666666666667,2.3994444444444443,6118.0,42.4309228515625,24.0,37383.0,46021.0
4,25,I4_R25_V1_T80,1,80,15,7243.0,120.71666666666667,2.0119444444444445,4543.0,31.481796874999993,26.0,46271.0,53514.0
4,25,I4_R25_V1_T255,1,255,18,7601.0,126.68333333333334,2.111388888888889,4361.0,30.2078642578125,30.0,53514.0,61115.0
4,25,I4_R25_V2_T29,2,29,1,4466.0,74.43333333333334,1.2405555555555556,4286.0,29.76129150390625,2.0,32628.0,37094.0
4,25,I4_R25_V2_T48,2,48,11,6232.0,103.86666666666666,1.731111111111111,4252.0,29.496021484375,17.0,37169.0,43401.0
4,25,I4_R25_V2_T55,2,55,20,9517.0,158.61666666666667,2.643611111111111,5917.0,41.01543994140625,36.0,43401.0,52918.0
4,25,I4_R25_V2_T65,2,65,19,8253.0,137.55,2.2925,4833.0,33.501759277343744,30.0,52918.0,61171.0
4,26,I4_R26_V0_T1,0,1,3,4117.0,68.61666666666666,1.1436111111111111,3577.0,24.82746923828125,6.0,35974.0,40091.0
4,26,I4_R26_V0_T22,0,22,3,3012.0,50.2,0.8366666666666667,2472.0,17.15215234375,6.0,40091.0,43103.0
4,26,I4_R26_V0_T29,0,29,13,5605.0,93.41666666666667,1.5569444444444445,3265.0,22.607743164062498,24.0,43412.0,49017.0
4,26,I4_R26_V0_T52,0,52,15,5570.0,92.83333333333333,1.5472222222222223,2870.0,19.861239257812496,25.0,49017.0,54587.0
4,26,I4_R26_V0_T55,0,55,15,6591.0,109.85,1.8308333333333333,3891.0,26.9705185546875,27.0,54587.0,61178.0
4,26,I4_R26_V1_T12,1,12,10,7027.0,117.11666666666666,1.9519444444444445,4651.0,32.2586220703125,16.0,36737.0,43764.0
4,26,I4_R26_V1_T117,1,117,18,7284.0,121.4,2.0233333333333334,4044.0,28.021147460937502,29.0,43764.0,51048.0
4,26,I4_R26_V1_T154,1,154,20,8566.0,142.76666666666668,2.3794444444444443,4966.0,34.40449487304688,39.0,51048.0,59614.0
4,26,I4_R26_V1_T211,1,211,2,1408.0,23.466666666666665,0.39111111111111113,1048.0,7.2769580078125,3.0,59614.0,61022.0
4,26,I4_R26_V2_T31,2,31,7,8573.0,142.88333333333333,2.381388888888889,3960.0,27.47838134765625,10.0,34833.0,43406.0
4,26,I4_R26_V2_T82,2,82,5,2932.0,48.86666666666667,0.8144444444444444,2032.0,14.085433593749999,8.0,43531.0,46463.0
4,26,I4_R26_V2_T94,2,94,17,7111.0,118.51666666666667,1.9752777777777777,4051.0,28.060843750000007,31.0,46463.0,53574.0
4,26,I4_R26_V2_T287,2,287,18,7439.0,123.98333333333333,2.066388888888889,4199.0,29.084708984374995,30.0,53574.0,61013.0
4,27,I4_R27_V0_T40,0,40,9,5390.0,89.83333333333333,1.4972222222222222,3770.0,26.13913427734375,18.0,40424.0,45814.0
4,27,I4_R27_V0_T74,0,74,22,8350.0,139.16666666666666,2.3194444444444446,4349.0,30.119458984374994,33.0,45882.0,54232.0
4,27,I4_R27_V0_T254,0,254,15,6629.0,110.48333333333333,1.841388888888889,3929.0,27.246164062500004,27.0,54466.0,61095.0
4,27,I4_R27_V1_T24,1,24,7,5283.0,88.05,1.4675,4023.0,27.909604003906253,12.0,37104.0,42387.0
4,27,I4_R27_V1_T62,1,62,15,7149.0,119.15,1.9858333333333333,4449.0,30.8388505859375,25.0,42961.0,50110.0
4,27,I4_R27_V1_T90,1,90,14,5282.0,88.03333333333333,1.4672222222222222,2762.0,19.124597656249996,21.0,50110.0,55392.0
4,27,I4_R27_V1_T115,1,115,12,5557.0,92.61666666666666,1.543611111111111,3397.0,23.5534365234375,22.0,55392.0,60949.0
4,27,I4_R27_V2_T7,2,7,6,5290.0,88.16666666666667,1.4694444444444446,3556.0,24.675417968749997,9.0,35710.0,41000.0
4,27,I4_R27_V2_T18,2,18,9,4869.0,81.15,1.3525,3249.0,22.522251953125,16.0,41552.0,46421.0
4,27,I4_R27_V2_T50,2,50,10,5665.0,94.41666666666667,1.573611111111111,3865.0,26.800125,18.0,46447.0,52112.0
4,27,I4_R27_V2_T51,2,51,18,8898.0,148.3,2.4716666666666667,5658.0,39.23493115234375,30.0,52112.0,61010.0
4,28,I4_R28_V0_T6,0,6,6,8583.0,143.05,2.3841666666666668,7503.0,52.08125390625,9.0,33277.0,41860.0
4,28,I4_R28_V0_T11,0,11,7,5241.0,87.35,1.4558333333333333,3981.0,27.619668457031246,14.0,41899.0,47140.0
4,28,I4_R28_V0_T13,0,13,24,8750.0,145.83333333333334,2.4305555555555554,4430.0,30.666240234374996,40.0,47140.0,55890.0
4,28,I4_R28_V0_T26,0,26,11,5214.0,86.9,1.4483333333333333,3234.0,22.4173984375,19.0,55890.0,61104.0
4,28,I4_R28_V1_T25,1,25,6,5144.0,85.73333333333333,1.4288888888888889,3804.0,26.387768554687504,9.0,36411.0,41555.0
4,28,I4_R28_V1_T28,1,28,12,5979.0,99.65,1.6608333333333334,3819.0,26.46526953125,22.0,41555.0,47534.0
4,28,I4_R28_V1_T35,1,35,13,6522.0,108.7,1.8116666666666668,4136.0,28.67643994140625,21.0,47534.0,54056.0
4,28,I4_R28_V1_T37,1,37,17,7144.0,119.06666666666666,1.9844444444444445,4084.0,28.2924296875,29.0,54056.0,61200.0
4,28,I4_R28_V2_T0,2,0,1,1938.0,32.3,0.5383333333333333,1758.0,12.196060546875,1.0,32400.0,34338.0
4,28,I4_R28_V2_T125,2,125,8,4396.0,73.26666666666667,1.221111111111111,2764.0,19.1597783203125,12.0,38016.0,42412.0
4,28,I4_R28_V2_T130,2,130,22,11147.0,185.78333333333333,3.096388888888889,7187.0,49.83343176269533,35.0,42520.0,53667.0
4,28,I4_R28_V2_T182,2,182,14,6877.0,114.61666666666666,1.9102777777777777,4357.0,30.20836376953125,22.0,53903.0,60780.0
4,29,I4_R29_V0_T0,0,0,14,6765.0,112.75,1.8791666666666667,4209.0,29.167765625,22.0,40617.0,47382.0
4,29,I4_R29_V0_T9,0,9,21,8279.0,137.98333333333332,2.299722222222222,4499.0,31.169532226562495,34.0,47382.0,55661.0
4,29,I4_R29_V0_T16,0,16,13,5534.0,92.23333333333333,1.5372222222222223,3194.0,22.14171484375,23.0,55661.0,61195.0
4,29,I4_R29_V1_T7,1,7,5,6066.0,101.1,1.685,4295.0,29.8083291015625,6.0,33082.0,39148.0
4,29,I4_R29_V1_T12,1,12,17,7042.0,117.36666666666666,1.9561111111111111,3982.0,27.591125000000005,25.0,39148.0,46190.0
4,29,I4_R29_V1_T34,1,34,11,4536.0,75.6,1.26,2556.0,17.7128916015625,20.0,46190.0,50726.0
4,29,I4_R29_V1_T60,1,60,22,10296.0,171.6,2.86,6336.0,43.922643127441404,35.0,50726.0,61022.0
4,29,I4_R29_V2_T42,2,42,2,2415.0,40.25,0.6708333333333333,2055.0,14.255522460937499,3.0,34174.0,36589.0
4,29,I4_R29_V2_T65,2,65,9,6543.0,109.05,1.8175,4923.0,34.161080078125,15.0,37206.0,43749.0
4,29,I4_R29_V2_T105,2,105,15,6875.0,114.58333333333333,1.9097222222222223,4175.0,28.9390927734375,28.0,43749.0,50624.0
4,29,I4_R29_V2_T117,2,117,10,4355.0,72.58333333333333,1.2097222222222221,2555.0,17.697486328125002,17.0,50624.0,54979.0
4,29,I4_R29_V2_T127,2,127,14,6035.0,100.58333333333333,1.676388888888889,3515.0,24.370432128906256,23.0,54979.0,61014.0
4,30,I4_R30_V0_T7,0,7,7,6246.0,104.1,1.735,4986.0,34.596094482421876,10.0,33167.0,39413.0
4,30,I4_R30_V0_T11,0,11,19,8346.0,139.1,2.3183333333333334,4926.0,34.1605146484375,30.0,39413.0,47759.0
4,30,I4_R30_V0_T24,0,24,20,8200.0,136.66666666666666,2.2777777777777777,4600.0,31.874494140625,32.0,47946.0,56146.0
4,30,I4_R30_V0_T49,0,49,9,4937.0,82.28333333333333,1.371388888888889,3317.0,22.99407470703125,16.0,56146.0,61083.0
4,30,I4_R30_V1_T37,1,37,5,5347.0,89.11666666666666,1.4852777777777777,3288.0,22.8210595703125,9.0,34139.0,39486.0
4,30,I4_R30_V1_T98,1,98,14,6660.0,111.0,1.85,4140.0,28.692701171875,23.0,40630.0,47290.0
4,30,I4_R30_V1_T111,1,111,12,6448.0,107.46666666666667,1.791111111111111,4288.0,29.727322265625002,23.0,47290.0,53738.0
4,30,I4_R30_V1_T177,1,177,17,7385.0,123.08333333333333,2.051388888888889,4325.0,29.970349609375,26.0,53738.0,61123.0
4,30,I4_R30_V2_T2,2,2,11,9037.0,150.61666666666667,2.5102777777777776,5336.0,37.015798828125,17.0,36900.0,45937.0
4,30,I4_R30_V2_T3,2,3,19,7914.0,131.9,2.1983333333333333,4494.0,31.1407626953125,33.0,46242.0,54156.0
4,30,I4_R30_V2_T184,2,184,18,6989.0,116.48333333333333,1.9413888888888888,3749.0,25.962494140625,35.0,54194.0,61183.0
4,31,I4_R31_V0_T0,0,0,2,3148.0,52.46666666666667,0.8744444444444445,2623.0,18.20590625,2.0,32400.0,35548.0
4,31,I4_R31_V0_T5,0,5,7,5322.0,88.7,1.4783333333333333,4062.0,28.17722998046875,12.0,36383.0,41705.0
4,31,I4_R31_V0_T8,0,8,10,6104.0,101.73333333333333,1.6955555555555555,4304.0,29.85110791015625,19.0,42197.0,48301.0
4,31,I4_R31_V0_T62,0,62,11,5564.0,92.73333333333333,1.5455555555555556,3584.0,24.854443359375,21.0,48301.0,53865.0
4,31,I4_R31_V0_T70,0,70,17,7322.0,122.03333333333333,2.033888888888889,4262.0,29.516151855468745,28.0,53865.0,61187.0
4,31,I4_R31_V1_T48,1,48,8,5724.0,95.4,1.59,4284.0,29.71961328125,15.0,36177.0,41901.0
4,31,I4_R31_V1_T71,1,71,13,5705.0,95.08333333333333,1.5847222222222221,3365.0,23.305441406249994,21.0,42248.0,47953.0
4,31,I4_R31_V1_T198,1,198,27,10728.0,178.8,2.98,5868.0,40.63673486328125,49.0,47953.0,58681.0
4,31,I4_R31_V1_T259,1,259,3,2344.0,39.06666666666667,0.6511111111111111,1804.0,12.5143388671875,5.0,58681.0,61025.0
4,31,I4_R31_V2_T41,2,41,6,4810.0,80.16666666666667,1.336111111111111,3730.0,25.8719296875,10.0,34801.0,39611.0
4,31,I4_R31_V2_T89,2,89,16,7264.0,121.06666666666666,2.017777777777778,4384.0,30.379269531249996,25.0,40158.0,47422.0
4,31,I4_R31_V2_T163,2,163,21,7781.0,129.68333333333334,2.161388888888889,4001.0,27.713484375,39.0,47526.0,55307.0
4,31,I4_R31_V2_T189,2,189,14,5850.0,97.5,1.625,3330.0,23.080538085937498,26.0,55307.0,61157.0
4,32,I4_R32_V0_T2,0,2,1,3736.0,62.266666666666666,1.0377777777777777,3556.0,24.69050146484375,2.0,33145.0,36881.0
4,32,I4_R32_V0_T29,0,29,6,4707.0,78.45,1.3075,3627.0,25.1567890625,11.0,37421.0,42128.0
4,32,I4_R32_V0_T186,0,186,11,6193.0,103.21666666666667,1.7202777777777778,4213.0,29.2065439453125,19.0,42553.0,48746.0
4,32,I4_R32_V0_T234,0,234,13,5992.0,99.86666666666666,1.6644444444444444,3652.0,25.311716796875004,25.0,48746.0,54738.0
4,32,I4_R32_V0_T253,0,253,14,6332.0,105.53333333333333,1.758888888888889,3812.0,26.4167568359375,26.0,54742.0,61074.0
4,32,I4_R32_V1_T47,1,47,9,7464.0,124.4,2.0733333333333333,5109.0,35.436748046875,14.0,35541.0,43005.0
4,32,I4_R32_V1_T54,1,54,24,11015.0,183.58333333333334,3.0597222222222222,6695.0,46.40401953125,37.0,43282.0,54297.0
4,32,I4_R32_V1_T97,1,97,15,6796.0,113.26666666666667,1.8877777777777778,4096.0,28.38467138671875,28.0,54297.0,61093.0
4,32,I4_R32_V2_T0,2,0,5,4747.0,79.11666666666666,1.3186111111111112,3847.0,26.70088671875,8.0,35400.0,40147.0
4,32,I4_R32_V2_T14,2,14,11,6097.0,101.61666666666666,1.6936111111111112,4092.0,28.379630859375,18.0,40147.0,46244.0
4,32,I4_R32_V2_T36,2,36,20,9139.0,152.31666666666666,2.538611111111111,5539.0,38.39309667968751,34.0,46244.0,55383.0
4,32,I4_R32_V2_T252,2,252,15,5783.0,96.38333333333334,1.6063888888888889,3083.0,21.355414062499996,28.0,55383.0,61166.0
4,33,I4_R33_V0_T66,0,66,4,4320.0,72.0,1.2,3600.0,24.984333007812502,7.0,36856.0,41176.0
4,33,I4_R33_V0_T99,0,99,11,6214.0,103.56666666666666,1.7261111111111112,4234.0,29.351703125000004,17.0,41205.0,47419.0
4,33,I4_R33_V0_T184,0,184,10,6125.0,102.08333333333333,1.7013888888888888,4325.0,29.99892919921875,20.0,47419.0,53544.0
4,33,I4_R33_V0_T214,0,214,15,7378.0,122.96666666666667,2.0494444444444446,4678.0,32.430075195312504,26.0,53544.0,60922.0
4,33,I4_R33_V1_T16,1,16,5,4992.0,83.2,1.3866666666666667,4092.0,28.399690429687496,9.0,36449.0,41441.0
4,33,I4_R33_V1_T48,1,48,12,5614.0,93.56666666666666,1.5594444444444444,3454.0,23.9387578125,21.0,41588.0,47202.0
4,33,I4_R33_V1_T73,1,73,17,7298.0,121.63333333333334,2.027222222222222,4238.0,29.368107421874996,32.0,47502.0,54800.0
4,33,I4_R33_V1_T89,1,89,13,6361.0,106.01666666666667,1.7669444444444444,4021.0,27.882344726562497,18.0,54800.0,61161.0
4,33,I4_R33_V2_T19,2,19,2,3966.0,66.1,1.1016666666666666,3606.0,25.03567578125,3.0,34067.0,38033.0
4,33,I4_R33_V2_T22,2,22,8,5260.0,87.66666666666667,1.461111111111111,3820.0,26.505781250000002,15.0,38060.0,43320.0
4,33,I4_R33_V2_T74,2,74,11,6089.0,101.48333333333333,1.6913888888888888,4109.0,28.480110595703128,20.0,43320.0,49409.0
4,33,I4_R33_V2_T174,2,174,16,7015.0,116.91666666666667,1.948611111111111,4135.0,28.65205859375,28.0,49409.0,56424.0
4,33,I4_R33_V2_T176,2,176,9,4679.0,77.98333333333333,1.2997222222222222,3059.0,21.205091796875003,15.0,56424.0,61103.0
4,34,I4_R34_V0_T11,0,11,10,7833.0,130.55,2.1758333333333333,6033.0,41.857925537109374,16.0,36629.0,44462.0
4,34,I4_R34_V0_T13,0,13,18,8310.0,138.5,2.308333333333333,5070.0,35.15123388671876,32.0,44548.0,52858.0
4,34,I4_R34_V0_T23,0,23,21,8198.0,136.63333333333333,2.277222222222222,4418.0,30.60408984375,30.0,52858.0,61056.0
4,34,I4_R34_V1_T16,1,16,5,6259.0,104.31666666666666,1.738611111111111,5359.0,37.201245117187504,9.0,35087.0,41346.0
4,34,I4_R34_V1_T62,1,62,11,6246.0,104.1,1.735,4266.0,29.574460937500003,21.0,41346.0,47592.0
4,34,I4_R34_V1_T91,1,91,15,6049.0,100.81666666666666,1.6802777777777778,3349.0,23.198467773437503,28.0,47604.0,53653.0
4,34,I4_R34_V1_T97,1,97,15,7165.0,119.41666666666667,1.9902777777777778,4465.0,30.9326484375,24.0,53653.0,60818.0
4,34,I4_R34_V2_T22,2,22,6,8198.0,136.63333333333333,2.277222222222222,4386.0,30.436666015625,8.0,32588.0,40786.0
4,34,I4_R34_V2_T67,2,67,11,6378.0,106.3,1.7716666666666667,4398.0,30.499894042968748,19.0,40786.0,47164.0
4,34,I4_R34_V2_T74,2,74,18,7218.0,120.3,2.005,3978.0,27.560579101562503,32.0,47164.0,54382.0
4,34,I4_R34_V2_T88,2,88,18,6759.0,112.65,1.8775,3519.0,24.374638671875,30.0,54382.0,61141.0
4,35,I4_R35_V0_T2,0,2,7,5825.0,97.08333333333333,1.6180555555555556,4497.0,31.204893432617187,10.0,34274.0,40099.0
4,35,I4_R35_V0_T6,0,6,13,6020.0,100.33333333333333,1.6722222222222223,3680.0,25.50056005859375,23.0,40099.0,46119.0
4,35,I4_R35_V0_T13,0,13,21,9100.0,151.66666666666666,2.5277777777777777,5320.0,36.86204736328125,32.0,46119.0,55219.0
4,35,I4_R35_V0_T172,0,172,11,5927.0,98.78333333333333,1.646388888888889,3947.0,27.367333984375,19.0,55219.0,61146.0
4,35,I4_R35_V1_T23,1,23,1,2508.0,41.8,0.6966666666666667,1844.0,12.79288671875,1.0,32400.0,34908.0
4,35,I4_R35_V1_T76,1,76,7,4712.0,78.53333333333333,1.308888888888889,3452.0,23.949990234375,11.0,35576.0,40288.0
4,35,I4_R35_V1_T87,1,87,8,4535.0,75.58333333333333,1.2597222222222222,3095.0,21.463548828125,13.0,40288.0,44823.0
4,35,I4_R35_V1_T187,1,187,21,8911.0,148.51666666666668,2.475277777777778,5131.0,35.54914123535156,36.0,44823.0,53734.0
4,35,I4_R35_V1_T208,1,208,19,7303.0,121.71666666666667,2.028611111111111,3883.0,26.891465820312497,28.0,53824.0,61127.0
4,35,I4_R35_V2_T74,2,74,5,4887.0,81.45,1.3575,3987.0,27.66882861328125,7.0,33616.0,38503.0
4,35,I4_R35_V2_T79,2,79,6,4411.0,73.51666666666667,1.2252777777777777,3331.0,23.109834960937498,9.0,38503.0,42914.0
4,35,I4_R35_V2_T123,2,123,13,5976.0,99.6,1.66,3636.0,25.21096484375,25.0,42914.0,48890.0
4,35,I4_R35_V2_T146,2,146,20,7668.0,127.8,2.13,4068.0,28.1859130859375,30.0,48890.0,56558.0
4,35,I4_R35_V2_T159,2,159,10,4638.0,77.3,1.2883333333333333,2838.0,19.67819140625,15.0,56558.0,61196.0
4,36,I4_R36_V0_T1,0,1,2,2163.0,36.05,0.6008333333333333,1803.0,12.5075234375,4.0,33285.0,35448.0
4,36,I4_R36_V0_T4,0,4,7,5275.0,87.91666666666667,1.4652777777777777,4015.0,27.853477539062496,12.0,35547.0,40822.0
4,36,I4_R36_V0_T19,0,19,10,6008.0,100.13333333333334,1.6688888888888889,4208.0,29.1838916015625,16.0,40841.0,46849.0
4,36,I4_R36_V0_T108,0,108,17,8086.0,134.76666666666668,2.246111111111111,5026.0,34.84516845703124,28.0,46849.0,54935.0
4,36,I4_R36_V0_T206,0,206,13,6238.0,103.96666666666667,1.7327777777777778,3898.0,27.0089873046875,22.0,54935.0,61173.0
4,36,I4_R36_V1_T17,1,17,1,2346.0,39.1,0.6516666666666666,2166.0,15.036341796875,1.0,32400.0,34746.0
4,36,I4_R36_V1_T21,1,21,1,3112.0,51.86666666666667,0.8644444444444445,2932.0,20.35442529296875,1.0,34746.0,37858.0
4,36,I4_R36_V1_T26,1,26,3,2743.0,45.71666666666667,0.7619444444444444,2203.0,15.285238281249999,5.0,37858.0,40601.0
4,36,I4_R36_V1_T38,1,38,7,4279.0,71.31666666666666,1.188611111111111,3019.0,20.934027343750003,14.0,40601.0,44880.0
4,36,I4_R36_V1_T101,1,101,22,8689.0,144.81666666666666,2.413611111111111,4729.0,32.7756279296875,36.0,44880.0,53569.0
4,36,I4_R36_V1_T108,1,108,16,7577.0,126.28333333333333,2.104722222222222,4697.0,32.5622041015625,26.0,53569.0,61146.0
4,36,I4_R36_V2_T3,2,3,7,5625.0,93.75,1.5625,4365.0,30.27751171875,11.0,35925.0,41550.0
4,36,I4_R36_V2_T38,2,38,8,5341.0,89.01666666666667,1.4836111111111112,3901.0,27.058210937499997,16.0,41550.0,46891.0
4,36,I4_R36_V2_T150,2,150,17,7387.0,123.11666666666666,2.0519444444444446,4327.0,29.972922119140627,29.0,46891.0,54278.0
4,36,I4_R36_V2_T277,2,277,13,6825.0,113.75,1.8958333333333333,4485.0,31.100322265624996,21.0,54278.0,61103.0
4,37,I4_R37_V0_T18,0,18,12,6831.0,113.85,1.8975,4671.0,32.395986328125005,17.0,36358.0,43189.0
4,37,I4_R37_V0_T26,0,26,10,5444.0,90.73333333333333,1.5122222222222221,3644.0,25.270011230468754,18.0,43541.0,48985.0
4,37,I4_R37_V0_T38,0,38,17,6810.0,113.5,1.8916666666666666,3750.0,25.978210937500002,27.0,48985.0,55795.0
4,37,I4_R37_V0_T164,0,164,9,5324.0,88.73333333333333,1.478888888888889,3704.0,25.69629541015625,15.0,55795.0,61119.0
4,37,I4_R37_V1_T50,1,50,1,2326.0,38.766666666666666,0.6461111111111111,2146.0,14.899671875,2.0,35358.0,37684.0
4,37,I4_R37_V1_T55,1,55,10,5530.0,92.16666666666667,1.5361111111111112,3730.0,25.860329101562503,18.0,38570.0,44100.0
4,37,I4_R37_V1_T65,1,65,10,5559.0,92.65,1.5441666666666667,3759.0,26.058781494140625,19.0,44100.0,49659.0
4,37,I4_R37_V1_T147,1,147,9,5124.0,85.4,1.4233333333333333,3504.0,24.304059570312504,16.0,49659.0,54783.0
4,37,I4_R37_V1_T175,1,175,15,6027.0,100.45,1.6741666666666666,3327.0,23.0562265625,24.0,54783.0,60810.0
4,37,I4_R37_V2_T48,2,48,7,5801.0,96.68333333333334,1.611388888888889,4541.0,31.515068847656252,12.0,34784.0,40585.0
4,37,I4_R37_V2_T50,2,50,6,4232.0,70.53333333333333,1.1755555555555555,3152.0,21.858656250000003,11.0,40842.0,45074.0
4,37,I4_R37_V2_T82,2,82,19,8136.0,135.6,2.26,4716.0,32.6827099609375,35.0,45074.0,53210.0
4,37,I4_R37_V2_T190,2,190,18,7917.0,131.95,2.1991666666666667,4677.0,32.42517333984375,28.0,53229.0,61146.0
4,38,I4_R38_V0_T74,0,74,7,5903.0,98.38333333333334,1.6397222222222223,4614.0,32.00970849609375,10.0,37846.0,43749.0
4,38,I4_R38_V0_T163,0,163,11,5982.0,99.7,1.6616666666666666,4002.0,27.76270654296875,19.0,43749.0,49731.0
4,38,I4_R38_V0_T206,0,206,12,5138.0,85.63333333333334,1.4272222222222222,2978.0,20.625994140624996,23.0,49780.0,54918.0
4,38,I4_R38_V0_T263,0,263,16,6185.0,103.08333333333333,1.7180555555555554,3305.0,22.8787421875,27.0,54965.0,61150.0
4,38,I4_R38_V1_T21,1,21,1,3481.0,58.016666666666666,0.9669444444444445,2880.0,19.98783642578125,1.0,32400.0,35881.0
4,38,I4_R38_V1_T31,1,31,8,6095.0,101.58333333333333,1.6930555555555555,4655.0,32.29787890625,12.0,38104.0,44199.0
4,38,I4_R38_V1_T48,1,48,17,7399.0,123.31666666666666,2.055277777777778,4339.0,30.061490234374993,30.0,44244.0,51643.0
4,38,I4_R38_V1_T77,1,77,19,9087.0,151.45,2.5241666666666664,5667.0,39.29884838867187,32.0,51774.0,60861.0
4,38,I4_R38_V2_T41,2,41,8,5719.0,95.31666666666666,1.5886111111111112,4279.0,29.684752929687505,15.0,37377.0,43096.0
4,38,I4_R38_V2_T43,2,43,9,4222.0,70.36666666666666,1.1727777777777777,2602.0,18.039598632812503,16.0,43096.0,47318.0
4,38,I4_R38_V2_T135,2,135,17,7259.0,120.98333333333333,2.016388888888889,4199.0,29.102291992187503,32.0,47318.0,54577.0
4,38,I4_R38_V2_T236,2,236,14,6433.0,107.21666666666667,1.7869444444444444,3913.0,27.11802197265625,23.0,54577.0,61010.0
4,39,I4_R39_V0_T31,0,31,8,6585.0,109.75,1.8291666666666666,4224.0,29.3053583984375,12.0,35726.0,42311.0
4,39,I4_R39_V0_T53,0,53,11,6228.0,103.8,1.73,4248.0,29.4516083984375,18.0,42359.0,48587.0
4,39,I4_R39_V0_T64,0,64,15,6527.0,108.78333333333333,1.8130555555555556,3827.0,26.5232138671875,25.0,48587.0,55114.0
4,39,I4_R39_V0_T94,0,94,11,6016.0,100.26666666666667,1.6711111111111112,4036.0,27.995393798828125,20.0,55114.0,61130.0
4,39,I4_R39_V1_T27,1,27,7,8677.0,144.61666666666667,2.410277777777778,4462.0,30.961533203125,9.0,33380.0,42057.0
4,39,I4_R39_V1_T48,1,48,4,3407.0,56.78333333333333,0.9463888888888888,2687.0,18.648673828125,6.0,42057.0,45464.0
4,39,I4_R39_V1_T75,1,75,21,8830.0,147.16666666666666,2.452777777777778,5050.0,35.001693847656256,36.0,46080.0,54910.0
4,39,I4_R39_V1_T135,1,135,15,6055.0,100.91666666666667,1.6819444444444445,3355.0,23.235689453125005,25.0,54910.0,60965.0
4,39,I4_R39_V2_T6,2,6,11,6387.0,106.45,1.7741666666666667,4300.0,29.82771875,16.0,38033.0,44420.0
4,39,I4_R39_V2_T101,2,101,15,5956.0,99.26666666666667,1.6544444444444444,3256.0,22.5597216796875,28.0,44420.0,50376.0
4,39,I4_R39_V2_T106,2,106,10,5437.0,90.61666666666666,1.5102777777777778,3637.0,25.213250488281247,19.0,50376.0,55813.0
4,39,I4_R39_V2_T265,2,265,13,5213.0,86.88333333333334,1.4480555555555557,2873.0,19.898556640625,21.0,55813.0,61026.0
4,40,I4_R40_V0_T3,0,3,9,6371.0,106.18333333333334,1.7697222222222222,4751.0,32.96152929687501,15.0,34797.0,41168.0
4,40,I4_R40_V0_T17,0,17,6,4916.0,81.93333333333334,1.3655555555555556,3689.0,25.599716796875,11.0,41168.0,46084.0
4,40,I4_R40_V0_T21,0,21,20,8323.0,138.71666666666667,2.3119444444444444,4697.0,32.5445322265625,34.0,46084.0,54407.0
4,40,I4_R40_V0_T52,0,52,15,6775.0,112.91666666666667,1.8819444444444444,4075.0,28.24938037109375,27.0,54407.0,61182.0
4,40,I4_R40_V1_T31,1,31,4,4401.0,73.35,1.2225,3681.0,25.540347167968747,7.0,35954.0,40355.0
4,40,I4_R40_V1_T109,1,109,14,6937.0,115.61666666666666,1.9269444444444443,4417.0,30.6203505859375,23.0,40606.0,47543.0
4,40,I4_R40_V1_T142,1,142,23,9152.0,152.53333333333333,2.542222222222222,5012.0,34.6995341796875,41.0,47543.0,56695.0
4,40,I4_R40_V1_T293,1,293,6,4236.0,70.6,1.1766666666666667,3156.0,21.89727197265625,11.0,56695.0,60931.0
4,40,I4_R40_V2_T1,2,1,1,3173.0,52.88333333333333,0.8813888888888889,2750.0,19.084375,1.0,32400.0,35573.0
4,40,I4_R40_V2_T24,2,24,6,4546.0,75.76666666666667,1.2627777777777778,3466.0,24.04426904296875,8.0,35573.0,40119.0
4,40,I4_R40_V2_T37,2,37,7,4702.0,78.36666666666666,1.306111111111111,3442.0,23.874945312499996,12.0,40939.0,45641.0
4,40,I4_R40_V2_T40,2,40,19,7205.0,120.08333333333333,2.001388888888889,3785.0,26.226281249999996,31.0,45641.0,52846.0
4,40,I4_R40_V2_T41,2,41,17,8258.0,137.63333333333333,2.293888888888889,5198.0,36.04341284179687,29.0,52846.0,61104.0
4,41,I4_R41_V0_T18,0,18,2,2815.0,46.916666666666664,0.7819444444444444,1459.0,10.124841796875,3.0,32634.0,35449.0
4,41,I4_R41_V0_T21,0,21,6,4470.0,74.5,1.2416666666666667,3390.0,23.518255859375,11.0,35918.0,40388.0
4,41,I4_R41_V0_T46,0,46,4,3689.0,61.483333333333334,1.0247222222222223,2969.0,20.600226562499998,8.0,41014.0,44703.0
4,41,I4_R41_V0_T106,0,106,13,5495.0,91.58333333333333,1.5263888888888888,3155.0,21.869095703125,21.0,44934.0,50429.0
4,41,I4_R41_V0_T237,0,237,25,10551.0,175.85,2.930833333333333,6051.0,41.93668969726563,40.0,50562.0,61113.0
4,41,I4_R41_V1_T9,1,9,3,4114.0,68.56666666666666,1.1427777777777777,3574.0,24.80374267578125,5.0,32758.0,36872.0
4,41,I4_R41_V1_T19,1,19,4,4476.0,74.6,1.2433333333333334,3756.0,26.064726074218754,7.0,36872.0,41348.0
4,41,I4_R41_V1_T35,1,35,3,2770.0,46.166666666666664,0.7694444444444445,2230.0,15.468464843749999,6.0,41348.0,44118.0
4,41,I4_R41_V1_T73,1,73,9,5304.0,88.4,1.4733333333333334,3684.0,25.546058837890627,16.0,44118.0,49422.0
4,41,I4_R41_V1_T82,1,82,11,6281.0,104.68333333333334,1.7447222222222223,4301.0,29.823969726562503,21.0,49463.0,55744.0
4,41,I4_R41_V1_T124,1,124,13,5455.0,90.91666666666667,1.5152777777777777,3115.0,21.600904296875,22.0,55744.0,61199.0
4,41,I4_R41_V2_T10,2,10,4,4996.0,83.26666666666667,1.3877777777777778,4276.0,29.675534179687503,8.0,34678.0,39674.0
4,41,I4_R41_V2_T23,2,23,3,2803.0,46.71666666666667,0.7786111111111111,2263.0,15.7009873046875,6.0,39691.0,42494.0
4,41,I4_R41_V2_T41,2,41,4,2273.0,37.88333333333333,0.6313888888888889,1553.0,10.769380859375,8.0,42630.0,44903.0
4,41,I4_R41_V2_T53,2,53,16,5931.0,98.85,1.6475,3051.0,21.109487304687498,26.0,44903.0,50834.0
4,41,I4_R41_V2_T202,2,202,8,4055.0,67.58333333333333,1.1263888888888889,2615.0,18.14018359375,13.0,50834.0,54889.0
4,41,I4_R41_V2_T207,2,207,16,6275.0,104.58333333333333,1.7430555555555556,3395.0,23.5142119140625,27.0,54889.0,61164.0
4,42,I4_R42_V0_T42,0,42,5,6082.0,101.36666666666666,1.6894444444444445,4896.0,33.9822919921875,7.0,35573.0,41655.0
4,42,I4_R42_V0_T51,0,51,6,4758.0,79.3,1.3216666666666668,3678.0,25.522384765625,11.0,41891.0,46649.0
4,42,I4_R42_V0_T58,0,58,18,7336.0,122.26666666666667,2.037777777777778,4096.0,28.364060546874995,33.0,46798.0,54134.0
4,42,I4_R42_V0_T285,0,285,18,6861.0,114.35,1.9058333333333333,3621.0,25.083547851562493,30.0,54269.0,61130.0
4,42,I4_R42_V1_T35,1,35,1,3640.0,60.666666666666664,1.011111111111111,3460.0,24.0238759765625,2.0,33561.0,37201.0
4,42,I4_R42_V1_T43,1,43,5,2941.0,49.016666666666666,0.8169444444444445,2041.0,14.155312499999999,9.0,39468.0,42409.0
4,42,I4_R42_V1_T51,1,51,9,5158.0,85.96666666666667,1.4327777777777777,3538.0,24.53541845703125,14.0,42488.0,47646.0
4,42,I4_R42_V1_T87,1,87,11,5912.0,98.53333333333333,1.6422222222222222,3932.0,27.26654541015625,19.0,47646.0,53558.0
4,42,I4_R42_V1_T105,1,105,16,7564.0,126.06666666666666,2.101111111111111,4684.0,32.477656249999995,26.0,53558.0,61122.0
4,42,I4_R42_V2_T37,2,37,16,9091.0,151.51666666666668,2.5252777777777777,5878.0,40.762384765625,23.0,36706.0,45797.0
4,42,I4_R42_V2_T83,2,83,13,5558.0,92.63333333333334,1.5438888888888889,3161.0,21.89971484375,23.0,45797.0,51355.0
4,42,I4_R42_V2_T97,2,97,18,7674.0,127.9,2.131666666666667,4434.0,30.728106445312495,33.0,51355.0,59029.0
4,42,I4_R42_V2_T298,2,298,3,2100.0,35.0,0.5833333333333334,1560.0,10.818412109375,5.0,59029.0,61129.0
4,43,I4_R43_V0_T20,0,20,3,3694.0,61.56666666666667,1.0261111111111112,2427.0,16.8457421875,5.0,37305.0,40999.0
4,43,I4_R43_V0_T37,0,37,13,6110.0,101.83333333333333,1.6972222222222222,3770.0,26.13663671875,22.0,41445.0,47555.0
4,43,I4_R43_V0_T71,0,71,15,5733.0,95.55,1.5925,3033.0,20.9966865234375,28.0,47555.0,53288.0
4,43,I4_R43_V0_T190,0,190,19,7801.0,130.01666666666668,2.1669444444444443,4381.0,30.369217773437498,34.0,53363.0,61164.0
4,43,I4_R43_V1_T11,1,11,7,4324.0,72.06666666666666,1.201111111111111,2817.0,19.527177734374998,11.0,37238.0,41562.0
4,43,I4_R43_V1_T102,1,102,6,3882.0,64.7,1.0783333333333334,2802.0,19.431929687500002,12.0,41566.0,45448.0
4,43,I4_R43_V1_T108,1,108,21,8920.0,148.66666666666666,2.477777777777778,5140.0,35.613748046874996,34.0,45609.0,54529.0
4,43,I4_R43_V1_T163,1,163,15,6567.0,109.45,1.8241666666666667,3867.0,26.79414794921875,21.0,54529.0,61096.0
4,43,I4_R43_V2_T60,2,60,7,4996.0,83.26666666666667,1.3877777777777778,3736.0,25.9234052734375,12.0,37983.0,42979.0
4,43,I4_R43_V2_T87,2,87,19,10138.0,168.96666666666667,2.8161111111111112,6718.0,46.579709472656255,32.0,43510.0,53648.0
4,43,I4_R43_V2_T125,2,125,16,7333.0,122.21666666666667,2.0369444444444444,4453.0,30.867640625000003,28.0,53648.0,60981.0
4,44,I4_R44_V0_T6,0,6,2,4740.0,79.0,1.3166666666666667,4380.0,30.4015205078125,4.0,36496.0,41236.0
4,44,I4_R44_V0_T26,0,26,9,5268.0,87.8,1.4633333333333334,3637.0,25.22947607421875,13.0,41236.0,46504.0
4,44,I4_R44_V0_T37,0,37,15,7542.0,125.7,2.095,4842.0,33.5797294921875,29.0,46504.0,54046.0
4,44,I4_R44_V0_T102,0,102,1,1112.0,18.533333333333335,0.3088888888888889,932.0,6.471853515625,2.0,54046.0,55158.0
4,44,I4_R44_V0_T208,0,208,12,6007.0,100.11666666666666,1.668611111111111,3847.0,26.661614257812502,20.0,55158.0,61165.0
4,44,I4_R44_V1_T0,1,0,5,5453.0,90.88333333333334,1.5147222222222223,4014.0,27.8509169921875,7.0,33803.0,39256.0
4,44,I4_R44_V1_T7,1,7,13,7294.0,121.56666666666666,2.026111111111111,4954.0,34.3468515625,22.0,39354.0,46648.0
4,44,I4_R44_V1_T102,1,102,19,7535.0,125.58333333333333,2.0930555555555554,4115.0,28.494124999999997,30.0,46752.0,54287.0
4,44,I4_R44_V1_T134,1,134,17,6892.0,114.86666666666666,1.9144444444444444,3832.0,26.543087890625003,32.0,54287.0,61179.0
4,44,I4_R44_V2_T23,2,23,4,2586.0,43.1,0.7183333333333334,1866.0,12.9448623046875,7.0,34385.0,36971.0
4,44,I4_R44_V2_T36,2,36,4,4007.0,66.78333333333333,1.1130555555555555,3287.0,22.817212890624997,6.0,38213.0,42220.0
4,44,I4_R44_V2_T53,2,53,8,5302.0,88.36666666666666,1.4727777777777777,3862.0,26.7889423828125,12.0,42220.0,47522.0
4,44,I4_R44_V2_T111,2,111,18,9265.0,154.41666666666666,2.573611111111111,6025.0,41.768544433593746,33.0,47522.0,56787.0
4,44,I4_R44_V2_T129,2,129,8,4327.0,72.11666666666666,1.2019444444444445,2887.0,20.0219375,13.0,56787.0,61114.0
4,45,I4_R45_V0_T0,0,0,3,4019.0,66.98333333333333,1.1163888888888889,3479.0,24.1452890625,3.0,32400.0,36419.0
4,45,I4_R45_V0_T51,0,51,4,5716.0,95.26666666666667,1.5877777777777777,4996.0,34.682597717285155,7.0,36440.0,42156.0
4,45,I4_R45_V0_T56,0,56,7,5037.0,83.95,1.3991666666666667,3777.0,26.196878906250006,11.0,42156.0,47193.0
4,45,I4_R45_V0_T75,0,75,22,8243.0,137.38333333333333,2.289722222222222,4283.0,29.658449218749993,38.0,47193.0,55436.0
4,45,I4_R45_V0_T136,0,136,13,5682.0,94.7,1.5783333333333334,3342.0,23.152248046875002,24.0,55436.0,61118.0
4,45,I4_R45_V1_T8,1,8,1,3734.0,62.233333333333334,1.0372222222222223,3554.0,24.677408203125,1.0,32400.0,36134.0
4,45,I4_R45_V1_T75,1,75,5,4432.0,73.86666666666666,1.231111111111111,3532.0,24.51415576171875,6.0,36844.0,41276.0
4,45,I4_R45_V1_T95,1,95,6,4737.0,78.95,1.3158333333333334,3657.0,25.367632812500002,11.0,41276.0,46013.0
4,45,I4_R45_V1_T155,1,155,7,4534.0,75.56666666666666,1.2594444444444444,3274.0,22.705966796875,13.0,46013.0,50547.0
4,45,I4_R45_V1_T211,1,211,16,7031.0,117.18333333333334,1.9530555555555555,4151.0,28.766709960937504,28.0,50547.0,57578.0
4,45,I4_R45_V1_T299,1,299,6,3614.0,60.233333333333334,1.0038888888888888,2534.0,17.57480078125,11.0,57578.0,61192.0
4,45,I4_R45_V2_T23,2,23,4,5306.0,88.43333333333334,1.4738888888888888,3960.0,27.4851416015625,4.0,32400.0,37706.0
4,45,I4_R45_V2_T63,2,63,9,5226.0,87.1,1.4516666666666667,3559.0,24.68131689453125,14.0,38005.0,43231.0
4,45,I4_R45_V2_T102,2,102,3,2239.0,37.31666666666667,0.6219444444444444,1699.0,11.782074218750001,6.0,43362.0,45601.0
4,45,I4_R45_V2_T117,2,117,19,8723.0,145.38333333333333,2.4230555555555555,5303.0,36.755980468749996,32.0,45601.0,54324.0
4,45,I4_R45_V2_T167,2,167,13,6766.0,112.76666666666667,1.8794444444444445,4426.0,30.678412109375003,20.0,54324.0,61090.0
4,46,I4_R46_V0_T23,0,23,5,7459.0,124.31666666666666,2.0719444444444446,6559.0,45.52291699218749,8.0,35244.0,42703.0
4,46,I4_R46_V0_T31,0,31,9,4846.0,80.76666666666667,1.346111111111111,3226.0,22.3796630859375,17.0,42703.0,47549.0
4,46,I4_R46_V0_T156,0,156,15,7219.0,120.31666666666666,2.0052777777777777,4519.0,31.312708984375003,26.0,47549.0,54768.0
4,46,I4_R46_V0_T166,0,166,12,6177.0,102.95,1.7158333333333333,4017.0,27.865006347656255,19.0,54908.0,61085.0
4,46,I4_R46_V1_T10,1,10,5,5522.0,92.03333333333333,1.5338888888888889,4622.0,32.07413232421875,10.0,37767.0,43289.0
4,46,I4_R46_V1_T70,1,70,7,4367.0,72.78333333333333,1.2130555555555556,3107.0,21.546386230468748,13.0,43289.0,47656.0
4,46,I4_R46_V1_T126,1,126,16,5807.0,96.78333333333333,1.6130555555555555,2927.0,20.2666015625,29.0,47656.0,53463.0
4,46,I4_R46_V1_T249,1,249,20,7588.0,126.46666666666667,2.1077777777777778,3988.0,27.6271103515625,34.0,53463.0,61051.0
4,46,I4_R46_V2_T24,2,24,2,3216.0,53.6,0.8933333333333333,2856.0,19.829574218749997,4.0,36873.0,40089.0
4,46,I4_R46_V2_T27,2,27,10,5167.0,86.11666666666666,1.4352777777777779,3367.0,23.34284765625,14.0,40089.0,45256.0
4,46,I4_R46_V2_T83,2,83,17,6716.0,111.93333333333334,1.8655555555555556,3656.0,25.328578125000003,29.0,45448.0,52164.0
4,46,I4_R46_V2_T224,2,224,23,8887.0,148.11666666666667,2.468611111111111,4747.0,32.882351074218754,35.0,52229.0,61116.0
4,47,I4_R47_V0_T3,0,3,9,7233.0,120.55,2.0091666666666668,4746.0,32.9203642578125,13.0,35925.0,43158.0
4,47,I4_R47_V0_T176,0,176,10,4972.0,82.86666666666666,1.3811111111111112,3172.0,21.991242187499996,17.0,43173.0,48145.0
4,47,I4_R47_V0_T199,0,199,18,6483.0,108.05,1.8008333333333333,3243.0,22.461806640625003,28.0,48145.0,54628.0
4,47,I4_R47_V0_T236,0,236,15,6555.0,109.25,1.8208333333333333,3855.0,26.716292968749993,25.0,54628.0,61183.0
4,47,I4_R47_V1_T24,1,24,2,3758.0,62.63333333333333,1.0438888888888889,3065.0,21.270068359375,3.0,33846.0,37604.0
4,47,I4_R47_V1_T32,1,32,13,6662.0,111.03333333333333,1.8505555555555555,4322.0,29.972317382812502,22.0,38381.0,45043.0
4,47,I4_R47_V1_T33,1,33,17,7401.0,123.35,2.055833333333333,4323.0,29.966385253906253,29.0,45043.0,52444.0
4,47,I4_R47_V1_T34,1,34,21,8697.0,144.95,2.4158333333333335,4917.0,34.07258935546875,36.0,52444.0,61141.0
4,47,I4_R47_V2_T23,2,23,10,6032.0,100.53333333333333,1.6755555555555555,4232.0,29.366393554687505,17.0,38453.0,44485.0
4,47,I4_R47_V2_T86,2,86,13,6198.0,103.3,1.7216666666666667,3858.0,26.760360839843752,22.0,44485.0,50683.0
4,47,I4_R47_V2_T96,2,96,28,10511.0,175.18333333333334,2.919722222222222,5471.0,37.88706835937499,43.0,50683.0,61194.0
4,48,I4_R48_V0_T0,0,0,13,8398.0,139.96666666666667,2.332777777777778,6058.0,42.02663183593751,18.0,38129.0,46527.0
4,48,I4_R48_V0_T4,0,4,18,7344.0,122.4,2.04,4104.0,28.43462939453125,32.0,46537.0,53881.0
4,48,I4_R48_V0_T9,0,9,16,6838.0,113.96666666666667,1.8994444444444445,3958.0,27.417605468749997,28.0,54197.0,61035.0
4,48,I4_R48_V1_T12,1,12,6,4851.0,80.85,1.3475,3771.0,26.152912109375,7.0,36511.0,41362.0
4,48,I4_R48_V1_T37,1,37,12,6884.0,114.73333333333333,1.9122222222222223,4724.0,32.76375659179688,20.0,41587.0,48471.0
4,48,I4_R48_V1_T50,1,50,15,6329.0,105.48333333333333,1.7580555555555555,3629.0,25.14422265625,28.0,48471.0,54800.0
4,48,I4_R48_V1_T57,1,57,13,6296.0,104.93333333333334,1.748888888888889,3956.0,27.428276855468745,23.0,54800.0,61096.0
4,48,I4_R48_V2_T4,2,4,1,1880.0,31.333333333333332,0.5222222222222223,1700.0,11.79901171875,2.0,33939.0,35819.0
4,48,I4_R48_V2_T19,2,19,21,11090.0,184.83333333333334,3.0805555555555557,6774.0,46.96194345092774,27.0,37634.0,48724.0
4,48,I4_R48_V2_T40,2,40,14,6749.0,112.48333333333333,1.8747222222222222,4229.0,29.306075195312502,26.0,48891.0,55640.0
4,48,I4_R48_V2_T149,2,149,12,4980.0,83.0,1.3833333333333333,2820.0,19.5362607421875,20.0,55640.0,60620.0
4,49,I4_R49_V0_T96,0,96,7,5157.0,85.95,1.4325,3897.0,27.037957519531247,12.0,37409.0,42566.0
4,49,I4_R49_V0_T148,0,148,12,5392.0,89.86666666666666,1.4977777777777779,3232.0,22.402486328125,20.0,42842.0,48234.0
4,49,I4_R49_V0_T181,0,181,15,7360.0,122.66666666666667,2.0444444444444443,4660.0,32.3098564453125,24.0,48234.0,55594.0
4,49,I4_R49_V0_T190,0,190,11,5177.0,86.28333333333333,1.4380555555555556,3197.0,22.1530751953125,18.0,55594.0,60771.0
4,49,I4_R49_V1_T19,1,19,1,2150.0,35.833333333333336,0.5972222222222222,1970.0,13.671900390625,2.0,33964.0,36114.0
4,49,I4_R49_V1_T56,1,56,4,4939.0,82.31666666666666,1.3719444444444444,3221.0,22.35224462890625,7.0,36640.0,41579.0
4,49,I4_R49_V1_T75,1,75,5,4372.0,72.86666666666666,1.2144444444444444,3472.0,24.08800146484375,10.0,41588.0,45960.0
4,49,I4_R49_V1_T113,1,113,19,6969.0,116.15,1.9358333333333333,3549.0,24.578867187500006,35.0,45960.0,52929.0
4,49,I4_R49_V1_T221,1,221,21,8208.0,136.8,2.28,4428.0,30.6663359375,37.0,52929.0,61137.0
4,49,I4_R49_V2_T35,2,35,8,6285.0,104.75,1.7458333333333333,4845.0,33.618269042968755,15.0,35699.0,41984.0
4,49,I4_R49_V2_T58,2,58,8,4735.0,78.91666666666667,1.3152777777777778,3295.0,22.84678515625,13.0,41984.0,46719.0
4,49,I4_R49_V2_T124,2,124,5,2687.0,44.78333333333333,0.7463888888888889,1787.0,12.380625,10.0,46719.0,49406.0
4,49,I4_R49_V2_T211,2,211,15,6711.0,111.85,1.8641666666666667,4011.0,27.812326171875,26.0,49505.0,56216.0
4,49,I4_R49_V2_T217,2,217,8,4820.0,80.33333333333333,1.3388888888888888,3380.0,23.4463232421875,13.0,56216.0,61036.0
4,50,I4_R50_V0_T3,0,3,2,3494.0,58.233333333333334,0.9705555555555555,3134.0,21.7556611328125,3.0,33998.0,37492.0
4,50,I4_R50_V0_T52,0,52,12,5535.0,92.25,1.5375,3335.0,23.117998535156243,20.0,37969.0,43504.0
4,50,I4_R50_V0_T69,0,69,11,6303.0,105.05,1.7508333333333332,4323.0,29.99565625,19.0,43504.0,49807.0
4,50,I4_R50_V0_T81,0,81,13,5971.0,99.51666666666667,1.658611111111111,3631.0,25.17999169921875,22.0,49807.0,55778.0
4,50,I4_R50_V0_T102,0,102,10,5336.0,88.93333333333334,1.4822222222222223,3536.0,24.512139648437497,18.0,55778.0,61114.0
4,50,I4_R50_V1_T34,1,34,7,4917.0,81.95,1.3658333333333332,3657.0,25.363474121093752,13.0,37883.0,42800.0
4,50,I4_R50_V1_T106,1,106,11,6264.0,104.4,1.74,4284.0,29.705390625000003,20.0,43332.0,49596.0
4,50,I4_R50_V1_T110,1,110,13,5553.0,92.55,1.5425,3213.0,22.254476562499995,24.0,49596.0,55149.0
4,50,I4_R50_V1_T200,1,200,14,5918.0,98.63333333333334,1.643888888888889,3398.0,23.54212890625,22.0,55149.0,61067.0
4,50,I4_R50_V2_T25,2,25,6,4960.0,82.66666666666667,1.3777777777777778,3654.0,25.35547509765625,9.0,36239.0,41199.0
4,50,I4_R50_V2_T78,2,78,8,4839.0,80.65,1.3441666666666667,3028.0,20.999296875,11.0,41199.0,46038.0
4,50,I4_R50_V2_T141,2,141,13,6439.0,107.31666666666666,1.7886111111111112,4099.0,28.41952783203125,22.0,46038.0,52477.0
4,50,I4_R50_V2_T155,2,155,17,7725.0,128.75,2.1458333333333335,4665.0,32.33193115234375,29.0,52477.0,60202.0
4,51,I4_R51_V0_T86,0,86,13,7998.0,133.3,2.2216666666666667,4987.0,34.58089892578125,19.0,36561.0,44559.0
4,51,I4_R51_V0_T89,0,89,2,1553.0,25.883333333333333,0.4313888888888889,1193.0,8.273049804687501,4.0,44559.0,46112.0
4,51,I4_R51_V0_T103,0,103,17,8580.0,143.0,2.3833333333333333,5520.0,38.27362841796875,30.0,46202.0,54782.0
4,51,I4_R51_V0_T122,0,122,16,6289.0,104.81666666666666,1.7469444444444444,3409.0,23.630355468750004,27.0,54782.0,61071.0
4,51,I4_R51_V1_T1,1,1,6,5851.0,97.51666666666667,1.6252777777777778,3941.0,27.352560546875,8.0,33307.0,39158.0
4,51,I4_R51_V1_T5,1,5,12,7570.0,126.16666666666667,2.102777777777778,5410.0,37.52108642578125,18.0,39158.0,46728.0
4,51,I4_R51_V1_T85,1,85,19,8014.0,133.56666666666666,2.226111111111111,4594.0,31.83008984375,30.0,46728.0,54742.0
4,51,I4_R51_V1_T93,1,93,16,6458.0,107.63333333333334,1.7938888888888889,3578.0,24.792051757812498,26.0,54742.0,61200.0
4,51,I4_R51_V2_T24,2,24,10,8232.0,137.2,2.2866666666666666,6432.0,44.61579791259766,17.0,36752.0,44984.0
4,51,I4_R51_V2_T81,2,81,20,7885.0,131.41666666666666,2.1902777777777778,4285.0,29.691790039062496,39.0,45220.0,53105.0
4,51,I4_R51_V2_T188,2,188,20,7998.0,133.3,2.2216666666666667,4398.0,30.47434521484375,34.0,53146.0,61144.0
4,52,I4_R52_V0_T18,0,18,11,6075.0,101.25,1.6875,4095.0,28.387217773437502,20.0,37702.0,43777.0
4,52,I4_R52_V0_T53,0,53,3,2379.0,39.65,0.6608333333333334,1839.0,12.767224609374999,6.0,43777.0,46156.0
4,52,I4_R52_V0_T91,0,91,14,6651.0,110.85,1.8475,4131.0,28.6231669921875,26.0,46156.0,52807.0
4,52,I4_R52_V0_T93,0,93,23,8098.0,134.96666666666667,2.2494444444444444,3958.0,27.409486328125002,36.0,52885.0,60983.0
4,52,I4_R52_V1_T6,1,6,4,4824.0,80.4,1.34,4104.0,28.48559594726563,8.0,36282.0,41106.0
4,52,I4_R52_V1_T24,1,24,10,4640.0,77.33333333333333,1.288888888888889,2840.0,19.6915029296875,15.0,41623.0,46263.0
4,52,I4_R52_V1_T142,1,142,15,6179.0,102.98333333333333,1.716388888888889,3479.0,24.104746093749995,29.0,46411.0,52590.0
4,52,I4_R52_V1_T173,1,173,21,8156.0,135.93333333333334,2.2655555555555558,4376.0,30.30107763671875,35.0,52590.0,60746.0
4,52,I4_R52_V2_T2,2,2,3,4025.0,67.08333333333333,1.1180555555555556,3485.0,24.1836484375,4.0,36234.0,40259.0
4,52,I4_R52_V2_T3,2,3,4,4663.0,77.71666666666667,1.2952777777777778,3943.0,27.35511328125,7.0,40259.0,44922.0
4,52,I4_R52_V2_T14,2,14,20,9814.0,163.56666666666666,2.726111111111111,6214.0,43.08344091796876,38.0,44936.0,54750.0
4,52,I4_R52_V2_T15,2,15,15,6323.0,105.38333333333334,1.756388888888889,3623.0,25.102896484375,27.0,54750.0,61073.0
4,53,I4_R53_V0_T9,0,9,4,6490.0,108.16666666666667,1.8027777777777778,5257.0,36.49132916259765,6.0,34457.0,40947.0
4,53,I4_R53_V0_T63,0,63,11,6116.0,101.93333333333334,1.698888888888889,4136.0,28.683764648437503,18.0,41207.0,47323.0
4,53,I4_R53_V0_T96,0,96,10,4504.0,75.06666666666666,1.251111111111111,2704.0,18.736684570312498,19.0,47323.0,51827.0
4,53,I4_R53_V0_T121,0,121,18,9361.0,156.01666666666668,2.600277777777778,6121.0,42.4361708984375,31.0,51837.0,61198.0
4,53,I4_R53_V1_T16,1,16,12,6576.0,109.6,1.8266666666666667,4416.0,30.630089843750003,18.0,38523.0,45099.0
4,53,I4_R53_V1_T40,1,40,18,7193.0,119.88333333333334,1.9980555555555555,3953.0,27.393544921875,31.0,45099.0,52292.0
4,53,I4_R53_V1_T238,1,238,21,8493.0,141.55,2.359166666666667,4713.0,32.63802587890625,32.0,52648.0,61141.0
4,53,I4_R53_V2_T1,2,1,12,6970.0,116.16666666666667,1.9361111111111111,4810.0,33.3539228515625,21.0,38527.0,45497.0
4,53,I4_R53_V2_T2,2,2,19,7892.0,131.53333333333333,2.192222222222222,4472.0,30.99314746093749,35.0,45497.0,53389.0
4,53,I4_R53_V2_T5,2,5,19,7644.0,127.4,2.1233333333333335,4224.0,29.254014648437504,34.0,53389.0,61033.0
4,54,I4_R54_V0_T2,0,2,13,10521.0,175.35,2.9225,8181.0,56.76826440429687,22.0,36583.0,47104.0
4,54,I4_R54_V0_T14,0,14,20,8128.0,135.46666666666667,2.2577777777777777,4528.0,31.372753417968752,34.0,47104.0,55232.0
4,54,I4_R54_V0_T171,0,171,13,5883.0,98.05,1.6341666666666668,3543.0,24.564523437499997,21.0,55232.0,61115.0
4,54,I4_R54_V1_T4,1,4,5,4824.0,80.4,1.34,3924.0,27.2212822265625,8.0,35639.0,40463.0
4,54,I4_R54_V1_T117,1,117,9,5404.0,90.06666666666666,1.501111111111111,3772.0,26.17064013671875,15.0,42094.0,47498.0
4,54,I4_R54_V1_T131,1,131,14,6568.0,109.46666666666667,1.8244444444444445,4048.0,28.061785156250004,23.0,47532.0,54100.0
4,54,I4_R54_V1_T163,1,163,15,6464.0,107.73333333333333,1.7955555555555556,3764.0,26.09981982421875,24.0,54100.0,60564.0
4,54,I4_R54_V2_T15,2,15,8,4962.0,82.7,1.3783333333333334,3522.0,24.44094921875,13.0,38145.0,43107.0
4,54,I4_R54_V2_T17,2,17,8,4677.0,77.95,1.2991666666666666,3237.0,22.44867919921875,15.0,43107.0,47784.0
4,54,I4_R54_V2_T22,2,22,15,6160.0,102.66666666666667,1.711111111111111,3460.0,23.958048828125,26.0,47784.0,53944.0
4,54,I4_R54_V2_T104,2,104,17,7181.0,119.68333333333334,1.9947222222222223,4121.0,28.54953857421875,27.0,53944.0,61125.0
4,55,I4_R55_V0_T40,0,40,18,8338.0,138.96666666666667,2.3161111111111112,5098.0,35.34853027343749,24.0,38824.0,47162.0
4,55,I4_R55_V0_T75,0,75,20,8080.0,134.66666666666666,2.2444444444444445,4480.0,31.03115673828125,35.0,47253.0,55333.0
4,55,I4_R55_V0_T76,0,76,11,5748.0,95.8,1.5966666666666667,3768.0,26.124527832031248,21.0,55333.0,61081.0
4,55,I4_R55_V1_T0,1,0,3,6302.0,105.03333333333333,1.7505555555555556,5762.0,40.0,6.0,36298.0,42600.0
4,55,I4_R55_V1_T6,1,6,6,4687.0,78.11666666666666,1.3019444444444443,3607.0,25.027677734375004,11.0,42615.0,47302.0
4,55,I4_R55_V1_T81,1,81,14,6505.0,108.41666666666667,1.8069444444444445,3985.0,27.605500000000003,26.0,47378.0,53883.0
4,55,I4_R55_V1_T193,1,193,16,7161.0,119.35,1.9891666666666667,4281.0,29.6788271484375,29.0,53883.0,61044.0
4,55,I4_R55_V2_T13,2,13,1,2776.0,46.266666666666666,0.7711111111111111,2596.0,18.02565771484375,2.0,33033.0,35809.0
4,55,I4_R55_V2_T68,2,68,5,4729.0,78.81666666666666,1.313611111111111,3829.0,26.569287109375,10.0,40686.0,45415.0
4,55,I4_R55_V2_T144,2,144,15,5889.0,98.15,1.6358333333333333,3189.0,22.094843749999995,27.0,45415.0,51304.0
4,55,I4_R55_V2_T169,2,169,21,8487.0,141.45,2.3575,4707.0,32.608091796875,36.0,51304.0,59791.0
4,55,I4_R55_V2_T173,2,173,1,750.0,12.5,0.20833333333333334,570.0,3.9552890625,2.0,59791.0,60541.0
4,56,I4_R56_V0_T17,0,17,8,6042.0,100.7,1.6783333333333332,4602.0,31.923976318359372,12.0,35118.0,41160.0
4,56,I4_R56_V0_T52,0,52,12,5914.0,98.56666666666666,1.6427777777777777,3754.0,26.018947265624995,21.0,41160.0,47074.0
4,56,I4_R56_V0_T174,0,174,20,8608.0,143.46666666666667,2.391111111111111,5008.0,34.711920898437505,30.0,47074.0,55682.0
4,56,I4_R56_V0_T184,0,184,9,5516.0,91.93333333333334,1.5322222222222222,3896.0,27.0136162109375,15.0,55682.0,61198.0
4,56,I4_R56_V1_T2,1,2,1,1136.0,18.933333333333334,0.31555555555555553,956.0,6.63001953125,2.0,32732.0,33868.0
4,56,I4_R56_V1_T19,1,19,7,6381.0,106.35,1.7725,5121.0,35.534177001953125,10.0,34232.0,40613.0
4,56,I4_R56_V1_T65,1,65,10,6097.0,101.61666666666666,1.6936111111111112,4297.0,29.78888623046875,17.0,40633.0,46730.0
4,56,I4_R56_V1_T90,1,90,17,7733.0,128.88333333333333,2.1480555555555556,4673.0,32.39555224609375,31.0,46730.0,54463.0
4,56,I4_R56_V1_T262,1,262,15,6526.0,108.76666666666667,1.8127777777777778,3826.0,26.532178222656245,26.0,54523.0,61049.0
4,56,I4_R56_V2_T27,2,27,6,4153.0,69.21666666666667,1.1536111111111111,3073.0,21.317108398437497,9.0,36938.0,41091.0
4,56,I4_R56_V2_T59,2,59,9,5164.0,86.06666666666666,1.4344444444444444,3265.0,22.633030273437498,16.0,41091.0,46255.0
4,56,I4_R56_V2_T67,2,67,19,7048.0,117.46666666666667,1.9577777777777778,3628.0,25.117830078125,31.0,46530.0,53578.0
4,56,I4_R56_V2_T98,2,98,19,7507.0,125.11666666666666,2.085277777777778,4087.0,28.298587890625004,30.0,53578.0,61085.0
4,57,I4_R57_V0_T15,0,15,3,3899.0,64.98333333333333,1.0830555555555557,3359.0,23.306732421875,4.0,34898.0,38797.0
4,57,I4_R57_V0_T41,0,41,3,2909.0,48.483333333333334,0.8080555555555555,2369.0,16.439654296875,6.0,38797.0,41706.0
4,57,I4_R57_V0_T209,0,209,5,3716.0,61.93333333333333,1.0322222222222222,2726.0,18.9082158203125,8.0,41706.0,45422.0
4,57,I4_R57_V0_T223,0,223,10,5863.0,97.71666666666667,1.628611111111111,4063.0,28.171493652343752,20.0,45465.0,51328.0
4,57,I4_R57_V0_T274,0,274,11,5767.0,96.11666666666666,1.6019444444444444,3787.0,26.261689453125,20.0,51328.0,57095.0
4,57,I4_R57_V0_T287,0,287,7,4093.0,68.21666666666667,1.1369444444444445,2833.0,19.649674804687503,12.0,57095.0,61188.0
4,57,I4_R57_V1_T15,1,15,1,2054.0,34.233333333333334,0.5705555555555556,1874.0,13.00585791015625,2.0,32770.0,34824.0
4,57,I4_R57_V1_T32,1,32,9,7146.0,119.1,1.985,5526.0,38.34193115234375,15.0,37084.0,44230.0
4,57,I4_R57_V1_T46,1,46,18,8420.0,140.33333333333334,2.338888888888889,5180.0,35.916434570312504,34.0,44379.0,52799.0
4,57,I4_R57_V1_T52,1,52,19,8043.0,134.05,2.234166666666667,4623.0,32.03369335937501,35.0,52843.0,60886.0
4,57,I4_R57_V2_T24,2,24,10,7528.0,125.46666666666667,2.091111111111111,5015.0,34.7878837890625,13.0,34196.0,41724.0
4,57,I4_R57_V2_T39,2,39,12,6418.0,106.96666666666667,1.7827777777777778,4258.0,29.525212890624996,20.0,41802.0,48220.0
4,57,I4_R57_V2_T83,2,83,21,8640.0,144.0,2.4,4860.0,33.68208837890626,36.0,48220.0,56860.0
4,57,I4_R57_V2_T100,2,100,8,4314.0,71.9,1.1983333333333333,2874.0,19.9464609375,13.0,56860.0,61174.0
4,58,I4_R58_V0_T10,0,10,7,6553.0,109.21666666666667,1.8202777777777779,4076.0,28.280309082031252,11.0,39309.0,45862.0
4,58,I4_R58_V0_T20,0,20,18,7955.0,132.58333333333334,2.209722222222222,4715.0,32.66912158203125,33.0,45876.0,53831.0
4,58,I4_R58_V0_T30,0,30,16,7350.0,122.5,2.0416666666666665,4470.0,30.98670947265625,26.0,53831.0,61181.0
4,58,I4_R58_V1_T3,1,3,6,4092.0,68.2,1.1366666666666667,3012.0,20.88927294921875,10.0,39337.0,43429.0
4,58,I4_R58_V1_T6,1,6,14,5898.0,98.3,1.6383333333333334,3212.0,22.248910156250002,24.0,43617.0,49515.0
4,58,I4_R58_V1_T165,1,165,27,11640.0,194.0,3.2333333333333334,6780.0,47.001573242187476,43.0,49515.0,61155.0
4,58,I4_R58_V2_T17,2,17,5,4538.0,75.63333333333334,1.2605555555555557,3309.0,22.959505859375,7.0,33438.0,37976.0
4,58,I4_R58_V2_T18,2,18,9,7102.0,118.36666666666666,1.9727777777777777,4805.0,33.318646484374995,12.0,38525.0,45627.0
4,58,I4_R58_V2_T25,2,25,24,9091.0,151.51666666666668,2.5252777777777777,4771.0,33.034061523437515,37.0,45795.0,54886.0
4,58,I4_R58_V2_T95,2,95,14,5823.0,97.05,1.6175,3303.0,22.88514453125,25.0,55234.0,61057.0
4,59,I4_R59_V0_T0,0,0,11,7385.0,123.08333333333333,2.051388888888889,5372.0,37.2628134765625,16.0,35903.0,43288.0
4,59,I4_R59_V0_T1,0,1,17,8398.0,139.96666666666667,2.332777777777778,5338.0,37.007908203125,32.0,43361.0,51759.0
4,59,I4_R59_V0_T20,0,20,24,9358.0,155.96666666666667,2.5994444444444444,5038.0,34.916615234375,40.0,51759.0,61117.0
4,59,I4_R59_V1_T32,1,32,3,4675.0,77.91666666666667,1.2986111111111112,4135.0,28.699322265625,6.0,33211.0,37886.0
4,59,I4_R59_V1_T66,1,66,11,6174.0,102.9,1.715,3976.0,27.5538681640625,15.0,38602.0,44776.0
4,59,I4_R59_V1_T81,1,81,17,7407.0,123.45,2.0575,4347.0,30.120787597656253,30.0,44823.0,52230.0
4,59,I4_R59_V1_T126,1,126,20,8967.0,149.45,2.4908333333333332,5367.0,37.20508984375,30.0,52230.0,61197.0
4,59,I4_R59_V2_T0,2,0,5,4895.0,81.58333333333333,1.3597222222222223,3995.0,27.725237304687504,8.0,34050.0,38945.0
4,59,I4_R59_V2_T33,2,33,4,3518.0,58.63333333333333,0.9772222222222222,2798.0,19.41985009765625,8.0,38963.0,42481.0
4,59,I4_R59_V2_T54,2,54,10,5878.0,97.96666666666667,1.6327777777777779,4078.0,28.2802041015625,17.0,42660.0,48538.0
4,59,I4_R59_V2_T72,2,72,13,6220.0,103.66666666666667,1.7277777777777779,3880.0,26.902566406250003,23.0,48538.0,54758.0
4,59,I4_R59_V2_T191,2,191,16,6432.0,107.2,1.7866666666666666,3552.0,24.595515624999997,28.0,54758.0,61190.0
4,60,I4_R60_V0_T19,0,19,16,10903.0,181.71666666666667,3.028611111111111,7793.0,54.06587756347657,21.0,33703.0,44606.0
4,60,I4_R60_V0_T62,0,62,22,9533.0,158.88333333333333,2.6480555555555556,5573.0,38.61486962890626,35.0,44606.0,54139.0
4,60,I4_R60_V0_T235,0,235,16,6867.0,114.45,1.9075,3987.0,27.63645068359375,26.0,54318.0,61185.0
4,60,I4_R60_V1_T4,1,4,1,3618.0,60.3,1.005,3438.0,23.8687080078125,1.0,32400.0,36018.0
4,60,I4_R60_V1_T47,1,47,11,6078.0,101.3,1.6883333333333332,4098.0,28.422795410156247,19.0,40526.0,46604.0
4,60,I4_R60_V1_T56,1,56,15,6883.0,114.71666666666667,1.9119444444444444,4131.0,28.634677734375003,25.0,46711.0,53594.0
4,60,I4_R60_V1_T227,1,227,17,7427.0,123.78333333333333,2.0630555555555556,4367.0,30.263681640625002,32.0,53594.0,61021.0
4,60,I4_R60_V2_T53,2,53,7,6495.0,108.25,1.8041666666666667,4205.0,29.184266601562502,11.0,34733.0,41228.0
4,60,I4_R60_V2_T137,2,137,16,7160.0,119.33333333333333,1.988888888888889,4280.0,29.6622421875,28.0,41903.0,49063.0
4,60,I4_R60_V2_T151,2,151,15,5910.0,98.5,1.6416666666666666,3210.0,22.245884765625,26.0,49175.0,55085.0
4,60,I4_R60_V2_T153,2,153,12,6110.0,101.83333333333333,1.6972222222222222,3950.0,27.3923974609375,20.0,55086.0,61196.0
4,61,I4_R61_V0_T33,0,33,8,7424.0,123.73333333333333,2.062222222222222,5681.0,39.412953613281246,10.0,33069.0,40493.0
4,61,I4_R61_V0_T63,0,63,9,5135.0,85.58333333333333,1.426388888888889,3515.0,24.376647460937498,14.0,41122.0,46257.0
4,61,I4_R61_V0_T75,0,75,17,7750.0,129.16666666666666,2.1527777777777777,4690.0,32.50727685546875,27.0,46257.0,54007.0
4,61,I4_R61_V0_T241,0,241,16,7015.0,116.91666666666667,1.948611111111111,4135.0,28.657931640624998,25.0,54007.0,61022.0
4,61,I4_R61_V1_T28,1,28,7,6956.0,115.93333333333334,1.9322222222222223,4275.0,29.664439453125,12.0,35294.0,42250.0
4,61,I4_R61_V1_T36,1,36,21,9308.0,155.13333333333333,2.5855555555555556,5528.0,38.301152343750005,36.0,42556.0,51864.0
4,61,I4_R61_V1_T67,1,67,24,9308.0,155.13333333333333,2.5855555555555556,4988.0,34.5586748046875,36.0,51864.0,61172.0
4,61,I4_R61_V2_T8,2,8,9,5312.0,88.53333333333333,1.4755555555555555,3617.0,25.07574462890625,16.0,39190.0,44502.0
4,61,I4_R61_V2_T49,2,49,15,6921.0,115.35,1.9225,4221.0,29.25956127929687,26.0,44958.0,51879.0
4,61,I4_R61_V2_T215,2,215,8,4626.0,77.1,1.285,3065.0,21.25339501953125,11.0,51879.0,56505.0
4,61,I4_R61_V2_T235,2,235,8,4688.0,78.13333333333334,1.3022222222222222,3248.0,22.5295078125,14.0,56505.0,61193.0
4,62,I4_R62_V0_T2,0,2,6,5684.0,94.73333333333333,1.5788888888888888,4604.0,31.952135009765623,9.0,34168.0,39852.0
4,62,I4_R62_V0_T6,0,6,10,6135.0,102.25,1.7041666666666666,4335.0,30.063597045898433,16.0,40993.0,47128.0
4,62,I4_R62_V0_T14,0,14,13,7127.0,118.78333333333333,1.9797222222222222,4787.0,33.2043525390625,24.0,47168.0,54295.0
4,62,I4_R62_V0_T104,0,104,14,6836.0,113.93333333333334,1.8988888888888888,4316.0,29.930451171875,25.0,54295.0,61131.0
4,62,I4_R62_V1_T38,1,38,1,3118.0,51.96666666666667,0.8661111111111112,2938.0,20.39069677734375,2.0,33287.0,36405.0
4,62,I4_R62_V1_T54,1,54,8,6407.0,106.78333333333333,1.7797222222222222,4903.0,34.019953491210934,12.0,36736.0,43143.0
4,62,I4_R62_V1_T84,1,84,13,6901.0,115.01666666666667,1.9169444444444443,4561.0,31.625174316406248,20.0,43165.0,50066.0
4,62,I4_R62_V1_T188,1,188,28,10716.0,178.6,2.9766666666666666,5676.0,39.32062011718751,41.0,50364.0,61080.0
4,62,I4_R62_V2_T19,2,19,5,5073.0,84.55,1.4091666666666667,3717.0,25.7835537109375,7.0,32947.0,38020.0
4,62,I4_R62_V2_T36,2,36,3,2789.0,46.483333333333334,0.7747222222222222,2249.0,15.608498046874999,5.0,38020.0,40809.0
4,62,I4_R62_V2_T80,2,80,13,5882.0,98.03333333333333,1.633888888888889,3542.0,24.552998046875004,23.0,41651.0,47533.0
4,62,I4_R62_V2_T99,2,99,15,6567.0,109.45,1.8241666666666667,3867.0,26.79125390625,26.0,47533.0,54100.0
4,62,I4_R62_V2_T116,2,116,15,6978.0,116.3,1.9383333333333332,4278.0,29.649505371093746,25.0,54100.0,61078.0
4,63,I4_R63_V0_T5,0,5,5,5136.0,85.6,1.4266666666666667,4236.0,29.393091796875,8.0,38260.0,43396.0
4,63,I4_R63_V0_T63,0,63,15,5784.0,96.4,1.6066666666666667,3084.0,21.366290039062502,28.0,43445.0,49229.0
4,63,I4_R63_V0_T68,0,68,11,5228.0,87.13333333333334,1.4522222222222223,3248.0,22.5118408203125,22.0,49229.0,54457.0
4,63,I4_R63_V0_T69,0,69,16,6654.0,110.9,1.8483333333333334,3774.0,26.141380371093756,26.0,54457.0,61111.0
4,63,I4_R63_V1_T4,1,4,12,6749.0,112.48333333333333,1.8747222222222222,4589.0,31.813065429687498,18.0,38383.0,45132.0
4,63,I4_R63_V1_T29,1,29,10,5456.0,90.93333333333334,1.5155555555555555,3656.0,25.366939453125003,16.0,45132.0,50588.0
4,63,I4_R63_V1_T30,1,30,27,10542.0,175.7,2.9283333333333332,5682.0,39.345073242187496,44.0,50636.0,61178.0
4,63,I4_R63_V2_T30,2,30,5,6036.0,100.6,1.6766666666666667,5136.0,35.647964843749996,7.0,34297.0,40333.0
4,63,I4_R63_V2_T65,2,65,8,5243.0,87.38333333333334,1.456388888888889,3803.0,26.36682275390625,16.0,40891.0,46134.0
4,63,I4_R63_V2_T86,2,86,22,8524.0,142.06666666666666,2.367777777777778,4564.0,31.6172763671875,39.0,46189.0,54713.0
4,63,I4_R63_V2_T104,2,104,13,6373.0,106.21666666666667,1.7702777777777778,4033.0,27.96427099609375,26.0,54713.0,61086.0
4,64,I4_R64_V0_T0,0,0,7,6135.0,102.25,1.7041666666666666,4875.0,33.83076171875,11.0,36299.0,42434.0
4,64,I4_R64_V0_T29,0,29,12,5573.0,92.88333333333334,1.5480555555555555,3413.0,23.654404296875,20.0,42434.0,48007.0
4,64,I4_R64_V0_T56,0,56,11,4712.0,78.53333333333333,1.308888888888889,2732.0,18.930876953125,21.0,48007.0,52719.0
4,64,I4_R64_V0_T63,0,63,19,8443.0,140.71666666666667,2.3452777777777776,5023.0,34.811044921875,33.0,52719.0,61162.0
4,64,I4_R64_V1_T41,1,41,4,4409.0,73.48333333333333,1.2247222222222223,3689.0,25.598486328125,6.0,35740.0,40149.0
4,64,I4_R64_V1_T80,1,80,11,6150.0,102.5,1.7083333333333333,4170.0,28.904251953125005,18.0,40149.0,46299.0
4,64,I4_R64_V1_T114,1,114,16,7481.0,124.68333333333334,2.0780555555555558,4601.0,31.907820800781252,28.0,46354.0,53835.0
4,64,I4_R64_V1_T125,1,125,16,7255.0,120.91666666666667,2.015277777777778,4375.0,30.3219521484375,27.0,53835.0,61090.0
4,64,I4_R64_V2_T27,2,27,1,2886.0,48.1,0.8016666666666666,2706.0,18.7782587890625,1.0,32400.0,35286.0
4,64,I4_R64_V2_T45,2,45,7,5147.0,85.78333333333333,1.4297222222222221,3887.0,26.962471069335937,12.0,39342.0,44489.0
4,64,I4_R64_V2_T83,2,83,16,6535.0,108.91666666666667,1.8152777777777778,3655.0,25.321423828125,29.0,44489.0,51024.0
4,64,I4_R64_V2_T122,2,122,27,9771.0,162.85,2.714166666666667,4911.0,33.9923095703125,42.0,51359.0,61130.0
4,65,I4_R65_V0_T7,0,7,3,3795.0,63.25,1.0541666666666667,3255.0,22.5924462890625,6.0,37727.0,41522.0
4,65,I4_R65_V0_T24,0,24,13,5702.0,95.03333333333333,1.583888888888889,3362.0,23.295416015625,21.0,41522.0,47224.0
4,65,I4_R65_V0_T129,0,129,16,7110.0,118.5,1.975,4230.0,29.30694970703125,29.0,47292.0,54402.0
4,65,I4_R65_V0_T143,0,143,18,6487.0,108.11666666666666,1.8019444444444443,3247.0,22.491942382812503,27.0,54569.0,61056.0
4,65,I4_R65_V1_T3,1,3,3,2995.0,49.916666666666664,0.8319444444444445,2455.0,17.0331416015625,4.0,34851.0,37846.0
4,65,I4_R65_V1_T14,1,14,5,3822.0,63.7,1.0616666666666668,2922.0,20.266419921875,9.0,37941.0,41763.0
4,65,I4_R65_V1_T82,1,82,8,4971.0,82.85,1.3808333333333334,3531.0,24.489319335937502,14.0,41884.0,46855.0
4,65,I4_R65_V1_T133,1,133,20,7850.0,130.83333333333334,2.1805555555555554,4250.0,29.435999999999993,33.0,46925.0,54775.0
4,65,I4_R65_V1_T136,1,136,12,6331.0,105.51666666666667,1.7586111111111111,4171.0,28.915991210937502,21.0,54775.0,61106.0
4,65,I4_R65_V2_T6,2,6,3,5726.0,95.43333333333334,1.5905555555555555,5186.0,35.99845849609375,4.0,32552.0,38278.0
4,65,I4_R65_V2_T48,2,48,2,1807.0,30.116666666666667,0.5019444444444444,1447.0,10.039837890625,4.0,38278.0,40085.0
4,65,I4_R65_V2_T68,2,68,13,7714.0,128.56666666666666,2.142777777777778,5374.0,37.277420410156246,24.0,40841.0,48555.0
4,65,I4_R65_V2_T70,2,70,17,7281.0,121.35,2.0225,4221.0,29.23339013671875,30.0,48555.0,55836.0
4,65,I4_R65_V2_T125,2,125,12,5359.0,89.31666666666666,1.488611111111111,3199.0,22.17362109375,20.0,55836.0,61195.0
4,66,I4_R66_V0_T18,0,18,5,6300.0,105.0,1.75,5179.0,35.94590771484375,6.0,33405.0,39705.0
4,66,I4_R66_V0_T38,0,38,2,3072.0,51.2,0.8533333333333334,2712.0,18.820931640625,4.0,39705.0,42777.0
4,66,I4_R66_V0_T43,0,43,13,5936.0,98.93333333333334,1.6488888888888888,3596.0,24.9143955078125,24.0,42777.0,48713.0
4,66,I4_R66_V0_T59,0,59,14,6191.0,103.18333333333334,1.7197222222222222,3671.0,25.447689453124998,26.0,48713.0,54904.0
4,66,I4_R66_V0_T110,0,110,13,6176.0,102.93333333333334,1.7155555555555555,3836.0,26.588153808593745,22.0,54904.0,61080.0
4,66,I4_R66_V1_T12,1,12,1,1872.0,31.2,0.52,1692.0,11.7497158203125,2.0,34121.0,35993.0
4,66,I4_R66_V1_T101,1,101,16,8212.0,136.86666666666667,2.281111111111111,4675.0,32.412521484375,27.0,38694.0,46906.0
4,66,I4_R66_V1_T190,1,190,24,8820.0,147.0,2.45,4500.0,31.144349609375002,43.0,46906.0,55726.0
4,66,I4_R66_V1_T192,1,192,12,5434.0,90.56666666666666,1.5094444444444444,3274.0,22.696919921875,20.0,55726.0,61160.0
4,66,I4_R66_V2_T8,2,8,8,4642.0,77.36666666666666,1.2894444444444444,3202.0,22.207738281250002,13.0,37823.0,42465.0
4,66,I4_R66_V2_T12,2,12,14,6713.0,111.88333333333334,1.8647222222222222,4193.0,29.072506835937503,27.0,42465.0,49178.0
4,66,I4_R66_V2_T16,2,16,14,6318.0,105.3,1.755,3798.0,26.32904833984375,25.0,49181.0,55499.0
4,66,I4_R66_V2_T36,2,36,13,5664.0,94.4,1.5733333333333333,3324.0,23.0385166015625,23.0,55499.0,61163.0
4,67,I4_R67_V0_T47,0,47,11,7810.0,130.16666666666666,2.1694444444444443,5830.0,40.450008468627935,16.0,36572.0,44382.0
4,67,I4_R67_V0_T90,0,90,18,8580.0,143.0,2.3833333333333333,5340.0,37.010603515625,31.0,44394.0,52974.0
4,67,I4_R67_V0_T203,0,203,18,8095.0,134.91666666666666,2.248611111111111,4855.0,33.648187011718754,30.0,52984.0,61079.0
4,67,I4_R67_V1_T26,1,26,5,6542.0,109.03333333333333,1.8172222222222223,4115.0,28.560088867187503,7.0,33512.0,40054.0
4,67,I4_R67_V1_T43,1,43,9,4572.0,76.2,1.27,2952.0,20.4694306640625,14.0,40253.0,44825.0
4,67,I4_R67_V1_T44,1,44,18,7560.0,126.0,2.1,4320.0,29.92839794921875,29.0,44825.0,52385.0
4,67,I4_R67_V1_T54,1,54,20,8631.0,143.85,2.3975,5031.0,34.86460986328125,28.0,52442.0,61073.0
4,67,I4_R67_V2_T3,2,3,1,1990.0,33.166666666666664,0.5527777777777778,1810.0,12.5570146484375,2.0,36758.0,38748.0
4,67,I4_R67_V2_T12,2,12,11,6496.0,108.26666666666667,1.8044444444444445,4516.0,31.312012695312493,17.0,39227.0,45723.0
4,67,I4_R67_V2_T42,2,42,19,7308.0,121.8,2.03,3888.0,26.921738281249997,27.0,45989.0,53297.0
4,67,I4_R67_V2_T66,2,66,18,7702.0,128.36666666666667,2.1394444444444445,4462.0,30.9258720703125,32.0,53297.0,60999.0
4,68,I4_R68_V0_T7,0,7,8,4953.0,82.55,1.3758333333333332,3513.0,24.367162109375002,14.0,35560.0,40513.0
4,68,I4_R68_V0_T29,0,29,5,3273.0,54.55,0.9091666666666667,2373.0,16.458482421875,10.0,40513.0,43786.0
4,68,I4_R68_V0_T46,0,46,17,7798.0,129.96666666666667,2.1661111111111113,4738.0,32.8349130859375,31.0,43786.0,51584.0
4,68,I4_R68_V0_T59,0,59,22,9034.0,150.56666666666666,2.5094444444444446,5074.0,35.17158984375,35.0,51584.0,60618.0
4,68,I4_R68_V1_T3,1,3,2,3644.0,60.733333333333334,1.0122222222222221,3284.0,22.79479638671875,3.0,34691.0,38335.0
4,68,I4_R68_V1_T159,1,159,11,6199.0,103.31666666666666,1.7219444444444445,4106.0,28.467214843750003,17.0,38335.0,44534.0
4,68,I4_R68_V1_T183,1,183,21,9240.0,154.0,2.566666666666667,5460.0,37.85089648437499,34.0,44534.0,53774.0
4,68,I4_R68_V1_T260,1,260,13,6993.0,116.55,1.9425,4653.0,32.268615234375,21.0,53774.0,60767.0
4,68,I4_R68_V2_T0,2,0,12,7078.0,117.96666666666667,1.9661111111111111,4918.0,34.104893066406255,20.0,36688.0,43766.0
4,68,I4_R68_V2_T15,2,15,12,6592.0,109.86666666666666,1.8311111111111111,4432.0,30.731822265625,19.0,43766.0,50358.0
4,68,I4_R68_V2_T98,2,98,23,10705.0,178.41666666666666,2.973611111111111,6565.0,45.49801318359374,40.0,50458.0,61163.0
4,69,I4_R69_V0_T82,0,82,7,5453.0,90.88333333333334,1.5147222222222223,3892.0,27.015653808593747,9.0,37340.0,42793.0
4,69,I4_R69_V0_T108,0,108,8,4337.0,72.28333333333333,1.2047222222222222,2897.0,20.0928134765625,13.0,42793.0,47130.0
4,69,I4_R69_V0_T109,0,109,17,7912.0,131.86666666666667,2.1977777777777776,4852.0,33.63578515625,28.0,47130.0,55042.0
4,69,I4_R69_V0_T181,0,181,12,6082.0,101.36666666666666,1.6894444444444445,3922.0,27.191607910156243,18.0,55042.0,61124.0
4,69,I4_R69_V1_T81,1,81,4,5164.0,86.06666666666666,1.4344444444444444,4393.0,30.48294921875,6.0,34042.0,39206.0
4,69,I4_R69_V1_T110,1,110,2,2477.0,41.28333333333333,0.6880555555555555,2117.0,14.690818359375,4.0,39206.0,41683.0
4,69,I4_R69_V1_T129,1,129,8,4488.0,74.8,1.2466666666666666,3048.0,21.1363369140625,12.0,41683.0,46171.0
4,69,I4_R69_V1_T134,1,134,24,9208.0,153.46666666666667,2.557777777777778,4888.0,33.876504882812505,41.0,46505.0,55713.0
4,69,I4_R69_V1_T218,1,218,12,5407.0,90.11666666666666,1.5019444444444445,3247.0,22.49476513671875,24.0,55713.0,61120.0
4,69,I4_R69_V2_T10,2,10,1,5006.0,83.43333333333334,1.3905555555555555,4826.0,33.50583178710937,2.0,32448.0,37454.0
4,69,I4_R69_V2_T25,2,25,7,5288.0,88.13333333333334,1.468888888888889,4028.0,27.935693359375,12.0,37454.0,42742.0
4,69,I4_R69_V2_T56,2,56,12,5004.0,83.4,1.39,2844.0,19.705146484375,18.0,43052.0,48056.0
4,69,I4_R69_V2_T58,2,58,15,7106.0,118.43333333333334,1.9738888888888888,4406.0,30.559626464843753,27.0,48056.0,55162.0
4,69,I4_R69_V2_T65,2,65,14,5985.0,99.75,1.6625,3465.0,23.9977578125,26.0,55162.0,61147.0
4,70,I4_R70_V0_T0,0,0,8,5337.0,88.95,1.4825,3897.0,27.038986816406254,13.0,39696.0,45033.0
4,70,I4_R70_V0_T1,0,1,8,4846.0,80.76666666666667,1.346111111111111,3406.0,23.624746093749998,15.0,45033.0,49879.0
4,70,I4_R70_V0_T196,0,196,22,10836.0,180.6,3.01,6876.0,47.67125830078126,38.0,50123.0,60959.0
4,70,I4_R70_V1_T2,1,2,3,3317.0,55.28333333333333,0.9213888888888889,2777.0,19.27562548828125,6.0,35101.0,38418.0
4,70,I4_R70_V1_T19,1,19,10,5882.0,98.03333333333333,1.633888888888889,4082.0,28.301595703125,15.0,38438.0,44320.0
4,70,I4_R70_V1_T56,1,56,8,4442.0,74.03333333333333,1.2338888888888888,3002.0,20.8214814453125,14.0,44628.0,49070.0
4,70,I4_R70_V1_T110,1,110,17,6673.0,111.21666666666667,1.853611111111111,3613.0,25.0090361328125,28.0,49070.0,55743.0
4,70,I4_R70_V1_T125,1,125,10,5392.0,89.86666666666666,1.4977777777777779,3592.0,24.90829833984375,17.0,55743.0,61135.0
4,70,I4_R70_V2_T56,2,56,5,6203.0,103.38333333333334,1.7230555555555556,4657.0,32.317311523437496,8.0,34199.0,40402.0
4,70,I4_R70_V2_T58,2,58,6,3776.0,62.93333333333333,1.048888888888889,2696.0,18.695441406249998,11.0,40601.0,44377.0
4,70,I4_R70_V2_T145,2,145,13,6350.0,105.83333333333333,1.7638888888888888,4010.0,27.793804199218748,24.0,44377.0,50727.0
4,70,I4_R70_V2_T147,2,147,10,4832.0,80.53333333333333,1.3422222222222222,3032.0,21.01773828125,20.0,50727.0,55559.0
4,70,I4_R70_V2_T148,2,148,12,5594.0,93.23333333333333,1.5538888888888889,3434.0,23.789248046875002,22.0,55559.0,61153.0
4,71,I4_R71_V0_T3,0,3,8,7153.0,119.21666666666667,1.9869444444444444,5713.0,39.6572896118164,14.0,36484.0,43637.0
4,71,I4_R71_V0_T64,0,64,16,7716.0,128.6,2.1433333333333335,4836.0,33.50949658203125,27.0,43868.0,51584.0
4,71,I4_R71_V0_T66,0,66,2,1516.0,25.266666666666666,0.4211111111111111,1156.0,8.0263828125,4.0,51584.0,53100.0
4,71,I4_R71_V0_T185,0,185,17,8042.0,134.03333333333333,2.233888888888889,4982.0,34.5372939453125,30.0,53100.0,61142.0
4,71,I4_R71_V1_T0,1,0,14,11613.0,193.55,3.2258333333333336,7438.0,51.60783215332031,18.0,34343.0,45956.0
4,71,I4_R71_V1_T14,1,14,21,9369.0,156.15,2.6025,5589.0,38.72963098144531,35.0,46758.0,56127.0
4,71,I4_R71_V1_T31,1,31,9,5028.0,83.8,1.3966666666666667,3408.0,23.63771484375,17.0,56127.0,61155.0
4,71,I4_R71_V2_T5,2,5,5,4349.0,72.48333333333333,1.2080555555555557,3375.0,23.418494140624997,8.0,37254.0,41603.0
4,71,I4_R71_V2_T80,2,80,10,4813.0,80.21666666666667,1.3369444444444445,3013.0,20.886095703125,19.0,41708.0,46521.0
4,71,I4_R71_V2_T105,2,105,19,8101.0,135.01666666666668,2.250277777777778,4681.0,32.44084570312501,31.0,46521.0,54622.0
4,71,I4_R71_V2_T118,2,118,16,6550.0,109.16666666666667,1.8194444444444444,3670.0,25.4220751953125,27.0,54622.0,61172.0
4,72,I4_R72_V0_T3,0,3,2,2984.0,49.733333333333334,0.8288888888888889,2624.0,18.21220703125,4.0,33965.0,36949.0
4,72,I4_R72_V0_T44,0,44,11,6420.0,107.0,1.7833333333333334,4256.0,29.512549560546876,17.0,36949.0,43369.0
4,72,I4_R72_V0_T103,0,103,10,5307.0,88.45,1.4741666666666666,3507.0,24.318613281250002,19.0,43629.0,48936.0
4,72,I4_R72_V0_T129,0,129,15,6872.0,114.53333333333333,1.9088888888888889,4068.0,28.18916748046875,28.0,48966.0,55838.0
4,72,I4_R72_V0_T134,0,134,11,5351.0,89.18333333333334,1.486388888888889,3371.0,23.367189453125,21.0,55838.0,61189.0
4,72,I4_R72_V1_T20,1,20,1,2646.0,44.1,0.735,2466.0,17.1242109375,2.0,32826.0,35472.0
4,72,I4_R72_V1_T21,1,21,7,4786.0,79.76666666666667,1.3294444444444444,3526.0,24.454734374999997,11.0,37483.0,42269.0
4,72,I4_R72_V1_T32,1,32,11,5707.0,95.11666666666666,1.5852777777777778,3727.0,25.8413994140625,19.0,42269.0,47976.0
4,72,I4_R72_V1_T44,1,44,22,9086.0,151.43333333333334,2.523888888888889,5126.0,35.5185380859375,38.0,47976.0,57062.0
4,72,I4_R72_V1_T104,1,104,7,4131.0,68.85,1.1475,2871.0,19.8995234375,13.0,57062.0,61193.0
4,72,I4_R72_V2_T2,2,2,2,4220.0,70.33333333333333,1.1722222222222223,3860.0,26.795673828125,4.0,33587.0,37807.0
4,72,I4_R72_V2_T22,2,22,5,3232.0,53.86666666666667,0.8977777777777778,2332.0,16.1743681640625,8.0,37807.0,41039.0
4,72,I4_R72_V2_T55,2,55,4,3264.0,54.4,0.9066666666666666,2544.0,17.6456533203125,8.0,41099.0,44363.0
4,72,I4_R72_V2_T116,2,116,10,5320.0,88.66666666666667,1.4777777777777779,3520.0,24.415795898437505,19.0,44363.0,49683.0
4,72,I4_R72_V2_T147,2,147,17,7152.0,119.2,1.9866666666666666,4092.0,28.34271289062499,32.0,49683.0,56835.0
4,72,I4_R72_V2_T161,2,161,8,4282.0,71.36666666666666,1.1894444444444445,2842.0,19.702242187499998,11.0,56835.0,61117.0
4,73,I4_R73_V0_T8,0,8,3,3759.0,62.65,1.0441666666666667,3219.0,22.337818359375,5.0,33952.0,37711.0
4,73,I4_R73_V0_T9,0,9,6,4189.0,69.81666666666666,1.1636111111111112,3109.0,21.56259375,7.0,37711.0,41900.0
4,73,I4_R73_V0_T41,0,41,12,6777.0,112.95,1.8825,4617.0,32.0280703125,21.0,41900.0,48677.0
4,73,I4_R73_V0_T70,0,70,11,5944.0,99.06666666666666,1.6511111111111112,3964.0,27.4900947265625,22.0,48748.0,54692.0
4,73,I4_R73_V0_T85,0,85,15,6500.0,108.33333333333333,1.8055555555555556,3800.0,26.320155273437503,24.0,54692.0,61192.0
4,73,I4_R73_V1_T11,1,11,3,4652.0,77.53333333333333,1.2922222222222222,4112.0,28.540143310546874,5.0,33595.0,38247.0
4,73,I4_R73_V1_T51,1,51,2,2546.0,42.43333333333333,0.7072222222222222,2186.0,15.168453125,4.0,38247.0,40793.0
4,73,I4_R73_V1_T119,1,119,10,5316.0,88.6,1.4766666666666666,3516.0,24.387873046874997,18.0,42640.0,47956.0
4,73,I4_R73_V1_T192,1,192,21,7994.0,133.23333333333332,2.2205555555555554,4214.0,29.187582031250003,38.0,47956.0,55950.0
4,73,I4_R73_V1_T250,1,250,10,5218.0,86.96666666666667,1.4494444444444445,3418.0,23.690556640624997,16.0,55950.0,61168.0
4,73,I4_R73_V2_T50,2,50,2,3789.0,63.15,1.0525,3429.0,23.797750244140627,4.0,32744.0,36533.0
4,73,I4_R73_V2_T94,2,94,10,7015.0,116.91666666666667,1.948611111111111,4981.0,34.5576416015625,17.0,36615.0,43630.0
4,73,I4_R73_V2_T147,2,147,15,6956.0,115.93333333333334,1.9322222222222223,4187.0,29.009812500000002,26.0,43687.0,50643.0
4,73,I4_R73_V2_T165,2,165,21,10502.0,175.03333333333333,2.917222222222222,6722.0,46.58799499511719,35.0,50643.0,61145.0
4,74,I4_R74_V0_T13,0,13,7,5851.0,97.51666666666667,1.6252777777777778,4591.0,31.849055175781253,10.0,36401.0,42252.0
4,74,I4_R74_V0_T54,0,54,10,4521.0,75.35,1.2558333333333334,2721.0,18.8605419921875,19.0,42704.0,47225.0
4,74,I4_R74_V0_T178,0,178,17,7056.0,117.6,1.96,3996.0,27.689850097656247,28.0,47312.0,54368.0
4,74,I4_R74_V0_T257,0,257,14,6586.0,109.76666666666667,1.8294444444444444,4066.0,28.175692871093748,22.0,54557.0,61143.0
4,74,I4_R74_V1_T11,1,11,2,4724.0,78.73333333333333,1.3122222222222222,4364.0,30.3004140625,2.0,32400.0,37124.0
4,74,I4_R74_V1_T12,1,12,4,3851.0,64.18333333333334,1.0697222222222222,3131.0,21.720662109375,8.0,37298.0,41149.0
4,74,I4_R74_V1_T25,1,25,13,6068.0,101.13333333333334,1.6855555555555555,3728.0,25.836751953124995,23.0,41448.0,47516.0
4,74,I4_R74_V1_T68,1,68,24,8444.0,140.73333333333332,2.3455555555555554,4124.0,28.57133691406249,40.0,47516.0,55960.0
4,74,I4_R74_V1_T118,1,118,13,5233.0,87.21666666666667,1.4536111111111112,2893.0,20.044402343749997,21.0,55960.0,61193.0
4,74,I4_R74_V2_T33,2,33,10,9872.0,164.53333333333333,2.7422222222222223,7462.0,51.778724121093745,13.0,35032.0,44904.0
4,74,I4_R74_V2_T141,2,141,12,5385.0,89.75,1.4958333333333333,3225.0,22.353537109374997,22.0,44904.0,50289.0
4,74,I4_R74_V2_T246,2,246,23,10804.0,180.06666666666666,3.0011111111111113,6664.0,46.197934570312505,39.0,50316.0,61120.0
4,75,I4_R75_V0_T24,0,24,14,8266.0,137.76666666666668,2.296111111111111,5746.0,39.854524414062496,22.0,35345.0,43611.0
4,75,I4_R75_V0_T132,0,132,12,6324.0,105.4,1.7566666666666666,4164.0,28.87948046875,21.0,44189.0,50513.0
4,75,I4_R75_V0_T139,0,139,10,4804.0,80.06666666666666,1.3344444444444445,3004.0,20.825664062499996,20.0,50513.0,55317.0
4,75,I4_R75_V0_T164,0,164,17,5752.0,95.86666666666666,1.5977777777777777,2692.0,18.643312499999997,26.0,55317.0,61069.0
4,75,I4_R75_V1_T1,1,1,9,4433.0,73.88333333333334,1.2313888888888889,2813.0,19.5016171875,17.0,42183.0,46616.0
4,75,I4_R75_V1_T9,1,9,16,6018.0,100.3,1.6716666666666666,3138.0,21.732853515625,28.0,46958.0,52976.0
4,75,I4_R75_V1_T79,1,79,17,8190.0,136.5,2.275,5130.0,35.5667548828125,26.0,52976.0,61166.0
4,75,I4_R75_V2_T22,2,22,10,7111.0,118.51666666666667,1.9752777777777777,4738.0,32.86963061523438,15.0,35962.0,43073.0
4,75,I4_R75_V2_T136,2,136,20,9418.0,156.96666666666667,2.616111111111111,5818.0,40.31964404296875,33.0,43186.0,52604.0
4,75,I4_R75_V2_T212,2,212,22,8000.0,133.33333333333334,2.2222222222222223,4040.0,27.9742607421875,31.0,53179.0,61179.0
4,76,I4_R76_V0_T1,0,1,6,8884.0,148.06666666666666,2.4677777777777776,7391.0,51.307479492187504,9.0,33367.0,42251.0
4,76,I4_R76_V0_T66,0,66,13,6112.0,101.86666666666666,1.6977777777777778,3772.0,26.137427734375,20.0,42251.0,48363.0
4,76,I4_R76_V0_T78,0,78,17,7059.0,117.65,1.9608333333333334,3999.0,27.705470703125002,33.0,48472.0,55531.0
4,76,I4_R76_V0_T172,0,172,11,5368.0,89.46666666666667,1.491111111111111,3388.0,23.483751953125,16.0,55531.0,60899.0
4,76,I4_R76_V1_T15,1,15,10,6458.0,107.63333333333334,1.7938888888888889,4658.0,32.304320312499996,19.0,37375.0,43833.0
4,76,I4_R76_V1_T40,1,40,12,5982.0,99.7,1.6616666666666666,3822.0,26.502091796875,18.0,43833.0,49815.0
4,76,I4_R76_V1_T62,1,62,10,4654.0,77.56666666666666,1.2927777777777778,2854.0,19.7853876953125,18.0,49815.0,54469.0
4,76,I4_R76_V1_T188,1,188,14,6658.0,110.96666666666667,1.8494444444444444,4138.0,28.698448242187496,23.0,54469.0,61127.0
4,76,I4_R76_V2_T37,2,37,8,7183.0,119.71666666666667,1.9952777777777777,5421.0,37.617201248168946,14.0,34013.0,41196.0
4,76,I4_R76_V2_T41,2,41,9,5119.0,85.31666666666666,1.4219444444444445,3499.0,24.25393798828125,14.0,41196.0,46315.0
4,76,I4_R76_V2_T69,2,69,17,6845.0,114.08333333333333,1.9013888888888888,3785.0,26.229451171875006,29.0,46315.0,53160.0
4,76,I4_R76_V2_T71,2,71,21,8018.0,133.63333333333333,2.227222222222222,4238.0,29.354488281249992,33.0,53160.0,61178.0
4,77,I4_R77_V0_T1,0,1,13,9084.0,151.4,2.5233333333333334,6026.0,41.796567138671875,20.0,38095.0,47179.0
4,77,I4_R77_V0_T8,0,8,13,6054.0,100.9,1.6816666666666666,3714.0,25.742043457031247,24.0,47179.0,53233.0
4,77,I4_R77_V0_T37,0,37,19,7746.0,129.1,2.151666666666667,4326.0,29.964173828124995,32.0,53361.0,61107.0
4,77,I4_R77_V1_T37,1,37,10,5979.0,99.65,1.6608333333333334,4179.0,28.98392919921875,15.0,37426.0,43405.0
4,77,I4_R77_V1_T45,1,45,7,4360.0,72.66666666666667,1.211111111111111,3100.0,21.4936171875,12.0,43722.0,48082.0
4,77,I4_R77_V1_T91,1,91,12,7125.0,118.75,1.9791666666666667,4965.0,34.43413427734376,22.0,48082.0,55207.0
4,77,I4_R77_V1_T245,1,245,10,5965.0,99.41666666666667,1.6569444444444446,4165.0,28.87421435546875,17.0,55207.0,61172.0
4,77,I4_R77_V2_T3,2,3,11,6892.0,114.86666666666666,1.9144444444444444,4739.0,32.87083984375,16.0,34197.0,41089.0
4,77,I4_R77_V2_T4,2,4,9,6041.0,100.68333333333334,1.6780555555555556,4421.0,30.654716369628908,17.0,41608.0,47649.0
4,77,I4_R77_V2_T98,2,98,17,6692.0,111.53333333333333,1.8588888888888888,3632.0,25.167392578125003,30.0,47649.0,54341.0
4,77,I4_R77_V2_T219,2,219,14,6478.0,107.96666666666667,1.7994444444444444,3958.0,27.437478027343747,23.0,54504.0,60982.0
4,78,I4_R78_V0_T28,0,28,6,5678.0,94.63333333333334,1.5772222222222223,4598.0,31.916913574218754,9.0,33771.0,39449.0
4,78,I4_R78_V0_T56,0,56,10,6396.0,106.6,1.7766666666666666,4596.0,31.875462890625,14.0,40291.0,46687.0
4,78,I4_R78_V0_T58,0,58,18,7775.0,129.58333333333334,2.1597222222222223,4535.0,31.43101904296875,31.0,46709.0,54484.0
4,78,I4_R78_V0_T68,0,68,16,6699.0,111.65,1.8608333333333333,3819.0,26.465662109374996,26.0,54484.0,61183.0
4,78,I4_R78_V1_T70,1,70,9,6816.0,113.6,1.8933333333333333,5196.0,36.04350341796875,13.0,37318.0,44134.0
4,78,I4_R78_V1_T83,1,83,22,10122.0,168.7,2.8116666666666665,6162.0,42.710908203125,35.0,44193.0,54315.0
4,78,I4_R78_V1_T91,1,91,15,6848.0,114.13333333333334,1.9022222222222223,4148.0,28.742422851562495,26.0,54315.0,61163.0
4,78,I4_R78_V2_T1,2,1,9,6690.0,111.5,1.8583333333333334,5070.0,35.171237548828124,16.0,35314.0,42004.0
4,78,I4_R78_V2_T12,2,12,9,4007.0,66.78333333333333,1.1130555555555555,2293.0,15.880760742187501,12.0,42004.0,46011.0
4,78,I4_R78_V2_T26,2,26,10,5043.0,84.05,1.4008333333333334,3243.0,22.4772255859375,15.0,46011.0,51054.0
4,78,I4_R78_V2_T27,2,27,13,6968.0,116.13333333333334,1.9355555555555555,4628.0,32.09208715820313,24.0,51054.0,58022.0
4,78,I4_R78_V2_T67,2,67,3,3103.0,51.71666666666667,0.8619444444444444,2563.0,17.781287109375,6.0,58022.0,61125.0
4,79,I4_R79_V0_T0,0,0,6,5538.0,92.3,1.5383333333333333,4458.0,30.935024658203123,9.0,34702.0,40240.0
4,79,I4_R79_V0_T6,0,6,12,6352.0,105.86666666666666,1.7644444444444445,4192.0,29.071368652343747,20.0,40851.0,47203.0
4,79,I4_R79_V0_T21,0,21,21,8389.0,139.81666666666666,2.330277777777778,4609.0,31.9201513671875,40.0,47263.0,55652.0
4,79,I4_R79_V0_T37,0,37,14,5485.0,91.41666666666667,1.523611111111111,2965.0,20.5440673828125,24.0,55652.0,61137.0
4,79,I4_R79_V1_T42,1,42,3,4494.0,74.9,1.2483333333333333,3954.0,27.44122607421875,3.0,32400.0,36894.0
4,79,I4_R79_V1_T120,1,120,7,5913.0,98.55,1.6425,4653.0,32.280016601562494,10.0,36955.0,42868.0
4,79,I4_R79_V1_T184,1,184,16,7807.0,130.11666666666667,2.1686111111111113,4927.0,34.146480468750006,27.0,42939.0,50746.0
4,79,I4_R79_V1_T253,1,253,29,10390.0,173.16666666666666,2.886111111111111,5170.0,35.78771093750001,42.0,50746.0,61136.0
4,79,I4_R79_V2_T3,2,3,2,3169.0,52.81666666666667,0.8802777777777778,2809.0,19.4985048828125,4.0,34370.0,37539.0
4,79,I4_R79_V2_T32,2,32,8,4849.0,80.81666666666666,1.3469444444444445,3409.0,23.648707031249998,11.0,37539.0,42388.0
4,79,I4_R79_V2_T104,2,104,7,4484.0,74.73333333333333,1.2455555555555555,3224.0,22.352782226562503,14.0,42447.0,46931.0
4,79,I4_R79_V2_T128,2,128,17,8931.0,148.85,2.4808333333333334,5871.0,40.72375073242188,28.0,47087.0,56018.0
4,79,I4_R79_V2_T293,2,293,9,5091.0,84.85,1.4141666666666666,3471.0,24.054912597656255,16.0,56018.0,61109.0
4,80,I4_R80_V0_T1,0,1,3,4256.0,70.93333333333334,1.1822222222222223,3716.0,25.789371826171873,4.0,35662.0,39918.0
4,80,I4_R80_V0_T3,0,3,11,7325.0,122.08333333333333,2.0347222222222223,5345.0,37.0696533203125,21.0,39947.0,47272.0
4,80,I4_R80_V0_T4,0,4,17,7803.0,130.05,2.1675,4743.0,32.88787158203125,33.0,47279.0,55082.0
4,80,I4_R80_V0_T48,0,48,14,6007.0,100.11666666666666,1.668611111111111,3487.0,24.160340820312495,22.0,55082.0,61089.0
4,80,I4_R80_V1_T20,1,20,2,3056.0,50.93333333333333,0.8488888888888889,2696.0,18.71080859375,3.0,34558.0,37614.0
4,80,I4_R80_V1_T29,1,29,1,1492.0,24.866666666666667,0.41444444444444445,1312.0,9.101326171875,2.0,37614.0,39106.0
4,80,I4_R80_V1_T30,1,30,17,7285.0,121.41666666666667,2.0236111111111112,4225.0,29.2665009765625,26.0,39792.0,47077.0
4,80,I4_R80_V1_T53,1,53,11,5427.0,90.45,1.5075,3447.0,23.88703076171875,20.0,47330.0,52757.0
4,80,I4_R80_V1_T164,1,164,20,8440.0,140.66666666666666,2.3444444444444446,4840.0,33.55570703125,31.0,52757.0,61197.0
4,80,I4_R80_V2_T5,2,5,9,8714.0,145.23333333333332,2.4205555555555556,7094.0,49.226581542968745,15.0,36538.0,45252.0
4,80,I4_R80_V2_T28,2,28,21,7650.0,127.5,2.125,3870.0,26.791027343750002,35.0,45984.0,53634.0
4,80,I4_R80_V2_T229,2,229,21,7449.0,124.15,2.069166666666667,3669.0,25.404843749999998,32.0,53634.0,61083.0
4,81,I4_R81_V0_T36,0,36,1,3698.0,61.63333333333333,1.0272222222222223,3518.0,24.4305224609375,2.0,35958.0,39656.0
4,81,I4_R81_V0_T106,0,106,12,6167.0,102.78333333333333,1.7130555555555556,4007.0,27.781493652343748,19.0,40073.0,46240.0
4,81,I4_R81_V0_T112,0,112,13,5287.0,88.11666666666666,1.468611111111111,2947.0,20.4155283203125,24.0,46302.0,51589.0
4,81,I4_R81_V0_T118,0,118,11,5991.0,99.85,1.6641666666666666,4011.0,27.814223632812496,19.0,51589.0,57580.0
4,81,I4_R81_V0_T128,0,128,5,3587.0,59.78333333333333,0.9963888888888889,2687.0,18.63016845703125,10.0,57580.0,61167.0
4,81,I4_R81_V1_T0,1,0,3,4398.0,73.3,1.2216666666666667,3858.0,26.779111572265627,5.0,34262.0,38660.0
4,81,I4_R81_V1_T19,1,19,9,6271.0,104.51666666666667,1.7419444444444445,4651.0,32.264493652343745,16.0,39452.0,45723.0
4,81,I4_R81_V1_T20,1,20,19,8003.0,133.38333333333333,2.2230555555555553,4583.0,31.74244458007813,34.0,45819.0,53822.0
4,81,I4_R81_V1_T150,1,150,17,7241.0,120.68333333333334,2.011388888888889,4181.0,28.976420898437503,27.0,53822.0,61063.0
4,81,I4_R81_V2_T20,2,20,4,4523.0,75.38333333333334,1.256388888888889,3803.0,26.395173828124996,7.0,36154.0,40677.0
4,81,I4_R81_V2_T23,2,23,15,7933.0,132.21666666666667,2.203611111111111,5160.0,35.78162744140625,25.0,40677.0,48610.0
4,81,I4_R81_V2_T40,2,40,13,5392.0,89.86666666666666,1.4977777777777779,3052.0,21.144357421875,23.0,48610.0,54002.0
4,81,I4_R81_V2_T127,2,127,16,7089.0,118.15,1.9691666666666667,4209.0,29.15726123046874,27.0,54107.0,61196.0
4,82,I4_R82_V0_T12,0,12,6,5981.0,99.68333333333334,1.6613888888888888,4776.0,33.144171630859375,9.0,36147.0,42128.0
4,82,I4_R82_V0_T36,0,36,16,7950.0,132.5,2.2083333333333335,5070.0,35.13769287109375,29.0,42238.0,50188.0
4,82,I4_R82_V0_T42,0,42,11,4477.0,74.61666666666666,1.243611111111111,2497.0,17.29265234375,16.0,50220.0,54697.0
4,82,I4_R82_V0_T255,0,255,12,6368.0,106.13333333333334,1.768888888888889,4208.0,29.175231933593746,19.0,54697.0,61065.0
4,82,I4_R82_V1_T20,1,20,17,7773.0,129.55,2.1591666666666667,4713.0,32.667834960937505,26.0,40710.0,48483.0
4,82,I4_R82_V1_T54,1,54,15,6641.0,110.68333333333334,1.8447222222222222,3941.0,27.31478125,27.0,48609.0,55250.0
4,82,I4_R82_V1_T188,1,188,11,5935.0,98.91666666666667,1.648611111111111,3955.0,27.41979248046875,20.0,55250.0,61185.0
4,82,I4_R82_V2_T52,2,52,4,5903.0,98.38333333333334,1.6397222222222223,3881.0,26.938413085937498,4.0,32400.0,38303.0
4,82,I4_R82_V2_T95,2,95,10,6258.0,104.3,1.7383333333333333,4458.0,30.930321289062494,16.0,39113.0,45371.0
4,82,I4_R82_V2_T102,2,102,16,9255.0,154.25,2.5708333333333333,6375.0,44.21124755859375,30.0,45676.0,54931.0
4,82,I4_R82_V2_T111,2,111,15,6158.0,102.63333333333334,1.7105555555555556,3458.0,23.960173828125,23.0,54931.0,61089.0
4,83,I4_R83_V0_T6,0,6,5,5264.0,87.73333333333333,1.4622222222222223,3274.0,22.71691455078125,7.0,34934.0,40198.0
4,83,I4_R83_V0_T19,0,19,10,5586.0,93.1,1.5516666666666667,3786.0,26.23954296875,16.0,40908.0,46494.0
4,83,I4_R83_V0_T38,0,38,8,5241.0,87.35,1.4558333333333333,3801.0,26.361766601562504,15.0,46494.0,51735.0
4,83,I4_R83_V0_T43,0,43,11,5488.0,91.46666666666667,1.5244444444444445,3508.0,24.310677734375,20.0,51735.0,57223.0
4,83,I4_R83_V0_T63,0,63,7,3949.0,65.81666666666666,1.0969444444444445,2689.0,18.6530380859375,11.0,57223.0,61172.0
4,83,I4_R83_V1_T14,1,14,6,5363.0,89.38333333333334,1.4897222222222222,4283.0,29.725143554687502,9.0,33118.0,38481.0
4,83,I4_R83_V1_T34,1,34,15,8513.0,141.88333333333333,2.3647222222222224,5813.0,40.31924047851563,23.0,38708.0,47221.0
4,83,I4_R83_V1_T86,1,86,15,6800.0,113.33333333333333,1.8888888888888888,4100.0,28.413689453125006,28.0,47221.0,54021.0
4,83,I4_R83_V1_T110,1,110,17,7142.0,119.03333333333333,1.9838888888888888,4082.0,28.275140625000002,32.0,54021.0,61163.0
4,83,I4_R83_V2_T79,2,79,9,7418.0,123.63333333333334,2.0605555555555557,5798.0,40.219421874999995,12.0,36077.0,43495.0
4,83,I4_R83_V2_T156,2,156,19,8881.0,148.01666666666668,2.4669444444444446,5461.0,37.86678955078125,33.0,44677.0,53558.0
4,83,I4_R83_V2_T190,2,190,20,7512.0,125.2,2.0866666666666664,3912.0,27.111041015625002,31.0,53558.0,61070.0
4,84,I4_R84_V0_T0,0,0,2,2878.0,47.96666666666667,0.7994444444444444,2518.0,17.4765810546875,4.0,36551.0,39429.0
4,84,I4_R84_V0_T1,0,1,13,7894.0,131.56666666666666,2.1927777777777777,5554.0,38.528289062499994,19.0,39429.0,47323.0
4,84,I4_R84_V0_T32,0,32,24,9094.0,151.56666666666666,2.526111111111111,4774.0,33.063087890625006,41.0,47527.0,56621.0
4,84,I4_R84_V0_T49,0,49,9,4430.0,73.83333333333333,1.2305555555555556,2810.0,19.4742490234375,14.0,56621.0,61051.0
4,84,I4_R84_V1_T41,1,41,13,9604.0,160.06666666666666,2.667777777777778,7264.0,50.40423754882812,20.0,36332.0,45936.0
4,84,I4_R84_V1_T56,1,56,15,7110.0,118.5,1.975,4410.0,30.583843261718748,26.0,45936.0,53046.0
4,84,I4_R84_V1_T92,1,92,18,8075.0,134.58333333333334,2.2430555555555554,4835.0,33.500607421875,30.0,53068.0,61143.0
4,84,I4_R84_V2_T6,2,6,5,3753.0,62.55,1.0425,2853.0,19.795466796875,9.0,37612.0,41365.0
4,84,I4_R84_V2_T20,2,20,7,4138.0,68.96666666666667,1.1494444444444445,2789.0,19.338181640625002,13.0,41365.0,45503.0
4,84,I4_R84_V2_T88,2,88,6,3102.0,51.7,0.8616666666666667,2022.0,14.009376953124999,11.0,45675.0,48777.0
4,84,I4_R84_V2_T144,2,144,16,6408.0,106.8,1.78,3528.0,24.450506835937503,28.0,48777.0,55185.0
4,84,I4_R84_V2_T259,2,259,14,5968.0,99.46666666666667,1.6577777777777778,3448.0,23.897124999999996,19.0,55185.0,61153.0
4,85,I4_R85_V0_T0,0,0,4,3957.0,65.95,1.0991666666666666,3237.0,22.454837890625,7.0,36962.0,40919.0
4,85,I4_R85_V0_T1,0,1,16,8164.0,136.06666666666666,2.267777777777778,5284.0,36.640948242187505,24.0,41062.0,49226.0
4,85,I4_R85_V0_T8,0,8,23,8582.0,143.03333333333333,2.383888888888889,4442.0,30.75259033203125,36.0,49226.0,57808.0
4,85,I4_R85_V0_T39,0,39,8,3301.0,55.016666666666666,0.9169444444444445,1861.0,12.896539062499999,14.0,57808.0,61109.0
4,85,I4_R85_V1_T7,1,7,1,2270.0,37.833333333333336,0.6305555555555555,2090.0,14.5073935546875,2.0,32970.0,35240.0
4,85,I4_R85_V1_T8,1,8,2,4566.0,76.1,1.2683333333333333,4206.0,29.19538671875,4.0,36902.0,41468.0
4,85,I4_R85_V1_T133,1,133,8,4804.0,80.06666666666666,1.3344444444444445,3364.0,23.31615625,15.0,41468.0,46272.0
4,85,I4_R85_V1_T188,1,188,12,6754.0,112.56666666666666,1.876111111111111,4594.0,31.863005859374997,22.0,46302.0,53056.0
4,85,I4_R85_V1_T200,1,200,16,8007.0,133.45,2.2241666666666666,5127.0,35.552962890625,26.0,53140.0,61147.0
4,85,I4_R85_V2_T12,2,12,7,5721.0,95.35,1.5891666666666666,4461.0,30.945166992187502,8.0,32990.0,38711.0
4,85,I4_R85_V2_T35,2,35,1,2524.0,42.06666666666667,0.7011111111111111,2344.0,16.273515625,2.0,38711.0,41235.0
4,85,I4_R85_V2_T36,2,36,12,6766.0,112.76666666666667,1.8794444444444445,4606.0,31.94995288085937,19.0,41239.0,48005.0
4,85,I4_R85_V2_T73,2,73,15,7692.0,128.2,2.1366666666666667,4992.0,34.60787158203125,27.0,48005.0,55697.0
4,85,I4_R85_V2_T79,2,79,12,5502.0,91.7,1.5283333333333333,3342.0,23.160916015625,20.0,55697.0,61199.0
4,86,I4_R86_V0_T6,0,6,4,4532.0,75.53333333333333,1.258888888888889,3812.0,26.456245849609374,5.0,33633.0,38165.0
4,86,I4_R86_V0_T17,0,17,5,4694.0,78.23333333333333,1.3038888888888889,3794.0,26.326901367187496,9.0,38643.0,43337.0
4,86,I4_R86_V0_T27,0,27,9,4519.0,75.31666666666666,1.2552777777777777,2899.0,20.09296484375,16.0,43481.0,48000.0
4,86,I4_R86_V0_T36,0,36,10,5388.0,89.8,1.4966666666666666,3588.0,24.876994140625,18.0,48000.0,53388.0
4,86,I4_R86_V0_T90,0,90,20,7809.0,130.15,2.1691666666666665,4209.0,29.1590263671875,36.0,53388.0,61197.0
4,86,I4_R86_V1_T2,1,2,9,6919.0,115.31666666666666,1.9219444444444445,4254.0,29.506189453125007,13.0,36592.0,43511.0
4,86,I4_R86_V1_T4,1,4,5,4261.0,71.01666666666667,1.1836111111111112,3361.0,23.322628906249996,9.0,44001.0,48262.0
4,86,I4_R86_V1_T14,1,14,15,6344.0,105.73333333333333,1.7622222222222221,3644.0,25.237486328125,28.0,48262.0,54606.0
4,86,I4_R86_V1_T30,1,30,14,6229.0,103.81666666666666,1.7302777777777778,3709.0,25.714601562500004,26.0,54876.0,61105.0
4,86,I4_R86_V2_T42,2,42,12,6976.0,116.26666666666667,1.9377777777777778,4816.0,33.390166015625,21.0,37248.0,44224.0
4,86,I4_R86_V2_T108,2,108,12,5902.0,98.36666666666666,1.6394444444444445,3742.0,25.941611328125003,22.0,44651.0,50553.0
4,86,I4_R86_V2_T110,2,110,26,10631.0,177.18333333333334,2.9530555555555558,5951.0,41.24019677734374,39.0,50553.0,61184.0
4,87,I4_R87_V0_T1,0,1,3,4887.0,81.45,1.3575,4347.0,30.170570556640627,5.0,34610.0,39497.0
4,87,I4_R87_V0_T22,0,22,10,6120.0,102.0,1.7,4320.0,29.960970703125003,18.0,39497.0,45617.0
4,87,I4_R87_V0_T46,0,46,16,7420.0,123.66666666666667,2.061111111111111,4540.0,31.471079101562502,27.0,46092.0,53512.0
4,87,I4_R87_V0_T63,0,63,17,7577.0,126.28333333333333,2.104722222222222,4517.0,31.311706054687498,29.0,53512.0,61089.0
4,87,I4_R87_V1_T29,1,29,3,4209.0,70.15,1.1691666666666667,3669.0,25.4676337890625,6.0,38010.0,42219.0
4,87,I4_R87_V1_T35,1,35,12,5530.0,92.16666666666667,1.5361111111111112,3370.0,23.368783203125,21.0,42233.0,47763.0
4,87,I4_R87_V1_T84,1,84,15,6496.0,108.26666666666667,1.8044444444444445,3796.0,26.311179687499997,27.0,47889.0,54385.0
4,87,I4_R87_V1_T206,1,206,14,6665.0,111.08333333333333,1.851388888888889,4145.0,28.724965820312505,24.0,54385.0,61050.0
4,87,I4_R87_V2_T46,2,46,1,7765.0,129.41666666666666,2.1569444444444446,3018.0,20.945863525390624,1.0,32400.0,40165.0
4,87,I4_R87_V2_T90,2,90,4,4255.0,70.91666666666667,1.1819444444444445,3535.0,24.534615722656252,8.0,40250.0,44505.0
4,87,I4_R87_V2_T108,2,108,18,8762.0,146.03333333333333,2.4338888888888888,5522.0,38.275696289062495,31.0,44505.0,53267.0
4,87,I4_R87_V2_T112,2,112,18,7770.0,129.5,2.158333333333333,4530.0,31.410784179687504,28.0,53267.0,61037.0
4,88,I4_R88_V0_T17,0,17,3,5327.0,88.78333333333333,1.4797222222222222,4787.0,33.229362060546876,3.0,32400.0,37727.0
4,88,I4_R88_V0_T131,0,131,7,5882.0,98.03333333333333,1.633888888888889,4509.0,31.291589843749996,11.0,38111.0,43993.0
4,88,I4_R88_V0_T139,0,139,12,5836.0,97.26666666666667,1.6211111111111112,3573.0,24.75311669921875,20.0,43993.0,49829.0
4,88,I4_R88_V0_T141,0,141,26,10557.0,175.95,2.9325,5877.0,40.73078515625,40.0,49829.0,60386.0
4,88,I4_R88_V1_T18,1,18,4,4011.0,66.85,1.1141666666666667,3291.0,22.841886718749997,6.0,34297.0,38308.0
4,88,I4_R88_V1_T29,1,29,2,3607.0,60.11666666666667,1.0019444444444445,3247.0,22.53759375,4.0,38525.0,42132.0
4,88,I4_R88_V1_T100,1,100,11,5869.0,97.81666666666666,1.6302777777777777,3889.0,26.961462402343752,20.0,42167.0,48036.0
4,88,I4_R88_V1_T124,1,124,15,7233.0,120.55,2.0091666666666668,4533.0,31.42878173828125,28.0,48036.0,55269.0
4,88,I4_R88_V1_T202,1,202,11,5874.0,97.9,1.6316666666666666,3894.0,26.995927246093746,20.0,55269.0,61143.0
4,88,I4_R88_V2_T22,2,22,2,2831.0,47.18333333333333,0.7863888888888889,2471.0,17.144603515625,3.0,32936.0,35767.0
4,88,I4_R88_V2_T50,2,50,6,4871.0,81.18333333333334,1.3530555555555555,3726.0,25.844518554687497,9.0,35767.0,40638.0
4,88,I4_R88_V2_T71,2,71,8,4586.0,76.43333333333334,1.2738888888888888,3146.0,21.82047265625,14.0,40638.0,45224.0
4,88,I4_R88_V2_T89,2,89,19,8136.0,135.6,2.26,4716.0,32.6850068359375,32.0,45224.0,53360.0
4,88,I4_R88_V2_T177,2,177,19,7720.0,128.66666666666666,2.1444444444444444,4300.0,29.788728515625003,30.0,53360.0,61080.0
4,89,I4_R89_V0_T18,0,18,6,4426.0,73.76666666666667,1.2294444444444443,3346.0,23.211033203124998,8.0,39055.0,43481.0
4,89,I4_R89_V0_T38,0,38,11,6116.0,101.93333333333334,1.698888888888889,4136.0,28.67049560546875,20.0,43481.0,49597.0
4,89,I4_R89_V0_T39,0,39,10,4667.0,77.78333333333333,1.2963888888888888,2867.0,19.870283203125002,17.0,49597.0,54264.0
4,89,I4_R89_V0_T166,0,166,16,6744.0,112.4,1.8733333333333333,3864.0,26.7859501953125,28.0,54335.0,61079.0
4,89,I4_R89_V1_T5,1,5,5,8921.0,148.68333333333334,2.4780555555555557,6090.0,42.2682646484375,5.0,32400.0,41321.0
4,89,I4_R89_V1_T28,1,28,9,5751.0,95.85,1.5975,4131.0,28.64703759765625,14.0,42198.0,47949.0
4,89,I4_R89_V1_T37,1,37,17,6783.0,113.05,1.8841666666666668,3723.0,25.7769541015625,30.0,48014.0,54797.0
4,89,I4_R89_V1_T231,1,231,13,6250.0,104.16666666666667,1.7361111111111112,3910.0,27.094703125,23.0,54898.0,61148.0
4,89,I4_R89_V2_T38,2,38,14,7820.0,130.33333333333334,2.172222222222222,5300.0,36.7327353515625,22.0,37994.0,45814.0
4,89,I4_R89_V2_T50,2,50,22,9189.0,153.15,2.5525,5229.0,36.2386669921875,41.0,45814.0,55003.0
4,89,I4_R89_V2_T62,2,62,12,6179.0,102.98333333333333,1.716388888888889,4019.0,27.870558105468753,22.0,55003.0,61182.0
4,90,I4_R90_V0_T2,0,2,10,7112.0,118.53333333333333,1.9755555555555555,4662.0,32.33489208984375,14.0,35527.0,42639.0
4,90,I4_R90_V0_T49,0,49,20,8905.0,148.41666666666666,2.473611111111111,5305.0,36.77895117187499,31.0,42944.0,51849.0
4,90,I4_R90_V0_T51,0,51,20,9330.0,155.5,2.591666666666667,5730.0,39.713139648437505,32.0,51849.0,61179.0
4,90,I4_R90_V1_T37,1,37,6,6192.0,103.2,1.72,4408.0,30.586037109375003,9.0,35679.0,41871.0
4,90,I4_R90_V1_T83,1,83,22,9486.0,158.1,2.635,5500.0,38.1064453125,36.0,41877.0,51363.0
4,90,I4_R90_V1_T109,1,109,26,9624.0,160.4,2.6733333333333333,4944.0,34.227289062500006,40.0,51363.0,60987.0
4,90,I4_R90_V2_T5,2,5,8,6111.0,101.85,1.6975,4671.0,32.410921875,14.0,37661.0,43772.0
4,90,I4_R90_V2_T62,2,62,27,11067.0,184.45,3.0741666666666667,6207.0,43.00887841796876,46.0,44166.0,55233.0
4,90,I4_R90_V2_T246,2,246,14,5938.0,98.96666666666667,1.6494444444444445,3418.0,23.68977734375,21.0,55237.0,61175.0
4,91,I4_R91_V0_T4,0,4,1,2308.0,38.46666666666667,0.6411111111111111,2128.0,14.775353515625,1.0,32400.0,34708.0
4,91,I4_R91_V0_T27,0,27,8,6190.0,103.16666666666667,1.7194444444444446,4750.0,32.9465947265625,13.0,34953.0,41143.0
4,91,I4_R91_V0_T93,0,93,11,7001.0,116.68333333333334,1.9447222222222222,5021.0,34.839281738281244,20.0,41373.0,48374.0
4,91,I4_R91_V0_T130,0,130,14,6303.0,105.05,1.7508333333333332,3783.0,26.222788085937502,25.0,48379.0,54682.0
4,91,I4_R91_V0_T191,0,191,12,6491.0,108.18333333333334,1.8030555555555556,4331.0,30.051955078124998,21.0,54682.0,61173.0
4,91,I4_R91_V1_T9,1,9,9,7152.0,119.2,1.9866666666666666,5532.0,38.382546874999996,15.0,35537.0,42689.0
4,91,I4_R91_V1_T54,1,54,15,7872.0,131.2,2.1866666666666665,5172.0,35.85731445312501,26.0,42689.0,50561.0
4,91,I4_R91_V1_T56,1,56,23,10434.0,173.9,2.8983333333333334,6294.0,43.6250712890625,38.0,50561.0,60995.0
4,91,I4_R91_V2_T30,2,30,10,6888.0,114.8,1.9133333333333333,4978.0,34.541227539062504,15.0,36291.0,43179.0
4,91,I4_R91_V2_T136,2,136,13,7174.0,119.56666666666666,1.9927777777777778,4834.0,33.509326171874996,22.0,43210.0,50384.0
4,91,I4_R91_V2_T169,2,169,7,4583.0,76.38333333333334,1.2730555555555556,3323.0,23.0508505859375,13.0,50384.0,54967.0
4,91,I4_R91_V2_T187,2,187,13,6135.0,102.25,1.7041666666666666,3795.0,26.299501464843747,22.0,54967.0,61102.0
4,92,I4_R92_V0_T28,0,28,12,5814.0,96.9,1.615,3654.0,25.326025390625006,19.0,39547.0,45361.0
4,92,I4_R92_V0_T67,0,67,13,6560.0,109.33333333333333,1.8222222222222222,4220.0,29.254788574218754,20.0,45715.0,52275.0
4,92,I4_R92_V0_T99,0,99,20,8830.0,147.16666666666666,2.452777777777778,5230.0,36.23596899414063,30.0,52275.0,61105.0
4,92,I4_R92_V1_T8,1,8,12,8612.0,143.53333333333333,2.3922222222222222,6452.0,44.756584747314456,17.0,37317.0,45929.0
4,92,I4_R92_V1_T90,1,90,23,8683.0,144.71666666666667,2.4119444444444444,4543.0,31.483097656250003,35.0,45929.0,54612.0
4,92,I4_R92_V1_T99,1,99,16,6458.0,107.63333333333334,1.7938888888888889,3578.0,24.808820312500007,27.0,54612.0,61070.0
4,92,I4_R92_V2_T1,2,1,5,9435.0,157.25,2.620833333333333,5030.0,34.90412500000001,5.0,32400.0,41835.0
4,92,I4_R92_V2_T31,2,31,8,4188.0,69.8,1.1633333333333333,2748.0,19.060705078125004,13.0,41835.0,46023.0
4,92,I4_R92_V2_T38,2,38,13,7024.0,117.06666666666666,1.951111111111111,4684.0,32.4698564453125,23.0,46023.0,53047.0
4,92,I4_R92_V2_T78,2,78,16,7487.0,124.78333333333333,2.0797222222222222,4607.0,31.939917480468754,25.0,53631.0,61118.0
4,93,I4_R93_V0_T4,0,4,1,3945.0,65.75,1.0958333333333334,2720.0,18.880486328125,1.0,32400.0,36345.0
4,93,I4_R93_V0_T21,0,21,2,3469.0,57.81666666666667,0.9636111111111111,3109.0,21.576244140625,4.0,37465.0,40934.0
4,93,I4_R93_V0_T30,0,30,9,5845.0,97.41666666666667,1.6236111111111111,4225.0,29.313640136718746,14.0,40934.0,46779.0
4,93,I4_R93_V0_T109,0,109,15,7104.0,118.4,1.9733333333333334,4404.0,30.524726562499996,26.0,46779.0,53883.0
4,93,I4_R93_V0_T124,0,124,15,7228.0,120.46666666666667,2.0077777777777777,4528.0,31.377555664062506,24.0,53883.0,61111.0
4,93,I4_R93_V1_T78,1,78,3,5324.0,88.73333333333333,1.478888888888889,4784.0,33.2127744140625,4.0,33140.0,38464.0
4,93,I4_R93_V1_T84,1,84,16,7214.0,120.23333333333333,2.003888888888889,4334.0,30.030389648437502,26.0,38464.0,45678.0
4,93,I4_R93_V1_T109,1,109,21,9032.0,150.53333333333333,2.508888888888889,5252.0,36.39182470703125,37.0,45678.0,54710.0
4,93,I4_R93_V1_T137,1,137,12,6268.0,104.46666666666667,1.741111111111111,4108.0,28.49936376953125,20.0,54773.0,61041.0
4,93,I4_R93_V2_T7,2,7,7,5826.0,97.1,1.6183333333333334,4566.0,31.67706640625,14.0,35527.0,41353.0
4,93,I4_R93_V2_T18,2,18,7,5113.0,85.21666666666667,1.4202777777777778,3853.0,26.731607421875,11.0,41353.0,46466.0
4,93,I4_R93_V2_T22,2,22,21,8726.0,145.43333333333334,2.423888888888889,4946.0,34.25699609375,38.0,46493.0,55219.0
4,93,I4_R93_V2_T166,2,166,15,5866.0,97.76666666666667,1.6294444444444445,3166.0,21.93247265625,23.0,55219.0,61085.0
4,94,I4_R94_V0_T9,0,9,6,5610.0,93.5,1.5583333333333333,4530.0,31.444693115234376,9.0,36722.0,42332.0
4,94,I4_R94_V0_T12,0,12,7,5270.0,87.83333333333333,1.4638888888888888,4010.0,27.81902734375,12.0,42332.0,47602.0
4,94,I4_R94_V0_T46,0,46,13,6801.0,113.35,1.8891666666666667,4461.0,30.9316103515625,25.0,47602.0,54403.0
4,94,I4_R94_V0_T256,0,256,16,6708.0,111.8,1.8633333333333333,3828.0,26.53134765625,27.0,54433.0,61141.0
4,94,I4_R94_V1_T125,1,125,7,7866.0,131.1,2.185,5170.0,35.874121093750006,9.0,35856.0,43722.0
4,94,I4_R94_V1_T196,1,196,17,8543.0,142.38333333333333,2.3730555555555557,5483.0,38.009649414062494,29.0,43788.0,52331.0
4,94,I4_R94_V1_T220,1,220,5,2720.0,45.333333333333336,0.7555555555555555,1820.0,12.6167734375,9.0,52331.0,55051.0
4,94,I4_R94_V1_T224,1,224,11,6050.0,100.83333333333333,1.6805555555555556,4070.0,28.231578613281243,21.0,55051.0,61101.0
4,94,I4_R94_V2_T38,2,38,5,6094.0,101.56666666666666,1.6927777777777777,3720.0,25.81464013671875,6.0,35754.0,41848.0
4,94,I4_R94_V2_T45,2,45,11,6022.0,100.36666666666666,1.6727777777777777,4042.0,28.032404296875,20.0,41848.0,47870.0
4,94,I4_R94_V2_T63,2,63,15,6935.0,115.58333333333333,1.926388888888889,4235.0,29.355087890625,21.0,47870.0,54805.0
4,94,I4_R94_V2_T72,2,72,13,6328.0,105.46666666666667,1.7577777777777779,3988.0,27.645957031250003,25.0,54818.0,61146.0
4,95,I4_R95_V0_T49,0,49,7,5029.0,83.81666666666666,1.3969444444444445,3242.0,22.49089697265625,10.0,38123.0,43152.0
4,95,I4_R95_V0_T188,0,188,14,6269.0,104.48333333333333,1.7413888888888889,3749.0,25.976715820312503,21.0,43152.0,49421.0
4,95,I4_R95_V0_T191,0,191,9,4962.0,82.7,1.3783333333333334,3342.0,23.174383789062496,18.0,49509.0,54471.0
4,95,I4_R95_V0_T272,0,272,13,6672.0,111.2,1.8533333333333333,4332.0,30.0272548828125,23.0,54471.0,61143.0
4,95,I4_R95_V1_T6,1,6,2,3144.0,52.4,0.8733333333333333,2784.0,19.3233310546875,3.0,32965.0,36109.0
4,95,I4_R95_V1_T65,1,65,8,7222.0,120.36666666666666,2.006111111111111,5425.0,37.6459755859375,11.0,36649.0,43871.0
4,95,I4_R95_V1_T88,1,88,3,2440.0,40.666666666666664,0.6777777777777778,1900.0,13.178636718749999,5.0,43871.0,46311.0
4,95,I4_R95_V1_T95,1,95,15,7234.0,120.56666666666666,2.0094444444444446,4534.0,31.4323095703125,26.0,46311.0,53545.0
4,95,I4_R95_V1_T96,1,96,17,7646.0,127.43333333333334,2.1238888888888887,4586.0,31.801413085937504,27.0,53545.0,61191.0
4,95,I4_R95_V2_T7,2,7,6,5174.0,86.23333333333333,1.4372222222222222,4094.0,28.4090263671875,9.0,34000.0,39174.0
4,95,I4_R95_V2_T27,2,27,2,2171.0,36.18333333333333,0.6030555555555556,1811.0,12.568498046875,4.0,39174.0,41345.0
4,95,I4_R95_V2_T33,2,33,14,6740.0,112.33333333333333,1.8722222222222222,4220.0,29.258908203124996,24.0,42169.0,48909.0
4,95,I4_R95_V2_T46,2,46,18,6907.0,115.11666666666666,1.918611111111111,3667.0,25.3963828125,33.0,48909.0,55816.0
4,95,I4_R95_V2_T157,2,157,11,5310.0,88.5,1.475,3330.0,23.09083984375,20.0,55816.0,61126.0
4,96,I4_R96_V0_T8,0,8,10,6883.0,114.71666666666667,1.9119444444444444,5083.0,35.26430078125,16.0,40096.0,46979.0
4,96,I4_R96_V0_T9,0,9,17,6809.0,113.48333333333333,1.8913888888888888,3749.0,25.963390625000002,29.0,46979.0,53788.0
4,96,I4_R96_V0_T135,0,135,18,7214.0,120.23333333333333,2.003888888888889,3974.0,27.5277958984375,35.0,53788.0,61002.0
4,96,I4_R96_V1_T17,1,17,5,4027.0,67.11666666666666,1.118611111111111,3127.0,21.692361328125,8.0,35244.0,39271.0
4,96,I4_R96_V1_T20,1,20,8,6355.0,105.91666666666667,1.7652777777777777,4796.0,33.276120361328125,13.0,39271.0,45626.0
4,96,I4_R96_V1_T77,1,77,11,5623.0,93.71666666666667,1.5619444444444444,3342.0,23.17054296875,17.0,45626.0,51249.0
4,96,I4_R96_V1_T84,1,84,22,9887.0,164.78333333333333,2.7463888888888888,5927.0,41.084624511718744,34.0,51249.0,61136.0
4,96,I4_R96_V2_T13,2,13,8,6879.0,114.65,1.9108333333333334,5412.0,37.54599450683594,13.0,37943.0,44822.0
4,96,I4_R96_V2_T32,2,32,10,5095.0,84.91666666666667,1.4152777777777779,3295.0,22.852745117187503,16.0,45587.0,50682.0
4,96,I4_R96_V2_T36,2,36,23,10490.0,174.83333333333334,2.9138888888888888,6350.0,44.01122607421875,39.0,50682.0,61172.0
4,97,I4_R97_V0_T77,0,77,7,6526.0,108.76666666666667,1.8127777777777778,5266.0,36.54957177734375,11.0,36838.0,43364.0
4,97,I4_R97_V0_T79,0,79,9,4059.0,67.65,1.1275,2439.0,16.9088037109375,15.0,43453.0,47512.0
4,97,I4_R97_V0_T113,0,113,19,7601.0,126.68333333333334,2.111388888888889,4181.0,28.959496093750005,34.0,47565.0,55166.0
4,97,I4_R97_V0_T138,0,138,15,6021.0,100.35,1.6725,3321.0,22.999148437499997,27.0,55166.0,61187.0
4,97,I4_R97_V1_T21,1,21,4,5456.0,90.93333333333334,1.5155555555555555,4736.0,32.8726572265625,8.0,36353.0,41809.0
4,97,I4_R97_V1_T33,1,33,13,6205.0,103.41666666666667,1.7236111111111112,3865.0,26.785666015624997,23.0,41809.0,48014.0
4,97,I4_R97_V1_T42,1,42,14,5827.0,97.11666666666666,1.618611111111111,3307.0,22.914134765625,23.0,48014.0,53841.0
4,97,I4_R97_V1_T47,1,47,16,7344.0,122.4,2.04,4464.0,30.948699707031256,28.0,53841.0,61185.0
4,97,I4_R97_V2_T2,2,2,3,4244.0,70.73333333333333,1.1788888888888889,3704.0,25.71040625,5.0,33743.0,37987.0
4,97,I4_R97_V2_T22,2,22,10,7436.0,123.93333333333334,2.0655555555555556,5001.0,34.68439086914062,14.0,37987.0,45423.0
4,97,I4_R97_V2_T70,2,70,19,8872.0,147.86666666666667,2.4644444444444447,5433.0,37.64711767578125,29.0,45423.0,54295.0
4,97,I4_R97_V2_T80,2,80,14,6771.0,112.85,1.8808333333333334,4251.0,29.4625048828125,25.0,54319.0,61090.0
4,98,I4_R98_V0_T36,0,36,10,6342.0,105.7,1.7616666666666667,4422.0,30.673914306640626,15.0,38955.0,45297.0
4,98,I4_R98_V0_T57,0,57,16,7731.0,128.85,2.1475,4766.0,33.04662768554687,24.0,45297.0,53028.0
4,98,I4_R98_V0_T173,0,173,18,8034.0,133.9,2.2316666666666665,4794.0,33.235505859375,28.0,53028.0,61062.0
4,98,I4_R98_V1_T16,1,16,14,7073.0,117.88333333333334,1.9647222222222223,4553.0,31.548298828124995,23.0,39104.0,46177.0
4,98,I4_R98_V1_T29,1,29,23,8752.0,145.86666666666667,2.431111111111111,4612.0,31.9488828125,39.0,46177.0,54929.0
4,98,I4_R98_V1_T57,1,57,14,6214.0,103.56666666666666,1.7261111111111112,3694.0,25.59201953125,22.0,54964.0,61178.0
4,98,I4_R98_V2_T40,2,40,6,5903.0,98.38333333333334,1.6397222222222223,4406.0,30.583383789062502,11.0,35285.0,41188.0
4,98,I4_R98_V2_T72,2,72,11,5832.0,97.2,1.62,3585.0,24.859259765625,16.0,41188.0,47020.0
4,98,I4_R98_V2_T81,2,81,16,6500.0,108.33333333333333,1.8055555555555556,3620.0,25.061071289062497,27.0,47454.0,53954.0
4,98,I4_R98_V2_T106,2,106,15,6771.0,112.85,1.8808333333333334,4071.0,28.224916992187502,29.0,53954.0,60725.0
4,99,I4_R99_V0_T33,0,33,1,7050.0,117.5,1.9583333333333333,4172.0,28.97014453125,1.0,32400.0,39450.0
4,99,I4_R99_V0_T35,0,35,13,7098.0,118.3,1.9716666666666667,4758.0,32.98885449218749,23.0,39450.0,46548.0
4,99,I4_R99_V0_T45,0,45,17,8013.0,133.55,2.2258333333333336,4953.0,34.329853515625,30.0,46578.0,54591.0
4,99,I4_R99_V0_T105,0,105,15,6489.0,108.15,1.8025,3789.0,26.261496093750004,24.0,54591.0,61080.0
4,99,I4_R99_V1_T62,1,62,12,7654.0,127.56666666666666,2.1261111111111113,5494.0,38.103336425781244,19.0,36894.0,44548.0
4,99,I4_R99_V1_T71,1,71,23,9526.0,158.76666666666668,2.6461111111111113,5386.0,37.32592578125,38.0,44728.0,54254.0
4,99,I4_R99_V1_T79,1,79,13,6838.0,113.96666666666667,1.8994444444444445,4498.0,31.181448242187496,23.0,54254.0,61092.0
4,99,I4_R99_V2_T73,2,73,5,6015.0,100.25,1.6708333333333334,5115.0,35.493220703125004,8.0,32954.0,38969.0
4,99,I4_R99_V2_T82,2,82,7,5037.0,83.95,1.3991666666666667,3777.0,26.20440087890625,14.0,39075.0,44112.0
4,99,I4_R99_V2_T108,2,108,23,10102.0,168.36666666666667,2.806111111111111,5962.0,41.323096679687495,39.0,44112.0,54214.0
4,99,I4_R99_V2_T135,2,135,19,6862.0,114.36666666666666,1.906111111111111,3442.0,23.849830078125002,32.0,54214.0,61076.0
