instancia,replica,tour_id,vehicle,trip,n_customers_tour,tour_duration_sec,tour_duration_min,tour_duration_hours,total_travel_time_sec,total_distance_km,total_profit,departure_time_from_depot,return_to_depot_time
3,0,I3_R0_V0_T59,0,59,9,4475.0,74.58333333333333,1.2430555555555556,2855.0,19.789839843750002,15.0,38739.0,43214.0
3,0,I3_R0_V0_T87,0,87,12,5674.0,94.56666666666666,1.576111111111111,3514.0,24.358158203125,21.0,43214.0,48888.0
3,0,I3_R0_V0_T175,0,175,16,6420.0,107.0,1.7833333333333334,3540.0,24.5191455078125,27.0,48888.0,55308.0
3,0,I3_R0_V0_T298,0,298,15,5869.0,97.81666666666666,1.6302777777777777,3169.0,21.949427734375003,24.0,55308.0,61177.0
3,0,I3_R0_V1_T11,1,11,4,7187.0,119.78333333333333,1.996388888888889,5485.0,38.07695751953125,5.0,34327.0,41514.0
3,0,I3_R0_V1_T53,1,53,8,5626.0,93.76666666666667,1.5627777777777778,4186.0,29.031797851562498,14.0,41514.0,47140.0
3,0,I3_R0_V1_T62,1,62,14,6275.0,104.58333333333333,1.7430555555555556,3755.0,26.034411621093746,26.0,47140.0,53415.0
3,0,I3_R0_V1_T247,1,247,16,7767.0,129.45,2.1575,4887.0,33.8863095703125,27.0,53415.0,61182.0
3,0,I3_R0_V2_T0,2,0,12,7309.0,121.81666666666666,2.0302777777777776,4985.0,34.570909179687504,17.0,36700.0,44009.0
3,0,I3_R0_V2_T4,2,4,9,4810.0,80.16666666666667,1.336111111111111,3190.0,22.119543945312497,17.0,44117.0,48927.0
3,0,I3_R0_V2_T18,2,18,13,4653.0,77.55,1.2925,2313.0,16.017998046875,23.0,48927.0,53580.0
3,0,I3_R0_V2_T36,2,36,19,7414.0,123.56666666666666,2.0594444444444444,3994.0,27.665460205078123,29.0,53671.0,61085.0
3,1,I3_R1_V0_T18,0,18,5,4595.0,76.58333333333333,1.2763888888888888,3682.0,25.544947265624998,7.0,36106.0,40701.0
3,1,I3_R1_V0_T21,0,21,1,1248.0,20.8,0.3466666666666667,1068.0,7.412775390625,2.0,40942.0,42190.0
3,1,I3_R1_V0_T115,0,115,18,6921.0,115.35,1.9225,3681.0,25.4868935546875,32.0,43034.0,49955.0
3,1,I3_R1_V0_T120,0,120,32,11173.0,186.21666666666667,3.1036111111111113,5413.0,37.47425,47.0,49955.0,61128.0
3,1,I3_R1_V1_T15,1,15,6,6623.0,110.38333333333334,1.8397222222222223,4378.0,30.379878417968747,9.0,35478.0,42101.0
3,1,I3_R1_V1_T122,1,122,10,5052.0,84.2,1.4033333333333333,3252.0,22.538429687500003,18.0,42615.0,47667.0
3,1,I3_R1_V1_T127,1,127,13,6477.0,107.95,1.7991666666666666,4137.0,28.68702465820313,23.0,47667.0,54144.0
3,1,I3_R1_V1_T172,1,172,17,6778.0,112.96666666666667,1.8827777777777779,3718.0,25.751399414062508,28.0,54397.0,61175.0
3,1,I3_R1_V2_T10,2,10,4,4637.0,77.28333333333333,1.2880555555555555,3917.0,27.185851562500005,5.0,34098.0,38735.0
3,1,I3_R1_V2_T30,2,30,6,4216.0,70.26666666666667,1.1711111111111112,3136.0,21.7561484375,11.0,40295.0,44511.0
3,1,I3_R1_V2_T49,2,49,18,8324.0,138.73333333333332,2.312222222222222,5084.0,35.24794848632812,33.0,44511.0,52835.0
3,1,I3_R1_V2_T60,2,60,3,1905.0,31.75,0.5291666666666667,1365.0,9.4722802734375,6.0,52835.0,54740.0
3,1,I3_R1_V2_T71,2,71,14,6422.0,107.03333333333333,1.7838888888888889,3902.0,27.02893701171875,24.0,54740.0,61162.0
3,2,I3_R2_V0_T53,0,53,8,5889.0,98.15,1.6358333333333333,4449.0,30.85898193359375,13.0,35089.0,40978.0
3,2,I3_R2_V0_T102,0,102,13,5815.0,96.91666666666667,1.6152777777777778,3101.0,21.490436523437502,22.0,41010.0,46825.0
3,2,I3_R2_V0_T163,0,163,19,8881.0,148.01666666666668,2.4669444444444446,5281.0,36.6209892578125,31.0,46825.0,55706.0
3,2,I3_R2_V0_T237,0,237,11,5431.0,90.51666666666667,1.5086111111111111,3451.0,23.92028271484375,19.0,55706.0,61137.0
3,2,I3_R2_V1_T5,1,5,1,2210.0,36.833333333333336,0.6138888888888889,2030.0,14.0945634765625,1.0,32400.0,34610.0
3,2,I3_R2_V1_T24,1,24,11,7046.0,117.43333333333334,1.9572222222222222,5066.0,35.152943359375,20.0,37582.0,44628.0
3,2,I3_R2_V1_T43,1,43,21,8994.0,149.9,2.4983333333333335,5214.0,36.148161132812504,35.0,44714.0,53708.0
3,2,I3_R2_V1_T101,1,101,20,7403.0,123.38333333333334,2.056388888888889,3803.0,26.3307041015625,33.0,53708.0,61111.0
3,2,I3_R2_V2_T34,2,34,11,6669.0,111.15,1.8525,4447.0,30.844366699218753,18.0,37261.0,43930.0
3,2,I3_R2_V2_T43,2,43,9,4140.0,69.0,1.15,2520.0,17.458849609375,15.0,43930.0,48070.0
3,2,I3_R2_V2_T46,2,46,20,8882.0,148.03333333333333,2.4672222222222224,5282.0,36.610396484375,36.0,48070.0,56952.0
3,2,I3_R2_V2_T59,2,59,11,4239.0,70.65,1.1775,2259.0,15.646615234375,17.0,56952.0,61191.0
3,3,I3_R3_V0_T57,0,57,2,3808.0,63.46666666666667,1.0577777777777777,3448.0,23.936923828125,3.0,34404.0,38212.0
3,3,I3_R3_V0_T61,0,61,11,7028.0,117.13333333333334,1.9522222222222223,5048.0,35.013961425781254,17.0,38212.0,45240.0
3,3,I3_R3_V0_T64,0,64,20,8913.0,148.55,2.4758333333333336,5313.0,36.84403833007813,35.0,45295.0,54208.0
3,3,I3_R3_V0_T90,0,90,15,6934.0,115.56666666666666,1.926111111111111,4234.0,29.340240234375006,27.0,54208.0,61142.0
3,3,I3_R3_V1_T54,1,54,3,2188.0,36.46666666666667,0.6077777777777778,1648.0,11.426869140624998,6.0,34455.0,36643.0
3,3,I3_R3_V1_T74,1,74,8,4446.0,74.1,1.235,3006.0,20.83879296875,12.0,37477.0,41923.0
3,3,I3_R3_V1_T78,1,78,6,4518.0,75.3,1.255,3438.0,23.842274169921875,10.0,41923.0,46441.0
3,3,I3_R3_V1_T113,1,113,23,9336.0,155.6,2.5933333333333333,5196.0,36.01233105468749,36.0,46498.0,55834.0
3,3,I3_R3_V1_T265,1,265,10,5354.0,89.23333333333333,1.4872222222222222,3554.0,24.639125976562497,17.0,55834.0,61188.0
3,3,I3_R3_V2_T21,2,21,4,3975.0,66.25,1.1041666666666667,3255.0,22.57891015625,8.0,35728.0,39703.0
3,3,I3_R3_V2_T65,2,65,7,4320.0,72.0,1.2,3060.0,21.2139990234375,13.0,39703.0,44023.0
3,3,I3_R3_V2_T123,2,123,8,4789.0,79.81666666666666,1.3302777777777777,3349.0,23.22488671875,16.0,44023.0,48812.0
3,3,I3_R3_V2_T166,2,166,17,6628.0,110.46666666666667,1.8411111111111111,3568.0,24.723280273437496,25.0,48812.0,55440.0
3,3,I3_R3_V2_T192,2,192,12,5418.0,90.3,1.505,3258.0,22.581781738281247,22.0,55440.0,60858.0
3,4,I3_R4_V0_T5,0,5,8,3533.0,58.88333333333333,0.9813888888888889,2093.0,14.50612890625,14.0,35473.0,39006.0
3,4,I3_R4_V0_T86,0,86,7,5182.0,86.36666666666666,1.4394444444444445,3689.0,25.605447753906247,12.0,39006.0,44188.0
3,4,I3_R4_V0_T94,0,94,2,1088.0,18.133333333333333,0.3022222222222222,728.0,5.048455078125,4.0,44188.0,45276.0
3,4,I3_R4_V0_T99,0,99,22,9129.0,152.15,2.535833333333333,5169.0,35.824578125,36.0,45276.0,54405.0
3,4,I3_R4_V0_T156,0,156,17,6718.0,111.96666666666667,1.866111111111111,3658.0,25.342809570312504,27.0,54405.0,61123.0
3,4,I3_R4_V1_T7,1,7,2,5076.0,84.6,1.41,4716.0,32.73398828125,3.0,33004.0,38080.0
3,4,I3_R4_V1_T15,1,15,12,6078.0,101.3,1.6883333333333332,3756.0,26.048504882812498,19.0,38080.0,44158.0
3,4,I3_R4_V1_T20,1,20,11,4901.0,81.68333333333334,1.361388888888889,2921.0,20.2407685546875,22.0,44163.0,49064.0
3,4,I3_R4_V1_T21,1,21,4,3003.0,50.05,0.8341666666666666,2283.0,15.83944140625,8.0,49064.0,52067.0
3,4,I3_R4_V1_T41,1,41,11,5624.0,93.73333333333333,1.5622222222222222,3644.0,25.268289550781247,19.0,52067.0,57691.0
3,4,I3_R4_V1_T44,1,44,9,3500.0,58.333333333333336,0.9722222222222222,1880.0,13.0310078125,17.0,57691.0,61191.0
3,4,I3_R4_V2_T6,2,6,3,4420.0,73.66666666666667,1.2277777777777779,3726.0,25.862613037109377,5.0,32693.0,37113.0
3,4,I3_R4_V2_T47,2,47,7,4346.0,72.43333333333334,1.2072222222222222,3086.0,21.403771484375,11.0,37235.0,41581.0
3,4,I3_R4_V2_T60,2,60,10,4768.0,79.46666666666667,1.3244444444444445,2968.0,20.573183593750002,17.0,41581.0,46349.0
3,4,I3_R4_V2_T64,2,64,10,4819.0,80.31666666666666,1.3386111111111112,3019.0,20.926315429687502,17.0,46349.0,51168.0
3,4,I3_R4_V2_T113,2,113,15,6339.0,105.65,1.7608333333333333,3639.0,25.217213378906255,25.0,51168.0,57507.0
3,4,I3_R4_V2_T152,2,152,6,3560.0,59.333333333333336,0.9888888888888889,2480.0,17.187617187500003,10.0,57507.0,61067.0
3,5,I3_R5_V0_T29,0,29,5,5792.0,96.53333333333333,1.6088888888888888,3747.0,25.992761718750003,6.0,34048.0,39840.0
3,5,I3_R5_V0_T38,0,38,12,6445.0,107.41666666666667,1.7902777777777779,4285.0,29.70209619140625,22.0,40130.0,46575.0
3,5,I3_R5_V0_T70,0,70,18,8733.0,145.55,2.4258333333333333,5493.0,38.08040173339844,28.0,46575.0,55308.0
3,5,I3_R5_V0_T113,0,113,12,5883.0,98.05,1.6341666666666668,3723.0,25.81716333007813,22.0,55308.0,61191.0
3,5,I3_R5_V1_T14,1,14,5,5906.0,98.43333333333334,1.6405555555555555,5006.0,34.74376776123047,9.0,36467.0,42373.0
3,5,I3_R5_V1_T22,1,22,19,7110.0,118.5,1.975,3690.0,25.5610859375,30.0,42469.0,49579.0
3,5,I3_R5_V1_T60,1,60,24,7888.0,131.46666666666667,2.1911111111111112,3568.0,24.6808955078125,43.0,49579.0,57467.0
3,5,I3_R5_V1_T65,1,65,8,3488.0,58.13333333333333,0.9688888888888889,2048.0,14.192140624999999,14.0,57467.0,60955.0
3,5,I3_R5_V2_T8,2,8,16,8374.0,139.56666666666666,2.326111111111111,5251.0,36.404712890625,26.0,35556.0,43930.0
3,5,I3_R5_V2_T148,2,148,23,9428.0,157.13333333333333,2.618888888888889,5288.0,36.644810546875,38.0,43930.0,53358.0
3,5,I3_R5_V2_T162,2,162,17,7458.0,124.3,2.0716666666666668,4398.0,30.48368334960938,29.0,53522.0,60980.0
3,6,I3_R6_V0_T10,0,10,3,3072.0,51.2,0.8533333333333334,2532.0,17.56849609375,5.0,37219.0,40291.0
3,6,I3_R6_V0_T43,0,43,13,7354.0,122.56666666666666,2.042777777777778,5014.0,34.77030078125,19.0,40291.0,47645.0
3,6,I3_R6_V0_T232,0,232,20,7329.0,122.15,2.035833333333333,3729.0,25.8265498046875,37.0,47645.0,54974.0
3,6,I3_R6_V0_T260,0,260,15,6045.0,100.75,1.6791666666666667,3345.0,23.1642119140625,27.0,55094.0,61139.0
3,6,I3_R6_V1_T4,1,4,9,7883.0,131.38333333333333,2.189722222222222,5776.0,40.070587890625006,14.0,34931.0,42814.0
3,6,I3_R6_V1_T6,1,6,17,7282.0,121.36666666666666,2.022777777777778,4176.0,28.915208007812495,26.0,42814.0,50096.0
3,6,I3_R6_V1_T29,1,29,18,7824.0,130.4,2.1733333333333333,4567.0,31.642216796874997,28.0,50241.0,58065.0
3,6,I3_R6_V1_T41,1,41,5,2984.0,49.733333333333334,0.8288888888888889,2084.0,14.445213867187501,8.0,58065.0,61049.0
3,6,I3_R6_V2_T23,2,23,9,7844.0,130.73333333333332,2.178888888888889,4999.0,34.6780234375,14.0,36200.0,44044.0
3,6,I3_R6_V2_T51,2,51,17,7767.0,129.45,2.1575,4707.0,32.6225400390625,27.0,44044.0,51811.0
3,6,I3_R6_V2_T59,2,59,24,9225.0,153.75,2.5625,4905.0,33.9608388671875,36.0,51932.0,61157.0
3,7,I3_R7_V0_T11,0,11,1,5948.0,99.13333333333334,1.6522222222222223,2646.0,18.36417236328125,1.0,32400.0,38348.0
3,7,I3_R7_V0_T24,0,24,16,7169.0,119.48333333333333,1.9913888888888889,4289.0,29.722556640624997,25.0,38975.0,46144.0
3,7,I3_R7_V0_T27,0,27,15,7051.0,117.51666666666667,1.958611111111111,4351.0,30.147424316406244,23.0,46287.0,53338.0
3,7,I3_R7_V0_T32,0,32,21,7855.0,130.91666666666666,2.1819444444444445,4075.0,28.244582031250005,35.0,53338.0,61193.0
3,7,I3_R7_V1_T15,1,15,6,6735.0,112.25,1.8708333333333333,5655.0,39.23412831115722,7.0,33979.0,40714.0
3,7,I3_R7_V1_T24,1,24,2,2509.0,41.81666666666667,0.6969444444444445,2149.0,14.9098037109375,4.0,40714.0,43223.0
3,7,I3_R7_V1_T28,1,28,11,6089.0,101.48333333333333,1.6913888888888888,4109.0,28.487028808593752,17.0,43467.0,49556.0
3,7,I3_R7_V1_T142,1,142,17,6596.0,109.93333333333334,1.8322222222222222,3536.0,24.5012353515625,29.0,49556.0,56152.0
3,7,I3_R7_V1_T206,1,206,11,5037.0,83.95,1.3991666666666667,3057.0,21.190157226562498,21.0,56152.0,61189.0
3,7,I3_R7_V2_T22,2,22,4,4518.0,75.3,1.255,3798.0,26.35768359375,6.0,35427.0,39945.0
3,7,I3_R7_V2_T38,2,38,3,2687.0,44.78333333333333,0.7463888888888889,2147.0,14.892193359375,6.0,39945.0,42632.0
3,7,I3_R7_V2_T51,2,51,15,5696.0,94.93333333333334,1.5822222222222222,2996.0,20.74862109375,26.0,43548.0,49244.0
3,7,I3_R7_V2_T82,2,82,16,7240.0,120.66666666666667,2.011111111111111,4360.0,30.20693603515625,26.0,49244.0,56484.0
3,7,I3_R7_V2_T99,2,99,9,4665.0,77.75,1.2958333333333334,3045.0,21.118234375,13.0,56484.0,61149.0
3,8,I3_R8_V0_T2,0,2,9,5015.0,83.58333333333333,1.3930555555555555,3395.0,23.546203124999998,17.0,38960.0,43975.0
3,8,I3_R8_V0_T19,0,19,21,8876.0,147.93333333333334,2.4655555555555555,5096.0,35.31871630859375,37.0,43975.0,52851.0
3,8,I3_R8_V0_T57,0,57,16,8095.0,134.91666666666666,2.248611111111111,5215.0,36.157687499999994,29.0,52945.0,61040.0
3,8,I3_R8_V1_T11,1,11,6,8334.0,138.9,2.315,5979.0,41.500888671875,9.0,33408.0,41742.0
3,8,I3_R8_V1_T15,1,15,10,5434.0,90.56666666666666,1.5094444444444444,3634.0,25.198037109375,17.0,41758.0,47192.0
3,8,I3_R8_V1_T37,1,37,19,7173.0,119.55,1.9925,3753.0,26.004921875,35.0,47192.0,54365.0
3,8,I3_R8_V1_T61,1,61,17,6717.0,111.95,1.8658333333333332,3657.0,25.3272958984375,27.0,54365.0,61082.0
3,8,I3_R8_V2_T14,2,14,3,6972.0,116.2,1.9366666666666668,6306.0,43.779610595703126,5.0,33773.0,40745.0
3,8,I3_R8_V2_T44,2,44,8,4496.0,74.93333333333334,1.248888888888889,2959.0,20.509253906250002,12.0,40826.0,45322.0
3,8,I3_R8_V2_T59,2,59,20,8682.0,144.7,2.4116666666666666,5082.0,35.2209853515625,38.0,45372.0,54054.0
3,8,I3_R8_V2_T60,2,60,18,7132.0,118.86666666666666,1.981111111111111,3892.0,26.98101123046875,27.0,54054.0,61186.0
3,9,I3_R9_V0_T8,0,8,6,6104.0,101.73333333333333,1.6955555555555555,2487.0,17.243572265625,8.0,36545.0,42649.0
3,9,I3_R9_V0_T20,0,20,12,6481.0,108.01666666666667,1.8002777777777779,4321.0,29.965047851562503,21.0,42649.0,49130.0
3,9,I3_R9_V0_T27,0,27,18,8018.0,133.63333333333333,2.227222222222222,4778.0,33.125818603515626,29.0,49227.0,57245.0
3,9,I3_R9_V0_T215,0,215,7,3915.0,65.25,1.0875,2655.0,18.409486328125,11.0,57245.0,61160.0
3,9,I3_R9_V1_T25,1,25,4,5861.0,97.68333333333334,1.6280555555555556,4326.0,30.025404296875003,7.0,35042.0,40903.0
3,9,I3_R9_V1_T26,1,26,5,2583.0,43.05,0.7175,1683.0,11.6601015625,8.0,40903.0,43486.0
3,9,I3_R9_V1_T30,1,30,21,7490.0,124.83333333333333,2.0805555555555557,3710.0,25.671449218749995,36.0,43795.0,51285.0
3,9,I3_R9_V1_T50,1,50,26,9589.0,159.81666666666666,2.663611111111111,4909.0,34.009625,39.0,51285.0,60874.0
3,9,I3_R9_V2_T39,2,39,9,5446.0,90.76666666666667,1.5127777777777778,3466.0,24.046859375,13.0,36057.0,41503.0
3,9,I3_R9_V2_T85,2,85,2,2685.0,44.75,0.7458333333333333,2325.0,16.1342216796875,4.0,41682.0,44367.0
3,9,I3_R9_V2_T91,2,91,20,8219.0,136.98333333333332,2.2830555555555554,4619.0,31.996984375000007,32.0,44367.0,52586.0
3,9,I3_R9_V2_T190,2,190,19,8437.0,140.61666666666667,2.343611111111111,5017.0,34.75410791015625,32.0,52586.0,61023.0
3,10,I3_R10_V0_T23,0,23,23,8739.0,145.65,2.4275,4580.0,31.713408203124995,32.0,38465.0,47204.0
3,10,I3_R10_V0_T87,0,87,24,8558.0,142.63333333333333,2.377222222222222,4238.0,29.345662109375002,39.0,47204.0,55762.0
3,10,I3_R10_V0_T121,0,121,12,5274.0,87.9,1.465,3114.0,21.577802734375005,20.0,55762.0,61036.0
3,10,I3_R10_V1_T2,1,2,2,5080.0,84.66666666666667,1.4111111111111112,4325.0,30.017818359375003,3.0,33212.0,38292.0
3,10,I3_R10_V1_T109,1,109,9,5164.0,86.06666666666666,1.4344444444444444,3544.0,24.57586962890625,13.0,38347.0,43511.0
3,10,I3_R10_V1_T181,1,181,8,4204.0,70.06666666666666,1.1677777777777778,2764.0,19.1552890625,15.0,43511.0,47715.0
3,10,I3_R10_V1_T224,1,224,13,5807.0,96.78333333333333,1.6130555555555555,3467.0,24.024661621093752,24.0,47715.0,53522.0
3,10,I3_R10_V1_T259,1,259,21,7495.0,124.91666666666667,2.0819444444444444,3715.0,25.714904296874998,30.0,53522.0,61017.0
3,10,I3_R10_V2_T1,2,1,4,2819.0,46.983333333333334,0.7830555555555555,2099.0,14.561939453125001,7.0,34457.0,37276.0
3,10,I3_R10_V2_T10,2,10,5,3693.0,61.55,1.0258333333333334,2793.0,19.37023779296875,7.0,39803.0,43496.0
3,10,I3_R10_V2_T175,2,175,20,9723.0,162.05,2.700833333333333,6123.0,42.44909356689452,32.0,44224.0,53947.0
3,10,I3_R10_V2_T248,2,248,20,7083.0,118.05,1.9675,3483.0,24.113406249999993,34.0,53961.0,61044.0
3,11,I3_R11_V0_T8,0,8,7,5730.0,95.5,1.5916666666666666,4470.0,31.0199404296875,12.0,38320.0,44050.0
3,11,I3_R11_V0_T86,0,86,15,6288.0,104.8,1.7466666666666666,3588.0,24.865497070312497,24.0,44050.0,50338.0
3,11,I3_R11_V0_T115,0,115,10,4907.0,81.78333333333333,1.3630555555555555,3107.0,21.53526171875,17.0,50616.0,55523.0
3,11,I3_R11_V0_T117,0,117,13,5569.0,92.81666666666666,1.5469444444444445,3229.0,22.379876953125,22.0,55523.0,61092.0
3,11,I3_R11_V1_T9,1,9,6,5625.0,93.75,1.5625,4545.0,31.534724609374997,11.0,35025.0,40650.0
3,11,I3_R11_V1_T31,1,31,6,2987.0,49.78333333333333,0.8297222222222222,1907.0,13.212263671875,9.0,40650.0,43637.0
3,11,I3_R11_V1_T108,1,108,8,4603.0,76.71666666666667,1.2786111111111111,3163.0,21.9273505859375,13.0,43637.0,48240.0
3,11,I3_R11_V1_T235,1,235,17,7402.0,123.36666666666666,2.056111111111111,4342.0,30.093130859375,29.0,48240.0,55642.0
3,11,I3_R11_V1_T250,1,250,13,5470.0,91.16666666666667,1.5194444444444444,3130.0,21.670994140624998,21.0,55642.0,61112.0
3,11,I3_R11_V2_T20,2,20,2,2599.0,43.31666666666667,0.7219444444444445,2136.0,14.823061523437499,2.0,32400.0,34999.0
3,11,I3_R11_V2_T35,2,35,8,5529.0,92.15,1.5358333333333334,3798.0,26.339359375,11.0,36570.0,42099.0
3,11,I3_R11_V2_T40,2,40,8,4393.0,73.21666666666667,1.2202777777777778,2953.0,20.477641601562496,14.0,42256.0,46649.0
3,11,I3_R11_V2_T74,2,74,13,4805.0,80.08333333333333,1.3347222222222221,2465.0,17.069304687500004,23.0,46649.0,51454.0
3,11,I3_R11_V2_T120,2,120,20,8912.0,148.53333333333333,2.4755555555555557,5312.0,36.81470947265625,38.0,51454.0,60366.0
3,11,I3_R11_V2_T199,2,199,1,628.0,10.466666666666667,0.17444444444444446,448.0,3.098400390625,2.0,60366.0,60994.0
3,12,I3_R12_V0_T6,0,6,1,2078.0,34.63333333333333,0.5772222222222222,1898.0,13.170541015625,2.0,34138.0,36216.0
3,12,I3_R12_V0_T36,0,36,5,5378.0,89.63333333333334,1.4938888888888888,4236.0,29.40315234375,8.0,36216.0,41594.0
3,12,I3_R12_V0_T47,0,47,13,5733.0,95.55,1.5925,3393.0,23.500909179687497,24.0,41594.0,47327.0
3,12,I3_R12_V0_T59,0,59,24,8826.0,147.1,2.4516666666666667,4506.0,31.230687500000002,43.0,47585.0,56411.0
3,12,I3_R12_V0_T92,0,92,12,4775.0,79.58333333333333,1.3263888888888888,2615.0,18.120319335937502,18.0,56411.0,61186.0
3,12,I3_R12_V1_T4,1,4,2,2957.0,49.28333333333333,0.8213888888888888,2597.0,18.021357421875,3.0,33355.0,36312.0
3,12,I3_R12_V1_T15,1,15,12,7578.0,126.3,2.105,5418.0,37.58655963134766,17.0,38725.0,46303.0
3,12,I3_R12_V1_T38,1,38,17,7873.0,131.21666666666667,2.1869444444444444,4813.0,33.36593823242188,30.0,46349.0,54222.0
3,12,I3_R12_V1_T44,1,44,13,6779.0,112.98333333333333,1.8830555555555555,4439.0,30.782452880859374,23.0,54222.0,61001.0
3,12,I3_R12_V2_T0,2,0,2,3403.0,56.71666666666667,0.9452777777777778,3043.0,21.120894531250002,3.0,37325.0,40728.0
3,12,I3_R12_V2_T5,2,5,9,4462.0,74.36666666666666,1.2394444444444443,2614.0,18.119162109374997,13.0,40728.0,45190.0
3,12,I3_R12_V2_T59,2,59,14,6627.0,110.45,1.8408333333333333,4107.0,28.469525390625,27.0,45190.0,51817.0
3,12,I3_R12_V2_T223,2,223,3,2050.0,34.166666666666664,0.5694444444444444,1510.0,10.47251953125,6.0,51817.0,53867.0
3,12,I3_R12_V2_T244,2,244,17,7149.0,119.15,1.9858333333333333,4089.0,28.33277734375,29.0,54045.0,61194.0
3,13,I3_R13_V0_T6,0,6,9,5661.0,94.35,1.5725,4041.0,28.029851562500003,15.0,35834.0,41495.0
3,13,I3_R13_V0_T13,0,13,11,6033.0,100.55,1.6758333333333333,4053.0,28.110095703125,20.0,41940.0,47973.0
3,13,I3_R13_V0_T16,0,16,1,1006.0,16.766666666666666,0.27944444444444444,826.0,5.73566015625,2.0,47973.0,48979.0
3,13,I3_R13_V0_T37,0,37,29,11653.0,194.21666666666667,3.2369444444444446,6433.0,44.558818359374996,47.0,49341.0,60994.0
3,13,I3_R13_V1_T1,1,1,2,2810.0,46.833333333333336,0.7805555555555556,2450.0,17.003267578125,3.0,33874.0,36684.0
3,13,I3_R13_V1_T21,1,21,8,6596.0,109.93333333333334,1.8322222222222222,5156.0,35.7745248413086,11.0,36684.0,43280.0
3,13,I3_R13_V1_T33,1,33,13,5884.0,98.06666666666666,1.6344444444444444,3544.0,24.559505859374998,21.0,43361.0,49245.0
3,13,I3_R13_V1_T89,1,89,11,4939.0,82.31666666666666,1.3719444444444444,2959.0,20.507491210937502,22.0,49270.0,54209.0
3,13,I3_R13_V1_T257,1,257,17,6933.0,115.55,1.9258333333333333,3873.0,26.8166240234375,30.0,54209.0,61142.0
3,13,I3_R13_V2_T8,2,8,5,5543.0,92.38333333333334,1.5397222222222222,4643.0,32.214937011718746,9.0,35514.0,41057.0
3,13,I3_R13_V2_T11,2,11,12,6623.0,110.38333333333334,1.8397222222222223,4463.0,30.94045361328125,20.0,41057.0,47680.0
3,13,I3_R13_V2_T82,2,82,18,6814.0,113.56666666666666,1.8927777777777777,3574.0,24.756771484374998,32.0,47715.0,54529.0
3,13,I3_R13_V2_T85,2,85,15,6542.0,109.03333333333333,1.8172222222222223,3842.0,26.623076171875002,27.0,54529.0,61071.0
3,14,I3_R14_V0_T34,0,34,3,5414.0,90.23333333333333,1.5038888888888888,4874.0,33.83720166015625,6.0,34643.0,40057.0
3,14,I3_R14_V0_T74,0,74,10,4182.0,69.7,1.1616666666666666,2382.0,16.507076171875,15.0,40716.0,44898.0
3,14,I3_R14_V0_T137,0,137,9,4672.0,77.86666666666666,1.2977777777777777,3052.0,21.146435546875,17.0,44919.0,49591.0
3,14,I3_R14_V0_T208,0,208,20,8729.0,145.48333333333332,2.424722222222222,5129.0,35.546222656249995,33.0,49591.0,58320.0
3,14,I3_R14_V0_T240,0,240,4,2879.0,47.983333333333334,0.7997222222222222,2159.0,14.97629296875,8.0,58320.0,61199.0
3,14,I3_R14_V1_T6,1,6,2,3862.0,64.36666666666666,1.0727777777777778,3502.0,24.305809082031246,3.0,35763.0,39625.0
3,14,I3_R14_V1_T17,1,17,9,4923.0,82.05,1.3675,3303.0,22.9014248046875,16.0,40176.0,45099.0
3,14,I3_R14_V1_T22,1,22,24,9983.0,166.38333333333333,2.7730555555555556,5663.0,39.233331054687504,37.0,45200.0,55183.0
3,14,I3_R14_V1_T53,1,53,15,5860.0,97.66666666666667,1.6277777777777778,3160.0,21.887376953124996,25.0,55183.0,61043.0
3,14,I3_R14_V2_T104,2,104,7,5263.0,87.71666666666667,1.4619444444444445,4003.0,27.7693515625,11.0,36119.0,41382.0
3,14,I3_R14_V2_T108,2,108,1,788.0,13.133333333333333,0.21888888888888888,608.0,4.21284375,2.0,41382.0,42170.0
3,14,I3_R14_V2_T145,2,145,12,5738.0,95.63333333333334,1.593888888888889,3578.0,24.7975927734375,21.0,42555.0,48293.0
3,14,I3_R14_V2_T176,2,176,15,6167.0,102.78333333333333,1.7130555555555556,3467.0,24.0271513671875,26.0,48293.0,54460.0
3,14,I3_R14_V2_T246,2,246,13,6562.0,109.36666666666666,1.8227777777777778,4222.0,29.261640625,23.0,54591.0,61153.0
3,15,I3_R15_V0_T1,0,1,3,3129.0,52.15,0.8691666666666666,2589.0,17.96560400390625,5.0,33640.0,36769.0
3,15,I3_R15_V0_T6,0,6,16,9737.0,162.28333333333333,2.7047222222222222,6857.0,47.564361328124996,24.0,37517.0,47254.0
3,15,I3_R15_V0_T9,0,9,19,8579.0,142.98333333333332,2.3830555555555555,5159.0,35.75486523437499,35.0,47551.0,56130.0
3,15,I3_R15_V0_T103,0,103,11,4971.0,82.85,1.3808333333333334,2991.0,20.745923828125,19.0,56130.0,61101.0
3,15,I3_R15_V1_T41,1,41,1,2834.0,47.233333333333334,0.7872222222222223,2654.0,18.417056640625,2.0,33722.0,36556.0
3,15,I3_R15_V1_T144,1,144,5,4635.0,77.25,1.2875,3735.0,25.915799804687502,8.0,36556.0,41191.0
3,15,I3_R15_V1_T163,1,163,9,6155.0,102.58333333333333,1.7097222222222221,4535.0,31.46266943359375,16.0,41191.0,47346.0
3,15,I3_R15_V1_T167,1,167,16,6663.0,111.05,1.8508333333333333,3783.0,26.222476074218747,27.0,47346.0,54009.0
3,15,I3_R15_V1_T295,1,295,19,7185.0,119.75,1.9958333333333333,3765.0,26.0737158203125,34.0,54009.0,61194.0
3,15,I3_R15_V2_T8,2,8,6,4733.0,78.88333333333334,1.3147222222222221,3653.0,25.355599609375,12.0,36124.0,40857.0
3,15,I3_R15_V2_T14,2,14,3,2825.0,47.083333333333336,0.7847222222222222,2285.0,15.8543505859375,6.0,40857.0,43682.0
3,15,I3_R15_V2_T22,2,22,3,2567.0,42.78333333333333,0.7130555555555556,2027.0,14.065856445312502,6.0,43682.0,46249.0
3,15,I3_R15_V2_T33,2,33,21,8830.0,147.16666666666666,2.452777777777778,5050.0,35.003546875000005,33.0,46307.0,55137.0
3,15,I3_R15_V2_T84,2,84,11,5884.0,98.06666666666666,1.6344444444444444,3904.0,27.06148583984375,20.0,55137.0,61021.0
3,16,I3_R16_V0_T2,0,2,10,8034.0,133.9,2.2316666666666665,6234.0,43.25155468749999,15.0,35379.0,43413.0
3,16,I3_R16_V0_T55,0,55,18,8803.0,146.71666666666667,2.4452777777777777,5563.0,38.568197509765625,34.0,43440.0,52243.0
3,16,I3_R16_V0_T87,0,87,22,8749.0,145.81666666666666,2.430277777777778,4789.0,33.1833232421875,37.0,52359.0,61108.0
3,16,I3_R16_V1_T6,1,6,17,10088.0,168.13333333333333,2.8022222222222224,7028.0,48.73303417968749,26.0,35923.0,46011.0
3,16,I3_R16_V1_T11,1,11,21,8350.0,139.16666666666666,2.3194444444444446,4570.0,31.673216796875,36.0,46011.0,54361.0
3,16,I3_R16_V1_T77,1,77,17,6779.0,112.98333333333333,1.8830555555555555,3719.0,25.75508447265625,31.0,54361.0,61140.0
3,16,I3_R16_V2_T5,2,5,3,3505.0,58.416666666666664,0.9736111111111111,2965.0,20.5784091796875,6.0,36340.0,39845.0
3,16,I3_R16_V2_T10,2,10,5,3183.0,53.05,0.8841666666666667,2283.0,15.82101171875,8.0,39845.0,43028.0
3,16,I3_R16_V2_T24,2,24,8,3599.0,59.983333333333334,0.9997222222222222,2159.0,14.954742187499999,13.0,43028.0,46627.0
3,16,I3_R16_V2_T36,2,36,16,7147.0,119.11666666666666,1.9852777777777777,4267.0,29.583698242187502,28.0,46627.0,53774.0
3,16,I3_R16_V2_T43,2,43,14,7165.0,119.41666666666667,1.9902777777777778,4645.0,32.212068359375,24.0,53774.0,60939.0
3,17,I3_R17_V0_T4,0,4,10,6803.0,113.38333333333334,1.8897222222222223,5003.0,34.709140625,18.0,35288.0,42091.0
3,17,I3_R17_V0_T24,0,24,15,5579.0,92.98333333333333,1.5497222222222222,2879.0,19.931078125000003,26.0,42439.0,48018.0
3,17,I3_R17_V0_T27,0,27,20,7551.0,125.85,2.0975,3951.0,27.36314453125,35.0,48018.0,55569.0
3,17,I3_R17_V0_T62,0,62,10,5530.0,92.16666666666667,1.5361111111111112,3730.0,25.8607783203125,19.0,55569.0,61099.0
3,17,I3_R17_V1_T52,1,52,17,10649.0,177.48333333333332,2.9580555555555557,7414.0,51.42638500976562,22.0,36021.0,46670.0
3,17,I3_R17_V1_T73,1,73,18,7721.0,128.68333333333334,2.144722222222222,4481.0,31.05416870117187,32.0,46910.0,54631.0
3,17,I3_R17_V1_T94,1,94,14,6557.0,109.28333333333333,1.821388888888889,4037.0,27.9905341796875,24.0,54631.0,61188.0
3,17,I3_R17_V2_T6,2,6,6,4870.0,81.16666666666667,1.3527777777777779,3790.0,26.29515576171875,8.0,36520.0,41390.0
3,17,I3_R17_V2_T39,2,39,19,8640.0,144.0,2.4,5220.0,36.182890625000006,29.0,42568.0,51208.0
3,17,I3_R17_V2_T73,2,73,25,9762.0,162.7,2.7116666666666664,5262.0,36.4547158203125,39.0,51294.0,61056.0
3,18,I3_R18_V0_T93,0,93,8,6716.0,111.93333333333334,1.8655555555555556,5276.0,36.60449462890625,12.0,37064.0,43780.0
3,18,I3_R18_V0_T111,0,111,16,7194.0,119.9,1.9983333333333333,4314.0,29.90200390625001,26.0,44172.0,51366.0
3,18,I3_R18_V0_T165,0,165,5,2863.0,47.71666666666667,0.7952777777777778,1963.0,13.613212890625,10.0,51366.0,54229.0
3,18,I3_R18_V0_T171,0,171,14,6960.0,116.0,1.9333333333333333,4440.0,30.776294433593744,22.0,54229.0,61189.0
3,18,I3_R18_V1_T6,1,6,17,11412.0,190.2,3.17,8352.0,57.93606341552735,19.0,34205.0,45617.0
3,18,I3_R18_V1_T13,1,13,14,6621.0,110.35,1.8391666666666666,4101.0,28.414948730468748,23.0,45617.0,52238.0
3,18,I3_R18_V1_T31,1,31,2,2146.0,35.766666666666666,0.5961111111111111,1786.0,12.386595703125,4.0,52238.0,54384.0
3,18,I3_R18_V1_T34,1,34,14,6808.0,113.46666666666667,1.8911111111111112,4288.0,29.739474853515627,23.0,54384.0,61192.0
3,18,I3_R18_V2_T5,2,5,4,3863.0,64.38333333333334,1.0730555555555557,3143.0,21.8099794921875,7.0,37466.0,41329.0
3,18,I3_R18_V2_T104,2,104,7,3606.0,60.1,1.0016666666666667,2172.0,15.057568359375,11.0,41804.0,45410.0
3,18,I3_R18_V2_T114,2,114,18,8750.0,145.83333333333334,2.4305555555555554,5510.0,38.191688476562504,32.0,45515.0,54265.0
3,18,I3_R18_V2_T117,2,117,20,6915.0,115.25,1.9208333333333334,3315.0,22.949224609374998,35.0,54272.0,61187.0
3,19,I3_R19_V0_T44,0,44,4,3805.0,63.416666666666664,1.0569444444444445,3085.0,21.4129990234375,7.0,37934.0,41739.0
3,19,I3_R19_V0_T94,0,94,13,6582.0,109.7,1.8283333333333334,4242.0,29.4152890625,23.0,41739.0,48321.0
3,19,I3_R19_V0_T114,0,114,23,9834.0,163.9,2.7316666666666665,5694.0,39.456212402343745,44.0,48321.0,58155.0
3,19,I3_R19_V0_T158,0,158,6,2740.0,45.666666666666664,0.7611111111111111,1660.0,11.5017109375,11.0,58155.0,60895.0
3,19,I3_R19_V1_T12,1,12,4,6951.0,115.85,1.9308333333333334,4007.0,27.80625,5.0,33357.0,40308.0
3,19,I3_R19_V1_T87,1,87,7,4268.0,71.13333333333334,1.1855555555555555,2896.0,20.07330859375,11.0,40326.0,44594.0
3,19,I3_R19_V1_T205,1,205,18,8598.0,143.3,2.388333333333333,5358.0,37.143048339843745,32.0,44594.0,53192.0
3,19,I3_R19_V1_T235,1,235,20,8007.0,133.45,2.2241666666666666,4407.0,30.525095703125004,32.0,53192.0,61199.0
3,19,I3_R19_V2_T7,2,7,2,3451.0,57.516666666666666,0.9586111111111111,3091.0,21.4523388671875,3.0,36451.0,39902.0
3,19,I3_R19_V2_T16,2,16,9,5897.0,98.28333333333333,1.6380555555555556,4277.0,29.670640625,17.0,40843.0,46740.0
3,19,I3_R19_V2_T22,2,22,19,7454.0,124.23333333333333,2.0705555555555555,4034.0,27.935933593749997,33.0,46740.0,54194.0
3,19,I3_R19_V2_T26,2,26,16,6853.0,114.21666666666667,1.9036111111111111,3973.0,27.533049804687497,24.0,54194.0,61047.0
3,20,I3_R20_V0_T34,0,34,2,2386.0,39.766666666666666,0.6627777777777778,2026.0,14.062486328125,4.0,36637.0,39023.0
3,20,I3_R20_V0_T57,0,57,13,7355.0,122.58333333333333,2.0430555555555556,5015.0,34.780037109375,22.0,40180.0,47535.0
3,20,I3_R20_V0_T62,0,62,18,6889.0,114.81666666666666,1.9136111111111112,3649.0,25.269162109375003,32.0,47540.0,54429.0
3,20,I3_R20_V0_T235,0,235,15,6669.0,111.15,1.8525,3969.0,27.504063964843752,28.0,54429.0,61098.0
3,20,I3_R20_V1_T9,1,9,7,5051.0,84.18333333333334,1.4030555555555555,3791.0,26.288748046875,12.0,36671.0,41722.0
3,20,I3_R20_V1_T40,1,40,10,4819.0,80.31666666666666,1.3386111111111112,3019.0,20.930703125,18.0,42016.0,46835.0
3,20,I3_R20_V1_T61,1,61,16,6792.0,113.2,1.8866666666666667,3912.0,27.106964111328125,27.0,46835.0,53627.0
3,20,I3_R20_V1_T91,1,91,16,7561.0,126.01666666666667,2.100277777777778,4681.0,32.4488251953125,27.0,53627.0,61188.0
3,20,I3_R20_V2_T11,2,11,4,6739.0,112.31666666666666,1.8719444444444444,3853.0,26.737109375000003,4.0,32400.0,39139.0
3,20,I3_R20_V2_T99,2,99,12,6037.0,100.61666666666666,1.6769444444444443,3877.0,26.8814267578125,21.0,39480.0,45517.0
3,20,I3_R20_V2_T105,2,105,19,7466.0,124.43333333333334,2.073888888888889,4046.0,28.02843359375,33.0,45517.0,52983.0
3,20,I3_R20_V2_T114,2,114,23,7993.0,133.21666666666667,2.2202777777777776,3853.0,26.678119140625,37.0,53087.0,61080.0
3,21,I3_R21_V0_T0,0,0,5,4732.0,78.86666666666666,1.3144444444444445,3158.0,21.90726611328125,8.0,34321.0,39053.0
3,21,I3_R21_V0_T1,0,1,6,5720.0,95.33333333333333,1.5888888888888888,4640.0,32.196337890624996,9.0,39180.0,44900.0
3,21,I3_R21_V0_T6,0,6,10,5359.0,89.31666666666666,1.488611111111111,3559.0,24.6859140625,19.0,44900.0,50259.0
3,21,I3_R21_V0_T18,0,18,14,5960.0,99.33333333333333,1.6555555555555554,3440.0,23.8322080078125,22.0,50259.0,56219.0
3,21,I3_R21_V0_T281,0,281,10,4814.0,80.23333333333333,1.3372222222222223,3014.0,20.88073095703125,16.0,56219.0,61033.0
3,21,I3_R21_V1_T3,1,3,1,3280.0,54.666666666666664,0.9111111111111111,3100.0,21.5164287109375,1.0,32400.0,35680.0
3,21,I3_R21_V1_T25,1,25,5,5060.0,84.33333333333333,1.4055555555555554,4160.0,28.8653935546875,10.0,35680.0,40740.0
3,21,I3_R21_V1_T27,1,27,12,5408.0,90.13333333333334,1.5022222222222221,3248.0,22.508163085937497,20.0,41354.0,46762.0
3,21,I3_R21_V1_T38,1,38,22,8306.0,138.43333333333334,2.3072222222222223,4346.0,30.088931640625,35.0,46762.0,55068.0
3,21,I3_R21_V1_T99,1,99,13,6008.0,100.13333333333334,1.6688888888888889,3668.0,25.4021865234375,23.0,55068.0,61076.0
3,21,I3_R21_V2_T1,2,1,5,3538.0,58.96666666666667,0.9827777777777778,2638.0,18.307076171874996,8.0,34842.0,38380.0
3,21,I3_R21_V2_T56,2,56,9,6402.0,106.7,1.7783333333333333,4534.0,31.444398925781243,14.0,38959.0,45361.0
3,21,I3_R21_V2_T76,2,76,7,3249.0,54.15,0.9025,1989.0,13.7852275390625,12.0,45361.0,48610.0
3,21,I3_R21_V2_T102,2,102,14,5860.0,97.66666666666667,1.6277777777777778,3340.0,23.126593749999998,26.0,48769.0,54629.0
3,21,I3_R21_V2_T211,2,211,12,6553.0,109.21666666666667,1.8202777777777779,4393.0,30.452761230468752,22.0,54629.0,61182.0
3,22,I3_R22_V0_T85,0,85,6,8182.0,136.36666666666667,2.272777777777778,7102.0,49.295267578125,8.0,33410.0,41592.0
3,22,I3_R22_V0_T104,0,104,6,5608.0,93.46666666666667,1.5577777777777777,4528.0,31.42524162292481,9.0,41592.0,47200.0
3,22,I3_R22_V0_T180,0,180,18,6886.0,114.76666666666667,1.9127777777777777,3646.0,25.251785156249998,31.0,47200.0,54086.0
3,22,I3_R22_V0_T285,0,285,18,7107.0,118.45,1.9741666666666666,3867.0,26.7709072265625,30.0,54086.0,61193.0
3,22,I3_R22_V1_T7,1,7,1,1414.0,23.566666666666666,0.3927777777777778,1234.0,8.563091796875,2.0,33817.0,35231.0
3,22,I3_R22_V1_T19,1,19,8,4963.0,82.71666666666667,1.378611111111111,3523.0,24.421275390625,13.0,37156.0,42119.0
3,22,I3_R22_V1_T40,1,40,11,6165.0,102.75,1.7125,4185.0,29.02256494140625,18.0,42303.0,48468.0
3,22,I3_R22_V1_T44,1,44,8,4024.0,67.06666666666666,1.1177777777777778,2584.0,17.903363281249998,15.0,48468.0,52492.0
3,22,I3_R22_V1_T60,1,60,11,5953.0,99.21666666666667,1.6536111111111111,3973.0,27.550047363281248,20.0,52492.0,58445.0
3,22,I3_R22_V1_T80,1,80,6,2749.0,45.81666666666667,0.7636111111111111,1669.0,11.576785156249999,10.0,58445.0,61194.0
3,22,I3_R22_V2_T32,2,32,3,3588.0,59.8,0.9966666666666667,3048.0,21.151861328125,5.0,34831.0,38419.0
3,22,I3_R22_V2_T71,2,71,8,5865.0,97.75,1.6291666666666667,4425.0,30.6975,13.0,38419.0,44284.0
3,22,I3_R22_V2_T119,2,119,24,11128.0,185.46666666666667,3.091111111111111,6808.0,47.210247070312505,42.0,44284.0,55412.0
3,22,I3_R22_V2_T124,2,124,10,5694.0,94.9,1.5816666666666668,3894.0,27.010185546875,18.0,55412.0,61106.0
3,23,I3_R23_V0_T148,0,148,5,4065.0,67.75,1.1291666666666667,3165.0,21.948591796874997,8.0,39477.0,43542.0
3,23,I3_R23_V0_T225,0,225,16,7628.0,127.13333333333334,2.118888888888889,4516.0,31.30816796875,25.0,43647.0,51275.0
3,23,I3_R23_V0_T227,0,227,22,9901.0,165.01666666666668,2.750277777777778,5941.0,41.18474853515625,35.0,51288.0,61189.0
3,23,I3_R23_V1_T0,1,0,9,7135.0,118.91666666666667,1.9819444444444445,4859.0,33.69356640625001,14.0,33948.0,41083.0
3,23,I3_R23_V1_T10,1,10,2,1783.0,29.716666666666665,0.49527777777777776,1423.0,9.8760302734375,4.0,41083.0,42866.0
3,23,I3_R23_V1_T55,1,55,11,4752.0,79.2,1.32,2772.0,19.2129453125,17.0,43900.0,48652.0
3,23,I3_R23_V1_T70,1,70,18,7243.0,120.71666666666667,2.0119444444444445,4003.0,27.735822265624996,32.0,48652.0,55895.0
3,23,I3_R23_V1_T190,1,190,11,5197.0,86.61666666666666,1.4436111111111112,3217.0,22.30000244140625,17.0,55895.0,61092.0
3,23,I3_R23_V2_T7,2,7,7,6215.0,103.58333333333333,1.726388888888889,4955.0,34.38386962890625,11.0,38225.0,44440.0
3,23,I3_R23_V2_T22,2,22,21,10282.0,171.36666666666667,2.8561111111111113,6502.0,45.07925683593749,38.0,44440.0,54722.0
3,23,I3_R23_V2_T38,2,38,18,6449.0,107.48333333333333,1.791388888888889,3209.0,22.217583984375,29.0,54722.0,61171.0
3,24,I3_R24_V0_T45,0,45,10,7356.0,122.6,2.0433333333333334,5556.0,38.537212890625,15.0,37582.0,44938.0
3,24,I3_R24_V0_T61,0,61,20,8812.0,146.86666666666667,2.4477777777777776,5212.0,36.122840820312504,34.0,44938.0,53750.0
3,24,I3_R24_V0_T80,0,80,16,7396.0,123.26666666666667,2.0544444444444445,4516.0,31.30179296875,26.0,53750.0,61146.0
3,24,I3_R24_V1_T54,1,54,20,10390.0,173.16666666666666,2.886111111111111,6559.0,45.48507324218749,32.0,37993.0,48383.0
3,24,I3_R24_V1_T74,1,74,14,5104.0,85.06666666666666,1.4177777777777778,2584.0,17.8829033203125,23.0,48383.0,53487.0
3,24,I3_R24_V1_T97,1,97,22,7695.0,128.25,2.1375,3735.0,25.871512695312507,34.0,53487.0,61182.0
3,24,I3_R24_V2_T10,2,10,2,4649.0,77.48333333333333,1.291388888888889,4289.0,29.76774853515625,4.0,35091.0,39740.0
3,24,I3_R24_V2_T12,2,12,10,6024.0,100.4,1.6733333333333333,4224.0,29.289667968750003,16.0,41936.0,47960.0
3,24,I3_R24_V2_T22,2,22,11,4893.0,81.55,1.3591666666666666,2913.0,20.195330078125,18.0,47960.0,52853.0
3,24,I3_R24_V2_T199,2,199,21,8265.0,137.75,2.2958333333333334,4485.0,31.0623203125,35.0,52853.0,61118.0
3,25,I3_R25_V0_T23,0,23,2,3727.0,62.11666666666667,1.0352777777777777,3367.0,23.37448974609375,4.0,35548.0,39275.0
3,25,I3_R25_V0_T36,0,36,15,7601.0,126.68333333333334,2.111388888888889,4901.0,33.986092773437505,23.0,39381.0,46982.0
3,25,I3_R25_V0_T86,0,86,18,7986.0,133.1,2.2183333333333333,4746.0,32.88840185546874,34.0,47083.0,55069.0
3,25,I3_R25_V0_T92,0,92,11,6085.0,101.41666666666667,1.6902777777777778,4105.0,28.466626953125,17.0,55069.0,61154.0
3,25,I3_R25_V1_T19,1,19,1,4546.0,75.76666666666667,1.2627777777777778,4366.0,30.30619140625,1.0,32400.0,36946.0
3,25,I3_R25_V1_T22,1,22,15,8490.0,141.5,2.3583333333333334,5686.0,39.4284189453125,23.0,37383.0,45873.0
3,25,I3_R25_V1_T28,1,28,12,4544.0,75.73333333333333,1.2622222222222221,2384.0,16.502630859375003,22.0,45873.0,50417.0
3,25,I3_R25_V1_T31,1,31,24,10664.0,177.73333333333332,2.962222222222222,6344.0,43.956724609375,37.0,50417.0,61081.0
3,25,I3_R25_V2_T2,2,2,7,6082.0,101.36666666666666,1.6894444444444445,4822.0,33.467547119140626,11.0,34639.0,40721.0
3,25,I3_R25_V2_T3,2,3,14,6675.0,111.25,1.8541666666666667,4155.0,28.811015792846682,22.0,41067.0,47742.0
3,25,I3_R25_V2_T19,2,19,11,5682.0,94.7,1.5783333333333334,3702.0,25.66273095703125,20.0,47742.0,53424.0
3,25,I3_R25_V2_T44,2,44,18,7611.0,126.85,2.1141666666666667,4371.0,30.284438476562496,31.0,53468.0,61079.0
3,26,I3_R26_V0_T19,0,19,4,4458.0,74.3,1.2383333333333333,2989.0,20.74924658203125,7.0,34833.0,39291.0
3,26,I3_R26_V0_T37,0,37,9,5361.0,89.35,1.4891666666666667,3741.0,25.94284716796875,16.0,39708.0,45069.0
3,26,I3_R26_V0_T75,0,75,19,7427.0,123.78333333333333,2.0630555555555556,4007.0,27.770412109375002,34.0,45069.0,52496.0
3,26,I3_R26_V0_T77,0,77,20,7185.0,119.75,1.9958333333333333,3585.0,24.827736328125,36.0,52496.0,59681.0
3,26,I3_R26_V0_T81,0,81,1,1494.0,24.9,0.415,1314.0,9.1199931640625,2.0,59681.0,61175.0
3,26,I3_R26_V1_T54,1,54,12,6375.0,106.25,1.7708333333333333,4215.0,29.231526367187506,20.0,37310.0,43685.0
3,26,I3_R26_V1_T55,1,55,21,8669.0,144.48333333333332,2.4080555555555554,4889.0,33.882299072265624,34.0,43864.0,52533.0
3,26,I3_R26_V1_T92,1,92,19,8190.0,136.5,2.275,4770.0,33.049924316406255,33.0,52533.0,60723.0
3,26,I3_R26_V2_T12,2,12,7,5836.0,97.26666666666667,1.6211111111111112,4576.0,31.7551552734375,10.0,36821.0,42657.0
3,26,I3_R26_V2_T15,2,15,18,7009.0,116.81666666666666,1.9469444444444444,3769.0,26.114024414062502,32.0,42659.0,49668.0
3,26,I3_R26_V2_T51,2,51,14,5968.0,99.46666666666667,1.6577777777777778,3448.0,23.885056640625,26.0,49668.0,55636.0
3,26,I3_R26_V2_T76,2,76,12,5514.0,91.9,1.5316666666666667,3354.0,23.236517578124996,20.0,55636.0,61150.0
3,27,I3_R27_V0_T26,0,26,14,7807.0,130.11666666666667,2.1686111111111113,4751.0,32.935134765625,20.0,37292.0,45099.0
3,27,I3_R27_V0_T51,0,51,16,6862.0,114.36666666666666,1.906111111111111,3982.0,27.6098974609375,31.0,45099.0,51961.0
3,27,I3_R27_V0_T126,0,126,20,8929.0,148.81666666666666,2.480277777777778,5329.0,36.956333984375,33.0,52023.0,60952.0
3,27,I3_R27_V1_T14,1,14,6,5081.0,84.68333333333334,1.4113888888888888,4001.0,27.76449560546875,11.0,36802.0,41883.0
3,27,I3_R27_V1_T17,1,17,9,4773.0,79.55,1.3258333333333334,3153.0,21.86041015625,16.0,42750.0,47523.0
3,27,I3_R27_V1_T24,1,24,16,6263.0,104.38333333333334,1.7397222222222222,3383.0,23.434115234375,26.0,47523.0,53786.0
3,27,I3_R27_V1_T119,1,119,18,7279.0,121.31666666666666,2.0219444444444443,4039.0,27.9768349609375,30.0,53786.0,61065.0
3,27,I3_R27_V2_T33,2,33,5,4815.0,80.25,1.3375,3816.0,26.48617333984375,7.0,34733.0,39548.0
3,27,I3_R27_V2_T43,2,43,9,6351.0,105.85,1.7641666666666667,4731.0,32.813252441406256,18.0,40898.0,47249.0
3,27,I3_R27_V2_T58,2,58,22,7927.0,132.11666666666667,2.2019444444444445,3967.0,27.47028515625,36.0,47249.0,55176.0
3,27,I3_R27_V2_T71,2,71,14,5857.0,97.61666666666666,1.6269444444444445,3337.0,23.11653125,25.0,55176.0,61033.0
3,28,I3_R28_V0_T0,0,0,8,4077.0,67.95,1.1325,2637.0,18.270639648437502,12.0,38016.0,42093.0
3,28,I3_R28_V0_T4,0,4,6,4101.0,68.35,1.1391666666666667,3021.0,20.951216796875,11.0,42268.0,46369.0
3,28,I3_R28_V0_T117,0,117,13,6841.0,114.01666666666667,1.9002777777777777,4501.0,31.210894531249995,23.0,46437.0,53278.0
3,28,I3_R28_V0_T238,0,238,21,7559.0,125.98333333333333,2.0997222222222223,3779.0,26.168707031249998,30.0,53278.0,60837.0
3,28,I3_R28_V1_T31,1,31,5,4868.0,81.13333333333334,1.3522222222222222,3968.0,27.538516357421877,9.0,36411.0,41279.0
3,28,I3_R28_V1_T55,1,55,12,7748.0,129.13333333333333,2.152222222222222,5588.0,38.75855517578124,21.0,41279.0,49027.0
3,28,I3_R28_V1_T102,1,102,11,5690.0,94.83333333333333,1.5805555555555555,3710.0,25.734576171875002,20.0,49027.0,54717.0
3,28,I3_R28_V1_T125,1,125,15,6338.0,105.63333333333334,1.7605555555555557,3638.0,25.206392578124998,26.0,54717.0,61055.0
3,28,I3_R28_V2_T7,2,7,5,3767.0,62.78333333333333,1.0463888888888888,2867.0,19.8844150390625,8.0,34901.0,38668.0
3,28,I3_R28_V2_T22,2,22,6,2944.0,49.06666666666667,0.8177777777777778,1864.0,12.92241015625,10.0,38983.0,41927.0
3,28,I3_R28_V2_T60,2,60,7,3835.0,63.916666666666664,1.0652777777777778,2563.0,17.764810546875,11.0,42349.0,46184.0
3,28,I3_R28_V2_T66,2,66,21,8719.0,145.31666666666666,2.4219444444444442,4939.0,34.225544921875,39.0,46184.0,54903.0
3,28,I3_R28_V2_T93,2,93,17,6276.0,104.6,1.7433333333333334,3216.0,22.273158203124996,26.0,54903.0,61179.0
3,29,I3_R29_V0_T32,0,32,1,2724.0,45.4,0.7566666666666667,2544.0,17.661431640625,1.0,32400.0,35124.0
3,29,I3_R29_V0_T40,0,40,11,5854.0,97.56666666666666,1.626111111111111,3874.0,26.866238281250002,17.0,37681.0,43535.0
3,29,I3_R29_V0_T47,0,47,14,6139.0,102.31666666666666,1.7052777777777777,3619.0,25.0708203125,25.0,43815.0,49954.0
3,29,I3_R29_V0_T58,0,58,14,6088.0,101.46666666666667,1.691111111111111,3568.0,24.728389160156244,25.0,49987.0,56075.0
3,29,I3_R29_V0_T215,0,215,14,5113.0,85.21666666666667,1.4202777777777778,2593.0,17.95612890625,23.0,56075.0,61188.0
3,29,I3_R29_V1_T47,1,47,13,7542.0,125.7,2.095,5058.0,35.085290649414056,19.0,36906.0,44448.0
3,29,I3_R29_V1_T101,1,101,15,6816.0,113.6,1.8933333333333333,4116.0,28.512277832031252,26.0,44595.0,51411.0
3,29,I3_R29_V1_T208,1,208,21,9697.0,161.61666666666667,2.693611111111111,5917.0,41.02182543945312,34.0,51411.0,61108.0
3,29,I3_R29_V2_T32,2,32,8,4574.0,76.23333333333333,1.2705555555555557,3100.0,21.499833984374998,14.0,36532.0,41106.0
3,29,I3_R29_V2_T75,2,75,11,6250.0,104.16666666666667,1.7361111111111112,4270.0,29.606476074218754,17.0,41106.0,47356.0
3,29,I3_R29_V2_T101,2,101,24,8286.0,138.1,2.3016666666666667,3966.0,27.448404296875,42.0,47356.0,55642.0
3,29,I3_R29_V2_T200,2,200,13,5375.0,89.58333333333333,1.4930555555555556,3035.0,21.0110322265625,22.0,55642.0,61017.0
3,30,I3_R30_V0_T29,0,29,3,3323.0,55.38333333333333,0.9230555555555555,2783.0,19.3169169921875,6.0,34014.0,37337.0
3,30,I3_R30_V0_T75,0,75,21,9359.0,155.98333333333332,2.5997222222222223,5579.0,38.66747851562499,35.0,38755.0,48114.0
3,30,I3_R30_V0_T76,0,76,4,1700.0,28.333333333333332,0.4722222222222222,980.0,6.7875429687499995,7.0,48114.0,49814.0
3,30,I3_R30_V0_T99,0,99,9,4386.0,73.1,1.2183333333333333,2766.0,19.17396826171875,17.0,49814.0,54200.0
3,30,I3_R30_V0_T251,0,251,14,6785.0,113.08333333333333,1.8847222222222222,4265.0,29.569128906249997,23.0,54200.0,60985.0
3,30,I3_R30_V1_T15,1,15,6,4648.0,77.46666666666667,1.291111111111111,3568.0,24.7570751953125,10.0,36571.0,41219.0
3,30,I3_R30_V1_T27,1,27,11,4911.0,81.85,1.3641666666666667,2931.0,20.3032578125,19.0,41219.0,46130.0
3,30,I3_R30_V1_T59,1,59,19,6912.0,115.2,1.92,3492.0,24.175764648437497,31.0,46242.0,53154.0
3,30,I3_R30_V1_T175,1,175,23,7880.0,131.33333333333334,2.188888888888889,3740.0,25.884751953124997,40.0,53154.0,61034.0
3,30,I3_R30_V2_T12,2,12,4,5102.0,85.03333333333333,1.4172222222222222,4382.0,30.4142333984375,5.0,32646.0,37748.0
3,30,I3_R30_V2_T45,2,45,8,6747.0,112.45,1.8741666666666668,5307.0,36.832425613403316,12.0,37748.0,44495.0
3,30,I3_R30_V2_T86,2,86,21,9378.0,156.3,2.605,5598.0,38.809833374023434,36.0,44495.0,53873.0
3,30,I3_R30_V2_T91,2,91,16,7095.0,118.25,1.9708333333333334,4215.0,29.211116210937497,25.0,53873.0,60968.0
3,31,I3_R31_V0_T25,0,25,6,6534.0,108.9,1.815,4164.0,28.895482421875002,10.0,35571.0,42105.0
3,31,I3_R31_V0_T131,0,131,9,4097.0,68.28333333333333,1.1380555555555556,2477.0,17.163724609375002,14.0,42105.0,46202.0
3,31,I3_R31_V0_T162,0,162,22,8369.0,139.48333333333332,2.3247222222222224,4409.0,30.536673828125,37.0,46473.0,54842.0
3,31,I3_R31_V0_T174,0,174,15,6218.0,103.63333333333334,1.7272222222222222,3518.0,24.380643554687502,25.0,54882.0,61100.0
3,31,I3_R31_V1_T7,1,7,11,7687.0,128.11666666666667,2.1352777777777776,5121.0,35.513588867187494,18.0,34801.0,42488.0
3,31,I3_R31_V1_T65,1,65,19,6492.0,108.2,1.8033333333333332,3072.0,21.255470703125003,32.0,43119.0,49611.0
3,31,I3_R31_V1_T92,1,92,14,5430.0,90.5,1.5083333333333333,2910.0,20.163902343749996,25.0,49611.0,55041.0
3,31,I3_R31_V1_T248,1,248,13,6134.0,102.23333333333333,1.7038888888888888,3794.0,26.30829296875,20.0,55041.0,61175.0
3,31,I3_R31_V2_T3,2,3,1,4670.0,77.83333333333333,1.2972222222222223,4490.0,31.1744501953125,2.0,32889.0,37559.0
3,31,I3_R31_V2_T64,2,64,8,5248.0,87.46666666666667,1.4577777777777778,3743.0,25.95837451171875,15.0,37559.0,42807.0
3,31,I3_R31_V2_T138,2,138,8,3890.0,64.83333333333333,1.0805555555555555,2450.0,16.9876015625,16.0,42807.0,46697.0
3,31,I3_R31_V2_T149,2,149,16,8398.0,139.96666666666667,2.332777777777778,5518.0,38.26020800781251,30.0,46697.0,55095.0
3,31,I3_R31_V2_T200,2,200,16,6030.0,100.5,1.675,3150.0,21.825885742187495,29.0,55132.0,61162.0
3,32,I3_R32_V0_T6,0,6,5,4670.0,77.83333333333333,1.2972222222222223,3770.0,26.164161132812502,9.0,36035.0,40705.0
3,32,I3_R32_V0_T25,0,25,15,6778.0,112.96666666666667,1.8827777777777779,4078.0,28.263906249999998,25.0,40818.0,47596.0
3,32,I3_R32_V0_T72,0,72,18,6943.0,115.71666666666667,1.928611111111111,3703.0,25.654240722656247,31.0,47596.0,54539.0
3,32,I3_R32_V0_T213,0,213,17,6548.0,109.13333333333334,1.818888888888889,3488.0,24.171003906249997,32.0,54539.0,61087.0
3,32,I3_R32_V1_T68,1,68,8,7152.0,119.2,1.9866666666666666,5712.0,39.64120361328125,14.0,35400.0,42552.0
3,32,I3_R32_V1_T92,1,92,14,6459.0,107.65,1.7941666666666667,3939.0,27.289818359374994,24.0,42552.0,49011.0
3,32,I3_R32_V1_T129,1,129,17,6641.0,110.68333333333334,1.8447222222222222,3581.0,24.799781250000002,32.0,49011.0,55652.0
3,32,I3_R32_V1_T149,1,149,12,5528.0,92.13333333333334,1.5355555555555556,3368.0,23.338983886718747,21.0,55652.0,61180.0
3,32,I3_R32_V2_T108,2,108,3,3180.0,53.0,0.8833333333333333,2640.0,18.327072265625,4.0,32476.0,35656.0
3,32,I3_R32_V2_T134,2,134,9,6607.0,110.11666666666666,1.8352777777777778,4987.0,34.60010095214844,16.0,37421.0,44028.0
3,32,I3_R32_V2_T141,2,141,12,5593.0,93.21666666666667,1.553611111111111,3420.0,23.706641601562502,14.0,44061.0,49654.0
3,32,I3_R32_V2_T166,2,166,14,5938.0,98.96666666666667,1.6494444444444445,3418.0,23.695647460937504,25.0,49654.0,55592.0
3,32,I3_R32_V2_T173,2,173,12,5600.0,93.33333333333333,1.5555555555555556,3440.0,23.84699658203125,23.0,55592.0,61192.0
3,33,I3_R33_V0_T2,0,2,5,5539.0,92.31666666666666,1.5386111111111112,4310.0,29.902281738281246,6.0,34539.0,40078.0
3,33,I3_R33_V0_T5,0,5,6,4232.0,70.53333333333333,1.1755555555555555,3152.0,21.870837890625,12.0,40078.0,44310.0
3,33,I3_R33_V0_T8,0,8,15,7152.0,119.2,1.9866666666666666,4452.0,30.863181640624997,27.0,44350.0,51502.0
3,33,I3_R33_V0_T38,0,38,14,6397.0,106.61666666666666,1.7769444444444444,3877.0,26.876876953125,25.0,51502.0,57899.0
3,33,I3_R33_V0_T51,0,51,5,3262.0,54.36666666666667,0.9061111111111111,2362.0,16.378333984375,8.0,57899.0,61161.0
3,33,I3_R33_V1_T106,1,106,2,3094.0,51.56666666666667,0.8594444444444445,2734.0,18.9734765625,4.0,34005.0,37099.0
3,33,I3_R33_V1_T126,1,126,7,5780.0,96.33333333333333,1.6055555555555556,4520.0,31.361645263671875,12.0,37305.0,43085.0
3,33,I3_R33_V1_T186,1,186,19,8867.0,147.78333333333333,2.4630555555555556,5447.0,37.74665429687499,35.0,43085.0,51952.0
3,33,I3_R33_V1_T207,1,207,5,2496.0,41.6,0.6933333333333334,1596.0,11.06593359375,10.0,51952.0,54448.0
3,33,I3_R33_V1_T276,1,276,16,6528.0,108.8,1.8133333333333332,3648.0,25.26862890625,25.0,54534.0,61062.0
3,33,I3_R33_V2_T0,2,0,4,3412.0,56.86666666666667,0.9477777777777778,2692.0,18.6726435546875,6.0,32734.0,36146.0
3,33,I3_R33_V2_T6,2,6,5,4994.0,83.23333333333333,1.3872222222222221,4094.0,28.408408203125,8.0,36449.0,41443.0
3,33,I3_R33_V2_T7,2,7,8,4969.0,82.81666666666666,1.3802777777777777,3529.0,24.487541015625,14.0,41465.0,46434.0
3,33,I3_R33_V2_T8,2,8,13,6344.0,105.73333333333333,1.7622222222222221,4004.0,27.752925781250003,23.0,46434.0,52778.0
3,33,I3_R33_V2_T30,2,30,21,8344.0,139.06666666666666,2.3177777777777777,4564.0,31.63024755859375,27.0,52786.0,61130.0
3,34,I3_R34_V0_T10,0,10,3,3499.0,58.31666666666667,0.9719444444444445,2858.0,19.828519531250002,4.0,32410.0,35909.0
3,34,I3_R34_V0_T21,0,21,5,3662.0,61.03333333333333,1.0172222222222222,2762.0,19.1595908203125,9.0,35909.0,39571.0
3,34,I3_R34_V0_T25,0,25,6,4926.0,82.1,1.3683333333333334,3846.0,26.69360693359375,11.0,40880.0,45806.0
3,34,I3_R34_V0_T54,0,54,7,4300.0,71.66666666666667,1.1944444444444444,3040.0,21.0777490234375,13.0,45806.0,50106.0
3,34,I3_R34_V0_T59,0,59,11,4556.0,75.93333333333334,1.2655555555555555,2576.0,17.843562499999997,17.0,50106.0,54662.0
3,34,I3_R34_V0_T86,0,86,16,6533.0,108.88333333333334,1.8147222222222221,3653.0,25.3121171875,24.0,54662.0,61195.0
3,34,I3_R34_V1_T37,1,37,12,6729.0,112.15,1.8691666666666666,4569.0,31.674689453125,19.0,37533.0,44262.0
3,34,I3_R34_V1_T103,1,103,3,1463.0,24.383333333333333,0.4063888888888889,923.0,6.398583984375,6.0,44262.0,45725.0
3,34,I3_R34_V1_T151,1,151,22,8879.0,147.98333333333332,2.466388888888889,4919.0,34.0779619140625,40.0,45861.0,54740.0
3,34,I3_R34_V1_T154,1,154,15,6412.0,106.86666666666666,1.781111111111111,3712.0,25.722500976562497,28.0,54740.0,61152.0
3,34,I3_R34_V2_T19,2,19,3,3646.0,60.766666666666666,1.0127777777777778,3106.0,21.549384765625,5.0,32887.0,36533.0
3,34,I3_R34_V2_T77,2,77,9,6911.0,115.18333333333334,1.9197222222222223,5291.0,36.70523486328125,16.0,37651.0,44562.0
3,34,I3_R34_V2_T94,2,94,21,8081.0,134.68333333333334,2.2447222222222223,4301.0,29.788982910156253,38.0,44562.0,52643.0
3,34,I3_R34_V2_T198,2,198,5,3161.0,52.68333333333333,0.8780555555555556,2261.0,15.6789658203125,8.0,52643.0,55804.0
3,34,I3_R34_V2_T211,2,211,10,4885.0,81.41666666666667,1.3569444444444445,3085.0,21.3731396484375,17.0,55804.0,60689.0
3,35,I3_R35_V0_T36,0,36,1,3742.0,62.36666666666667,1.0394444444444444,3562.0,24.7247353515625,1.0,32400.0,36142.0
3,35,I3_R35_V0_T46,0,46,17,8763.0,146.05,2.4341666666666666,5703.0,39.54371777343751,25.0,37363.0,46126.0
3,35,I3_R35_V0_T66,0,66,25,9627.0,160.45,2.674166666666667,5127.0,35.50286328125,38.0,46126.0,55753.0
3,35,I3_R35_V0_T79,0,79,12,5365.0,89.41666666666667,1.4902777777777778,3205.0,22.201934082031254,17.0,55753.0,61118.0
3,35,I3_R35_V1_T56,1,56,3,2562.0,42.7,0.7116666666666667,2022.0,14.026742187499998,6.0,35905.0,38467.0
3,35,I3_R35_V1_T73,1,73,11,6479.0,107.98333333333333,1.7997222222222222,4499.0,31.197662109375,19.0,38467.0,44946.0
3,35,I3_R35_V1_T110,1,110,10,4788.0,79.8,1.33,2988.0,20.706699218749996,18.0,44946.0,49734.0
3,35,I3_R35_V1_T129,1,129,13,5501.0,91.68333333333334,1.5280555555555555,3161.0,21.8931171875,22.0,49734.0,55235.0
3,35,I3_R35_V1_T170,1,170,13,5844.0,97.4,1.6233333333333333,3504.0,24.279590820312496,23.0,55235.0,61079.0
3,35,I3_R35_V2_T15,2,15,5,3718.0,61.96666666666667,1.0327777777777778,2818.0,19.54445751953125,8.0,34403.0,38121.0
3,35,I3_R35_V2_T34,2,34,9,5357.0,89.28333333333333,1.4880555555555555,3737.0,25.9142978515625,13.0,38121.0,43478.0
3,35,I3_R35_V2_T80,2,80,14,5916.0,98.6,1.6433333333333333,3396.0,23.535439453125,25.0,43679.0,49595.0
3,35,I3_R35_V2_T132,2,132,16,6393.0,106.55,1.7758333333333334,3513.0,24.327724609375004,27.0,49680.0,56073.0
3,35,I3_R35_V2_T281,2,281,12,5104.0,85.06666666666666,1.4177777777777778,2944.0,20.388144531250003,19.0,56073.0,61177.0
3,36,I3_R36_V0_T10,0,10,7,4561.0,76.01666666666667,1.2669444444444444,3301.0,22.89390625,12.0,36928.0,41489.0
3,36,I3_R36_V0_T49,0,49,18,7184.0,119.73333333333333,1.9955555555555555,3944.0,27.311642578125007,28.0,41489.0,48673.0
3,36,I3_R36_V0_T177,0,177,23,9062.0,151.03333333333333,2.5172222222222222,4922.0,34.09373681640625,33.0,48673.0,57735.0
3,36,I3_R36_V0_T184,0,184,7,3315.0,55.25,0.9208333333333333,2055.0,14.241859375,12.0,57735.0,61050.0
3,36,I3_R36_V1_T8,1,8,2,4671.0,77.85,1.2975,3191.0,22.1500791015625,2.0,32400.0,37071.0
3,36,I3_R36_V1_T30,1,30,9,6296.0,104.93333333333334,1.748888888888889,4676.0,32.43869677734375,17.0,38174.0,44470.0
3,36,I3_R36_V1_T34,1,34,21,8156.0,135.93333333333334,2.2655555555555558,4281.0,29.638953124999993,37.0,44753.0,52909.0
3,36,I3_R36_V1_T82,1,82,20,8057.0,134.28333333333333,2.2380555555555555,4457.0,30.874736816406248,31.0,53122.0,61179.0
3,36,I3_R36_V2_T28,2,28,2,2880.0,48.0,0.8,2520.0,17.48644873046875,4.0,37982.0,40862.0
3,36,I3_R36_V2_T46,2,46,2,2048.0,34.13333333333333,0.5688888888888889,1688.0,11.70955859375,4.0,40868.0,42916.0
3,36,I3_R36_V2_T86,2,86,9,5167.0,86.11666666666666,1.4352777777777779,3547.0,24.5971064453125,18.0,42916.0,48083.0
3,36,I3_R36_V2_T89,2,89,13,6504.0,108.4,1.8066666666666666,4164.0,28.85855810546875,25.0,48083.0,54587.0
3,36,I3_R36_V2_T98,2,98,13,6503.0,108.38333333333334,1.8063888888888888,4163.0,28.8544345703125,22.0,54587.0,61090.0
3,37,I3_R37_V0_T39,0,39,1,4186.0,69.76666666666667,1.1627777777777777,4006.0,27.806605224609374,2.0,33184.0,37370.0
3,37,I3_R37_V0_T60,0,60,8,5694.0,94.9,1.5816666666666668,4175.0,28.958599609375,12.0,37370.0,43064.0
3,37,I3_R37_V0_T62,0,62,2,1652.0,27.533333333333335,0.4588888888888889,1292.0,8.960341796875,4.0,43064.0,44716.0
3,37,I3_R37_V0_T77,0,77,12,5760.0,96.0,1.6,3600.0,24.951994140625,22.0,45297.0,51057.0
3,37,I3_R37_V0_T81,0,81,12,5302.0,88.36666666666666,1.4727777777777777,3142.0,21.772515625,22.0,51057.0,56359.0
3,37,I3_R37_V0_T252,0,252,9,4799.0,79.98333333333333,1.3330555555555557,3179.0,22.0452041015625,15.0,56359.0,61158.0
3,37,I3_R37_V1_T38,1,38,2,2999.0,49.983333333333334,0.8330555555555555,2639.0,18.31092578125,3.0,33217.0,36216.0
3,37,I3_R37_V1_T43,1,43,8,4502.0,75.03333333333333,1.2505555555555556,3062.0,21.220568359375,12.0,36358.0,40860.0
3,37,I3_R37_V1_T51,1,51,3,2620.0,43.666666666666664,0.7277777777777777,2080.0,14.429058105468751,6.0,40860.0,43480.0
3,37,I3_R37_V1_T56,1,56,12,5044.0,84.06666666666666,1.4011111111111112,2884.0,19.988639648437502,20.0,43480.0,48524.0
3,37,I3_R37_V1_T80,1,80,14,5923.0,98.71666666666667,1.6452777777777778,3313.0,22.951029296875003,25.0,48524.0,54447.0
3,37,I3_R37_V1_T98,1,98,17,6675.0,111.25,1.8541666666666667,3615.0,25.034569335937498,31.0,54447.0,61122.0
3,37,I3_R37_V2_T14,2,14,10,7005.0,116.75,1.9458333333333333,5205.0,36.107384765625,18.0,35477.0,42482.0
3,37,I3_R37_V2_T16,2,16,5,2754.0,45.9,0.765,1854.0,12.852632812500001,8.0,42482.0,45236.0
3,37,I3_R37_V2_T37,2,37,17,7759.0,129.31666666666666,2.1552777777777776,4699.0,32.57529931640626,28.0,45236.0,52995.0
3,37,I3_R37_V2_T38,2,38,18,7815.0,130.25,2.1708333333333334,4575.0,31.709822753906252,28.0,53126.0,60941.0
3,38,I3_R38_V0_T34,0,34,6,4738.0,78.96666666666667,1.316111111111111,3658.0,25.3864931640625,12.0,37377.0,42115.0
3,38,I3_R38_V0_T100,0,100,12,5378.0,89.63333333333334,1.4938888888888888,3218.0,22.3094140625,22.0,42323.0,47701.0
3,38,I3_R38_V0_T113,0,113,4,1813.0,30.216666666666665,0.5036111111111111,1093.0,7.56931640625,8.0,47701.0,49514.0
3,38,I3_R38_V0_T156,0,156,24,9505.0,158.41666666666666,2.640277777777778,5185.0,35.91053466796875,36.0,49821.0,59326.0
3,38,I3_R38_V0_T239,0,239,2,1870.0,31.166666666666668,0.5194444444444445,1510.0,10.478526367187499,4.0,59326.0,61196.0
3,38,I3_R38_V1_T29,1,29,2,8129.0,135.48333333333332,2.2580555555555555,6948.0,48.24394506835938,2.0,32400.0,40529.0
3,38,I3_R38_V1_T39,1,39,13,6790.0,113.16666666666667,1.886111111111111,4450.0,30.846717773437497,22.0,40542.0,47332.0
3,38,I3_R38_V1_T63,1,63,20,7523.0,125.38333333333334,2.089722222222222,3923.0,27.1724375,37.0,47385.0,54908.0
3,38,I3_R38_V1_T73,1,73,13,6021.0,100.35,1.6725,3681.0,25.515838867187497,23.0,54908.0,60929.0
3,38,I3_R38_V2_T48,2,48,6,5231.0,87.18333333333334,1.4530555555555555,4151.0,28.79667236328125,10.0,37846.0,43077.0
3,38,I3_R38_V2_T56,2,56,14,5419.0,90.31666666666666,1.5052777777777777,2785.0,19.272818359375005,23.0,43077.0,48496.0
3,38,I3_R38_V2_T94,2,94,15,6808.0,113.46666666666667,1.8911111111111112,4108.0,28.485125000000004,24.0,48496.0,55304.0
3,38,I3_R38_V2_T161,2,161,17,5884.0,98.06666666666666,1.6344444444444444,2824.0,19.544058593749998,30.0,55304.0,61188.0
3,39,I3_R39_V0_T2,0,2,7,5480.0,91.33333333333333,1.5222222222222221,4220.0,29.292832397460934,9.0,35253.0,40733.0
3,39,I3_R39_V0_T5,0,5,9,4545.0,75.75,1.2625,2925.0,20.278875000000003,13.0,40733.0,45278.0
3,39,I3_R39_V0_T38,0,38,11,6007.0,100.11666666666666,1.668611111111111,4027.0,27.929541748046876,20.0,45278.0,51285.0
3,39,I3_R39_V0_T44,0,44,10,4589.0,76.48333333333333,1.2747222222222223,2789.0,19.324547851562496,17.0,51285.0,55874.0
3,39,I3_R39_V0_T56,0,56,9,5297.0,88.28333333333333,1.4713888888888889,3677.0,25.500178222656253,16.0,55874.0,61171.0
3,39,I3_R39_V1_T6,1,6,4,3530.0,58.833333333333336,0.9805555555555555,2810.0,19.493201171875,6.0,37327.0,40857.0
3,39,I3_R39_V1_T22,1,22,5,3558.0,59.3,0.9883333333333333,2658.0,18.4406083984375,10.0,40857.0,44415.0
3,39,I3_R39_V1_T23,1,23,14,5897.0,98.28333333333333,1.6380555555555556,3377.0,23.40453515625,25.0,44415.0,50312.0
3,39,I3_R39_V1_T63,1,63,11,4674.0,77.9,1.2983333333333333,2694.0,18.66030078125,17.0,50312.0,54986.0
3,39,I3_R39_V1_T73,1,73,16,5983.0,99.71666666666667,1.6619444444444444,3103.0,21.4924658203125,30.0,54986.0,60969.0
3,39,I3_R39_V2_T67,2,67,7,5933.0,98.88333333333334,1.6480555555555556,4143.0,28.74052783203125,10.0,36701.0,42634.0
3,39,I3_R39_V2_T118,2,118,13,6332.0,105.53333333333333,1.758888888888889,3992.0,27.667227294921872,23.0,42976.0,49308.0
3,39,I3_R39_V2_T148,2,148,8,3424.0,57.06666666666667,0.9511111111111111,1984.0,13.740562500000001,15.0,49308.0,52732.0
3,39,I3_R39_V2_T257,2,257,19,8444.0,140.73333333333332,2.3455555555555554,5024.0,34.81249975585938,29.0,52732.0,61176.0
3,40,I3_R40_V0_T0,0,0,7,5485.0,91.41666666666667,1.523611111111111,4225.0,29.3184931640625,10.0,33257.0,38742.0
3,40,I3_R40_V0_T5,0,5,6,4208.0,70.13333333333334,1.1688888888888889,3128.0,21.70190625,10.0,38742.0,42950.0
3,40,I3_R40_V0_T17,0,17,4,2047.0,34.11666666666667,0.5686111111111111,1327.0,9.188330078124999,7.0,42950.0,44997.0
3,40,I3_R40_V0_T28,0,28,9,3997.0,66.61666666666666,1.1102777777777777,2377.0,16.485529296874997,16.0,44997.0,48994.0
3,40,I3_R40_V0_T283,0,283,30,12112.0,201.86666666666667,3.3644444444444446,6712.0,46.49730273437498,48.0,48994.0,61106.0
3,40,I3_R40_V1_T18,1,18,4,2853.0,47.55,0.7925,2133.0,14.797810546875,5.0,32559.0,35412.0
3,40,I3_R40_V1_T28,1,28,10,6694.0,111.56666666666666,1.8594444444444445,4894.0,33.947951171875,17.0,35747.0,42441.0
3,40,I3_R40_V1_T29,1,29,11,5035.0,83.91666666666667,1.398611111111111,3055.0,21.180541015624996,19.0,42453.0,47488.0
3,40,I3_R40_V1_T31,1,31,18,6991.0,116.51666666666667,1.9419444444444445,3751.0,25.988039062499997,33.0,47488.0,54479.0
3,40,I3_R40_V1_T43,1,43,16,6622.0,110.36666666666666,1.8394444444444444,3742.0,25.9235830078125,29.0,54555.0,61177.0
3,40,I3_R40_V2_T3,2,3,1,2820.0,47.0,0.7833333333333333,2640.0,18.3299658203125,2.0,33307.0,36127.0
3,40,I3_R40_V2_T11,2,11,14,8449.0,140.81666666666666,2.3469444444444445,5929.0,41.11773071289063,20.0,36127.0,44576.0
3,40,I3_R40_V2_T27,2,27,19,8609.0,143.48333333333332,2.391388888888889,5189.0,35.97470703125,33.0,44576.0,53185.0
3,40,I3_R40_V2_T48,2,48,11,5779.0,96.31666666666666,1.6052777777777778,3799.0,26.340692382812506,20.0,53185.0,58964.0
3,40,I3_R40_V2_T83,2,83,3,2207.0,36.78333333333333,0.6130555555555556,1667.0,11.558556640625,6.0,58964.0,61171.0
3,41,I3_R41_V0_T32,0,32,1,7186.0,119.76666666666667,1.9961111111111112,2222.0,15.423560546875,1.0,32400.0,39586.0
3,41,I3_R41_V0_T79,0,79,10,4912.0,81.86666666666666,1.3644444444444443,3112.0,21.571941406250005,18.0,39996.0,44908.0
3,41,I3_R41_V0_T132,0,132,11,4486.0,74.76666666666667,1.2461111111111112,2506.0,17.364384765624997,19.0,44934.0,49420.0
3,41,I3_R41_V0_T148,0,148,15,5531.0,92.18333333333334,1.5363888888888888,2831.0,19.6073798828125,24.0,49420.0,54951.0
3,41,I3_R41_V0_T202,0,202,15,6149.0,102.48333333333333,1.7080555555555557,3449.0,23.899263671874994,25.0,55033.0,61182.0
3,41,I3_R41_V1_T15,1,15,13,8418.0,140.3,2.3383333333333334,5864.0,40.678082519531245,21.0,34678.0,43096.0
3,41,I3_R41_V1_T23,1,23,6,2961.0,49.35,0.8225,1881.0,13.035900390624999,11.0,43096.0,46057.0
3,41,I3_R41_V1_T32,1,32,15,6099.0,101.65,1.6941666666666666,3399.0,23.55703271484375,23.0,46057.0,52156.0
3,41,I3_R41_V1_T35,1,35,17,6498.0,108.3,1.805,3438.0,23.81451318359375,30.0,52178.0,58676.0
3,41,I3_R41_V1_T74,1,74,4,2502.0,41.7,0.695,1782.0,12.356755859375,7.0,58676.0,61178.0
3,41,I3_R41_V2_T26,2,26,3,6136.0,102.26666666666667,1.7044444444444444,3067.0,21.28227099609375,5.0,35830.0,41966.0
3,41,I3_R41_V2_T27,2,27,8,4992.0,83.2,1.3866666666666667,3525.0,24.4530361328125,15.0,42059.0,47051.0
3,41,I3_R41_V2_T29,2,29,19,7592.0,126.53333333333333,2.108888888888889,4172.0,28.8884990234375,32.0,47088.0,54680.0
3,41,I3_R41_V2_T35,2,35,17,6504.0,108.4,1.8066666666666666,3444.0,23.8618759765625,29.0,54691.0,61195.0
3,42,I3_R42_V0_T1,0,1,15,9053.0,150.88333333333333,2.5147222222222223,4660.0,32.3047880859375,20.0,36706.0,45759.0
3,42,I3_R42_V0_T42,0,42,22,8712.0,145.2,2.42,4752.0,32.9102431640625,38.0,46139.0,54851.0
3,42,I3_R42_V0_T192,0,192,13,5969.0,99.48333333333333,1.6580555555555556,3629.0,25.1679306640625,22.0,54851.0,60820.0
3,42,I3_R42_V1_T4,1,4,5,6335.0,105.58333333333333,1.7597222222222222,5435.0,37.7289111328125,9.0,33685.0,40020.0
3,42,I3_R42_V1_T6,1,6,12,7310.0,121.83333333333333,2.0305555555555554,5150.0,35.730111328125,19.0,41280.0,48590.0
3,42,I3_R42_V1_T147,1,147,13,5322.0,88.7,1.4783333333333333,2982.0,20.660404296875,25.0,48636.0,53958.0
3,42,I3_R42_V1_T148,1,148,17,7165.0,119.41666666666667,1.9902777777777778,4105.0,28.460783203125004,29.0,53958.0,61123.0
3,42,I3_R42_V2_T64,2,64,6,4396.0,73.26666666666667,1.221111111111111,3238.0,22.4545625,9.0,34264.0,38660.0
3,42,I3_R42_V2_T107,2,107,11,5844.0,97.4,1.6233333333333333,3864.0,26.798173828124998,18.0,41100.0,46944.0
3,42,I3_R42_V2_T177,2,177,19,8232.0,137.2,2.2866666666666666,4812.0,33.357768554687496,32.0,47206.0,55438.0
3,42,I3_R42_V2_T248,2,248,15,5753.0,95.88333333333334,1.5980555555555556,3053.0,21.1480302734375,26.0,55438.0,61191.0
3,43,I3_R43_V0_T29,0,29,15,6879.0,114.65,1.9108333333333334,4177.0,28.955904296875,25.0,40712.0,47591.0
3,43,I3_R43_V0_T172,0,172,22,7282.0,121.36666666666666,2.022777777777778,3322.0,22.97357421875,43.0,47616.0,54898.0
3,43,I3_R43_V0_T222,0,222,14,6003.0,100.05,1.6675,3483.0,24.145617187499994,22.0,54898.0,60901.0
3,43,I3_R43_V1_T8,1,8,2,3314.0,55.233333333333334,0.9205555555555556,2954.0,20.5083173828125,4.0,33627.0,36941.0
3,43,I3_R43_V1_T25,1,25,9,6268.0,104.46666666666667,1.741111111111111,4648.0,32.24504125976563,17.0,39160.0,45428.0
3,43,I3_R43_V1_T29,1,29,22,8448.0,140.8,2.3466666666666667,4488.0,31.082316162109375,34.0,45428.0,53876.0
3,43,I3_R43_V1_T296,1,296,18,7281.0,121.35,2.0225,4041.0,28.005974609375002,29.0,53876.0,61157.0
3,43,I3_R43_V2_T15,2,15,7,5588.0,93.13333333333334,1.5522222222222222,4328.0,30.02234765625,11.0,38422.0,44010.0
3,43,I3_R43_V2_T21,2,21,3,1997.0,33.28333333333333,0.5547222222222222,1457.0,10.108427734374999,6.0,44010.0,46007.0
3,43,I3_R43_V2_T115,2,115,27,10993.0,183.21666666666667,3.053611111111111,6133.0,42.496704589843745,42.0,46007.0,57000.0
3,43,I3_R43_V2_T172,2,172,8,3758.0,62.63333333333333,1.0438888888888889,2318.0,16.0742412109375,14.0,57000.0,60758.0
3,44,I3_R44_V0_T12,0,12,2,5267.0,87.78333333333333,1.4630555555555556,3310.0,22.97797265625,2.0,32400.0,37667.0
3,44,I3_R44_V0_T34,0,34,4,5181.0,86.35,1.4391666666666667,4461.0,30.961381835937498,7.0,39106.0,44287.0
3,44,I3_R44_V0_T101,0,101,6,3797.0,63.28333333333333,1.0547222222222221,2717.0,18.84043359375,12.0,44314.0,48111.0
3,44,I3_R44_V0_T107,0,107,19,7350.0,122.5,2.0416666666666665,3930.0,27.226862304687497,37.0,48111.0,55461.0
3,44,I3_R44_V0_T145,0,145,12,5639.0,93.98333333333333,1.5663888888888888,3479.0,24.119614746093752,21.0,55461.0,61100.0
3,44,I3_R44_V1_T3,1,3,4,5625.0,93.75,1.5625,3874.0,26.884437500000004,6.0,33803.0,39428.0
3,44,I3_R44_V1_T20,1,20,1,1614.0,26.9,0.4483333333333333,1434.0,9.946791015625,2.0,39428.0,41042.0
3,44,I3_R44_V1_T22,1,22,11,6050.0,100.83333333333333,1.6805555555555556,4070.0,28.213374999999996,17.0,41043.0,47093.0
3,44,I3_R44_V1_T27,1,27,16,7220.0,120.33333333333333,2.0055555555555555,4340.0,30.088670898437503,26.0,47175.0,54395.0
3,44,I3_R44_V1_T42,1,42,14,6803.0,113.38333333333334,1.8897222222222223,4283.0,29.6907685546875,27.0,54395.0,61198.0
3,44,I3_R44_V2_T22,2,22,14,7853.0,130.88333333333333,2.181388888888889,5333.0,36.968860351562505,24.0,36470.0,44323.0
3,44,I3_R44_V2_T23,2,23,19,8524.0,142.06666666666666,2.367777777777778,5104.0,35.368833984374994,32.0,44360.0,52884.0
3,44,I3_R44_V2_T35,2,35,1,1036.0,17.266666666666666,0.2877777777777778,856.0,5.930759765625,2.0,52884.0,53920.0
3,44,I3_R44_V2_T51,2,51,18,7217.0,120.28333333333333,2.004722222222222,3977.0,27.5610126953125,30.0,53920.0,61137.0
3,45,I3_R45_V0_T26,0,26,6,8267.0,137.78333333333333,2.296388888888889,3724.0,25.838337890625002,6.0,32400.0,40667.0
3,45,I3_R45_V0_T70,0,70,11,5906.0,98.43333333333334,1.6405555555555555,3926.0,27.225934570312496,18.0,41132.0,47038.0
3,45,I3_R45_V0_T93,0,93,16,6225.0,103.75,1.7291666666666667,3345.0,23.185638671875,30.0,47038.0,53263.0
3,45,I3_R45_V0_T94,0,94,19,7864.0,131.06666666666666,2.1844444444444444,4444.0,30.783465820312493,29.0,53263.0,61127.0
3,45,I3_R45_V1_T23,1,23,5,4022.0,67.03333333333333,1.1172222222222221,3122.0,21.655034179687497,9.0,40243.0,44265.0
3,45,I3_R45_V1_T33,1,33,24,9775.0,162.91666666666666,2.7152777777777777,5455.0,37.791425292968746,39.0,44826.0,54601.0
3,45,I3_R45_V1_T188,1,188,16,6433.0,107.21666666666667,1.7869444444444444,3553.0,24.6017421875,27.0,54730.0,61163.0
3,45,I3_R45_V2_T19,2,19,2,2173.0,36.21666666666667,0.6036111111111111,1813.0,12.5783681640625,3.0,33199.0,35372.0
3,45,I3_R45_V2_T83,2,83,8,6110.0,101.83333333333333,1.6972222222222222,4670.0,32.38771826171875,12.0,36844.0,42954.0
3,45,I3_R45_V2_T102,2,102,8,4227.0,70.45,1.1741666666666666,2787.0,19.319896484375,14.0,42954.0,47181.0
3,45,I3_R45_V2_T135,2,135,16,7061.0,117.68333333333334,1.9613888888888888,4181.0,28.984300292968747,30.0,47181.0,54242.0
3,45,I3_R45_V2_T166,2,166,15,6944.0,115.73333333333333,1.9288888888888889,4244.0,29.401255859375,27.0,54242.0,61186.0
3,46,I3_R46_V0_T6,0,6,4,4814.0,80.23333333333333,1.3372222222222223,4094.0,28.4087265625,6.0,37767.0,42581.0
3,46,I3_R46_V0_T11,0,11,9,5080.0,84.66666666666667,1.4111111111111112,3460.0,24.002233398437504,16.0,42686.0,47766.0
3,46,I3_R46_V0_T16,0,16,12,5640.0,94.0,1.5666666666666667,3480.0,24.1112080078125,22.0,47766.0,53406.0
3,46,I3_R46_V0_T130,0,130,18,7794.0,129.9,2.165,4554.0,31.55867822265625,24.0,53406.0,61200.0
3,46,I3_R46_V1_T45,1,45,2,3051.0,50.85,0.8475,2691.0,18.67530078125,4.0,33476.0,36527.0
3,46,I3_R46_V1_T48,1,48,8,6013.0,100.21666666666667,1.6702777777777778,4573.0,31.725985839843744,14.0,37426.0,43439.0
3,46,I3_R46_V1_T91,1,91,17,7155.0,119.25,1.9875,4095.0,28.383155273437502,30.0,43439.0,50594.0
3,46,I3_R46_V1_T190,1,190,19,7986.0,133.1,2.2183333333333333,4566.0,31.61997509765625,31.0,50594.0,58580.0
3,46,I3_R46_V1_T232,1,232,4,2365.0,39.416666666666664,0.6569444444444444,1645.0,11.410101562500001,7.0,58580.0,60945.0
3,46,I3_R46_V2_T10,2,10,3,3759.0,62.65,1.0441666666666667,3219.0,22.334171875,6.0,35141.0,38900.0
3,46,I3_R46_V2_T62,2,62,11,5529.0,92.15,1.5358333333333334,3549.0,24.613425781250005,14.0,39738.0,45267.0
3,46,I3_R46_V2_T104,2,104,15,5970.0,99.5,1.6583333333333334,3270.0,22.65084960937501,26.0,45301.0,51271.0
3,46,I3_R46_V2_T119,2,119,20,7387.0,123.11666666666666,2.0519444444444446,3787.0,26.228555664062505,37.0,51271.0,58658.0
3,46,I3_R46_V2_T129,2,129,4,2497.0,41.61666666666667,0.6936111111111111,1777.0,12.32260546875,7.0,58658.0,61155.0
3,47,I3_R47_V0_T38,0,38,4,3450.0,57.5,0.9583333333333334,2730.0,18.934267578125,6.0,34503.0,37953.0
3,47,I3_R47_V0_T70,0,70,4,4420.0,73.66666666666667,1.2277777777777779,3700.0,25.67385546875,7.0,38453.0,42873.0
3,47,I3_R47_V0_T141,0,141,11,5006.0,83.43333333333334,1.3905555555555555,3026.0,20.964806640625003,17.0,42873.0,47879.0
3,47,I3_R47_V0_T190,0,190,18,6606.0,110.1,1.835,3366.0,23.305056640625,33.0,47879.0,54485.0
3,47,I3_R47_V0_T210,0,210,16,6694.0,111.56666666666666,1.8594444444444445,3814.0,26.4241025390625,29.0,54485.0,61179.0
3,47,I3_R47_V1_T29,1,29,17,7285.0,121.41666666666667,2.0236111111111112,4225.0,29.2780634765625,26.0,38381.0,45666.0
3,47,I3_R47_V1_T31,1,31,2,1361.0,22.683333333333334,0.37805555555555553,1001.0,6.94080078125,4.0,45666.0,47027.0
3,47,I3_R47_V1_T53,1,53,18,8126.0,135.43333333333334,2.257222222222222,4886.0,33.86325390625,29.0,47112.0,55238.0
3,47,I3_R47_V1_T64,1,64,13,5895.0,98.25,1.6375,3555.0,24.628649902343746,23.0,55238.0,61133.0
3,47,I3_R47_V2_T31,2,31,6,6423.0,107.05,1.7841666666666667,5343.0,37.0790583190918,10.0,34093.0,40516.0
3,47,I3_R47_V2_T66,2,66,9,5530.0,92.16666666666667,1.5361111111111112,3542.0,24.57816552734375,14.0,40525.0,46055.0
3,47,I3_R47_V2_T145,2,145,12,5375.0,89.58333333333333,1.4930555555555556,3215.0,22.279858398437504,22.0,46055.0,51430.0
3,47,I3_R47_V2_T153,2,153,3,2339.0,38.983333333333334,0.6497222222222222,1799.0,12.4770703125,5.0,51430.0,53769.0
3,47,I3_R47_V2_T178,2,178,17,7385.0,123.08333333333333,2.051388888888889,4325.0,29.96026806640625,27.0,53769.0,61154.0
3,48,I3_R48_V0_T21,0,21,9,6641.0,110.68333333333334,1.8447222222222222,4614.0,32.00353125,15.0,36604.0,43245.0
3,48,I3_R48_V0_T24,0,24,7,3890.0,64.83333333333333,1.0805555555555555,2630.0,18.238980468749997,12.0,43245.0,47135.0
3,48,I3_R48_V0_T26,0,26,16,7512.0,125.2,2.0866666666666664,4632.0,32.105373046875,27.0,47135.0,54647.0
3,48,I3_R48_V0_T56,0,56,12,6477.0,107.95,1.7991666666666666,4317.0,29.92888134765625,24.0,54647.0,61124.0
3,48,I3_R48_V1_T25,1,25,7,5017.0,83.61666666666666,1.3936111111111111,3757.0,26.057197265625,10.0,36524.0,41541.0
3,48,I3_R48_V1_T38,1,38,11,5979.0,99.65,1.6608333333333334,3999.0,27.732417968750003,16.0,41541.0,47520.0
3,48,I3_R48_V1_T53,1,53,19,7543.0,125.71666666666667,2.0952777777777776,4123.0,28.578196289062497,35.0,47520.0,55063.0
3,48,I3_R48_V1_T281,1,281,13,6095.0,101.58333333333333,1.6930555555555555,3755.0,26.022023437499996,23.0,55063.0,61158.0
3,48,I3_R48_V2_T2,2,2,3,4834.0,80.56666666666666,1.3427777777777778,4294.0,29.7988759765625,3.0,32400.0,37234.0
3,48,I3_R48_V2_T16,2,16,10,6809.0,113.48333333333333,1.8913888888888888,4485.0,31.096949707031246,14.0,37234.0,44043.0
3,48,I3_R48_V2_T41,2,41,9,5208.0,86.8,1.4466666666666668,3530.0,24.484549804687497,15.0,44043.0,49251.0
3,48,I3_R48_V2_T42,2,42,11,4659.0,77.65,1.2941666666666667,2679.0,18.568479003906248,15.0,49251.0,53910.0
3,48,I3_R48_V2_T73,2,73,18,7157.0,119.28333333333333,1.9880555555555555,3917.0,27.144501953124998,31.0,54017.0,61174.0
3,49,I3_R49_V0_T7,0,7,7,5132.0,85.53333333333333,1.4255555555555555,3872.0,26.858037109374997,13.0,37320.0,42452.0
3,49,I3_R49_V0_T76,0,76,12,5199.0,86.65,1.4441666666666666,3039.0,21.068035156249998,20.0,42452.0,47651.0
3,49,I3_R49_V0_T83,0,83,12,5281.0,88.01666666666667,1.4669444444444444,3121.0,21.616845703125,21.0,47651.0,52932.0
3,49,I3_R49_V0_T129,0,129,21,8245.0,137.41666666666666,2.290277777777778,4465.0,30.936525390625,36.0,52932.0,61177.0
3,49,I3_R49_V1_T39,1,39,6,5371.0,89.51666666666667,1.4919444444444445,4291.0,29.77278515625,12.0,36369.0,41740.0
3,49,I3_R49_V1_T59,1,59,10,5872.0,97.86666666666666,1.6311111111111112,4072.0,28.2412529296875,19.0,42087.0,47959.0
3,49,I3_R49_V1_T60,1,60,22,7845.0,130.75,2.1791666666666667,3885.0,26.8916181640625,38.0,47959.0,55804.0
3,49,I3_R49_V1_T150,1,150,11,5233.0,87.21666666666667,1.4536111111111112,3253.0,22.547442382812502,19.0,55804.0,61037.0
3,49,I3_R49_V2_T9,2,9,11,5789.0,96.48333333333333,1.6080555555555556,3809.0,26.41335400390625,20.0,41028.0,46817.0
3,49,I3_R49_V2_T10,2,10,13,5249.0,87.48333333333333,1.4580555555555557,2909.0,20.161708984375,24.0,46817.0,52066.0
3,49,I3_R49_V2_T34,2,34,20,9081.0,151.35,2.5225,5481.0,37.99886181640625,33.0,52066.0,61147.0
3,50,I3_R50_V0_T12,0,12,4,4922.0,82.03333333333333,1.3672222222222221,4202.0,29.162625000000002,6.0,37135.0,42057.0
3,50,I3_R50_V0_T23,0,23,8,4478.0,74.63333333333334,1.2438888888888888,3038.0,21.06890234375,14.0,42057.0,46535.0
3,50,I3_R50_V0_T25,0,25,12,6440.0,107.33333333333333,1.788888888888889,4280.0,29.667219726562497,22.0,46535.0,52975.0
3,50,I3_R50_V0_T259,0,259,22,8179.0,136.31666666666666,2.2719444444444443,4219.0,29.199923828125,33.0,52975.0,61154.0
3,50,I3_R50_V1_T47,1,47,2,4152.0,69.2,1.1533333333333333,3792.0,26.3282421875,4.0,34818.0,38970.0
3,50,I3_R50_V1_T122,1,122,13,5654.0,94.23333333333333,1.5705555555555555,3314.0,22.973251953125004,20.0,38970.0,44624.0
3,50,I3_R50_V1_T163,1,163,19,8183.0,136.38333333333333,2.2730555555555556,4675.0,32.39203613281249,33.0,44863.0,53046.0
3,50,I3_R50_V1_T165,1,165,18,8087.0,134.78333333333333,2.2463888888888888,4847.0,33.574599609375,32.0,53046.0,61133.0
3,50,I3_R50_V2_T23,2,23,1,1700.0,28.333333333333332,0.4722222222222222,1520.0,10.5462265625,2.0,35703.0,37403.0
3,50,I3_R50_V2_T29,2,29,10,7109.0,118.48333333333333,1.9747222222222223,5309.0,36.83241235351562,17.0,37883.0,44992.0
3,50,I3_R50_V2_T70,2,70,11,5461.0,91.01666666666667,1.5169444444444444,3481.0,24.131968750000002,22.0,45178.0,50639.0
3,50,I3_R50_V2_T131,2,131,21,8072.0,134.53333333333333,2.2422222222222223,4292.0,29.740967285156252,34.0,50639.0,58711.0
3,50,I3_R50_V2_T253,2,253,3,2451.0,40.85,0.6808333333333333,1911.0,13.251128906249999,5.0,58711.0,61162.0
3,51,I3_R51_V0_T13,0,13,11,9280.0,154.66666666666666,2.577777777777778,7300.0,50.671182373046875,16.0,35105.0,44385.0
3,51,I3_R51_V0_T27,0,27,4,2323.0,38.71666666666667,0.6452777777777777,1603.0,11.109554687500001,7.0,44385.0,46708.0
3,51,I3_R51_V0_T45,0,45,21,8512.0,141.86666666666667,2.3644444444444446,4732.0,32.79409765625,38.0,46795.0,55307.0
3,51,I3_R51_V0_T46,0,46,13,5741.0,95.68333333333334,1.5947222222222222,3401.0,23.5576650390625,22.0,55307.0,61048.0
3,51,I3_R51_V1_T37,1,37,1,1928.0,32.13333333333333,0.5355555555555556,1748.0,12.130412109375,2.0,35405.0,37333.0
3,51,I3_R51_V1_T39,1,39,5,4259.0,70.98333333333333,1.1830555555555555,3359.0,23.30315771484375,9.0,37914.0,42173.0
3,51,I3_R51_V1_T47,1,47,14,6557.0,109.28333333333333,1.821388888888889,4037.0,27.971010742187502,26.0,42205.0,48762.0
3,51,I3_R51_V1_T64,1,64,11,5907.0,98.45,1.6408333333333334,3927.0,27.235888671874996,21.0,48762.0,54669.0
3,51,I3_R51_V1_T93,1,93,17,6462.0,107.7,1.795,3402.0,23.580843750000003,30.0,54682.0,61144.0
3,51,I3_R51_V2_T0,2,0,6,6815.0,113.58333333333333,1.8930555555555555,5131.0,35.61776440429688,9.0,33983.0,40798.0
3,51,I3_R51_V2_T11,2,11,11,5915.0,98.58333333333333,1.6430555555555555,3935.0,27.279891632080076,17.0,40798.0,46713.0
3,51,I3_R51_V2_T24,2,24,20,7042.0,117.36666666666666,1.9561111111111111,3442.0,23.8385,31.0,46713.0,53755.0
3,51,I3_R51_V2_T32,2,32,19,7413.0,123.55,2.0591666666666666,3993.0,27.653244140625,29.0,53755.0,61168.0
3,52,I3_R52_V0_T1,0,1,4,5066.0,84.43333333333334,1.4072222222222222,4346.0,30.16137231445312,7.0,35262.0,40328.0
3,52,I3_R52_V0_T56,0,56,11,5093.0,84.88333333333334,1.4147222222222222,3113.0,21.57454296875,17.0,40470.0,45563.0
3,52,I3_R52_V0_T94,0,94,19,7829.0,130.48333333333332,2.174722222222222,4409.0,30.53630078125,37.0,46191.0,54020.0
3,52,I3_R52_V0_T155,0,155,19,7123.0,118.71666666666667,1.978611111111111,3703.0,25.6379365234375,29.0,54020.0,61143.0
3,52,I3_R52_V1_T28,1,28,2,4843.0,80.71666666666667,1.3452777777777778,4483.0,31.120685546875002,2.0,32400.0,37243.0
3,52,I3_R52_V1_T87,1,87,13,6848.0,114.13333333333334,1.9022222222222223,4138.0,28.700346679687502,21.0,37385.0,44233.0
3,52,I3_R52_V1_T102,1,102,13,5951.0,99.18333333333334,1.6530555555555555,3611.0,25.0278486328125,24.0,44233.0,50184.0
3,52,I3_R52_V1_T112,1,112,15,5227.0,87.11666666666666,1.4519444444444445,2527.0,17.4873017578125,23.0,50184.0,55411.0
3,52,I3_R52_V1_T196,1,196,14,5741.0,95.68333333333334,1.5947222222222222,3221.0,22.31361328125,26.0,55411.0,61152.0
3,52,I3_R52_V2_T6,2,6,2,2403.0,40.05,0.6675,2043.0,14.1719267578125,3.0,39654.0,42057.0
3,52,I3_R52_V2_T20,2,20,8,4992.0,83.2,1.3866666666666667,3552.0,24.64088818359375,13.0,42302.0,47294.0
3,52,I3_R52_V2_T113,2,113,14,6287.0,104.78333333333333,1.746388888888889,3767.0,26.112591308593753,28.0,47294.0,53581.0
3,52,I3_R52_V2_T200,2,200,17,7597.0,126.61666666666666,2.1102777777777777,4537.0,31.442103027343745,32.0,53581.0,61178.0
3,53,I3_R53_V0_T15,0,15,3,1997.0,33.28333333333333,0.5547222222222222,1457.0,10.104605468750002,6.0,38527.0,40524.0
3,53,I3_R53_V0_T27,0,27,13,6602.0,110.03333333333333,1.833888888888889,4262.0,29.5523369140625,21.0,40879.0,47481.0
3,53,I3_R53_V0_T41,0,41,17,6981.0,116.35,1.9391666666666667,3921.0,27.165794433593753,31.0,47481.0,54462.0
3,53,I3_R53_V0_T42,0,42,14,6579.0,109.65,1.8275,4059.0,28.126685546875002,24.0,54462.0,61041.0
3,53,I3_R53_V1_T1,1,1,7,7049.0,117.48333333333333,1.9580555555555557,5789.0,40.174611328124996,9.0,34457.0,41506.0
3,53,I3_R53_V1_T5,1,5,11,5138.0,85.63333333333334,1.4272222222222222,3158.0,21.889892578125,19.0,41690.0,46828.0
3,53,I3_R53_V1_T8,1,8,19,7940.0,132.33333333333334,2.2055555555555557,4520.0,31.3142998046875,36.0,46828.0,54768.0
3,53,I3_R53_V1_T14,1,14,16,6367.0,106.11666666666666,1.7686111111111111,3487.0,24.158480468749996,30.0,54829.0,61196.0
3,53,I3_R53_V2_T31,2,31,15,8209.0,136.81666666666666,2.2802777777777776,5458.0,37.851134765625,24.0,37979.0,46188.0
3,53,I3_R53_V2_T39,2,39,11,4286.0,71.43333333333334,1.1905555555555556,2306.0,15.975015625000003,18.0,46188.0,50474.0
3,53,I3_R53_V2_T41,2,41,18,7314.0,121.9,2.0316666666666667,4074.0,28.2219384765625,31.0,50588.0,57902.0
3,53,I3_R53_V2_T122,2,122,5,3174.0,52.9,0.8816666666666667,2274.0,15.7659931640625,7.0,57902.0,61076.0
3,54,I3_R54_V0_T0,0,0,9,5256.0,87.6,1.46,3636.0,25.232313476562496,15.0,39302.0,44558.0
3,54,I3_R54_V0_T19,0,19,19,8559.0,142.65,2.3775,5139.0,35.599469970703126,30.0,44558.0,53117.0
3,54,I3_R54_V0_T139,0,139,19,7929.0,132.15,2.2025,4509.0,31.256058105468746,33.0,53117.0,61046.0
3,54,I3_R54_V1_T15,1,15,9,5120.0,85.33333333333333,1.4222222222222223,3500.0,24.29016015625,12.0,35526.0,40646.0
3,54,I3_R54_V1_T27,1,27,12,7411.0,123.51666666666667,2.058611111111111,5251.0,36.406698730468754,18.0,40965.0,48376.0
3,54,I3_R54_V1_T84,1,84,14,6107.0,101.78333333333333,1.696388888888889,3587.0,24.851000976562503,26.0,48376.0,54483.0
3,54,I3_R54_V1_T90,1,90,17,6699.0,111.65,1.8608333333333333,3639.0,25.2088046875,25.0,54483.0,61182.0
3,54,I3_R54_V2_T0,2,0,1,1234.0,20.566666666666666,0.3427777777777778,1054.0,7.312638671875,2.0,36999.0,38233.0
3,54,I3_R54_V2_T40,2,40,14,8553.0,142.55,2.3758333333333335,6033.0,41.84516625976563,25.0,38708.0,47261.0
3,54,I3_R54_V2_T89,2,89,21,7999.0,133.31666666666666,2.2219444444444445,4219.0,29.241440429687504,36.0,47440.0,55439.0
3,54,I3_R54_V2_T105,2,105,12,5588.0,93.13333333333334,1.5522222222222222,3428.0,23.75958984375,20.0,55439.0,61027.0
3,55,I3_R55_V0_T3,0,3,9,7764.0,129.4,2.1566666666666667,5941.0,41.22650555419922,13.0,37061.0,44825.0
3,55,I3_R55_V0_T23,0,23,13,6081.0,101.35,1.6891666666666667,3741.0,25.915117675781246,22.0,44922.0,51003.0
3,55,I3_R55_V0_T251,0,251,30,10059.0,167.65,2.7941666666666665,4659.0,32.239304687499995,46.0,51003.0,61062.0
3,55,I3_R55_V1_T24,1,24,12,7092.0,118.2,1.97,4932.0,34.19567468261719,17.0,38854.0,45946.0
3,55,I3_R55_V1_T31,1,31,20,8595.0,143.25,2.3875,4995.0,34.60846533203125,33.0,46634.0,55229.0
3,55,I3_R55_V1_T227,1,227,15,5881.0,98.01666666666667,1.6336111111111111,3181.0,22.035568359375,25.0,55229.0,61110.0
3,55,I3_R55_V2_T17,2,17,14,6130.0,102.16666666666667,1.7027777777777777,3610.0,25.0008515625,25.0,42310.0,48440.0
3,55,I3_R55_V2_T38,2,38,16,6303.0,105.05,1.7508333333333332,3423.0,23.715459960937498,29.0,48440.0,54743.0
3,55,I3_R55_V2_T167,2,167,14,6454.0,107.56666666666666,1.7927777777777778,3934.0,27.273474609375,25.0,54743.0,61197.0
3,56,I3_R56_V0_T10,0,10,13,6744.0,112.4,1.8733333333333333,4404.0,30.537826171875,20.0,37465.0,44209.0
3,56,I3_R56_V0_T57,0,57,19,8572.0,142.86666666666667,2.381111111111111,5152.0,35.71609252929687,29.0,44209.0,52781.0
3,56,I3_R56_V0_T78,0,78,23,8322.0,138.7,2.3116666666666665,4182.0,28.950689453124998,34.0,52834.0,61156.0
3,56,I3_R56_V1_T18,1,18,6,5893.0,98.21666666666667,1.6369444444444445,4813.0,33.39845556640625,11.0,34868.0,40761.0
3,56,I3_R56_V1_T40,1,40,14,6045.0,100.75,1.6791666666666667,3525.0,24.419001953125,25.0,40787.0,46832.0
3,56,I3_R56_V1_T183,1,183,19,6987.0,116.45,1.9408333333333334,3567.0,24.705084960937498,35.0,46997.0,53984.0
3,56,I3_R56_V1_T228,1,228,16,6880.0,114.66666666666667,1.9111111111111112,4000.0,27.717412109374997,25.0,53984.0,60864.0
3,56,I3_R56_V2_T7,2,7,8,6187.0,103.11666666666666,1.718611111111111,4747.0,32.940661499023435,13.0,35118.0,41305.0
3,56,I3_R56_V2_T36,2,36,11,5851.0,97.51666666666667,1.6252777777777778,3871.0,26.843070800781252,19.0,41305.0,47156.0
3,56,I3_R56_V2_T59,2,59,20,9483.0,158.05,2.6341666666666668,5883.0,40.78089038085936,31.0,47156.0,56639.0
3,56,I3_R56_V2_T70,2,70,11,4488.0,74.8,1.2466666666666666,2508.0,17.367236328125003,16.0,56639.0,61127.0
3,57,I3_R57_V0_T22,0,22,4,3593.0,59.88333333333333,0.9980555555555556,2873.0,19.934401367187498,6.0,33698.0,37291.0
3,57,I3_R57_V0_T61,0,61,6,4539.0,75.65,1.2608333333333333,3323.0,23.062389648437502,10.0,37761.0,42300.0
3,57,I3_R57_V0_T67,0,67,15,6585.0,109.75,1.8291666666666666,3885.0,26.921527343749997,27.0,42300.0,48885.0
3,57,I3_R57_V0_T292,0,292,19,7226.0,120.43333333333334,2.007222222222222,3806.0,26.36606884765625,32.0,48885.0,56111.0
3,57,I3_R57_V0_T297,0,297,12,4941.0,82.35,1.3725,2781.0,19.264173828125,22.0,56111.0,61052.0
3,57,I3_R57_V1_T9,1,9,1,4091.0,68.18333333333334,1.136388888888889,2098.0,14.56468359375,1.0,32400.0,36491.0
3,57,I3_R57_V1_T26,1,26,8,5696.0,94.93333333333334,1.5822222222222222,4256.0,29.520607421875003,14.0,36705.0,42401.0
3,57,I3_R57_V1_T103,1,103,9,6214.0,103.56666666666666,1.7261111111111112,4594.0,31.8728876953125,16.0,42401.0,48615.0
3,57,I3_R57_V1_T182,1,182,14,6821.0,113.68333333333334,1.8947222222222222,4301.0,29.814719238281246,27.0,48615.0,55436.0
3,57,I3_R57_V1_T279,1,279,11,5734.0,95.56666666666666,1.5927777777777778,3754.0,26.03075854492187,21.0,55436.0,61170.0
3,57,I3_R57_V2_T0,2,0,7,4402.0,73.36666666666666,1.2227777777777777,3142.0,21.78416796875,10.0,36756.0,41158.0
3,57,I3_R57_V2_T52,2,52,7,4610.0,76.83333333333333,1.2805555555555554,3350.0,23.225896484375,13.0,41500.0,46110.0
3,57,I3_R57_V2_T87,2,87,21,8316.0,138.6,2.31,4536.0,31.40467089843751,38.0,46170.0,54486.0
3,57,I3_R57_V2_T100,2,100,11,4784.0,79.73333333333333,1.3288888888888888,2804.0,19.426556640625,17.0,54486.0,59270.0
3,57,I3_R57_V2_T107,2,107,3,1863.0,31.05,0.5175,1323.0,9.176069335937498,4.0,59270.0,61133.0
3,58,I3_R58_V0_T14,0,14,8,4802.0,80.03333333333333,1.333888888888889,3362.0,23.31175634765625,12.0,40199.0,45001.0
3,58,I3_R58_V0_T71,0,71,23,10259.0,170.98333333333332,2.8497222222222223,6119.0,42.3921376953125,36.0,45001.0,55260.0
3,58,I3_R58_V0_T93,0,93,16,5718.0,95.3,1.5883333333333334,2838.0,19.636570312499998,27.0,55260.0,60978.0
3,58,I3_R58_V1_T12,1,12,5,8339.0,138.98333333333332,2.316388888888889,6120.0,42.47976245117188,8.0,32740.0,41079.0
3,58,I3_R58_V1_T73,1,73,12,6311.0,105.18333333333334,1.7530555555555556,4151.0,28.778564453125004,20.0,41565.0,47876.0
3,58,I3_R58_V1_T96,1,96,18,8562.0,142.7,2.3783333333333334,5322.0,36.89548168945313,34.0,47876.0,56438.0
3,58,I3_R58_V1_T106,1,106,11,4762.0,79.36666666666666,1.3227777777777778,2782.0,19.27814453125,16.0,56438.0,61200.0
3,58,I3_R58_V2_T15,2,15,8,7818.0,130.3,2.171666666666667,6378.0,44.25389208984375,12.0,35993.0,43811.0
3,58,I3_R58_V2_T42,2,42,13,5801.0,96.68333333333334,1.611388888888889,3461.0,23.982208984375,23.0,43811.0,49612.0
3,58,I3_R58_V2_T105,2,105,10,4801.0,80.01666666666667,1.333611111111111,3001.0,20.814812500000002,18.0,49612.0,54413.0
3,58,I3_R58_V2_T109,2,109,15,6775.0,112.91666666666667,1.8819444444444444,4075.0,28.24071484375,23.0,54413.0,61188.0
3,59,I3_R59_V0_T4,0,4,1,1496.0,24.933333333333334,0.41555555555555557,1316.0,9.1355556640625,2.0,32884.0,34380.0
3,59,I3_R59_V0_T53,0,53,2,2102.0,35.03333333333333,0.5838888888888889,1742.0,12.0865859375,3.0,34380.0,36482.0
3,59,I3_R59_V0_T82,0,82,5,4150.0,69.16666666666667,1.1527777777777777,3250.0,22.5449599609375,8.0,36568.0,40718.0
3,59,I3_R59_V0_T84,0,84,7,4210.0,70.16666666666667,1.1694444444444445,2950.0,20.460569335937503,14.0,40718.0,44928.0
3,59,I3_R59_V0_T131,0,131,15,7864.0,131.06666666666666,2.1844444444444444,5164.0,35.794177734375005,26.0,44928.0,52792.0
3,59,I3_R59_V0_T143,0,143,23,8351.0,139.18333333333334,2.319722222222222,4211.0,29.178949218750006,35.0,52836.0,61187.0
3,59,I3_R59_V1_T9,1,9,6,6636.0,110.6,1.8433333333333333,5556.0,38.55722607421875,9.0,35290.0,41926.0
3,59,I3_R59_V1_T11,1,11,2,1287.0,21.45,0.3575,927.0,6.429583984374999,3.0,41926.0,43213.0
3,59,I3_R59_V1_T24,1,24,14,6816.0,113.6,1.8933333333333333,4296.0,29.7738359375,25.0,43288.0,50104.0
3,59,I3_R59_V1_T47,1,47,12,4751.0,79.18333333333334,1.3197222222222222,2591.0,17.9539375,22.0,50104.0,54855.0
3,59,I3_R59_V1_T78,1,78,16,6275.0,104.58333333333333,1.7430555555555556,3395.0,23.5227744140625,27.0,54855.0,61130.0
3,59,I3_R59_V2_T1,2,1,3,3102.0,51.7,0.8616666666666667,2431.0,16.86190478515625,3.0,32400.0,35502.0
3,59,I3_R59_V2_T39,2,39,14,8358.0,139.3,2.3216666666666668,5838.0,40.49836279296875,22.0,35903.0,44261.0
3,59,I3_R59_V2_T42,2,42,15,6224.0,103.73333333333333,1.728888888888889,3524.0,24.415155273437502,28.0,44327.0,50551.0
3,59,I3_R59_V2_T108,2,108,9,4369.0,72.81666666666666,1.2136111111111112,2749.0,19.04676806640625,16.0,50551.0,54920.0
3,59,I3_R59_V2_T114,2,114,14,6232.0,103.86666666666666,1.731111111111111,3712.0,25.726534912109376,25.0,54920.0,61152.0
3,60,I3_R60_V0_T2,0,2,6,5012.0,83.53333333333333,1.3922222222222222,3932.0,27.282956054687503,7.0,36614.0,41626.0
3,60,I3_R60_V0_T39,0,39,15,6649.0,110.81666666666666,1.8469444444444445,3949.0,27.362579101562503,25.0,41898.0,48547.0
3,60,I3_R60_V0_T42,0,42,14,6402.0,106.7,1.7783333333333333,3882.0,26.920163085937496,24.0,48547.0,54949.0
3,60,I3_R60_V0_T140,0,140,12,6064.0,101.06666666666666,1.6844444444444444,3904.0,27.051449707031253,24.0,54993.0,61057.0
3,60,I3_R60_V1_T22,1,22,1,3882.0,64.7,1.0783333333333334,3702.0,25.69595703125,2.0,33290.0,37172.0
3,60,I3_R60_V1_T68,1,68,6,4549.0,75.81666666666666,1.263611111111111,3469.0,24.0793173828125,10.0,37224.0,41773.0
3,60,I3_R60_V1_T71,1,71,8,6221.0,103.68333333333334,1.7280555555555555,4781.0,33.16895080566406,14.0,41773.0,47994.0
3,60,I3_R60_V1_T81,1,81,17,6272.0,104.53333333333333,1.7422222222222221,3212.0,22.239513671875,31.0,47994.0,54266.0
3,60,I3_R60_V1_T137,1,137,18,6872.0,114.53333333333333,1.9088888888888889,3632.0,25.154818359374996,29.0,54266.0,61138.0
3,60,I3_R60_V2_T7,2,7,6,5268.0,87.8,1.4633333333333334,4155.0,28.82719384765625,9.0,32964.0,38232.0
3,60,I3_R60_V2_T9,2,9,9,4967.0,82.78333333333333,1.3797222222222223,3347.0,23.20537109375,15.0,38232.0,43199.0
3,60,I3_R60_V2_T10,2,10,4,3271.0,54.516666666666666,0.9086111111111111,2551.0,17.697620117187498,6.0,43199.0,46470.0
3,60,I3_R60_V2_T28,2,28,24,8761.0,146.01666666666668,2.433611111111111,4441.0,30.748025390625006,39.0,46470.0,55231.0
3,60,I3_R60_V2_T31,2,31,12,5926.0,98.76666666666667,1.646111111111111,3766.0,26.116652343749998,17.0,55231.0,61157.0
3,61,I3_R61_V0_T9,0,9,14,8831.0,147.18333333333334,2.4530555555555558,6311.0,43.7790927734375,21.0,37134.0,45965.0
3,61,I3_R61_V0_T28,0,28,16,6848.0,114.13333333333334,1.9022222222222223,3968.0,27.499174560546873,26.0,46033.0,52881.0
3,61,I3_R61_V0_T32,0,32,19,8271.0,137.85,2.2975,4589.0,31.782345703125,28.0,52881.0,61152.0
3,61,I3_R61_V1_T18,1,18,19,10147.0,169.11666666666667,2.818611111111111,6496.0,45.0334951171875,32.0,38651.0,48798.0
3,61,I3_R61_V1_T67,1,67,12,5767.0,96.11666666666666,1.6019444444444444,3607.0,25.003184082031254,21.0,48853.0,54620.0
3,61,I3_R61_V1_T189,1,189,15,6556.0,109.26666666666667,1.8211111111111111,3856.0,26.730172363281245,26.0,54620.0,61176.0
3,61,I3_R61_V2_T25,2,25,8,5607.0,93.45,1.5575,3914.0,27.15140380859375,11.0,36974.0,42581.0
3,61,I3_R61_V2_T61,2,61,21,7855.0,130.91666666666666,2.1819444444444445,4075.0,28.214759765625,33.0,42581.0,50436.0
3,61,I3_R61_V2_T159,2,159,10,4822.0,80.36666666666666,1.3394444444444444,3022.0,20.967388671875,18.0,50436.0,55258.0
3,61,I3_R61_V2_T163,2,163,15,5476.0,91.26666666666667,1.521111111111111,2776.0,19.221150390625,23.0,55258.0,60734.0
3,62,I3_R62_V0_T4,0,4,7,6437.0,107.28333333333333,1.7880555555555555,5177.0,35.92657177734375,10.0,34168.0,40605.0
3,62,I3_R62_V0_T8,0,8,12,6603.0,110.05,1.8341666666666667,4443.0,30.8155048828125,18.0,40966.0,47569.0
3,62,I3_R62_V0_T110,0,110,17,6475.0,107.91666666666667,1.7986111111111112,3415.0,23.656052734375,30.0,47926.0,54401.0
3,62,I3_R62_V0_T152,0,152,14,6682.0,111.36666666666666,1.856111111111111,4162.0,28.857919921875002,22.0,54401.0,61083.0
3,62,I3_R62_V1_T25,1,25,1,3360.0,56.0,0.9333333333333333,3180.0,22.069556640625,2.0,34393.0,37753.0
3,62,I3_R62_V1_T33,1,33,4,5150.0,85.83333333333333,1.4305555555555556,4430.0,30.7451796875,8.0,37978.0,43128.0
3,62,I3_R62_V1_T50,1,50,19,8012.0,133.53333333333333,2.2255555555555557,4592.0,31.815322265625003,34.0,43359.0,51371.0
3,62,I3_R62_V1_T51,1,51,25,9377.0,156.28333333333333,2.604722222222222,4877.0,33.788954101562496,40.0,51749.0,61126.0
3,62,I3_R62_V2_T6,2,6,5,4137.0,68.95,1.1491666666666667,3237.0,22.464388183593748,7.0,33287.0,37424.0
3,62,I3_R62_V2_T85,2,85,9,5241.0,87.35,1.4558333333333333,3135.0,21.745750000000005,12.0,37424.0,42665.0
3,62,I3_R62_V2_T112,2,112,7,4523.0,75.38333333333334,1.256388888888889,3196.0,22.1721162109375,11.0,43165.0,47688.0
3,62,I3_R62_V2_T134,2,134,12,5821.0,97.01666666666667,1.6169444444444445,3661.0,25.381488769531252,22.0,47688.0,53509.0
3,62,I3_R62_V2_T155,2,155,18,7615.0,126.91666666666667,2.1152777777777776,4375.0,30.318508544921876,32.0,53532.0,61147.0
3,63,I3_R63_V0_T2,0,2,5,4484.0,74.73333333333333,1.2455555555555555,3584.0,24.86878564453125,8.0,38251.0,42735.0
3,63,I3_R63_V0_T9,0,9,10,5339.0,88.98333333333333,1.4830555555555556,3539.0,24.530035156249998,19.0,42735.0,48074.0
3,63,I3_R63_V0_T24,0,24,7,3913.0,65.21666666666667,1.0869444444444445,2653.0,18.4033603515625,13.0,48074.0,51987.0
3,63,I3_R63_V0_T68,0,68,24,9177.0,152.95,2.549166666666667,4857.0,33.654553222656254,42.0,51987.0,61164.0
3,63,I3_R63_V1_T4,1,4,3,5334.0,88.9,1.4816666666666667,4794.0,33.274464843749996,4.0,33377.0,38711.0
3,63,I3_R63_V1_T25,1,25,9,5348.0,89.13333333333334,1.4855555555555555,3728.0,25.85262890625,16.0,40105.0,45453.0
3,63,I3_R63_V1_T35,1,35,14,5554.0,92.56666666666666,1.5427777777777778,3034.0,21.0178359375,24.0,45453.0,51007.0
3,63,I3_R63_V1_T43,1,43,27,9965.0,166.08333333333334,2.7680555555555557,5105.0,35.362777343750004,44.0,51007.0,60972.0
3,63,I3_R63_V2_T38,2,38,10,5856.0,97.6,1.6266666666666667,3425.0,23.7361640625,14.0,37383.0,43239.0
3,63,I3_R63_V2_T57,2,57,7,4193.0,69.88333333333334,1.1647222222222222,2933.0,20.340963867187497,13.0,43239.0,47432.0
3,63,I3_R63_V2_T77,2,77,17,7540.0,125.66666666666667,2.0944444444444446,4480.0,31.045754882812496,31.0,47432.0,54972.0
3,63,I3_R63_V2_T118,2,118,15,6178.0,102.96666666666667,1.7161111111111111,3478.0,24.101438964843755,27.0,54972.0,61150.0
3,64,I3_R64_V0_T1,0,1,5,5232.0,87.2,1.4533333333333334,4332.0,30.06379064941406,7.0,35557.0,40789.0
3,64,I3_R64_V0_T7,0,7,9,4753.0,79.21666666666667,1.3202777777777779,3133.0,21.71153125,14.0,40789.0,45542.0
3,64,I3_R64_V0_T30,0,30,18,7717.0,128.61666666666667,2.143611111111111,4477.0,31.0262177734375,30.0,45542.0,53259.0
3,64,I3_R64_V0_T66,0,66,19,7816.0,130.26666666666668,2.171111111111111,4396.0,30.4701982421875,30.0,53259.0,61075.0
3,64,I3_R64_V1_T46,1,46,1,2988.0,49.8,0.83,2808.0,19.48658740234375,1.0,32400.0,35388.0
3,64,I3_R64_V1_T51,1,51,2,2277.0,37.95,0.6325,1917.0,13.305158203125,3.0,36582.0,38859.0
3,64,I3_R64_V1_T113,1,113,13,6663.0,111.05,1.8508333333333333,4323.0,29.98647314453125,22.0,38859.0,45522.0
3,64,I3_R64_V1_T116,1,116,9,4091.0,68.18333333333334,1.136388888888889,2471.0,17.1300146484375,16.0,45522.0,49613.0
3,64,I3_R64_V1_T174,1,174,14,5691.0,94.85,1.5808333333333333,3171.0,21.95521484375,25.0,49631.0,55322.0
3,64,I3_R64_V1_T278,1,278,13,5871.0,97.85,1.6308333333333334,3531.0,24.4792412109375,22.0,55322.0,61193.0
3,64,I3_R64_V2_T47,2,47,3,4726.0,78.76666666666667,1.3127777777777778,4186.0,29.05549609375,5.0,32767.0,37493.0
3,64,I3_R64_V2_T78,2,78,6,5577.0,92.95,1.5491666666666666,4497.0,31.198557617187504,10.0,37493.0,43070.0
3,64,I3_R64_V2_T79,2,79,10,4577.0,76.28333333333333,1.271388888888889,2777.0,19.2484658203125,19.0,43070.0,47647.0
3,64,I3_R64_V2_T100,2,100,15,6739.0,112.31666666666666,1.8719444444444444,4039.0,27.985452148437503,29.0,47747.0,54486.0
3,64,I3_R64_V2_T163,2,163,18,6592.0,109.86666666666666,1.8311111111111111,3352.0,23.229119140624995,27.0,54486.0,61078.0
3,65,I3_R65_V0_T45,0,45,15,9503.0,158.38333333333333,2.6397222222222223,6803.0,47.17404638671875,23.0,38559.0,48062.0
3,65,I3_R65_V0_T51,0,51,20,9135.0,152.25,2.5375,5535.0,38.34853515625,35.0,48062.0,57197.0
3,65,I3_R65_V0_T125,0,125,10,3904.0,65.06666666666666,1.0844444444444445,2104.0,14.575285156249999,16.0,57197.0,61101.0
3,65,I3_R65_V1_T8,1,8,2,2890.0,48.166666666666664,0.8027777777777778,2530.0,17.567837890625,3.0,36127.0,39017.0
3,65,I3_R65_V1_T86,1,86,1,1580.0,26.333333333333332,0.4388888888888889,1400.0,9.713052734375,2.0,39184.0,40764.0
3,65,I3_R65_V1_T94,1,94,13,5768.0,96.13333333333334,1.6022222222222222,3428.0,23.754395019531252,22.0,40764.0,46532.0
3,65,I3_R65_V1_T115,1,115,17,6338.0,105.63333333333334,1.7605555555555557,3278.0,22.713681640625,28.0,46532.0,52870.0
3,65,I3_R65_V1_T273,1,273,17,8076.0,134.6,2.243333333333333,5016.0,34.77689013671875,30.0,52870.0,60946.0
3,65,I3_R65_V2_T13,2,13,4,5510.0,91.83333333333333,1.5305555555555554,4432.0,30.76380517578125,5.0,32552.0,38062.0
3,65,I3_R65_V2_T55,2,55,7,5093.0,84.88333333333334,1.4147222222222222,3833.0,26.5907001953125,13.0,38784.0,43877.0
3,65,I3_R65_V2_T87,2,87,13,6214.0,103.56666666666666,1.7261111111111112,3874.0,26.855929199218753,24.0,43877.0,50091.0
3,65,I3_R65_V2_T89,2,89,12,5285.0,88.08333333333333,1.4680555555555554,3125.0,21.664369140625,22.0,50091.0,55376.0
3,65,I3_R65_V2_T100,2,100,15,5764.0,96.06666666666666,1.6011111111111112,3064.0,21.2188583984375,21.0,55376.0,61140.0
3,66,I3_R66_V0_T55,0,55,5,5119.0,85.31666666666666,1.4219444444444445,3314.0,22.99847021484375,8.0,34479.0,39598.0
3,66,I3_R66_V0_T94,0,94,11,6228.0,103.8,1.73,4248.0,29.472162109375,21.0,39598.0,45826.0
3,66,I3_R66_V0_T187,0,187,19,8539.0,142.31666666666666,2.3719444444444444,5119.0,35.474044433593754,33.0,46075.0,54614.0
3,66,I3_R66_V0_T215,0,215,15,6309.0,105.15,1.7525,3609.0,24.98593994140625,23.0,54780.0,61089.0
3,66,I3_R66_V1_T12,1,12,4,4386.0,73.1,1.2183333333333333,3666.0,25.43987890625,7.0,38469.0,42855.0
3,66,I3_R66_V1_T13,1,13,8,4216.0,70.26666666666667,1.1711111111111112,2776.0,19.240259765624998,16.0,42855.0,47071.0
3,66,I3_R66_V1_T27,1,27,22,8006.0,133.43333333333334,2.223888888888889,4046.0,28.021728515625,40.0,47071.0,55077.0
3,66,I3_R66_V1_T118,1,118,18,6077.0,101.28333333333333,1.6880555555555556,2837.0,19.648131835937498,30.0,55077.0,61154.0
3,66,I3_R66_V2_T19,2,19,5,5723.0,95.38333333333334,1.5897222222222223,4823.0,33.47532275390625,7.0,34483.0,40206.0
3,66,I3_R66_V2_T60,2,60,11,5967.0,99.45,1.6575,3987.0,27.650218505859378,20.0,41202.0,47169.0
3,66,I3_R66_V2_T104,2,104,22,8022.0,133.7,2.2283333333333335,4062.0,28.125527343749994,39.0,47318.0,55340.0
3,66,I3_R66_V2_T109,2,109,12,5807.0,96.78333333333333,1.6130555555555555,3647.0,25.273675781250006,19.0,55340.0,61147.0
3,67,I3_R67_V0_T35,0,35,10,6803.0,113.38333333333334,1.8897222222222223,4936.0,34.247926269531256,14.0,35933.0,42736.0
3,67,I3_R67_V0_T52,0,52,12,6355.0,105.91666666666667,1.7652777777777777,4057.0,28.119022460937497,20.0,42736.0,49091.0
3,67,I3_R67_V0_T75,0,75,24,11510.0,191.83333333333334,3.1972222222222224,7190.0,49.866974609375,38.0,49168.0,60678.0
3,67,I3_R67_V1_T17,1,17,8,6583.0,109.71666666666667,1.8286111111111112,5143.0,35.680748168945314,10.0,34222.0,40805.0
3,67,I3_R67_V1_T21,1,21,12,7250.0,120.83333333333333,2.013888888888889,4989.0,34.59945556640625,18.0,40805.0,48055.0
3,67,I3_R67_V1_T46,1,46,11,5048.0,84.13333333333334,1.4022222222222223,3068.0,21.256758789062502,20.0,48055.0,53103.0
3,67,I3_R67_V1_T47,1,47,16,8052.0,134.2,2.236666666666667,5172.0,35.87568115234375,26.0,53103.0,61155.0
3,67,I3_R67_V2_T7,2,7,16,7683.0,128.05,2.1341666666666668,4569.0,31.666359375000003,24.0,37181.0,44864.0
3,67,I3_R67_V2_T54,2,54,21,8764.0,146.06666666666666,2.4344444444444444,4984.0,34.549984375,34.0,44868.0,53632.0
3,67,I3_R67_V2_T219,2,219,18,7267.0,121.11666666666666,2.018611111111111,4027.0,27.892563476562497,31.0,53812.0,61079.0
3,68,I3_R68_V0_T0,0,0,10,5058.0,84.3,1.405,3258.0,22.59026171875,17.0,35894.0,40952.0
3,68,I3_R68_V0_T26,0,26,11,5383.0,89.71666666666667,1.4952777777777777,3403.0,23.5933193359375,19.0,41160.0,46543.0
3,68,I3_R68_V0_T46,0,46,17,8238.0,137.3,2.2883333333333336,5178.0,35.896544555664065,31.0,46547.0,54785.0
3,68,I3_R68_V0_T51,0,51,13,6353.0,105.88333333333334,1.7647222222222223,4013.0,27.831367187500003,23.0,54785.0,61138.0
3,68,I3_R68_V1_T16,1,16,10,5120.0,85.33333333333333,1.4222222222222223,3320.0,23.00719921875,17.0,39897.0,45017.0
3,68,I3_R68_V1_T47,1,47,15,5847.0,97.45,1.6241666666666668,3147.0,21.792471679687498,26.0,45017.0,50864.0
3,68,I3_R68_V1_T49,1,49,29,10250.0,170.83333333333334,2.8472222222222223,5030.0,34.82711816406249,48.0,50864.0,61114.0
3,68,I3_R68_V2_T69,2,69,4,5071.0,84.51666666666667,1.408611111111111,4351.0,30.197303833007815,7.0,34691.0,39762.0
3,68,I3_R68_V2_T90,2,90,17,8565.0,142.75,2.379166666666667,5498.0,38.113744628906254,26.0,40026.0,48591.0
3,68,I3_R68_V2_T178,2,178,12,5910.0,98.5,1.6416666666666666,3750.0,25.9991171875,19.0,48591.0,54501.0
3,68,I3_R68_V2_T239,2,239,17,6684.0,111.4,1.8566666666666667,3624.0,25.098693359375,25.0,54501.0,61185.0
3,69,I3_R69_V0_T27,0,27,8,7914.0,131.9,2.1983333333333333,6474.0,44.92199145507812,13.0,37453.0,45367.0
3,69,I3_R69_V0_T77,0,77,4,3523.0,58.71666666666667,0.9786111111111111,2803.0,19.4493427734375,8.0,45367.0,48890.0
3,69,I3_R69_V0_T260,0,260,32,12138.0,202.3,3.3716666666666666,6378.0,44.18082421875,42.0,48890.0,61028.0
3,69,I3_R69_V1_T17,1,17,5,5388.0,89.8,1.4966666666666666,3752.0,26.04080297851562,8.0,35021.0,40409.0
3,69,I3_R69_V1_T26,1,26,7,3265.0,54.416666666666664,0.9069444444444444,2005.0,13.889971679687502,12.0,40409.0,43674.0
3,69,I3_R69_V1_T138,1,138,6,3087.0,51.45,0.8575,2007.0,13.905170898437497,10.0,43674.0,46761.0
3,69,I3_R69_V1_T222,1,222,19,8491.0,141.51666666666668,2.358611111111111,5071.0,35.136232421875,34.0,46761.0,55252.0
3,69,I3_R69_V1_T226,1,226,15,5889.0,98.15,1.6358333333333333,3189.0,22.086094726562497,29.0,55252.0,61141.0
3,69,I3_R69_V2_T12,2,12,4,5091.0,84.85,1.4141666666666666,4371.0,30.33318798828125,4.0,32400.0,37491.0
3,69,I3_R69_V2_T66,2,66,16,8205.0,136.75,2.279166666666667,5325.0,36.92960058593751,23.0,38974.0,47179.0
3,69,I3_R69_V2_T131,2,131,11,4426.0,73.76666666666667,1.2294444444444443,2446.0,16.957358398437496,20.0,47250.0,51676.0
3,69,I3_R69_V2_T187,2,187,8,3549.0,59.15,0.9858333333333333,2109.0,14.6184169921875,14.0,51676.0,55225.0
3,69,I3_R69_V2_T238,2,238,13,5904.0,98.4,1.64,3564.0,24.702705078125,25.0,55241.0,61145.0
3,70,I3_R70_V0_T67,0,67,8,5898.0,98.3,1.6383333333333334,4458.0,30.91789208984375,12.0,36031.0,41929.0
3,70,I3_R70_V0_T74,0,74,10,5018.0,83.63333333333334,1.393888888888889,3218.0,22.305279296875,18.0,41929.0,46947.0
3,70,I3_R70_V0_T209,0,209,17,8060.0,134.33333333333334,2.238888888888889,5000.0,34.655374511718755,30.0,46947.0,55007.0
3,70,I3_R70_V0_T290,0,290,15,6153.0,102.55,1.7091666666666667,3453.0,23.9216875,27.0,55007.0,61160.0
3,70,I3_R70_V1_T37,1,37,11,7132.0,118.86666666666666,1.981111111111111,5152.0,35.735916015625,16.0,36169.0,43301.0
3,70,I3_R70_V1_T42,1,42,10,5004.0,83.4,1.39,3204.0,22.22015673828125,18.0,43996.0,49000.0
3,70,I3_R70_V1_T78,1,78,15,6667.0,111.11666666666666,1.8519444444444444,3967.0,27.4971611328125,26.0,49000.0,55667.0
3,70,I3_R70_V1_T91,1,91,14,5528.0,92.13333333333334,1.5355555555555556,3008.0,20.848126953124996,19.0,55667.0,61195.0
3,70,I3_R70_V2_T8,2,8,6,7811.0,130.18333333333334,2.169722222222222,6112.0,42.41919995117188,9.0,34199.0,42010.0
3,70,I3_R70_V2_T61,2,61,6,3877.0,64.61666666666666,1.0769444444444445,2797.0,19.393802734375,10.0,42010.0,45887.0
3,70,I3_R70_V2_T71,2,71,16,6449.0,107.48333333333333,1.791388888888889,3569.0,24.741103515625,28.0,45993.0,52442.0
3,70,I3_R70_V2_T74,2,74,18,8294.0,138.23333333333332,2.303888888888889,5054.0,35.03444580078124,36.0,52442.0,60736.0
3,71,I3_R71_V0_T1,0,1,9,9938.0,165.63333333333333,2.7605555555555554,6146.0,42.64637649536133,12.0,33917.0,43855.0
3,71,I3_R71_V0_T2,0,2,18,7023.0,117.05,1.9508333333333334,3783.0,26.20129296875,31.0,44010.0,51033.0
3,71,I3_R71_V0_T99,0,99,27,9872.0,164.53333333333333,2.7422222222222223,5012.0,34.7025732421875,39.0,51195.0,61067.0
3,71,I3_R71_V1_T15,1,15,4,4959.0,82.65,1.3775,4239.0,29.420430419921875,6.0,34343.0,39302.0
3,71,I3_R71_V1_T27,1,27,2,2457.0,40.95,0.6825,2097.0,14.5519404296875,4.0,39302.0,41759.0
3,71,I3_R71_V1_T101,1,101,11,6219.0,103.65,1.7275,4239.0,29.399856933593746,17.0,42182.0,48401.0
3,71,I3_R71_V1_T221,1,221,17,8262.0,137.7,2.295,5202.0,36.056373046874995,30.0,48401.0,56663.0
3,71,I3_R71_V1_T283,1,283,11,4514.0,75.23333333333333,1.2538888888888888,2534.0,17.5604765625,20.0,56663.0,61177.0
3,71,I3_R71_V2_T10,2,10,5,5314.0,88.56666666666666,1.4761111111111112,4414.0,30.633393554687494,8.0,36484.0,41798.0
3,71,I3_R71_V2_T44,2,44,12,6155.0,102.58333333333333,1.7097222222222221,3995.0,27.691334960937503,22.0,41806.0,47961.0
3,71,I3_R71_V2_T47,2,47,14,6364.0,106.06666666666666,1.7677777777777777,3844.0,26.632238769531256,26.0,47961.0,54325.0
3,71,I3_R71_V2_T105,2,105,18,6791.0,113.18333333333334,1.886388888888889,3551.0,24.5836845703125,32.0,54325.0,61116.0
3,72,I3_R72_V0_T26,0,26,9,7187.0,119.78333333333333,1.996388888888889,5567.0,38.63326501464844,15.0,36722.0,43909.0
3,72,I3_R72_V0_T46,0,46,22,9657.0,160.95,2.6825,5697.0,39.46715771484375,39.0,44744.0,54401.0
3,72,I3_R72_V0_T148,0,148,17,6723.0,112.05,1.8675,3663.0,25.38319970703125,29.0,54401.0,61124.0
3,72,I3_R72_V1_T7,1,7,3,3234.0,53.9,0.8983333333333333,2694.0,18.694150390625,6.0,34825.0,38059.0
3,72,I3_R72_V1_T10,1,10,7,4712.0,78.53333333333333,1.308888888888889,3452.0,23.934578125,12.0,38059.0,42771.0
3,72,I3_R72_V1_T13,1,13,10,5374.0,89.56666666666666,1.4927777777777778,3574.0,24.777006591796876,17.0,42784.0,48158.0
3,72,I3_R72_V1_T47,1,47,19,7275.0,121.25,2.0208333333333335,3855.0,26.714885742187498,36.0,48158.0,55433.0
3,72,I3_R72_V1_T110,1,110,14,5668.0,94.46666666666667,1.5744444444444445,3148.0,21.807696289062502,22.0,55433.0,61101.0
3,72,I3_R72_V2_T11,2,11,5,4556.0,75.93333333333334,1.2655555555555555,3656.0,25.358736328125,8.0,33587.0,38143.0
3,72,I3_R72_V2_T29,2,29,4,3349.0,55.81666666666667,0.9302777777777778,2629.0,18.242087890625,7.0,38143.0,41492.0
3,72,I3_R72_V2_T40,2,40,11,5451.0,90.85,1.5141666666666667,3471.0,24.052631835937497,17.0,41955.0,47406.0
3,72,I3_R72_V2_T42,2,42,20,7653.0,127.55,2.1258333333333335,4053.0,28.067592773437497,35.0,47406.0,55059.0
3,72,I3_R72_V2_T43,2,43,15,6068.0,101.13333333333334,1.6855555555555555,3368.0,23.33827734375,25.0,55088.0,61156.0
3,73,I3_R73_V0_T19,0,19,4,6876.0,114.6,1.91,4243.0,29.444216796875,4.0,32400.0,39276.0
3,73,I3_R73_V0_T21,0,21,7,4651.0,77.51666666666667,1.2919444444444443,3391.0,23.518791992187502,13.0,39276.0,43927.0
3,73,I3_R73_V0_T43,0,43,13,6084.0,101.4,1.69,3744.0,25.9416357421875,20.0,43943.0,50027.0
3,73,I3_R73_V0_T54,0,54,19,7721.0,128.68333333333334,2.144722222222222,4301.0,29.811720703124998,33.0,50105.0,57826.0
3,73,I3_R73_V0_T133,0,133,7,3290.0,54.833333333333336,0.9138888888888889,2030.0,14.076494140625,12.0,57826.0,61116.0
3,73,I3_R73_V1_T26,1,26,3,4534.0,75.56666666666666,1.2594444444444444,3994.0,27.717462158203126,6.0,33595.0,38129.0
3,73,I3_R73_V1_T83,1,83,15,7861.0,131.01666666666668,2.183611111111111,5161.0,35.785912109375,23.0,38129.0,45990.0
3,73,I3_R73_V1_T91,1,91,17,7827.0,130.45,2.174166666666667,4767.0,33.03757177734375,31.0,46166.0,53993.0
3,73,I3_R73_V1_T106,1,106,16,7059.0,117.65,1.9608333333333334,4179.0,28.968718505859368,28.0,53993.0,61052.0
3,73,I3_R73_V2_T14,2,14,3,3629.0,60.483333333333334,1.0080555555555555,3089.0,21.4404453125,4.0,35993.0,39622.0
3,73,I3_R73_V2_T16,2,16,11,6064.0,101.06666666666666,1.6844444444444444,3928.0,27.228087890624998,18.0,41533.0,47597.0
3,73,I3_R73_V2_T50,2,50,21,7910.0,131.83333333333334,2.1972222222222224,4130.0,28.595808593750007,36.0,47597.0,55507.0
3,73,I3_R73_V2_T53,2,53,11,5657.0,94.28333333333333,1.571388888888889,3677.0,25.506061523437502,19.0,55507.0,61164.0
3,74,I3_R74_V0_T6,0,6,1,4174.0,69.56666666666666,1.1594444444444445,3994.0,27.7352216796875,1.0,32400.0,36574.0
3,74,I3_R74_V0_T21,0,21,3,3418.0,56.96666666666667,0.9494444444444444,2878.0,19.97862109375,6.0,37138.0,40556.0
3,74,I3_R74_V0_T70,0,70,6,2930.0,48.833333333333336,0.8138888888888889,1850.0,12.830140624999999,10.0,40556.0,43486.0
3,74,I3_R74_V0_T104,0,104,7,3986.0,66.43333333333334,1.1072222222222223,2726.0,18.9067197265625,14.0,43486.0,47472.0
3,74,I3_R74_V0_T108,0,108,26,9145.0,152.41666666666666,2.540277777777778,4465.0,30.9045107421875,44.0,47472.0,56617.0
3,74,I3_R74_V0_T161,0,161,12,4367.0,72.78333333333333,1.2130555555555556,2207.0,15.26958203125,17.0,56617.0,60984.0
3,74,I3_R74_V1_T73,1,73,1,3738.0,62.3,1.0383333333333333,3326.0,23.088009765625,1.0,32400.0,36138.0
3,74,I3_R74_V1_T83,1,83,11,5950.0,99.16666666666667,1.6527777777777777,3752.0,26.007827148437503,14.0,36397.0,42347.0
3,74,I3_R74_V1_T189,1,189,9,4700.0,78.33333333333333,1.3055555555555556,3080.0,21.35700927734375,17.0,42347.0,47047.0
3,74,I3_R74_V1_T201,1,201,18,7663.0,127.71666666666667,2.1286111111111112,4423.0,30.6491826171875,29.0,47047.0,54710.0
3,74,I3_R74_V1_T206,1,206,16,6420.0,107.0,1.7833333333333334,3540.0,24.511873046875,28.0,54724.0,61144.0
3,74,I3_R74_V2_T0,2,0,9,7745.0,129.08333333333334,2.151388888888889,6125.0,42.504245117187516,16.0,37341.0,45086.0
3,74,I3_R74_V2_T51,2,51,18,6584.0,109.73333333333333,1.8288888888888888,3344.0,23.153349609375,31.0,45086.0,51670.0
3,74,I3_R74_V2_T65,2,65,23,9491.0,158.18333333333334,2.636388888888889,5351.0,37.075082519531236,38.0,51670.0,61161.0
3,75,I3_R75_V0_T2,0,2,9,6438.0,107.3,1.7883333333333333,4607.0,31.94566796875,13.0,34681.0,41119.0
3,75,I3_R75_V0_T5,0,5,7,4151.0,69.18333333333334,1.1530555555555555,2891.0,20.04882421875,13.0,41145.0,45296.0
3,75,I3_R75_V0_T9,0,9,16,6852.0,114.2,1.9033333333333333,3972.0,27.51856103515625,25.0,45296.0,52148.0
3,75,I3_R75_V0_T63,0,63,20,8922.0,148.7,2.4783333333333335,5322.0,36.89378515625,31.0,52148.0,61070.0
3,75,I3_R75_V1_T55,1,55,11,6405.0,106.75,1.7791666666666666,4425.0,30.6837021484375,16.0,36108.0,42513.0
3,75,I3_R75_V1_T62,1,62,7,4078.0,67.96666666666667,1.1327777777777779,2818.0,19.541936523437503,12.0,42907.0,46985.0
3,75,I3_R75_V1_T213,1,213,20,8766.0,146.1,2.435,5166.0,35.815938964843745,29.0,46985.0,55751.0
3,75,I3_R75_V1_T223,1,223,12,5182.0,86.36666666666666,1.4394444444444445,3022.0,20.939546875,19.0,55751.0,60933.0
3,75,I3_R75_V2_T2,2,2,4,4235.0,70.58333333333333,1.176388888888889,3515.0,24.3945263671875,6.0,34608.0,38843.0
3,75,I3_R75_V2_T14,2,14,7,5037.0,83.95,1.3991666666666667,3777.0,26.21180078125,11.0,38843.0,43880.0
3,75,I3_R75_V2_T69,2,69,6,3071.0,51.18333333333333,0.8530555555555556,1991.0,13.80479296875,10.0,43880.0,46951.0
3,75,I3_R75_V2_T84,2,84,10,4409.0,73.48333333333333,1.2247222222222223,2609.0,18.073703125,19.0,46958.0,51367.0
3,75,I3_R75_V2_T170,2,170,17,6773.0,112.88333333333334,1.881388888888889,3713.0,25.715911132812504,28.0,51367.0,58140.0
3,75,I3_R75_V2_T188,2,188,6,2963.0,49.38333333333333,0.8230555555555555,1883.0,13.052710937499999,11.0,58140.0,61103.0
3,76,I3_R76_V0_T5,0,5,8,7192.0,119.86666666666666,1.9977777777777779,5752.0,39.90909289550781,12.0,33255.0,40447.0
3,76,I3_R76_V0_T9,0,9,14,6479.0,107.98333333333333,1.7997222222222222,3839.0,26.616077148437498,20.0,40578.0,47057.0
3,76,I3_R76_V0_T18,0,18,18,6560.0,109.33333333333333,1.8222222222222222,3320.0,22.97701953125,32.0,47057.0,53617.0
3,76,I3_R76_V0_T148,0,148,19,7519.0,125.31666666666666,2.088611111111111,4099.0,28.408533203125,31.0,53649.0,61168.0
3,76,I3_R76_V1_T21,1,21,4,3627.0,60.45,1.0075,2907.0,20.171068359375,7.0,34117.0,37744.0
3,76,I3_R76_V1_T23,1,23,8,5851.0,97.51666666666667,1.6252777777777778,3788.0,26.275805664062503,14.0,40209.0,46060.0
3,76,I3_R76_V1_T68,1,68,16,6505.0,108.41666666666667,1.8069444444444445,3625.0,25.128186523437495,26.0,46060.0,52565.0
3,76,I3_R76_V1_T96,1,96,22,7869.0,131.15,2.1858333333333335,3909.0,27.08266796875,33.0,52648.0,60517.0
3,76,I3_R76_V1_T100,1,100,1,606.0,10.1,0.16833333333333333,426.0,2.949236328125,2.0,60517.0,61123.0
3,76,I3_R76_V2_T8,2,8,4,3488.0,58.13333333333333,0.9688888888888889,2768.0,19.205935546875,7.0,35924.0,39412.0
3,76,I3_R76_V2_T38,2,38,12,6673.0,111.21666666666667,1.853611111111111,4513.0,31.301447265624997,23.0,40571.0,47244.0
3,76,I3_R76_V2_T46,2,46,12,5242.0,87.36666666666666,1.4561111111111111,3082.0,21.34959814453125,22.0,47448.0,52690.0
3,76,I3_R76_V2_T88,2,88,22,8503.0,141.71666666666667,2.3619444444444446,4543.0,31.482154785156244,36.0,52690.0,61193.0
3,77,I3_R77_V0_T26,0,26,8,5417.0,90.28333333333333,1.5047222222222223,3913.0,27.138542968750002,13.0,34512.0,39929.0
3,77,I3_R77_V0_T43,0,43,12,5386.0,89.76666666666667,1.4961111111111112,3226.0,22.3602958984375,17.0,40317.0,45703.0
3,77,I3_R77_V0_T56,0,56,18,7815.0,130.25,2.1708333333333334,4575.0,31.702925781250006,30.0,45783.0,53598.0
3,77,I3_R77_V0_T71,0,71,3,2072.0,34.53333333333333,0.5755555555555556,1532.0,10.6347333984375,6.0,53598.0,55670.0
3,77,I3_R77_V0_T86,0,86,12,5442.0,90.7,1.5116666666666667,3282.0,22.7660693359375,23.0,55670.0,61112.0
3,77,I3_R77_V1_T6,1,6,5,7472.0,124.53333333333333,2.0755555555555554,6572.0,45.60776934814454,8.0,35583.0,43055.0
3,77,I3_R77_V1_T13,1,13,10,4472.0,74.53333333333333,1.2422222222222221,2672.0,18.522378906249997,18.0,43754.0,48226.0
3,77,I3_R77_V1_T18,1,18,24,12073.0,201.21666666666667,3.3536111111111113,7753.0,53.74955200195312,40.0,48530.0,60603.0
3,77,I3_R77_V2_T8,2,8,12,7597.0,126.61666666666666,2.1102777777777777,5248.0,36.40217968750001,19.0,39369.0,46966.0
3,77,I3_R77_V2_T53,2,53,16,6234.0,103.9,1.7316666666666667,3354.0,23.231048828125,29.0,47153.0,53387.0
3,77,I3_R77_V2_T57,2,57,20,7733.0,128.88333333333333,2.1480555555555556,4133.0,28.611943359374997,35.0,53387.0,61120.0
3,78,I3_R78_V0_T2,0,2,10,8251.0,137.51666666666668,2.2919444444444443,5685.0,39.440421875,14.0,33771.0,42022.0
3,78,I3_R78_V0_T9,0,9,12,5489.0,91.48333333333333,1.5247222222222223,3329.0,23.0688125,19.0,42046.0,47535.0
3,78,I3_R78_V0_T20,0,20,1,1666.0,27.766666666666666,0.4627777777777778,1486.0,10.31675,2.0,47535.0,49201.0
3,78,I3_R78_V0_T70,0,70,14,6004.0,100.06666666666666,1.6677777777777778,3484.0,24.1506015625,22.0,49201.0,55205.0
3,78,I3_R78_V0_T113,0,113,12,5988.0,99.8,1.6633333333333333,3828.0,26.549597656250004,20.0,55205.0,61193.0
3,78,I3_R78_V1_T20,1,20,5,4973.0,82.88333333333334,1.381388888888889,4073.0,28.26480810546875,9.0,35314.0,40287.0
3,78,I3_R78_V1_T63,1,63,13,6779.0,112.98333333333333,1.8830555555555555,4439.0,30.766968261718752,20.0,40287.0,47066.0
3,78,I3_R78_V1_T117,1,117,22,8318.0,138.63333333333333,2.3105555555555557,4358.0,30.181882080078125,38.0,47082.0,55400.0
3,78,I3_R78_V1_T217,1,217,13,5690.0,94.83333333333333,1.5805555555555555,3350.0,23.225178710937495,22.0,55400.0,61090.0
3,78,I3_R78_V2_T17,2,17,3,4217.0,70.28333333333333,1.1713888888888888,3677.0,25.521221191406248,5.0,34418.0,38635.0
3,78,I3_R78_V2_T46,2,46,10,5688.0,94.8,1.58,3888.0,26.968291015625,15.0,38635.0,44323.0
3,78,I3_R78_V2_T63,2,63,11,5358.0,89.3,1.4883333333333333,3378.0,23.412974609375,18.0,44323.0,49681.0
3,78,I3_R78_V2_T100,2,100,7,4703.0,78.38333333333334,1.3063888888888888,3443.0,23.881770507812497,14.0,49681.0,54384.0
3,78,I3_R78_V2_T166,2,166,14,6751.0,112.51666666666667,1.8752777777777778,4231.0,29.32795751953125,24.0,54384.0,61135.0
3,79,I3_R79_V0_T19,0,19,4,4929.0,82.15,1.3691666666666666,2809.0,19.4940478515625,6.0,35076.0,40005.0
3,79,I3_R79_V0_T33,0,33,1,2064.0,34.4,0.5733333333333334,1884.0,13.0756640625,2.0,40005.0,42069.0
3,79,I3_R79_V0_T58,0,58,4,3910.0,65.16666666666667,1.086111111111111,3190.0,22.147019531250002,8.0,42086.0,45996.0
3,79,I3_R79_V0_T62,0,62,20,9342.0,155.7,2.595,5742.0,39.806121582031246,33.0,45996.0,55338.0
3,79,I3_R79_V0_T70,0,70,12,5163.0,86.05,1.4341666666666666,3003.0,20.7929072265625,20.0,55338.0,60501.0
3,79,I3_R79_V1_T40,1,40,8,6080.0,101.33333333333333,1.6888888888888889,3780.0,26.221263671874997,12.0,37741.0,43821.0
3,79,I3_R79_V1_T127,1,127,15,6972.0,116.2,1.9366666666666668,4272.0,29.60384130859375,24.0,43843.0,50815.0
3,79,I3_R79_V1_T160,1,160,31,10375.0,172.91666666666666,2.8819444444444446,4795.0,33.17767578125,45.0,50815.0,61190.0
3,79,I3_R79_V2_T7,2,7,8,6062.0,101.03333333333333,1.683888888888889,4622.0,32.060666503906255,14.0,35428.0,41490.0
3,79,I3_R79_V2_T9,2,9,11,6078.0,101.3,1.6883333333333332,4098.0,28.42153271484375,19.0,41492.0,47570.0
3,79,I3_R79_V2_T29,2,29,22,8254.0,137.56666666666666,2.292777777777778,4294.0,29.746427734374997,39.0,47570.0,55824.0
3,79,I3_R79_V2_T109,2,109,14,5366.0,89.43333333333334,1.4905555555555556,2846.0,19.7110546875,24.0,55824.0,61190.0
3,80,I3_R80_V0_T108,0,108,1,3682.0,61.36666666666667,1.0227777777777778,3502.0,24.31386376953125,1.0,32400.0,36082.0
3,80,I3_R80_V0_T128,0,128,5,4238.0,70.63333333333334,1.1772222222222222,3338.0,23.1548759765625,8.0,36999.0,41237.0
3,80,I3_R80_V0_T178,0,178,12,6170.0,102.83333333333333,1.7138888888888888,4010.0,27.7990556640625,20.0,41237.0,47407.0
3,80,I3_R80_V0_T241,0,241,16,6997.0,116.61666666666666,1.9436111111111112,4117.0,28.52797607421875,29.0,47407.0,54404.0
3,80,I3_R80_V0_T290,0,290,16,6637.0,110.61666666666666,1.843611111111111,3757.0,26.0483662109375,28.0,54404.0,61041.0
3,80,I3_R80_V1_T2,1,2,10,4684.0,78.06666666666666,1.301111111111111,2578.0,17.86167578125,16.0,37356.0,42040.0
3,80,I3_R80_V1_T42,1,42,8,4262.0,71.03333333333333,1.183888888888889,2822.0,19.559326171875,15.0,42097.0,46359.0
3,80,I3_R80_V1_T116,1,116,22,8334.0,138.9,2.315,4322.0,29.9472197265625,39.0,46359.0,54693.0
3,80,I3_R80_V1_T136,1,136,16,6406.0,106.76666666666667,1.7794444444444444,3526.0,24.413208984374997,24.0,54693.0,61099.0
3,80,I3_R80_V2_T5,2,5,4,4680.0,78.0,1.3,3960.0,27.4850283203125,7.0,33783.0,38463.0
3,80,I3_R80_V2_T30,2,30,6,4934.0,82.23333333333333,1.3705555555555555,3738.0,25.928130859375,9.0,38602.0,43536.0
3,80,I3_R80_V2_T39,2,39,6,2934.0,48.9,0.815,1854.0,12.84518359375,9.0,43536.0,46470.0
3,80,I3_R80_V2_T139,2,139,9,4206.0,70.1,1.1683333333333332,2586.0,17.918341796874998,13.0,46470.0,50676.0
3,80,I3_R80_V2_T171,2,171,8,4447.0,74.11666666666666,1.2352777777777777,3007.0,20.8552265625,14.0,50676.0,55123.0
3,80,I3_R80_V2_T241,2,241,13,6029.0,100.48333333333333,1.6747222222222222,3689.0,25.55976953125,22.0,55123.0,61152.0
3,81,I3_R81_V0_T6,0,6,1,3672.0,61.2,1.02,3492.0,24.2425537109375,2.0,35958.0,39630.0
3,81,I3_R81_V0_T18,0,18,12,6880.0,114.66666666666667,1.9111111111111112,4720.0,32.738795898437495,20.0,39662.0,46542.0
3,81,I3_R81_V0_T32,0,32,20,7775.0,129.58333333333334,2.1597222222222223,4175.0,28.928796875,35.0,46542.0,54317.0
3,81,I3_R81_V0_T36,0,36,16,6871.0,114.51666666666667,1.908611111111111,3991.0,27.647440429687492,24.0,54317.0,61188.0
3,81,I3_R81_V1_T41,1,41,6,4838.0,80.63333333333334,1.343888888888889,3758.0,26.07085205078125,12.0,34965.0,39803.0
3,81,I3_R81_V1_T77,1,77,7,4503.0,75.05,1.2508333333333332,3243.0,22.499943359375,11.0,40140.0,44643.0
3,81,I3_R81_V1_T80,1,80,7,4016.0,66.93333333333334,1.1155555555555556,2756.0,19.105822265625,12.0,44885.0,48901.0
3,81,I3_R81_V1_T126,1,126,8,4177.0,69.61666666666666,1.1602777777777777,2737.0,18.9784873046875,15.0,49074.0,53251.0
3,81,I3_R81_V1_T242,1,242,17,7912.0,131.86666666666667,2.1977777777777776,4852.0,33.636726806640624,28.0,53251.0,61163.0
3,81,I3_R81_V2_T8,2,8,4,4098.0,68.3,1.1383333333333334,3378.0,23.44166796875,7.0,36154.0,40252.0
3,81,I3_R81_V2_T40,2,40,14,6639.0,110.65,1.8441666666666667,4119.0,28.54817138671875,23.0,40546.0,47185.0
3,81,I3_R81_V2_T85,2,85,18,6840.0,114.0,1.9,3480.0,24.113473632812497,32.0,47185.0,54025.0
3,81,I3_R81_V2_T96,2,96,16,6235.0,103.91666666666667,1.7319444444444445,3355.0,23.24355859375,28.0,54025.0,60260.0
3,81,I3_R81_V2_T212,2,212,1,826.0,13.766666666666667,0.22944444444444445,646.0,4.473673828125,2.0,60260.0,61086.0
3,82,I3_R82_V0_T14,0,14,1,3636.0,60.6,1.01,3456.0,23.9967265625,2.0,37261.0,40897.0
3,82,I3_R82_V0_T61,0,61,17,7467.0,124.45,2.0741666666666667,4407.0,30.530028320312496,27.0,40897.0,48364.0
3,82,I3_R82_V0_T84,0,84,12,5794.0,96.56666666666666,1.6094444444444445,3634.0,25.174455078125,23.0,48609.0,54403.0
3,82,I3_R82_V0_T210,0,210,18,6738.0,112.3,1.8716666666666666,3498.0,24.2323720703125,29.0,54403.0,61141.0
3,82,I3_R82_V1_T9,1,9,2,4109.0,68.48333333333333,1.1413888888888888,3749.0,26.023503906250003,2.0,32400.0,36509.0
3,82,I3_R82_V1_T43,1,43,3,4070.0,67.83333333333333,1.1305555555555555,3240.0,22.493203125,4.0,36509.0,40579.0
3,82,I3_R82_V1_T44,1,44,11,6168.0,102.8,1.7133333333333334,4188.0,29.052457519531252,19.0,40579.0,46747.0
3,82,I3_R82_V1_T62,1,62,15,7071.0,117.85,1.9641666666666666,4371.0,30.304331054687506,24.0,46749.0,53820.0
3,82,I3_R82_V1_T216,1,216,17,7287.0,121.45,2.0241666666666664,4227.0,29.291567871093758,31.0,53820.0,61107.0
3,82,I3_R82_V2_T67,2,67,10,6051.0,100.85,1.6808333333333334,4251.0,29.48848828125,13.0,37422.0,43473.0
3,82,I3_R82_V2_T68,2,68,8,4305.0,71.75,1.1958333333333333,2865.0,19.85934765625,13.0,43490.0,47795.0
3,82,I3_R82_V2_T134,2,134,10,5409.0,90.15,1.5025,3400.0,23.563667968749996,17.0,47795.0,53204.0
3,82,I3_R82_V2_T239,2,239,19,7866.0,131.1,2.185,4446.0,30.80959826660156,31.0,53204.0,61070.0
3,83,I3_R83_V0_T10,0,10,6,4220.0,70.33333333333333,1.1722222222222223,3140.0,21.770976562500003,9.0,38175.0,42395.0
3,83,I3_R83_V0_T27,0,27,15,6996.0,116.6,1.9433333333333334,4296.0,29.76298437500001,23.0,42395.0,49391.0
3,83,I3_R83_V0_T45,0,45,16,5776.0,96.26666666666667,1.6044444444444443,2896.0,20.060122070312495,27.0,49391.0,55167.0
3,83,I3_R83_V0_T126,0,126,15,5936.0,98.93333333333334,1.6488888888888888,3236.0,22.4234716796875,25.0,55191.0,61127.0
3,83,I3_R83_V1_T17,1,17,3,4791.0,79.85,1.3308333333333333,4251.0,29.509326171875,4.0,32433.0,37224.0
3,83,I3_R83_V1_T22,1,22,7,4015.0,66.91666666666667,1.1152777777777778,2755.0,19.10414453125,10.0,37224.0,41239.0
3,83,I3_R83_V1_T47,1,47,9,5578.0,92.96666666666667,1.5494444444444444,3958.0,27.458290039062497,16.0,41286.0,46864.0
3,83,I3_R83_V1_T175,1,175,13,6172.0,102.86666666666666,1.7144444444444444,3832.0,26.54908544921875,24.0,46864.0,53036.0
3,83,I3_R83_V1_T294,1,294,22,7842.0,130.7,2.1783333333333332,3882.0,26.889947265625,39.0,53171.0,61013.0
3,83,I3_R83_V2_T22,2,22,13,10528.0,175.46666666666667,2.9244444444444446,6463.0,44.826620605468754,19.0,34051.0,44579.0
3,83,I3_R83_V2_T26,2,26,15,7821.0,130.35,2.1725,5121.0,35.511890625,26.0,44602.0,52423.0
3,83,I3_R83_V2_T270,2,270,20,8632.0,143.86666666666667,2.397777777777778,5032.0,34.87774853515624,33.0,52423.0,61055.0
3,84,I3_R84_V0_T9,0,9,1,2034.0,33.9,0.565,1854.0,12.8683876953125,2.0,34883.0,36917.0
3,84,I3_R84_V0_T14,0,14,6,4712.0,78.53333333333333,1.308888888888889,3632.0,25.202566406249996,10.0,37996.0,42708.0
3,84,I3_R84_V0_T25,0,25,8,4856.0,80.93333333333334,1.3488888888888888,3416.0,23.694623779296872,15.0,42744.0,47600.0
3,84,I3_R84_V0_T36,0,36,17,6813.0,113.55,1.8925,3753.0,26.018733398437497,30.0,47600.0,54413.0
3,84,I3_R84_V0_T163,0,163,17,6334.0,105.56666666666666,1.7594444444444444,3274.0,22.690158203125,28.0,54470.0,60804.0
3,84,I3_R84_V1_T4,1,4,6,6121.0,102.01666666666667,1.7002777777777778,4833.0,33.5385888671875,9.0,33339.0,39460.0
3,84,I3_R84_V1_T54,1,54,12,7673.0,127.88333333333334,2.131388888888889,5513.0,38.24151953125,18.0,39672.0,47345.0
3,84,I3_R84_V1_T81,1,81,17,7141.0,119.01666666666667,1.9836111111111112,4081.0,28.262976562499997,31.0,47345.0,54486.0
3,84,I3_R84_V1_T100,1,100,18,6526.0,108.76666666666667,1.8127777777777778,3286.0,22.7569296875,25.0,54486.0,61012.0
3,84,I3_R84_V2_T21,2,21,4,4864.0,81.06666666666666,1.3511111111111112,4144.0,28.757126464843754,6.0,35002.0,39866.0
3,84,I3_R84_V2_T25,2,25,9,4641.0,77.35,1.2891666666666666,3021.0,20.949436523437498,17.0,39866.0,44507.0
3,84,I3_R84_V2_T38,2,38,12,5809.0,96.81666666666666,1.613611111111111,3649.0,25.293373046874997,21.0,44627.0,50436.0
3,84,I3_R84_V2_T50,2,50,23,10469.0,174.48333333333332,2.9080555555555554,6329.0,43.865548828125,37.0,50436.0,60905.0
3,85,I3_R85_V0_T7,0,7,10,7512.0,125.2,2.0866666666666664,5493.0,38.100770507812506,14.0,37650.0,45162.0
3,85,I3_R85_V0_T11,0,11,17,8185.0,136.41666666666666,2.2736111111111112,5125.0,35.525424804687496,31.0,45162.0,53347.0
3,85,I3_R85_V0_T18,0,18,19,7757.0,129.28333333333333,2.1547222222222224,4337.0,30.0440029296875,31.0,53347.0,61104.0
3,85,I3_R85_V1_T5,1,5,3,3050.0,50.833333333333336,0.8472222222222222,1621.0,11.243619140625,5.0,37381.0,40431.0
3,85,I3_R85_V1_T15,1,15,8,4457.0,74.28333333333333,1.2380555555555555,3017.0,20.90818994140625,14.0,40537.0,44994.0
3,85,I3_R85_V1_T75,1,75,12,5393.0,89.88333333333334,1.4980555555555555,3233.0,22.415563476562497,20.0,44994.0,50387.0
3,85,I3_R85_V1_T101,1,101,11,3909.0,65.15,1.0858333333333334,1929.0,13.35969140625,18.0,50387.0,54296.0
3,85,I3_R85_V1_T257,1,257,17,6727.0,112.11666666666666,1.868611111111111,3667.0,25.397268066406248,26.0,54296.0,61023.0
3,85,I3_R85_V2_T16,2,16,4,5683.0,94.71666666666667,1.5786111111111112,4963.0,34.4534482421875,8.0,34738.0,40421.0
3,85,I3_R85_V2_T39,2,39,9,4756.0,79.26666666666667,1.3211111111111111,3136.0,21.73325390625,16.0,40822.0,45578.0
3,85,I3_R85_V2_T57,2,57,17,7525.0,125.41666666666667,2.0902777777777777,4465.0,30.957376953125003,30.0,45578.0,53103.0
3,85,I3_R85_V2_T100,2,100,3,2081.0,34.68333333333333,0.5780555555555555,1541.0,10.6984111328125,6.0,53140.0,55221.0
3,85,I3_R85_V2_T164,2,164,11,5935.0,98.91666666666667,1.648611111111111,3955.0,27.420775390625003,21.0,55221.0,61156.0
3,86,I3_R86_V0_T5,0,5,4,4335.0,72.25,1.2041666666666666,3615.0,25.085437499999998,6.0,34744.0,39079.0
3,86,I3_R86_V0_T15,0,15,13,6458.0,107.63333333333334,1.7938888888888889,4118.0,28.548283203125,23.0,39453.0,45911.0
3,86,I3_R86_V0_T22,0,22,15,7778.0,129.63333333333333,2.1605555555555553,5078.0,35.210041015624995,29.0,45911.0,53689.0
3,86,I3_R86_V0_T88,0,88,19,7443.0,124.05,2.0675,4023.0,27.86246484375,35.0,53689.0,61132.0
3,86,I3_R86_V1_T1,1,1,7,6309.0,105.15,1.7525,4306.0,29.87175390625,9.0,33633.0,39942.0
3,86,I3_R86_V1_T55,1,55,5,3333.0,55.55,0.9258333333333333,2433.0,16.87224267578125,10.0,40222.0,43555.0
3,86,I3_R86_V1_T58,1,58,10,5319.0,88.65,1.4775,3519.0,24.393479492187495,18.0,43589.0,48908.0
3,86,I3_R86_V1_T78,1,78,28,11761.0,196.01666666666668,3.2669444444444444,6677.0,46.27240185546876,41.0,48908.0,60669.0
3,86,I3_R86_V2_T14,2,14,12,8272.0,137.86666666666667,2.2977777777777777,6112.0,42.38612646484374,16.0,36592.0,44864.0
3,86,I3_R86_V2_T37,2,37,8,4232.0,70.53333333333333,1.1755555555555555,2792.0,19.356120117187498,15.0,44864.0,49096.0
3,86,I3_R86_V2_T49,2,49,13,6211.0,103.51666666666667,1.7252777777777777,3871.0,26.82581689453125,22.0,49096.0,55307.0
3,86,I3_R86_V2_T76,2,76,14,5889.0,98.15,1.6358333333333333,3369.0,23.333990234374998,27.0,55307.0,61196.0
3,87,I3_R87_V0_T16,0,16,1,2698.0,44.96666666666667,0.7494444444444445,2518.0,17.48308740234375,1.0,32400.0,35098.0
3,87,I3_R87_V0_T27,0,27,3,4508.0,75.13333333333334,1.2522222222222221,3968.0,27.5426455078125,4.0,35894.0,40402.0
3,87,I3_R87_V0_T66,0,66,13,6605.0,110.08333333333333,1.8347222222222221,4265.0,29.5701513671875,23.0,42192.0,48797.0
3,87,I3_R87_V0_T84,0,84,5,2904.0,48.4,0.8066666666666666,2004.0,13.896932617187499,10.0,48797.0,51701.0
3,87,I3_R87_V0_T95,0,95,22,9485.0,158.08333333333334,2.6347222222222224,5436.0,37.667377929687504,38.0,51711.0,61196.0
3,87,I3_R87_V1_T34,1,34,1,5087.0,84.78333333333333,1.4130555555555555,4186.0,29.057642578125,1.0,32400.0,37487.0
3,87,I3_R87_V1_T72,1,72,4,3876.0,64.6,1.0766666666666667,3156.0,21.9028203125,7.0,37673.0,41549.0
3,87,I3_R87_V1_T81,1,81,10,5311.0,88.51666666666667,1.4752777777777777,3511.0,24.3467734375,19.0,41794.0,47105.0
3,87,I3_R87_V1_T125,1,125,14,5962.0,99.36666666666666,1.656111111111111,3442.0,23.851308593749998,23.0,47105.0,53067.0
3,87,I3_R87_V1_T128,1,128,18,8089.0,134.81666666666666,2.2469444444444444,4849.0,33.59686474609375,29.0,53067.0,61156.0
3,87,I3_R87_V2_T7,2,7,7,5472.0,91.2,1.52,4212.0,29.222708984375,13.0,38673.0,44145.0
3,87,I3_R87_V2_T9,2,9,9,4870.0,81.16666666666667,1.3527777777777779,3250.0,22.526677734375,16.0,44145.0,49015.0
3,87,I3_R87_V2_T55,2,55,19,8641.0,144.01666666666668,2.4002777777777777,5221.0,36.191321777343745,33.0,49015.0,57656.0
3,87,I3_R87_V2_T101,2,101,7,3386.0,56.43333333333333,0.9405555555555556,2126.0,14.7404609375,11.0,57656.0,61042.0
3,88,I3_R88_V0_T16,0,16,5,4316.0,71.93333333333334,1.198888888888889,3416.0,23.697599609375,9.0,35646.0,39962.0
3,88,I3_R88_V0_T25,0,25,1,2112.0,35.2,0.5866666666666667,1932.0,13.4132265625,2.0,39962.0,42074.0
3,88,I3_R88_V0_T37,0,37,8,4695.0,78.25,1.3041666666666667,3255.0,22.571295410156253,15.0,42078.0,46773.0
3,88,I3_R88_V0_T41,0,41,7,3511.0,58.516666666666666,0.9752777777777778,2251.0,15.6039375,13.0,46773.0,50284.0
3,88,I3_R88_V0_T48,0,48,19,8129.0,135.48333333333332,2.2580555555555555,4709.0,32.63179345703126,35.0,50284.0,58413.0
3,88,I3_R88_V0_T92,0,92,5,2663.0,44.38333333333333,0.7397222222222222,1763.0,12.21956640625,9.0,58413.0,61076.0
3,88,I3_R88_V1_T42,1,42,1,2660.0,44.333333333333336,0.7388888888888889,2480.0,17.212050048828125,1.0,32400.0,35060.0
3,88,I3_R88_V1_T59,1,59,7,5184.0,86.4,1.44,3924.0,27.216080078125,11.0,35469.0,40653.0
3,88,I3_R88_V1_T139,1,139,4,2635.0,43.916666666666664,0.7319444444444444,1915.0,13.276917968749999,8.0,41061.0,43696.0
3,88,I3_R88_V1_T212,1,212,14,5944.0,99.06666666666666,1.6511111111111112,3424.0,23.717933593749997,22.0,43696.0,49640.0
3,88,I3_R88_V1_T243,1,243,30,11482.0,191.36666666666667,3.1894444444444443,6082.0,42.12751171875,43.0,49640.0,61122.0
3,88,I3_R88_V2_T77,2,77,4,4976.0,82.93333333333334,1.3822222222222222,4256.0,29.53812963867187,4.0,32400.0,37376.0
3,88,I3_R88_V2_T91,2,91,5,3741.0,62.35,1.0391666666666666,2841.0,19.7102841796875,8.0,37376.0,41117.0
3,88,I3_R88_V2_T106,2,106,12,5875.0,97.91666666666667,1.6319444444444444,3715.0,25.7642392578125,19.0,41550.0,47425.0
3,88,I3_R88_V2_T112,2,112,20,7469.0,124.48333333333333,2.0747222222222224,3869.0,26.80297265625,33.0,47425.0,54894.0
3,88,I3_R88_V2_T150,2,150,13,6306.0,105.1,1.7516666666666667,3966.0,27.506798828125,23.0,54894.0,61200.0
3,89,I3_R89_V0_T17,0,17,7,4409.0,73.48333333333333,1.2247222222222223,3149.0,21.836802734375,11.0,37994.0,42403.0
3,89,I3_R89_V0_T35,0,35,14,6675.0,111.25,1.8541666666666667,4155.0,28.806499023437503,22.0,42403.0,49078.0
3,89,I3_R89_V0_T227,0,227,30,12069.0,201.15,3.3525,6669.0,46.19936181640625,48.0,49078.0,61147.0
3,89,I3_R89_V1_T29,1,29,2,8355.0,139.25,2.3208333333333333,5215.0,36.206477050781245,2.0,32400.0,40755.0
3,89,I3_R89_V1_T40,1,40,4,3636.0,60.6,1.01,2916.0,20.2275439453125,5.0,40755.0,44391.0
3,89,I3_R89_V1_T46,1,46,5,2646.0,44.1,0.735,1746.0,12.105833984375,10.0,44391.0,47037.0
3,89,I3_R89_V1_T54,1,54,20,7986.0,133.1,2.2183333333333333,4386.0,30.386693359375,35.0,47037.0,55023.0
3,89,I3_R89_V1_T57,1,57,14,5943.0,99.05,1.6508333333333334,3423.0,23.723140625,24.0,55023.0,60966.0
3,89,I3_R89_V2_T9,2,9,12,7377.0,122.95,2.049166666666667,5217.0,36.19733251953125,16.0,37041.0,44418.0
3,89,I3_R89_V2_T98,2,98,12,4810.0,80.16666666666667,1.336111111111111,2650.0,18.34675,24.0,44418.0,49228.0
3,89,I3_R89_V2_T99,2,99,14,5964.0,99.4,1.6566666666666667,3444.0,23.864145507812502,24.0,49558.0,55522.0
3,89,I3_R89_V2_T112,2,112,12,5590.0,93.16666666666667,1.5527777777777778,3430.0,23.769402832031247,22.0,55522.0,61112.0
3,90,I3_R90_V0_T1,0,1,8,6561.0,109.35,1.8225,5121.0,35.5252890625,12.0,35909.0,42470.0
3,90,I3_R90_V0_T2,0,2,14,6756.0,112.6,1.8766666666666667,4176.0,28.936227539062497,22.0,42470.0,49226.0
3,90,I3_R90_V0_T11,0,11,12,5265.0,87.75,1.4625,3105.0,21.5151357421875,20.0,49226.0,54491.0
3,90,I3_R90_V0_T32,0,32,14,6603.0,110.05,1.8341666666666667,4083.0,28.305312988281244,23.0,54491.0,61094.0
3,90,I3_R90_V1_T8,1,8,1,2516.0,41.93333333333333,0.6988888888888889,2336.0,16.218927734375,2.0,33614.0,36130.0
3,90,I3_R90_V1_T47,1,47,2,1705.0,28.416666666666668,0.4736111111111111,1345.0,9.332423828125,4.0,36130.0,37835.0
3,90,I3_R90_V1_T65,1,65,5,3588.0,59.8,0.9966666666666667,2688.0,18.638474609375,8.0,38112.0,41700.0
3,90,I3_R90_V1_T118,1,118,4,2421.0,40.35,0.6725,1701.0,11.7960556640625,8.0,41771.0,44192.0
3,90,I3_R90_V1_T120,1,120,12,5054.0,84.23333333333333,1.403888888888889,2894.0,20.051902343749997,20.0,44192.0,49246.0
3,90,I3_R90_V1_T124,1,124,13,4949.0,82.48333333333333,1.3747222222222222,2609.0,18.074021484375002,22.0,49246.0,54195.0
3,90,I3_R90_V1_T245,1,245,17,6963.0,116.05,1.9341666666666666,3903.0,27.033074218749995,31.0,54218.0,61181.0
3,90,I3_R90_V2_T22,2,22,1,2548.0,42.46666666666667,0.7077777777777777,2368.0,16.4440634765625,2.0,32617.0,35165.0
3,90,I3_R90_V2_T37,2,37,9,5438.0,90.63333333333334,1.5105555555555557,3818.0,26.4774765625,14.0,36691.0,42129.0
3,90,I3_R90_V2_T62,2,62,15,5902.0,98.36666666666666,1.6394444444444445,3202.0,22.184876953125,23.0,42129.0,48031.0
3,90,I3_R90_V2_T83,2,83,3,2166.0,36.1,0.6016666666666667,1626.0,11.271410156249999,5.0,48031.0,50197.0
3,90,I3_R90_V2_T162,2,162,26,10994.0,183.23333333333332,3.053888888888889,6314.0,43.745582275390625,36.0,50197.0,61191.0
3,91,I3_R91_V0_T48,0,48,11,6477.0,107.95,1.7991666666666666,4437.0,30.772569335937504,16.0,36291.0,42768.0
3,91,I3_R91_V0_T80,0,80,14,6901.0,115.01666666666667,1.9169444444444443,4381.0,30.361447509765622,23.0,42768.0,49669.0
3,91,I3_R91_V0_T108,0,108,11,5321.0,88.68333333333334,1.4780555555555555,3341.0,23.163822265625,20.0,49669.0,54990.0
3,91,I3_R91_V0_T114,0,114,11,6129.0,102.15,1.7025,4149.0,28.773429687500002,22.0,54990.0,61119.0
3,91,I3_R91_V1_T3,1,3,2,1688.0,28.133333333333333,0.4688888888888889,1328.0,9.2160673828125,4.0,34010.0,35698.0
3,91,I3_R91_V1_T14,1,14,7,6155.0,102.58333333333333,1.7097222222222221,4895.0,33.9754931640625,10.0,35698.0,41853.0
3,91,I3_R91_V1_T27,1,27,11,5794.0,96.56666666666666,1.6094444444444445,3814.0,26.444488281250003,17.0,41859.0,47653.0
3,91,I3_R91_V1_T69,1,69,18,8457.0,140.95,2.3491666666666666,5217.0,36.158572753906256,28.0,47653.0,56110.0
3,91,I3_R91_V1_T71,1,71,11,4888.0,81.46666666666667,1.3577777777777778,2908.0,20.1534111328125,17.0,56110.0,60998.0
3,91,I3_R91_V2_T0,2,0,2,3283.0,54.71666666666667,0.9119444444444444,2923.0,20.288267578125,3.0,33713.0,36996.0
3,91,I3_R91_V2_T32,2,32,5,3225.0,53.75,0.8958333333333334,2325.0,16.13062109375,9.0,36996.0,40221.0
3,91,I3_R91_V2_T37,2,37,1,1270.0,21.166666666666668,0.3527777777777778,1090.0,7.55751953125,2.0,40423.0,41693.0
3,91,I3_R91_V2_T38,2,38,8,4075.0,67.91666666666667,1.1319444444444444,2635.0,18.267232421875,15.0,41693.0,45768.0
3,91,I3_R91_V2_T127,2,127,20,8426.0,140.43333333333334,2.3405555555555555,4826.0,33.44022265625,34.0,45799.0,54225.0
3,91,I3_R91_V2_T130,2,130,14,6894.0,114.9,1.915,4374.0,30.32055615234375,26.0,54246.0,61140.0
3,92,I3_R92_V0_T4,0,4,5,3511.0,58.516666666666666,0.9752777777777778,2611.0,18.1114755859375,9.0,37045.0,40556.0
3,92,I3_R92_V0_T7,0,7,8,5200.0,86.66666666666667,1.4444444444444444,3760.0,26.08702587890625,11.0,40556.0,45756.0
3,92,I3_R92_V0_T17,0,17,16,7277.0,121.28333333333333,2.0213888888888887,4397.0,30.469188964843752,24.0,45756.0,53033.0
3,92,I3_R92_V0_T41,0,41,17,8145.0,135.75,2.2625,5085.0,35.25355487060546,28.0,53033.0,61178.0
3,92,I3_R92_V1_T33,1,33,5,9258.0,154.3,2.5716666666666668,5043.0,34.99930810546874,6.0,32546.0,41804.0
3,92,I3_R92_V1_T45,1,45,11,6374.0,106.23333333333333,1.7705555555555557,4394.0,30.461165039062504,18.0,41940.0,48314.0
3,92,I3_R92_V1_T88,1,88,18,6324.0,105.4,1.7566666666666666,3084.0,21.350017578124994,26.0,48314.0,54638.0
3,92,I3_R92_V1_T97,1,97,16,6545.0,109.08333333333333,1.8180555555555555,3665.0,25.384935546874992,26.0,54638.0,61183.0
3,92,I3_R92_V2_T11,2,11,8,4493.0,74.88333333333334,1.2480555555555555,3053.0,21.167234375,11.0,38944.0,43437.0
3,92,I3_R92_V2_T56,2,56,15,5899.0,98.31666666666666,1.638611111111111,3199.0,22.1748203125,25.0,43437.0,49336.0
3,92,I3_R92_V2_T57,2,57,14,5643.0,94.05,1.5675,3123.0,21.630707031249997,26.0,49336.0,54979.0
3,92,I3_R92_V2_T59,2,59,13,6157.0,102.61666666666666,1.7102777777777778,3817.0,26.45555712890625,20.0,54979.0,61136.0
3,93,I3_R93_V0_T8,0,8,7,5521.0,92.01666666666667,1.533611111111111,4261.0,29.567044921875002,13.0,34671.0,40192.0
3,93,I3_R93_V0_T14,0,14,8,5591.0,93.18333333333334,1.5530555555555556,3863.0,26.7889140625,12.0,40233.0,45824.0
3,93,I3_R93_V0_T79,0,79,14,6529.0,108.81666666666666,1.813611111111111,4009.0,27.792216796875,25.0,45824.0,52353.0
3,93,I3_R93_V0_T110,0,110,6,2537.0,42.28333333333333,0.7047222222222222,1457.0,10.093908203125,11.0,52353.0,54890.0
3,93,I3_R93_V0_T117,0,117,15,6282.0,104.7,1.745,3582.0,24.812734375000005,21.0,54915.0,61197.0
3,93,I3_R93_V1_T9,1,9,5,4241.0,70.68333333333334,1.1780555555555556,3341.0,23.18204736328125,9.0,35527.0,39768.0
3,93,I3_R93_V1_T30,1,30,7,3987.0,66.45,1.1075,2727.0,18.9126513671875,12.0,40447.0,44434.0
3,93,I3_R93_V1_T91,1,91,8,4386.0,73.1,1.2183333333333333,2946.0,20.41835546875,15.0,44505.0,48891.0
3,93,I3_R93_V1_T161,1,161,17,7552.0,125.86666666666666,2.097777777777778,4492.0,31.1281240234375,31.0,48891.0,56443.0
3,93,I3_R93_V1_T184,1,184,10,4744.0,79.06666666666666,1.3177777777777777,2944.0,20.409933593749997,16.0,56443.0,61187.0
3,93,I3_R93_V2_T0,2,0,1,3238.0,53.96666666666667,0.8994444444444445,1602.0,11.1235546875,1.0,32400.0,35638.0
3,93,I3_R93_V2_T1,2,1,11,6027.0,100.45,1.6741666666666666,3717.0,25.7741015625,17.0,36715.0,42742.0
3,93,I3_R93_V2_T2,2,2,5,3455.0,57.583333333333336,0.9597222222222223,2555.0,17.729439453125,8.0,42742.0,46197.0
3,93,I3_R93_V2_T12,2,12,11,4510.0,75.16666666666667,1.2527777777777778,2530.0,17.52196484375,20.0,46197.0,50707.0
3,93,I3_R93_V2_T75,2,75,11,4244.0,70.73333333333333,1.1788888888888889,2264.0,15.681242187499999,20.0,50707.0,54951.0
3,93,I3_R93_V2_T216,2,216,12,6156.0,102.6,1.71,3996.0,27.702186523437497,19.0,54951.0,61107.0
3,94,I3_R94_V0_T0,0,0,7,6517.0,108.61666666666666,1.8102777777777779,4866.0,33.77068896484375,10.0,36722.0,43239.0
3,94,I3_R94_V0_T8,0,8,14,7732.0,128.86666666666667,2.147777777777778,4754.0,32.9694921875,22.0,43239.0,50971.0
3,94,I3_R94_V0_T19,0,19,3,2700.0,45.0,0.75,2160.0,14.986484375,4.0,50971.0,53671.0
3,94,I3_R94_V0_T30,0,30,18,7345.0,122.41666666666667,2.040277777777778,4105.0,28.437442871093747,27.0,53742.0,61087.0
3,94,I3_R94_V1_T72,1,72,3,11534.0,192.23333333333332,3.203888888888889,6425.0,44.60942529296875,3.0,32400.0,43934.0
3,94,I3_R94_V1_T104,1,104,16,8047.0,134.11666666666667,2.2352777777777777,5167.0,35.82930810546875,28.0,43934.0,51981.0
3,94,I3_R94_V1_T130,1,130,10,4076.0,67.93333333333334,1.1322222222222222,2276.0,15.764607421875002,18.0,51981.0,56057.0
3,94,I3_R94_V1_T246,1,246,10,5103.0,85.05,1.4175,3303.0,22.904857421875,20.0,56057.0,61160.0
3,94,I3_R94_V2_T0,2,0,7,6311.0,105.18333333333334,1.7530555555555556,4125.0,28.61982421875,11.0,35856.0,42167.0
3,94,I3_R94_V2_T25,2,25,6,4546.0,75.76666666666667,1.2627777777777778,3466.0,24.0445498046875,11.0,42167.0,46713.0
3,94,I3_R94_V2_T112,2,112,17,7812.0,130.2,2.17,4752.0,32.931189453125,28.0,46914.0,54726.0
3,94,I3_R94_V2_T140,2,140,15,6376.0,106.26666666666667,1.771111111111111,3676.0,25.48158984375,28.0,54818.0,61194.0
3,95,I3_R95_V0_T10,0,10,1,4054.0,67.56666666666666,1.126111111111111,2712.0,18.831857421875,1.0,32400.0,36454.0
3,95,I3_R95_V0_T35,0,35,5,4146.0,69.1,1.1516666666666666,3246.0,22.525199218749997,9.0,36973.0,41119.0
3,95,I3_R95_V0_T50,0,50,5,3028.0,50.46666666666667,0.8411111111111111,2128.0,14.757205078125,10.0,41119.0,44147.0
3,95,I3_R95_V0_T59,0,59,9,5318.0,88.63333333333334,1.4772222222222222,3698.0,25.63621875,16.0,44293.0,49611.0
3,95,I3_R95_V0_T127,0,127,13,5969.0,99.48333333333333,1.6580555555555556,3629.0,25.14549609375,21.0,49611.0,55580.0
3,95,I3_R95_V0_T238,0,238,13,5579.0,92.98333333333333,1.5497222222222222,3239.0,22.45209765625,21.0,55580.0,61159.0
3,95,I3_R95_V1_T1,1,1,9,4316.0,71.93333333333334,1.198888888888889,2696.0,18.681693359375,15.0,41990.0,46306.0
3,95,I3_R95_V1_T39,1,39,18,6674.0,111.23333333333333,1.853888888888889,3434.0,23.782361328124995,32.0,46306.0,52980.0
3,95,I3_R95_V1_T59,1,59,20,8126.0,135.43333333333334,2.257222222222222,4526.0,31.35537255859375,31.0,52980.0,61106.0
3,95,I3_R95_V2_T2,2,2,4,4631.0,77.18333333333334,1.2863888888888888,3292.0,22.834061523437498,7.0,36649.0,41280.0
3,95,I3_R95_V2_T14,2,14,11,6394.0,106.56666666666666,1.7761111111111112,4414.0,30.613953613281247,16.0,41688.0,48082.0
3,95,I3_R95_V2_T20,2,20,18,7142.0,119.03333333333333,1.9838888888888888,3902.0,27.04221484375,33.0,48082.0,55224.0
3,95,I3_R95_V2_T159,2,159,13,5929.0,98.81666666666666,1.6469444444444445,3589.0,24.8696748046875,26.0,55224.0,61153.0
3,96,I3_R96_V0_T5,0,5,11,6092.0,101.53333333333333,1.6922222222222223,3467.0,24.0286640625,16.0,38414.0,44506.0
3,96,I3_R96_V0_T17,0,17,12,5896.0,98.26666666666667,1.6377777777777778,3736.0,25.895805175781252,19.0,44506.0,50402.0
3,96,I3_R96_V0_T23,0,23,6,3235.0,53.916666666666664,0.8986111111111111,2155.0,14.9410556640625,11.0,50402.0,53637.0
3,96,I3_R96_V0_T36,0,36,19,7504.0,125.06666666666666,2.0844444444444443,4084.0,28.301474609375,35.0,53690.0,61194.0
3,96,I3_R96_V1_T69,1,69,1,4592.0,76.53333333333333,1.2755555555555556,4412.0,30.63493127441406,2.0,35627.0,40219.0
3,96,I3_R96_V1_T102,1,102,9,5342.0,89.03333333333333,1.4838888888888888,3722.0,25.81244921875,15.0,40867.0,46209.0
3,96,I3_R96_V1_T105,1,105,16,6220.0,103.66666666666667,1.7277777777777779,3340.0,23.131707031249995,30.0,46979.0,53199.0
3,96,I3_R96_V1_T190,1,190,15,6479.0,107.98333333333333,1.7997222222222222,3779.0,26.185734375,26.0,53199.0,59678.0
3,96,I3_R96_V1_T238,1,238,1,1412.0,23.533333333333335,0.39222222222222225,1232.0,8.547873046875,2.0,59678.0,61090.0
3,96,I3_R96_V2_T15,2,15,9,7815.0,130.25,2.1708333333333334,6195.0,42.96926586914062,15.0,36085.0,43900.0
3,96,I3_R96_V2_T19,2,19,14,7119.0,118.65,1.9775,4599.0,31.88102001953125,25.0,43900.0,51019.0
3,96,I3_R96_V2_T90,2,90,23,9947.0,165.78333333333333,2.7630555555555554,5807.0,40.25797192382813,37.0,51019.0,60966.0
3,97,I3_R97_V0_T1,0,1,3,3954.0,65.9,1.0983333333333334,3414.0,23.6952109375,5.0,33743.0,37697.0
3,97,I3_R97_V0_T3,0,3,3,4276.0,71.26666666666667,1.1877777777777778,3736.0,25.92930224609375,6.0,37697.0,41973.0
3,97,I3_R97_V0_T43,0,43,13,6528.0,108.8,1.8133333333333332,4188.0,29.02796240234375,22.0,41973.0,48501.0
3,97,I3_R97_V0_T60,0,60,12,5503.0,91.71666666666667,1.5286111111111111,3343.0,23.16715625,23.0,48501.0,54004.0
3,97,I3_R97_V0_T79,0,79,1,590.0,9.833333333333334,0.1638888888888889,410.0,2.842162109375,2.0,54004.0,54594.0
3,97,I3_R97_V0_T231,0,231,14,6557.0,109.28333333333333,1.821388888888889,4037.0,27.98569140625,24.0,54594.0,61151.0
3,97,I3_R97_V1_T23,1,23,3,3109.0,51.81666666666667,0.8636111111111111,2569.0,17.82539453125,5.0,34758.0,37867.0
3,97,I3_R97_V1_T26,1,26,8,6226.0,103.76666666666667,1.7294444444444443,4615.0,32.0155810546875,13.0,37867.0,44093.0
3,97,I3_R97_V1_T80,1,80,18,7234.0,120.56666666666666,2.0094444444444446,3994.0,27.650613281250003,30.0,44093.0,51327.0
3,97,I3_R97_V1_T116,1,116,15,7273.0,121.21666666666667,2.020277777777778,4573.0,31.706593749999996,27.0,51330.0,58603.0
3,97,I3_R97_V1_T133,1,133,5,2504.0,41.733333333333334,0.6955555555555556,1604.0,11.122263671874999,8.0,58603.0,61107.0
3,97,I3_R97_V2_T0,2,0,1,2260.0,37.666666666666664,0.6277777777777778,620.0,4.299283203125,1.0,32400.0,34660.0
3,97,I3_R97_V2_T11,2,11,5,4715.0,78.58333333333333,1.3097222222222222,3815.0,26.47412841796875,7.0,34945.0,39660.0
3,97,I3_R97_V2_T42,2,42,4,2955.0,49.25,0.8208333333333333,2235.0,15.506996093749999,8.0,39680.0,42635.0
3,97,I3_R97_V2_T96,2,96,4,3202.0,53.36666666666667,0.8894444444444445,2482.0,17.224217773437502,8.0,42635.0,45837.0
3,97,I3_R97_V2_T149,2,149,20,8674.0,144.56666666666666,2.4094444444444445,5074.0,35.167195312500006,34.0,46192.0,54866.0
3,97,I3_R97_V2_T201,2,201,16,6074.0,101.23333333333333,1.6872222222222222,3194.0,22.120648437499998,29.0,54960.0,61034.0
3,98,I3_R98_V0_T2,0,2,4,3577.0,59.61666666666667,0.9936111111111111,2857.0,19.82209765625,7.0,35908.0,39485.0
3,98,I3_R98_V0_T15,0,15,4,2113.0,35.21666666666667,0.5869444444444445,1393.0,9.65828125,7.0,39485.0,41598.0
3,98,I3_R98_V0_T42,0,42,9,5638.0,93.96666666666667,1.566111111111111,4018.0,27.859992187499998,17.0,43833.0,49471.0
3,98,I3_R98_V0_T75,0,75,20,7848.0,130.8,2.18,4248.0,29.420080078124997,33.0,49471.0,57319.0
3,98,I3_R98_V0_T97,0,97,4,3733.0,62.21666666666667,1.0369444444444444,3013.0,20.9064423828125,7.0,57319.0,61052.0
3,98,I3_R98_V1_T10,1,10,7,5571.0,92.85,1.5475,4311.0,29.9188955078125,13.0,37162.0,42733.0
3,98,I3_R98_V1_T28,1,28,8,4135.0,68.91666666666667,1.148611111111111,2695.0,18.672643554687497,13.0,42733.0,46868.0
3,98,I3_R98_V1_T34,1,34,18,7242.0,120.7,2.0116666666666667,4002.0,27.7385458984375,29.0,47681.0,54923.0
3,98,I3_R98_V1_T84,1,84,14,6228.0,103.8,1.73,3708.0,25.705113281249997,23.0,54964.0,61192.0
3,98,I3_R98_V2_T120,2,120,7,5736.0,95.6,1.5933333333333333,4476.0,31.03864416503906,10.0,35969.0,41705.0
3,98,I3_R98_V2_T140,2,140,15,6384.0,106.4,1.7733333333333334,3684.0,25.5213642578125,22.0,41705.0,48089.0
3,98,I3_R98_V2_T169,2,169,15,6663.0,111.05,1.8508333333333333,3963.0,27.480784667968756,26.0,48245.0,54908.0
3,98,I3_R98_V2_T176,2,176,14,6213.0,103.55,1.7258333333333333,3693.0,25.60711865234375,26.0,54908.0,61121.0
3,99,I3_R99_V0_T47,0,47,5,3686.0,61.43333333333333,1.0238888888888888,2786.0,19.327314453125,8.0,32954.0,36640.0
3,99,I3_R99_V0_T62,0,62,3,3275.0,54.583333333333336,0.9097222222222222,2735.0,18.986722656250002,5.0,36775.0,40050.0
3,99,I3_R99_V0_T92,0,92,16,7063.0,117.71666666666667,1.9619444444444445,4183.0,28.98378125,29.0,40588.0,47651.0
3,99,I3_R99_V0_T154,0,154,15,6855.0,114.25,1.9041666666666666,4155.0,28.796693359375,27.0,48012.0,54867.0
3,99,I3_R99_V0_T157,0,157,12,6288.0,104.8,1.7466666666666666,4128.0,28.612913574218748,23.0,54867.0,61155.0
3,99,I3_R99_V1_T2,1,2,10,8268.0,137.8,2.296666666666667,6179.0,42.86556536865235,16.0,36364.0,44632.0
3,99,I3_R99_V1_T134,1,134,14,7119.0,118.65,1.9775,4599.0,31.87497802734375,28.0,44632.0,51751.0
3,99,I3_R99_V1_T225,1,225,26,9154.0,152.56666666666666,2.542777777777778,4474.0,30.987478515625003,42.0,51871.0,61025.0
3,99,I3_R99_V2_T2,2,2,6,5886.0,98.1,1.635,4806.0,33.358330078125,9.0,36341.0,42227.0
3,99,I3_R99_V2_T6,2,6,13,5131.0,85.51666666666667,1.4252777777777779,2791.0,19.328703124999997,21.0,42227.0,47358.0
3,99,I3_R99_V2_T63,2,63,9,4163.0,69.38333333333334,1.156388888888889,2543.0,17.611048828125,16.0,47358.0,51521.0
3,99,I3_R99_V2_T149,2,149,21,8357.0,139.28333333333333,2.321388888888889,4577.0,31.703050781250003,33.0,51521.0,59878.0
3,99,I3_R99_V2_T291,2,291,1,1160.0,19.333333333333332,0.32222222222222224,980.0,6.795740234375,2.0,59878.0,61038.0
