instancia;replica;tour_id;vehicle;trip;n_customers_tour;tour_duration_sec;tour_duration_min;tour_duration_hours;total_travel_time_sec;total_distance_km;total_profit;departure_time_from_depot;return_to_depot_time
1,00;0,00;I1_R0_V0_T17;0,00;17,00;4,00;4429,00;73,82;1,23;3709,00;25,74;6,00;34355,00;38784,00
1,00;0,00;I1_R0_V0_T53;0,00;53,00;8,00;5166,00;86,10;1,44;3726,00;25,85;13,00;38784,00;43950,00
1,00;0,00;I1_R0_V0_T73;0,00;73,00;15,00;8653,00;144,22;2,40;5925,00;41,09;22,00;43950,00;52603,00
1,00;0,00;I1_R0_V0_T161;0,00;161,00;19,00;8458,00;140,97;2,35;5038,00;34,92;34,00;52603,00;61061,00
1,00;0,00;I1_R0_V1_T3;1,00;3,00;5,00;4855,00;80,92;1,35;3955,00;27,44;8,00;33639,00;38494,00
1,00;0,00;I1_R0_V1_T8;1,00;8,00;9,00;6997,00;116,62;1,94;5377,00;37,31;13,00;38494,00;45491,00
1,00;0,00;I1_R0_V1_T18;1,00;18,00;15,00;7348,00;122,47;2,04;4648,00;32,23;26,00;45545,00;52893,00
1,00;0,00;I1_R0_V1_T233;1,00;233,00;18,00;8189,00;136,48;2,27;4949,00;34,30;28,00;52893,00;61082,00
1,00;0,00;I1_R0_V2_T5;2,00;5,00;3,00;4008,00;66,80;1,11;3073,00;21,33;4,00;32495,00;36503,00
1,00;0,00;I1_R0_V2_T31;2,00;31,00;12,00;8789,00;146,48;2,44;6629,00;46,00;19,00;36503,00;45292,00
1,00;0,00;I1_R0_V2_T42;2,00;42,00;10,00;5811,00;96,85;1,61;4011,00;27,81;19,00;45292,00;51103,00
1,00;0,00;I1_R0_V2_T64;2,00;64,00;16,00;8508,00;141,80;2,36;5628,00;39,02;25,00;51103,00;59611,00
1,00;0,00;I1_R0_V2_T68;2,00;68,00;1,00;1580,00;26,33;0,44;1400,00;9,71;2,00;59611,00;61191,00
1,00;1,00;I1_R1_V0_T22;0,00;22,00;5,00;5466,00;91,10;1,52;4566,00;31,69;7,00;33413,00;38879,00
1,00;1,00;I1_R1_V0_T26;0,00;26,00;17,00;9198,00;153,30;2,56;6138,00;42,56;25,00;38879,00;48077,00
1,00;1,00;I1_R1_V0_T37;0,00;37,00;15,00;7658,00;127,63;2,13;4958,00;34,39;26,00;48459,00;56117,00
1,00;1,00;I1_R1_V0_T73;0,00;73,00;9,00;5037,00;83,95;1,40;3417,00;23,70;12,00;56117,00;61154,00
1,00;1,00;I1_R1_V1_T3;1,00;3,00;12,00;7367,00;122,78;2,05;5207,00;36,13;20,00;35738,00;43105,00
1,00;1,00;I1_R1_V1_T11;1,00;11,00;15,00;6704,00;111,73;1,86;4004,00;27,75;23,00;43389,00;50093,00
1,00;1,00;I1_R1_V1_T45;1,00;45,00;12,00;5799,00;96,65;1,61;3639,00;25,23;18,00;50093,00;55892,00
1,00;1,00;I1_R1_V1_T47;1,00;47,00;9,00;5119,00;85,32;1,42;3499,00;24,28;16,00;55892,00;61011,00
1,00;1,00;I1_R1_V2_T0;2,00;0,00;3,00;2854,00;47,57;0,79;2314,00;16,06;5,00;35171,00;38025,00
1,00;1,00;I1_R1_V2_T6;2,00;6,00;4,00;3036,00;50,60;0,84;2316,00;16,07;7,00;38025,00;41061,00
1,00;1,00;I1_R1_V2_T7;2,00;7,00;20,00;9607,00;160,12;2,67;6007,00;41,63;33,00;41061,00;50668,00
1,00;1,00;I1_R1_V2_T22;2,00;22,00;12,00;7144,00;119,07;1,98;4984,00;34,57;20,00;50672,00;57816,00
1,00;1,00;I1_R1_V2_T26;2,00;26,00;4,00;3334,00;55,57;0,93;2614,00;18,13;7,00;57816,00;61150,00
1,00;2,00;I1_R2_V0_T15;0,00;15,00;2,00;2461,00;41,02;0,68;2101,00;14,58;4,00;32766,00;35227,00
1,00;2,00;I1_R2_V0_T21;0,00;21,00;9,00;6039,00;100,65;1,68;4419,00;30,65;13,00;35442,00;41481,00
1,00;2,00;I1_R2_V0_T25;0,00;25,00;6,00;4514,00;75,23;1,25;3434,00;23,82;11,00;41481,00;45995,00
1,00;2,00;I1_R2_V0_T32;0,00;32,00;11,00;5587,00;93,12;1,55;3607,00;24,99;17,00;46131,00;51718,00
1,00;2,00;I1_R2_V0_T116;0,00;116,00;18,00;9478,00;157,97;2,63;6238,00;43,24;26,00;51718,00;61196,00
1,00;2,00;I1_R2_V1_T37;1,00;37,00;7,00;5270,00;87,83;1,46;4010,00;27,81;12,00;34601,00;39871,00
1,00;2,00;I1_R2_V1_T85;1,00;85,00;13,00;6195,00;103,25;1,72;3855,00;26,74;20,00;39871,00;46066,00
1,00;2,00;I1_R2_V1_T103;1,00;103,00;17,00;8612,00;143,53;2,39;5552,00;38,49;28,00;46078,00;54690,00
1,00;2,00;I1_R2_V1_T129;1,00;129,00;11,00;6440,00;107,33;1,79;4460,00;30,93;18,00;54690,00;61130,00
1,00;2,00;I1_R2_V2_T18;2,00;18,00;8,00;5792,00;96,53;1,61;4352,00;30,20;12,00;34398,00;40190,00
1,00;2,00;I1_R2_V2_T87;2,00;87,00;21,00;8544,00;142,40;2,37;4764,00;33,01;35,00;40631,00;49175,00
1,00;2,00;I1_R2_V2_T151;2,00;151,00;13,00;6547,00;109,12;1,82;4207,00;29,18;22,00;49218,00;55765,00
1,00;2,00;I1_R2_V2_T171;2,00;171,00;10,00;5384,00;89,73;1,50;3584,00;24,85;18,00;55765,00;61149,00
1,00;3,00;I1_R3_V0_T50;0,00;50,00;2,00;3993,00;66,55;1,11;3633,00;25,22;3,00;33538,00;37531,00
1,00;3,00;I1_R3_V0_T90;0,00;90,00;12,00;7202,00;120,03;2,00;5042,00;34,98;21,00;37726,00;44928,00
1,00;3,00;I1_R3_V0_T115;0,00;115,00;12,00;7173,00;119,55;1,99;5013,00;34,77;20,00;44928,00;52101,00
1,00;3,00;I1_R3_V0_T222;0,00;222,00;20,00;9054,00;150,90;2,52;5454,00;37,79;32,00;52101,00;61155,00
1,00;3,00;I1_R3_V1_T0;1,00;0,00;6,00;6123,00;102,05;1,70;5043,00;35,01;9,00;33829,00;39952,00
1,00;3,00;I1_R3_V1_T1;1,00;1,00;13,00;7073,00;117,88;1,96;4733,00;32,82;22,00;39952,00;47025,00
1,00;3,00;I1_R3_V1_T6;1,00;6,00;14,00;7627,00;127,12;2,12;5107,00;35,40;21,00;47081,00;54708,00
1,00;3,00;I1_R3_V1_T26;1,00;26,00;14,00;6476,00;107,93;1,80;3956,00;27,42;22,00;54708,00;61184,00
1,00;3,00;I1_R3_V2_T9;2,00;9,00;7,00;6362,00;106,03;1,77;5102,00;35,40;12,00;35807,00;42169,00
1,00;3,00;I1_R3_V2_T41;2,00;41,00;11,00;6031,00;100,52;1,68;4051,00;28,09;18,00;42169,00;48200,00
1,00;3,00;I1_R3_V2_T79;2,00;79,00;10,00;6730,00;112,17;1,87;4930,00;34,18;19,00;48200,00;54930,00
1,00;3,00;I1_R3_V2_T124;2,00;124,00;12,00;6144,00;102,40;1,71;3984,00;27,62;22,00;54930,00;61074,00
1,00;4,00;I1_R4_V0_T17;0,00;17,00;3,00;5216,00;86,93;1,45;4676,00;32,46;4,00;34183,00;39399,00
1,00;4,00;I1_R4_V0_T44;0,00;44,00;11,00;7239,00;120,65;2,01;5259,00;36,48;20,00;39504,00;46743,00
1,00;4,00;I1_R4_V0_T69;0,00;69,00;18,00;9266,00;154,43;2,57;6026,00;41,78;34,00;46783,00;56049,00
1,00;4,00;I1_R4_V0_T83;0,00;83,00;8,00;5111,00;85,18;1,42;3671,00;25,45;13,00;56049,00;61160,00
1,00;4,00;I1_R4_V1_T41;1,00;41,00;2,00;2527,00;42,12;0,70;2167,00;15,04;3,00;33489,00;36016,00
1,00;4,00;I1_R4_V1_T72;1,00;72,00;1,00;2392,00;39,87;0,66;2212,00;15,35;2,00;36118,00;38510,00
1,00;4,00;I1_R4_V1_T100;1,00;100,00;10,00;7144,00;119,07;1,98;5344,00;37,07;15,00;38510,00;45654,00
1,00;4,00;I1_R4_V1_T126;1,00;126,00;12,00;6567,00;109,45;1,82;4407,00;30,56;19,00;45654,00;52221,00
1,00;4,00;I1_R4_V1_T134;1,00;134,00;19,00;8968,00;149,47;2,49;5548,00;38,46;28,00;52221,00;61189,00
1,00;4,00;I1_R4_V2_T29;2,00;29,00;4,00;5286,00;88,10;1,47;3250,00;22,55;4,00;32400,00;37686,00
1,00;4,00;I1_R4_V2_T32;2,00;32,00;10,00;6786,00;113,10;1,89;4986,00;34,58;13,00;37686,00;44472,00
1,00;4,00;I1_R4_V2_T84;2,00;84,00;15,00;8618,00;143,63;2,39;5918,00;41,03;22,00;44472,00;53090,00
1,00;4,00;I1_R4_V2_T199;2,00;199,00;15,00;8060,00;134,33;2,24;5360,00;37,18;25,00;53090,00;61150,00
1,00;5,00;I1_R5_V0_T54;0,00;54,00;6,00;5051,00;84,18;1,40;3971,00;27,55;7,00;32977,00;38028,00
1,00;5,00;I1_R5_V0_T92;0,00;92,00;13,00;7975,00;132,92;2,22;5635,00;39,08;21,00;38028,00;46003,00
1,00;5,00;I1_R5_V0_T98;0,00;98,00;12,00;6775,00;112,92;1,88;4615,00;32,01;22,00;46003,00;52778,00
1,00;5,00;I1_R5_V0_T128;0,00;128,00;16,00;8407,00;140,12;2,34;5527,00;38,33;27,00;52778,00;61185,00
1,00;5,00;I1_R5_V1_T58;1,00;58,00;4,00;3508,00;58,47;0,97;2788,00;19,34;7,00;35315,00;38823,00
1,00;5,00;I1_R5_V1_T125;1,00;125,00;11,00;7290,00;121,50;2,03;5310,00;36,83;17,00;39352,00;46642,00
1,00;5,00;I1_R5_V1_T267;1,00;267,00;14,00;6972,00;116,20;1,94;4452,00;30,87;24,00;46642,00;53614,00
1,00;5,00;I1_R5_V1_T275;1,00;275,00;15,00;7462,00;124,37;2,07;4762,00;33,02;25,00;53688,00;61150,00
1,00;5,00;I1_R5_V2_T40;2,00;40,00;4,00;5908,00;98,47;1,64;5188,00;36,01;7,00;34287,00;40195,00
1,00;5,00;I1_R5_V2_T116;2,00;116,00;12,00;6986,00;116,43;1,94;4826,00;33,48;18,00;40195,00;47181,00
1,00;5,00;I1_R5_V2_T123;2,00;123,00;21,00;10131,00;168,85;2,81;6351,00;44,01;32,00;47181,00;57312,00
1,00;5,00;I1_R5_V2_T127;2,00;127,00;7,00;3881,00;64,68;1,08;2621,00;18,17;12,00;57312,00;61193,00
1,00;6,00;I1_R6_V0_T0;0,00;0,00;14,00;9804,00;163,40;2,72;7284,00;50,53;21,00;36605,00;46409,00
1,00;6,00;I1_R6_V0_T1;0,00;1,00;17,00;8360,00;139,33;2,32;5300,00;36,75;24,00;46456,00;54816,00
1,00;6,00;I1_R6_V0_T208;0,00;208,00;12,00;6325,00;105,42;1,76;4165,00;28,87;18,00;54872,00;61197,00
1,00;6,00;I1_R6_V1_T9;1,00;9,00;7,00;6344,00;105,73;1,76;5084,00;35,27;10,00;33431,00;39775,00
1,00;6,00;I1_R6_V1_T55;1,00;55,00;9,00;6462,00;107,70;1,80;4842,00;33,59;15,00;41340,00;47802,00
1,00;6,00;I1_R6_V1_T135;1,00;135,00;22,00;12801,00;213,35;3,56;8841,00;61,32;33,00;47983,00;60784,00
1,00;6,00;I1_R6_V2_T62;2,00;62,00;2,00;2577,00;42,95;0,72;2217,00;15,38;3,00;32953,00;35530,00
1,00;6,00;I1_R6_V2_T112;2,00;112,00;9,00;5996,00;99,93;1,67;4376,00;30,37;15,00;37493,00;43489,00
1,00;6,00;I1_R6_V2_T119;2,00;119,00;8,00;5323,00;88,72;1,48;3828,00;26,55;13,00;44004,00;49327,00
1,00;6,00;I1_R6_V2_T130;2,00;130,00;8,00;5553,00;92,55;1,54;4113,00;28,52;12,00;49327,00;54880,00
1,00;6,00;I1_R6_V2_T133;2,00;133,00;10,00;6303,00;105,05;1,75;4503,00;31,23;19,00;54880,00;61183,00
1,00;7,00;I1_R7_V0_T15;0,00;15,00;5,00;4015,00;66,92;1,12;3115,00;21,61;7,00;32913,00;36928,00
1,00;7,00;I1_R7_V0_T40;0,00;40,00;5,00;3899,00;64,98;1,08;2999,00;20,80;9,00;36928,00;40827,00
1,00;7,00;I1_R7_V0_T94;0,00;94,00;11,00;7507,00;125,12;2,09;5527,00;38,35;15,00;40834,00;48341,00
1,00;7,00;I1_R7_V0_T119;0,00;119,00;13,00;6862,00;114,37;1,91;4522,00;31,34;22,00;48341,00;55203,00
1,00;7,00;I1_R7_V0_T121;0,00;121,00;10,00;5934,00;98,90;1,65;4134,00;28,67;19,00;55203,00;61137,00
1,00;7,00;I1_R7_V1_T1;1,00;1,00;5,00;5005,00;83,42;1,39;3983,00;27,64;5,00;32400,00;37405,00
1,00;7,00;I1_R7_V1_T30;1,00;30,00;2,00;2257,00;37,62;0,63;1897,00;13,17;3,00;37437,00;39694,00
1,00;7,00;I1_R7_V1_T35;1,00;35,00;17,00;7803,00;130,05;2,17;4743,00;32,89;26,00;39694,00;47497,00
1,00;7,00;I1_R7_V1_T86;1,00;86,00;10,00;6229,00;103,82;1,73;4429,00;30,73;19,00;47556,00;53785,00
1,00;7,00;I1_R7_V1_T158;1,00;158,00;15,00;7209,00;120,15;2,00;4509,00;31,27;24,00;53785,00;60994,00
1,00;7,00;I1_R7_V2_T5;2,00;5,00;11,00;8327,00;138,78;2,31;6310,00;43,78;13,00;33241,00;41568,00
1,00;7,00;I1_R7_V2_T64;2,00;64,00;20,00;9965,00;166,08;2,77;6365,00;44,12;32,00;41702,00;51667,00
1,00;7,00;I1_R7_V2_T88;2,00;88,00;20,00;9500,00;158,33;2,64;5900,00;40,92;35,00;51700,00;61200,00
1,00;8,00;I1_R8_V0_T11;0,00;11,00;2,00;3071,00;51,18;0,85;2711,00;18,81;3,00;33376,00;36447,00
1,00;8,00;I1_R8_V0_T18;0,00;18,00;22,00;10313,00;171,88;2,86;6353,00;44,04;33,00;36447,00;46760,00
1,00;8,00;I1_R8_V0_T26;0,00;26,00;15,00;9345,00;155,75;2,60;6645,00;46,09;24,00;46834,00;56179,00
1,00;8,00;I1_R8_V0_T72;0,00;72,00;11,00;4883,00;81,38;1,36;2903,00;20,12;16,00;56179,00;61062,00
1,00;8,00;I1_R8_V1_T1;1,00;1,00;5,00;4557,00;75,95;1,27;3657,00;25,38;6,00;32494,00;37051,00
1,00;8,00;I1_R8_V1_T16;1,00;16,00;10,00;6863,00;114,38;1,91;4930,00;34,20;18,00;37376,00;44239,00
1,00;8,00;I1_R8_V1_T60;1,00;60,00;12,00;7172,00;119,53;1,99;5012,00;34,77;21,00;44427,00;51599,00
1,00;8,00;I1_R8_V1_T117;1,00;117,00;17,00;9552,00;159,20;2,65;6492,00;45,02;27,00;51599,00;61151,00
1,00;8,00;I1_R8_V2_T6;2,00;6,00;3,00;3226,00;53,77;0,90;2686,00;18,64;5,00;33641,00;36867,00
1,00;8,00;I1_R8_V2_T15;2,00;15,00;2,00;2216,00;36,93;0,62;1856,00;12,88;4,00;36909,00;39125,00
1,00;8,00;I1_R8_V2_T29;2,00;29,00;25,00;13419,00;223,65;3,73;8919,00;61,84;36,00;39230,00;52649,00
1,00;8,00;I1_R8_V2_T47;2,00;47,00;17,00;8097,00;134,95;2,25;5037,00;34,91;31,00;53023,00;61120,00
1,00;9,00;I1_R9_V0_T0;0,00;0,00;8,00;7541,00;125,68;2,09;5590,00;38,79;13,00;34210,00;41751,00
1,00;9,00;I1_R9_V0_T1;0,00;1,00;15,00;7801,00;130,02;2,17;5101,00;35,37;29,00;41751,00;49552,00
1,00;9,00;I1_R9_V0_T6;0,00;6,00;18,00;8867,00;147,78;2,46;5627,00;39,00;30,00;49552,00;58419,00
1,00;9,00;I1_R9_V0_T77;0,00;77,00;4,00;2635,00;43,92;0,73;1915,00;13,27;7,00;58419,00;61054,00
1,00;9,00;I1_R9_V1_T10;1,00;10,00;3,00;3042,00;50,70;0,85;2502,00;17,37;6,00;33587,00;36629,00
1,00;9,00;I1_R9_V1_T50;1,00;50,00;4,00;3963,00;66,05;1,10;3243,00;22,51;7,00;36629,00;40592,00
1,00;9,00;I1_R9_V1_T108;1,00;108,00;26,00;12513,00;208,55;3,48;7833,00;54,31;41,00;40712,00;53225,00
1,00;9,00;I1_R9_V1_T140;1,00;140,00;15,00;7063,00;117,72;1,96;4363,00;30,24;23,00;53846,00;60909,00
1,00;9,00;I1_R9_V2_T24;2,00;24,00;3,00;4235,00;70,58;1,18;3695,00;25,64;4,00;32800,00;37035,00
1,00;9,00;I1_R9_V2_T63;2,00;63,00;16,00;9273,00;154,55;2,58;6393,00;44,35;27,00;37746,00;47019,00
1,00;9,00;I1_R9_V2_T91;2,00;91,00;6,00;4036,00;67,27;1,12;2956,00;20,50;11,00;47043,00;51079,00
1,00;9,00;I1_R9_V2_T104;2,00;104,00;17,00;10101,00;168,35;2,81;7041,00;48,82;27,00;51079,00;61180,00
1,00;10,00;I1_R10_V0_T6;0,00;6,00;3,00;3920,00;65,33;1,09;3380,00;23,46;5,00;34159,00;38079,00
1,00;10,00;I1_R10_V0_T9;0,00;9,00;13,00;7253,00;120,88;2,01;4913,00;34,06;19,00;38723,00;45976,00
1,00;10,00;I1_R10_V0_T13;0,00;13,00;20,00;9284,00;154,73;2,58;5684,00;39,40;29,00;46154,00;55438,00
1,00;10,00;I1_R10_V0_T172;0,00;172,00;12,00;5546,00;92,43;1,54;3386,00;23,46;21,00;55438,00;60984,00
1,00;10,00;I1_R10_V1_T44;1,00;44,00;11,00;8430,00;140,50;2,34;6259,00;43,43;18,00;35160,00;43590,00
1,00;10,00;I1_R10_V1_T95;1,00;95,00;13,00;6635,00;110,58;1,84;4295,00;29,78;23,00;43590,00;50225,00
1,00;10,00;I1_R10_V1_T103;1,00;103,00;23,00;10765,00;179,42;2,99;6625,00;45,91;34,00;50225,00;60990,00
1,00;10,00;I1_R10_V2_T6;2,00;6,00;6,00;6327,00;105,45;1,76;5003,00;34,72;9,00;33624,00;39951,00
1,00;10,00;I1_R10_V2_T64;2,00;64,00;14,00;7078,00;117,97;1,97;4558,00;31,60;25,00;40562,00;47640,00
1,00;10,00;I1_R10_V2_T76;2,00;76,00;15,00;7043,00;117,38;1,96;4343,00;30,12;24,00;47640,00;54683,00
1,00;10,00;I1_R10_V2_T176;2,00;176,00;13,00;6392,00;106,53;1,78;4052,00;28,09;21,00;54683,00;61075,00
1,00;11,00;I1_R11_V0_T22;0,00;22,00;2,00;3450,00;57,50;0,96;3090,00;21,45;4,00;33430,00;36880,00
1,00;11,00;I1_R11_V0_T26;0,00;26,00;16,00;9096,00;151,60;2,53;6216,00;43,10;25,00;37004,00;46100,00
1,00;11,00;I1_R11_V0_T41;0,00;41,00;15,00;7074,00;117,90;1,97;4374,00;30,32;24,00;46121,00;53195,00
1,00;11,00;I1_R11_V0_T77;0,00;77,00;17,00;7894,00;131,57;2,19;4834,00;33,52;24,00;53255,00;61149,00
1,00;11,00;I1_R11_V1_T3;1,00;3,00;10,00;7590,00;126,50;2,11;5790,00;40,18;11,00;33002,00;40592,00
1,00;11,00;I1_R11_V1_T7;1,00;7,00;10,00;5815,00;96,92;1,62;4015,00;27,83;15,00;40592,00;46407,00
1,00;11,00;I1_R11_V1_T39;1,00;39,00;16,00;8777,00;146,28;2,44;5897,00;40,88;25,00;46417,00;55194,00
1,00;11,00;I1_R11_V1_T277;1,00;277,00;12,00;5974,00;99,57;1,66;3814,00;26,43;17,00;55194,00;61168,00
1,00;11,00;I1_R11_V2_T2;2,00;2,00;9,00;6453,00;107,55;1,79;4833,00;33,53;13,00;34650,00;41103,00
1,00;11,00;I1_R11_V2_T43;2,00;43,00;10,00;6131,00;102,18;1,70;4331,00;30,05;18,00;41103,00;47234,00
1,00;11,00;I1_R11_V2_T63;2,00;63,00;11,00;5873,00;97,88;1,63;3893,00;26,98;17,00;47234,00;53107,00
1,00;11,00;I1_R11_V2_T67;2,00;67,00;17,00;7991,00;133,18;2,22;4931,00;34,18;28,00;53107,00;61098,00
1,00;12,00;I1_R12_V0_T5;0,00;5,00;6,00;5079,00;84,65;1,41;3999,00;27,74;10,00;35541,00;40620,00
1,00;12,00;I1_R12_V0_T6;0,00;6,00;15,00;8357,00;139,28;2,32;5657,00;39,22;25,00;40620,00;48977,00
1,00;12,00;I1_R12_V0_T24;0,00;24,00;11,00;4944,00;82,40;1,37;2964,00;20,55;16,00;48977,00;53921,00
1,00;12,00;I1_R12_V0_T37;0,00;37,00;17,00;7208,00;120,13;2,00;4148,00;28,74;27,00;53921,00;61129,00
1,00;12,00;I1_R12_V1_T32;1,00;32,00;6,00;6483,00;108,05;1,80;5403,00;37,50;10,00;34008,00;40491,00
1,00;12,00;I1_R12_V1_T51;1,00;51,00;9,00;5897,00;98,28;1,64;4277,00;29,67;17,00;40491,00;46388,00
1,00;12,00;I1_R12_V1_T73;1,00;73,00;18,00;8145,00;135,75;2,26;4905,00;33,99;28,00;46388,00;54533,00
1,00;12,00;I1_R12_V1_T83;1,00;83,00;12,00;6663,00;111,05;1,85;4503,00;31,22;21,00;54533,00;61196,00
1,00;12,00;I1_R12_V2_T1;2,00;1,00;6,00;5363,00;89,38;1,49;3505,00;24,32;8,00;32957,00;38320,00
1,00;12,00;I1_R12_V2_T2;2,00;2,00;8,00;6140,00;102,33;1,71;4700,00;32,62;15,00;38488,00;44628,00
1,00;12,00;I1_R12_V2_T33;2,00;33,00;17,00;7956,00;132,60;2,21;4896,00;33,95;30,00;44995,00;52951,00
1,00;12,00;I1_R12_V2_T139;2,00;139,00;15,00;8171,00;136,18;2,27;5471,00;37,93;27,00;52951,00;61122,00
1,00;13,00;I1_R13_V0_T57;0,00;57,00;6,00;5854,00;97,57;1,63;4774,00;33,13;9,00;35687,00;41541,00
1,00;13,00;I1_R13_V0_T62;0,00;62,00;7,00;4610,00;76,83;1,28;3350,00;23,24;14,00;41541,00;46151,00
1,00;13,00;I1_R13_V0_T66;0,00;66,00;13,00;7298,00;121,63;2,03;4958,00;34,37;22,00;46151,00;53449,00
1,00;13,00;I1_R13_V0_T118;0,00;118,00;17,00;7653,00;127,55;2,13;4593,00;31,83;29,00;53526,00;61179,00
1,00;13,00;I1_R13_V1_T13;1,00;13,00;7,00;7151,00;119,18;1,99;5556,00;38,56;12,00;33600,00;40751,00
1,00;13,00;I1_R13_V1_T29;1,00;29,00;21,00;11082,00;184,70;3,08;7302,00;50,63;30,00;40839,00;51921,00
1,00;13,00;I1_R13_V1_T183;1,00;183,00;20,00;8981,00;149,68;2,49;5381,00;37,30;32,00;52168,00;61149,00
1,00;13,00;I1_R13_V2_T8;2,00;8,00;2,00;2820,00;47,00;0,78;1625,00;11,27;3,00;34500,00;37320,00
1,00;13,00;I1_R13_V2_T20;2,00;20,00;6,00;5024,00;83,73;1,40;3944,00;27,37;12,00;37320,00;42344,00
1,00;13,00;I1_R13_V2_T35;2,00;35,00;17,00;9108,00;151,80;2,53;6048,00;41,93;30,00;42344,00;51452,00
1,00;13,00;I1_R13_V2_T66;2,00;66,00;17,00;8841,00;147,35;2,46;5781,00;40,09;26,00;51704,00;60545,00
1,00;13,00;I1_R13_V2_T136;2,00;136,00;1,00;612,00;10,20;0,17;432,00;2,99;2,00;60545,00;61157,00
1,00;14,00;I1_R14_V0_T12;0,00;12,00;8,00;5772,00;96,20;1,60;4332,00;30,05;12,00;35787,00;41559,00
1,00;14,00;I1_R14_V0_T17;0,00;17,00;22,00;10260,00;171,00;2,85;6300,00;43,64;32,00;41559,00;51819,00
1,00;14,00;I1_R14_V0_T20;0,00;20,00;20,00;9125,00;152,08;2,53;5525,00;38,29;31,00;52058,00;61183,00
1,00;14,00;I1_R14_V1_T8;1,00;8,00;2,00;3623,00;60,38;1,01;3263,00;22,65;3,00;34383,00;38006,00
1,00;14,00;I1_R14_V1_T18;1,00;18,00;13,00;7689,00;128,15;2,14;5349,00;37,09;21,00;38458,00;46147,00
1,00;14,00;I1_R14_V1_T23;1,00;23,00;19,00;9179,00;152,98;2,55;5759,00;39,92;31,00;46147,00;55326,00
1,00;14,00;I1_R14_V1_T273;1,00;273,00;12,00;5718,00;95,30;1,59;3558,00;24,66;21,00;55326,00;61044,00
1,00;14,00;I1_R14_V2_T13;2,00;13,00;1,00;1670,00;27,83;0,46;1490,00;10,34;2,00;32701,00;34371,00
1,00;14,00;I1_R14_V2_T19;2,00;19,00;5,00;5209,00;86,82;1,45;4309,00;29,90;7,00;34371,00;39580,00
1,00;14,00;I1_R14_V2_T30;2,00;30,00;13,00;7758,00;129,30;2,16;5418,00;37,57;22,00;39580,00;47338,00
1,00;14,00;I1_R14_V2_T61;2,00;61,00;15,00;7759,00;129,32;2,16;5059,00;35,07;26,00;47342,00;55101,00
1,00;14,00;I1_R14_V2_T79;2,00;79,00;10,00;6038,00;100,63;1,68;4238,00;29,40;17,00;55101,00;61139,00
1,00;15,00;I1_R15_V0_T0;0,00;0,00;12,00;8481,00;141,35;2,36;6321,00;43,85;17,00;33909,00;42390,00
1,00;15,00;I1_R15_V0_T17;0,00;17,00;20,00;10890,00;181,50;3,03;7290,00;50,57;30,00;42390,00;53280,00
1,00;15,00;I1_R15_V0_T121;0,00;121,00;19,00;7607,00;126,78;2,11;4187,00;29,00;30,00;53430,00;61037,00
1,00;15,00;I1_R15_V1_T25;1,00;25,00;5,00;6283,00;104,72;1,75;5383,00;37,37;6,00;32670,00;38953,00
1,00;15,00;I1_R15_V1_T61;1,00;61,00;18,00;8946,00;149,10;2,49;5706,00;39,56;30,00;38970,00;47916,00
1,00;15,00;I1_R15_V1_T68;1,00;68,00;13,00;7078,00;117,97;1,97;4738,00;32,85;20,00;48347,00;55425,00
1,00;15,00;I1_R15_V1_T103;1,00;103,00;12,00;5720,00;95,33;1,59;3560,00;24,69;19,00;55425,00;61145,00
1,00;15,00;I1_R15_V2_T3;2,00;3,00;8,00;6774,00;112,90;1,88;5334,00;37,02;13,00;35468,00;42242,00
1,00;15,00;I1_R15_V2_T14;2,00;14,00;12,00;7123,00;118,72;1,98;4963,00;34,43;21,00;42242,00;49365,00
1,00;15,00;I1_R15_V2_T35;2,00;35,00;6,00;3460,00;57,67;0,96;2380,00;16,50;10,00;49365,00;52825,00
1,00;15,00;I1_R15_V2_T36;2,00;36,00;15,00;8264,00;137,73;2,30;5564,00;38,60;25,00;52877,00;61141,00
1,00;16,00;I1_R16_V0_T5;0,00;5,00;5,00;4366,00;72,77;1,21;3466,00;24,05;7,00;33933,00;38299,00
1,00;16,00;I1_R16_V0_T7;0,00;7,00;15,00;8565,00;142,75;2,38;5865,00;40,66;26,00;38299,00;46864,00
1,00;16,00;I1_R16_V0_T56;0,00;56,00;16,00;8533,00;142,22;2,37;5653,00;39,21;22,00;46886,00;55419,00
1,00;16,00;I1_R16_V0_T60;0,00;60,00;10,00;5726,00;95,43;1,59;3926,00;27,22;17,00;55419,00;61145,00
1,00;16,00;I1_R16_V1_T32;1,00;32,00;4,00;4893,00;81,55;1,36;4173,00;28,96;6,00;32575,00;37468,00
1,00;16,00;I1_R16_V1_T54;1,00;54,00;11,00;5816,00;96,93;1,62;3836,00;26,59;18,00;38204,00;44020,00
1,00;16,00;I1_R16_V1_T72;1,00;72,00;13,00;7917,00;131,95;2,20;5577,00;38,68;24,00;44084,00;52001,00
1,00;16,00;I1_R16_V1_T109;1,00;109,00;18,00;8899,00;148,32;2,47;5659,00;39,24;28,00;52255,00;61154,00
1,00;16,00;I1_R16_V2_T9;2,00;9,00;10,00;7363,00;122,72;2,05;5563,00;38,59;13,00;34660,00;42023,00
1,00;16,00;I1_R16_V2_T29;2,00;29,00;12,00;7415,00;123,58;2,06;5255,00;36,44;22,00;42023,00;49438,00
1,00;16,00;I1_R16_V2_T59;2,00;59,00;8,00;5322,00;88,70;1,48;3882,00;26,92;16,00;49438,00;54760,00
1,00;16,00;I1_R16_V2_T124;2,00;124,00;11,00;6330,00;105,50;1,76;4350,00;30,16;18,00;54802,00;61132,00
1,00;17,00;I1_R17_V0_T8;0,00;8,00;1,00;2772,00;46,20;0,77;2592,00;17,99;2,00;33835,00;36607,00
1,00;17,00;I1_R17_V0_T21;0,00;21,00;14,00;8820,00;147,00;2,45;6300,00;43,70;22,00;36607,00;45427,00
1,00;17,00;I1_R17_V0_T46;0,00;46,00;11,00;5865,00;97,75;1,63;3885,00;26,94;19,00;45471,00;51336,00
1,00;17,00;I1_R17_V0_T63;0,00;63,00;7,00;4578,00;76,30;1,27;3318,00;23,01;13,00;51402,00;55980,00
1,00;17,00;I1_R17_V0_T92;0,00;92,00;9,00;5140,00;85,67;1,43;3520,00;24,41;16,00;55980,00;61120,00
1,00;17,00;I1_R17_V1_T5;1,00;5,00;3,00;4487,00;74,78;1,25;3245,00;22,52;4,00;32679,00;37166,00
1,00;17,00;I1_R17_V1_T7;1,00;7,00;16,00;8878,00;147,97;2,47;5998,00;41,59;26,00;37764,00;46642,00
1,00;17,00;I1_R17_V1_T58;1,00;58,00;16,00;8081,00;134,68;2,24;5201,00;36,07;27,00;46715,00;54796,00
1,00;17,00;I1_R17_V1_T59;1,00;59,00;11,00;6039,00;100,65;1,68;4059,00;28,14;20,00;55051,00;61090,00
1,00;17,00;I1_R17_V2_T5;2,00;5,00;11,00;7281,00;121,35;2,02;5301,00;36,77;17,00;36159,00;43440,00
1,00;17,00;I1_R17_V2_T10;2,00;10,00;21,00;9872,00;164,53;2,74;6092,00;42,22;31,00;43510,00;53382,00
1,00;17,00;I1_R17_V2_T108;2,00;108,00;15,00;7683,00;128,05;2,13;4983,00;34,56;24,00;53382,00;61065,00
1,00;18,00;I1_R18_V0_T19;0,00;19,00;5,00;6012,00;100,20;1,67;5112,00;35,47;7,00;33229,00;39241,00
1,00;18,00;I1_R18_V0_T35;0,00;35,00;14,00;7864,00;131,07;2,18;5344,00;37,04;23,00;39323,00;47187,00
1,00;18,00;I1_R18_V0_T149;0,00;149,00;17,00;7804,00;130,07;2,17;4744,00;32,90;27,00;47187,00;54991,00
1,00;18,00;I1_R18_V0_T189;0,00;189,00;10,00;6180,00;103,00;1,72;4380,00;30,38;20,00;54991,00;61171,00
1,00;18,00;I1_R18_V1_T1;1,00;1,00;1,00;1140,00;19,00;0,32;960,00;6,65;2,00;32974,00;34114,00
1,00;18,00;I1_R18_V1_T50;1,00;50,00;4,00;5734,00;95,57;1,59;5014,00;34,80;6,00;35516,00;41250,00
1,00;18,00;I1_R18_V1_T68;1,00;68,00;14,00;7457,00;124,28;2,07;4937,00;34,23;25,00;41250,00;48707,00
1,00;18,00;I1_R18_V1_T152;1,00;152,00;11,00;6529,00;108,82;1,81;4549,00;31,56;19,00;48707,00;55236,00
1,00;18,00;I1_R18_V1_T178;1,00;178,00;11,00;5787,00;96,45;1,61;3807,00;26,39;18,00;55236,00;61023,00
1,00;18,00;I1_R18_V2_T77;2,00;77,00;9,00;6554,00;109,23;1,82;4934,00;34,22;14,00;36003,00;42557,00
1,00;18,00;I1_R18_V2_T83;2,00;83,00;11,00;5749,00;95,82;1,60;3769,00;26,13;21,00;42557,00;48306,00
1,00;18,00;I1_R18_V2_T112;2,00;112,00;8,00;5364,00;89,40;1,49;3924,00;27,22;13,00;48306,00;53670,00
1,00;18,00;I1_R18_V2_T249;2,00;249,00;13,00;7400,00;123,33;2,06;5060,00;35,09;19,00;53767,00;61167,00
1,00;19,00;I1_R19_V0_T5;0,00;5,00;5,00;4145,00;69,08;1,15;3245,00;22,52;6,00;34599,00;38744,00
1,00;19,00;I1_R19_V0_T30;0,00;30,00;12,00;7134,00;118,90;1,98;4974,00;34,49;17,00;38776,00;45910,00
1,00;19,00;I1_R19_V0_T114;0,00;114,00;8,00;5464,00;91,07;1,52;4024,00;27,92;14,00;45910,00;51374,00
1,00;19,00;I1_R19_V0_T166;0,00;166,00;11,00;6675,00;111,25;1,85;4695,00;32,57;19,00;51374,00;58049,00
1,00;19,00;I1_R19_V0_T176;0,00;176,00;5,00;3138,00;52,30;0,87;2238,00;15,52;10,00;58049,00;61187,00
1,00;19,00;I1_R19_V1_T0;1,00;0,00;2,00;3208,00;53,47;0,89;2848,00;19,77;3,00;34299,00;37507,00
1,00;19,00;I1_R19_V1_T16;1,00;16,00;9,00;5957,00;99,28;1,65;4337,00;30,08;15,00;37815,00;43772,00
1,00;19,00;I1_R19_V1_T101;1,00;101,00;21,00;9940,00;165,67;2,76;6160,00;42,70;32,00;43772,00;53712,00
1,00;19,00;I1_R19_V1_T297;1,00;297,00;14,00;7464,00;124,40;2,07;4944,00;34,29;27,00;53712,00;61176,00
1,00;19,00;I1_R19_V2_T97;2,00;97,00;6,00;5668,00;94,47;1,57;4588,00;31,84;9,00;33395,00;39063,00
1,00;19,00;I1_R19_V2_T101;2,00;101,00;12,00;7132,00;118,87;1,98;4972,00;34,49;20,00;39156,00;46288,00
1,00;19,00;I1_R19_V2_T160;2,00;160,00;14,00;7292,00;121,53;2,03;4772,00;33,09;26,00;46288,00;53580,00
1,00;19,00;I1_R19_V2_T219;2,00;219,00;16,00;7502,00;125,03;2,08;4622,00;32,04;28,00;53657,00;61159,00
1,00;20,00;I1_R20_V0_T0;0,00;0,00;6,00;6394,00;106,57;1,78;5314,00;36,88;7,00;32686,00;39080,00
1,00;20,00;I1_R20_V0_T1;0,00;1,00;18,00;10141,00;169,02;2,82;6901,00;47,85;27,00;39215,00;49356,00
1,00;20,00;I1_R20_V0_T3;0,00;3,00;23,00;11768,00;196,13;3,27;7628,00;52,91;33,00;49356,00;61124,00
1,00;20,00;I1_R20_V1_T9;1,00;9,00;7,00;6473,00;107,88;1,80;5213,00;36,17;13,00;35075,00;41548,00
1,00;20,00;I1_R20_V1_T29;1,00;29,00;22,00;11113,00;185,22;3,09;7153,00;49,59;33,00;42208,00;53321,00
1,00;20,00;I1_R20_V1_T42;1,00;42,00;14,00;7747,00;129,12;2,15;5227,00;36,24;24,00;53321,00;61068,00
1,00;20,00;I1_R20_V2_T28;2,00;28,00;9,00;5653,00;94,22;1,57;3402,00;23,60;11,00;33651,00;39304,00
1,00;20,00;I1_R20_V2_T29;2,00;29,00;12,00;6794,00;113,23;1,89;4634,00;32,13;18,00;39899,00;46693,00
1,00;20,00;I1_R20_V2_T54;2,00;54,00;15,00;7307,00;121,78;2,03;4607,00;31,94;25,00;46739,00;54046,00
1,00;20,00;I1_R20_V2_T292;2,00;292,00;13,00;7080,00;118,00;1,97;4740,00;32,88;22,00;54046,00;61126,00
1,00;21,00;I1_R21_V0_T3;0,00;3,00;1,00;2212,00;36,87;0,61;2032,00;14,10;2,00;35264,00;37476,00
1,00;21,00;I1_R21_V0_T18;0,00;18,00;12,00;7712,00;128,53;2,14;5552,00;38,51;21,00;37806,00;45518,00
1,00;21,00;I1_R21_V0_T19;0,00;19,00;20,00;9539,00;158,98;2,65;5764,00;39,96;32,00;45518,00;55057,00
1,00;21,00;I1_R21_V0_T53;0,00;53,00;13,00;5992,00;99,87;1,66;3652,00;25,31;17,00;55057,00;61049,00
1,00;21,00;I1_R21_V1_T17;1,00;17,00;5,00;6747,00;112,45;1,87;5847,00;40,58;7,00;33806,00;40553,00
1,00;21,00;I1_R21_V1_T60;1,00;60,00;8,00;4397,00;73,28;1,22;2957,00;20,51;12,00;40553,00;44950,00
1,00;21,00;I1_R21_V1_T68;1,00;68,00;17,00;9425,00;157,08;2,62;6365,00;44,13;29,00;44950,00;54375,00
1,00;21,00;I1_R21_V1_T71;1,00;71,00;14,00;6764,00;112,73;1,88;4244,00;29,41;21,00;54375,00;61139,00
1,00;21,00;I1_R21_V2_T9;2,00;9,00;4,00;5722,00;95,37;1,59;5002,00;34,72;6,00;33107,00;38829,00
1,00;21,00;I1_R21_V2_T14;2,00;14,00;16,00;7981,00;133,02;2,22;5101,00;35,35;24,00;38829,00;46810,00
1,00;21,00;I1_R21_V2_T21;2,00;21,00;17,00;8049,00;134,15;2,24;4989,00;34,57;31,00;46981,00;55030,00
1,00;21,00;I1_R21_V2_T55;2,00;55,00;12,00;6163,00;102,72;1,71;4003,00;27,76;20,00;55030,00;61193,00
1,00;22,00;I1_R22_V0_T31;0,00;31,00;2,00;3383,00;56,38;0,94;3023,00;20,98;3,00;33781,00;37164,00
1,00;22,00;I1_R22_V0_T58;0,00;58,00;19,00;10165,00;169,42;2,82;6745,00;46,77;30,00;38167,00;48332,00
1,00;22,00;I1_R22_V0_T103;0,00;103,00;22,00;10548,00;175,80;2,93;6588,00;45,68;33,00;48646,00;59194,00
1,00;22,00;I1_R22_V0_T137;0,00;137,00;1,00;1518,00;25,30;0,42;1338,00;9,29;2,00;59194,00;60712,00
1,00;22,00;I1_R22_V1_T99;1,00;99,00;4,00;4627,00;77,12;1,29;3907,00;27,12;7,00;35111,00;39738,00
1,00;22,00;I1_R22_V1_T132;1,00;132,00;8,00;5998,00;99,97;1,67;4558,00;31,61;13,00;39738,00;45736,00
1,00;22,00;I1_R22_V1_T142;1,00;142,00;12,00;6416,00;106,93;1,78;4256,00;29,52;21,00;45736,00;52152,00
1,00;22,00;I1_R22_V1_T245;1,00;245,00;19,00;8756,00;145,93;2,43;5336,00;36,97;32,00;52223,00;60979,00
1,00;22,00;I1_R22_V2_T1;2,00;1,00;8,00;6084,00;101,40;1,69;4431,00;30,74;9,00;35248,00;41332,00
1,00;22,00;I1_R22_V2_T2;2,00;2,00;17,00;8453,00;140,88;2,35;5393,00;37,39;27,00;41400,00;49853,00
1,00;22,00;I1_R22_V2_T56;2,00;56,00;9,00;4325,00;72,08;1,20;2705,00;18,74;14,00;49853,00;54178,00
1,00;22,00;I1_R22_V2_T83;2,00;83,00;14,00;6895,00;114,92;1,92;4375,00;30,32;23,00;54178,00;61073,00
1,00;23,00;I1_R23_V0_T0;0,00;0,00;3,00;4336,00;72,27;1,20;3796,00;26,35;4,00;32513,00;36849,00
1,00;23,00;I1_R23_V0_T2;0,00;2,00;8,00;5840,00;97,33;1,62;4400,00;30,52;15,00;37414,00;43254,00
1,00;23,00;I1_R23_V0_T8;0,00;8,00;12,00;7183,00;119,72;2,00;5023,00;34,84;22,00;43254,00;50437,00
1,00;23,00;I1_R23_V0_T10;0,00;10,00;2,00;1916,00;31,93;0,53;1556,00;10,79;4,00;50437,00;52353,00
1,00;23,00;I1_R23_V0_T63;0,00;63,00;16,00;8831,00;147,18;2,45;5951,00;41,27;29,00;52353,00;61184,00
1,00;23,00;I1_R23_V1_T15;1,00;15,00;2,00;3340,00;55,67;0,93;2980,00;20,68;2,00;32400,00;35740,00
1,00;23,00;I1_R23_V1_T57;1,00;57,00;7,00;4403,00;73,38;1,22;3143,00;21,80;12,00;35740,00;40143,00
1,00;23,00;I1_R23_V1_T78;1,00;78,00;8,00;3937,00;65,62;1,09;2497,00;17,31;14,00;40143,00;44080,00
1,00;23,00;I1_R23_V1_T87;1,00;87,00;17,00;9263,00;154,38;2,57;6203,00;43,02;28,00;44080,00;53343,00
1,00;23,00;I1_R23_V1_T191;1,00;191,00;15,00;7582,00;126,37;2,11;4882,00;33,85;25,00;53587,00;61169,00
1,00;23,00;I1_R23_V2_T26;2,00;26,00;5,00;4695,00;78,25;1,30;3540,00;24,56;8,00;34289,00;38984,00
1,00;23,00;I1_R23_V2_T46;2,00;46,00;5,00;4110,00;68,50;1,14;3210,00;22,27;10,00;38984,00;43094,00
1,00;23,00;I1_R23_V2_T230;2,00;230,00;16,00;8685,00;144,75;2,41;5805,00;40,24;25,00;43094,00;51779,00
1,00;23,00;I1_R23_V2_T249;2,00;249,00;19,00;9207,00;153,45;2,56;5787,00;40,11;28,00;51845,00;61052,00
1,00;24,00;I1_R24_V0_T6;0,00;6,00;6,00;5101,00;85,02;1,42;4021,00;27,90;8,00;33350,00;38451,00
1,00;24,00;I1_R24_V0_T33;0,00;33,00;16,00;8174,00;136,23;2,27;5294,00;36,71;28,00;38877,00;47051,00
1,00;24,00;I1_R24_V0_T36;0,00;36,00;18,00;8550,00;142,50;2,38;5310,00;36,80;30,00;47051,00;55601,00
1,00;24,00;I1_R24_V0_T46;0,00;46,00;13,00;5586,00;93,10;1,55;3246,00;22,50;22,00;55601,00;61187,00
1,00;24,00;I1_R24_V1_T14;1,00;14,00;11,00;8658,00;144,30;2,41;6678,00;46,33;18,00;36011,00;44669,00
1,00;24,00;I1_R24_V1_T35;1,00;35,00;10,00;6671,00;111,18;1,85;4871,00;33,79;19,00;44687,00;51358,00
1,00;24,00;I1_R24_V1_T50;1,00;50,00;13,00;7170,00;119,50;1,99;4830,00;33,50;22,00;51358,00;58528,00
1,00;24,00;I1_R24_V1_T248;1,00;248,00;3,00;2496,00;41,60;0,69;1956,00;13,57;5,00;58528,00;61024,00
1,00;24,00;I1_R24_V2_T5;2,00;5,00;6,00;5669,00;94,48;1,57;4086,00;28,34;7,00;32727,00;38396,00
1,00;24,00;I1_R24_V2_T25;2,00;25,00;8,00;5430,00;90,50;1,51;3990,00;27,68;14,00;38737,00;44167,00
1,00;24,00;I1_R24_V2_T46;2,00;46,00;11,00;6238,00;103,97;1,73;4258,00;29,52;21,00;44167,00;50405,00
1,00;24,00;I1_R24_V2_T68;2,00;68,00;10,00;4727,00;78,78;1,31;2927,00;20,29;16,00;50405,00;55132,00
1,00;24,00;I1_R24_V2_T186;2,00;186,00;10,00;5941,00;99,02;1,65;4141,00;28,73;15,00;55132,00;61073,00
1,00;25,00;I1_R25_V0_T5;0,00;5,00;7,00;6242,00;104,03;1,73;4695,00;32,57;9,00;33742,00;39984,00
1,00;25,00;I1_R25_V0_T12;0,00;12,00;14,00;7716,00;128,60;2,14;5196,00;36,03;25,00;40116,00;47832,00
1,00;25,00;I1_R25_V0_T109;0,00;109,00;10,00;6386,00;106,43;1,77;4508,00;31,27;16,00;47832,00;54218,00
1,00;25,00;I1_R25_V0_T202;0,00;202,00;14,00;6795,00;113,25;1,89;4275,00;29,64;22,00;54218,00;61013,00
1,00;25,00;I1_R25_V1_T26;1,00;26,00;3,00;5480,00;91,33;1,52;4940,00;34,29;5,00;32759,00;38239,00
1,00;25,00;I1_R25_V1_T44;1,00;44,00;8,00;5611,00;93,52;1,56;4171,00;28,92;16,00;38239,00;43850,00
1,00;25,00;I1_R25_V1_T45;1,00;45,00;19,00;10552,00;175,87;2,93;7132,00;49,47;30,00;43850,00;54402,00
1,00;25,00;I1_R25_V1_T51;1,00;51,00;14,00;6559,00;109,32;1,82;4039,00;27,98;22,00;54402,00;60961,00
1,00;25,00;I1_R25_V2_T39;2,00;39,00;11,00;8222,00;137,03;2,28;6225,00;43,19;17,00;34387,00;42609,00
1,00;25,00;I1_R25_V2_T69;2,00;69,00;19,00;9231,00;153,85;2,56;5769,00;39,98;32,00;42609,00;51840,00
1,00;25,00;I1_R25_V2_T70;2,00;70,00;16,00;8875,00;147,92;2,47;5995,00;41,57;26,00;52258,00;61133,00
1,00;26,00;I1_R26_V0_T54;0,00;54,00;1,00;2572,00;42,87;0,71;2392,00;16,61;2,00;32840,00;35412,00
1,00;26,00;I1_R26_V0_T78;0,00;78,00;8,00;5743,00;95,72;1,60;4303,00;29,85;13,00;35995,00;41738,00
1,00;26,00;I1_R26_V0_T89;0,00;89,00;8,00;5144,00;85,73;1,43;3704,00;25,69;15,00;41738,00;46882,00
1,00;26,00;I1_R26_V0_T160;0,00;160,00;13,00;6465,00;107,75;1,80;4125,00;28,59;22,00;46932,00;53397,00
1,00;26,00;I1_R26_V0_T163;0,00;163,00;18,00;7786,00;129,77;2,16;4546,00;31,51;30,00;53397,00;61183,00
1,00;26,00;I1_R26_V1_T71;1,00;71,00;9,00;6456,00;107,60;1,79;4836,00;33,55;14,00;37924,00;44380,00
1,00;26,00;I1_R26_V1_T75;1,00;75,00;6,00;4005,00;66,75;1,11;2925,00;20,29;10,00;44380,00;48385,00
1,00;26,00;I1_R26_V1_T76;1,00;76,00;13,00;6759,00;112,65;1,88;4419,00;30,64;21,00;48385,00;55144,00
1,00;26,00;I1_R26_V1_T267;1,00;267,00;13,00;6000,00;100,00;1,67;3660,00;25,37;23,00;55144,00;61144,00
1,00;26,00;I1_R26_V2_T15;2,00;15,00;6,00;5755,00;95,92;1,60;4675,00;32,45;8,00;33353,00;39108,00
1,00;26,00;I1_R26_V2_T37;2,00;37,00;16,00;9084,00;151,40;2,52;6204,00;43,02;29,00;39108,00;48192,00
1,00;26,00;I1_R26_V2_T73;2,00;73,00;12,00;7740,00;129,00;2,15;5580,00;38,71;20,00;48192,00;55932,00
1,00;26,00;I1_R26_V2_T183;2,00;183,00;10,00;5246,00;87,43;1,46;3446,00;23,88;14,00;55932,00;61178,00
1,00;27,00;I1_R27_V0_T10;0,00;10,00;5,00;7101,00;118,35;1,97;6201,00;43,04;8,00;33015,00;40116,00
1,00;27,00;I1_R27_V0_T21;0,00;21,00;8,00;4739,00;78,98;1,32;3299,00;22,88;15,00;40282,00;45021,00
1,00;27,00;I1_R27_V0_T30;0,00;30,00;18,00;8717,00;145,28;2,42;5477,00;37,97;28,00;45021,00;53738,00
1,00;27,00;I1_R27_V0_T36;0,00;36,00;13,00;7428,00;123,80;2,06;5088,00;35,30;21,00;53739,00;61167,00
1,00;27,00;I1_R27_V1_T38;1,00;38,00;5,00;5599,00;93,32;1,56;4699,00;32,61;8,00;33543,00;39142,00
1,00;27,00;I1_R27_V1_T58;1,00;58,00;6,00;4838,00;80,63;1,34;3758,00;26,07;12,00;39473,00;44311,00
1,00;27,00;I1_R27_V1_T65;1,00;65,00;13,00;7213,00;120,22;2,00;4873,00;33,79;21,00;44311,00;51524,00
1,00;27,00;I1_R27_V1_T67;1,00;67,00;19,00;9634,00;160,57;2,68;6214,00;43,11;33,00;51524,00;61158,00
1,00;27,00;I1_R27_V2_T9;2,00;9,00;4,00;5143,00;85,72;1,43;3796,00;26,34;6,00;33608,00;38751,00
1,00;27,00;I1_R27_V2_T19;2,00;19,00;10,00;5742,00;95,70;1,60;3942,00;27,34;18,00;39380,00;45122,00
1,00;27,00;I1_R27_V2_T27;2,00;27,00;20,00;9700,00;161,67;2,69;6100,00;42,29;34,00;45131,00;54831,00
1,00;27,00;I1_R27_V2_T86;2,00;86,00;15,00;6322,00;105,37;1,76;3622,00;25,10;23,00;54831,00;61153,00
1,00;28,00;I1_R28_V0_T19;0,00;19,00;3,00;4489,00;74,82;1,25;3949,00;27,41;5,00;33130,00;37619,00
1,00;28,00;I1_R28_V0_T97;0,00;97,00;26,00;13818,00;230,30;3,84;9134,00;63,33;37,00;37619,00;51437,00
1,00;28,00;I1_R28_V0_T110;0,00;110,00;24,00;9751,00;162,52;2,71;5431,00;37,65;38,00;51437,00;61188,00
1,00;28,00;I1_R28_V1_T62;1,00;62,00;9,00;6028,00;100,47;1,67;4408,00;30,58;13,00;34301,00;40329,00
1,00;28,00;I1_R28_V1_T73;1,00;73,00;14,00;7797,00;129,95;2,17;4955,00;34,36;21,00;40329,00;48126,00
1,00;28,00;I1_R28_V1_T94;1,00;94,00;13,00;7174,00;119,57;1,99;4834,00;33,54;23,00;48352,00;55526,00
1,00;28,00;I1_R28_V1_T132;1,00;132,00;13,00;5673,00;94,55;1,58;3333,00;23,09;23,00;55526,00;61199,00
1,00;28,00;I1_R28_V2_T9;2,00;9,00;12,00;6829,00;113,82;1,90;4565,00;31,66;18,00;35707,00;42536,00
1,00;28,00;I1_R28_V2_T15;2,00;15,00;12,00;6664,00;111,07;1,85;4504,00;31,23;19,00;42536,00;49200,00
1,00;28,00;I1_R28_V2_T51;2,00;51,00;21,00;10816,00;180,27;3,00;7036,00;48,77;33,00;49200,00;60016,00
1,00;28,00;I1_R28_V2_T57;2,00;57,00;2,00;1006,00;16,77;0,28;646,00;4,48;4,00;60016,00;61022,00
1,00;29,00;I1_R29_V0_T92;0,00;92,00;1,00;4302,00;71,70;1,20;4122,00;28,61;1,00;32400,00;36702,00
1,00;29,00;I1_R29_V0_T98;0,00;98,00;4,00;4258,00;70,97;1,18;3538,00;24,55;6,00;37241,00;41499,00
1,00;29,00;I1_R29_V0_T101;0,00;101,00;17,00;9098,00;151,63;2,53;6038,00;41,86;27,00;41781,00;50879,00
1,00;29,00;I1_R29_V0_T143;0,00;143,00;8,00;4254,00;70,90;1,18;2746,00;19,04;12,00;50879,00;55133,00
1,00;29,00;I1_R29_V0_T161;0,00;161,00;12,00;5925,00;98,75;1,65;3765,00;26,11;22,00;55133,00;61058,00
1,00;29,00;I1_R29_V1_T18;1,00;18,00;17,00;11890,00;198,17;3,30;8830,00;61,24;28,00;36414,00;48304,00
1,00;29,00;I1_R29_V1_T40;1,00;40,00;8,00;5309,00;88,48;1,47;3869,00;26,83;13,00;48304,00;53613,00
1,00;29,00;I1_R29_V1_T71;1,00;71,00;14,00;7573,00;126,22;2,10;5053,00;35,02;24,00;53613,00;61186,00
1,00;29,00;I1_R29_V2_T148;2,00;148,00;6,00;4615,00;76,92;1,28;3535,00;24,53;12,00;37202,00;41817,00
1,00;29,00;I1_R29_V2_T157;2,00;157,00;13,00;7419,00;123,65;2,06;5079,00;35,22;23,00;41826,00;49245,00
1,00;29,00;I1_R29_V2_T231;2,00;231,00;25,00;11633,00;193,88;3,23;7133,00;49,43;36,00;49245,00;60878,00
1,00;30,00;I1_R30_V0_T14;0,00;14,00;9,00;7177,00;119,62;1,99;5278,00;36,62;10,00;32904,00;40081,00
1,00;30,00;I1_R30_V0_T32;0,00;32,00;14,00;7970,00;132,83;2,21;5450,00;37,80;23,00;40081,00;48051,00
1,00;30,00;I1_R30_V0_T167;0,00;167,00;17,00;7675,00;127,92;2,13;4615,00;31,99;29,00;48054,00;55729,00
1,00;30,00;I1_R30_V0_T224;0,00;224,00;9,00;5470,00;91,17;1,52;3850,00;26,71;12,00;55729,00;61199,00
1,00;30,00;I1_R30_V1_T8;1,00;8,00;7,00;6538,00;108,97;1,82;4627,00;32,11;9,00;33526,00;40064,00
1,00;30,00;I1_R30_V1_T12;1,00;12,00;10,00;6261,00;104,35;1,74;4461,00;30,95;17,00;40096,00;46357,00
1,00;30,00;I1_R30_V1_T20;1,00;20,00;12,00;6969,00;116,15;1,94;4809,00;33,34;21,00;46459,00;53428,00
1,00;30,00;I1_R30_V1_T28;1,00;28,00;13,00;7729,00;128,82;2,15;5389,00;37,37;24,00;53428,00;61157,00
1,00;30,00;I1_R30_V2_T26;2,00;26,00;16,00;10637,00;177,28;2,95;7757,00;53,81;23,00;34566,00;45203,00
1,00;30,00;I1_R30_V2_T118;2,00;118,00;17,00;9860,00;164,33;2,74;6800,00;47,16;29,00;45203,00;55063,00
1,00;30,00;I1_R30_V2_T193;2,00;193,00;12,00;6089,00;101,48;1,69;3929,00;27,24;17,00;55063,00;61152,00
1,00;31,00;I1_R31_V0_T3;0,00;3,00;3,00;3334,00;55,57;0,93;2794,00;19,38;4,00;34899,00;38233,00
1,00;31,00;I1_R31_V0_T12;0,00;12,00;11,00;7319,00;121,98;2,03;5339,00;37,04;21,00;38496,00;45815,00
1,00;31,00;I1_R31_V0_T67;0,00;67,00;14,00;7695,00;128,25;2,14;5175,00;35,89;19,00;46096,00;53791,00
1,00;31,00;I1_R31_V0_T269;0,00;269,00;12,00;7107,00;118,45;1,97;4947,00;34,31;20,00;53791,00;60898,00
1,00;31,00;I1_R31_V1_T47;1,00;47,00;4,00;4521,00;75,35;1,26;3801,00;26,38;8,00;34328,00;38849,00
1,00;31,00;I1_R31_V1_T69;1,00;69,00;9,00;5334,00;88,90;1,48;3714,00;25,75;13,00;38849,00;44183,00
1,00;31,00;I1_R31_V1_T78;1,00;78,00;8,00;5138,00;85,63;1,43;3698,00;25,65;15,00;44183,00;49321,00
1,00;31,00;I1_R31_V1_T91;1,00;91,00;21,00;11312,00;188,53;3,14;7532,00;52,22;31,00;49361,00;60673,00
1,00;31,00;I1_R31_V2_T21;2,00;21,00;4,00;4323,00;72,05;1,20;3603,00;25,01;8,00;35101,00;39424,00
1,00;31,00;I1_R31_V2_T41;2,00;41,00;13,00;7720,00;128,67;2,14;5380,00;37,31;21,00;39424,00;47144,00
1,00;31,00;I1_R31_V2_T64;2,00;64,00;10,00;6887,00;114,78;1,91;5087,00;35,30;18,00;47191,00;54078,00
1,00;31,00;I1_R31_V2_T295;2,00;295,00;12,00;7039,00;117,32;1,96;4879,00;33,83;17,00;54078,00;61117,00
1,00;32,00;I1_R32_V0_T18;0,00;18,00;4,00;4975,00;82,92;1,38;4255,00;29,53;6,00;34397,00;39372,00
1,00;32,00;I1_R32_V0_T35;0,00;35,00;28,00;13632,00;227,20;3,79;8592,00;59,58;38,00;39372,00;53004,00
1,00;32,00;I1_R32_V0_T134;0,00;134,00;18,00;8011,00;133,52;2,23;4771,00;33,05;27,00;53107,00;61118,00
1,00;32,00;I1_R32_V1_T1;1,00;1,00;7,00;5664,00;94,40;1,57;4404,00;30,56;12,00;33078,00;38742,00
1,00;32,00;I1_R32_V1_T7;1,00;7,00;11,00;6546,00;109,10;1,82;4566,00;31,68;18,00;38742,00;45288,00
1,00;32,00;I1_R32_V1_T13;1,00;13,00;21,00;9505,00;158,42;2,64;5402,00;37,43;32,00;45288,00;54793,00
1,00;32,00;I1_R32_V1_T123;1,00;123,00;11,00;6389,00;106,48;1,77;4409,00;30,57;20,00;54793,00;61182,00
1,00;32,00;I1_R32_V2_T5;2,00;5,00;3,00;3933,00;65,55;1,09;3393,00;23,55;5,00;33342,00;37275,00
1,00;32,00;I1_R32_V2_T13;2,00;13,00;8,00;5538,00;92,30;1,54;4098,00;28,42;15,00;37322,00;42860,00
1,00;32,00;I1_R32_V2_T16;2,00;16,00;15,00;7559,00;125,98;2,10;4859,00;33,68;24,00;42860,00;50419,00
1,00;32,00;I1_R32_V2_T38;2,00;38,00;7,00;3702,00;61,70;1,03;2442,00;16,93;10,00;50585,00;54287,00
1,00;32,00;I1_R32_V2_T49;2,00;49,00;13,00;6813,00;113,55;1,89;4473,00;31,01;21,00;54306,00;61119,00
1,00;33,00;I1_R33_V0_T5;0,00;5,00;4,00;3906,00;65,10;1,09;3186,00;22,11;8,00;34235,00;38141,00
1,00;33,00;I1_R33_V0_T12;0,00;12,00;14,00;8659,00;144,32;2,41;6139,00;42,58;22,00;38260,00;46919,00
1,00;33,00;I1_R33_V0_T18;0,00;18,00;16,00;7754,00;129,23;2,15;4874,00;33,78;25,00;46919,00;54673,00
1,00;33,00;I1_R33_V0_T105;0,00;105,00;12,00;6398,00;106,63;1,78;4238,00;29,39;21,00;54789,00;61187,00
1,00;33,00;I1_R33_V1_T105;1,00;105,00;9,00;7900,00;131,67;2,19;6280,00;43,58;17,00;36050,00;43950,00
1,00;33,00;I1_R33_V1_T146;1,00;146,00;22,00;11086,00;184,77;3,08;7107,00;49,27;35,00;44286,00;55372,00
1,00;33,00;I1_R33_V1_T154;1,00;154,00;13,00;5657,00;94,28;1,57;3317,00;23,00;21,00;55372,00;61029,00
1,00;33,00;I1_R33_V2_T11;2,00;11,00;7,00;5515,00;91,92;1,53;4255,00;29,52;13,00;36225,00;41740,00
1,00;33,00;I1_R33_V2_T16;2,00;16,00;10,00;4943,00;82,38;1,37;3143,00;21,79;17,00;41740,00;46683,00
1,00;33,00;I1_R33_V2_T74;2,00;74,00;9,00;4934,00;82,23;1,37;3314,00;22,98;16,00;46683,00;51617,00
1,00;33,00;I1_R33_V2_T105;2,00;105,00;20,00;9286,00;154,77;2,58;5686,00;39,42;33,00;51872,00;61158,00
1,00;34,00;I1_R34_V0_T3;0,00;3,00;4,00;6029,00;100,48;1,67;4437,00;30,79;6,00;32663,00;38692,00
1,00;34,00;I1_R34_V0_T7;0,00;7,00;6,00;5417,00;90,28;1,50;4337,00;30,10;11,00;38692,00;44109,00
1,00;34,00;I1_R34_V0_T11;0,00;11,00;20,00;10132,00;168,87;2,81;6532,00;45,29;33,00;44208,00;54340,00
1,00;34,00;I1_R34_V0_T29;0,00;29,00;14,00;6818,00;113,63;1,89;4298,00;29,79;25,00;54340,00;61158,00
1,00;34,00;I1_R34_V1_T1;1,00;1,00;3,00;4841,00;80,68;1,34;4301,00;29,85;3,00;32400,00;37241,00
1,00;34,00;I1_R34_V1_T3;1,00;3,00;9,00;5330,00;88,83;1,48;3710,00;25,73;15,00;37752,00;43082,00
1,00;34,00;I1_R34_V1_T16;1,00;16,00;1,00;1642,00;27,37;0,46;1462,00;10,15;2,00;43082,00;44724,00
1,00;34,00;I1_R34_V1_T30;1,00;30,00;13,00;7398,00;123,30;2,06;5058,00;35,09;23,00;44724,00;52122,00
1,00;34,00;I1_R34_V1_T41;1,00;41,00;17,00;9004,00;150,07;2,50;5944,00;41,21;26,00;52122,00;61126,00
1,00;34,00;I1_R34_V2_T6;2,00;6,00;9,00;6995,00;116,58;1,94;5375,00;37,30;12,00;34295,00;41290,00
1,00;34,00;I1_R34_V2_T29;2,00;29,00;13,00;7666,00;127,77;2,13;5326,00;36,94;20,00;41926,00;49592,00
1,00;34,00;I1_R34_V2_T34;2,00;34,00;19,00;9533,00;158,88;2,65;6113,00;42,38;31,00;49592,00;59125,00
1,00;34,00;I1_R34_V2_T35;2,00;35,00;1,00;644,00;10,73;0,18;464,00;3,22;2,00;59125,00;59769,00
1,00;35,00;I1_R35_V0_T2;0,00;2,00;2,00;2737,00;45,62;0,76;2377,00;16,50;4,00;35706,00;38443,00
1,00;35,00;I1_R35_V0_T7;0,00;7,00;16,00;8369,00;139,48;2,32;5489,00;38,07;25,00;38444,00;46813,00
1,00;35,00;I1_R35_V0_T13;0,00;13,00;14,00;8367,00;139,45;2,32;5847,00;40,55;24,00;46813,00;55180,00
1,00;35,00;I1_R35_V0_T15;0,00;15,00;12,00;6014,00;100,23;1,67;3854,00;26,72;23,00;55180,00;61194,00
1,00;35,00;I1_R35_V1_T3;1,00;3,00;7,00;6997,00;116,62;1,94;5737,00;39,81;12,00;34243,00;41240,00
1,00;35,00;I1_R35_V1_T17;1,00;17,00;20,00;9334,00;155,57;2,59;5734,00;39,75;32,00;41599,00;50933,00
1,00;35,00;I1_R35_V1_T98;1,00;98,00;21,00;9695,00;161,58;2,69;5915,00;41,01;36,00;50950,00;60645,00
1,00;35,00;I1_R35_V2_T7;2,00;7,00;1,00;2256,00;37,60;0,63;2076,00;14,41;2,00;33184,00;35440,00
1,00;35,00;I1_R35_V2_T8;2,00;8,00;5,00;3784,00;63,07;1,05;2884,00;20,01;9,00;36304,00;40088,00
1,00;35,00;I1_R35_V2_T23;2,00;23,00;9,00;5528,00;92,13;1,54;3908,00;27,10;17,00;40088,00;45616,00
1,00;35,00;I1_R35_V2_T113;2,00;113,00;15,00;8042,00;134,03;2,23;5342,00;37,04;25,00;45616,00;53658,00
1,00;35,00;I1_R35_V2_T122;2,00;122,00;15,00;7484,00;124,73;2,08;4784,00;33,16;24,00;53697,00;61181,00
1,00;36,00;I1_R36_V0_T4;0,00;4,00;9,00;6740,00;112,33;1,87;5120,00;35,53;16,00;35015,00;41755,00
1,00;36,00;I1_R36_V0_T29;0,00;29,00;19,00;9972,00;166,20;2,77;6408,00;44,44;34,00;41755,00;51727,00
1,00;36,00;I1_R36_V0_T42;0,00;42,00;20,00;8364,00;139,40;2,32;4764,00;33,01;34,00;51727,00;60091,00
1,00;36,00;I1_R36_V0_T146;0,00;146,00;1,00;1040,00;17,33;0,29;860,00;5,97;2,00;60091,00;61131,00
1,00;36,00;I1_R36_V1_T53;1,00;53,00;8,00;7011,00;116,85;1,95;5571,00;38,66;10,00;33709,00;40720,00
1,00;36,00;I1_R36_V1_T110;1,00;110,00;25,00;11737,00;195,62;3,26;7237,00;50,18;35,00;40720,00;52457,00
1,00;36,00;I1_R36_V1_T131;1,00;131,00;18,00;8322,00;138,70;2,31;5082,00;35,23;29,00;52457,00;60779,00
1,00;36,00;I1_R36_V2_T0;2,00;0,00;8,00;5896,00;98,27;1,64;4456,00;30,91;11,00;33365,00;39261,00
1,00;36,00;I1_R36_V2_T20;2,00;20,00;11,00;7487,00;124,78;2,08;5507,00;38,21;20,00;39261,00;46748,00
1,00;36,00;I1_R36_V2_T25;2,00;25,00;12,00;6549,00;109,15;1,82;4389,00;30,44;20,00;46829,00;53378,00
1,00;36,00;I1_R36_V2_T55;2,00;55,00;14,00;7630,00;127,17;2,12;5110,00;35,44;24,00;53525,00;61155,00
1,00;37,00;I1_R37_V0_T11;0,00;11,00;8,00;8188,00;136,47;2,27;6540,00;45,39;12,00;34188,00;42376,00
1,00;37,00;I1_R37_V0_T18;0,00;18,00;19,00;9599,00;159,98;2,67;6179,00;42,85;31,00;42376,00;51975,00
1,00;37,00;I1_R37_V0_T20;0,00;20,00;19,00;9136,00;152,27;2,54;5716,00;39,62;31,00;51986,00;61122,00
1,00;37,00;I1_R37_V1_T11;1,00;11,00;4,00;6231,00;103,85;1,73;5511,00;38,25;7,00;34051,00;40282,00
1,00;37,00;I1_R37_V1_T25;1,00;25,00;10,00;5461,00;91,02;1,52;3661,00;25,39;17,00;40282,00;45743,00
1,00;37,00;I1_R37_V1_T91;1,00;91,00;16,00;6911,00;115,18;1,92;3984,00;27,60;27,00;45935,00;52846,00
1,00;37,00;I1_R37_V1_T122;1,00;122,00;19,00;8323,00;138,72;2,31;4903,00;33,98;32,00;52846,00;61169,00
1,00;37,00;I1_R37_V2_T55;2,00;55,00;1,00;1482,00;24,70;0,41;1302,00;9,04;1,00;32400,00;33882,00
1,00;37,00;I1_R37_V2_T150;2,00;150,00;1,00;1884,00;31,40;0,52;1704,00;11,82;2,00;34979,00;36863,00
1,00;37,00;I1_R37_V2_T163;2,00;163,00;13,00;7756,00;129,27;2,15;5416,00;37,55;17,00;36863,00;44619,00
1,00;37,00;I1_R37_V2_T164;2,00;164,00;18,00;9131,00;152,18;2,54;5891,00;40,84;28,00;44636,00;53767,00
1,00;37,00;I1_R37_V2_T245;2,00;245,00;15,00;7278,00;121,30;2,02;4578,00;31,74;22,00;53767,00;61045,00
1,00;38,00;I1_R38_V0_T1;0,00;1,00;11,00;6799,00;113,32;1,89;4780,00;33,15;16,00;34188,00;40987,00
1,00;38,00;I1_R38_V0_T2;0,00;2,00;12,00;6676,00;111,27;1,85;4516,00;31,31;21,00;40987,00;47663,00
1,00;38,00;I1_R38_V0_T12;0,00;12,00;11,00;6547,00;109,12;1,82;4567,00;31,66;19,00;47663,00;54210,00
1,00;38,00;I1_R38_V0_T13;0,00;13,00;15,00;6902,00;115,03;1,92;4202,00;29,13;24,00;54284,00;61186,00
1,00;38,00;I1_R38_V1_T3;1,00;3,00;2,00;4425,00;73,75;1,23;4065,00;28,21;3,00;32903,00;37328,00
1,00;38,00;I1_R38_V1_T15;1,00;15,00;11,00;7240,00;120,67;2,01;5260,00;36,48;16,00;37537,00;44777,00
1,00;38,00;I1_R38_V1_T60;1,00;60,00;18,00;9090,00;151,50;2,53;5850,00;40,57;29,00;44777,00;53867,00
1,00;38,00;I1_R38_V1_T62;1,00;62,00;16,00;7015,00;116,92;1,95;4135,00;28,65;28,00;53955,00;60970,00
1,00;38,00;I1_R38_V2_T2;2,00;2,00;3,00;4244,00;70,73;1,18;3704,00;25,71;5,00;33054,00;37298,00
1,00;38,00;I1_R38_V2_T8;2,00;8,00;12,00;7270,00;121,17;2,02;5110,00;35,44;18,00;37298,00;44568,00
1,00;38,00;I1_R38_V2_T9;2,00;9,00;19,00;8979,00;149,65;2,49;5559,00;38,52;27,00;44568,00;53547,00
1,00;38,00;I1_R38_V2_T71;2,00;71,00;18,00;7627,00;127,12;2,12;4387,00;30,40;30,00;53547,00;61174,00
1,00;39,00;I1_R39_V0_T80;0,00;80,00;4,00;4827,00;80,45;1,34;4107,00;28,51;6,00;33765,00;38592,00
1,00;39,00;I1_R39_V0_T84;0,00;84,00;25,00;11686,00;194,77;3,25;7186,00;49,82;37,00;39280,00;50966,00
1,00;39,00;I1_R39_V0_T158;0,00;158,00;18,00;9945,00;165,75;2,76;6705,00;46,50;30,00;51105,00;61050,00
1,00;39,00;I1_R39_V1_T28;1,00;28,00;5,00;6152,00;102,53;1,71;5252,00;36,45;8,00;34666,00;40818,00
1,00;39,00;I1_R39_V1_T40;1,00;40,00;5,00;3451,00;57,52;0,96;2551,00;17,70;8,00;40818,00;44269,00
1,00;39,00;I1_R39_V1_T67;1,00;67,00;20,00;9580,00;159,67;2,66;5980,00;41,46;33,00;44475,00;54055,00
1,00;39,00;I1_R39_V1_T77;1,00;77,00;11,00;7127,00;118,78;1,98;5147,00;35,69;17,00;54055,00;61182,00
1,00;39,00;I1_R39_V2_T100;2,00;100,00;11,00;6928,00;115,47;1,92;4948,00;34,32;18,00;35366,00;42294,00
1,00;39,00;I1_R39_V2_T125;2,00;125,00;11,00;6079,00;101,32;1,69;4099,00;28,42;21,00;42294,00;48373,00
1,00;39,00;I1_R39_V2_T147;2,00;147,00;21,00;10626,00;177,10;2,95;6846,00;47,46;35,00;48440,00;59066,00
1,00;39,00;I1_R39_V2_T194;2,00;194,00;3,00;2065,00;34,42;0,57;1525,00;10,57;4,00;59066,00;61131,00
1,00;40,00;I1_R40_V0_T3;0,00;3,00;7,00;7159,00;119,32;1,99;5508,00;38,22;11,00;34057,00;41216,00
1,00;40,00;I1_R40_V0_T32;0,00;32,00;12,00;8602,00;143,37;2,39;6442,00;44,69;23,00;41367,00;49969,00
1,00;40,00;I1_R40_V0_T64;0,00;64,00;24,00;11020,00;183,67;3,06;6700,00;46,42;38,00;50105,00;61125,00
1,00;40,00;I1_R40_V1_T25;1,00;25,00;3,00;4712,00;78,53;1,31;4172,00;28,96;5,00;35109,00;39821,00
1,00;40,00;I1_R40_V1_T32;1,00;32,00;20,00;9518,00;158,63;2,64;5918,00;41,02;34,00;40137,00;49655,00
1,00;40,00;I1_R40_V1_T161;1,00;161,00;22,00;11107,00;185,12;3,09;7147,00;49,55;33,00;49655,00;60762,00
1,00;40,00;I1_R40_V2_T17;2,00;17,00;4,00;4637,00;77,28;1,29;3917,00;27,18;7,00;34915,00;39552,00
1,00;40,00;I1_R40_V2_T28;2,00;28,00;10,00;6150,00;102,50;1,71;4350,00;30,16;19,00;39910,00;46060,00
1,00;40,00;I1_R40_V2_T140;2,00;140,00;18,00;8421,00;140,35;2,34;5181,00;35,92;26,00;46074,00;54495,00
1,00;40,00;I1_R40_V2_T194;2,00;194,00;12,00;6634,00;110,57;1,84;4474,00;31,03;20,00;54527,00;61161,00
1,00;41,00;I1_R41_V0_T4;0,00;4,00;1,00;3658,00;60,97;1,02;3478,00;24,15;1,00;32400,00;36058,00
1,00;41,00;I1_R41_V0_T23;0,00;23,00;7,00;4960,00;82,67;1,38;3700,00;25,66;10,00;36058,00;41018,00
1,00;41,00;I1_R41_V0_T62;0,00;62,00;20,00;10645,00;177,42;2,96;7045,00;48,84;28,00;41018,00;51663,00
1,00;41,00;I1_R41_V0_T63;0,00;63,00;14,00;8333,00;138,88;2,31;5813,00;40,31;25,00;51663,00;59996,00
1,00;41,00;I1_R41_V0_T98;0,00;98,00;1,00;1196,00;19,93;0,33;1016,00;7,04;2,00;59996,00;61192,00
1,00;41,00;I1_R41_V1_T3;1,00;3,00;3,00;3202,00;53,37;0,89;2662,00;18,48;6,00;34038,00;37240,00
1,00;41,00;I1_R41_V1_T17;1,00;17,00;1,00;2750,00;45,83;0,76;2570,00;17,84;2,00;37571,00;40321,00
1,00;41,00;I1_R41_V1_T59;1,00;59,00;13,00;7738,00;128,97;2,15;5398,00;37,44;23,00;40451,00;48189,00
1,00;41,00;I1_R41_V1_T141;1,00;141,00;28,00;12829,00;213,82;3,56;7789,00;53,98;38,00;48275,00;61104,00
1,00;41,00;I1_R41_V2_T0;2,00;0,00;3,00;3605,00;60,08;1,00;2903,00;20,15;3,00;32400,00;36005,00
1,00;41,00;I1_R41_V2_T28;2,00;28,00;13,00;9470,00;157,83;2,63;7130,00;49,48;20,00;36005,00;45475,00
1,00;41,00;I1_R41_V2_T36;2,00;36,00;21,00;9436,00;157,27;2,62;5656,00;39,22;32,00;45475,00;54911,00
1,00;41,00;I1_R41_V2_T92;2,00;92,00;13,00;6177,00;102,95;1,72;3837,00;26,60;22,00;54911,00;61088,00
1,00;42,00;I1_R42_V0_T10;0,00;10,00;6,00;5753,00;95,88;1,60;4673,00;32,43;9,00;34269,00;40022,00
1,00;42,00;I1_R42_V0_T49;0,00;49,00;16,00;8920,00;148,67;2,48;6040,00;41,88;26,00;40022,00;48942,00
1,00;42,00;I1_R42_V0_T85;0,00;85,00;14,00;6791,00;113,18;1,89;4271,00;29,59;21,00;48942,00;55733,00
1,00;42,00;I1_R42_V0_T235;0,00;235,00;11,00;5429,00;90,48;1,51;3449,00;23,91;18,00;55733,00;61162,00
1,00;42,00;I1_R42_V1_T14;1,00;14,00;1,00;2032,00;33,87;0,56;1852,00;12,86;1,00;32400,00;34432,00
1,00;42,00;I1_R42_V1_T55;1,00;55,00;9,00;6569,00;109,48;1,82;4949,00;34,32;13,00;36109,00;42678,00
1,00;42,00;I1_R42_V1_T82;1,00;82,00;14,00;8620,00;143,67;2,39;6100,00;42,32;23,00;42678,00;51298,00
1,00;42,00;I1_R42_V1_T192;1,00;192,00;3,00;2165,00;36,08;0,60;1625,00;11,27;6,00;51298,00;53463,00
1,00;42,00;I1_R42_V1_T203;1,00;203,00;13,00;7568,00;126,13;2,10;5228,00;36,26;24,00;53467,00;61035,00
1,00;42,00;I1_R42_V2_T3;2,00;3,00;8,00;6349,00;105,82;1,76;4909,00;34,06;11,00;34411,00;40760,00
1,00;42,00;I1_R42_V2_T80;2,00;80,00;11,00;6367,00;106,12;1,77;4387,00;30,43;18,00;40760,00;47127,00
1,00;42,00;I1_R42_V2_T109;2,00;109,00;16,00;7323,00;122,05;2,03;4443,00;30,80;23,00;47127,00;54450,00
1,00;42,00;I1_R42_V2_T165;2,00;165,00;14,00;6556,00;109,27;1,82;4036,00;27,97;20,00;54638,00;61194,00
1,00;43,00;I1_R43_V0_T28;0,00;28,00;9,00;8556,00;142,60;2,38;5720,00;39,69;9,00;32400,00;40956,00
1,00;43,00;I1_R43_V0_T54;0,00;54,00;20,00;9383,00;156,38;2,61;5783,00;40,09;28,00;40956,00;50339,00
1,00;43,00;I1_R43_V0_T71;0,00;71,00;8,00;4409,00;73,48;1,22;2969,00;20,59;14,00;50447,00;54856,00
1,00;43,00;I1_R43_V0_T214;0,00;214,00;12,00;6284,00;104,73;1,75;4124,00;28,58;20,00;54907,00;61191,00
1,00;43,00;I1_R43_V1_T4;1,00;4,00;2,00;2952,00;49,20;0,82;2592,00;17,99;3,00;34317,00;37269,00
1,00;43,00;I1_R43_V1_T82;1,00;82,00;12,00;7310,00;121,83;2,03;5150,00;35,72;20,00;37457,00;44767,00
1,00;43,00;I1_R43_V1_T126;1,00;126,00;17,00;7760,00;129,33;2,16;4700,00;32,57;30,00;44767,00;52527,00
1,00;43,00;I1_R43_V1_T180;1,00;180,00;19,00;8552,00;142,53;2,38;5132,00;35,58;32,00;52617,00;61169,00
1,00;43,00;I1_R43_V2_T28;2,00;28,00;5,00;5222,00;87,03;1,45;4322,00;29,99;9,00;35335,00;40557,00
1,00;43,00;I1_R43_V2_T74;2,00;74,00;12,00;7787,00;129,78;2,16;5627,00;39,03;22,00;40628,00;48415,00
1,00;43,00;I1_R43_V2_T90;2,00;90,00;11,00;5869,00;97,82;1,63;3889,00;26,96;18,00;48515,00;54384,00
1,00;43,00;I1_R43_V2_T96;2,00;96,00;15,00;6815,00;113,58;1,89;4115,00;28,51;24,00;54384,00;61199,00
1,00;44,00;I1_R44_V0_T10;0,00;10,00;6,00;5053,00;84,22;1,40;3973,00;27,57;10,00;34449,00;39502,00
1,00;44,00;I1_R44_V0_T15;0,00;15,00;12,00;7482,00;124,70;2,08;5322,00;36,92;20,00;39502,00;46984,00
1,00;44,00;I1_R44_V0_T55;0,00;55,00;14,00;8396,00;139,93;2,33;5876,00;40,76;24,00;46984,00;55380,00
1,00;44,00;I1_R44_V0_T57;0,00;57,00;12,00;5761,00;96,02;1,60;3601,00;24,96;20,00;55380,00;61141,00
1,00;44,00;I1_R44_V1_T12;1,00;12,00;4,00;4126,00;68,77;1,15;3406,00;23,64;7,00;33858,00;37984,00
1,00;44,00;I1_R44_V1_T21;1,00;21,00;9,00;6555,00;109,25;1,82;4935,00;34,24;16,00;37996,00;44551,00
1,00;44,00;I1_R44_V1_T34;1,00;34,00;18,00;8801,00;146,68;2,44;5561,00;38,56;30,00;44551,00;53352,00
1,00;44,00;I1_R44_V1_T76;1,00;76,00;14,00;7807,00;130,12;2,17;5287,00;36,67;24,00;53352,00;61159,00
1,00;44,00;I1_R44_V2_T11;2,00;11,00;2,00;3400,00;56,67;0,94;3040,00;21,10;3,00;32722,00;36122,00
1,00;44,00;I1_R44_V2_T37;2,00;37,00;15,00;9326,00;155,43;2,59;6626,00;45,96;27,00;36978,00;46304,00
1,00;44,00;I1_R44_V2_T40;2,00;40,00;14,00;8066,00;134,43;2,24;5546,00;38,48;25,00;46304,00;54370,00
1,00;44,00;I1_R44_V2_T142;2,00;142,00;13,00;6749,00;112,48;1,87;4409,00;30,56;22,00;54424,00;61173,00
1,00;45,00;I1_R45_V0_T47;0,00;47,00;4,00;5372,00;89,53;1,49;4396,00;30,51;5,00;35165,00;40537,00
1,00;45,00;I1_R45_V0_T59;0,00;59,00;12,00;6225,00;103,75;1,73;4065,00;28,17;19,00;40643,00;46868,00
1,00;45,00;I1_R45_V0_T89;0,00;89,00;14,00;7325,00;122,08;2,03;4805,00;33,33;24,00;46868,00;54193,00
1,00;45,00;I1_R45_V0_T90;0,00;90,00;12,00;6964,00;116,07;1,93;4804,00;33,32;23,00;54193,00;61157,00
1,00;45,00;I1_R45_V1_T24;1,00;24,00;1,00;2640,00;44,00;0,73;2460,00;17,08;2,00;35782,00;38422,00
1,00;45,00;I1_R45_V1_T67;1,00;67,00;16,00;8784,00;146,40;2,44;5859,00;40,64;27,00;38422,00;47206,00
1,00;45,00;I1_R45_V1_T87;1,00;87,00;15,00;6962,00;116,03;1,93;4262,00;29,55;23,00;47206,00;54168,00
1,00;45,00;I1_R45_V1_T94;1,00;94,00;14,00;6949,00;115,82;1,93;4429,00;30,71;25,00;54168,00;61117,00
1,00;45,00;I1_R45_V2_T20;2,00;20,00;3,00;4053,00;67,55;1,13;3513,00;24,38;4,00;33278,00;37331,00
1,00;45,00;I1_R45_V2_T26;2,00;26,00;11,00;7156,00;119,27;1,99;5176,00;35,90;17,00;38213,00;45369,00
1,00;45,00;I1_R45_V2_T30;2,00;30,00;11,00;6432,00;107,20;1,79;4452,00;30,87;20,00;45369,00;51801,00
1,00;45,00;I1_R45_V2_T80;2,00;80,00;18,00;9276,00;154,60;2,58;6036,00;41,85;29,00;51801,00;61077,00
1,00;46,00;I1_R46_V0_T43;0,00;43,00;15,00;8570,00;142,83;2,38;5870,00;40,72;22,00;36628,00;45198,00
1,00;46,00;I1_R46_V0_T91;0,00;91,00;19,00;9373,00;156,22;2,60;5953,00;41,29;32,00;45557,00;54930,00
1,00;46,00;I1_R46_V0_T94;0,00;94,00;11,00;6199,00;103,32;1,72;4219,00;29,25;19,00;54930,00;61129,00
1,00;46,00;I1_R46_V1_T13;1,00;13,00;10,00;6289,00;104,82;1,75;4489,00;31,15;16,00;35805,00;42094,00
1,00;46,00;I1_R46_V1_T24;1,00;24,00;10,00;5341,00;89,02;1,48;3421,00;23,72;17,00;42094,00;47435,00
1,00;46,00;I1_R46_V1_T29;1,00;29,00;14,00;7116,00;118,60;1,98;4596,00;31,87;25,00;47435,00;54551,00
1,00;46,00;I1_R46_V1_T102;1,00;102,00;15,00;6236,00;103,93;1,73;3536,00;24,49;26,00;54807,00;61043,00
1,00;46,00;I1_R46_V2_T18;2,00;18,00;5,00;5073,00;84,55;1,41;4173,00;28,96;7,00;32623,00;37696,00
1,00;46,00;I1_R46_V2_T92;2,00;92,00;5,00;5267,00;87,78;1,46;4367,00;30,31;10,00;37696,00;42963,00
1,00;46,00;I1_R46_V2_T109;2,00;109,00;19,00;9272,00;154,53;2,58;5852,00;40,56;34,00;42994,00;52266,00
1,00;46,00;I1_R46_V2_T167;2,00;167,00;19,00;8839,00;147,32;2,46;5419,00;37,56;31,00;52291,00;61130,00
1,00;47,00;I1_R47_V0_T0;0,00;0,00;2,00;2161,00;36,02;0,60;1801,00;12,50;3,00;35388,00;37549,00
1,00;47,00;I1_R47_V0_T2;0,00;2,00;13,00;7508,00;125,13;2,09;5168,00;35,85;22,00;37977,00;45485,00
1,00;47,00;I1_R47_V0_T5;0,00;5,00;16,00;8932,00;148,87;2,48;6052,00;41,97;27,00;45620,00;54552,00
1,00;47,00;I1_R47_V0_T78;0,00;78,00;13,00;6404,00;106,73;1,78;4064,00;28,18;23,00;54644,00;61048,00
1,00;47,00;I1_R47_V1_T4;1,00;4,00;3,00;4151,00;69,18;1,15;3611,00;25,06;4,00;32608,00;36759,00
1,00;47,00;I1_R47_V1_T10;1,00;10,00;15,00;10107,00;168,45;2,81;7407,00;51,37;27,00;37525,00;47632,00
1,00;47,00;I1_R47_V1_T33;1,00;33,00;18,00;7811,00;130,18;2,17;4571,00;31,68;29,00;47917,00;55728,00
1,00;47,00;I1_R47_V1_T90;1,00;90,00;13,00;5448,00;90,80;1,51;3108,00;21,55;20,00;55728,00;61176,00
1,00;47,00;I1_R47_V2_T17;2,00;17,00;2,00;2211,00;36,85;0,61;1851,00;12,85;3,00;33492,00;35703,00
1,00;47,00;I1_R47_V2_T21;2,00;21,00;6,00;5502,00;91,70;1,53;4422,00;30,68;11,00;36288,00;41790,00
1,00;47,00;I1_R47_V2_T37;2,00;37,00;14,00;7619,00;126,98;2,12;5099,00;35,36;24,00;41790,00;49409,00
1,00;47,00;I1_R47_V2_T51;2,00;51,00;8,00;5014,00;83,57;1,39;3574,00;24,79;14,00;49409,00;54423,00
1,00;47,00;I1_R47_V2_T219;2,00;219,00;14,00;6777,00;112,95;1,88;4257,00;29,51;25,00;54423,00;61200,00
1,00;48,00;I1_R48_V0_T21;0,00;21,00;4,00;5233,00;87,22;1,45;4513,00;31,33;5,00;33376,00;38609,00
1,00;48,00;I1_R48_V0_T28;0,00;28,00;11,00;7602,00;126,70;2,11;5622,00;39,01;18,00;38629,00;46231,00
1,00;48,00;I1_R48_V0_T45;0,00;45,00;12,00;5337,00;88,95;1,48;3177,00;22,03;18,00;46231,00;51568,00
1,00;48,00;I1_R48_V0_T47;0,00;47,00;19,00;9040,00;150,67;2,51;5620,00;38,96;28,00;51937,00;60977,00
1,00;48,00;I1_R48_V1_T12;1,00;12,00;8,00;6898,00;114,97;1,92;5458,00;37,86;10,00;33666,00;40564,00
1,00;48,00;I1_R48_V1_T14;1,00;14,00;10,00;6255,00;104,25;1,74;4455,00;30,90;17,00;40969,00;47224,00
1,00;48,00;I1_R48_V1_T25;1,00;25,00;11,00;6478,00;107,97;1,80;4498,00;31,21;22,00;47224,00;53702,00
1,00;48,00;I1_R48_V1_T59;1,00;59,00;13,00;7360,00;122,67;2,04;5020,00;34,82;25,00;53838,00;61198,00
1,00;48,00;I1_R48_V2_T19;2,00;19,00;11,00;8090,00;134,83;2,25;6110,00;42,40;15,00;35182,00;43272,00
1,00;48,00;I1_R48_V2_T29;2,00;29,00;16,00;8623,00;143,72;2,40;5743,00;39,84;26,00;43272,00;51895,00
1,00;48,00;I1_R48_V2_T76;2,00;76,00;18,00;9066,00;151,10;2,52;5826,00;40,39;29,00;52062,00;61128,00
1,00;49,00;I1_R49_V0_T7;0,00;7,00;14,00;9076,00;151,27;2,52;6556,00;45,48;26,00;37009,00;46085,00
1,00;49,00;I1_R49_V0_T35;0,00;35,00;20,00;9012,00;150,20;2,50;5260,00;36,46;32,00;46085,00;55097,00
1,00;49,00;I1_R49_V0_T37;0,00;37,00;11,00;5961,00;99,35;1,66;3981,00;27,60;16,00;55149,00;61110,00
1,00;49,00;I1_R49_V1_T1;1,00;1,00;4,00;5047,00;84,12;1,40;4327,00;30,03;8,00;35667,00;40714,00
1,00;49,00;I1_R49_V1_T3;1,00;3,00;14,00;7057,00;117,62;1,96;4537,00;31,44;25,00;40714,00;47771,00
1,00;49,00;I1_R49_V1_T10;1,00;10,00;18,00;8054,00;134,23;2,24;4814,00;33,37;30,00;47771,00;55825,00
1,00;49,00;I1_R49_V1_T17;1,00;17,00;9,00;5354,00;89,23;1,49;3734,00;25,90;16,00;55825,00;61179,00
1,00;49,00;I1_R49_V2_T41;2,00;41,00;4,00;5248,00;87,47;1,46;4528,00;31,43;8,00;34049,00;39297,00
1,00;49,00;I1_R49_V2_T74;2,00;74,00;10,00;5922,00;98,70;1,65;4122,00;28,59;18,00;39297,00;45219,00
1,00;49,00;I1_R49_V2_T85;2,00;85,00;18,00;9134,00;152,23;2,54;5894,00;40,87;31,00;45279,00;54413,00
1,00;49,00;I1_R49_V2_T88;2,00;88,00;13,00;6761,00;112,68;1,88;4421,00;30,65;24,00;54413,00;61174,00
1,00;50,00;I1_R50_V0_T3;0,00;3,00;4,00;4490,00;74,83;1,25;3770,00;26,17;6,00;34098,00;38588,00
1,00;50,00;I1_R50_V0_T20;0,00;20,00;10,00;6905,00;115,08;1,92;5105,00;35,42;15,00;38588,00;45493,00
1,00;50,00;I1_R50_V0_T23;0,00;23,00;13,00;8046,00;134,10;2,24;5706,00;39,58;24,00;45493,00;53539,00
1,00;50,00;I1_R50_V0_T30;0,00;30,00;15,00;7092,00;118,20;1,97;4392,00;30,45;27,00;53539,00;60631,00
1,00;50,00;I1_R50_V1_T6;1,00;6,00;1,00;988,00;16,47;0,27;808,00;5,60;2,00;34726,00;35714,00
1,00;50,00;I1_R50_V1_T20;1,00;20,00;6,00;4812,00;80,20;1,34;3732,00;25,90;10,00;36397,00;41209,00
1,00;50,00;I1_R50_V1_T53;1,00;53,00;21,00;9380,00;156,33;2,61;5600,00;38,80;33,00;41690,00;51070,00
1,00;50,00;I1_R50_V1_T80;1,00;80,00;9,00;4107,00;68,45;1,14;2487,00;17,25;14,00;51070,00;55177,00
1,00;50,00;I1_R50_V1_T81;1,00;81,00;9,00;5899,00;98,32;1,64;4279,00;29,69;15,00;55177,00;61076,00
1,00;50,00;I1_R50_V2_T3;2,00;3,00;3,00;3845,00;64,08;1,07;3305,00;22,93;4,00;33272,00;37117,00
1,00;50,00;I1_R50_V2_T55;2,00;55,00;7,00;5610,00;93,50;1,56;4350,00;30,18;14,00;37288,00;42898,00
1,00;50,00;I1_R50_V2_T106;2,00;106,00;25,00;11323,00;188,72;3,15;6739,00;46,70;39,00;42984,00;54307,00
1,00;50,00;I1_R50_V2_T136;2,00;136,00;11,00;6133,00;102,22;1,70;4153,00;28,80;19,00;55057,00;61190,00
1,00;51,00;I1_R51_V0_T1;0,00;1,00;1,00;3708,00;61,80;1,03;3528,00;24,50;2,00;32536,00;36244,00
1,00;51,00;I1_R51_V0_T28;0,00;28,00;1,00;1994,00;33,23;0,55;1814,00;12,59;2,00;36244,00;38238,00
1,00;51,00;I1_R51_V0_T35;0,00;35,00;8,00;6104,00;101,73;1,70;4664,00;32,37;14,00;38317,00;44421,00
1,00;51,00;I1_R51_V0_T43;0,00;43,00;22,00;10508,00;175,13;2,92;6548,00;45,40;31,00;44421,00;54929,00
1,00;51,00;I1_R51_V0_T135;0,00;135,00;10,00;6036,00;100,60;1,68;4236,00;29,38;20,00;55164,00;61200,00
1,00;51,00;I1_R51_V1_T2;1,00;2,00;6,00;4334,00;72,23;1,20;3254,00;22,57;10,00;36743,00;41077,00
1,00;51,00;I1_R51_V1_T8;1,00;8,00;13,00;6864,00;114,40;1,91;4524,00;31,37;24,00;41370,00;48234,00
1,00;51,00;I1_R51_V1_T143;1,00;143,00;28,00;12362,00;206,03;3,43;7322,00;50,75;44,00;48234,00;60596,00
1,00;51,00;I1_R51_V2_T24;2,00;24,00;2,00;3519,00;58,65;0,98;3159,00;21,93;2,00;32400,00;35919,00
1,00;51,00;I1_R51_V2_T145;2,00;145,00;13,00;7355,00;122,58;2,04;5015,00;34,79;22,00;36176,00;43531,00
1,00;51,00;I1_R51_V2_T169;2,00;169,00;20,00;9762,00;162,70;2,71;6162,00;42,74;31,00;43557,00;53319,00
1,00;51,00;I1_R51_V2_T176;2,00;176,00;14,00;7623,00;127,05;2,12;5103,00;35,39;24,00;53490,00;61113,00
1,00;52,00;I1_R52_V0_T7;0,00;7,00;7,00;5286,00;88,10;1,47;4026,00;27,94;11,00;35089,00;40375,00
1,00;52,00;I1_R52_V0_T21;0,00;21,00;8,00;4186,00;69,77;1,16;2746,00;19,04;16,00;40375,00;44561,00
1,00;52,00;I1_R52_V0_T50;0,00;50,00;17,00;8069,00;134,48;2,24;5009,00;34,72;32,00;44970,00;53039,00
1,00;52,00;I1_R52_V0_T126;0,00;126,00;16,00;8095,00;134,92;2,25;5215,00;36,15;26,00;53039,00;61134,00
1,00;52,00;I1_R52_V1_T17;1,00;17,00;19,00;11420,00;190,33;3,17;8000,00;55,47;30,00;36982,00;48402,00
1,00;52,00;I1_R52_V1_T75;1,00;75,00;11,00;6627,00;110,45;1,84;4647,00;32,23;20,00;48402,00;55029,00
1,00;52,00;I1_R52_V1_T168;1,00;168,00;13,00;6171,00;102,85;1,71;3831,00;26,57;20,00;55029,00;61200,00
1,00;52,00;I1_R52_V2_T3;2,00;3,00;5,00;4758,00;79,30;1,32;3858,00;26,77;7,00;33387,00;38145,00
1,00;52,00;I1_R52_V2_T47;2,00;47,00;4,00;3570,00;59,50;0,99;2850,00;19,78;7,00;38145,00;41715,00
1,00;52,00;I1_R52_V2_T57;2,00;57,00;21,00;10735,00;178,92;2,98;6797,00;47,13;34,00;41800,00;52535,00
1,00;52,00;I1_R52_V2_T68;2,00;68,00;18,00;8524,00;142,07;2,37;5284,00;36,62;31,00;52535,00;61059,00
1,00;53,00;I1_R53_V0_T24;0,00;24,00;1,00;1978,00;32,97;0,55;1798,00;12,48;1,00;32400,00;34378,00
1,00;53,00;I1_R53_V0_T79;0,00;79,00;9,00;7695,00;128,25;2,14;6075,00;42,15;14,00;34731,00;42426,00
1,00;53,00;I1_R53_V0_T80;0,00;80,00;22,00;9893,00;164,88;2,75;5933,00;41,12;35,00;42426,00;52319,00
1,00;53,00;I1_R53_V0_T98;0,00;98,00;9,00;4791,00;79,85;1,33;3171,00;21,98;13,00;52319,00;57110,00
1,00;53,00;I1_R53_V0_T177;0,00;177,00;8,00;3962,00;66,03;1,10;2522,00;17,46;13,00;57110,00;61072,00
1,00;53,00;I1_R53_V1_T1;1,00;1,00;3,00;5170,00;86,17;1,44;4630,00;32,14;5,00;34211,00;39381,00
1,00;53,00;I1_R53_V1_T44;1,00;44,00;8,00;5628,00;93,80;1,56;4188,00;29,06;15,00;39381,00;45009,00
1,00;53,00;I1_R53_V1_T65;1,00;65,00;21,00;10981,00;183,02;3,05;7201,00;49,93;30,00;45009,00;55990,00
1,00;53,00;I1_R53_V1_T94;1,00;94,00;7,00;5127,00;85,45;1,42;3867,00;26,81;12,00;55990,00;61117,00
1,00;53,00;I1_R53_V2_T29;2,00;29,00;7,00;4926,00;82,10;1,37;3666,00;25,43;14,00;36708,00;41634,00
1,00;53,00;I1_R53_V2_T44;2,00;44,00;12,00;7189,00;119,82;2,00;5029,00;34,88;22,00;41634,00;48823,00
1,00;53,00;I1_R53_V2_T61;2,00;61,00;11,00;5654,00;94,23;1,57;3674,00;25,47;20,00;48823,00;54477,00
1,00;53,00;I1_R53_V2_T70;2,00;70,00;14,00;6665,00;111,08;1,85;4145,00;28,73;22,00;54477,00;61142,00
1,00;54,00;I1_R54_V0_T0;0,00;0,00;3,00;4373,00;72,88;1,21;3833,00;26,60;5,00;33755,00;38128,00
1,00;54,00;I1_R54_V0_T6;0,00;6,00;13,00;6954,00;115,90;1,93;4614,00;31,99;20,00;38789,00;45743,00
1,00;54,00;I1_R54_V0_T8;0,00;8,00;16,00;8262,00;137,70;2,30;5382,00;37,32;25,00;45795,00;54057,00
1,00;54,00;I1_R54_V0_T21;0,00;21,00;14,00;7125,00;118,75;1,98;4605,00;31,92;23,00;54057,00;61182,00
1,00;54,00;I1_R54_V1_T4;1,00;4,00;5,00;4324,00;72,07;1,20;3424,00;23,75;7,00;34638,00;38962,00
1,00;54,00;I1_R54_V1_T16;1,00;16,00;11,00;6097,00;101,62;1,69;4117,00;28,55;19,00;39203,00;45300,00
1,00;54,00;I1_R54_V1_T34;1,00;34,00;18,00;10006,00;166,77;2,78;6756,00;46,86;26,00;45300,00;55306,00
1,00;54,00;I1_R54_V1_T57;1,00;57,00;11,00;5829,00;97,15;1,62;3849,00;26,69;21,00;55306,00;61135,00
1,00;54,00;I1_R54_V2_T1;2,00;1,00;17,00;10610,00;176,83;2,95;7550,00;52,36;29,00;35902,00;46512,00
1,00;54,00;I1_R54_V2_T26;2,00;26,00;17,00;7865,00;131,08;2,18;4665,00;32,33;25,00;46512,00;54377,00
1,00;54,00;I1_R54_V2_T27;2,00;27,00;14,00;6804,00;113,40;1,89;4284,00;29,69;22,00;54377,00;61181,00
1,00;55,00;I1_R55_V0_T22;0,00;22,00;7,00;5884,00;98,07;1,63;4624,00;32,08;12,00;36415,00;42299,00
1,00;55,00;I1_R55_V0_T39;0,00;39,00;18,00;9936,00;165,60;2,76;6696,00;46,43;29,00;42299,00;52235,00
1,00;55,00;I1_R55_V0_T181;0,00;181,00;18,00;8907,00;148,45;2,47;5667,00;39,29;24,00;52235,00;61142,00
1,00;55,00;I1_R55_V1_T14;1,00;14,00;3,00;4749,00;79,15;1,32;4209,00;29,21;4,00;32839,00;37588,00
1,00;55,00;I1_R55_V1_T15;1,00;15,00;9,00;5375,00;89,58;1,49;3755,00;26,05;18,00;38180,00;43555,00
1,00;55,00;I1_R55_V1_T53;1,00;53,00;17,00;8362,00;139,37;2,32;5302,00;36,75;27,00;43555,00;51917,00
1,00;55,00;I1_R55_V1_T117;1,00;117,00;19,00;8353,00;139,22;2,32;4933,00;34,19;30,00;51917,00;60270,00
1,00;55,00;I1_R55_V1_T146;1,00;146,00;1,00;668,00;11,13;0,19;488,00;3,38;2,00;60270,00;60938,00
1,00;55,00;I1_R55_V2_T34;2,00;34,00;2,00;2760,00;46,00;0,77;2200,00;15,27;3,00;32541,00;35301,00
1,00;55,00;I1_R55_V2_T44;2,00;44,00;7,00;5565,00;92,75;1,55;4305,00;29,86;11,00;36624,00;42189,00
1,00;55,00;I1_R55_V2_T51;2,00;51,00;20,00;10740,00;179,00;2,98;7140,00;49,51;32,00;42189,00;52929,00
1,00;55,00;I1_R55_V2_T138;2,00;138,00;16,00;7855,00;130,92;2,18;4975,00;34,48;25,00;53077,00;60932,00
1,00;56,00;I1_R56_V0_T22;0,00;22,00;4,00;6094,00;101,57;1,69;5374,00;37,31;6,00;33228,00;39322,00
1,00;56,00;I1_R56_V0_T25;0,00;25,00;10,00;5438,00;90,63;1,51;3638,00;25,22;17,00;39700,00;45138,00
1,00;56,00;I1_R56_V0_T26;0,00;26,00;1,00;812,00;13,53;0,23;632,00;4,38;2,00;45138,00;45950,00
1,00;56,00;I1_R56_V0_T52;0,00;52,00;20,00;9098,00;151,63;2,53;5498,00;38,09;34,00;46005,00;55103,00
1,00;56,00;I1_R56_V0_T64;0,00;64,00;14,00;5996,00;99,93;1,67;3476,00;24,09;24,00;55148,00;61144,00
1,00;56,00;I1_R56_V1_T27;1,00;27,00;12,00;7973,00;132,88;2,21;5813,00;40,34;19,00;36292,00;44265,00
1,00;56,00;I1_R56_V1_T73;1,00;73,00;16,00;9349,00;155,82;2,60;6469,00;44,87;28,00;44367,00;53716,00
1,00;56,00;I1_R56_V1_T139;1,00;139,00;15,00;7471,00;124,52;2,08;4771,00;33,09;23,00;53716,00;61187,00
1,00;56,00;I1_R56_V2_T7;2,00;7,00;4,00;3888,00;64,80;1,08;3168,00;21,98;7,00;33231,00;37119,00
1,00;56,00;I1_R56_V2_T8;2,00;8,00;1,00;1314,00;21,90;0,37;1134,00;7,86;2,00;37119,00;38433,00
1,00;56,00;I1_R56_V2_T18;2,00;18,00;5,00;4508,00;75,13;1,25;3608,00;25,04;8,00;38433,00;42941,00
1,00;56,00;I1_R56_V2_T41;2,00;41,00;18,00;10031,00;167,18;2,79;6791,00;47,10;31,00;42960,00;52991,00
1,00;56,00;I1_R56_V2_T48;2,00;48,00;17,00;8030,00;133,83;2,23;4970,00;34,45;28,00;52991,00;61021,00
1,00;57,00;I1_R57_V0_T1;0,00;1,00;11,00;7990,00;133,17;2,22;5850,00;40,58;16,00;34291,00;42281,00
1,00;57,00;I1_R57_V0_T50;0,00;50,00;13,00;8076,00;134,60;2,24;5736,00;39,79;23,00;42316,00;50392,00
1,00;57,00;I1_R57_V0_T163;0,00;163,00;24,00;10636,00;177,27;2,95;6316,00;43,76;36,00;50392,00;61028,00
1,00;57,00;I1_R57_V1_T12;1,00;12,00;12,00;7651,00;127,52;2,13;5491,00;38,08;20,00;36424,00;44075,00
1,00;57,00;I1_R57_V1_T53;1,00;53,00;15,00;7332,00;122,20;2,04;4632,00;32,11;22,00;44075,00;51407,00
1,00;57,00;I1_R57_V1_T74;1,00;74,00;21,00;9497,00;158,28;2,64;5717,00;39,62;35,00;51488,00;60985,00
1,00;57,00;I1_R57_V2_T31;2,00;31,00;10,00;7547,00;125,78;2,10;5747,00;39,88;17,00;35484,00;43031,00
1,00;57,00;I1_R57_V2_T89;2,00;89,00;15,00;8218,00;136,97;2,28;5518,00;38,28;28,00;43031,00;51249,00
1,00;57,00;I1_R57_V2_T91;2,00;91,00;20,00;8977,00;149,62;2,49;5377,00;37,26;35,00;51249,00;60226,00
1,00;57,00;I1_R57_V2_T93;2,00;93,00;1,00;954,00;15,90;0,27;774,00;5,37;2,00;60226,00;61180,00
1,00;58,00;I1_R58_V0_T22;0,00;22,00;4,00;4463,00;74,38;1,24;3743,00;25,97;8,00;33594,00;38057,00
1,00;58,00;I1_R58_V0_T40;0,00;40,00;8,00;5857,00;97,62;1,63;4116,00;28,56;11,00;38319,00;44176,00
1,00;58,00;I1_R58_V0_T49;0,00;49,00;18,00;8379,00;139,65;2,33;5139,00;35,61;31,00;44176,00;52555,00
1,00;58,00;I1_R58_V0_T51;0,00;51,00;19,00;8624,00;143,73;2,40;5204,00;36,06;27,00;52555,00;61179,00
1,00;58,00;I1_R58_V1_T3;1,00;3,00;7,00;5612,00;93,53;1,56;4278,00;29,69;9,00;34405,00;40017,00
1,00;58,00;I1_R58_V1_T8;1,00;8,00;30,00;13642,00;227,37;3,79;8242,00;57,12;43,00;40560,00;54202,00
1,00;58,00;I1_R58_V1_T11;1,00;11,00;13,00;6099,00;101,65;1,69;3759,00;26,05;22,00;54610,00;60709,00
1,00;58,00;I1_R58_V2_T10;2,00;10,00;2,00;4412,00;73,53;1,23;2904,00;20,16;2,00;32400,00;36812,00
1,00;58,00;I1_R58_V2_T29;2,00;29,00;4,00;2994,00;49,90;0,83;2274,00;15,78;8,00;37422,00;40416,00
1,00;58,00;I1_R58_V2_T61;2,00;61,00;16,00;8665,00;144,42;2,41;5785,00;40,11;28,00;40416,00;49081,00
1,00;58,00;I1_R58_V2_T82;2,00;82,00;8,00;4121,00;68,68;1,14;2681,00;18,59;14,00;49081,00;53202,00
1,00;58,00;I1_R58_V2_T110;2,00;110,00;16,00;7776,00;129,60;2,16;4896,00;33,93;26,00;53209,00;60985,00
1,00;59,00;I1_R59_V0_T8;0,00;8,00;4,00;4981,00;83,02;1,38;4261,00;29,58;6,00;33405,00;38386,00
1,00;59,00;I1_R59_V0_T18;0,00;18,00;18,00;10651,00;177,52;2,96;7411,00;51,39;31,00;38391,00;49042,00
1,00;59,00;I1_R59_V0_T92;0,00;92,00;11,00;6224,00;103,73;1,73;4244,00;29,41;21,00;49042,00;55266,00
1,00;59,00;I1_R59_V0_T258;0,00;258,00;10,00;5765,00;96,08;1,60;3965,00;27,50;19,00;55266,00;61031,00
1,00;59,00;I1_R59_V1_T4;1,00;4,00;1,00;3498,00;58,30;0,97;3318,00;23,04;1,00;32400,00;35898,00
1,00;59,00;I1_R59_V1_T18;1,00;18,00;6,00;4956,00;82,60;1,38;3876,00;26,89;10,00;36588,00;41544,00
1,00;59,00;I1_R59_V1_T27;1,00;27,00;12,00;7432,00;123,87;2,06;5272,00;36,56;23,00;41544,00;48976,00
1,00;59,00;I1_R59_V1_T32;1,00;32,00;7,00;4192,00;69,87;1,16;2932,00;20,33;12,00;48976,00;53168,00
1,00;59,00;I1_R59_V1_T70;1,00;70,00;14,00;7893,00;131,55;2,19;5373,00;37,27;25,00;53168,00;61061,00
1,00;59,00;I1_R59_V2_T42;2,00;42,00;6,00;6374,00;106,23;1,77;4807,00;33,36;8,00;32824,00;39198,00
1,00;59,00;I1_R59_V2_T57;2,00;57,00;16,00;8748,00;145,80;2,43;5868,00;40,70;26,00;39341,00;48089,00
1,00;59,00;I1_R59_V2_T68;2,00;68,00;5,00;3572,00;59,53;0,99;2672,00;18,53;8,00;48089,00;51661,00
1,00;59,00;I1_R59_V2_T73;2,00;73,00;18,00;9049,00;150,82;2,51;5809,00;40,27;28,00;51661,00;60710,00
1,00;60,00;I1_R60_V0_T10;0,00;10,00;11,00;7179,00;119,65;1,99;5199,00;36,06;17,00;36492,00;43671,00
1,00;60,00;I1_R60_V0_T13;0,00;13,00;7,00;4739,00;78,98;1,32;3479,00;24,13;10,00;43671,00;48410,00
1,00;60,00;I1_R60_V0_T49;0,00;49,00;13,00;6458,00;107,63;1,79;4060,00;28,14;19,00;48410,00;54868,00
1,00;60,00;I1_R60_V0_T78;0,00;78,00;12,00;6142,00;102,37;1,71;3982,00;27,60;21,00;54868,00;61010,00
1,00;60,00;I1_R60_V1_T0;1,00;0,00;5,00;4918,00;81,97;1,37;4018,00;27,88;8,00;35071,00;39989,00
1,00;60,00;I1_R60_V1_T1;1,00;1,00;14,00;8735,00;145,58;2,43;6215,00;43,10;25,00;40107,00;48842,00
1,00;60,00;I1_R60_V1_T29;1,00;29,00;22,00;9080,00;151,33;2,52;5120,00;35,48;36,00;48897,00;57977,00
1,00;60,00;I1_R60_V1_T31;1,00;31,00;5,00;3159,00;52,65;0,88;2259,00;15,67;9,00;57977,00;61136,00
1,00;60,00;I1_R60_V2_T6;2,00;6,00;6,00;5890,00;98,17;1,64;4810,00;33,37;8,00;34343,00;40233,00
1,00;60,00;I1_R60_V2_T54;2,00;54,00;13,00;7394,00;123,23;2,05;5054,00;35,05;23,00;40233,00;47627,00
1,00;60,00;I1_R60_V2_T56;2,00;56,00;14,00;6779,00;112,98;1,88;4259,00;29,52;22,00;47627,00;54406,00
1,00;60,00;I1_R60_V2_T117;2,00;117,00;14,00;6784,00;113,07;1,88;4264,00;29,57;23,00;54406,00;61190,00
1,00;61,00;I1_R61_V0_T2;0,00;2,00;2,00;4811,00;80,18;1,34;4451,00;30,90;4,00;33619,00;38430,00
1,00;61,00;I1_R61_V0_T24;0,00;24,00;16,00;8459,00;140,98;2,35;5579,00;38,68;26,00;38622,00;47081,00
1,00;61,00;I1_R61_V0_T51;0,00;51,00;10,00;4871,00;81,18;1,35;3071,00;21,28;16,00;47097,00;51968,00
1,00;61,00;I1_R61_V0_T202;0,00;202,00;19,00;9146,00;152,43;2,54;5726,00;39,70;30,00;51968,00;61114,00
1,00;61,00;I1_R61_V1_T10;1,00;10,00;1,00;3136,00;52,27;0,87;2956,00;20,53;2,00;34147,00;37283,00
1,00;61,00;I1_R61_V1_T11;1,00;11,00;6,00;5287,00;88,12;1,47;4207,00;29,19;11,00;37979,00;43266,00
1,00;61,00;I1_R61_V1_T15;1,00;15,00;14,00;8606,00;143,43;2,39;6086,00;42,21;22,00;43266,00;51872,00
1,00;61,00;I1_R61_V1_T19;1,00;19,00;11,00;5233,00;87,22;1,45;3253,00;22,54;20,00;52270,00;57503,00
1,00;61,00;I1_R61_V1_T45;1,00;45,00;5,00;3640,00;60,67;1,01;2740,00;19,00;9,00;57503,00;61143,00
1,00;61,00;I1_R61_V2_T13;2,00;13,00;8,00;5488,00;91,47;1,52;4048,00;28,08;12,00;33993,00;39481,00
1,00;61,00;I1_R61_V2_T24;2,00;24,00;2,00;1679,00;27,98;0,47;1319,00;9,15;4,00;39481,00;41160,00
1,00;61,00;I1_R61_V2_T97;2,00;97,00;18,00;8648,00;144,13;2,40;5408,00;37,49;29,00;41350,00;49998,00
1,00;61,00;I1_R61_V2_T102;2,00;102,00;21,00;10522,00;175,37;2,92;6742,00;46,74;34,00;49998,00;60520,00
1,00;62,00;I1_R62_V0_T3;0,00;3,00;10,00;8290,00;138,17;2,30;6490,00;45,03;15,00;34066,00;42356,00
1,00;62,00;I1_R62_V0_T12;0,00;12,00;22,00;12299,00;204,98;3,42;8339,00;57,83;32,00;42356,00;54655,00
1,00;62,00;I1_R62_V0_T13;0,00;13,00;12,00;6364,00;106,07;1,77;4204,00;29,16;23,00;54806,00;61170,00
1,00;62,00;I1_R62_V1_T11;1,00;11,00;2,00;3448,00;57,47;0,96;3088,00;21,43;4,00;35347,00;38795,00
1,00;62,00;I1_R62_V1_T60;1,00;60,00;12,00;6312,00;105,20;1,75;4152,00;28,78;21,00;38795,00;45107,00
1,00;62,00;I1_R62_V1_T132;1,00;132,00;14,00;8097,00;134,95;2,25;5577,00;38,68;25,00;45107,00;53204,00
1,00;62,00;I1_R62_V1_T164;1,00;164,00;13,00;7975,00;132,92;2,22;5635,00;39,09;25,00;53204,00;61179,00
1,00;62,00;I1_R62_V2_T23;2,00;23,00;5,00;4797,00;79,95;1,33;3897,00;27,04;8,00;34826,00;39623,00
1,00;62,00;I1_R62_V2_T63;2,00;63,00;12,00;7361,00;122,68;2,04;5201,00;36,07;23,00;39623,00;46984,00
1,00;62,00;I1_R62_V2_T89;2,00;89,00;18,00;8942,00;149,03;2,48;5702,00;39,53;26,00;46984,00;55926,00
1,00;62,00;I1_R62_V2_T93;2,00;93,00;10,00;5238,00;87,30;1,46;3438,00;23,83;18,00;55926,00;61164,00
1,00;63,00;I1_R63_V0_T28;0,00;28,00;14,00;8105,00;135,08;2,25;5585,00;38,73;21,00;35530,00;43635,00
1,00;63,00;I1_R63_V0_T37;0,00;37,00;19,00;10466,00;174,43;2,91;7046,00;48,87;30,00;43635,00;54101,00
1,00;63,00;I1_R63_V0_T131;0,00;131,00;15,00;7077,00;117,95;1,97;4377,00;30,33;24,00;54118,00;61195,00
1,00;63,00;I1_R63_V1_T20;1,00;20,00;10,00;6122,00;102,03;1,70;4322,00;29,98;14,00;36357,00;42479,00
1,00;63,00;I1_R63_V1_T25;1,00;25,00;13,00;6845,00;114,08;1,90;4505,00;31,24;26,00;42479,00;49324,00
1,00;63,00;I1_R63_V1_T32;1,00;32,00;11,00;5639,00;93,98;1,57;3659,00;25,36;17,00;49324,00;54963,00
1,00;63,00;I1_R63_V1_T37;1,00;37,00;9,00;6168,00;102,80;1,71;4548,00;31,56;18,00;54963,00;61131,00
1,00;63,00;I1_R63_V2_T9;2,00;9,00;3,00;3671,00;61,18;1,02;3131,00;21,73;6,00;33832,00;37503,00
1,00;63,00;I1_R63_V2_T46;2,00;46,00;6,00;4579,00;76,32;1,27;3499,00;24,26;11,00;37503,00;42082,00
1,00;63,00;I1_R63_V2_T57;2,00;57,00;12,00;5974,00;99,57;1,66;3814,00;26,43;21,00;42083,00;48057,00
1,00;63,00;I1_R63_V2_T63;2,00;63,00;10,00;5744,00;95,73;1,60;3944,00;27,36;16,00;48057,00;53801,00
1,00;63,00;I1_R63_V2_T86;2,00;86,00;14,00;7124,00;118,73;1,98;4604,00;31,93;23,00;54033,00;61157,00
1,00;64,00;I1_R64_V0_T12;0,00;12,00;7,00;6950,00;115,83;1,93;5690,00;39,49;12,00;33492,00;40442,00
1,00;64,00;I1_R64_V0_T62;0,00;62,00;16,00;9099,00;151,65;2,53;6219,00;43,13;29,00;40442,00;49541,00
1,00;64,00;I1_R64_V0_T166;0,00;166,00;11,00;6368,00;106,13;1,77;4388,00;30,42;18,00;49583,00;55951,00
1,00;64,00;I1_R64_V0_T192;0,00;192,00;10,00;5101,00;85,02;1,42;3301,00;22,88;16,00;55951,00;61052,00
1,00;64,00;I1_R64_V1_T32;1,00;32,00;5,00;4332,00;72,20;1,20;3432,00;23,82;6,00;33162,00;37494,00
1,00;64,00;I1_R64_V1_T98;1,00;98,00;14,00;8821,00;147,02;2,45;6301,00;43,69;24,00;38940,00;47761,00
1,00;64,00;I1_R64_V1_T153;1,00;153,00;9,00;5277,00;87,95;1,47;3657,00;25,35;16,00;48076,00;53353,00
1,00;64,00;I1_R64_V1_T208;1,00;208,00;4,00;2011,00;33,52;0,56;1291,00;8,95;7,00;53353,00;55364,00
1,00;64,00;I1_R64_V1_T210;1,00;210,00;11,00;5835,00;97,25;1,62;3855,00;26,73;18,00;55364,00;61199,00
1,00;64,00;I1_R64_V2_T2;2,00;2,00;7,00;7105,00;118,42;1,97;5845,00;40,55;10,00;33873,00;40978,00
1,00;64,00;I1_R64_V2_T7;2,00;7,00;19,00;10757,00;179,28;2,99;7337,00;50,89;30,00;40978,00;51735,00
1,00;64,00;I1_R64_V2_T9;2,00;9,00;21,00;9230,00;153,83;2,56;5450,00;37,78;33,00;51953,00;61183,00
1,00;65,00;I1_R65_V0_T7;0,00;7,00;10,00;6904,00;115,07;1,92;5104,00;35,41;13,00;36815,00;43719,00
1,00;65,00;I1_R65_V0_T20;0,00;20,00;15,00;7354,00;122,57;2,04;4654,00;32,27;24,00;43719,00;51073,00
1,00;65,00;I1_R65_V0_T25;0,00;25,00;23,00;9960,00;166,00;2,77;5820,00;40,35;36,00;51175,00;61135,00
1,00;65,00;I1_R65_V1_T1;1,00;1,00;10,00;7693,00;128,22;2,14;5666,00;39,32;17,00;36702,00;44395,00
1,00;65,00;I1_R65_V1_T3;1,00;3,00;9,00;5300,00;88,33;1,47;3680,00;25,52;13,00;44395,00;49695,00
1,00;65,00;I1_R65_V1_T30;1,00;30,00;6,00;4357,00;72,62;1,21;3277,00;22,72;12,00;49695,00;54052,00
1,00;65,00;I1_R65_V1_T35;1,00;35,00;14,00;7098,00;118,30;1,97;4578,00;31,75;22,00;54052,00;61150,00
1,00;65,00;I1_R65_V2_T52;2,00;52,00;14,00;8548,00;142,47;2,37;6009,00;41,68;19,00;37063,00;45611,00
1,00;65,00;I1_R65_V2_T90;2,00;90,00;14,00;7673,00;127,88;2,13;5153,00;35,73;22,00;45611,00;53284,00
1,00;65,00;I1_R65_V2_T171;2,00;171,00;14,00;7804,00;130,07;2,17;5284,00;36,63;24,00;53301,00;61105,00
1,00;66,00;I1_R66_V0_T24;0,00;24,00;5,00;4274,00;71,23;1,19;3374,00;23,42;8,00;33554,00;37828,00
1,00;66,00;I1_R66_V0_T34;0,00;34,00;19,00;9478,00;157,97;2,63;6058,00;42,01;28,00;37828,00;47306,00
1,00;66,00;I1_R66_V0_T105;0,00;105,00;13,00;7375,00;122,92;2,05;5035,00;34,92;23,00;47306,00;54681,00
1,00;66,00;I1_R66_V0_T137;0,00;137,00;13,00;6491,00;108,18;1,80;4151,00;28,78;21,00;54681,00;61172,00
1,00;66,00;I1_R66_V1_T24;1,00;24,00;8,00;6040,00;100,67;1,68;4600,00;31,91;11,00;34139,00;40179,00
1,00;66,00;I1_R66_V1_T34;1,00;34,00;13,00;8858,00;147,63;2,46;6518,00;45,21;23,00;40179,00;49037,00
1,00;66,00;I1_R66_V1_T41;1,00;41,00;7,00;3803,00;63,38;1,06;2543,00;17,62;11,00;49037,00;52840,00
1,00;66,00;I1_R66_V1_T42;1,00;42,00;16,00;8319,00;138,65;2,31;5439,00;37,69;30,00;52840,00;61159,00
1,00;66,00;I1_R66_V2_T14;2,00;14,00;13,00;6858,00;114,30;1,91;4518,00;31,31;23,00;37270,00;44128,00
1,00;66,00;I1_R66_V2_T29;2,00;29,00;15,00;8917,00;148,62;2,48;6217,00;43,11;23,00;44209,00;53126,00
1,00;66,00;I1_R66_V2_T32;2,00;32,00;14,00;8028,00;133,80;2,23;5508,00;38,20;25,00;53126,00;61154,00
1,00;67,00;I1_R67_V0_T0;0,00;0,00;8,00;5974,00;99,57;1,66;4534,00;31,45;12,00;36921,00;42895,00
1,00;67,00;I1_R67_V0_T5;0,00;5,00;19,00;10347,00;172,45;2,87;6340,00;43,96;28,00;42977,00;53324,00
1,00;67,00;I1_R67_V0_T6;0,00;6,00;17,00;7679,00;127,98;2,13;4619,00;32,01;30,00;53385,00;61064,00
1,00;67,00;I1_R67_V1_T68;1,00;68,00;14,00;9651,00;160,85;2,68;6398,00;44,38;22,00;35863,00;45514,00
1,00;67,00;I1_R67_V1_T101;1,00;101,00;10,00;6986,00;116,43;1,94;5186,00;35,97;18,00;45514,00;52500,00
1,00;67,00;I1_R67_V1_T105;1,00;105,00;18,00;8636,00;143,93;2,40;5396,00;37,41;30,00;52500,00;61136,00
1,00;67,00;I1_R67_V2_T60;2,00;60,00;4,00;5423,00;90,38;1,51;3495,00;24,26;5,00;33020,00;38443,00
1,00;67,00;I1_R67_V2_T72;2,00;72,00;20,00;10831,00;180,52;3,01;7231,00;50,14;30,00;38936,00;49767,00
1,00;67,00;I1_R67_V2_T146;2,00;146,00;23,00;10929,00;182,15;3,04;6789,00;47,04;35,00;50149,00;61078,00
1,00;68,00;I1_R68_V0_T5;0,00;5,00;6,00;5618,00;93,63;1,56;4538,00;31,49;8,00;33511,00;39129,00
1,00;68,00;I1_R68_V0_T47;0,00;47,00;12,00;7817,00;130,28;2,17;5657,00;39,25;22,00;39129,00;46946,00
1,00;68,00;I1_R68_V0_T58;0,00;58,00;11,00;6270,00;104,50;1,74;4290,00;29,75;20,00;46946,00;53216,00
1,00;68,00;I1_R68_V0_T126;0,00;126,00;15,00;7322,00;122,03;2,03;4622,00;32,04;23,00;53216,00;60538,00
1,00;68,00;I1_R68_V1_T7;1,00;7,00;10,00;7811,00;130,18;2,17;6011,00;41,69;15,00;36142,00;43953,00
1,00;68,00;I1_R68_V1_T9;1,00;9,00;9,00;4244,00;70,73;1,18;2624,00;18,19;16,00;43953,00;48197,00
1,00;68,00;I1_R68_V1_T18;1,00;18,00;4,00;3529,00;58,82;0,98;2809,00;19,50;8,00;48893,00;52422,00
1,00;68,00;I1_R68_V1_T145;1,00;145,00;18,00;8722,00;145,37;2,42;5482,00;38,01;29,00;52432,00;61154,00
1,00;68,00;I1_R68_V2_T18;2,00;18,00;5,00;6255,00;104,25;1,74;5355,00;37,16;9,00;33012,00;39267,00
1,00;68,00;I1_R68_V2_T64;2,00;64,00;25,00;11610,00;193,50;3,23;6927,00;48,02;40,00;39324,00;50934,00
1,00;68,00;I1_R68_V2_T74;2,00;74,00;23,00;10064,00;167,73;2,80;5924,00;41,05;37,00;50964,00;61028,00
1,00;69,00;I1_R69_V0_T49;0,00;49,00;4,00;3873,00;64,55;1,08;3153,00;21,88;7,00;34709,00;38582,00
1,00;69,00;I1_R69_V0_T52;0,00;52,00;4,00;2569,00;42,82;0,71;1849,00;12,83;8,00;38582,00;41151,00
1,00;69,00;I1_R69_V0_T66;0,00;66,00;15,00;7912,00;131,87;2,20;5212,00;36,13;22,00;41230,00;49142,00
1,00;69,00;I1_R69_V0_T77;0,00;77,00;9,00;5538,00;92,30;1,54;3918,00;27,17;14,00;49142,00;54680,00
1,00;69,00;I1_R69_V0_T82;0,00;82,00;12,00;6494,00;108,23;1,80;4334,00;30,05;20,00;54680,00;61174,00
1,00;69,00;I1_R69_V1_T17;1,00;17,00;3,00;3642,00;60,70;1,01;3102,00;21,53;5,00;34303,00;37945,00
1,00;69,00;I1_R69_V1_T21;1,00;21,00;12,00;8323,00;138,72;2,31;6157,00;42,71;19,00;38220,00;46543,00
1,00;69,00;I1_R69_V1_T124;1,00;124,00;4,00;4010,00;66,83;1,11;3290,00;22,83;7,00;46543,00;50553,00
1,00;69,00;I1_R69_V1_T172;1,00;172,00;19,00;10595,00;176,58;2,94;7175,00;49,76;30,00;50573,00;61168,00
1,00;69,00;I1_R69_V2_T31;2,00;31,00;4,00;4735,00;78,92;1,32;4015,00;27,86;6,00;34381,00;39116,00
1,00;69,00;I1_R69_V2_T41;2,00;41,00;6,00;6262,00;104,37;1,74;5182,00;35,95;11,00;39179,00;45441,00
1,00;69,00;I1_R69_V2_T47;2,00;47,00;14,00;7609,00;126,82;2,11;5089,00;35,28;24,00;45441,00;53050,00
1,00;69,00;I1_R69_V2_T78;2,00;78,00;14,00;8033,00;133,88;2,23;5513,00;38,24;27,00;53050,00;61083,00
1,00;70,00;I1_R70_V0_T19;0,00;19,00;7,00;5685,00;94,75;1,58;4425,00;30,70;11,00;33418,00;39103,00
1,00;70,00;I1_R70_V0_T31;0,00;31,00;20,00;9665,00;161,08;2,68;6065,00;42,04;34,00;39355,00;49020,00
1,00;70,00;I1_R70_V0_T40;0,00;40,00;10,00;5559,00;92,65;1,54;3759,00;26,07;18,00;49352,00;54911,00
1,00;70,00;I1_R70_V0_T71;0,00;71,00;12,00;6279,00;104,65;1,74;4119,00;28,56;20,00;54911,00;61190,00
1,00;70,00;I1_R70_V1_T11;1,00;11,00;10,00;8381,00;139,68;2,33;6581,00;45,67;15,00;34599,00;42980,00
1,00;70,00;I1_R70_V1_T16;1,00;16,00;10,00;5590,00;93,17;1,55;3790,00;26,28;18,00;42980,00;48570,00
1,00;70,00;I1_R70_V1_T27;1,00;27,00;16,00;7649,00;127,48;2,12;4769,00;33,07;24,00;48570,00;56219,00
1,00;70,00;I1_R70_V1_T117;1,00;117,00;8,00;4978,00;82,97;1,38;3538,00;24,53;15,00;56219,00;61197,00
1,00;70,00;I1_R70_V2_T82;2,00;82,00;6,00;4223,00;70,38;1,17;3143,00;21,81;9,00;34484,00;38707,00
1,00;70,00;I1_R70_V2_T84;2,00;84,00;5,00;3226,00;53,77;0,90;2326,00;16,13;10,00;38707,00;41933,00
1,00;70,00;I1_R70_V2_T108;2,00;108,00;23,00;11637,00;193,95;3,23;7497,00;51,98;36,00;41933,00;53570,00
1,00;70,00;I1_R70_V2_T110;2,00;110,00;18,00;7612,00;126,87;2,11;4372,00;30,30;29,00;53570,00;61182,00
1,00;71,00;I1_R71_V0_T14;0,00;14,00;12,00;7242,00;120,70;2,01;5068,00;35,14;18,00;36117,00;43359,00
1,00;71,00;I1_R71_V0_T16;0,00;16,00;18,00;8959,00;149,32;2,49;5719,00;39,65;28,00;43359,00;52318,00
1,00;71,00;I1_R71_V0_T112;0,00;112,00;18,00;8741,00;145,68;2,43;5501,00;38,13;28,00;52318,00;61059,00
1,00;71,00;I1_R71_V1_T16;1,00;16,00;7,00;6279,00;104,65;1,74;5019,00;34,82;10,00;33051,00;39330,00
1,00;71,00;I1_R71_V1_T19;1,00;19,00;12,00;6896,00;114,93;1,92;4736,00;32,84;22,00;39330,00;46226,00
1,00;71,00;I1_R71_V1_T20;1,00;20,00;14,00;7353,00;122,55;2,04;4833,00;33,50;24,00;46226,00;53579,00
1,00;71,00;I1_R71_V1_T26;1,00;26,00;16,00;7608,00;126,80;2,11;4728,00;32,78;29,00;53579,00;61187,00
1,00;71,00;I1_R71_V2_T1;2,00;1,00;2,00;2956,00;49,27;0,82;2345,00;16,27;3,00;32732,00;35688,00
1,00;71,00;I1_R71_V2_T7;2,00;7,00;19,00;10528,00;175,47;2,92;7108,00;49,29;29,00;36089,00;46617,00
1,00;71,00;I1_R71_V2_T12;2,00;12,00;17,00;8359,00;139,32;2,32;5299,00;36,73;27,00;46636,00;54995,00
1,00;71,00;I1_R71_V2_T133;2,00;133,00;12,00;6059,00;100,98;1,68;3899,00;27,03;22,00;55099,00;61158,00
1,00;72,00;I1_R72_V0_T22;0,00;22,00;3,00;4070,00;67,83;1,13;3530,00;24,50;5,00;35623,00;39693,00
1,00;72,00;I1_R72_V0_T25;0,00;25,00;21,00;11788,00;196,47;3,27;8008,00;55,54;33,00;39702,00;51490,00
1,00;72,00;I1_R72_V0_T26;0,00;26,00;3,00;2707,00;45,12;0,75;2167,00;15,04;6,00;51490,00;54197,00
1,00;72,00;I1_R72_V0_T29;0,00;29,00;14,00;6957,00;115,95;1,93;4437,00;30,77;23,00;54197,00;61154,00
1,00;72,00;I1_R72_V1_T11;1,00;11,00;14,00;8729,00;145,48;2,42;6209,00;43,07;21,00;35693,00;44422,00
1,00;72,00;I1_R72_V1_T18;1,00;18,00;11,00;6087,00;101,45;1,69;4107,00;28,48;21,00;44422,00;50509,00
1,00;72,00;I1_R72_V1_T33;1,00;33,00;2,00;2687,00;44,78;0,75;2327,00;16,15;4,00;50509,00;53196,00
1,00;72,00;I1_R72_V1_T74;1,00;74,00;16,00;7985,00;133,08;2,22;5105,00;35,40;29,00;53196,00;61181,00
1,00;72,00;I1_R72_V2_T18;2,00;18,00;2,00;3672,00;61,20;1,02;3312,00;22,99;3,00;33348,00;37020,00
1,00;72,00;I1_R72_V2_T52;2,00;52,00;4,00;3533,00;58,88;0,98;2813,00;19,53;7,00;37020,00;40553,00
1,00;72,00;I1_R72_V2_T57;2,00;57,00;11,00;6004,00;100,07;1,67;4024,00;27,90;20,00;40632,00;46636,00
1,00;72,00;I1_R72_V2_T78;2,00;78,00;18,00;8743,00;145,72;2,43;5503,00;38,15;28,00;46636,00;55379,00
1,00;72,00;I1_R72_V2_T217;2,00;217,00;12,00;5679,00;94,65;1,58;3519,00;24,40;20,00;55379,00;61058,00
1,00;73,00;I1_R73_V0_T2;0,00;2,00;3,00;4986,00;83,10;1,39;4446,00;30,86;5,00;32775,00;37761,00
1,00;73,00;I1_R73_V0_T17;0,00;17,00;16,00;9351,00;155,85;2,60;6471,00;44,86;27,00;37761,00;47112,00
1,00;73,00;I1_R73_V0_T39;0,00;39,00;15,00;6996,00;116,60;1,94;4296,00;29,78;25,00;47214,00;54210,00
1,00;73,00;I1_R73_V0_T40;0,00;40,00;13,00;6887,00;114,78;1,91;4547,00;31,53;20,00;54210,00;61097,00
1,00;73,00;I1_R73_V1_T15;1,00;15,00;3,00;4207,00;70,12;1,17;3667,00;25,46;6,00;34875,00;39082,00
1,00;73,00;I1_R73_V1_T35;1,00;35,00;4,00;2990,00;49,83;0,83;2270,00;15,74;8,00;39082,00;42072,00
1,00;73,00;I1_R73_V1_T50;1,00;50,00;10,00;7126,00;118,77;1,98;5326,00;36,94;18,00;42072,00;49198,00
1,00;73,00;I1_R73_V1_T56;1,00;56,00;5,00;2864,00;47,73;0,80;1964,00;13,62;10,00;49198,00;52062,00
1,00;73,00;I1_R73_V1_T117;1,00;117,00;19,00;9066,00;151,10;2,52;5646,00;39,12;29,00;52062,00;61128,00
1,00;73,00;I1_R73_V2_T5;2,00;5,00;2,00;4376,00;72,93;1,22;4016,00;27,88;3,00;32617,00;36993,00
1,00;73,00;I1_R73_V2_T8;2,00;8,00;12,00;7925,00;132,08;2,20;5765,00;39,99;21,00;38058,00;45983,00
1,00;73,00;I1_R73_V2_T12;2,00;12,00;21,00;9292,00;154,87;2,58;5512,00;38,20;27,00;45983,00;55275,00
1,00;73,00;I1_R73_V2_T15;2,00;15,00;13,00;5723,00;95,38;1,59;3383,00;23,42;20,00;55275,00;60998,00
1,00;74,00;I1_R74_V0_T16;0,00;16,00;2,00;2131,00;35,52;0,59;1771,00;12,29;3,00;33346,00;35477,00
1,00;74,00;I1_R74_V0_T17;0,00;17,00;13,00;8297,00;138,28;2,30;5957,00;41,32;22,00;37276,00;45573,00
1,00;74,00;I1_R74_V0_T24;0,00;24,00;12,00;6787,00;113,12;1,89;4627,00;32,09;21,00;45573,00;52360,00
1,00;74,00;I1_R74_V0_T26;0,00;26,00;17,00;8800,00;146,67;2,44;5740,00;39,79;26,00;52360,00;61160,00
1,00;74,00;I1_R74_V1_T51;1,00;51,00;10,00;7737,00;128,95;2,15;5937,00;41,20;13,00;34162,00;41899,00
1,00;74,00;I1_R74_V1_T60;1,00;60,00;19,00;10318,00;171,97;2,87;6717,00;46,59;28,00;41899,00;52217,00
1,00;74,00;I1_R74_V1_T194;1,00;194,00;16,00;8406,00;140,10;2,34;5526,00;38,31;25,00;52217,00;60623,00
1,00;74,00;I1_R74_V2_T11;2,00;11,00;9,00;6995,00;116,58;1,94;4953,00;34,36;10,00;33395,00;40390,00
1,00;74,00;I1_R74_V2_T16;2,00;16,00;16,00;9752,00;162,53;2,71;6872,00;47,68;26,00;40390,00;50142,00
1,00;74,00;I1_R74_V2_T23;2,00;23,00;13,00;7011,00;116,85;1,95;4671,00;32,41;24,00;50142,00;57153,00
1,00;74,00;I1_R74_V2_T176;2,00;176,00;7,00;4021,00;67,02;1,12;2761,00;19,14;14,00;57153,00;61174,00
1,00;75,00;I1_R75_V0_T1;0,00;1,00;11,00;8394,00;139,90;2,33;6414,00;44,49;17,00;34656,00;43050,00
1,00;75,00;I1_R75_V0_T18;0,00;18,00;11,00;7196,00;119,93;2,00;5216,00;36,18;20,00;43100,00;50296,00
1,00;75,00;I1_R75_V0_T38;0,00;38,00;15,00;7996,00;133,27;2,22;5296,00;36,72;25,00;50296,00;58292,00
1,00;75,00;I1_R75_V0_T203;0,00;203,00;4,00;2896,00;48,27;0,80;2176,00;15,09;7,00;58292,00;61188,00
1,00;75,00;I1_R75_V1_T6;1,00;6,00;14,00;10339,00;172,32;2,87;7819,00;54,23;18,00;33481,00;43820,00
1,00;75,00;I1_R75_V1_T13;1,00;13,00;14,00;9165,00;152,75;2,55;6645,00;46,09;27,00;43826,00;52991,00
1,00;75,00;I1_R75_V1_T48;1,00;48,00;17,00;8181,00;136,35;2,27;5121,00;35,51;27,00;52991,00;61172,00
1,00;75,00;I1_R75_V2_T6;2,00;6,00;1,00;1472,00;24,53;0,41;1292,00;8,97;2,00;35013,00;36485,00
1,00;75,00;I1_R75_V2_T12;2,00;12,00;5,00;3705,00;61,75;1,03;2805,00;19,45;9,00;38627,00;42332,00
1,00;75,00;I1_R75_V2_T17;2,00;17,00;10,00;6441,00;107,35;1,79;4641,00;32,19;18,00;42674,00;49115,00
1,00;75,00;I1_R75_V2_T229;2,00;229,00;27,00;11940,00;199,00;3,32;7080,00;49,08;39,00;49189,00;61129,00
1,00;76,00;I1_R76_V0_T24;0,00;24,00;8,00;6636,00;110,60;1,84;5196,00;36,05;14,00;36476,00;43112,00
1,00;76,00;I1_R76_V0_T35;0,00;35,00;5,00;4030,00;67,17;1,12;3130,00;21,71;10,00;43112,00;47142,00
1,00;76,00;I1_R76_V0_T58;0,00;58,00;16,00;9105,00;151,75;2,53;6225,00;43,17;27,00;47273,00;56378,00
1,00;76,00;I1_R76_V0_T100;0,00;100,00;10,00;4813,00;80,22;1,34;3013,00;20,89;16,00;56378,00;61191,00
1,00;76,00;I1_R76_V1_T15;1,00;15,00;3,00;4958,00;82,63;1,38;4418,00;30,67;4,00;32755,00;37713,00
1,00;76,00;I1_R76_V1_T28;1,00;28,00;6,00;3532,00;58,87;0,98;2452,00;17,00;11,00;37713,00;41245,00
1,00;76,00;I1_R76_V1_T49;1,00;49,00;22,00;11757,00;195,95;3,27;7797,00;54,05;35,00;41384,00;53141,00
1,00;76,00;I1_R76_V1_T87;1,00;87,00;13,00;8037,00;133,95;2,23;5697,00;39,52;22,00;53141,00;61178,00
1,00;76,00;I1_R76_V2_T10;2,00;10,00;1,00;4920,00;82,00;1,37;4740,00;32,92;2,00;32457,00;37377,00
1,00;76,00;I1_R76_V2_T23;2,00;23,00;13,00;8807,00;146,78;2,45;6467,00;44,86;25,00;38006,00;46813,00
1,00;76,00;I1_R76_V2_T75;2,00;75,00;17,00;8195,00;136,58;2,28;5135,00;35,59;24,00;46813,00;55008,00
1,00;76,00;I1_R76_V2_T180;2,00;180,00;11,00;6137,00;102,28;1,70;4157,00;28,84;22,00;55015,00;61152,00
1,00;77,00;I1_R77_V0_T10;0,00;10,00;5,00;4939,00;82,32;1,37;4039,00;28,02;8,00;34462,00;39401,00
1,00;77,00;I1_R77_V0_T11;0,00;11,00;10,00;5727,00;95,45;1,59;3927,00;27,23;17,00;39482,00;45209,00
1,00;77,00;I1_R77_V0_T12;0,00;12,00;4,00;2455,00;40,92;0,68;1735,00;12,03;8,00;45209,00;47664,00
1,00;77,00;I1_R77_V0_T36;0,00;36,00;12,00;7115,00;118,58;1,98;4955,00;34,36;19,00;47722,00;54837,00
1,00;77,00;I1_R77_V0_T45;0,00;45,00;12,00;6282,00;104,70;1,75;4122,00;28,59;21,00;54837,00;61119,00
1,00;77,00;I1_R77_V1_T1;1,00;1,00;1,00;3212,00;53,53;0,89;3032,00;21,06;2,00;32839,00;36051,00
1,00;77,00;I1_R77_V1_T10;1,00;10,00;11,00;7087,00;118,12;1,97;5107,00;35,42;19,00;36553,00;43640,00
1,00;77,00;I1_R77_V1_T24;1,00;24,00;25,00;10809,00;180,15;3,00;6309,00;43,72;40,00;43640,00;54449,00
1,00;77,00;I1_R77_V1_T27;1,00;27,00;13,00;6352,00;105,87;1,76;4012,00;27,82;24,00;54449,00;60801,00
1,00;77,00;I1_R77_V2_T5;2,00;5,00;7,00;6233,00;103,88;1,73;4973,00;34,50;9,00;33697,00;39930,00
1,00;77,00;I1_R77_V2_T20;2,00;20,00;30,00;14495,00;241,58;4,03;9095,00;63,06;41,00;39996,00;54491,00
1,00;77,00;I1_R77_V2_T22;2,00;22,00;13,00;6632,00;110,53;1,84;4292,00;29,77;20,00;54491,00;61123,00
1,00;78,00;I1_R78_V0_T7;0,00;7,00;9,00;7488,00;124,80;2,08;5296,00;36,72;15,00;35090,00;42578,00
1,00;78,00;I1_R78_V0_T11;0,00;11,00;12,00;6634,00;110,57;1,84;4474,00;31,03;22,00;42578,00;49212,00
1,00;78,00;I1_R78_V0_T69;0,00;69,00;12,00;6029,00;100,48;1,67;3869,00;26,82;18,00;49212,00;55241,00
1,00;78,00;I1_R78_V0_T73;0,00;73,00;11,00;5925,00;98,75;1,65;3945,00;27,35;21,00;55245,00;61170,00
1,00;78,00;I1_R78_V1_T0;1,00;0,00;11,00;8642,00;144,03;2,40;6662,00;46,22;17,00;34680,00;43322,00
1,00;78,00;I1_R78_V1_T3;1,00;3,00;9,00;5630,00;93,83;1,56;4010,00;27,81;15,00;43322,00;48952,00
1,00;78,00;I1_R78_V1_T162;1,00;162,00;12,00;6802,00;113,37;1,89;4642,00;32,19;23,00;48952,00;55754,00
1,00;78,00;I1_R78_V1_T206;1,00;206,00;9,00;5371,00;89,52;1,49;3751,00;26,01;16,00;55754,00;61125,00
1,00;78,00;I1_R78_V2_T2;2,00;2,00;1,00;1174,00;19,57;0,33;994,00;6,90;1,00;32400,00;33574,00
1,00;78,00;I1_R78_V2_T37;2,00;37,00;2,00;3725,00;62,08;1,03;2856,00;19,82;3,00;33574,00;37299,00
1,00;78,00;I1_R78_V2_T53;2,00;53,00;13,00;7713,00;128,55;2,14;5373,00;37,26;20,00;37487,00;45200,00
1,00;78,00;I1_R78_V2_T74;2,00;74,00;15,00;6777,00;112,95;1,88;4077,00;28,26;21,00;45200,00;51977,00
1,00;78,00;I1_R78_V2_T159;2,00;159,00;17,00;9076,00;151,27;2,52;6016,00;41,71;26,00;51997,00;61073,00
1,00;79,00;I1_R79_V0_T74;0,00;74,00;3,00;4362,00;72,70;1,21;3822,00;26,52;3,00;32400,00;36762,00
1,00;79,00;I1_R79_V0_T141;0,00;141,00;18,00;10902,00;181,70;3,03;7608,00;52,77;25,00;36762,00;47664,00
1,00;79,00;I1_R79_V0_T147;0,00;147,00;13,00;5503,00;91,72;1,53;3163,00;21,91;20,00;47764,00;53267,00
1,00;79,00;I1_R79_V0_T210;0,00;210,00;17,00;7765,00;129,42;2,16;4705,00;32,62;30,00;53341,00;61106,00
1,00;79,00;I1_R79_V1_T15;1,00;15,00;9,00;7376,00;122,93;2,05;5284,00;36,67;12,00;33846,00;41222,00
1,00;79,00;I1_R79_V1_T20;1,00;20,00;10,00;6181,00;103,02;1,72;4381,00;30,39;15,00;41222,00;47403,00
1,00;79,00;I1_R79_V1_T67;1,00;67,00;17,00;9386,00;156,43;2,61;6326,00;43,88;32,00;47403,00;56789,00
1,00;79,00;I1_R79_V1_T79;1,00;79,00;8,00;4256,00;70,93;1,18;2816,00;19,53;14,00;56789,00;61045,00
1,00;79,00;I1_R79_V2_T30;2,00;30,00;9,00;6297,00;104,95;1,75;4677,00;32,44;14,00;35238,00;41535,00
1,00;79,00;I1_R79_V2_T62;2,00;62,00;13,00;7560,00;126,00;2,10;5220,00;36,19;23,00;41646,00;49206,00
1,00;79,00;I1_R79_V2_T78;2,00;78,00;6,00;3053,00;50,88;0,85;1973,00;13,68;11,00;49206,00;52259,00
1,00;79,00;I1_R79_V2_T101;2,00;101,00;17,00;8424,00;140,40;2,34;5364,00;37,18;30,00;52259,00;60683,00
1,00;80,00;I1_R80_V0_T9;0,00;9,00;6,00;6543,00;109,05;1,82;5463,00;37,92;8,00;33112,00;39655,00
1,00;80,00;I1_R80_V0_T52;0,00;52,00;11,00;7661,00;127,68;2,13;5681,00;39,40;18,00;40043,00;47704,00
1,00;80,00;I1_R80_V0_T78;0,00;78,00;16,00;7120,00;118,67;1,98;4240,00;29,39;24,00;47704,00;54824,00
1,00;80,00;I1_R80_V0_T96;0,00;96,00;15,00;6262,00;104,37;1,74;3562,00;24,69;26,00;54833,00;61095,00
1,00;80,00;I1_R80_V1_T10;1,00;10,00;10,00;6205,00;103,42;1,72;4364,00;30,26;13,00;35502,00;41707,00
1,00;80,00;I1_R80_V1_T78;1,00;78,00;2,00;1437,00;23,95;0,40;1077,00;7,47;4,00;41707,00;43144,00
1,00;80,00;I1_R80_V1_T95;1,00;95,00;16,00;9392,00;156,53;2,61;6512,00;45,15;28,00;43144,00;52536,00
1,00;80,00;I1_R80_V1_T98;1,00;98,00;17,00;8345,00;139,08;2,32;5285,00;36,64;26,00;52580,00;60925,00
1,00;80,00;I1_R80_V2_T5;2,00;5,00;3,00;3707,00;61,78;1,03;3167,00;21,98;6,00;33367,00;37074,00
1,00;80,00;I1_R80_V2_T6;2,00;6,00;10,00;6663,00;111,05;1,85;4863,00;33,73;16,00;37074,00;43737,00
1,00;80,00;I1_R80_V2_T11;2,00;11,00;15,00;8280,00;138,00;2,30;5580,00;38,68;26,00;43737,00;52017,00
1,00;80,00;I1_R80_V2_T16;2,00;16,00;16,00;8670,00;144,50;2,41;5790,00;40,15;27,00;52150,00;60820,00
1,00;81,00;I1_R81_V0_T4;0,00;4,00;3,00;5362,00;89,37;1,49;4822,00;33,47;4,00;32898,00;38260,00
1,00;81,00;I1_R81_V0_T28;0,00;28,00;12,00;6940,00;115,67;1,93;4780,00;33,14;19,00;38501,00;45441,00
1,00;81,00;I1_R81_V0_T256;0,00;256,00;24,00;10845,00;180,75;3,01;6525,00;45,23;36,00;45441,00;56286,00
1,00;81,00;I1_R81_V0_T271;0,00;271,00;8,00;4686,00;78,10;1,30;3246,00;22,51;15,00;56286,00;60972,00
1,00;81,00;I1_R81_V1_T44;1,00;44,00;8,00;7787,00;129,78;2,16;6347,00;44,05;12,00;33935,00;41722,00
1,00;81,00;I1_R81_V1_T48;1,00;48,00;10,00;5408,00;90,13;1,50;3608,00;25,03;20,00;41722,00;47130,00
1,00;81,00;I1_R81_V1_T50;1,00;50,00;9,00;4862,00;81,03;1,35;3242,00;22,48;16,00;47130,00;51992,00
1,00;81,00;I1_R81_V1_T56;1,00;56,00;19,00;9185,00;153,08;2,55;5765,00;39,96;30,00;51992,00;61177,00
1,00;81,00;I1_R81_V2_T0;2,00;0,00;6,00;6098,00;101,63;1,69;5018,00;34,83;10,00;34678,00;40776,00
1,00;81,00;I1_R81_V2_T3;2,00;3,00;21,00;11207,00;186,78;3,11;7427,00;51,51;33,00;40776,00;51983,00
1,00;81,00;I1_R81_V2_T6;2,00;6,00;21,00;8968,00;149,47;2,49;5188,00;35,95;31,00;51983,00;60951,00
1,00;82,00;I1_R82_V0_T16;0,00;16,00;1,00;910,00;15,17;0,25;730,00;5,06;2,00;33668,00;34578,00
1,00;82,00;I1_R82_V0_T39;0,00;39,00;10,00;6886,00;114,77;1,91;5086,00;35,28;15,00;34876,00;41762,00
1,00;82,00;I1_R82_V0_T40;0,00;40,00;5,00;4094,00;68,23;1,14;3194,00;22,17;10,00;41762,00;45856,00
1,00;82,00;I1_R82_V0_T95;0,00;95,00;15,00;7353,00;122,55;2,04;4653,00;32,25;25,00;45957,00;53310,00
1,00;82,00;I1_R82_V0_T105;0,00;105,00;13,00;7842,00;130,70;2,18;5502,00;38,16;23,00;53318,00;61160,00
1,00;82,00;I1_R82_V1_T26;1,00;26,00;5,00;4086,00;68,10;1,14;2737,00;18,99;5,00;32400,00;36486,00
1,00;82,00;I1_R82_V1_T28;1,00;28,00;10,00;5809,00;96,82;1,61;4009,00;27,81;16,00;37280,00;43089,00
1,00;82,00;I1_R82_V1_T81;1,00;81,00;15,00;8500,00;141,67;2,36;5800,00;40,23;23,00;43089,00;51589,00
1,00;82,00;I1_R82_V1_T83;1,00;83,00;21,00;9581,00;159,68;2,66;5801,00;40,20;32,00;51589,00;61170,00
1,00;82,00;I1_R82_V2_T49;2,00;49,00;5,00;4386,00;73,10;1,22;3486,00;24,18;7,00;32973,00;37359,00
1,00;82,00;I1_R82_V2_T58;2,00;58,00;11,00;7582,00;126,37;2,11;5602,00;38,87;18,00;37403,00;44985,00
1,00;82,00;I1_R82_V2_T87;2,00;87,00;12,00;7140,00;119,00;1,98;4980,00;34,54;22,00;45011,00;52151,00
1,00;82,00;I1_R82_V2_T100;2,00;100,00;20,00;9030,00;150,50;2,51;5430,00;37,64;35,00;52151,00;61181,00
1,00;83,00;I1_R83_V0_T24;0,00;24,00;1,00;1888,00;31,47;0,52;1708,00;11,85;1,00;32400,00;34288,00
1,00;83,00;I1_R83_V0_T85;0,00;85,00;8,00;5695,00;94,92;1,58;4255,00;29,52;16,00;36838,00;42533,00
1,00;83,00;I1_R83_V0_T99;0,00;99,00;23,00;11138,00;185,63;3,09;6998,00;48,51;36,00;42533,00;53671,00
1,00;83,00;I1_R83_V0_T114;0,00;114,00;13,00;7335,00;122,25;2,04;4995,00;34,64;20,00;53671,00;61006,00
1,00;83,00;I1_R83_V1_T19;1,00;19,00;8,00;5670,00;94,50;1,58;4230,00;29,35;12,00;34304,00;39974,00
1,00;83,00;I1_R83_V1_T72;1,00;72,00;10,00;5476,00;91,27;1,52;3676,00;25,48;15,00;39974,00;45450,00
1,00;83,00;I1_R83_V1_T105;1,00;105,00;19,00;8867,00;147,78;2,46;5447,00;37,76;32,00;45542,00;54409,00
1,00;83,00;I1_R83_V1_T136;1,00;136,00;15,00;6687,00;111,45;1,86;3987,00;27,64;25,00;54466,00;61153,00
1,00;83,00;I1_R83_V2_T1;2,00;1,00;10,00;7206,00;120,10;2,00;5406,00;37,50;15,00;34648,00;41854,00
1,00;83,00;I1_R83_V2_T6;2,00;6,00;10,00;5078,00;84,63;1,41;3278,00;22,73;17,00;41854,00;46932,00
1,00;83,00;I1_R83_V2_T10;2,00;10,00;8,00;5111,00;85,18;1,42;3671,00;25,47;13,00;46944,00;52055,00
1,00;83,00;I1_R83_V2_T13;2,00;13,00;17,00;9031,00;150,52;2,51;5971,00;41,42;29,00;52107,00;61138,00
1,00;84,00;I1_R84_V0_T104;0,00;104,00;2,00;1977,00;32,95;0,55;1617,00;11,21;4,00;37100,00;39077,00
1,00;84,00;I1_R84_V0_T220;0,00;220,00;23,00;12062,00;201,03;3,35;7493,00;51,96;35,00;39163,00;51225,00
1,00;84,00;I1_R84_V0_T272;0,00;272,00;16,00;9363,00;156,05;2,60;6483,00;44,96;25,00;51679,00;61042,00
1,00;84,00;I1_R84_V1_T32;1,00;32,00;2,00;5067,00;84,45;1,41;4334,00;30,09;2,00;32400,00;37467,00
1,00;84,00;I1_R84_V1_T43;1,00;43,00;13,00;7113,00;118,55;1,98;4773,00;33,10;22,00;38328,00;45441,00
1,00;84,00;I1_R84_V1_T117;1,00;117,00;17,00;8093,00;134,88;2,25;5033,00;34,90;28,00;45716,00;53809,00
1,00;84,00;I1_R84_V1_T130;1,00;130,00;16,00;7156,00;119,27;1,99;4276,00;29,63;24,00;53809,00;60965,00
1,00;84,00;I1_R84_V2_T17;2,00;17,00;6,00;4483,00;74,72;1,25;3403,00;23,60;9,00;35635,00;40118,00
1,00;84,00;I1_R84_V2_T25;2,00;25,00;21,00;10472,00;174,53;2,91;6692,00;46,38;32,00;40532,00;51004,00
1,00;84,00;I1_R84_V2_T63;2,00;63,00;21,00;10128,00;168,80;2,81;6348,00;44,01;34,00;51004,00;61132,00
1,00;85,00;I1_R85_V0_T15;0,00;15,00;3,00;3461,00;57,68;0,96;2921,00;20,27;6,00;34077,00;37538,00
1,00;85,00;I1_R85_V0_T54;0,00;54,00;8,00;4379,00;72,98;1,22;2655,00;18,41;12,00;37798,00;42177,00
1,00;85,00;I1_R85_V0_T59;0,00;59,00;17,00;9101,00;151,68;2,53;6008,00;41,65;28,00;42288,00;51389,00
1,00;85,00;I1_R85_V0_T63;0,00;63,00;18,00;9702,00;161,70;2,70;6462,00;44,81;29,00;51389,00;61091,00
1,00;85,00;I1_R85_V1_T0;1,00;0,00;3,00;3783,00;63,05;1,05;3243,00;22,51;6,00;33069,00;36852,00
1,00;85,00;I1_R85_V1_T5;1,00;5,00;12,00;8298,00;138,30;2,31;6138,00;42,57;20,00;37232,00;45530,00
1,00;85,00;I1_R85_V1_T19;1,00;19,00;17,00;8653,00;144,22;2,40;5593,00;38,79;27,00;45530,00;54183,00
1,00;85,00;I1_R85_V1_T122;1,00;122,00;13,00;6931,00;115,52;1,93;4591,00;31,84;20,00;54183,00;61114,00
1,00;85,00;I1_R85_V2_T23;2,00;23,00;13,00;8233,00;137,22;2,29;5893,00;40,87;22,00;36722,00;44955,00
1,00;85,00;I1_R85_V2_T25;2,00;25,00;16,00;8993,00;149,88;2,50;6113,00;42,39;30,00;44955,00;53948,00
1,00;85,00;I1_R85_V2_T92;2,00;92,00;13,00;7240,00;120,67;2,01;4900,00;33,97;24,00;53948,00;61188,00
1,00;86,00;I1_R86_V0_T3;0,00;3,00;1,00;2856,00;47,60;0,79;2676,00;18,58;2,00;32866,00;35722,00
1,00;86,00;I1_R86_V0_T5;0,00;5,00;7,00;4155,00;69,25;1,15;2895,00;20,08;11,00;35722,00;39877,00
1,00;86,00;I1_R86_V0_T23;0,00;23,00;11,00;6509,00;108,48;1,81;4529,00;31,42;19,00;39877,00;46386,00
1,00;86,00;I1_R86_V0_T32;0,00;32,00;14,00;6857,00;114,28;1,90;4337,00;30,06;22,00;46386,00;53243,00
1,00;86,00;I1_R86_V0_T49;0,00;49,00;15,00;7434,00;123,90;2,07;4734,00;32,82;27,00;53243,00;60677,00
1,00;86,00;I1_R86_V1_T13;1,00;13,00;10,00;6042,00;100,70;1,68;4242,00;29,42;15,00;35071,00;41113,00
1,00;86,00;I1_R86_V1_T17;1,00;17,00;13,00;6437,00;107,28;1,79;4097,00;28,40;23,00;41504,00;47941,00
1,00;86,00;I1_R86_V1_T207;1,00;207,00;8,00;4430,00;73,83;1,23;2990,00;20,74;15,00;47941,00;52371,00
1,00;86,00;I1_R86_V1_T226;1,00;226,00;18,00;8803,00;146,72;2,45;5563,00;38,57;28,00;52371,00;61174,00
1,00;86,00;I1_R86_V2_T1;2,00;1,00;2,00;2192,00;36,53;0,61;1832,00;12,71;4,00;34621,00;36813,00
1,00;86,00;I1_R86_V2_T2;2,00;2,00;15,00;9158,00;152,63;2,54;6458,00;44,79;22,00;36813,00;45971,00
1,00;86,00;I1_R86_V2_T212;2,00;212,00;18,00;8870,00;147,83;2,46;5630,00;39,04;27,00;45971,00;54841,00
1,00;86,00;I1_R86_V2_T238;2,00;238,00;12,00;6333,00;105,55;1,76;4173,00;28,94;22,00;54841,00;61174,00
1,00;87,00;I1_R87_V0_T11;0,00;11,00;10,00;7782,00;129,70;2,16;5982,00;41,50;19,00;35963,00;43745,00
1,00;87,00;I1_R87_V0_T13;0,00;13,00;4,00;3222,00;53,70;0,90;2502,00;17,36;8,00;43745,00;46967,00
1,00;87,00;I1_R87_V0_T16;0,00;16,00;19,00;8267,00;137,78;2,30;4847,00;33,60;32,00;46967,00;55234,00
1,00;87,00;I1_R87_V0_T59;0,00;59,00;13,00;5955,00;99,25;1,65;3615,00;25,05;24,00;55234,00;61189,00
1,00;87,00;I1_R87_V1_T14;1,00;14,00;10,00;8211,00;136,85;2,28;6038,00;41,90;17,00;34858,00;43069,00
1,00;87,00;I1_R87_V1_T18;1,00;18,00;15,00;7883,00;131,38;2,19;5183,00;35,94;27,00;43366,00;51249,00
1,00;87,00;I1_R87_V1_T24;1,00;24,00;8,00;4016,00;66,93;1,12;2576,00;17,85;13,00;51249,00;55265,00
1,00;87,00;I1_R87_V1_T44;1,00;44,00;10,00;5801,00;96,68;1,61;4001,00;27,75;19,00;55265,00;61066,00
1,00;87,00;I1_R87_V2_T8;2,00;8,00;4,00;4442,00;74,03;1,23;3722,00;25,83;6,00;32710,00;37152,00
1,00;87,00;I1_R87_V2_T15;2,00;15,00;7,00;5305,00;88,42;1,47;4045,00;28,07;10,00;37376,00;42681,00
1,00;87,00;I1_R87_V2_T16;2,00;16,00;24,00;12009,00;200,15;3,34;7689,00;53,32;38,00;42681,00;54690,00
1,00;87,00;I1_R87_V2_T53;2,00;53,00;12,00;6292,00;104,87;1,75;4132,00;28,64;20,00;54690,00;60982,00
1,00;88,00;I1_R88_V0_T9;0,00;9,00;5,00;5250,00;87,50;1,46;4350,00;30,18;6,00;32670,00;37920,00
1,00;88,00;I1_R88_V0_T37;0,00;37,00;7,00;4796,00;79,93;1,33;3536,00;24,54;12,00;37920,00;42716,00
1,00;88,00;I1_R88_V0_T45;0,00;45,00;16,00;7600,00;126,67;2,11;4720,00;32,74;27,00;42855,00;50455,00
1,00;88,00;I1_R88_V0_T66;0,00;66,00;9,00;4582,00;76,37;1,27;2962,00;20,53;14,00;50455,00;55037,00
1,00;88,00;I1_R88_V0_T68;0,00;68,00;13,00;6134,00;102,23;1,70;3794,00;26,30;24,00;55037,00;61171,00
1,00;88,00;I1_R88_V1_T0;1,00;0,00;5,00;6567,00;109,45;1,82;5667,00;39,33;7,00;33479,00;40046,00
1,00;88,00;I1_R88_V1_T28;1,00;28,00;20,00;9961,00;166,02;2,77;6361,00;44,10;31,00;40046,00;50007,00
1,00;88,00;I1_R88_V1_T135;1,00;135,00;21,00;10495,00;174,92;2,92;6715,00;46,54;30,00;50259,00;60754,00
1,00;88,00;I1_R88_V2_T13;2,00;13,00;4,00;4541,00;75,68;1,26;3821,00;26,52;5,00;33209,00;37750,00
1,00;88,00;I1_R88_V2_T15;2,00;15,00;13,00;8174,00;136,23;2,27;5834,00;40,47;19,00;37750,00;45924,00
1,00;88,00;I1_R88_V2_T122;2,00;122,00;14,00;7551,00;125,85;2,10;5031,00;34,90;21,00;45924,00;53475,00
1,00;88,00;I1_R88_V2_T225;2,00;225,00;17,00;7489,00;124,82;2,08;4429,00;30,70;26,00;53475,00;60964,00
1,00;89,00;I1_R89_V0_T31;0,00;31,00;9,00;6336,00;105,60;1,76;4716,00;32,73;13,00;34084,00;40420,00
1,00;89,00;I1_R89_V0_T55;0,00;55,00;20,00;10802,00;180,03;3,00;7202,00;49,94;30,00;40420,00;51222,00
1,00;89,00;I1_R89_V0_T79;0,00;79,00;5,00;2998,00;49,97;0,83;2098,00;14,54;8,00;51222,00;54220,00
1,00;89,00;I1_R89_V0_T97;0,00;97,00;14,00;6671,00;111,18;1,85;4151,00;28,78;22,00;54435,00;61106,00
1,00;89,00;I1_R89_V1_T3;1,00;3,00;3,00;3184,00;53,07;0,88;2644,00;18,35;6,00;34162,00;37346,00
1,00;89,00;I1_R89_V1_T9;1,00;9,00;1,00;474,00;7,90;0,13;294,00;2,03;2,00;37346,00;37820,00
1,00;89,00;I1_R89_V1_T15;1,00;15,00;18,00;9529,00;158,82;2,65;6289,00;43,63;30,00;38548,00;48077,00
1,00;89,00;I1_R89_V1_T24;1,00;24,00;10,00;5288,00;88,13;1,47;3488,00;24,18;16,00;48077,00;53365,00
1,00;89,00;I1_R89_V1_T120;1,00;120,00;16,00;7752,00;129,20;2,15;4872,00;33,77;26,00;53365,00;61117,00
1,00;89,00;I1_R89_V2_T39;2,00;39,00;2,00;2905,00;48,42;0,81;2545,00;17,66;3,00;33450,00;36355,00
1,00;89,00;I1_R89_V2_T52;2,00;52,00;7,00;4946,00;82,43;1,37;3686,00;25,57;12,00;36355,00;41301,00
1,00;89,00;I1_R89_V2_T53;2,00;53,00;19,00;11005,00;183,42;3,06;7585,00;52,61;33,00;41461,00;52466,00
1,00;89,00;I1_R89_V2_T77;2,00;77,00;20,00;8613,00;143,55;2,39;5013,00;34,73;32,00;52480,00;61093,00
1,00;90,00;I1_R90_V0_T16;0,00;16,00;4,00;4405,00;73,42;1,22;3685,00;25,58;6,00;33012,00;37417,00
1,00;90,00;I1_R90_V0_T31;0,00;31,00;13,00;8160,00;136,00;2,27;5820,00;40,37;19,00;37417,00;45577,00
1,00;90,00;I1_R90_V0_T50;0,00;50,00;18,00;8668,00;144,47;2,41;5428,00;37,62;31,00;45577,00;54245,00
1,00;90,00;I1_R90_V0_T57;0,00;57,00;11,00;6887,00;114,78;1,91;4907,00;34,03;21,00;54245,00;61132,00
1,00;90,00;I1_R90_V1_T20;1,00;20,00;7,00;5926,00;98,77;1,65;4666,00;32,37;14,00;36201,00;42127,00
1,00;90,00;I1_R90_V1_T24;1,00;24,00;18,00;10242,00;170,70;2,85;7002,00;48,54;30,00;42127,00;52369,00
1,00;90,00;I1_R90_V1_T167;1,00;167,00;19,00;8584,00;143,07;2,38;5164,00;35,79;27,00;52369,00;60953,00
1,00;90,00;I1_R90_V2_T10;2,00;10,00;5,00;5779,00;96,32;1,61;4030,00;27,97;5,00;32400,00;38179,00
1,00;90,00;I1_R90_V2_T19;2,00;19,00;19,00;9571,00;159,52;2,66;6151,00;42,64;31,00;39137,00;48708,00
1,00;90,00;I1_R90_V2_T24;2,00;24,00;9,00;5025,00;83,75;1,40;3405,00;23,60;15,00;48833,00;53858,00
1,00;90,00;I1_R90_V2_T89;2,00;89,00;14,00;6967,00;116,12;1,94;4447,00;30,82;23,00;54039,00;61006,00
1,00;91,00;I1_R91_V0_T0;0,00;0,00;12,00;8825,00;147,08;2,45;6665,00;46,24;17,00;33861,00;42686,00
1,00;91,00;I1_R91_V0_T1;0,00;1,00;21,00;9779,00;162,98;2,72;5999,00;41,59;30,00;42770,00;52549,00
1,00;91,00;I1_R91_V0_T57;0,00;57,00;5,00;2228,00;37,13;0,62;1328,00;9,20;10,00;52549,00;54777,00
1,00;91,00;I1_R91_V0_T261;0,00;261,00;12,00;6387,00;106,45;1,77;4227,00;29,31;23,00;54777,00;61164,00
1,00;91,00;I1_R91_V1_T54;1,00;54,00;7,00;6231,00;103,85;1,73;4971,00;34,49;11,00;35564,00;41795,00
1,00;91,00;I1_R91_V1_T78;1,00;78,00;10,00;6900,00;115,00;1,92;5100,00;35,38;20,00;41795,00;48695,00
1,00;91,00;I1_R91_V1_T133;1,00;133,00;8,00;5381,00;89,68;1,49;3941,00;27,34;13,00;48695,00;54076,00
1,00;91,00;I1_R91_V1_T139;1,00;139,00;13,00;7104,00;118,40;1,97;4764,00;33,03;19,00;54076,00;61180,00
1,00;91,00;I1_R91_V2_T14;2,00;14,00;7,00;5166,00;86,10;1,44;3906,00;27,10;11,00;34705,00;39871,00
1,00;91,00;I1_R91_V2_T22;2,00;22,00;15,00;8486,00;141,43;2,36;5786,00;40,13;22,00;40269,00;48755,00
1,00;91,00;I1_R91_V2_T26;2,00;26,00;17,00;8010,00;133,50;2,23;4950,00;34,32;29,00;48755,00;56765,00
1,00;91,00;I1_R91_V2_T49;2,00;49,00;10,00;4331,00;72,18;1,20;2531,00;17,53;16,00;56765,00;61096,00
1,00;92,00;I1_R92_V0_T47;0,00;47,00;12,00;7949,00;132,48;2,21;5637,00;39,12;17,00;33856,00;41805,00
1,00;92,00;I1_R92_V0_T102;0,00;102,00;12,00;6634,00;110,57;1,84;4474,00;31,02;21,00;41805,00;48439,00
1,00;92,00;I1_R92_V0_T131;0,00;131,00;23,00;11336,00;188,93;3,15;7196,00;49,87;34,00;48507,00;59843,00
1,00;92,00;I1_R92_V0_T293;0,00;293,00;1,00;1208,00;20,13;0,34;1028,00;7,14;2,00;59843,00;61051,00
1,00;92,00;I1_R92_V1_T13;1,00;13,00;16,00;9216,00;153,60;2,56;6336,00;43,94;25,00;36350,00;45566,00
1,00;92,00;I1_R92_V1_T28;1,00;28,00;14,00;8591,00;143,18;2,39;6071,00;42,11;23,00;45600,00;54191,00
1,00;92,00;I1_R92_V1_T87;1,00;87,00;12,00;6388,00;106,47;1,77;4228,00;29,31;22,00;54674,00;61062,00
1,00;92,00;I1_R92_V2_T1;2,00;1,00;2,00;3141,00;52,35;0,87;2781,00;19,30;4,00;33859,00;37000,00
1,00;92,00;I1_R92_V2_T4;2,00;4,00;2,00;1829,00;30,48;0,51;1469,00;10,19;4,00;37000,00;38829,00
1,00;92,00;I1_R92_V2_T21;2,00;21,00;8,00;4277,00;71,28;1,19;2837,00;19,66;13,00;39024,00;43301,00
1,00;92,00;I1_R92_V2_T39;2,00;39,00;13,00;5607,00;93,45;1,56;3153,00;21,84;20,00;43301,00;48908,00
1,00;92,00;I1_R92_V2_T56;2,00;56,00;15,00;7385,00;123,08;2,05;4685,00;32,47;21,00;48908,00;56293,00
1,00;92,00;I1_R92_V2_T147;2,00;147,00;10,00;4879,00;81,32;1,36;3079,00;21,35;16,00;56293,00;61172,00
1,00;93,00;I1_R93_V0_T76;0,00;76,00;2,00;4556,00;75,93;1,27;4196,00;29,13;2,00;32400,00;36956,00
1,00;93,00;I1_R93_V0_T123;0,00;123,00;12,00;6917,00;115,28;1,92;4757,00;32,99;19,00;36956,00;43873,00
1,00;93,00;I1_R93_V0_T163;0,00;163,00;9,00;5448,00;90,80;1,51;3828,00;26,55;15,00;43873,00;49321,00
1,00;93,00;I1_R93_V0_T191;0,00;191,00;12,00;6521,00;108,68;1,81;4361,00;30,23;23,00;49321,00;55842,00
1,00;93,00;I1_R93_V0_T283;0,00;283,00;10,00;5274,00;87,90;1,47;3474,00;24,09;16,00;55842,00;61116,00
1,00;93,00;I1_R93_V1_T42;1,00;42,00;11,00;6168,00;102,80;1,71;4188,00;29,05;17,00;34800,00;40968,00
1,00;93,00;I1_R93_V1_T104;1,00;104,00;19,00;9796,00;163,27;2,72;6376,00;44,22;33,00;41231,00;51027,00
1,00;93,00;I1_R93_V1_T119;1,00;119,00;22,00;10107,00;168,45;2,81;6147,00;42,60;33,00;51027,00;61134,00
1,00;93,00;I1_R93_V2_T83;2,00;83,00;12,00;10287,00;171,45;2,86;7920,00;54,95;18,00;33532,00;43819,00
1,00;93,00;I1_R93_V2_T119;2,00;119,00;24,00;10223,00;170,38;2,84;5903,00;40,91;33,00;43819,00;54042,00
1,00;93,00;I1_R93_V2_T186;2,00;186,00;13,00;6872,00;114,53;1,91;4532,00;31,42;20,00;54253,00;61125,00
1,00;94,00;I1_R94_V0_T0;0,00;0,00;3,00;1778,00;29,63;0,49;1238,00;8,58;6,00;34413,00;36191,00
1,00;94,00;I1_R94_V0_T1;0,00;1,00;15,00;9617,00;160,28;2,67;6917,00;47,97;22,00;37154,00;46771,00
1,00;94,00;I1_R94_V0_T22;0,00;22,00;15,00;7697,00;128,28;2,14;4997,00;34,63;24,00;47156,00;54853,00
1,00;94,00;I1_R94_V0_T61;0,00;61,00;13,00;6325,00;105,42;1,76;3985,00;27,64;22,00;54853,00;61178,00
1,00;94,00;I1_R94_V1_T5;1,00;5,00;6,00;7026,00;117,10;1,95;5946,00;41,28;10,00;34151,00;41177,00
1,00;94,00;I1_R94_V1_T38;1,00;38,00;5,00;4068,00;67,80;1,13;3168,00;21,98;8,00;41177,00;45245,00
1,00;94,00;I1_R94_V1_T77;1,00;77,00;15,00;7657,00;127,62;2,13;4957,00;34,37;25,00;45245,00;52902,00
1,00;94,00;I1_R94_V1_T276;1,00;276,00;15,00;8209,00;136,82;2,28;5509,00;38,22;23,00;52985,00;61194,00
1,00;94,00;I1_R94_V2_T25;2,00;25,00;6,00;5349,00;89,15;1,49;3270,00;22,69;8,00;34216,00;39565,00
1,00;94,00;I1_R94_V2_T30;2,00;30,00;4,00;2754,00;45,90;0,77;2034,00;14,11;8,00;39808,00;42562,00
1,00;94,00;I1_R94_V2_T49;2,00;49,00;10,00;5843,00;97,38;1,62;4043,00;28,04;15,00;42562,00;48405,00
1,00;94,00;I1_R94_V2_T200;2,00;200,00;24,00;12762,00;212,70;3,55;8442,00;58,55;38,00;48405,00;61167,00
1,00;95,00;I1_R95_V0_T0;0,00;0,00;4,00;4942,00;82,37;1,37;4222,00;29,29;4,00;32400,00;37342,00
1,00;95,00;I1_R95_V0_T1;0,00;1,00;14,00;8275,00;137,92;2,30;5755,00;39,91;25,00;37342,00;45617,00
1,00;95,00;I1_R95_V0_T8;0,00;8,00;20,00;8755,00;145,92;2,43;5155,00;35,72;31,00;45617,00;54372,00
1,00;95,00;I1_R95_V0_T10;0,00;10,00;12,00;6719,00;111,98;1,87;4559,00;31,61;20,00;54372,00;61091,00
1,00;95,00;I1_R95_V1_T22;1,00;22,00;2,00;3849,00;64,15;1,07;3489,00;24,22;2,00;32400,00;36249,00
1,00;95,00;I1_R95_V1_T34;1,00;34,00;5,00;3017,00;50,28;0,84;2117,00;14,68;8,00;36841,00;39858,00
1,00;95,00;I1_R95_V1_T59;1,00;59,00;16,00;7443,00;124,05;2,07;4563,00;31,65;25,00;39858,00;47301,00
1,00;95,00;I1_R95_V1_T83;1,00;83,00;11,00;5716,00;95,27;1,59;3736,00;25,90;17,00;47336,00;53052,00
1,00;95,00;I1_R95_V1_T84;1,00;84,00;18,00;8146,00;135,77;2,26;4906,00;34,02;28,00;53052,00;61198,00
1,00;95,00;I1_R95_V2_T40;2,00;40,00;4,00;5451,00;90,85;1,51;4013,00;27,86;7,00;33269,00;38720,00
1,00;95,00;I1_R95_V2_T41;2,00;41,00;7,00;3755,00;62,58;1,04;2495,00;17,30;14,00;38720,00;42475,00
1,00;95,00;I1_R95_V2_T52;2,00;52,00;15,00;7706,00;128,43;2,14;5006,00;34,72;22,00;42475,00;50181,00
1,00;95,00;I1_R95_V2_T69;2,00;69,00;10,00;5201,00;86,68;1,44;3401,00;23,58;18,00;50181,00;55382,00
1,00;95,00;I1_R95_V2_T176;2,00;176,00;11,00;5766,00;96,10;1,60;3786,00;26,26;17,00;55382,00;61148,00
1,00;96,00;I1_R96_V0_T6;0,00;6,00;4,00;4521,00;75,35;1,26;3801,00;26,37;7,00;34362,00;38883,00
1,00;96,00;I1_R96_V0_T47;0,00;47,00;13,00;6681,00;111,35;1,86;4341,00;30,08;25,00;38883,00;45564,00
1,00;96,00;I1_R96_V0_T125;0,00;125,00;19,00;9529,00;158,82;2,65;6109,00;42,36;30,00;45564,00;55093,00
1,00;96,00;I1_R96_V0_T127;0,00;127,00;14,00;6035,00;100,58;1,68;3515,00;24,36;22,00;55093,00;61128,00
1,00;96,00;I1_R96_V1_T23;1,00;23,00;10,00;6315,00;105,25;1,75;4515,00;31,33;15,00;36618,00;42933,00
1,00;96,00;I1_R96_V1_T50;1,00;50,00;10,00;6097,00;101,62;1,69;4297,00;29,81;17,00;42933,00;49030,00
1,00;96,00;I1_R96_V1_T152;1,00;152,00;25,00;12059,00;200,98;3,35;7559,00;52,40;37,00;49034,00;61093,00
1,00;96,00;I1_R96_V2_T9;2,00;9,00;12,00;7351,00;122,52;2,04;5191,00;36,00;19,00;35967,00;43318,00
1,00;96,00;I1_R96_V2_T28;2,00;28,00;17,00;8555,00;142,58;2,38;5495,00;38,10;29,00;43413,00;51968,00
1,00;96,00;I1_R96_V2_T57;2,00;57,00;7,00;3586,00;59,77;1,00;2326,00;16,12;11,00;51968,00;55554,00
1,00;96,00;I1_R96_V2_T286;2,00;286,00;12,00;5521,00;92,02;1,53;3361,00;23,29;19,00;55554,00;61075,00
1,00;97,00;I1_R97_V0_T15;0,00;15,00;6,00;4278,00;71,30;1,19;3136,00;21,74;8,00;34280,00;38558,00
1,00;97,00;I1_R97_V0_T53;0,00;53,00;17,00;8317,00;138,62;2,31;5257,00;36,45;27,00;39124,00;47441,00
1,00;97,00;I1_R97_V0_T55;0,00;55,00;18,00;8979,00;149,65;2,49;5739,00;39,80;26,00;47441,00;56420,00
1,00;97,00;I1_R97_V0_T128;0,00;128,00;7,00;4635,00;77,25;1,29;3375,00;23,40;10,00;56420,00;61055,00
1,00;97,00;I1_R97_V1_T2;1,00;2,00;11,00;5979,00;99,65;1,66;3999,00;27,73;17,00;36469,00;42448,00
1,00;97,00;I1_R97_V1_T4;1,00;4,00;10,00;6112,00;101,87;1,70;4312,00;29,91;19,00;42448,00;48560,00
1,00;97,00;I1_R97_V1_T187;1,00;187,00;26,00;11927,00;198,78;3,31;7247,00;50,24;37,00;48842,00;60769,00
1,00;97,00;I1_R97_V2_T4;2,00;4,00;4,00;5338,00;88,97;1,48;2776,00;19,25;4,00;32400,00;37738,00
1,00;97,00;I1_R97_V2_T6;2,00;6,00;14,00;9076,00;151,27;2,52;6556,00;45,47;24,00;37738,00;46814,00
1,00;97,00;I1_R97_V2_T10;2,00;10,00;16,00;8444,00;140,73;2,35;5564,00;38,58;29,00;46969,00;55413,00
1,00;97,00;I1_R97_V2_T146;2,00;146,00;12,00;5738,00;95,63;1,59;3578,00;24,80;17,00;55413,00;61151,00
1,00;98,00;I1_R98_V0_T0;0,00;0,00;4,00;5494,00;91,57;1,53;4774,00;33,14;4,00;32400,00;37894,00
1,00;98,00;I1_R98_V0_T10;0,00;10,00;12,00;7090,00;118,17;1,97;4930,00;34,20;20,00;37961,00;45051,00
1,00;98,00;I1_R98_V0_T51;0,00;51,00;20,00;10157,00;169,28;2,82;6557,00;45,47;27,00;45051,00;55208,00
1,00;98,00;I1_R98_V0_T226;0,00;226,00;11,00;5983,00;99,72;1,66;4003,00;27,75;21,00;55208,00;61191,00
1,00;98,00;I1_R98_V1_T1;1,00;1,00;2,00;3992,00;66,53;1,11;3632,00;25,21;2,00;32400,00;36392,00
1,00;98,00;I1_R98_V1_T28;1,00;28,00;8,00;5878,00;97,97;1,63;4438,00;30,79;11,00;37176,00;43054,00
1,00;98,00;I1_R98_V1_T35;1,00;35,00;5,00;4133,00;68,88;1,15;3233,00;22,43;9,00;43054,00;47187,00
1,00;98,00;I1_R98_V1_T84;1,00;84,00;13,00;6833,00;113,88;1,90;4493,00;31,14;22,00;47187,00;54020,00
1,00;98,00;I1_R98_V1_T86;1,00;86,00;16,00;7156,00;119,27;1,99;4276,00;29,64;22,00;54020,00;61176,00
1,00;98,00;I1_R98_V2_T0;2,00;0,00;1,00;2112,00;35,20;0,59;1932,00;13,41;2,00;32425,00;34537,00
1,00;98,00;I1_R98_V2_T1;2,00;1,00;3,00;5035,00;83,92;1,40;4495,00;31,20;6,00;36014,00;41049,00
1,00;98,00;I1_R98_V2_T6;2,00;6,00;14,00;6978,00;116,30;1,94;4458,00;30,89;22,00;41049,00;48027,00
1,00;98,00;I1_R98_V2_T47;2,00;47,00;10,00;5448,00;90,80;1,51;3648,00;25,30;15,00;48027,00;53475,00
1,00;98,00;I1_R98_V2_T63;2,00;63,00;15,00;7561,00;126,02;2,10;4861,00;33,70;24,00;53481,00;61042,00
1,00;99,00;I1_R99_V0_T2;0,00;2,00;1,00;3480,00;58,00;0,97;3300,00;22,90;1,00;32400,00;35880,00
1,00;99,00;I1_R99_V0_T3;0,00;3,00;12,00;7685,00;128,08;2,13;5351,00;37,12;17,00;36476,00;44161,00
1,00;99,00;I1_R99_V0_T24;0,00;24,00;19,00;8721,00;145,35;2,42;5301,00;36,75;32,00;44537,00;53258,00
1,00;99,00;I1_R99_V0_T26;0,00;26,00;17,00;7774,00;129,57;2,16;4714,00;32,68;28,00;53258,00;61032,00
1,00;99,00;I1_R99_V1_T19;1,00;19,00;2,00;1442,00;24,03;0,40;1082,00;7,50;3,00;32663,00;34105,00
1,00;99,00;I1_R99_V1_T22;1,00;22,00;9,00;7134,00;118,90;1,98;5478,00;38,01;12,00;35016,00;42150,00
1,00;99,00;I1_R99_V1_T25;1,00;25,00;18,00;9817,00;163,62;2,73;6515,00;45,19;31,00;42150,00;51967,00
1,00;99,00;I1_R99_V1_T26;1,00;26,00;20,00;9185,00;153,08;2,55;5585,00;38,72;27,00;51967,00;61152,00
1,00;99,00;I1_R99_V2_T0;2,00;0,00;6,00;5656,00;94,27;1,57;4332,00;30,07;8,00;35122,00;40778,00
1,00;99,00;I1_R99_V2_T16;2,00;16,00;10,00;6411,00;106,85;1,78;4611,00;31,98;19,00;40899,00;47310,00
1,00;99,00;I1_R99_V2_T70;2,00;70,00;13,00;7460,00;124,33;2,07;5120,00;35,51;24,00;47310,00;54770,00
1,00;99,00;I1_R99_V2_T172;2,00;172,00;12,00;6389,00;106,48;1,77;4229,00;29,33;21,00;54810,00;61199,00
